Timestamp,Boresight,Jetson Detection,Rx Beam Index,Rx Beam Angle,Initial SNR (dB),Initial Max Power (dBm),Max Power (dBm),YOLO Time (s),Beam Sweep Time (s),Rx Beam Index (YOLO Predicted),Rx Beam Index (Selected),Adjustment Method,Beams Checked in Search,Adjusted Beam Index,Adjusted Beam Angle,SNR (dB),Offset Error,Beam Offset History
20250720_111733_264,-45,NO_RADIO,32,0,7.369468688964844,-95.32933807373047,-95.32933807373047,0.15636444091796875,0.10223102569580078,32,,CenterFallback,1,32,0,,,[]
20250720_111733_526,-45,NO_RADIO,32,0,6.782311877692592,-95.6165771484375,-95.6165771484375,0.0970602035522461,0.15624356269836426,32,,CenterFallback,1,32,0,,,[]
20250720_111733_781,-45,NO_RADIO,32,0,6.83498057238377,-95.32933807373047,-95.32933807373047,0.09201574325561523,0.10175132751464844,32,,CenterFallback,1,32,0,,,[]
20250720_111733_976,-45,NO_RADIO,32,0,7.211307047373069,-95.46879425048829,-95.46879425048829,0.0977177619934082,0.15830755233764648,32,,CenterFallback,1,32,0,,,[]
20250720_111734_234,-45,NO_RADIO,32,0,6.909637870795407,-95.43484497070312,-95.43484497070312,0.09199237823486328,0.10186052322387695,32,,CenterFallback,1,32,0,,,[]
20250720_111734_429,-45,NO_RADIO,32,0,6.889863767526023,-95.4705810546875,-95.4705810546875,0.10003542900085449,0.15844488143920898,32,,CenterFallback,1,32,0,,,[]
20250720_111734_690,-45,NO_RADIO,32,0,6.9293544493742445,-95.6165771484375,-95.6165771484375,0.09811878204345703,0.10186958312988281,32,,CenterFallback,1,32,0,,,[]
20250720_111734_891,-45,NO_RADIO,32,0,7.342028873183182,-95.2263412475586,-95.2263412475586,0.09879922866821289,0.15821099281311035,32,,CenterFallback,1,32,0,,,[]
20250720_111735_150,-45,NO_RADIO,32,0,6.865764993073839,-95.6165771484375,-95.6165771484375,0.09106040000915527,0.10182762145996094,32,,CenterFallback,1,32,0,,,[]
20250720_111735_344,-45,NO_RADIO,32,0,7.362668153316378,-95.32933807373047,-95.32933807373047,0.09709692001342773,0.1582343578338623,32,,CenterFallback,1,32,0,,,[]
20250720_111735_601,-45,NO_RADIO,32,0,6.657490169900029,-95.32933807373047,-95.32933807373047,0.0964365005493164,0.10178089141845703,32,,CenterFallback,1,32,0,,,[]
20250720_111735_801,-45,NO_RADIO,32,0,6.884940454693208,-95.6165771484375,-95.6165771484375,0.09645509719848633,0.15843415260314941,32,,CenterFallback,1,32,0,,,[]
20250720_111736_057,-45,NO_RADIO,32,0,7.208510340027061,-95.6165771484375,-95.6165771484375,0.09375190734863281,0.10179495811462402,32,,CenterFallback,1,32,0,,,[]
20250720_111736_254,-45,NO_RADIO,32,0,6.91138951604799,-95.6165771484375,-95.6165771484375,0.09490823745727539,0.15821003913879395,32,,CenterFallback,1,32,0,,,[]
20250720_111736_509,-45,NO_RADIO,32,0,6.879488337428825,-95.6165771484375,-95.6165771484375,0.09525704383850098,0.10175228118896484,32,,CenterFallback,1,32,0,,,[]
20250720_111736_707,-45,NO_RADIO,32,0,7.210335993490304,-95.4295696258545,-95.4295696258545,0.09992218017578125,0.15823793411254883,32,,CenterFallback,1,32,0,,,[]
20250720_111736_967,-45,NO_RADIO,32,0,7.2172812679880565,-95.32933807373047,-95.32933807373047,0.09064483642578125,0.1018531322479248,32,,CenterFallback,1,32,0,,,[]
20250720_111737_161,-44,NO_RADIO,32,0,7.350139123743745,-95.32933807373047,-95.32933807373047,0.10013365745544434,0.15821218490600586,32,,CenterFallback,1,32,0,,,[]
20250720_111737_421,-44,NO_RADIO,32,0,6.681859471218559,-95.76196441650391,-95.76196441650391,0.10002613067626953,0.10200667381286621,32,,CenterFallback,1,32,0,,,[]
20250720_111737_624,-44,NO_RADIO,32,0,6.934643137038819,-95.65385437011719,-95.65385437011719,0.08683013916015625,0.15823650360107422,32,,CenterFallback,1,32,0,,,[]
20250720_111737_871,-44,NO_RADIO,32,0,7.270518269415078,-95.22297401428223,-95.22297401428223,0.09348511695861816,0.10173153877258301,32,,CenterFallback,1,32,0,,,[]
20250720_111738_067,-44,NO_RADIO,32,0,6.70919228344755,-95.6165771484375,-95.6165771484375,0.09095191955566406,0.15810489654541016,32,,CenterFallback,1,32,0,,,[]
20250720_111738_318,-44,NO_RADIO,32,0,6.947414660461277,-95.2263412475586,-95.2263412475586,0.09203910827636719,0.10201621055603027,32,,CenterFallback,1,32,0,,,[]
20250720_111738_513,-44,NO_RADIO,32,0,6.940969581174073,-95.6165771484375,-95.6165771484375,0.09931826591491699,0.15822696685791016,32,,CenterFallback,1,32,0,,,[]
20250720_111738_772,-44,NO_RADIO,32,0,7.256790079747361,-95.43484497070312,-95.43484497070312,0.10096192359924316,0.10189080238342285,32,,CenterFallback,1,32,0,,,[]
20250720_111738_977,-44,NO_RADIO,32,0,6.9335437259211545,-95.6165771484375,-95.6165771484375,0.09816646575927734,0.15811681747436523,32,,CenterFallback,1,32,0,,,[]
20250720_111739_234,-44,NO_RADIO,32,0,6.679503276061567,-95.76196441650391,-95.76196441650391,0.09610152244567871,0.10178446769714355,32,,CenterFallback,1,32,0,,,[]
20250720_111739_434,-44,NO_RADIO,32,0,6.702117296073993,-95.65385437011719,-95.65385437011719,0.10234761238098145,0.15828967094421387,32,,CenterFallback,1,32,0,,,[]
20250720_111739_696,-44,NO_RADIO,32,0,7.253901803498351,-95.15899658203125,-95.15899658203125,0.09329724311828613,0.10178279876708984,32,,CenterFallback,1,32,0,,,[]
20250720_111739_892,-44,NO_RADIO,32,0,6.884127523439119,-95.60927734375001,-95.60927734375001,0.09616661071777344,0.15815496444702148,32,,CenterFallback,1,32,0,,,[]
20250720_111740_148,-44,NO_RADIO,32,0,6.683431165122258,-95.65385437011719,-95.65385437011719,0.09191679954528809,0.10178279876708984,32,,CenterFallback,1,32,0,,,[]
20250720_111740_343,-44,NO_RADIO,32,0,7.255715098372207,-95.32933807373047,-95.32933807373047,0.09864473342895508,0.15816116333007812,32,,CenterFallback,1,32,0,,,[]
20250720_111740_602,-44,NO_RADIO,32,0,6.669427755432423,-95.65385437011719,-95.65385437011719,0.09274554252624512,0.10193395614624023,32,,CenterFallback,1,32,0,,,[]
20250720_111740_798,-44,NO_RADIO,32,0,7.2804274732853,-95.2263412475586,-95.2263412475586,0.09865880012512207,0.15822362899780273,32,,CenterFallback,1,32,0,,,[]
20250720_111741_056,-43,NO_RADIO,32,0,6.861390884256636,-95.6165771484375,-95.6165771484375,0.09564661979675293,0.10179328918457031,32,,CenterFallback,1,32,0,,,[]
20250720_111741_255,-43,NO_RADIO,32,0,6.874380681418103,-95.65199050903321,-95.65199050903321,0.09777426719665527,0.1581737995147705,32,,CenterFallback,1,32,0,,,[]
20250720_111741_513,-43,NO_RADIO,32,0,6.9201943990654655,-95.43484497070312,-95.43484497070312,0.09768486022949219,0.10178947448730469,32,,CenterFallback,1,32,0,,,[]
20250720_111741_713,-43,NO_RADIO,32,0,6.920544592797114,-95.65385437011719,-95.65385437011719,0.09488725662231445,0.15831851959228516,32,,CenterFallback,1,32,0,,,[]
20250720_111741_968,-43,NO_RADIO,32,0,6.919090333442085,-95.6165771484375,-95.6165771484375,0.09260296821594238,0.10177850723266602,32,,CenterFallback,1,32,0,,,[]
20250720_111742_164,-43,NO_RADIO,32,0,6.672660952140006,-96.04537200927734,-96.04537200927734,0.09604334831237793,0.15810203552246094,32,,CenterFallback,1,32,0,,,[]
20250720_111742_420,-43,NO_RADIO,32,0,6.701472858708144,-95.65385437011719,-95.65385437011719,0.09387516975402832,0.10191774368286133,32,,CenterFallback,1,32,0,,,[]
20250720_111742_617,-43,NO_RADIO,32,0,6.875989336244089,-95.60927734375001,-95.60927734375001,0.08730125427246094,0.15819263458251953,32,,CenterFallback,1,32,0,,,[]
20250720_111742_864,-43,NO_RADIO,32,0,6.679127036676789,-95.65385437011719,-95.65385437011719,0.09723305702209473,0.10177206993103027,32,,CenterFallback,1,32,0,,,[]
20250720_111743_064,-43,NO_RADIO,32,0,6.685775471449986,-95.76765441894531,-95.76765441894531,0.09601473808288574,0.1582193374633789,32,,CenterFallback,1,32,0,,,[]
20250720_111743_320,-43,NO_RADIO,32,0,6.934185007672255,-95.6165771484375,-95.6165771484375,0.10006451606750488,0.10171389579772949,32,,CenterFallback,1,32,0,,,[]
20250720_111743_523,-43,NO_RADIO,32,0,6.904865038408076,-95.60927734375001,-95.60927734375001,0.0982046127319336,0.1583724021911621,32,,CenterFallback,1,32,0,,,[]
20250720_111743_781,-43,NO_RADIO,32,0,6.900713746360736,-95.4705810546875,-95.4705810546875,0.09467053413391113,0.10174059867858887,32,,CenterFallback,1,32,0,,,[]
20250720_111743_979,-43,NO_RADIO,32,0,6.909547415800105,-95.65385437011719,-95.65385437011719,0.09927582740783691,0.1581566333770752,32,,CenterFallback,1,32,0,,,[]
20250720_111744_238,-43,NO_RADIO,32,0,6.965557422268716,-95.4705810546875,-95.4705810546875,0.0974879264831543,0.1017615795135498,32,,CenterFallback,1,32,0,,,[]
20250720_111744_439,-43,NO_RADIO,32,0,6.962226352698025,-95.65385437011719,-95.65385437011719,0.1025686264038086,0.15822148323059082,32,,CenterFallback,1,32,0,,,[]
20250720_111744_701,-43,NO_RADIO,32,0,7.3292417843646405,-95.15899658203125,-95.15899658203125,0.09502029418945312,0.10182666778564453,32,,CenterFallback,1,32,0,,,[]
20250720_111744_899,-43,NO_RADIO,32,0,6.995261652417767,-95.32933807373047,-95.32933807373047,0.09244465827941895,0.15828180313110352,32,,CenterFallback,1,32,0,,,[]
20250720_111745_151,-42,NO_RADIO,32,0,6.716123810682021,-95.65385437011719,-95.65385437011719,0.09142708778381348,0.1020517349243164,32,,CenterFallback,1,32,0,,,[]
20250720_111745_346,-42,NO_RADIO,32,0,6.9183068515840915,-95.4705810546875,-95.4705810546875,0.09677505493164062,0.1582334041595459,32,,CenterFallback,1,32,0,,,[]
20250720_111745_603,-42,NO_RADIO,32,0,6.584660425772299,-95.76765441894531,-95.76765441894531,0.09514284133911133,0.10182023048400879,32,,CenterFallback,1,32,0,,,[]
20250720_111745_801,-42,NO_RADIO,32,0,7.432065660003133,-95.32933807373047,-95.32933807373047,0.09256339073181152,0.1582939624786377,32,,CenterFallback,1,32,0,,,[]
20250720_111746_054,-42,NO_RADIO,32,0,6.730757785629493,-95.76765441894531,-95.76765441894531,0.09413814544677734,0.10187268257141113,32,,CenterFallback,1,32,0,,,[]
20250720_111746_251,-42,NO_RADIO,32,0,6.981437171873665,-95.32933807373047,-95.32933807373047,0.09205198287963867,0.15828895568847656,32,,CenterFallback,1,32,0,,,[]
20250720_111746_503,-42,NO_RADIO,32,0,7.433739357046107,-95.15899658203125,-95.15899658203125,0.09363245964050293,0.10175204277038574,32,,CenterFallback,1,32,0,,,[]
20250720_111746_700,-42,NO_RADIO,32,0,7.2941242250165885,-95.2263412475586,-95.2263412475586,0.09550356864929199,0.1582350730895996,32,,CenterFallback,1,32,0,,,[]
20250720_111746_955,-42,NO_RADIO,32,0,6.920889256577112,-95.76765441894531,-95.76765441894531,0.09460854530334473,0.1017911434173584,32,,CenterFallback,1,32,0,,,[]
20250720_111747_153,-42,NO_RADIO,32,0,6.722023625195973,-95.76765441894531,-95.76765441894531,0.09783649444580078,0.15820932388305664,32,,CenterFallback,1,32,0,,,[]
20250720_111747_410,-42,NO_RADIO,32,0,6.749023177748342,-95.65199050903321,-95.65199050903321,0.10108017921447754,0.10185432434082031,32,,CenterFallback,1,32,0,,,[]
20250720_111747_615,-42,NO_RADIO,32,0,6.930754490443292,-95.4705810546875,-95.4705810546875,0.0968167781829834,0.15831398963928223,32,,CenterFallback,1,32,0,,,[]
20250720_111747_871,-42,NO_RADIO,32,0,6.738307003159662,-95.76765441894531,-95.76765441894531,0.09883546829223633,0.1018366813659668,32,,CenterFallback,1,32,0,,,[]
20250720_111748_073,-42,NO_RADIO,32,0,7.31210270199,-95.32933807373047,-95.32933807373047,0.09788799285888672,0.1582026481628418,32,,CenterFallback,1,32,0,,,[]
20250720_111748_331,-42,NO_RADIO,32,0,6.986685987775985,-95.4705810546875,-95.4705810546875,0.09206676483154297,0.10180783271789551,32,,CenterFallback,1,32,0,,,[]
20250720_111748_526,-42,NO_RADIO,32,0,6.745624882670853,-95.9241714477539,-95.9241714477539,0.08684802055358887,0.15825295448303223,32,,CenterFallback,1,32,0,,,[]
20250720_111748_773,-42,NO_RADIO,32,0,6.7456147508471815,-95.76765441894531,-95.76765441894531,0.09781002998352051,0.1017916202545166,32,,CenterFallback,1,32,0,,,[]
20250720_111748_974,-41,NO_RADIO,32,0,6.746208338293528,-95.65385437011719,-95.65385437011719,0.10106849670410156,0.15824222564697266,32,,CenterFallback,1,32,0,,,[]
20250720_111749_235,-41,NO_RADIO,32,0,7.359165624644348,-95.4295696258545,-95.4295696258545,0.09276270866394043,0.10185623168945312,32,,CenterFallback,1,32,0,,,[]
20250720_111749_431,-41,NO_RADIO,32,0,6.94139588934209,-95.6165771484375,-95.6165771484375,0.09140276908874512,0.1582024097442627,32,,CenterFallback,1,32,0,,,[]
20250720_111749_682,-41,NO_RADIO,32,0,7.319812027037756,-95.4295696258545,-95.4295696258545,0.09818005561828613,0.10174846649169922,32,,CenterFallback,1,32,0,,,[]
20250720_111749_883,-41,NO_RADIO,32,0,6.746604400165083,-95.65385437011719,-95.65385437011719,0.09518074989318848,0.1581566333770752,32,,CenterFallback,1,32,0,,,[]
20250720_111750_138,-41,NO_RADIO,32,0,6.991646891056547,-95.32933807373047,-95.32933807373047,0.09739351272583008,0.10178303718566895,32,,CenterFallback,1,32,0,,,[]
20250720_111750_339,-41,NO_RADIO,32,0,6.7437310069192336,-95.6165771484375,-95.6165771484375,0.09597969055175781,0.15819406509399414,32,,CenterFallback,1,32,0,,,[]
20250720_111750_594,-41,NO_RADIO,32,0,7.314532567066436,-95.65385437011719,-95.65385437011719,0.09454035758972168,0.10177469253540039,32,,CenterFallback,1,32,0,,,[]
20250720_111750_792,-41,NO_RADIO,32,0,7.505224452927649,-94.93123626708984,-94.93123626708984,0.0996096134185791,0.15816020965576172,32,,CenterFallback,1,32,0,,,[]
20250720_111751_051,-41,NO_RADIO,32,0,6.99082697406584,-95.32933807373047,-95.32933807373047,0.08836722373962402,0.10180377960205078,32,,CenterFallback,1,32,0,,,[]
20250720_111751_243,-41,NO_RADIO,32,0,6.990417003513045,-95.60927734375001,-95.60927734375001,0.09790897369384766,0.15814828872680664,32,,CenterFallback,1,32,0,,,[]
20250720_111751_500,-41,NO_RADIO,32,0,6.745871016491748,-95.9241714477539,-95.9241714477539,0.09006953239440918,0.10180401802062988,32,,CenterFallback,1,32,0,,,[]
20250720_111751_694,-41,NO_RADIO,32,0,6.992396347473033,-95.6165771484375,-95.6165771484375,0.09946417808532715,0.15839147567749023,32,,CenterFallback,1,32,0,,,[]
20250720_111751_953,-41,NO_RADIO,32,0,6.940978248724662,-95.6165771484375,-95.6165771484375,0.09399843215942383,0.1018223762512207,32,,CenterFallback,1,32,0,,,[]
20250720_111752_150,-41,NO_RADIO,32,0,7.440220396249416,-95.2263412475586,-95.2263412475586,0.09611368179321289,0.1581871509552002,32,,CenterFallback,1,32,0,,,[]
20250720_111752_406,-41,NO_RADIO,32,0,6.735241534313801,-95.76765441894531,-95.76765441894531,0.09867572784423828,0.10189604759216309,32,,CenterFallback,1,32,0,,,[]
20250720_111752_608,-41,NO_RADIO,32,0,6.736253466240768,-95.76765441894531,-95.76765441894531,0.09812188148498535,0.15828919410705566,32,,CenterFallback,1,32,0,,,[]
20250720_111752_866,-41,NO_RADIO,32,0,6.938393465476025,-95.4705810546875,-95.4705810546875,0.09664559364318848,0.10181736946105957,32,,CenterFallback,1,32,0,,,[]
20250720_111753_066,-40,NO_RADIO,32,0,6.9901706985002505,-95.32933807373047,-95.32933807373047,0.09961724281311035,0.158158540725708,32,,CenterFallback,1,32,0,,,[]
20250720_111753_325,-40,NO_RADIO,32,0,7.447126595460816,-95.32933807373047,-95.32933807373047,0.09463906288146973,0.10176396369934082,32,,CenterFallback,1,32,0,,,[]
20250720_111753_523,-40,NO_RADIO,32,0,7.310785061559955,-95.43484497070312,-95.43484497070312,0.09817981719970703,0.15820693969726562,32,,CenterFallback,1,32,0,,,[]
20250720_111753_781,-40,NO_RADIO,32,0,6.9841950954543535,-95.6165771484375,-95.6165771484375,0.09555959701538086,0.10168337821960449,32,,CenterFallback,1,32,0,,,[]
20250720_111753_979,-40,NO_RADIO,32,0,6.985760332535818,-95.43484497070312,-95.43484497070312,0.09563040733337402,0.15812182426452637,32,,CenterFallback,1,32,0,,,[]
20250720_111754_234,-40,NO_RADIO,32,0,7.353030958883522,-95.32933807373047,-95.32933807373047,0.0892190933227539,0.10181570053100586,32,,CenterFallback,1,32,0,,,[]
20250720_111754_427,-40,NO_RADIO,32,0,6.9863877916964725,-95.65385437011719,-95.65385437011719,0.10343313217163086,0.15824055671691895,32,,CenterFallback,1,32,0,,,[]
20250720_111754_690,-40,NO_RADIO,32,0,7.307705074956445,-95.43484497070312,-95.43484497070312,0.09851241111755371,0.10173821449279785,32,,CenterFallback,1,32,0,,,[]
20250720_111754_892,-40,NO_RADIO,32,0,6.9783212122961515,-95.6165771484375,-95.6165771484375,0.09667325019836426,0.15819549560546875,32,,CenterFallback,1,32,0,,,[]
20250720_111755_148,-40,NO_RADIO,32,0,7.305867655992785,-95.4705810546875,-95.4705810546875,0.09728288650512695,0.1017446517944336,32,,CenterFallback,1,32,0,,,[]
20250720_111755_348,-40,NO_RADIO,32,0,6.984203106061756,-95.32933807373047,-95.32933807373047,0.09505796432495117,0.1580958366394043,32,,CenterFallback,1,32,0,,,[]
20250720_111755_603,-40,NO_RADIO,32,0,6.9350502928811295,-95.91634559631349,-95.91634559631349,0.09922623634338379,0.10190129280090332,32,,CenterFallback,1,32,0,,,[]
20250720_111755_806,-40,NO_RADIO,32,0,7.3525409668289115,-95.46879425048829,-95.46879425048829,0.09910225868225098,0.15825915336608887,32,,CenterFallback,1,32,0,,,[]
20250720_111756_064,-40,NO_RADIO,32,0,7.305037888236882,-95.43484497070312,-95.43484497070312,0.09557747840881348,0.10179305076599121,32,,CenterFallback,1,32,0,,,[]
20250720_111756_263,-40,NO_RADIO,32,0,7.303122583687184,-95.2263412475586,-95.2263412475586,0.09293413162231445,0.1582167148590088,32,,CenterFallback,1,32,0,,,[]
20250720_111756_516,-40,NO_RADIO,32,0,7.6049789746705585,-95.15899658203125,-95.15899658203125,0.0962529182434082,0.10184240341186523,32,,CenterFallback,1,32,0,,,[]
20250720_111756_715,-40,NO_RADIO,32,0,7.437798289511562,-95.32418823242188,-95.32418823242188,0.0978994369506836,0.15829086303710938,32,,CenterFallback,1,32,0,,,[]
20250720_111756_973,-40,NO_RADIO,32,0,7.432438538024613,-95.15899658203125,-95.15899658203125,0.09967255592346191,0.10184955596923828,32,,CenterFallback,1,32,0,,,[]
20250720_111757_176,-39,NO_RADIO,32,0,7.4755232535520975,-95.15899658203125,-95.15899658203125,0.0944526195526123,0.1585984230041504,32,,CenterFallback,1,32,0,,,[]
20250720_111757_431,-39,NO_RADIO,32,0,7.434677875659176,-95.22297401428223,-95.22297401428223,0.09241247177124023,0.10199356079101562,32,,CenterFallback,1,32,0,,,[]
20250720_111757_627,-39,NO_RADIO,32,0,7.4403871074530485,-95.15899658203125,-95.15899658203125,0.09745335578918457,0.15824675559997559,32,,CenterFallback,1,32,0,,,[]
20250720_111757_884,-39,NO_RADIO,32,0,7.442183396202452,-94.96305084228516,-94.96305084228516,0.09638786315917969,0.1017618179321289,32,,CenterFallback,1,32,0,,,[]
20250720_111758_084,-39,NO_RADIO,32,0,7.438143217297892,-95.2263412475586,-95.2263412475586,0.09537458419799805,0.15825772285461426,32,,CenterFallback,1,32,0,,,[]
20250720_111758_339,-39,NO_RADIO,32,0,7.6888751109218845,-94.96146011352539,-94.96146011352539,0.10081887245178223,0.10176515579223633,32,,CenterFallback,1,32,0,,,[]
20250720_111758_543,-39,NO_RADIO,32,0,7.475395508779883,-95.15899658203125,-95.15899658203125,0.09853672981262207,0.15826797485351562,32,,CenterFallback,1,32,0,,,[]
20250720_111758_801,-39,NO_RADIO,32,0,7.484073613070123,-94.93123626708984,-94.93123626708984,0.09520316123962402,0.10175061225891113,32,,CenterFallback,1,32,0,,,[]
20250720_111758_999,-39,NO_RADIO,32,0,7.674729589340686,-94.68475341796875,-94.68475341796875,0.09376907348632812,0.15825223922729492,32,,CenterFallback,1,32,0,,,[]
20250720_111759_253,-39,NO_RADIO,32,0,7.420443376497232,-95.15899658203125,-95.15899658203125,0.09110236167907715,0.10181689262390137,32,,CenterFallback,1,32,0,,,[]
20250720_111759_447,-39,NO_RADIO,32,0,7.587643164781923,-94.96305084228516,-94.96305084228516,0.09702801704406738,0.15813398361206055,32,,CenterFallback,1,32,0,,,[]
20250720_111759_704,-39,NO_RADIO,32,0,7.786982529338246,-94.93123626708984,-94.93123626708984,0.09603238105773926,0.10177183151245117,32,,CenterFallback,1,32,0,,,[]
20250720_111759_903,-39,NO_RADIO,32,0,7.664622840971589,-94.96146011352539,-94.96146011352539,0.09843969345092773,0.158219575881958,32,,CenterFallback,1,32,0,,,[]
20250720_111800_161,-39,NO_RADIO,32,0,7.413393285023858,-95.15899658203125,-95.15899658203125,0.0940854549407959,0.10177826881408691,32,,CenterFallback,1,32,0,,,[]
20250720_111800_358,-39,NO_RADIO,32,0,7.4123644671089295,-95.14919929504396,-95.14919929504396,0.09551858901977539,0.1582474708557129,32,,CenterFallback,1,32,0,,,[]
20250720_111800_614,-39,NO_RADIO,32,0,7.281291221711982,-95.43484497070312,-95.43484497070312,0.09875917434692383,0.10179901123046875,32,,CenterFallback,1,32,0,,,[]
20250720_111800_816,-39,NO_RADIO,32,0,7.411390104203491,-94.96305084228516,-94.96305084228516,0.10008740425109863,0.15816497802734375,32,,CenterFallback,1,32,0,,,[]
20250720_111801_075,-38,NO_RADIO,32,0,7.408922332832219,-95.15899658203125,-95.15899658203125,0.10006022453308105,0.10181427001953125,32,,CenterFallback,1,32,0,,,[]
20250720_111801_279,-38,NO_RADIO,32,0,8.546607854913319,-93.99015884399414,-93.99015884399414,0.0967099666595459,0.1581745147705078,32,,CenterFallback,1,32,0,,,[]
20250720_111801_535,-38,NO_RADIO,32,0,8.476838316894458,-94.33944702148438,-94.33944702148438,0.09551429748535156,0.10184288024902344,32,,CenterFallback,1,32,0,,,[]
20250720_111801_734,-38,NO_RADIO,32,0,8.231404452556546,-94.25724792480469,-94.25724792480469,0.08386445045471191,0.15816783905029297,32,,CenterFallback,1,32,0,,,[]
20250720_111801_977,-38,NO_RADIO,32,0,8.044149853399276,-94.65195274353027,-94.65195274353027,0.09923934936523438,0.10179734230041504,32,,CenterFallback,1,32,0,,,[]
20250720_111802_180,-38,NO_RADIO,32,0,8.095190804971779,-94.33944702148438,-94.33944702148438,0.09482073783874512,0.1582930088043213,32,,CenterFallback,1,32,0,,,[]
20250720_111802_434,-38,NO_RADIO,32,0,8.258589108389074,-94.25724792480469,-94.25724792480469,0.09465837478637695,0.1018362045288086,32,,CenterFallback,1,32,0,,,[]
20250720_111802_632,-38,NO_RADIO,32,0,8.074521276340391,-94.33944702148438,-94.33944702148438,0.09575724601745605,0.15816211700439453,32,,CenterFallback,1,32,0,,,[]
20250720_111802_888,-38,NO_RADIO,32,0,7.921623744054898,-94.65195274353027,-94.65195274353027,0.09959578514099121,0.10177969932556152,32,,CenterFallback,1,32,0,,,[]
20250720_111803_090,-38,NO_RADIO,32,0,7.762214054218262,-94.93123626708984,-94.93123626708984,0.1003110408782959,0.15811872482299805,32,,CenterFallback,1,32,0,,,[]
20250720_111803_350,-38,NO_RADIO,32,0,7.761458808979768,-94.68475341796875,-94.68475341796875,0.09489703178405762,0.10176753997802734,32,,CenterFallback,1,32,0,,,[]
20250720_111803_548,-38,NO_RADIO,32,0,8.24707373623771,-94.44591903686523,-94.44591903686523,0.09436964988708496,0.15821576118469238,32,,CenterFallback,1,32,0,,,[]
20250720_111803_802,-38,NO_RADIO,32,0,8.027766181351154,-94.56656646728516,-94.56656646728516,0.09768795967102051,0.10177421569824219,32,,CenterFallback,1,32,0,,,[]
20250720_111804_003,-38,NO_RADIO,32,0,8.030434568879116,-94.45152282714844,-94.45152282714844,0.09930682182312012,0.15828967094421387,32,,CenterFallback,1,32,0,,,[]
20250720_111804_262,-38,NO_RADIO,32,0,7.917924774488583,-94.68475341796875,-94.68475341796875,0.08218789100646973,0.10181283950805664,32,,CenterFallback,1,32,0,,,[]
20250720_111804_448,-38,NO_RADIO,32,0,8.355845285288183,-94.1500015258789,-94.1500015258789,0.09961152076721191,0.1582493782043457,32,,CenterFallback,1,32,0,,,[]
20250720_111804_707,-38,NO_RADIO,32,0,8.213249263674044,-94.56656646728516,-94.56656646728516,0.09993410110473633,0.10185098648071289,32,,CenterFallback,1,32,0,,,[]
20250720_111804_910,-38,NO_RADIO,32,0,8.061426119178037,-94.45152282714844,-94.45152282714844,0.09614801406860352,0.15819287300109863,32,,CenterFallback,1,32,0,,,[]
20250720_111805_166,-37,NO_RADIO,32,0,7.750436388275119,-94.68475341796875,-94.68475341796875,0.09651947021484375,0.10176444053649902,32,,CenterFallback,1,32,0,,,[]
20250720_111805_366,-37,NO_RADIO,32,0,8.96290462595826,-93.74571990966797,-93.74571990966797,0.09412765502929688,0.15819621086120605,32,,CenterFallback,1,32,0,,,[]
20250720_111805_620,-37,NO_RADIO,32,0,8.987782295137606,-93.62672424316406,-93.62672424316406,0.09091711044311523,0.10177731513977051,32,,CenterFallback,1,32,0,,,[]
20250720_111805_814,-37,NO_RADIO,32,0,8.707759949923314,-93.91798400878906,-93.91798400878906,0.09654068946838379,0.15827727317810059,32,,CenterFallback,1,32,0,,,[]
20250720_111806_070,-37,NO_RADIO,32,0,8.955689151605341,-93.62672424316406,-93.62672424316406,0.09390473365783691,0.10181140899658203,32,,CenterFallback,1,32,0,,,[]
20250720_111806_267,-37,NO_RADIO,32,0,8.734886908045596,-93.62672424316406,-93.62672424316406,0.09164166450500488,0.15832066535949707,32,,CenterFallback,1,32,0,,,[]
20250720_111806_519,-37,NO_RADIO,32,0,8.509242770301626,-93.99395751953125,-93.99395751953125,0.09873580932617188,0.10180497169494629,32,,CenterFallback,1,32,0,,,[]
20250720_111806_721,-37,NO_RADIO,32,0,8.438483275886625,-93.99395751953125,-93.99395751953125,0.09982800483703613,0.15820026397705078,32,,CenterFallback,1,32,0,,,[]
20250720_111806_980,-37,NO_RADIO,32,0,8.504068804298285,-93.62672424316406,-93.62672424316406,0.0962991714477539,0.1018061637878418,32,,CenterFallback,1,32,0,,,[]
20250720_111807_180,-37,NO_RADIO,32,0,8.700213560061968,-93.72166442871094,-93.72166442871094,0.0982208251953125,0.1580970287322998,32,,CenterFallback,1,32,0,,,[]
20250720_111807_438,-37,NO_RADIO,32,0,8.734079847006484,-93.79424285888672,-93.79424285888672,0.09902024269104004,0.10188889503479004,32,,CenterFallback,1,32,0,,,[]
20250720_111807_640,-37,NO_RADIO,32,0,8.701707249666654,-93.79181671142578,-93.79181671142578,0.09703874588012695,0.15822744369506836,32,,CenterFallback,1,32,0,,,[]
20250720_111807_897,-37,NO_RADIO,32,0,8.504991862982152,-93.99395751953125,-93.99395751953125,0.09573030471801758,0.10207819938659668,32,,CenterFallback,1,32,0,,,[]
20250720_111808_096,-37,NO_RADIO,32,0,8.728621224825702,-93.99395751953125,-93.99395751953125,0.09867191314697266,0.1586923599243164,32,,CenterFallback,1,32,0,,,[]
20250720_111808_355,-37,NO_RADIO,32,0,8.327199604204708,-93.79424285888672,-93.79424285888672,0.09796285629272461,0.10173177719116211,32,,CenterFallback,1,32,0,,,[]
20250720_111808_556,-37,NO_RADIO,32,0,8.724150721207025,-93.74571990966797,-93.74571990966797,0.09900259971618652,0.15827250480651855,32,,CenterFallback,1,32,0,,,[]
20250720_111808_815,-37,NO_RADIO,32,0,8.688878135323392,-93.79424285888672,-93.79424285888672,0.09713935852050781,0.10184335708618164,32,,CenterFallback,1,32,0,,,[]
20250720_111809_015,-36,NO_RADIO,32,0,9.198007525343826,-93.42042541503906,-93.42042541503906,0.09729957580566406,0.158186674118042,32,,CenterFallback,1,32,0,,,[]
20250720_111809_272,-36,NO_RADIO,32,0,9.631954111628446,-92.85452270507812,-92.85452270507812,0.09706783294677734,0.10177397727966309,32,,CenterFallback,1,32,0,,,[]
20250720_111809_472,-36,NO_RADIO,32,0,9.626600883639298,-93.17775344848633,-93.17775344848633,0.0991973876953125,0.1582639217376709,32,,CenterFallback,1,32,0,,,[]
20250720_111809_731,-36,NO_RADIO,32,0,9.648244247444694,-92.77661895751953,-92.77661895751953,0.09570956230163574,0.10198020935058594,32,,CenterFallback,1,32,0,,,[]
20250720_111809_930,-36,NO_RADIO,32,0,9.647076998300847,-92.85452270507812,-92.85452270507812,0.09801149368286133,0.1582632064819336,32,,CenterFallback,1,32,0,,,[]
20250720_111810_188,-36,NO_RADIO,32,0,9.491782848972434,-93.03507995605469,-93.03507995605469,0.09773421287536621,0.10183596611022949,32,,CenterFallback,1,32,0,,,[]
20250720_111810_389,-36,NO_RADIO,32,0,9.491548194688107,-93.03507995605469,-93.03507995605469,0.09666323661804199,0.15819501876831055,32,,CenterFallback,1,32,0,,,[]
20250720_111810_646,-36,NO_RADIO,32,0,9.302979727730602,-93.3537826538086,-93.3537826538086,0.08772778511047363,0.10180783271789551,32,,CenterFallback,1,32,0,,,[]
20250720_111810_837,-36,NO_RADIO,32,0,9.647802339049804,-92.8506275177002,-92.8506275177002,0.09769916534423828,0.1582202911376953,32,,CenterFallback,1,32,0,,,[]
20250720_111811_094,-36,NO_RADIO,32,0,9.383329321887118,-93.24492645263672,-93.24492645263672,0.09873509407043457,0.10240674018859863,32,,CenterFallback,1,32,0,,,[]
20250720_111811_296,-36,NO_RADIO,32,0,9.442047775512961,-93.11781311035156,-93.11781311035156,0.09914660453796387,0.1582024097442627,32,,CenterFallback,1,32,0,,,[]
20250720_111811_555,-36,NO_RADIO,32,0,9.382409557686671,-93.11781311035156,-93.11781311035156,0.10293221473693848,0.10171627998352051,32,,CenterFallback,1,32,0,,,[]
20250720_111811_761,-36,NO_RADIO,32,0,9.378441612575486,-92.91387939453125,-92.91387939453125,0.10051727294921875,0.15826177597045898,32,,CenterFallback,1,32,0,,,[]
20250720_111812_021,-36,NO_RADIO,32,0,9.42827039910972,-93.180908203125,-93.180908203125,0.10050630569458008,0.1018214225769043,32,,CenterFallback,1,32,0,,,[]
20250720_111812_225,-36,NO_RADIO,32,0,9.632007013203491,-92.91387939453125,-92.91387939453125,0.09611248970031738,0.15813708305358887,32,,CenterFallback,1,32,0,,,[]
20250720_111812_481,-36,NO_RADIO,32,0,9.420784118394693,-93.03507995605469,-93.03507995605469,0.0984184741973877,0.1019284725189209,32,,CenterFallback,1,32,0,,,[]
20250720_111812_683,-36,NO_RADIO,32,0,9.420968392089435,-93.180908203125,-93.180908203125,0.09376358985900879,0.1582484245300293,32,,CenterFallback,1,32,0,,,[]
20250720_111812_936,-36,NO_RADIO,32,0,9.476955279302274,-93.11781311035156,-93.11781311035156,0.09765052795410156,0.10174298286437988,32,,CenterFallback,1,32,0,,,[]
20250720_111813_137,-35,NO_RADIO,32,0,10.206944129089962,-92.14871215820312,-92.14871215820312,0.09895515441894531,0.15870356559753418,32,,CenterFallback,1,32,0,,,[]
20250720_111813_396,-35,NO_RADIO,32,0,10.019950572977493,-92.14871215820312,-92.14871215820312,0.0934743881225586,0.10170912742614746,32,,CenterFallback,1,32,0,,,[]
20250720_111813_593,-35,NO_RADIO,32,0,10.383881624046538,-92.13203430175781,-92.13203430175781,0.09587836265563965,0.15820002555847168,32,,CenterFallback,1,32,0,,,[]
20250720_111813_848,-35,NO_RADIO,32,0,10.002421985526851,-92.31904602050781,-92.31904602050781,0.08527040481567383,0.10188770294189453,32,,CenterFallback,1,32,0,,,[]
20250720_111814_037,-35,NO_RADIO,32,0,10.021011701558393,-92.1965919494629,-92.1965919494629,0.09525728225708008,0.15814900398254395,32,,CenterFallback,1,32,0,,,[]
20250720_111814_292,-35,NO_RADIO,32,0,9.907293709656187,-92.60627746582031,-92.60627746582031,0.09666585922241211,0.1018667221069336,32,,CenterFallback,1,32,0,,,[]
20250720_111814_492,-35,NO_RADIO,32,0,10.185124569091883,-92.31904602050781,-92.31904602050781,0.09866952896118164,0.15827631950378418,32,,CenterFallback,1,32,0,,,[]
20250720_111814_750,-35,NO_RADIO,32,0,9.901069425387632,-92.70008850097656,-92.70008850097656,0.08464193344116211,0.10185551643371582,32,,CenterFallback,1,32,0,,,[]
20250720_111814_938,-35,NO_RADIO,32,0,9.993166066643823,-92.42454528808594,-92.42454528808594,0.0941307544708252,0.15813779830932617,32,,CenterFallback,1,32,0,,,[]
20250720_111815_192,-35,NO_RADIO,32,0,9.98896338600764,-92.4236572265625,-92.4236572265625,0.09577107429504395,0.1017611026763916,32,,CenterFallback,1,32,0,,,[]
20250720_111815_391,-35,NO_RADIO,32,0,9.905190266585066,-92.46029663085938,-92.46029663085938,0.0940549373626709,0.15823125839233398,32,,CenterFallback,1,32,0,,,[]
20250720_111815_644,-35,NO_RADIO,32,0,9.89328696112267,-92.31904602050781,-92.31904602050781,0.09456706047058105,0.10172867774963379,32,,CenterFallback,1,32,0,,,[]
20250720_111815_842,-35,NO_RADIO,32,0,9.987505584301005,-92.62488555908203,-92.62488555908203,0.09447956085205078,0.1582775115966797,32,,CenterFallback,1,32,0,,,[]
20250720_111816_096,-35,NO_RADIO,32,0,10.196113747195426,-92.14871215820312,-92.14871215820312,0.09637975692749023,0.10184359550476074,32,,CenterFallback,1,32,0,,,[]
20250720_111816_296,-35,NO_RADIO,32,0,9.900379937960224,-92.31904602050781,-92.31904602050781,0.0974893569946289,0.15819978713989258,32,,CenterFallback,1,32,0,,,[]
20250720_111816_553,-35,NO_RADIO,32,0,9.695005816157988,-92.7756561279297,-92.7756561279297,0.09525799751281738,0.10179281234741211,32,,CenterFallback,1,32,0,,,[]
20250720_111816_752,-35,NO_RADIO,32,0,10.168747781698642,-92.31904602050781,-92.31904602050781,0.09487175941467285,0.15819001197814941,32,,CenterFallback,1,32,0,,,[]
20250720_111817_006,-34,NO_RADIO,32,0,9.982993666003267,-92.31904602050781,-92.31904602050781,0.09562230110168457,0.10189485549926758,32,,CenterFallback,1,32,0,,,[]
20250720_111817_205,-34,NO_RADIO,32,0,10.42766017504836,-91.67446899414062,-91.67446899414062,0.09375214576721191,0.15832996368408203,32,,CenterFallback,1,32,0,,,[]
20250720_111817_459,-34,NO_RADIO,32,0,10.584146804647162,-91.68871841430663,-91.68871841430663,0.09900832176208496,0.10202527046203613,32,,CenterFallback,1,32,0,,,[]
20250720_111817_661,-34,51,51,27.6,25.47399135034567,-77.40116882324219,-77.40116882324219,0.09685111045837402,0.15821266174316406,51,51,YOLO,1,32,0,25.47399135034567,0,[]
20250720_111817_918,-34,NO_RADIO,51,27.6,25.427669333344056,-77.44231185913085,-77.44231185913085,0.09865999221801758,0.1018519401550293,51,,CenterFallback,1,32,0,,,[]
20250720_111818_120,-34,NO_RADIO,51,27.6,25.807135963920842,-77.01192474365234,-77.01192474365234,0.09469127655029297,0.15816760063171387,51,,CenterFallback,1,32,0,,,[]
20250720_111818_374,-34,NO_RADIO,51,27.6,25.9643272085371,-76.87092590332031,-76.87092590332031,0.09479427337646484,0.10178112983703613,51,,CenterFallback,1,32,0,,,[]
20250720_111818_572,-34,NO_RADIO,51,27.6,25.768421221628145,-77.0039176940918,-77.0039176940918,0.09950876235961914,0.1582508087158203,51,,CenterFallback,1,32,0,,,[]
20250720_111818_831,-34,NO_RADIO,51,27.6,25.72020514581598,-77.11737861633301,-77.11737861633301,0.09609198570251465,0.10184979438781738,51,,CenterFallback,1,32,0,,,[]
20250720_111819_031,-34,NO_RADIO,51,27.6,25.51809979245631,-77.26235923767089,-77.26235923767089,0.09483695030212402,0.15818309783935547,51,,CenterFallback,1,32,0,,,[]
20250720_111819_285,-34,NO_RADIO,51,27.6,25.57548481476273,-77.40150451660156,-77.40150451660156,0.12437629699707031,0.10188841819763184,51,,CenterFallback,1,32,0,,,[]
20250720_111819_513,-34,NO_RADIO,51,27.6,25.872517812717675,-77.08375930786133,-77.08375930786133,0.09438252449035645,0.15828752517700195,51,,CenterFallback,1,32,0,,,[]
20250720_111819_767,-34,NO_RADIO,51,27.6,25.896184917038823,-77.07409706115723,-77.07409706115723,0.07652425765991211,0.10186052322387695,51,,CenterFallback,1,32,0,,,[]
20250720_111819_947,-34,NO_RADIO,51,27.6,25.892754535926855,-77.02986907958984,-77.02986907958984,0.0957956314086914,0.15972042083740234,51,,CenterFallback,1,32,0,,,[]
20250720_111820_204,-34,NO_RADIO,51,27.6,25.77841673251916,-77.06530151367187,-77.06530151367187,0.0984029769897461,0.1018214225769043,51,,CenterFallback,1,32,0,,,[]
20250720_111820_406,-34,NO_RADIO,51,27.6,25.85270704686178,-77.0782974243164,-77.0782974243164,0.09484744071960449,0.15823745727539062,51,,CenterFallback,1,32,0,,,[]
20250720_111820_660,-34,NO_RADIO,51,27.6,25.77820115825449,-77.1461311340332,-77.1461311340332,0.09233784675598145,0.10183358192443848,51,,CenterFallback,1,32,0,,,[]
20250720_111820_856,-34,NO_RADIO,51,27.6,25.82706395040526,-76.96073341369629,-76.96073341369629,0.10020208358764648,0.15816688537597656,51,,CenterFallback,1,32,0,,,[]
20250720_111821_116,-33,NO_RADIO,51,27.6,25.701440921735227,-77.20515823364258,-77.20515823364258,0.09185409545898438,0.10177135467529297,51,,CenterFallback,1,32,0,,,[]
20250720_111821_311,-33,NO_RADIO,51,27.6,26.26342121285903,-76.69565200805664,-76.69565200805664,0.09379243850708008,0.15823793411254883,51,,CenterFallback,1,32,0,,,[]
20250720_111821_564,-33,NO_RADIO,51,27.6,26.0037362676089,-76.8280258178711,-76.8280258178711,0.09590649604797363,0.10174989700317383,51,,CenterFallback,1,32,0,,,[]
20250720_111821_763,-33,NO_RADIO,51,27.6,25.908588490684863,-76.9610366821289,-76.9610366821289,0.09423160552978516,0.1582167148590088,51,,CenterFallback,1,32,0,,,[]
20250720_111822_017,-33,NO_RADIO,51,27.6,26.009639359169128,-76.8312873840332,-76.8312873840332,0.09804916381835938,0.10187005996704102,51,,CenterFallback,1,32,0,,,[]
20250720_111822_219,-33,NO_RADIO,51,27.6,25.99198033271186,-76.8798698425293,-76.8798698425293,0.09760093688964844,0.15813899040222168,51,,CenterFallback,1,32,0,,,[]
20250720_111822_476,-33,13,13,-27.6,26.076161904890043,-76.78788452148437,-76.78788452148437,0.09732317924499512,0.1018822193145752,13,13,YOLO,1,32,0,26.076161904890043,0,[]
20250720_111822_676,-33,NO_RADIO,13,-27.6,7.430000536256529,-94.93123626708984,-94.93123626708984,0.09736394882202148,0.15819191932678223,13,,CenterFallback,1,32,0,,,[]
20250720_111822_933,-33,NO_RADIO,13,-27.6,7.30181596784054,-94.71480560302734,-94.71480560302734,0.09339475631713867,0.1017158031463623,13,,CenterFallback,1,32,0,,,[]
20250720_111823_130,-33,NO_RADIO,13,-27.6,7.259744479729392,-95.15899658203125,-95.15899658203125,0.09779500961303711,0.1582050323486328,13,,CenterFallback,1,32,0,,,[]
20250720_111823_388,-33,NO_RADIO,13,-27.6,7.259500370854866,-95.32933807373047,-95.32933807373047,0.10133910179138184,0.10178375244140625,13,,CenterFallback,1,32,0,,,[]
20250720_111823_592,-33,NO_RADIO,13,-27.6,7.300449227737019,-95.32933807373047,-95.32933807373047,0.0950629711151123,0.15827560424804688,13,,CenterFallback,1,32,0,,,[]
20250720_111823_847,-33,NO_RADIO,13,-27.6,7.426024479350403,-95.15899658203125,-95.15899658203125,0.09620952606201172,0.10185670852661133,13,,CenterFallback,1,32,0,,,[]
20250720_111824_046,-33,NO_RADIO,13,-27.6,7.252919593370137,-95.15899658203125,-95.15899658203125,0.09898257255554199,0.15822863578796387,13,,CenterFallback,1,32,0,,,[]
20250720_111824_305,-33,NO_RADIO,13,-27.6,7.165717944214805,-95.32933807373047,-95.32933807373047,0.09857058525085449,0.10176301002502441,13,,CenterFallback,1,32,0,,,[]
20250720_111824_507,-33,NO_RADIO,13,-27.6,7.296641408619763,-95.22297401428223,-95.22297401428223,0.10024070739746094,0.15819311141967773,13,,CenterFallback,1,32,0,,,[]
20250720_111824_767,-33,NO_RADIO,13,-27.6,7.2536115680420465,-95.15899658203125,-95.15899658203125,0.0963141918182373,0.10179686546325684,13,,CenterFallback,1,32,0,,,[]
20250720_111824_966,-32,NO_RADIO,13,-27.6,7.25539335949756,-95.15899658203125,-95.15899658203125,0.09361028671264648,0.1581707000732422,13,,CenterFallback,1,32,0,,,[]
20250720_111825_219,-32,NO_RADIO,13,-27.6,7.25465842564337,-95.15899658203125,-95.15899658203125,0.0971677303314209,0.10180115699768066,13,,CenterFallback,1,32,0,,,[]
20250720_111825_420,-32,NO_RADIO,13,-27.6,6.549895700193957,-95.76765441894531,-95.76765441894531,0.10008811950683594,0.15825653076171875,13,,CenterFallback,1,32,0,,,[]
20250720_111825_680,-32,NO_RADIO,13,-27.6,7.167859837968081,-95.32933807373047,-95.32933807373047,0.0928947925567627,0.10176348686218262,13,,CenterFallback,1,32,0,,,[]
20250720_111825_876,-32,NO_RADIO,13,-27.6,7.124969806624719,-95.43484497070312,-95.43484497070312,0.09992289543151855,0.1581864356994629,13,,CenterFallback,1,32,0,,,[]
20250720_111826_135,-32,NO_RADIO,13,-27.6,7.126292078650749,-95.43484497070312,-95.43484497070312,0.09955453872680664,0.10181617736816406,13,,CenterFallback,1,32,0,,,[]
20250720_111826_338,-32,NO_RADIO,13,-27.6,7.126497551643752,-95.32933807373047,-95.32933807373047,0.09865593910217285,0.15826082229614258,13,,CenterFallback,1,32,0,,,[]
20250720_111826_596,-32,NO_RADIO,13,-27.6,7.428658004183774,-95.15899658203125,-95.15899658203125,0.09656786918640137,0.10172533988952637,13,,CenterFallback,1,32,0,,,[]
20250720_111826_796,-32,NO_RADIO,13,-27.6,6.799948365044855,-95.43484497070312,-95.43484497070312,0.09929752349853516,0.15825390815734863,13,,CenterFallback,1,32,0,,,[]
20250720_111827_055,-32,NO_RADIO,13,-27.6,7.168797394317139,-95.32933807373047,-95.32933807373047,0.09262490272521973,0.10176897048950195,13,,CenterFallback,1,32,0,,,[]
20250720_111827_251,-32,NO_RADIO,13,-27.6,7.2574824159970746,-94.93123626708984,-94.93123626708984,0.09712982177734375,0.15825200080871582,13,,CenterFallback,1,32,0,,,[]
20250720_111827_508,-32,NO_RADIO,13,-27.6,6.800374259596694,-95.65385437011719,-95.65385437011719,0.09669876098632812,0.10185050964355469,13,,CenterFallback,1,32,0,,,[]
20250720_111827_708,-32,NO_RADIO,13,-27.6,7.12666183924614,-95.6165771484375,-95.6165771484375,0.09893941879272461,0.15827059745788574,13,,CenterFallback,1,32,0,,,[]
20250720_111827_966,-32,NO_RADIO,13,-27.6,7.258095562711276,-95.15899658203125,-95.15899658203125,0.1003885269165039,0.10182785987854004,13,,CenterFallback,1,32,0,,,[]
20250720_111828_170,-32,NO_RADIO,13,-27.6,7.171684553588491,-95.32933807373047,-95.32933807373047,0.10046768188476562,0.15810847282409668,13,,CenterFallback,1,32,0,,,[]
20250720_111828_430,-32,NO_RADIO,13,-27.6,7.302181946988952,-95.2263412475586,-95.2263412475586,0.09887099266052246,0.10191559791564941,13,,CenterFallback,1,32,0,,,[]
20250720_111828_632,-32,NO_RADIO,13,-27.6,7.301429629006307,-95.14919929504396,-95.14919929504396,0.09375309944152832,0.15831947326660156,13,,CenterFallback,1,32,0,,,[]
20250720_111828_886,-32,NO_RADIO,13,-27.6,7.258726446319912,-95.15899658203125,-95.15899658203125,0.0978097915649414,0.10174846649169922,13,,CenterFallback,1,32,0,,,[]
20250720_111829_087,-31,NO_RADIO,13,-27.6,6.753796230993515,-95.76765441894531,-95.76765441894531,0.09540081024169922,0.15850615501403809,13,,CenterFallback,1,32,0,,,[]
20250720_111829_342,-31,NO_RADIO,13,-27.6,6.756673202129477,-95.6165771484375,-95.6165771484375,0.09460735321044922,0.1017768383026123,13,,CenterFallback,1,32,0,,,[]
20250720_111829_540,-31,NO_RADIO,13,-27.6,6.757247340898303,-95.65385437011719,-95.65385437011719,0.09623289108276367,0.15822649002075195,13,,CenterFallback,1,32,0,,,[]
20250720_111829_796,-31,NO_RADIO,13,-27.6,6.806220553893326,-95.46879425048829,-95.46879425048829,0.10022997856140137,0.10180449485778809,13,,CenterFallback,1,32,0,,,[]
20250720_111830_000,-31,NO_RADIO,13,-27.6,6.4039296136195105,-95.76765441894531,-95.76765441894531,0.09762954711914062,0.1583538055419922,13,,CenterFallback,1,32,0,,,[]
20250720_111830_257,-31,NO_RADIO,13,-27.6,6.560736234078405,-95.76765441894531,-95.76765441894531,0.09767317771911621,0.10190200805664062,13,,CenterFallback,1,32,0,,,[]
20250720_111830_458,-31,NO_RADIO,13,-27.6,6.560416934577802,-95.65385437011719,-95.65385437011719,0.09836721420288086,0.15819358825683594,13,,CenterFallback,1,32,0,,,[]
20250720_111830_716,-31,NO_RADIO,13,-27.6,7.133785278782625,-95.32933807373047,-95.32933807373047,0.08496308326721191,0.10178613662719727,13,,CenterFallback,1,32,0,,,[]
20250720_111830_904,-31,NO_RADIO,13,-27.6,6.809398803230323,-95.32933807373047,-95.32933807373047,0.09563040733337402,0.15827441215515137,13,,CenterFallback,1,32,0,,,[]
20250720_111831_160,-31,NO_RADIO,13,-27.6,6.762768472241532,-95.65385437011719,-95.65385437011719,0.09505271911621094,0.10182356834411621,13,,CenterFallback,1,32,0,,,[]
20250720_111831_358,-31,NO_RADIO,13,-27.6,6.844010838204127,-95.32933807373047,-95.32933807373047,0.09365010261535645,0.15838170051574707,13,,CenterFallback,1,32,0,,,[]
20250720_111831_611,-31,NO_RADIO,13,-27.6,6.812643677367106,-95.6165771484375,-95.6165771484375,0.09773111343383789,0.10178375244140625,13,,CenterFallback,1,32,0,,,[]
20250720_111831_812,-31,NO_RADIO,13,-27.6,6.765293504113515,-95.65385437011719,-95.65385437011719,0.09647130966186523,0.15807437896728516,13,,CenterFallback,1,32,0,,,[]
20250720_111832_068,-31,NO_RADIO,13,-27.6,6.566946064601666,-95.76765441894531,-95.76765441894531,0.09250378608703613,0.10182023048400879,13,,CenterFallback,1,32,0,,,[]
20250720_111832_264,-31,NO_RADIO,13,-27.6,6.566446557785667,-95.76765441894531,-95.76765441894531,0.0941314697265625,0.15826630592346191,13,,CenterFallback,1,32,0,,,[]
20250720_111832_518,-31,NO_RADIO,13,-27.6,6.816005059944814,-95.32933807373047,-95.32933807373047,0.09365653991699219,0.10187268257141113,13,,CenterFallback,1,32,0,,,[]
20250720_111832_715,-31,NO_RADIO,13,-27.6,7.140541008717577,-95.4705810546875,-95.4705810546875,0.09563636779785156,0.15818047523498535,13,,CenterFallback,1,32,0,,,[]
20250720_111832_970,-31,NO_RADIO,13,-27.6,6.76659553732884,-95.65385437011719,-95.65385437011719,0.09720873832702637,0.10172367095947266,13,,CenterFallback,1,32,0,,,[]
20250720_111833_171,-30,NO_RADIO,13,-27.6,6.81547301579036,-95.4705810546875,-95.4705810546875,0.09676003456115723,0.15813350677490234,13,,CenterFallback,1,32,0,,,[]
20250720_111833_427,-30,51,51,27.6,6.814029515492109,-93.62672424316406,-93.62672424316406,0.10183954238891602,0.2688133716583252,51,,CenterFallback,1,57,36.3,,,[]
20250720_111833_799,-30,51,51,27.6,9.005717537593611,-93.180908203125,-93.180908203125,0.09381222724914551,0.2684924602508545,51,,CenterFallback,1,58,37.7,,,[]
20250720_111834_163,-30,50,50,26.1,8.976300795009607,-92.31904602050781,-92.31904602050781,0.09552192687988281,0.2671968936920166,50,,CenterFallback,1,60,40.6,,,[]
20250720_111834_527,-30,50,50,26.1,9.825993639370878,-93.91179695129395,-93.91179695129395,0.10214924812316895,0.26828861236572266,50,,CenterFallback,1,61,42.1,,,[]
20250720_111834_899,-30,51,51,27.6,8.411156819374597,-93.72166442871094,-93.72166442871094,0.09958600997924805,0.26874637603759766,51,,CenterFallback,1,58,37.7,,,[]
20250720_111835_269,-30,51,51,27.6,9.228621134766811,-93.3537826538086,-93.3537826538086,0.09840583801269531,0.26816368103027344,51,,CenterFallback,1,58,37.7,,,[]
20250720_111835_637,-30,51,51,27.6,8.969816140550648,-93.3537826538086,-93.3537826538086,0.09769344329833984,0.2689681053161621,51,,CenterFallback,1,58,37.7,,,[]
20250720_111836_005,-30,51,51,27.6,9.111737028157151,-93.24492645263672,-93.24492645263672,0.09904789924621582,0.26723456382751465,51,,CenterFallback,1,58,37.7,,,[]
20250720_111836_373,-30,51,51,27.6,9.112716382653687,-93.42042541503906,-93.42042541503906,0.09639573097229004,0.2682027816772461,51,,CenterFallback,1,58,37.7,,,[]
20250720_111836_739,-30,51,51,27.6,8.967706376160862,-93.7169174194336,-93.7169174194336,0.09592819213867188,0.268751859664917,51,,CenterFallback,1,58,37.7,,,[]
20250720_111837_105,-29,51,51,27.6,8.997324352777014,-93.72166442871094,-93.72166442871094,0.10065078735351562,0.26779794692993164,51,,CenterFallback,1,56,34.8,,,[]
20250720_111837_475,-29,50,50,26.1,8.628635409129771,-93.74451713562011,-93.74451713562011,0.10460400581359863,0.2680172920227051,50,,CenterFallback,1,58,37.7,,,[]
20250720_111837_849,-29,50,50,26.1,8.843444328631222,-93.17775344848633,-93.17775344848633,0.09689760208129883,0.26757073402404785,50,,CenterFallback,1,58,37.7,,,[]
20250720_111838_215,-29,50,50,26.1,8.628792787594463,-93.62672424316406,-93.62672424316406,0.09955167770385742,0.26892542839050293,50,,CenterFallback,1,58,37.7,,,[]
20250720_111838_585,-29,50,50,26.1,8.903022639031448,-93.91798400878906,-93.91798400878906,0.09668850898742676,0.26780200004577637,50,,CenterFallback,1,58,37.7,,,[]
20250720_111838_951,-29,50,50,26.1,8.899556914078275,-93.99015884399414,-93.99015884399414,0.0903935432434082,0.2681608200073242,50,,CenterFallback,1,58,37.7,,,[]
20250720_111839_311,-29,50,50,26.1,8.334644710734693,-93.91798400878906,-93.91798400878906,0.09679532051086426,0.2678236961364746,50,,CenterFallback,1,58,37.7,,,[]
20250720_111839_677,-29,50,50,26.1,8.867548477555914,-93.62672424316406,-93.62672424316406,0.09751558303833008,0.2690422534942627,50,,CenterFallback,1,58,37.7,,,[]
20250720_111840_045,-29,50,50,26.1,8.868141235889794,-93.91798400878906,-93.91798400878906,0.09876465797424316,0.267808198928833,50,,CenterFallback,1,58,37.7,,,[]
20250720_111840_413,-29,50,50,26.1,8.864950123987427,-93.7169174194336,-93.7169174194336,0.1027069091796875,0.2676889896392822,50,,CenterFallback,1,58,37.7,,,[]
20250720_111840_785,-29,50,50,26.1,8.861837355742665,-93.79424285888672,-93.79424285888672,0.10599827766418457,0.2684166431427002,50,,CenterFallback,1,58,37.7,,,[]
20250720_111841_161,-28,50,50,26.1,8.889801798337558,-92.77661895751953,-92.77661895751953,0.09239387512207031,0.26808738708496094,50,,CenterFallback,1,57,36.3,,,[]
20250720_111841_523,-28,50,50,26.1,9.552622198725771,-93.11367645263672,-93.11367645263672,0.1005713939666748,0.26795172691345215,50,,CenterFallback,1,57,36.3,,,[]
20250720_111841_893,-28,50,50,26.1,9.551027485814842,-92.47737274169921,-92.47737274169921,0.09310603141784668,0.2673211097717285,50,,CenterFallback,1,57,36.3,,,[]
20250720_111842_255,-28,50,50,26.1,9.55045454599707,-92.75736236572266,-92.75736236572266,0.10245323181152344,0.26801586151123047,50,,CenterFallback,1,57,36.3,,,[]
20250720_111842_627,-28,50,50,26.1,9.62610097380447,-92.77661895751953,-92.77661895751953,0.09673476219177246,0.2679297924041748,50,,CenterFallback,1,57,36.3,,,[]
20250720_111842_993,-28,50,50,26.1,9.55244144583861,-92.85452270507812,-92.85452270507812,0.09720683097839355,0.26717305183410645,50,,CenterFallback,1,57,36.3,,,[]
20250720_111843_359,-28,50,50,26.1,9.553258443302738,-92.9109115600586,-92.9109115600586,0.09636521339416504,0.26830434799194336,50,,CenterFallback,1,57,36.3,,,[]
20250720_111843_725,-28,50,50,26.1,9.55243103838744,-92.9109115600586,-92.9109115600586,0.0967106819152832,0.26768040657043457,50,,CenterFallback,1,57,36.3,,,[]
20250720_111844_091,-28,50,50,26.1,9.526698981429263,-92.69632835388184,-92.69632835388184,0.09714746475219727,0.2673211097717285,50,,CenterFallback,1,57,36.3,,,[]
20250720_111844_457,-28,50,50,26.1,9.52536898599665,-92.85452270507812,-92.85452270507812,0.09794449806213379,0.26880645751953125,50,,CenterFallback,1,57,36.3,,,[]
20250720_111844_826,-27,50,50,26.1,9.55807068661646,-93.02901992797852,-93.02901992797852,0.09653615951538086,0.2674708366394043,50,,CenterFallback,1,57,36.3,,,[]
20250720_111845_191,-27,50,50,26.1,9.82345883551497,-94.6549072265625,-94.6549072265625,0.10320520401000977,0.26729345321655273,50,,CenterFallback,1,55,33.4,,,[]
20250720_111845_563,-27,49,49,24.7,7.927112911939503,-95.76196441650391,-95.76196441650391,0.09160566329956055,0.26688575744628906,49,,CenterFallback,1,56,34.8,,,[]
20250720_111845_923,-27,49,49,24.7,7.113328853237135,-95.6165771484375,-95.6165771484375,0.09862303733825684,0.2681264877319336,49,,CenterFallback,1,56,34.8,,,[]
20250720_111846_291,-27,49,49,24.7,6.540809214261927,-95.15899658203125,-95.15899658203125,0.09637856483459473,0.26813626289367676,49,,CenterFallback,1,55,33.4,,,[]
20250720_111846_657,-27,49,49,24.7,7.49961767548902,-96.04537200927734,-96.04537200927734,0.10180377960205078,0.26891136169433594,49,,CenterFallback,1,56,34.8,,,[]
20250720_111847_029,-27,49,49,24.7,7.159365819670668,-95.65385437011719,-95.65385437011719,0.10068535804748535,0.267503023147583,49,,CenterFallback,1,56,34.8,,,[]
20250720_111847_399,-27,49,49,24.7,7.114865936117042,-95.43484497070312,-95.43484497070312,0.08559393882751465,0.26913022994995117,49,,CenterFallback,1,56,34.8,,,[]
20250720_111847_755,-27,49,49,24.7,6.542680585819767,-94.92041473388673,-94.92041473388673,0.0994267463684082,0.26892828941345215,49,,CenterFallback,1,55,33.4,,,[]
20250720_111848_125,-27,49,49,24.7,7.779145662357422,-95.6165771484375,-95.6165771484375,0.10002732276916504,0.26844263076782227,49,,CenterFallback,1,56,34.8,,,[]
20250720_111848_495,-27,49,49,24.7,6.825077866443479,-95.65385437011719,-95.65385437011719,0.10243535041809082,0.2680783271789551,49,,CenterFallback,1,56,34.8,,,[]
20250720_111848_867,-26,49,49,24.7,6.74636595651431,-95.65385437011719,-95.65385437011719,0.09373593330383301,0.26873302459716797,49,,CenterFallback,1,56,34.8,,,[]
20250720_111849_231,-26,49,49,24.7,6.548832878968767,-95.32933807373047,-95.32933807373047,0.09946966171264648,0.26705193519592285,49,,CenterFallback,1,54,31.9,,,[]
20250720_111849_599,-26,48,48,23.2,7.42365404819698,-96.04537200927734,-96.04537200927734,0.09594440460205078,0.26860737800598145,48,,CenterFallback,1,56,34.8,,,[]
20250720_111849_965,-26,48,48,23.2,6.797525689596867,-95.76196441650391,-95.76196441650391,0.08673238754272461,0.26779603958129883,48,,CenterFallback,1,56,34.8,,,[]
20250720_111850_321,-26,48,48,23.2,6.754906091533044,-95.6165771484375,-95.6165771484375,0.10035586357116699,0.2680349349975586,48,,CenterFallback,1,56,34.8,,,[]
20250720_111850_691,-26,48,48,23.2,6.800866263123169,-95.76765441894531,-95.76765441894531,0.09693145751953125,0.26757025718688965,48,,CenterFallback,1,56,34.8,,,[]
20250720_111851_057,-26,48,48,23.2,7.259762955069618,-95.43484497070312,-95.43484497070312,0.09638214111328125,0.26830458641052246,48,,CenterFallback,1,56,34.8,,,[]
20250720_111851_423,-26,48,48,23.2,6.7539539281250995,-96.12810516357422,-96.12810516357422,0.09864354133605957,0.26784348487854004,48,,CenterFallback,1,56,34.8,,,[]
20250720_111851_791,-26,48,48,23.2,6.557748358252155,-94.25724792480469,-94.25724792480469,0.09898138046264648,0.2674217224121094,48,,CenterFallback,1,55,33.4,,,[]
20250720_111852_159,-26,48,48,23.2,7.907060639542095,-96.04537200927734,-96.04537200927734,0.09651041030883789,0.2679874897003174,48,,CenterFallback,1,56,34.8,,,[]
20250720_111852_525,-26,48,48,23.2,6.8062217679826915,-95.6165771484375,-95.6165771484375,0.09689998626708984,0.26756954193115234,48,,CenterFallback,1,56,34.8,,,[]
20250720_111852_891,-25,48,48,23.2,6.560075064429881,-94.44591903686523,-94.44591903686523,0.10102176666259766,0.2674369812011719,48,,CenterFallback,1,55,33.4,,,[]
20250720_111853_261,-25,48,48,23.2,8.233163051498877,-94.56081428527833,-94.56081428527833,0.09903669357299805,0.26747751235961914,48,,CenterFallback,1,55,33.4,,,[]
20250720_111853_629,-25,48,48,23.2,7.907235587053179,-94.25724792480469,-94.25724792480469,0.09866046905517578,0.2677605152130127,48,,CenterFallback,1,55,33.4,,,[]
20250720_111853_997,-25,48,48,23.2,7.906242879712366,-94.01957702636719,-94.01957702636719,0.1003117561340332,0.2682654857635498,48,,CenterFallback,1,55,33.4,,,[]
20250720_111854_367,-25,48,48,23.2,8.228248928256818,-94.45152282714844,-94.45152282714844,0.09720683097839355,0.26729893684387207,48,,CenterFallback,1,55,33.4,,,[]
20250720_111854_733,-25,48,48,23.2,7.939600844300173,-94.6549072265625,-94.6549072265625,0.09684920310974121,0.26752805709838867,48,,CenterFallback,1,55,33.4,,,[]
20250720_111855_099,-25,48,48,23.2,8.086372242504737,-94.33944702148438,-94.33944702148438,0.0991675853729248,0.267319917678833,48,,CenterFallback,1,55,33.4,,,[]
20250720_111855_467,-25,47,47,21.8,8.130226400318776,-94.59581756591797,-94.59581756591797,0.09908533096313477,0.26737189292907715,47,,CenterFallback,1,57,36.3,,,[]
20250720_111855_835,-25,48,48,23.2,7.9383810197265205,-94.45152282714844,-94.45152282714844,0.09995579719543457,0.2686655521392822,48,,CenterFallback,1,55,33.4,,,[]
20250720_111856_205,-25,48,48,23.2,7.79890661768907,-93.99395751953125,-93.99395751953125,0.09505391120910645,0.26747703552246094,48,,CenterFallback,1,55,33.4,,,[]
20250720_111856_569,-25,48,48,23.2,8.118237509148443,-94.68326110839844,-94.68326110839844,0.1001121997833252,0.26833176612854004,48,,CenterFallback,1,55,33.4,,,[]
20250720_111856_939,-24,48,48,23.2,8.118661906757538,-94.45152282714844,-94.45152282714844,0.09943389892578125,0.26778650283813477,48,,CenterFallback,1,55,33.4,,,[]
20250720_111857_307,-24,47,47,21.8,7.508930755358477,-94.93123626708984,-94.93123626708984,0.09885883331298828,0.2671170234680176,47,,CenterFallback,1,54,31.9,,,[]
20250720_111857_675,-24,47,47,21.8,7.786393931022047,-94.45152282714844,-94.45152282714844,0.0955042839050293,0.2688896656036377,47,,CenterFallback,1,55,33.4,,,[]
20250720_111858_041,-24,47,47,21.8,7.936570471677939,-94.71480560302734,-94.71480560302734,0.10095810890197754,0.26738953590393066,47,,CenterFallback,1,55,33.4,,,[]
20250720_111858_411,-24,47,47,21.8,7.627589492050902,-94.59581756591797,-94.59581756591797,0.09252595901489258,0.26819586753845215,47,,CenterFallback,1,55,33.4,,,[]
20250720_111858_773,-24,47,47,21.8,7.424462801777338,-94.68475341796875,-94.68475341796875,0.09538555145263672,0.26885294914245605,47,,CenterFallback,1,54,31.9,,,[]
20250720_111859_139,-24,47,47,21.8,7.627630133573632,-94.68475341796875,-94.68475341796875,0.09801888465881348,0.26861572265625,47,,CenterFallback,1,55,33.4,,,[]
20250720_111859_507,-24,47,47,21.8,7.783407114239026,-94.68475341796875,-94.68475341796875,0.10017085075378418,0.26839256286621094,47,,CenterFallback,1,55,33.4,,,[]
20250720_111859_877,-24,47,47,21.8,7.783014493824879,-94.56656646728516,-94.56656646728516,0.09408259391784668,0.26849818229675293,47,,CenterFallback,1,55,33.4,,,[]
20250720_111900_241,-24,47,47,21.8,7.782476915919133,-94.59581756591797,-94.59581756591797,0.09620380401611328,0.2680957317352295,47,,CenterFallback,1,55,33.4,,,[]
20250720_111900_607,-24,47,47,21.8,7.782853361011391,-94.68475341796875,-94.68475341796875,0.0998382568359375,0.2686624526977539,47,,CenterFallback,1,55,33.4,,,[]
20250720_111900_977,-23,47,47,21.8,7.624865545108847,-95.32933807373047,-95.32933807373047,0.09312272071838379,0.2674899101257324,47,,CenterFallback,1,53,30.5,,,[]
20250720_111901_339,-23,46,46,20.3,7.118173917364672,-94.96305084228516,-94.96305084228516,0.09764361381530762,0.26879382133483887,46,,CenterFallback,1,54,31.9,,,[]
20250720_111901_707,-23,46,46,20.3,7.251829082912394,-94.93123626708984,-94.93123626708984,0.09582352638244629,0.26875734329223633,46,,CenterFallback,1,54,31.9,,,[]
20250720_111902_073,-23,46,46,20.3,7.307253629499982,-95.15899658203125,-95.15899658203125,0.10122537612915039,0.2692844867706299,46,,CenterFallback,1,54,31.9,,,[]
20250720_111902_445,-23,46,46,20.3,7.293732849988174,-95.32418823242188,-95.32418823242188,0.09941458702087402,0.26896214485168457,46,,CenterFallback,1,54,31.9,,,[]
20250720_111902_815,-23,46,46,20.3,7.420853834661273,-94.93123626708984,-94.93123626708984,0.09475398063659668,0.26764965057373047,46,,CenterFallback,1,54,31.9,,,[]
20250720_111903_179,-23,46,46,20.3,7.420679733823377,-95.15899658203125,-95.15899658203125,0.09280776977539062,0.2677755355834961,46,,CenterFallback,1,54,31.9,,,[]
20250720_111903_541,-23,46,46,20.3,7.42236658599991,-94.96146011352539,-94.96146011352539,0.10447478294372559,0.26760435104370117,46,,CenterFallback,1,54,31.9,,,[]
20250720_111903_915,-23,46,46,20.3,7.251887576839408,-95.15899658203125,-95.15899658203125,0.0972146987915039,0.26752376556396484,46,,CenterFallback,1,54,31.9,,,[]
20250720_111904_281,-23,46,46,20.3,7.256370639278657,-95.32933807373047,-95.32933807373047,0.08593988418579102,0.2684290409088135,46,,CenterFallback,1,54,31.9,,,[]
20250720_111904_637,-23,46,46,20.3,7.172833685530605,-95.15899658203125,-95.15899658203125,0.10146665573120117,0.26913881301879883,46,,CenterFallback,1,54,31.9,,,[]
20250720_111905_009,-22,46,46,20.3,7.422144112313475,-95.65385437011719,-95.65385437011719,0.10124707221984863,0.2691476345062256,46,,CenterFallback,1,53,30.5,,,[]
20250720_111905_381,-22,45,45,18.9,6.75155851287505,-95.4295696258545,-95.4295696258545,0.08911585807800293,0.2692570686340332,45,,CenterFallback,1,54,31.9,,,[]
20250720_111905_741,-22,45,45,18.9,7.422520299694639,-94.71480560302734,-94.71480560302734,0.09924888610839844,0.2671637535095215,45,,CenterFallback,1,55,33.4,,,[]
20250720_111906_109,-22,45,45,18.9,7.42939151095176,-94.68475341796875,-94.68475341796875,0.10007071495056152,0.26836180686950684,45,,CenterFallback,1,55,33.4,,,[]
20250720_111906_479,-22,45,45,18.9,7.626122196320836,-94.68475341796875,-94.68475341796875,0.09872293472290039,0.26782774925231934,45,,CenterFallback,1,55,33.4,,,[]
20250720_111906_847,-22,45,45,18.9,7.625364872158954,-95.14919929504396,-95.14919929504396,0.08532953262329102,0.2671809196472168,45,,CenterFallback,1,55,33.4,,,[]
20250720_111907_201,-22,45,45,18.9,7.4198506094517285,-95.15899658203125,-95.15899658203125,0.10038876533508301,0.2681279182434082,45,,CenterFallback,1,55,33.4,,,[]
20250720_111907_571,-22,45,45,18.9,7.419281511825048,-95.15899658203125,-95.15899658203125,0.10339617729187012,0.26709985733032227,45,,CenterFallback,1,55,33.4,,,[]
20250720_111907_943,-22,45,45,18.9,7.419462152262142,-95.2263412475586,-95.2263412475586,0.09551405906677246,0.26903796195983887,45,,CenterFallback,1,55,33.4,,,[]
20250720_111908_309,-22,45,45,18.9,7.623407928163886,-94.71480560302734,-94.71480560302734,0.10265326499938965,0.26781129837036133,45,,CenterFallback,1,55,33.4,,,[]
20250720_111908_681,-22,45,45,18.9,7.292262908369082,-95.6165771484375,-95.6165771484375,0.09776997566223145,0.2686762809753418,45,,CenterFallback,1,54,31.9,,,[]
20250720_111909_049,-21,45,45,18.9,6.5438288227393855,-90.61642456054688,-90.61642456054688,0.09730267524719238,0.2691168785095215,45,,CenterFallback,1,52,29.0,,,[]
20250720_111909_417,-21,45,45,18.9,11.873958880754273,-92.75736236572266,-92.75736236572266,0.09990692138671875,0.26864123344421387,45,,CenterFallback,1,56,34.8,,,[]
20250720_111909_787,-21,45,45,18.9,9.553867718827036,-94.20329284667969,-94.20329284667969,0.10162353515625,0.26883673667907715,45,,CenterFallback,1,55,33.4,,,[]
20250720_111910_159,-21,45,45,18.9,8.21787869936287,-95.60927734375001,-95.60927734375001,0.09652948379516602,0.26807236671447754,45,,CenterFallback,1,53,30.5,,,[]
20250720_111910_525,-21,45,45,18.9,7.116388389664422,-95.6165771484375,-95.6165771484375,0.1017451286315918,0.2686882019042969,45,,CenterFallback,1,53,30.5,,,[]
20250720_111910_897,-21,45,45,18.9,6.7928356011577335,-95.46879425048829,-95.46879425048829,0.09226584434509277,0.2679767608642578,45,,CenterFallback,1,53,30.5,,,[]
20250720_111911_259,-21,45,45,18.9,7.249924292845819,-95.32933807373047,-95.32933807373047,0.10249495506286621,0.2680027484893799,45,,CenterFallback,1,53,30.5,,,[]
20250720_111911_631,-21,45,45,18.9,7.163446576065354,-95.65385437011719,-95.65385437011719,0.09947037696838379,0.2671041488647461,45,,CenterFallback,1,53,30.5,,,[]
20250720_111911_999,-21,45,45,18.9,6.7945984401883806,-95.4295696258545,-95.4295696258545,0.08524298667907715,0.2673068046569824,45,,CenterFallback,1,53,30.5,,,[]
20250720_111912_353,-21,45,45,18.9,6.547069899543288,-90.61642456054688,-90.61642456054688,0.09909510612487793,0.2675507068634033,45,,CenterFallback,1,52,29.0,,,[]
20250720_111912_721,-21,45,45,18.9,12.108055705593316,-94.20329284667969,-94.20329284667969,0.10068178176879883,0.2676262855529785,45,,CenterFallback,1,55,33.4,,,[]
20250720_111913_091,-20,45,45,18.9,8.218650866729675,-91.00799598693848,-91.00799598693848,0.10086846351623535,0.26779890060424805,45,,CenterFallback,1,52,29.0,,,[]
20250720_111913_461,-20,44,44,17.4,11.673758775147434,-92.60627746582031,-92.60627746582031,0.10083246231079102,0.2675044536590576,44,,CenterFallback,1,56,34.8,,,[]
20250720_111913_831,-20,44,44,17.4,9.835090190644394,-92.85452270507812,-92.85452270507812,0.10070562362670898,0.2677593231201172,44,,CenterFallback,1,55,33.4,,,[]
20250720_111914_201,-20,44,44,17.4,9.209406430002758,-93.180908203125,-93.180908203125,0.09492778778076172,0.2676992416381836,44,,CenterFallback,1,55,33.4,,,[]
20250720_111914_565,-20,44,44,17.4,9.34408624666328,-93.24492645263672,-93.24492645263672,0.0968170166015625,0.26750969886779785,44,,CenterFallback,1,55,33.4,,,[]
20250720_111914_931,-20,44,44,17.4,8.990157116284891,-93.99395751953125,-93.99395751953125,0.09720468521118164,0.2672150135040283,44,,CenterFallback,1,54,31.9,,,[]
20250720_111915_297,-20,44,44,17.4,8.215045138068575,-93.74571990966797,-93.74571990966797,0.10180497169494629,0.2688720226287842,44,,CenterFallback,1,54,31.9,,,[]
20250720_111915_669,-20,44,44,17.4,8.612891762649284,-93.44287109375,-93.44287109375,0.09781837463378906,0.268404483795166,44,,CenterFallback,1,54,31.9,,,[]
20250720_111916_037,-20,44,44,17.4,8.38580356167212,-93.62672424316406,-93.62672424316406,0.09728407859802246,0.2691164016723633,44,,CenterFallback,1,54,31.9,,,[]
20250720_111916_405,-20,44,44,17.4,8.86006005182891,-93.79181671142578,-93.79181671142578,0.09872984886169434,0.26783204078674316,44,,CenterFallback,1,54,31.9,,,[]
20250720_111916_773,-20,44,44,17.4,8.82987303710894,-93.62672424316406,-93.62672424316406,0.10145878791809082,0.26887965202331543,44,,CenterFallback,1,54,31.9,,,[]
20250720_111917_145,-19,44,44,17.4,9.286039393141138,-93.79424285888672,-93.79424285888672,0.1004486083984375,0.26824426651000977,44,,CenterFallback,1,53,30.5,,,[]
20250720_111917_515,-19,43,43,16.0,8.582355315579676,-92.478271484375,-92.478271484375,0.10170197486877441,0.2687058448791504,43,,CenterFallback,1,54,31.9,,,[]
20250720_111917_887,-19,43,43,16.0,9.82109822729555,-92.14871215820312,-92.14871215820312,0.10004258155822754,0.2684133052825928,43,,CenterFallback,1,56,34.8,,,[]
20250720_111918_257,-19,43,43,16.0,10.120652160411865,-92.77661895751953,-92.77661895751953,0.09852147102355957,0.2680823802947998,43,,CenterFallback,1,56,34.8,,,[]
20250720_111918_625,-19,43,43,16.0,10.119964874471023,-92.60627746582031,-92.60627746582031,0.09929060935974121,0.2672460079193115,43,,CenterFallback,1,56,34.8,,,[]
20250720_111918_993,-19,43,43,16.0,9.914472251891027,-92.4236572265625,-92.4236572265625,0.0985250473022461,0.26788806915283203,43,,CenterFallback,1,56,34.8,,,[]
20250720_111919_361,-19,43,43,16.0,9.913380021620767,-92.69726219177247,-92.69726219177247,0.10082483291625977,0.26772546768188477,43,,CenterFallback,1,56,34.8,,,[]
20250720_111919_731,-19,43,43,16.0,9.744804335218475,-92.60627746582031,-92.60627746582031,0.09874701499938965,0.2677459716796875,43,,CenterFallback,1,56,34.8,,,[]
20250720_111920_099,-19,43,43,16.0,9.913184510361447,-92.40678405761719,-92.40678405761719,0.0957181453704834,0.2689332962036133,43,,CenterFallback,1,56,34.8,,,[]
20250720_111920_465,-19,43,43,16.0,9.79287077355292,-92.40239715576172,-92.40239715576172,0.09786796569824219,0.2686645984649658,43,,CenterFallback,1,56,34.8,,,[]
20250720_111920_833,-18,43,43,16.0,9.909990325951654,-92.70008850097656,-92.70008850097656,0.09640645980834961,0.26808953285217285,43,,CenterFallback,1,56,34.8,,,[]
20250720_111921_199,-18,43,43,16.0,9.51760060352251,-92.478271484375,-92.478271484375,0.09634995460510254,0.26825785636901855,43,,CenterFallback,1,53,30.5,,,[]
20250720_111921_565,-18,42,42,14.5,9.791631958326036,-92.85452270507812,-92.85452270507812,0.10140776634216309,0.26709961891174316,42,,CenterFallback,1,56,34.8,,,[]
20250720_111921_935,-18,43,43,16.0,9.33410065830411,-92.42454528808594,-92.42454528808594,0.10445737838745117,0.26808619499206543,43,,CenterFallback,1,53,30.5,,,[]
20250720_111922_309,-18,43,43,16.0,9.815308665505327,-92.62488555908203,-92.62488555908203,0.0976555347442627,0.268817663192749,43,,CenterFallback,1,53,30.5,,,[]
20250720_111922_677,-18,42,42,14.5,9.909494713877038,-93.24172554016114,-93.24172554016114,0.09539961814880371,0.26903367042541504,42,,CenterFallback,1,56,34.8,,,[]
20250720_111923_043,-18,42,42,14.5,9.517482604800222,-92.85452270507812,-92.85452270507812,0.10079312324523926,0.2676236629486084,42,,CenterFallback,1,56,34.8,,,[]
20250720_111923_413,-18,43,43,16.0,9.541174033751602,-92.478271484375,-92.478271484375,0.09469103813171387,0.2678079605102539,43,,CenterFallback,1,53,30.5,,,[]
20250720_111923_777,-18,43,43,16.0,9.616438146048722,-92.64356231689453,-92.64356231689453,0.09805011749267578,0.26850295066833496,43,,CenterFallback,1,53,30.5,,,[]
20250720_111924_145,-18,42,42,14.5,10.093850287309621,-95.15899658203125,-95.15899658203125,0.09632015228271484,0.26836204528808594,42,,CenterFallback,1,57,36.3,,,[]
20250720_111924_516,-18,42,42,14.5,7.236250339041817,-92.42454528808594,-92.42454528808594,0.09285521507263184,0.2685050964355469,42,,CenterFallback,1,53,30.5,,,[]
20250720_111924_875,-17,42,42,14.5,10.113119971056037,-94.96146011352539,-94.96146011352539,0.09717440605163574,0.2673966884613037,42,,CenterFallback,1,57,36.3,,,[]
20250720_111925_241,-17,42,42,14.5,7.60997726365801,-90.18068313598633,-90.18068313598633,0.1002194881439209,0.26820826530456543,42,,CenterFallback,1,52,29.0,,,[]
20250720_111925_611,-17,42,42,14.5,12.07707265199312,-91.17960357666016,-91.17960357666016,0.10102987289428711,0.26749348640441895,42,,CenterFallback,1,55,33.4,,,[]
20250720_111925_981,-17,42,42,14.5,11.10864396849962,-91.07400512695312,-91.07400512695312,0.10055065155029297,0.2679762840270996,42,,CenterFallback,1,55,33.4,,,[]
20250720_111926_351,-17,42,42,14.5,11.136576981698326,-91.32913970947266,-91.32913970947266,0.09860587120056152,0.2678639888763428,42,,CenterFallback,1,55,33.4,,,[]
20250720_111926_719,-17,42,42,14.5,11.057182285725432,-91.17960357666016,-91.17960357666016,0.10205769538879395,0.2684445381164551,42,,CenterFallback,1,55,33.4,,,[]
20250720_111927_091,-17,42,42,14.5,11.128781469679865,-91.287841796875,-91.287841796875,0.10134005546569824,0.2671799659729004,42,,CenterFallback,1,55,33.4,,,[]
20250720_111927_461,-17,42,42,14.5,11.111626431060245,-91.17960357666016,-91.17960357666016,0.09966731071472168,0.26873087882995605,42,,CenterFallback,1,55,33.4,,,[]
20250720_111927_831,-17,42,42,14.5,11.075849221225312,-91.17960357666016,-91.17960357666016,0.09978294372558594,0.26886940002441406,42,,CenterFallback,1,55,33.4,,,[]
20250720_111928_201,-17,42,42,14.5,11.110913819902223,-91.4547332763672,-91.4547332763672,0.0977334976196289,0.268662691116333,42,,CenterFallback,1,55,33.4,,,[]
20250720_111928_569,-17,42,42,14.5,11.336312870913787,-91.1929931640625,-91.1929931640625,0.09746003150939941,0.2689995765686035,42,,CenterFallback,1,55,33.4,,,[]
20250720_111928_937,-16,42,42,14.5,11.214727127463206,-91.68946838378906,-91.68946838378906,0.10028767585754395,0.26807332038879395,42,,CenterFallback,1,55,33.4,,,[]
20250720_111929_307,-16,41,41,13.1,10.756660745966357,-94.56656646728516,-94.56656646728516,0.09874677658081055,0.26777029037475586,41,,CenterFallback,1,56,34.8,,,[]
20250720_111929_675,-16,41,41,13.1,7.877591504045654,-90.0145492553711,-90.0145492553711,0.10156393051147461,0.2689018249511719,41,,CenterFallback,1,52,29.0,,,[]
20250720_111930_047,-16,41,41,13.1,12.08966327877613,-93.74571990966797,-93.74571990966797,0.09415054321289062,0.2683703899383545,41,,CenterFallback,1,56,34.8,,,[]
20250720_111930_411,-16,41,41,13.1,8.305113894779623,-91.2857967376709,-91.2857967376709,0.09533262252807617,0.2671184539794922,41,,CenterFallback,1,53,30.5,,,[]
20250720_111930_775,-16,41,41,13.1,10.924902689037054,-94.25724792480469,-94.25724792480469,0.1035459041595459,0.26892542839050293,41,,CenterFallback,1,56,34.8,,,[]
20250720_111931_149,-16,41,41,13.1,8.202712431967257,-90.0145492553711,-90.0145492553711,0.09962296485900879,0.26888513565063477,41,,CenterFallback,1,52,29.0,,,[]
20250720_111931_519,-16,41,41,13.1,12.353589318075706,-91.58552551269531,-91.58552551269531,0.10202574729919434,0.2685978412628174,41,,CenterFallback,1,55,33.4,,,[]
20250720_111931_891,-16,41,41,13.1,10.889297062809305,-94.6549072265625,-94.6549072265625,0.09970450401306152,0.2687654495239258,41,,CenterFallback,1,56,34.8,,,[]
20250720_111932_261,-16,41,41,13.1,8.203333641273886,-90.0145492553711,-90.0145492553711,0.0939640998840332,0.26839208602905273,41,,CenterFallback,1,52,29.0,,,[]
20250720_111932_625,-16,41,41,13.1,12.45890722930092,-91.17960357666016,-91.17960357666016,0.09862899780273438,0.2678217887878418,41,,CenterFallback,1,55,33.4,,,[]
20250720_111932_993,-15,41,41,13.1,10.92742736335579,-91.44122314453125,-91.44122314453125,0.09889745712280273,0.2675964832305908,41,,CenterFallback,1,53,30.5,,,[]
20250720_111933_361,-15,40,40,11.6,10.687125322335604,-94.68326110839844,-94.68326110839844,0.09267258644104004,0.2677886486053467,40,,CenterFallback,1,56,34.8,,,[]
20250720_111933_723,-15,41,41,13.1,8.062860355511162,-95.2263412475586,-95.2263412475586,0.10345578193664551,0.2688589096069336,41,,CenterFallback,1,50,26.1,,,[]
20250720_111934_097,-15,41,41,13.1,6.730288614925968,-94.56656646728516,-94.56656646728516,0.10070919990539551,0.268038272857666,41,,CenterFallback,1,49,24.7,,,[]
20250720_111934_467,-15,41,41,13.1,8.2044806092525,-95.4705810546875,-95.4705810546875,0.09961748123168945,0.268829345703125,41,,CenterFallback,1,50,26.1,,,[]
20250720_111934_837,-15,41,41,13.1,6.73037968623575,-94.6549072265625,-94.6549072265625,0.09993219375610352,0.2685277462005615,41,,CenterFallback,1,49,24.7,,,[]
20250720_111935_207,-15,40,40,11.6,7.767931977245695,-90.05561828613281,-90.05561828613281,0.10167479515075684,0.2687993049621582,40,,CenterFallback,1,52,29.0,,,[]
20250720_111935_579,-15,41,41,13.1,12.205810351068806,-91.6275562286377,-91.6275562286377,0.10193157196044922,0.26846790313720703,41,,CenterFallback,1,53,30.5,,,[]
20250720_111935_951,-15,41,41,13.1,10.83422195463082,-91.4554443359375,-91.4554443359375,0.0964515209197998,0.26805734634399414,41,,CenterFallback,1,53,30.5,,,[]
20250720_111936_317,-15,41,41,13.1,11.214350501851627,-91.64387283325195,-91.64387283325195,0.09921145439147949,0.26801490783691406,41,,CenterFallback,1,53,30.5,,,[]
20250720_111936_685,-15,41,41,13.1,11.338566752880226,-91.2857967376709,-91.2857967376709,0.08551979064941406,0.2682218551635742,41,,CenterFallback,1,53,30.5,,,[]
20250720_111937_041,-14,40,40,11.6,11.054140683979568,-92.85452270507812,-92.85452270507812,0.10067510604858398,0.26791882514953613,40,,CenterFallback,1,54,31.9,,,[]
20250720_111937_411,-14,40,40,11.6,9.512706209340337,-91.17960357666016,-91.17960357666016,0.09866714477539062,0.26764512062072754,40,,CenterFallback,1,52,29.0,,,[]
20250720_111937_779,-14,40,40,11.6,11.383191214865846,-92.60627746582031,-92.60627746582031,0.0975351333618164,0.2691311836242676,40,,CenterFallback,1,54,31.9,,,[]
20250720_111938_147,-14,40,40,11.6,9.536646278167737,-91.17960357666016,-91.17960357666016,0.09574317932128906,0.26876020431518555,40,,CenterFallback,1,52,29.0,,,[]
20250720_111938_513,-14,40,40,11.6,11.33111898519681,-92.85452270507812,-92.85452270507812,0.10119891166687012,0.2672572135925293,40,,CenterFallback,1,54,31.9,,,[]
20250720_111938_883,-14,40,40,11.6,9.735863686152385,-91.17960357666016,-91.17960357666016,0.08869314193725586,0.267932653427124,40,,CenterFallback,1,52,29.0,,,[]
20250720_111939_241,-14,40,40,11.6,11.330418502955851,-92.40678405761719,-92.40678405761719,0.09719276428222656,0.2671780586242676,40,,CenterFallback,1,54,31.9,,,[]
20250720_111939_607,-14,40,40,11.6,9.787004725063625,-92.06598663330078,-92.06598663330078,0.09649395942687988,0.2690138816833496,40,,CenterFallback,1,53,30.5,,,[]
20250720_111939_974,-14,40,40,11.6,10.349823043706863,-91.9527587890625,-91.9527587890625,0.10010838508605957,0.2684633731842041,40,,CenterFallback,1,53,30.5,,,[]
20250720_111940_344,-14,40,40,11.6,10.242719523834523,-92.14871215820312,-92.14871215820312,0.09910082817077637,0.26731061935424805,40,,CenterFallback,1,53,30.5,,,[]
20250720_111940_712,-14,40,40,11.6,10.156920171079008,-91.9527587890625,-91.9527587890625,0.09229731559753418,0.26836419105529785,40,,CenterFallback,1,53,30.5,,,[]
20250720_111941_074,-13,40,40,11.6,10.285587567015597,-93.44287109375,-93.44287109375,0.09741902351379395,0.26708078384399414,40,,CenterFallback,1,51,27.6,,,[]
20250720_111941_440,-13,39,39,10.2,9.198423662074617,-92.21604919433594,-92.21604919433594,0.10047245025634766,0.2680203914642334,39,,CenterFallback,1,52,29.0,,,[]
20250720_111941_810,-13,39,39,10.2,10.113929208251449,-93.62672424316406,-93.62672424316406,0.09974813461303711,0.26889777183532715,39,,CenterFallback,1,54,31.9,,,[]
20250720_111942_180,-13,39,39,10.2,9.272338836510372,-92.21520233154297,-92.21520233154297,0.10020565986633301,0.2684035301208496,39,,CenterFallback,1,52,29.0,,,[]
20250720_111942_550,-13,39,39,10.2,10.348051699376924,-93.42042541503906,-93.42042541503906,0.10441040992736816,0.26815009117126465,39,,CenterFallback,1,54,31.9,,,[]
20250720_111942_924,-13,39,39,10.2,8.962109154943846,-92.06598663330078,-92.06598663330078,0.10236239433288574,0.2679898738861084,39,,CenterFallback,1,52,29.0,,,[]
20250720_111943_296,-13,39,39,10.2,10.411122387605275,-93.35050048828126,-93.35050048828126,0.10038614273071289,0.2679882049560547,39,,CenterFallback,1,54,31.9,,,[]
20250720_111943_666,-13,39,39,10.2,8.961136823527355,-91.62976837158203,-91.62976837158203,0.10016512870788574,0.2683720588684082,39,,CenterFallback,1,52,29.0,,,[]
20250720_111944_036,-13,39,39,10.2,10.408600047187036,-93.37477989196778,-93.37477989196778,0.10585713386535645,0.26862120628356934,39,,CenterFallback,1,54,31.9,,,[]
20250720_111944_412,-13,39,39,10.2,9.26822092367675,-91.67446899414062,-91.67446899414062,0.09454131126403809,0.2679300308227539,39,,CenterFallback,1,52,29.0,,,[]
20250720_111944_776,-12,39,39,10.2,10.74943695748182,-93.28813934326172,-93.28813934326172,0.11066412925720215,0.26788806915283203,39,,CenterFallback,1,54,31.9,,,[]
20250720_111945_156,-12,39,39,10.2,8.367988777759734,-94.25724792480469,-94.25724792480469,0.09773588180541992,0.26864027976989746,39,,CenterFallback,1,49,24.7,,,[]
20250720_111945_524,-12,38,38,8.7,7.877281195061855,-93.91798400878906,-93.91798400878906,0.0969538688659668,0.267653226852417,38,,CenterFallback,1,51,27.6,,,[]
20250720_111945_890,-12,38,38,8.7,8.595850084905848,-93.24492645263672,-93.24492645263672,0.09675455093383789,0.2677791118621826,38,,CenterFallback,1,52,29.0,,,[]
20250720_111946_256,-12,39,39,10.2,9.075463187311811,-93.79424285888672,-93.79424285888672,0.10142230987548828,0.26880383491516113,39,,CenterFallback,1,50,26.1,,,[]
20250720_111946_627,-12,39,39,10.2,8.300515187757725,-94.68475341796875,-94.68475341796875,0.09683752059936523,0.26786088943481445,39,,CenterFallback,1,49,24.7,,,[]
20250720_111946_994,-12,39,39,10.2,7.75954176316516,-94.6549072265625,-94.6549072265625,0.10237908363342285,0.2681698799133301,39,,CenterFallback,1,49,24.7,,,[]
20250720_111947_366,-12,39,39,10.2,7.7578691767453165,-94.93123626708984,-94.93123626708984,0.1044771671295166,0.26802802085876465,39,,CenterFallback,1,49,24.7,,,[]
20250720_111947_740,-12,39,39,10.2,7.872072081063834,-94.45152282714844,-94.45152282714844,0.0974886417388916,0.2690751552581787,39,,CenterFallback,1,49,24.7,,,[]
20250720_111948_108,-12,39,39,10.2,7.876130368077128,-94.56656646728516,-94.56656646728516,0.09649181365966797,0.2679266929626465,39,,CenterFallback,1,49,24.7,,,[]
20250720_111948_474,-12,38,38,8.7,8.196141254636316,-93.74571990966797,-93.74571990966797,0.10257816314697266,0.2680373191833496,38,,CenterFallback,1,51,27.6,,,[]
20250720_111948_846,-11,38,38,8.7,8.366606327633036,-94.33944702148438,-94.33944702148438,0.09556937217712402,0.2686893939971924,38,,CenterFallback,1,52,29.0,,,[]
20250720_111949_212,-11,38,38,8.7,8.092082815445522,-94.59581756591797,-94.59581756591797,0.09560132026672363,0.2690086364746094,38,,CenterFallback,1,49,24.7,,,[]
20250720_111949_578,-11,38,38,8.7,7.908777264329558,-94.3353370666504,-94.3353370666504,0.10050415992736816,0.2677769660949707,38,,CenterFallback,1,49,24.7,,,[]
20250720_111949_948,-11,38,38,8.7,7.908770650512025,-94.25455017089844,-94.25455017089844,0.10001802444458008,0.2685534954071045,38,,CenterFallback,1,49,24.7,,,[]
20250720_111950_318,-11,38,38,8.7,7.907731736649154,-94.56081428527833,-94.56081428527833,0.09078407287597656,0.26764440536499023,38,,CenterFallback,1,49,24.7,,,[]
20250720_111950_678,-11,38,38,8.7,8.195037404661889,-94.1500015258789,-94.1500015258789,0.10104632377624512,0.2676279544830322,38,,CenterFallback,1,49,24.7,,,[]
20250720_111951_048,-11,38,38,8.7,7.908314388321898,-94.25455017089844,-94.25455017089844,0.09879040718078613,0.267596960067749,38,,CenterFallback,1,49,24.7,,,[]
20250720_111951_416,-11,38,38,8.7,8.195472720951656,-94.6549072265625,-94.6549072265625,0.09477043151855469,0.2678260803222656,38,,CenterFallback,1,49,24.7,,,[]
20250720_111951_780,-11,38,38,8.7,7.870603985607886,-94.56656646728516,-94.56656646728516,0.09302687644958496,0.26735663414001465,38,,CenterFallback,1,49,24.7,,,[]
20250720_111952_142,-11,38,38,8.7,8.053120730218126,-94.56656646728516,-94.56656646728516,0.09885215759277344,0.26737308502197266,38,,CenterFallback,1,49,24.7,,,[]
20250720_111952_510,-11,38,38,8.7,8.09905622613158,-94.33944702148438,-94.33944702148438,0.10091853141784668,0.267606258392334,38,,CenterFallback,1,49,24.7,,,[]
20250720_111952_880,-10,38,38,8.7,8.053572344588787,-94.6549072265625,-94.6549072265625,0.09487080574035645,0.2676520347595215,38,,CenterFallback,1,49,24.7,,,[]
20250720_111953_244,-10,NO_RADIO,38,8.7,7.269580529973041,-94.68475341796875,-94.68475341796875,0.096099853515625,0.10184764862060547,38,,CenterFallback,1,32,0,,,[]
20250720_111953_443,-10,37,37,7.3,25.43951108291472,-77.3259090423584,-77.3259090423584,0.09935641288757324,0.15815258026123047,37,37,YOLO,1,32,0,25.43951108291472,0,[]
20250720_111953_702,-10,37,37,7.3,25.440163012022182,-77.40788993835449,-77.40788993835449,0.10168051719665527,0.10171294212341309,37,37,YOLO,1,32,0,25.440163012022182,0,[]
20250720_111953_907,-10,37,37,7.3,25.51858050785833,-77.29053802490235,-77.29053802490235,0.0973963737487793,0.15816068649291992,37,37,YOLO,1,32,0,25.51858050785833,0,[]
20250720_111954_164,-10,37,37,7.3,25.608878971261547,-77.24296340942382,-77.24296340942382,0.09207940101623535,0.10180401802062988,37,37,YOLO,1,32,0,25.608878971261547,0,[]
20250720_111954_359,-10,37,37,7.3,25.533296675157487,-77.32304611206055,-77.32304611206055,0.10052895545959473,0.1582326889038086,37,37,YOLO,1,32,0,25.533296675157487,0,[]
20250720_111954_619,-10,37,37,7.3,25.6118613564787,-77.25548362731934,-77.25548362731934,0.09977340698242188,0.10183310508728027,37,37,YOLO,1,32,0,25.6118613564787,0,[]
20250720_111954_822,-10,37,37,7.3,25.459453264010435,-77.34808349609375,-77.34808349609375,0.10287237167358398,0.1581287384033203,37,37,YOLO,1,32,0,25.459453264010435,0,[]
20250720_111955_085,-10,37,37,7.3,25.30879876215917,-77.48799324035645,-77.48799324035645,0.09872055053710938,0.1017909049987793,37,37,YOLO,1,32,0,25.30879876215917,0,[]
20250720_111955_287,-10,37,37,7.3,25.19808545715739,-77.47604370117188,-77.47604370117188,0.09646844863891602,0.1580953598022461,37,37,YOLO,1,32,0,25.19808545715739,0,[]
20250720_111955_543,-10,37,37,7.3,25.284167530066725,-77.63851928710938,-77.63851928710938,0.10190987586975098,0.10184311866760254,37,37,YOLO,1,32,0,25.284167530066725,0,[]
20250720_111955_748,-10,37,37,7.3,25.242399797116576,-77.58709487915038,-77.58709487915038,0.09228038787841797,0.15814924240112305,37,37,YOLO,1,32,0,25.242399797116576,0,[]
20250720_111956_000,-10,37,37,7.3,25.126960956066867,-77.70102005004883,-77.70102005004883,0.09949612617492676,0.10177111625671387,37,37,YOLO,1,32,0,25.126960956066867,0,[]
20250720_111956_203,-10,37,37,7.3,24.99277450150204,-77.70912742614746,-77.70912742614746,0.09617328643798828,0.1582033634185791,37,37,YOLO,1,32,0,24.99277450150204,0,[]
20250720_111956_458,-10,37,37,7.3,24.974307534877042,-77.76778526306153,-77.76778526306153,0.09865212440490723,0.10182380676269531,37,37,YOLO,1,32,0,24.974307534877042,0,[]
20250720_111956_660,-10,37,37,7.3,25.146811885719586,-77.66615943908691,-77.66615943908691,0.10017228126525879,0.15836143493652344,37,37,YOLO,1,32,0,25.146811885719586,0,[]
20250720_111956_920,-10,37,37,7.3,25.21841586501138,-77.64695587158204,-77.64695587158204,0.10077643394470215,0.10174560546875,37,37,YOLO,1,32,0,25.21841586501138,0,[]
20250720_111957_124,-9,37,37,7.3,23.992482386284607,-78.76196174621582,-78.76196174621582,0.09952616691589355,0.15820908546447754,37,37,YOLO,1,32,0,23.992482386284607,0,[]
20250720_111957_384,-9,36,36,5.8,23.818249848044147,-78.94153099060058,-78.94153099060058,0.09659790992736816,0.10172891616821289,36,36,YOLO,1,32,0,23.818249848044147,0,[]
20250720_111957_583,-9,36,36,5.8,25.52664497346622,-77.35674743652343,-77.35674743652343,0.09821200370788574,0.15822935104370117,36,36,YOLO,1,32,0,25.52664497346622,0,[]
20250720_111957_841,-9,36,36,5.8,25.686858931512504,-77.22314186096192,-77.22314186096192,0.10034704208374023,0.10173368453979492,36,36,YOLO,1,32,0,25.686858931512504,0,[]
20250720_111958_045,-9,36,36,5.8,25.62885634801674,-77.07464027404785,-77.07464027404785,0.10472273826599121,0.15825438499450684,36,36,YOLO,1,32,0,25.62885634801674,0,[]
20250720_111958_309,-9,36,36,5.8,25.851755989168282,-77.01327934265137,-77.01327934265137,0.0994253158569336,0.10174798965454102,36,36,YOLO,1,32,0,25.851755989168282,0,[]
20250720_111958_512,-9,36,36,5.8,26.073944617362912,-76.80207672119141,-76.80207672119141,0.09861969947814941,0.15825700759887695,36,36,YOLO,1,32,0,26.073944617362912,0,[]
20250720_111958_770,-9,36,36,5.8,26.073868882007105,-76.90594062805175,-76.90594062805175,0.0985410213470459,0.10167980194091797,36,36,YOLO,1,32,0,26.073868882007105,0,[]
20250720_111958_972,-9,36,36,5.8,25.690000677253053,-77.16825103759766,-77.16825103759766,0.09587812423706055,0.15820097923278809,36,36,YOLO,1,32,0,25.690000677253053,0,[]
20250720_111959_228,-9,36,36,5.8,25.864170332007973,-76.91056861877442,-76.91056861877442,0.09851193428039551,0.10180473327636719,36,36,YOLO,1,32,0,25.864170332007973,0,[]
20250720_111959_429,-9,36,36,5.8,25.889793704377396,-77.00118255615234,-77.00118255615234,0.09823942184448242,0.15815472602844238,36,36,YOLO,1,32,0,25.889793704377396,0,[]
20250720_111959_687,-9,36,36,5.8,25.936366363492695,-76.92790718078614,-76.92790718078614,0.09778118133544922,0.10169291496276855,36,36,YOLO,1,32,0,25.936366363492695,0,[]
20250720_111959_888,-9,36,36,5.8,26.160497887957206,-76.61520614624024,-76.61520614624024,0.09661483764648438,0.158156156539917,36,36,YOLO,1,32,0,26.160497887957206,0,[]
20250720_112000_144,-9,36,36,5.8,26.031660380881775,-76.7823471069336,-76.7823471069336,0.09296965599060059,0.1017758846282959,36,36,YOLO,1,32,0,26.031660380881775,0,[]
20250720_112000_340,-9,36,36,5.8,25.916815771820225,-76.95628662109375,-76.95628662109375,0.09623432159423828,0.15814495086669922,36,36,YOLO,1,32,0,25.916815771820225,0,[]
20250720_112000_596,-9,36,36,5.8,25.70031037141041,-77.09407577514648,-77.09407577514648,0.09701323509216309,0.10175490379333496,36,36,YOLO,1,32,0,25.70031037141041,0,[]
20250720_112000_797,-9,36,36,5.8,25.405195084890764,-77.42131729125977,-77.42131729125977,0.09602928161621094,0.15814447402954102,36,36,YOLO,1,32,0,25.405195084890764,0,[]
20250720_112001_052,-8,36,36,5.8,25.423356132017005,-77.39825706481933,-77.39825706481933,0.1011970043182373,0.10174965858459473,36,36,YOLO,1,32,0,25.423356132017005,0,[]
20250720_112001_257,-8,36,36,5.8,24.98166462637508,-77.74970779418945,-77.74970779418945,0.09400534629821777,0.1582164764404297,36,36,YOLO,1,32,0,24.98166462637508,0,[]
20250720_112001_510,-8,36,36,5.8,24.927168538118096,-77.84919548034668,-77.84919548034668,0.09656238555908203,0.10174751281738281,36,36,YOLO,1,32,0,24.927168538118096,0,[]
20250720_112001_710,-8,36,36,5.8,25.043436162227664,-77.70732650756835,-77.70732650756835,0.1007070541381836,0.15813970565795898,36,36,YOLO,1,32,0,25.043436162227664,0,[]
20250720_112001_971,-8,36,36,5.8,25.153218780502215,-77.72505264282226,-77.72505264282226,0.10324239730834961,0.10181045532226562,36,36,YOLO,1,32,0,25.153218780502215,0,[]
20250720_112002_177,-8,36,36,5.8,25.352409947199348,-77.49488067626953,-77.49488067626953,0.09926414489746094,0.1581592559814453,36,36,YOLO,1,32,0,25.352409947199348,0,[]
20250720_112002_436,-8,36,36,5.8,25.414790819129948,-77.40850296020508,-77.40850296020508,0.10007286071777344,0.10182714462280273,36,36,YOLO,1,32,0,25.414790819129948,0,[]
20250720_112002_639,-8,36,36,5.8,25.03894056423556,-77.76276626586915,-77.76276626586915,0.10123038291931152,0.15820670127868652,36,36,YOLO,1,32,0,25.03894056423556,0,[]
20250720_112002_900,-8,36,36,5.8,25.24328350113852,-77.59121704101562,-77.59121704101562,0.09941959381103516,0.1017918586730957,36,36,YOLO,1,32,0,25.24328350113852,0,[]
20250720_112003_103,-8,36,36,5.8,25.169725355073,-77.7010498046875,-77.7010498046875,0.09639096260070801,0.1581108570098877,36,36,YOLO,1,32,0,25.169725355073,0,[]
20250720_112003_359,-8,36,36,5.8,25.07242074513225,-77.7769931793213,-77.7769931793213,0.09498405456542969,0.10179257392883301,36,36,YOLO,1,32,0,25.07242074513225,0,[]
20250720_112003_557,-8,36,36,5.8,24.67425358472515,-78.09945297241211,-78.09945297241211,0.09452271461486816,0.15826058387756348,36,36,YOLO,1,32,0,24.67425358472515,0,[]
20250720_112003_812,-8,36,36,5.8,24.760489220776662,-78.07858924865722,-78.07858924865722,0.10029435157775879,0.10176229476928711,36,36,YOLO,1,32,0,24.760489220776662,0,[]
20250720_112004_015,-8,36,36,5.8,24.627353929554317,-78.10563659667969,-78.10563659667969,0.09910869598388672,0.1582186222076416,36,36,YOLO,1,32,0,24.627353929554317,0,[]
20250720_112004_274,-8,36,36,5.8,24.648587631084013,-78.16512947082519,-78.16512947082519,0.09830045700073242,0.10171699523925781,36,36,YOLO,1,32,0,24.648587631084013,0,[]
20250720_112004_475,-8,36,36,5.8,25.167757279742887,-77.54704627990722,-77.54704627990722,0.09561634063720703,0.15825796127319336,36,36,YOLO,1,32,0,25.167757279742887,0,[]
20250720_112004_731,-8,36,36,5.8,25.18983017595272,-77.64977531433105,-77.64977531433105,0.0989234447479248,0.10173845291137695,36,36,YOLO,1,32,0,25.18983017595272,0,[]
20250720_112004_933,-7,36,36,5.8,24.446783464665998,-78.27871017456054,-78.27871017456054,0.09258818626403809,0.15814685821533203,36,36,YOLO,1,32,0,24.446783464665998,0,[]
20250720_112005_185,-7,36,36,5.8,23.725701299197297,-79.01896667480469,-79.01896667480469,0.09875106811523438,0.10176825523376465,36,36,YOLO,1,32,0,23.725701299197297,0,[]
20250720_112005_387,-7,35,35,4.4,24.572920327824278,-78.18775520324706,-78.18775520324706,0.09588170051574707,0.15820717811584473,35,35,YOLO,1,32,0,24.572920327824278,0,[]
20250720_112005_643,-7,35,35,4.4,24.488813975288394,-78.33929061889648,-78.33929061889648,0.09693574905395508,0.10171294212341309,35,35,YOLO,1,32,0,24.488813975288394,0,[]
20250720_112005_843,-7,35,35,4.4,24.313235216091513,-78.47428512573242,-78.47428512573242,0.0961449146270752,0.15815329551696777,35,35,YOLO,1,32,0,24.313235216091513,0,[]
20250720_112006_098,-7,35,35,4.4,24.468894807945247,-78.39559173583984,-78.39559173583984,0.09276032447814941,0.10177755355834961,35,35,YOLO,1,32,0,24.468894807945247,0,[]
20250720_112006_294,-7,35,35,4.4,24.588666903637375,-78.17883491516113,-78.17883491516113,0.09989309310913086,0.1580498218536377,35,35,YOLO,1,32,0,24.588666903637375,0,[]
20250720_112006_554,-7,35,35,4.4,24.70149917899444,-78.12609100341797,-78.12609100341797,0.09954977035522461,0.10176825523376465,35,35,YOLO,1,32,0,24.70149917899444,0,[]
20250720_112006_757,-7,35,35,4.4,24.983204794015094,-77.85724334716797,-77.85724334716797,0.10106682777404785,0.15817975997924805,35,35,YOLO,1,32,0,24.983204794015094,0,[]
20250720_112007_017,-7,35,35,4.4,25.024105099023004,-77.7140609741211,-77.7140609741211,0.09813308715820312,0.10174989700317383,35,35,YOLO,1,32,0,25.024105099023004,0,[]
20250720_112007_219,-7,35,35,4.4,24.89406064850634,-77.8891975402832,-77.8891975402832,0.09844374656677246,0.15819978713989258,35,35,YOLO,1,32,0,24.89406064850634,0,[]
20250720_112007_477,-7,35,35,4.4,24.87123548106625,-77.87659187316895,-77.87659187316895,0.09884262084960938,0.10191154479980469,35,35,YOLO,1,32,0,24.87123548106625,0,[]
20250720_112007_679,-7,35,35,4.4,25.03386232045915,-77.84107666015625,-77.84107666015625,0.1015622615814209,0.1582036018371582,35,35,YOLO,1,32,0,25.03386232045915,0,[]
20250720_112007_940,-7,35,35,4.4,24.997662724959326,-77.70957984924317,-77.70957984924317,0.10249090194702148,0.1017460823059082,35,35,YOLO,1,32,0,24.997662724959326,0,[]
20250720_112008_146,-7,35,35,4.4,24.918909826685493,-77.9320297241211,-77.9320297241211,0.09952044486999512,0.15832042694091797,35,35,YOLO,1,32,0,24.918909826685493,0,[]
20250720_112008_405,-7,35,35,4.4,24.66336257929396,-78.09971618652344,-78.09971618652344,0.10229349136352539,0.10176897048950195,35,35,YOLO,1,32,0,24.66336257929396,0,[]
20250720_112008_611,-7,35,35,4.4,24.54294536911644,-78.2565315246582,-78.2565315246582,0.09833335876464844,0.15823817253112793,35,35,YOLO,1,32,0,24.54294536911644,0,[]
20250720_112008_869,-7,35,35,4.4,24.47090303787516,-78.38504028320312,-78.38504028320312,0.10270452499389648,0.10183286666870117,35,35,YOLO,1,32,0,24.47090303787516,0,[]
20250720_112009_075,-6,35,35,4.4,22.497889485611452,-80.1044261932373,-80.1044261932373,0.10173630714416504,0.15819382667541504,35,35,YOLO,1,32,0,22.497889485611452,0,[]
20250720_112009_337,-6,34,34,2.9,22.44697569827045,-80.29055938720703,-80.29055938720703,0.10017561912536621,0.10212230682373047,34,34,YOLO,1,32,0,22.44697569827045,0,[]
20250720_112009_541,-6,34,34,2.9,24.712254089065837,-77.99088745117187,-77.99088745117187,0.09838104248046875,0.15824222564697266,34,34,YOLO,1,32,0,24.712254089065837,0,[]
20250720_112009_799,-6,34,34,2.9,24.631360250161762,-78.20748901367188,-78.20748901367188,0.09981131553649902,0.10174703598022461,34,34,YOLO,1,32,0,24.631360250161762,0,[]
20250720_112010_002,-6,34,34,2.9,24.717648769699082,-78.09100875854492,-78.09100875854492,0.09478425979614258,0.1582334041595459,34,34,YOLO,1,32,0,24.717648769699082,0,[]
20250720_112010_256,-6,34,34,2.9,24.664931600140278,-78.07855682373047,-78.07855682373047,0.09900450706481934,0.10172462463378906,34,34,YOLO,1,32,0,24.664931600140278,0,[]
20250720_112010_458,-6,34,34,2.9,24.292090307396165,-78.53949928283691,-78.53949928283691,0.09430336952209473,0.15822243690490723,34,34,YOLO,1,32,0,24.292090307396165,0,[]
20250720_112010_712,-6,34,34,2.9,24.362950048129235,-78.46440887451172,-78.46440887451172,0.09993124008178711,0.10178637504577637,34,34,YOLO,1,32,0,24.362950048129235,0,[]
20250720_112010_916,-6,34,34,2.9,24.586591163637692,-78.2744686126709,-78.2744686126709,0.09847807884216309,0.1581439971923828,34,34,YOLO,1,32,0,24.586591163637692,0,[]
20250720_112011_174,-6,34,34,2.9,24.65726825373656,-78.14804725646972,-78.14804725646972,0.10088682174682617,0.10174345970153809,34,34,YOLO,1,32,0,24.65726825373656,0,[]
20250720_112011_378,-6,34,34,2.9,24.460869736459856,-78.28467636108398,-78.28467636108398,0.10041069984436035,0.15877056121826172,34,34,YOLO,1,32,0,24.460869736459856,0,[]
20250720_112011_639,-6,34,34,2.9,24.55903842629182,-78.24683380126953,-78.24683380126953,0.10075736045837402,0.10187649726867676,34,34,YOLO,1,32,0,24.55903842629182,0,[]
20250720_112011_843,-6,34,34,2.9,24.618076529239616,-78.14870948791504,-78.14870948791504,0.10193371772766113,0.15808773040771484,34,34,YOLO,1,32,0,24.618076529239616,0,[]
20250720_112012_104,-6,34,34,2.9,24.761346435411724,-78.10445404052734,-78.10445404052734,0.10322880744934082,0.10177850723266602,34,34,YOLO,1,32,0,24.761346435411724,0,[]
20250720_112012_311,-6,34,34,2.9,24.317189589708462,-78.44339790344239,-78.44339790344239,0.0992274284362793,0.15812301635742188,34,34,YOLO,1,32,0,24.317189589708462,0,[]
20250720_112012_570,-6,34,34,2.9,24.41305074316753,-78.37018661499023,-78.37018661499023,0.09598994255065918,0.10183334350585938,34,34,YOLO,1,32,0,24.41305074316753,0,[]
20250720_112012_769,-6,34,34,2.9,24.886068219414184,-77.87671661376953,-77.87671661376953,0.09752297401428223,0.15822696685791016,34,34,YOLO,1,32,0,24.886068219414184,0,[]
20250720_112013_026,-5,34,34,2.9,24.994419449135123,-77.79721717834472,-77.79721717834472,0.09583759307861328,0.10177397727966309,34,34,YOLO,1,32,0,24.994419449135123,0,[]
20250720_112013_225,-5,34,34,2.9,23.340939694923193,-79.34594612121582,-79.34594612121582,0.0966939926147461,0.158125638961792,34,34,YOLO,1,32,0,23.340939694923193,0,[]
20250720_112013_482,-5,33,33,1.5,23.267154269094632,-79.48082962036133,-79.48082962036133,0.09599971771240234,0.1018669605255127,33,33,YOLO,1,32,0,23.267154269094632,0,[]
20250720_112013_681,-5,33,33,1.5,25.690044295525567,-77.09011116027833,-77.09011116027833,0.09946298599243164,0.1582028865814209,33,33,YOLO,1,32,0,25.690044295525567,0,[]
20250720_112013_940,-5,33,33,1.5,25.763099369014085,-77.06493949890137,-77.06493949890137,0.09812355041503906,0.10172843933105469,33,33,YOLO,1,32,0,25.763099369014085,0,[]
20250720_112014_142,-5,33,33,1.5,25.400184103839834,-77.44253768920899,-77.44253768920899,0.0949394702911377,0.1581583023071289,33,33,YOLO,1,32,0,25.400184103839834,0,[]
20250720_112014_396,-5,33,33,1.5,25.468786710906016,-77.37017860412598,-77.37017860412598,0.09250116348266602,0.10178112983703613,33,33,YOLO,1,32,0,25.468786710906016,0,[]
20250720_112014_592,-5,33,33,1.5,25.54468641754572,-77.25325927734374,-77.25325927734374,0.09509611129760742,0.15822768211364746,33,33,YOLO,1,32,0,25.54468641754572,0,[]
20250720_112014_847,-5,34,34,2.9,25.46298971540486,-77.2060390472412,-77.2060390472412,0.1099393367767334,0.10174369812011719,34,34,YOLO,1,32,0,25.46298971540486,0,[]
20250720_112015_060,-5,34,34,2.9,24.11650663838573,-78.6364315032959,-78.6364315032959,0.09676861763000488,0.1581587791442871,34,34,YOLO,1,32,0,24.11650663838573,0,[]
20250720_112015_316,-5,34,34,2.9,24.163894769866175,-78.69402542114258,-78.69402542114258,0.10493135452270508,0.10177206993103027,34,34,YOLO,1,32,0,24.163894769866175,0,[]
20250720_112015_524,-5,34,34,2.9,24.13720014481048,-78.72284736633301,-78.72284736633301,0.09864091873168945,0.15818381309509277,34,34,YOLO,1,32,0,24.13720014481048,0,[]
20250720_112015_783,-5,34,34,2.9,23.97391058927657,-78.74690246582031,-78.74690246582031,0.08940815925598145,0.10168957710266113,34,34,YOLO,1,32,0,23.97391058927657,0,[]
20250720_112015_975,-5,34,34,2.9,23.76555665220488,-78.86514854431152,-78.86514854431152,0.08646798133850098,0.15817642211914062,34,34,YOLO,1,32,0,23.76555665220488,0,[]
20250720_112016_221,-5,34,34,2.9,23.74036654775726,-78.92222099304199,-78.92222099304199,0.10419392585754395,0.10182666778564453,34,34,YOLO,1,32,0,23.74036654775726,0,[]
20250720_112016_429,-5,34,34,2.9,23.608853966403473,-79.14316673278809,-79.14316673278809,0.09643912315368652,0.15816807746887207,34,34,YOLO,1,32,0,23.608853966403473,0,[]
20250720_112016_685,-5,34,34,2.9,23.803795283433345,-78.98936386108399,-78.98936386108399,0.09980249404907227,0.10174179077148438,34,34,YOLO,1,32,0,23.803795283433345,0,[]
20250720_112016_888,-4,34,34,2.9,23.799267770831932,-79.03116607666016,-79.03116607666016,0.09860014915466309,0.1582050323486328,34,34,YOLO,1,32,0,23.799267770831932,0,[]
20250720_112017_146,-4,34,34,2.9,22.461014731716432,-80.23413619995117,-80.23413619995117,0.09697818756103516,0.10179638862609863,34,34,YOLO,1,32,0,22.461014731716432,0,[]
20250720_112017_347,-4,33,33,1.5,25.032687519583618,-77.75261878967285,-77.75261878967285,0.0926210880279541,0.15825152397155762,33,33,YOLO,1,32,0,25.032687519583618,0,[]
20250720_112017_599,-4,33,33,1.5,25.09079682108667,-77.70970001220704,-77.70970001220704,0.08789944648742676,0.10175752639770508,33,33,YOLO,1,32,0,25.09079682108667,0,[]
20250720_112017_790,-4,33,33,1.5,25.3125565374406,-77.43909378051758,-77.43909378051758,0.09630060195922852,0.15830683708190918,33,33,YOLO,1,32,0,25.3125565374406,0,[]
20250720_112018_046,-4,33,33,1.5,25.235462822084543,-77.42626686096192,-77.42626686096192,0.09505748748779297,0.10180950164794922,33,33,YOLO,1,32,0,25.235462822084543,0,[]
20250720_112018_245,-4,33,33,1.5,25.183514414527536,-77.58709487915038,-77.58709487915038,0.09996700286865234,0.15811991691589355,33,33,YOLO,1,32,0,25.183514414527536,0,[]
20250720_112018_504,-4,33,33,1.5,25.038185670989392,-77.59613151550293,-77.59613151550293,0.09583830833435059,0.101898193359375,33,33,YOLO,1,32,0,25.038185670989392,0,[]
20250720_112018_704,-4,33,33,1.5,25.31879053659,-77.46970405578614,-77.46970405578614,0.0944375991821289,0.15822505950927734,33,33,YOLO,1,32,0,25.31879053659,0,[]
20250720_112018_958,-4,33,33,1.5,25.442351849796808,-77.44177551269532,-77.44177551269532,0.10135912895202637,0.10175371170043945,33,33,YOLO,1,32,0,25.442351849796808,0,[]
20250720_112019_162,-4,33,33,1.5,24.854629795454457,-77.90089492797851,-77.90089492797851,0.09776425361633301,0.15836429595947266,33,33,YOLO,1,32,0,24.854629795454457,0,[]
20250720_112019_420,-4,33,33,1.5,24.806696414410965,-78.02830238342285,-78.02830238342285,0.10059738159179688,0.10172700881958008,33,33,YOLO,1,32,0,24.806696414410965,0,[]
20250720_112019_624,-4,33,33,1.5,24.754603878546533,-77.97258529663085,-77.97258529663085,0.10181307792663574,0.15817761421203613,33,33,YOLO,1,32,0,24.754603878546533,0,[]
20250720_112019_885,-4,33,33,1.5,24.842925049747492,-77.94134559631348,-77.94134559631348,0.09876823425292969,0.10175943374633789,33,33,YOLO,1,32,0,24.842925049747492,0,[]
20250720_112020_087,-4,33,33,1.5,25.164163977970034,-77.59145050048828,-77.59145050048828,0.10086560249328613,0.1581287384033203,33,33,YOLO,1,32,0,25.164163977970034,0,[]
20250720_112020_348,-4,33,33,1.5,25.261490071556523,-77.62011375427247,-77.62011375427247,0.09941244125366211,0.10176801681518555,33,33,YOLO,1,32,0,25.261490071556523,0,[]
20250720_112020_551,-4,33,33,1.5,24.603397838674653,-78.08605461120605,-78.08605461120605,0.10062217712402344,0.15827393531799316,33,33,YOLO,1,32,0,24.603397838674653,0,[]
20250720_112020_811,-4,33,33,1.5,24.5852709849253,-78.10498046875,-78.10498046875,0.09662818908691406,0.10179400444030762,33,33,YOLO,1,32,0,24.5852709849253,0,[]
20250720_112021_011,-3,33,33,1.5,23.850655275031286,-78.90576858520508,-78.90576858520508,0.10070919990539551,0.15819931030273438,33,33,YOLO,1,32,0,23.850655275031286,0,[]
20250720_112021_271,-3,32,32,0,23.764863999663262,-79.09482002258301,-79.09482002258301,0.09656667709350586,0.10175347328186035,32,32,YOLO,1,32,0,23.764863999663262,0,[]
20250720_112021_471,-3,32,32,0,25.23419340172596,-77.59381866455078,-77.59381866455078,0.09973025321960449,0.15834951400756836,32,32,YOLO,1,32,0,25.23419340172596,0,[]
20250720_112021_731,-3,32,32,0,25.268913281127524,-77.5103530883789,-77.5103530883789,0.09156155586242676,0.1017756462097168,32,32,YOLO,1,32,0,25.268913281127524,0,[]
20250720_112021_925,-3,32,32,0,25.324564489489504,-77.3433433532715,-77.3433433532715,0.10084986686706543,0.15826892852783203,32,32,YOLO,1,32,0,25.324564489489504,0,[]
20250720_112022_186,-3,32,32,0,25.297733713200444,-77.38850212097168,-77.38850212097168,0.10116767883300781,0.10184741020202637,32,32,YOLO,1,32,0,25.297733713200444,0,[]
20250720_112022_391,-3,32,32,0,25.61809196183671,-77.28304328918458,-77.28304328918458,0.10185456275939941,0.15826129913330078,32,32,YOLO,1,32,0,25.61809196183671,0,[]
20250720_112022_652,-3,32,32,0,25.619005263437245,-77.1700653076172,-77.1700653076172,0.09959125518798828,0.10187482833862305,32,32,YOLO,1,32,0,25.619005263437245,0,[]
20250720_112022_855,-3,32,32,0,25.192410970162456,-77.48416137695312,-77.48416137695312,0.10117363929748535,0.15824604034423828,32,32,YOLO,1,32,0,25.192410970162456,0,[]
20250720_112023_116,-3,32,32,0,25.15350666901749,-77.57618293762206,-77.57618293762206,0.0962069034576416,0.10167145729064941,32,32,YOLO,1,32,0,25.15350666901749,0,[]
20250720_112023_315,-3,32,32,0,25.142177624660007,-77.60764541625977,-77.60764541625977,0.09548735618591309,0.15828227996826172,32,32,YOLO,1,32,0,25.142177624660007,0,[]
20250720_112023_571,-3,32,32,0,25.26297277832333,-77.52415466308594,-77.52415466308594,0.10118508338928223,0.10187864303588867,32,32,YOLO,1,32,0,25.26297277832333,0,[]
20250720_112023_775,-3,32,32,0,25.176455706030836,-77.5709072113037,-77.5709072113037,0.0995635986328125,0.15828847885131836,32,32,YOLO,1,32,0,25.176455706030836,0,[]
20250720_112024_035,-3,32,32,0,25.20779716845682,-77.52472686767578,-77.52472686767578,0.09931492805480957,0.10173654556274414,32,32,YOLO,1,32,0,25.20779716845682,0,[]
20250720_112024_237,-3,32,32,0,25.19551874523779,-77.64739990234375,-77.64739990234375,0.0989370346069336,0.15809321403503418,32,32,YOLO,1,32,0,25.19551874523779,0,[]
20250720_112024_496,-3,32,32,0,25.195310889834047,-77.49831428527833,-77.49831428527833,0.09822344779968262,0.10178971290588379,32,32,YOLO,1,32,0,25.195310889834047,0,[]
20250720_112024_697,-3,32,32,0,25.459702624317146,-77.29665107727051,-77.29665107727051,0.09763193130493164,0.15813541412353516,32,32,YOLO,1,32,0,25.459702624317146,0,[]
20250720_112024_954,-2,32,32,0,25.481503914759386,-77.17053489685058,-77.17053489685058,0.10140013694763184,0.10178160667419434,32,32,YOLO,1,32,0,25.481503914759386,0,[]
20250720_112025_159,-2,32,32,0,23.47349721834152,-79.20149993896484,-79.20149993896484,0.09849071502685547,0.15822887420654297,32,32,YOLO,1,32,0,23.47349721834152,0,[]
20250720_112025_417,-2,31,31,-1.5,23.238516134208055,-79.47698974609375,-79.47698974609375,0.0970308780670166,0.10175228118896484,31,31,YOLO,1,32,0,23.238516134208055,0,[]
20250720_112025_617,-2,31,31,-1.5,25.699063429032307,-77.02986907958984,-77.02986907958984,0.09497785568237305,0.15818095207214355,31,31,YOLO,1,32,0,25.699063429032307,0,[]
20250720_112025_872,-2,32,32,0,25.71908450124927,-77.09159698486329,-77.09159698486329,0.10056757926940918,0.10181021690368652,32,32,YOLO,1,32,0,25.71908450124927,0,[]
20250720_112026_076,-2,32,32,0,23.989659629795028,-78.77941818237305,-78.77941818237305,0.10057258605957031,0.15813779830932617,32,32,YOLO,1,32,0,23.989659629795028,0,[]
20250720_112026_336,-2,32,32,0,24.080666029737813,-78.76931648254394,-78.76931648254394,0.10009288787841797,0.10176849365234375,32,32,YOLO,1,32,0,24.080666029737813,0,[]
20250720_112026_539,-2,32,32,0,24.374194331371996,-78.42738342285156,-78.42738342285156,0.09829401969909668,0.15838074684143066,32,32,YOLO,1,32,0,24.374194331371996,0,[]
20250720_112026_798,-2,32,32,0,24.101961527945747,-78.5684799194336,-78.5684799194336,0.08793282508850098,0.10181117057800293,32,32,YOLO,1,32,0,24.101961527945747,0,[]
20250720_112026_989,-2,32,32,0,24.301003050281906,-78.55896949768066,-78.55896949768066,0.09405350685119629,0.15835189819335938,32,32,YOLO,1,32,0,24.301003050281906,0,[]
20250720_112027_243,-2,32,32,0,24.275717460558454,-78.58594856262206,-78.58594856262206,0.09459853172302246,0.10181117057800293,32,32,YOLO,1,32,0,24.275717460558454,0,[]
20250720_112027_441,-2,32,32,0,24.180841796670364,-78.54157218933105,-78.54157218933105,0.0985558032989502,0.15833520889282227,32,32,YOLO,1,32,0,24.180841796670364,0,[]
20250720_112027_699,-2,32,32,0,24.287189887022322,-78.51537170410157,-78.51537170410157,0.0933372974395752,0.1018216609954834,32,32,YOLO,1,32,0,24.287189887022322,0,[]
20250720_112027_896,-2,32,32,0,23.96398889602952,-78.79393577575684,-78.79393577575684,0.09728884696960449,0.15826129913330078,32,32,YOLO,1,32,0,23.96398889602952,0,[]
20250720_112028_153,-2,32,32,0,24.102047982887143,-78.71916847229004,-78.71916847229004,0.09975481033325195,0.10179281234741211,32,32,YOLO,1,32,0,24.102047982887143,0,[]
20250720_112028_356,-2,32,32,0,23.9890832371009,-78.8030502319336,-78.8030502319336,0.09992265701293945,0.1581888198852539,32,32,YOLO,1,32,0,23.9890832371009,0,[]
20250720_112028_616,-2,32,32,0,24.107082607282166,-78.70720710754395,-78.70720710754395,0.0856471061706543,0.10184359550476074,32,32,YOLO,1,32,0,24.107082607282166,0,[]
20250720_112028_805,-2,32,32,0,24.00228139938926,-78.82774276733399,-78.82774276733399,0.09879946708679199,0.15816020965576172,32,32,YOLO,1,32,0,24.00228139938926,0,[]
20250720_112029_064,-1,32,32,0,23.82298039256274,-78.90077514648438,-78.90077514648438,0.09504270553588867,0.1017601490020752,32,32,YOLO,1,32,0,23.82298039256274,0,[]
20250720_112029_262,-1,31,31,-1.5,24.49170638971023,-78.28467636108398,-78.28467636108398,0.09343504905700684,0.15822482109069824,31,31,YOLO,1,32,0,24.49170638971023,0,[]
20250720_112029_515,-1,31,31,-1.5,24.349831652010693,-78.37544250488281,-78.37544250488281,0.08792471885681152,0.10180377960205078,31,31,YOLO,1,32,0,24.349831652010693,0,[]
20250720_112029_706,-1,31,31,-1.5,24.911210716041268,-77.93165092468261,-77.93165092468261,0.09540915489196777,0.1581249237060547,31,31,YOLO,1,32,0,24.911210716041268,0,[]
20250720_112029_961,-1,31,31,-1.5,24.911926388484588,-77.7914264678955,-77.7914264678955,0.09793758392333984,0.1017923355102539,31,31,YOLO,1,32,0,24.911926388484588,0,[]
20250720_112030_162,-1,31,31,-1.5,24.895233796574843,-77.84120063781738,-77.84120063781738,0.10015225410461426,0.15819954872131348,31,31,YOLO,1,32,0,24.895233796574843,0,[]
20250720_112030_422,-1,31,31,-1.5,25.102276165837324,-77.63804702758789,-77.63804702758789,0.09979248046875,0.10177731513977051,31,31,YOLO,1,32,0,25.102276165837324,0,[]
20250720_112030_625,-1,31,31,-1.5,25.09597069744882,-77.73900604248047,-77.73900604248047,0.09724807739257812,0.15816926956176758,31,31,YOLO,1,32,0,25.09597069744882,0,[]
20250720_112030_882,-1,31,31,-1.5,25.208885367498496,-77.55884552001953,-77.55884552001953,0.09812378883361816,0.10170340538024902,31,31,YOLO,1,32,0,25.208885367498496,0,[]
20250720_112031_083,-1,31,31,-1.5,25.100618433741687,-77.52289123535157,-77.52289123535157,0.09727334976196289,0.15818023681640625,31,31,YOLO,1,32,0,25.100618433741687,0,[]
20250720_112031_340,-1,31,31,-1.5,25.097583108469806,-77.70276756286621,-77.70276756286621,0.10060763359069824,0.10177302360534668,31,31,YOLO,1,32,0,25.097583108469806,0,[]
20250720_112031_544,-1,31,31,-1.5,24.956897389885313,-77.75814208984374,-77.75814208984374,0.09582948684692383,0.15818095207214355,31,31,YOLO,1,32,0,24.956897389885313,0,[]
20250720_112031_800,-1,31,31,-1.5,25.003491454408092,-77.79443168640137,-77.79443168640137,0.09532713890075684,0.10177898406982422,31,31,YOLO,1,32,0,25.003491454408092,0,[]
20250720_112031_998,-1,31,31,-1.5,24.81312915464136,-77.89173889160156,-77.89173889160156,0.09277987480163574,0.1582479476928711,31,31,YOLO,1,32,0,24.81312915464136,0,[]
20250720_112032_251,-1,31,31,-1.5,24.711270485505736,-78.00569610595703,-78.00569610595703,0.10024237632751465,0.10179948806762695,31,31,YOLO,1,32,0,24.711270485505736,0,[]
20250720_112032_454,-1,31,31,-1.5,25.065897628452518,-77.57230529785156,-77.57230529785156,0.1007688045501709,0.1583414077758789,31,31,YOLO,1,32,0,25.065897628452518,0,[]
20250720_112032_715,-1,31,31,-1.5,25.100718014961117,-77.66447067260742,-77.66447067260742,0.10107588768005371,0.10179829597473145,31,31,YOLO,1,32,0,25.100718014961117,0,[]
20250720_112032_919,0,31,31,-1.5,24.393923214602168,-78.38570709228516,-78.38570709228516,0.08666205406188965,0.15814423561096191,31,31,YOLO,1,32,0,24.393923214602168,0,[]
20250720_112033_165,0,31,31,-1.5,23.654429485971818,-79.11076545715332,-79.11076545715332,0.0960850715637207,0.10185956954956055,31,31,YOLO,1,32,0,23.654429485971818,0,[]
20250720_112033_365,0,30,30,-2.9,25.8916733008588,-76.96083450317383,-76.96083450317383,0.09551882743835449,0.15822577476501465,30,30,YOLO,1,32,0,25.8916733008588,0,[]
20250720_112033_620,0,30,30,-2.9,25.846359181286303,-76.93209609985351,-76.93209609985351,0.0996863842010498,0.10180139541625977,30,30,YOLO,1,32,0,25.846359181286303,0,[]
20250720_112033_823,0,30,30,-2.9,25.761244233091276,-77.00578308105469,-77.00578308105469,0.10275912284851074,0.1582028865814209,30,30,YOLO,1,32,0,25.761244233091276,0,[]
20250720_112034_085,0,30,30,-2.9,25.60209570523348,-77.1247013092041,-77.1247013092041,0.10000157356262207,0.10187506675720215,30,30,YOLO,1,32,0,25.60209570523348,0,[]
20250720_112034_289,0,30,30,-2.9,25.61346582907612,-77.00570640563964,-77.00570640563964,0.09554743766784668,0.15816831588745117,30,30,YOLO,1,32,0,25.61346582907612,0,[]
20250720_112034_544,0,30,30,-2.9,25.747254101198237,-77.02987670898438,-77.02987670898438,0.09358906745910645,0.10181331634521484,30,30,YOLO,1,32,0,25.747254101198237,0,[]
20250720_112034_741,0,30,30,-2.9,25.61575840063813,-77.18578109741212,-77.18578109741212,0.10049843788146973,0.15813016891479492,30,30,YOLO,1,32,0,25.61575840063813,0,[]
20250720_112035_001,0,30,30,-2.9,25.61209855745753,-77.20984535217285,-77.20984535217285,0.10046172142028809,0.10172796249389648,30,30,YOLO,1,32,0,25.61209855745753,0,[]
20250720_112035_205,0,30,30,-2.9,25.73139880311676,-77.0042495727539,-77.0042495727539,0.10035872459411621,0.1581563949584961,30,30,YOLO,1,32,0,25.73139880311676,0,[]
20250720_112035_464,0,30,30,-2.9,25.658668958810992,-76.97903633117676,-76.97903633117676,0.0958254337310791,0.10175228118896484,30,30,YOLO,1,32,0,25.658668958810992,0,[]
20250720_112035_663,0,30,30,-2.9,25.80199128783967,-76.92808265686035,-76.92808265686035,0.09590959548950195,0.15820026397705078,30,30,YOLO,1,32,0,25.80199128783967,0,[]
20250720_112035_919,0,30,30,-2.9,25.912810713153178,-76.86799392700195,-76.86799392700195,0.09878063201904297,0.10178565979003906,30,30,YOLO,1,32,0,25.912810713153178,0,[]
20250720_112036_121,0,30,30,-2.9,25.644182803244888,-77.14505195617676,-77.14505195617676,0.10004901885986328,0.15822577476501465,30,30,YOLO,1,32,0,25.644182803244888,0,[]
20250720_112036_381,0,30,30,-2.9,25.556283071232045,-77.31061096191407,-77.31061096191407,0.09881877899169922,0.10181951522827148,30,30,YOLO,1,32,0,25.556283071232045,0,[]
20250720_112036_583,0,30,30,-2.9,25.58393664600497,-77.30833930969239,-77.30833930969239,0.09467768669128418,0.15816497802734375,30,30,YOLO,1,32,0,25.58393664600497,0,[]
20250720_112036_837,0,30,30,-2.9,25.660261962144915,-77.18952941894531,-77.18952941894531,0.09632611274719238,0.10188651084899902,30,30,YOLO,1,32,0,25.660261962144915,0,[]
20250720_112037_037,1,30,30,-2.9,24.349899944462024,-78.25639533996582,-78.25639533996582,0.10011696815490723,0.158156156539917,30,30,YOLO,1,32,0,24.349899944462024,0,[]
20250720_112037_297,1,29,29,-4.4,24.47328309976527,-78.31718292236329,-78.31718292236329,0.09787797927856445,0.1017310619354248,29,29,YOLO,1,32,0,24.47328309976527,0,[]
20250720_112037_498,1,29,29,-4.4,25.811548583277713,-77.09668731689453,-77.09668731689453,0.10065126419067383,0.158308744430542,29,29,YOLO,1,32,0,25.811548583277713,0,[]
20250720_112037_758,1,29,29,-4.4,25.852721013037794,-76.99740829467774,-76.99740829467774,0.10005569458007812,0.10182929039001465,29,29,YOLO,1,32,0,25.852721013037794,0,[]
20250720_112037_961,1,29,29,-4.4,26.019453374538188,-76.7823471069336,-76.7823471069336,0.09978866577148438,0.1582014560699463,29,29,YOLO,1,32,0,26.019453374538188,0,[]
20250720_112038_221,1,29,29,-4.4,26.032539016197745,-76.75760459899902,-76.75760459899902,0.09896397590637207,0.10180044174194336,29,29,YOLO,1,32,0,26.032539016197745,0,[]
20250720_112038_423,1,29,29,-4.4,25.73489983748459,-77.09407577514648,-77.09407577514648,0.09562969207763672,0.15815424919128418,29,29,YOLO,1,32,0,25.73489983748459,0,[]
20250720_112038_678,1,30,30,-2.9,25.674451242769393,-77.09856147766114,-77.09856147766114,0.10056471824645996,0.10179829597473145,30,30,YOLO,1,32,0,25.674451242769393,0,[]
20250720_112038_882,1,30,30,-2.9,25.111937414668603,-77.7632827758789,-77.7632827758789,0.09360218048095703,0.15817618370056152,30,30,YOLO,1,32,0,25.111937414668603,0,[]
20250720_112039_135,1,30,30,-2.9,25.13669848348816,-77.64692649841308,-77.64692649841308,0.09968447685241699,0.10198569297790527,30,30,YOLO,1,32,0,25.13669848348816,0,[]
20250720_112039_339,1,30,30,-2.9,25.127768475141636,-77.70018501281739,-77.70018501281739,0.0959768295288086,0.15816426277160645,30,30,YOLO,1,32,0,25.127768475141636,0,[]
20250720_112039_594,1,30,30,-2.9,25.011156714022334,-77.73822174072265,-77.73822174072265,0.10167860984802246,0.101776123046875,30,30,YOLO,1,32,0,25.011156714022334,0,[]
20250720_112039_799,1,30,30,-2.9,24.523617243371802,-78.19745635986328,-78.19745635986328,0.10374879837036133,0.15821242332458496,30,30,YOLO,1,32,0,24.523617243371802,0,[]
20250720_112040_062,1,30,30,-2.9,24.50586505841288,-78.19144058227539,-78.19144058227539,0.10027790069580078,0.10178518295288086,30,30,YOLO,1,32,0,24.50586505841288,0,[]
20250720_112040_266,1,30,30,-2.9,24.373129466353063,-78.35383796691895,-78.35383796691895,0.09502935409545898,0.15816950798034668,30,30,YOLO,1,32,0,24.373129466353063,0,[]
20250720_112040_521,1,29,29,-4.4,24.412307366094097,-78.39910888671875,-78.39910888671875,0.10018062591552734,0.1017608642578125,29,29,YOLO,1,32,0,24.412307366094097,0,[]
20250720_112040_724,1,29,29,-4.4,25.682706105467815,-77.11247367858887,-77.11247367858887,0.09671545028686523,0.1582186222076416,29,29,YOLO,1,32,0,25.682706105467815,0,[]
20250720_112040_980,2,29,29,-4.4,25.534351476475265,-77.13703575134278,-77.13703575134278,0.09939265251159668,0.10173821449279785,29,29,YOLO,1,32,0,25.534351476475265,0,[]
20250720_112041_183,2,29,29,-4.4,24.68520338545754,-78.15263366699219,-78.15263366699219,0.09724974632263184,0.15816640853881836,29,29,YOLO,1,32,0,24.68520338545754,0,[]
20250720_112041_440,2,28,28,-5.8,24.932737406637514,-77.84919548034668,-77.84919548034668,0.10309147834777832,0.10185956954956055,28,28,YOLO,1,32,0,24.932737406637514,0,[]
20250720_112041_646,2,29,29,-4.4,24.815348936606767,-77.89424133300781,-77.89424133300781,0.09868216514587402,0.1581275463104248,29,29,YOLO,1,32,0,24.815348936606767,0,[]
20250720_112041_904,2,29,29,-4.4,24.776404761423606,-77.87896919250488,-77.87896919250488,0.09751749038696289,0.10174107551574707,29,29,YOLO,1,32,0,24.776404761423606,0,[]
20250720_112042_105,2,29,29,-4.4,24.723762915882133,-77.98976707458496,-77.98976707458496,0.10071873664855957,0.15811610221862793,29,29,YOLO,1,32,0,24.723762915882133,0,[]
20250720_112042_365,2,29,29,-4.4,24.571615831279317,-78.16830406188964,-78.16830406188964,0.08884644508361816,0.10179328918457031,29,29,YOLO,1,32,0,24.571615831279317,0,[]
20250720_112042_558,2,29,29,-4.4,24.884786826820346,-77.88578796386719,-77.88578796386719,0.09949278831481934,0.15821218490600586,29,29,YOLO,1,32,0,24.884786826820346,0,[]
20250720_112042_817,2,29,29,-4.4,24.797737290717677,-77.89860343933105,-77.89860343933105,0.09701347351074219,0.1017601490020752,29,29,YOLO,1,32,0,24.797737290717677,0,[]
20250720_112043_017,2,29,29,-4.4,24.874555289851415,-77.89098777770997,-77.89098777770997,0.09975934028625488,0.15824079513549805,29,29,YOLO,1,32,0,24.874555289851415,0,[]
20250720_112043_276,2,29,29,-4.4,24.81563750535119,-77.96492996215821,-77.96492996215821,0.10080552101135254,0.1019144058227539,29,29,YOLO,1,32,0,24.81563750535119,0,[]
20250720_112043_480,2,29,29,-4.4,24.365636020766686,-78.31141815185546,-78.31141815185546,0.09562158584594727,0.15825486183166504,29,29,YOLO,1,32,0,24.365636020766686,0,[]
20250720_112043_736,2,29,29,-4.4,24.318709409038746,-78.35491523742675,-78.35491523742675,0.1002044677734375,0.1017763614654541,29,29,YOLO,1,32,0,24.318709409038746,0,[]
20250720_112043_939,2,29,29,-4.4,24.532619863023655,-78.24434776306153,-78.24434776306153,0.10167694091796875,0.15815496444702148,29,29,YOLO,1,32,0,24.532619863023655,0,[]
20250720_112044_200,2,29,29,-4.4,24.430814105648892,-78.26212921142579,-78.26212921142579,0.09378337860107422,0.10186219215393066,29,29,YOLO,1,32,0,24.430814105648892,0,[]
20250720_112044_398,2,29,29,-4.4,24.889966029252207,-77.80651741027832,-77.80651741027832,0.09659433364868164,0.15822720527648926,29,29,YOLO,1,32,0,24.889966029252207,0,[]
20250720_112044_654,2,29,29,-4.4,24.8912186996631,-77.79721717834472,-77.79721717834472,0.09572815895080566,0.1017911434173584,29,29,YOLO,1,32,0,24.8912186996631,0,[]
20250720_112044_853,3,29,29,-4.4,24.590392379192735,-78.12798271179199,-78.12798271179199,0.09828305244445801,0.15822625160217285,29,29,YOLO,1,32,0,24.590392379192735,0,[]
20250720_112045_111,3,29,29,-4.4,24.17881848713533,-78.60263442993164,-78.60263442993164,0.09742259979248047,0.1017613410949707,29,29,YOLO,1,32,0,24.17881848713533,0,[]
20250720_112045_311,3,28,28,-5.8,24.95533370512028,-77.89424133300781,-77.89424133300781,0.09740018844604492,0.15823745727539062,28,28,YOLO,1,32,0,24.95533370512028,0,[]
20250720_112045_568,3,28,28,-5.8,24.77982129129248,-77.91397476196289,-77.91397476196289,0.09916496276855469,0.10183930397033691,28,28,YOLO,1,32,0,24.77982129129248,0,[]
20250720_112045_771,3,28,28,-5.8,24.513859877623148,-78.27686309814453,-78.27686309814453,0.10268306732177734,0.1580965518951416,28,28,YOLO,1,32,0,24.513859877623148,0,[]
20250720_112046_033,3,28,28,-5.8,24.607417218068832,-78.15989151000977,-78.15989151000977,0.0860745906829834,0.10194993019104004,28,28,YOLO,1,32,0,24.607417218068832,0,[]
20250720_112046_223,3,28,28,-5.8,24.873347395587487,-77.94676704406739,-77.94676704406739,0.09716320037841797,0.15817618370056152,28,28,YOLO,1,32,0,24.873347395587487,0,[]
20250720_112046_479,3,28,28,-5.8,24.958399244113807,-77.81039428710938,-77.81039428710938,0.10185813903808594,0.10180234909057617,28,28,YOLO,1,32,0,24.958399244113807,0,[]
20250720_112046_685,3,28,28,-5.8,25.04156980667983,-77.7384105682373,-77.7384105682373,0.09585928916931152,0.15810775756835938,28,28,YOLO,1,32,0,25.04156980667983,0,[]
20250720_112046_940,3,28,28,-5.8,24.968624576960096,-77.81091613769532,-77.81091613769532,0.09808683395385742,0.10173583030700684,28,28,YOLO,1,32,0,24.968624576960096,0,[]
20250720_112047_141,3,28,28,-5.8,25.146032852936372,-77.50779838562012,-77.50779838562012,0.09515762329101562,0.1581101417541504,28,28,YOLO,1,32,0,25.146032852936372,0,[]
20250720_112047_396,3,28,28,-5.8,25.331048902927748,-77.40797386169433,-77.40797386169433,0.09796142578125,0.10186338424682617,28,28,YOLO,1,32,0,25.331048902927748,0,[]
20250720_112047_597,3,28,28,-5.8,25.102042388386963,-77.66119842529297,-77.66119842529297,0.09610843658447266,0.15819787979125977,28,28,YOLO,1,32,0,25.102042388386963,0,[]
20250720_112047_853,3,28,28,-5.8,24.998916117982716,-77.71002998352051,-77.71002998352051,0.09909844398498535,0.10178041458129883,28,28,YOLO,1,32,0,24.998916117982716,0,[]
20250720_112048_055,3,28,28,-5.8,24.88646368174267,-77.7769931793213,-77.7769931793213,0.0996394157409668,0.15821194648742676,28,28,YOLO,1,32,0,24.88646368174267,0,[]
20250720_112048_315,3,28,28,-5.8,25.004271496987997,-77.75025100708008,-77.75025100708008,0.09713506698608398,0.10170722007751465,28,28,YOLO,1,32,0,25.004271496987997,0,[]
20250720_112048_515,3,28,28,-5.8,25.13641533757358,-77.7097900390625,-77.7097900390625,0.10289978981018066,0.15826702117919922,28,28,YOLO,1,32,0,25.13641533757358,0,[]
20250720_112048_778,3,28,28,-5.8,25.02102063431039,-77.76815032958984,-77.76815032958984,0.09894824028015137,0.10173225402832031,28,28,YOLO,1,32,0,25.02102063431039,0,[]
20250720_112048_980,4,28,28,-5.8,23.964079295176546,-78.88483390808105,-78.88483390808105,0.09855771064758301,0.1582050323486328,28,28,YOLO,1,32,0,23.964079295176546,0,[]
20250720_112049_238,4,27,27,-7.3,23.695757111839455,-78.98227500915527,-78.98227500915527,0.09759640693664551,0.10180878639221191,27,27,YOLO,1,32,0,23.695757111839455,0,[]
20250720_112049_439,4,27,27,-7.3,24.925775479588623,-77.84596672058106,-77.84596672058106,0.10106444358825684,0.15823912620544434,27,27,YOLO,1,32,0,24.925775479588623,0,[]
20250720_112049_700,4,27,27,-7.3,25.03798447686384,-77.71264572143555,-77.71264572143555,0.0958409309387207,0.10182046890258789,27,27,YOLO,1,32,0,25.03798447686384,0,[]
20250720_112049_899,4,27,27,-7.3,25.048355958544633,-77.68587188720703,-77.68587188720703,0.09169626235961914,0.15816426277160645,27,27,YOLO,1,32,0,25.048355958544633,0,[]
20250720_112050_150,4,27,27,-7.3,24.93865418938975,-77.7730037689209,-77.7730037689209,0.10011482238769531,0.10185623168945312,27,27,YOLO,1,32,0,24.93865418938975,0,[]
20250720_112050_354,4,27,27,-7.3,25.278402528673226,-77.34123268127442,-77.34123268127442,0.09899044036865234,0.15823745727539062,27,27,YOLO,1,32,0,25.278402528673226,0,[]
20250720_112050_612,4,27,27,-7.3,25.313900091895775,-77.42786865234375,-77.42786865234375,0.09833908081054688,0.10187172889709473,27,27,YOLO,1,32,0,25.313900091895775,0,[]
20250720_112050_814,4,27,27,-7.3,25.42733516083827,-77.29673309326172,-77.29673309326172,0.0973196029663086,0.1581099033355713,27,27,YOLO,1,32,0,25.42733516083827,0,[]
20250720_112051_071,4,27,27,-7.3,25.433539564644875,-77.3038776397705,-77.3038776397705,0.10168957710266113,0.10179758071899414,27,27,YOLO,1,32,0,25.433539564644875,0,[]
20250720_112051_276,4,27,27,-7.3,25.474955006258256,-77.30570983886719,-77.30570983886719,0.10015344619750977,0.15825843811035156,27,27,YOLO,1,32,0,25.474955006258256,0,[]
20250720_112051_536,4,27,27,-7.3,25.399415110406252,-77.29037475585938,-77.29037475585938,0.10050606727600098,0.10183906555175781,27,27,YOLO,1,32,0,25.399415110406252,0,[]
20250720_112051_739,4,27,27,-7.3,25.384057027125493,-77.5102382659912,-77.5102382659912,0.09981846809387207,0.15829062461853027,27,27,YOLO,1,32,0,25.384057027125493,0,[]
20250720_112051_999,4,27,27,-7.3,25.36056442500228,-77.34933204650879,-77.34933204650879,0.09562468528747559,0.10180449485778809,27,27,YOLO,1,32,0,25.36056442500228,0,[]
20250720_112052_198,4,27,27,-7.3,25.428156492277864,-77.39982604980469,-77.39982604980469,0.10030817985534668,0.15890097618103027,27,27,YOLO,1,32,0,25.428156492277864,0,[]
20250720_112052_459,4,27,27,-7.3,25.4256824553799,-77.38574485778808,-77.38574485778808,0.09971356391906738,0.1018977165222168,27,27,YOLO,1,32,0,25.4256824553799,0,[]
20250720_112052_662,4,27,27,-7.3,25.417242204257604,-77.14053649902344,-77.14053649902344,0.09762883186340332,0.1582345962524414,27,27,YOLO,1,32,0,25.417242204257604,0,[]
20250720_112052_919,5,27,27,-7.3,25.353781590111183,-77.38850212097168,-77.38850212097168,0.09749984741210938,0.10179471969604492,27,27,YOLO,1,32,0,25.353781590111183,0,[]
20250720_112053_120,5,27,27,-7.3,24.002674385803672,-78.68999328613282,-78.68999328613282,0.09637856483459473,0.158219575881958,27,27,YOLO,1,32,0,24.002674385803672,0,[]
20250720_112053_376,5,27,27,-7.3,24.06319830602456,-78.67484512329102,-78.67484512329102,0.10074520111083984,0.10170912742614746,27,27,YOLO,1,32,0,24.06319830602456,0,[]
20250720_112053_580,5,27,27,-7.3,24.727001401534196,-77.81282768249511,-77.81282768249511,0.09831380844116211,0.158250093460083,27,27,YOLO,1,32,0,24.727001401534196,0,[]
20250720_112053_838,5,27,27,-7.3,24.88695382970633,-77.81963310241699,-77.81963310241699,0.1039276123046875,0.10171914100646973,27,27,YOLO,1,32,0,24.88695382970633,0,[]
20250720_112054_045,5,27,27,-7.3,24.72582545881872,-78.0963291168213,-78.0963291168213,0.10193419456481934,0.1582324504852295,27,27,YOLO,1,32,0,24.72582545881872,0,[]
20250720_112054_307,5,27,27,-7.3,24.83773479565116,-77.92979698181152,-77.92979698181152,0.07800960540771484,0.10169768333435059,27,27,YOLO,1,32,0,24.83773479565116,0,[]
20250720_112054_488,5,27,27,-7.3,24.413400322455885,-78.23050346374512,-78.23050346374512,0.0985877513885498,0.15813493728637695,27,27,YOLO,1,32,0,24.413400322455885,0,[]
20250720_112054_746,5,27,27,-7.3,24.63346511779018,-78.16596221923828,-78.16596221923828,0.09824037551879883,0.10185408592224121,27,27,YOLO,1,32,0,24.63346511779018,0,[]
20250720_112054_948,5,27,27,-7.3,24.786139716642055,-77.91577949523926,-77.91577949523926,0.0982675552368164,0.1582355499267578,27,27,YOLO,1,32,0,24.786139716642055,0,[]
20250720_112055_206,5,27,27,-7.3,24.76856940397994,-78.01851463317871,-78.01851463317871,0.09882044792175293,0.10199666023254395,27,27,YOLO,1,32,0,24.76856940397994,0,[]
20250720_112055_408,5,27,27,-7.3,24.728559788764528,-78.05285377502442,-78.05285377502442,0.10166358947753906,0.15825128555297852,27,27,YOLO,1,32,0,24.728559788764528,0,[]
20250720_112055_669,5,27,27,-7.3,24.786104503115737,-77.97280845642089,-77.97280845642089,0.09925103187561035,0.1017911434173584,27,27,YOLO,1,32,0,24.786104503115737,0,[]
20250720_112055_872,5,27,27,-7.3,24.894191732388776,-77.83173065185547,-77.83173065185547,0.09626364707946777,0.15820527076721191,27,27,YOLO,1,32,0,24.894191732388776,0,[]
20250720_112056_128,5,27,27,-7.3,24.885675368647256,-77.84656105041503,-77.84656105041503,0.09817171096801758,0.10173559188842773,27,27,YOLO,1,32,0,24.885675368647256,0,[]
20250720_112056_329,5,27,27,-7.3,24.645227931922335,-78.18148651123047,-78.18148651123047,0.09912919998168945,0.15813875198364258,27,27,YOLO,1,32,0,24.645227931922335,0,[]
20250720_112056_588,5,27,27,-7.3,24.663292236649454,-78.12910423278808,-78.12910423278808,0.10331177711486816,0.10178303718566895,27,27,YOLO,1,32,0,24.663292236649454,0,[]
20250720_112056_794,5,27,27,-7.3,24.528574694327006,-78.21930618286133,-78.21930618286133,0.09544897079467773,0.15820574760437012,27,27,YOLO,1,32,0,24.528574694327006,0,[]
20250720_112057_050,6,27,27,-7.3,24.431214544395743,-78.24438171386718,-78.24438171386718,0.09782600402832031,0.10176205635070801,27,27,YOLO,1,32,0,24.431214544395743,0,[]
20250720_112057_251,6,26,26,-8.7,24.23871770914519,-78.4748664855957,-78.4748664855957,0.10294151306152344,0.15810346603393555,26,26,YOLO,1,32,0,24.23871770914519,0,[]
20250720_112057_513,6,26,26,-8.7,24.21218134431109,-78.39337272644043,-78.39337272644043,0.09990358352661133,0.10192561149597168,26,26,YOLO,1,32,0,24.21218134431109,0,[]
20250720_112057_716,6,26,26,-8.7,23.9930838494447,-78.69029426574707,-78.69029426574707,0.1007237434387207,0.15818142890930176,26,26,YOLO,1,32,0,23.9930838494447,0,[]
20250720_112057_977,6,26,26,-8.7,24.042603685195857,-78.71072463989258,-78.71072463989258,0.10084962844848633,0.10180926322937012,26,26,YOLO,1,32,0,24.042603685195857,0,[]
20250720_112058_181,6,26,26,-8.7,24.31847291690231,-78.44482421875,-78.44482421875,0.10336685180664062,0.1582798957824707,26,26,YOLO,1,32,0,24.31847291690231,0,[]
20250720_112058_444,6,26,26,-8.7,24.429437633991952,-78.30224227905273,-78.30224227905273,0.09703254699707031,0.10182976722717285,26,26,YOLO,1,32,0,24.429437633991952,0,[]
20250720_112058_644,6,26,26,-8.7,24.307187948910126,-78.39844055175782,-78.39844055175782,0.10016536712646484,0.15816164016723633,26,26,YOLO,1,32,0,24.307187948910126,0,[]
20250720_112058_904,6,26,26,-8.7,24.201538542872257,-78.37102508544922,-78.37102508544922,0.09956741333007812,0.10178017616271973,26,26,YOLO,1,32,0,24.201538542872257,0,[]
20250720_112059_107,6,26,26,-8.7,24.501437559569382,-78.23053741455078,-78.23053741455078,0.10067200660705566,0.15814471244812012,26,26,YOLO,1,32,0,24.501437559569382,0,[]
20250720_112059_367,6,26,26,-8.7,24.408402539705833,-78.31155586242676,-78.31155586242676,0.09778976440429688,0.10175299644470215,26,26,YOLO,1,32,0,24.408402539705833,0,[]
20250720_112059_568,6,26,26,-8.7,24.89939177792388,-77.9009578704834,-77.9009578704834,0.10099577903747559,0.1582186222076416,26,26,YOLO,1,32,0,24.89939177792388,0,[]
20250720_112059_829,6,26,26,-8.7,24.958195397631755,-77.79489059448242,-77.79489059448242,0.09597110748291016,0.10181045532226562,26,26,YOLO,1,32,0,24.958195397631755,0,[]
20250720_112100_028,6,26,26,-8.7,24.576602455453738,-78.12609100341797,-78.12609100341797,0.10046529769897461,0.15809082984924316,26,26,YOLO,1,32,0,24.576602455453738,0,[]
20250720_112100_288,6,26,26,-8.7,24.620201282556707,-78.10534057617187,-78.10534057617187,0.10659408569335938,0.10169458389282227,26,26,YOLO,1,32,0,24.620201282556707,0,[]
20250720_112100_498,6,26,26,-8.7,24.42800787980393,-78.27259712219238,-78.27259712219238,0.09671616554260254,0.15813755989074707,26,26,YOLO,1,32,0,24.42800787980393,0,[]
20250720_112100_754,6,26,26,-8.7,24.466773242125868,-78.22401313781738,-78.22401313781738,0.10174798965454102,0.10176372528076172,26,26,YOLO,1,32,0,24.466773242125868,0,[]
20250720_112100_959,7,26,26,-8.7,23.596961044342464,-79.14999046325684,-79.14999046325684,0.10356521606445312,0.15814495086669922,26,26,YOLO,1,32,0,23.596961044342464,0,[]
20250720_112101_222,7,25,25,-10.2,23.58442206196952,-79.20404052734375,-79.20404052734375,0.10366272926330566,0.10171675682067871,25,25,YOLO,1,32,0,23.58442206196952,0,[]
20250720_112101_429,7,25,25,-10.2,24.879522734964766,-77.86580047607421,-77.86580047607421,0.09845185279846191,0.1581103801727295,25,25,YOLO,1,32,0,24.879522734964766,0,[]
20250720_112101_687,7,25,25,-10.2,24.834322261416588,-77.89414710998535,-77.89414710998535,0.09864473342895508,0.10175466537475586,25,25,YOLO,1,32,0,24.834322261416588,0,[]
20250720_112101_889,7,25,25,-10.2,24.95831530250358,-77.81963310241699,-77.81963310241699,0.10240960121154785,0.15810418128967285,25,25,YOLO,1,32,0,24.95831530250358,0,[]
20250720_112102_151,7,25,25,-10.2,25.01033583228258,-77.76203918457031,-77.76203918457031,0.10767102241516113,0.10181760787963867,25,25,YOLO,1,32,0,25.01033583228258,0,[]
20250720_112102_362,7,25,25,-10.2,24.958876566229605,-77.89114418029786,-77.89114418029786,0.10105705261230469,0.1582481861114502,25,25,YOLO,1,32,0,24.958876566229605,0,[]
20250720_112102_623,7,25,25,-10.2,25.033117985615803,-77.59797248840331,-77.59797248840331,0.09733057022094727,0.10176229476928711,25,25,YOLO,1,32,0,25.033117985615803,0,[]
20250720_112102_823,7,25,25,-10.2,25.102888900275687,-77.69275779724121,-77.69275779724121,0.10119485855102539,0.1580801010131836,25,25,YOLO,1,32,0,25.102888900275687,0,[]
20250720_112103_084,7,25,25,-10.2,24.999535463521596,-77.6884765625,-77.6884765625,0.08750510215759277,0.10175371170043945,25,25,YOLO,1,32,0,24.999535463521596,0,[]
20250720_112103_275,7,25,25,-10.2,25.115966583745276,-77.62907409667969,-77.62907409667969,0.09592223167419434,0.15816640853881836,25,25,YOLO,1,32,0,25.115966583745276,0,[]
20250720_112103_530,7,25,25,-10.2,25.070431473246146,-77.6503677368164,-77.6503677368164,0.10015654563903809,0.10176944732666016,25,25,YOLO,1,32,0,25.070431473246146,0,[]
20250720_112103_734,7,25,25,-10.2,25.00703420027476,-77.7894962310791,-77.7894962310791,0.09691429138183594,0.15803265571594238,25,25,YOLO,1,32,0,25.00703420027476,0,[]
20250720_112103_990,7,25,25,-10.2,24.828330542446935,-77.89662590026856,-77.89662590026856,0.10792207717895508,0.10188412666320801,25,25,YOLO,1,32,0,24.828330542446935,0,[]
20250720_112104_201,7,25,25,-10.2,24.986409128363363,-77.77361297607422,-77.77361297607422,0.09479308128356934,0.1582348346710205,25,25,YOLO,1,32,0,24.986409128363363,0,[]
20250720_112104_456,7,25,25,-10.2,24.91478119510205,-77.83903007507324,-77.83903007507324,0.09453940391540527,0.10177206993103027,25,25,YOLO,1,32,0,24.91478119510205,0,[]
20250720_112104_653,7,25,25,-10.2,25.253314897123758,-77.38585662841797,-77.38585662841797,0.09537124633789062,0.15820813179016113,25,25,YOLO,1,32,0,25.253314897123758,0,[]
20250720_112104_909,8,25,25,-10.2,25.199413342926036,-77.44200134277344,-77.44200134277344,0.10187172889709473,0.10178136825561523,25,25,YOLO,1,32,0,25.199413342926036,0,[]
20250720_112105_114,8,25,25,-10.2,24.24888400346704,-78.58437500000001,-78.58437500000001,0.09676027297973633,0.15820670127868652,25,25,YOLO,1,32,0,24.24888400346704,0,[]
20250720_112105_370,8,24,24,-11.6,24.113866016901397,-78.71113967895508,-78.71113967895508,0.10043764114379883,0.10175156593322754,24,24,YOLO,1,32,0,24.113866016901397,0,[]
20250720_112105_574,8,24,24,-11.6,25.00408481874703,-77.75097770690918,-77.75097770690918,0.09832000732421875,0.15813803672790527,24,24,YOLO,1,32,0,25.00408481874703,0,[]
20250720_112105_832,8,24,24,-11.6,25.02230813649598,-77.66048774719238,-77.66048774719238,0.09293937683105469,0.1017451286315918,24,24,YOLO,1,32,0,25.02230813649598,0,[]
20250720_112106_028,8,24,24,-11.6,25.160347563153024,-77.54678611755371,-77.54678611755371,0.10869455337524414,0.15819644927978516,24,24,YOLO,1,32,0,25.160347563153024,0,[]
20250720_112106_296,8,24,24,-11.6,25.21613974616872,-77.60486221313477,-77.60486221313477,0.10022330284118652,0.10177135467529297,24,24,YOLO,1,32,0,25.21613974616872,0,[]
20250720_112106_500,8,24,24,-11.6,24.757169791928504,-77.89045753479004,-77.89045753479004,0.10066080093383789,0.15817546844482422,24,24,YOLO,1,32,0,24.757169791928504,0,[]
20250720_112106_760,8,24,24,-11.6,24.75930805272185,-77.85895500183105,-77.85895500183105,0.10074400901794434,0.10171985626220703,24,24,YOLO,1,32,0,24.75930805272185,0,[]
20250720_112106_964,8,24,24,-11.6,25.188610043881127,-77.510209274292,-77.510209274292,0.09752130508422852,0.15808868408203125,24,24,YOLO,1,32,0,25.188610043881127,0,[]
20250720_112107_221,8,24,24,-11.6,25.15600091444007,-77.52556228637695,-77.52556228637695,0.09742164611816406,0.10174393653869629,24,24,YOLO,1,32,0,25.15600091444007,0,[]
20250720_112107_421,8,24,24,-11.6,25.10147152667841,-77.47581596374512,-77.47581596374512,0.09462523460388184,0.15820765495300293,24,24,YOLO,1,32,0,25.10147152667841,0,[]
20250720_112107_676,8,24,24,-11.6,25.133230988000903,-77.60272636413575,-77.60272636413575,0.09560036659240723,0.10178494453430176,24,24,YOLO,1,32,0,25.133230988000903,0,[]
20250720_112107_875,8,24,24,-11.6,25.16464351631089,-77.50249099731445,-77.50249099731445,0.09523820877075195,0.1581881046295166,24,24,YOLO,1,32,0,25.16464351631089,0,[]
20250720_112108_129,8,24,24,-11.6,25.224854905729075,-77.49888610839844,-77.49888610839844,0.09829187393188477,0.10179924964904785,24,24,YOLO,1,32,0,25.224854905729075,0,[]
20250720_112108_331,8,25,25,-10.2,24.14232584364062,-78.57599639892578,-78.57599639892578,0.10207891464233398,0.15823674201965332,25,25,YOLO,1,32,0,24.14232584364062,0,[]
20250720_112108_593,8,25,25,-10.2,23.936906403443956,-78.6873935699463,-78.6873935699463,0.10148739814758301,0.10183095932006836,25,25,YOLO,1,32,0,23.936906403443956,0,[]
20250720_112108_798,8,25,25,-10.2,24.473222364306466,-78.22948608398437,-78.22948608398437,0.10084819793701172,0.15820527076721191,25,25,YOLO,1,32,0,24.473222364306466,0,[]
20250720_112109_058,9,25,25,-10.2,24.602726900907527,-78.09402580261231,-78.09402580261231,0.0967569351196289,0.10188841819763184,25,25,YOLO,1,32,0,24.602726900907527,0,[]
20250720_112109_258,9,24,24,-11.6,24.34915722087024,-78.33661918640136,-78.33661918640136,0.09849119186401367,0.1582036018371582,24,24,YOLO,1,32,0,24.34915722087024,0,[]
20250720_112109_517,9,24,24,-11.6,24.47098998635302,-78.22573165893554,-78.22573165893554,0.10345315933227539,0.1018223762512207,24,24,YOLO,1,32,0,24.47098998635302,0,[]
20250720_112109_723,9,24,24,-11.6,24.712844331832173,-78.16930389404297,-78.16930389404297,0.10193824768066406,0.15812087059020996,24,24,YOLO,1,32,0,24.712844331832173,0,[]
20250720_112109_985,9,24,24,-11.6,24.758610715141785,-77.9192455291748,-77.9192455291748,0.1033473014831543,0.10197329521179199,24,24,YOLO,1,32,0,24.758610715141785,0,[]
20250720_112110_192,9,24,24,-11.6,24.43124706569266,-78.24407653808593,-78.24407653808593,0.09895706176757812,0.15813994407653809,24,24,YOLO,1,32,0,24.43124706569266,0,[]
20250720_112110_450,9,24,24,-11.6,24.642200817825568,-78.13364334106446,-78.13364334106446,0.09711432456970215,0.10181641578674316,24,24,YOLO,1,32,0,24.642200817825568,0,[]
20250720_112110_651,9,24,24,-11.6,24.63719535132634,-77.98169288635253,-77.98169288635253,0.09479236602783203,0.15816426277160645,24,24,YOLO,1,32,0,24.63719535132634,0,[]
20250720_112110_905,9,24,24,-11.6,24.686572311717853,-78.09156494140625,-78.09156494140625,0.0913534164428711,0.10174918174743652,24,24,YOLO,1,32,0,24.686572311717853,0,[]
20250720_112111_100,9,24,24,-11.6,24.444096809944114,-78.27648658752442,-78.27648658752442,0.09804630279541016,0.15815067291259766,24,24,YOLO,1,32,0,24.444096809944114,0,[]
20250720_112111_357,9,24,24,-11.6,24.383049730233097,-78.41859359741211,-78.41859359741211,0.0997157096862793,0.1017611026763916,24,24,YOLO,1,32,0,24.383049730233097,0,[]
20250720_112111_560,9,24,24,-11.6,24.266528650615314,-78.42939834594726,-78.42939834594726,0.09724259376525879,0.1582014560699463,24,24,YOLO,1,32,0,24.266528650615314,0,[]
20250720_112111_817,9,24,24,-11.6,24.13313380612574,-78.48081665039062,-78.48081665039062,0.09602141380310059,0.10181140899658203,24,24,YOLO,1,32,0,24.13313380612574,0,[]
20250720_112112_017,9,24,24,-11.6,24.26602423838891,-78.46437301635743,-78.46437301635743,0.09563112258911133,0.15815353393554688,24,24,YOLO,1,32,0,24.26602423838891,0,[]
20250720_112112_272,9,24,24,-11.6,24.23056634160396,-78.52648963928223,-78.52648963928223,0.1016690731048584,0.10176205635070801,24,24,YOLO,1,32,0,24.23056634160396,0,[]
20250720_112112_477,9,24,24,-11.6,23.948395606191767,-78.80219535827636,-78.80219535827636,0.10093331336975098,0.15830659866333008,24,24,YOLO,1,32,0,23.948395606191767,0,[]
20250720_112112_738,9,24,24,-11.6,23.970497330594654,-78.69402542114258,-78.69402542114258,0.10232877731323242,0.10180497169494629,24,24,YOLO,1,32,0,23.970497330594654,0,[]
20250720_112112_943,10,24,24,-11.6,22.293399216053686,-80.31529121398925,-80.31529121398925,0.10038018226623535,0.15830349922180176,24,24,YOLO,1,32,0,22.293399216053686,0,[]
20250720_112113_203,10,23,23,-13.1,22.403096361914464,-80.30178833007812,-80.30178833007812,0.10122299194335938,0.10183501243591309,23,23,YOLO,1,32,0,22.403096361914464,0,[]
20250720_112113_408,10,23,23,-13.1,24.201792250587474,-78.47002372741699,-78.47002372741699,0.10190773010253906,0.1582181453704834,23,23,YOLO,1,32,0,24.201792250587474,0,[]
20250720_112113_669,10,23,23,-13.1,24.163015107040636,-78.48911476135254,-78.48911476135254,0.10355162620544434,0.10185480117797852,23,23,YOLO,1,32,0,24.163015107040636,0,[]
20250720_112113_876,10,23,23,-13.1,24.51730482567058,-78.33741607666016,-78.33741607666016,0.10010790824890137,0.15813779830932617,23,23,YOLO,1,32,0,24.51730482567058,0,[]
20250720_112114_136,10,23,23,-13.1,24.623022208488308,-78.22509002685547,-78.22509002685547,0.09824275970458984,0.10172748565673828,23,23,YOLO,1,32,0,24.623022208488308,0,[]
20250720_112114_337,10,23,23,-13.1,24.512628481112642,-78.19725494384765,-78.19725494384765,0.10318160057067871,0.15823578834533691,23,23,YOLO,1,32,0,24.512628481112642,0,[]
20250720_112114_600,10,23,23,-13.1,24.44206198953951,-78.33224449157714,-78.33224449157714,0.09138751029968262,0.10178661346435547,23,23,YOLO,1,32,0,24.44206198953951,0,[]
20250720_112114_795,10,23,23,-13.1,25.263209913457274,-77.46094436645508,-77.46094436645508,0.09775495529174805,0.1581859588623047,23,23,YOLO,1,32,0,25.263209913457274,0,[]
20250720_112115_052,10,23,23,-13.1,25.110397098788084,-77.50701866149902,-77.50701866149902,0.09964680671691895,0.1017751693725586,23,23,YOLO,1,32,0,25.110397098788084,0,[]
20250720_112115_255,10,23,23,-13.1,24.31077964860475,-78.38500633239747,-78.38500633239747,0.09659361839294434,0.158128023147583,23,23,YOLO,1,32,0,24.31077964860475,0,[]
20250720_112115_511,10,23,23,-13.1,24.330493742613015,-78.3097713470459,-78.3097713470459,0.10077190399169922,0.10180473327636719,23,23,YOLO,1,32,0,24.330493742613015,0,[]
20250720_112115_715,10,23,23,-13.1,24.335361371809512,-78.44443397521972,-78.44443397521972,0.10242795944213867,0.1581583023071289,23,23,YOLO,1,32,0,24.335361371809512,0,[]
20250720_112115_978,10,23,23,-13.1,24.21324984044182,-78.46333465576171,-78.46333465576171,0.10117411613464355,0.10182738304138184,23,23,YOLO,1,32,0,24.21324984044182,0,[]
20250720_112116_182,10,23,23,-13.1,25.131157747321367,-77.71679649353027,-77.71679649353027,0.1047670841217041,0.1582927703857422,23,23,YOLO,1,32,0,25.131157747321367,0,[]
20250720_112116_447,10,23,23,-13.1,25.12238388685681,-77.7053165435791,-77.7053165435791,0.09310317039489746,0.10178685188293457,23,23,YOLO,1,32,0,25.12238388685681,0,[]
20250720_112116_643,10,23,23,-13.1,24.80349622439526,-77.85895500183105,-77.85895500183105,0.0986776351928711,0.15829181671142578,23,23,YOLO,1,32,0,24.80349622439526,0,[]
20250720_112116_901,11,23,23,-13.1,24.90013776088867,-77.8848834991455,-77.8848834991455,0.10300016403198242,0.10180544853210449,23,23,YOLO,1,32,0,24.90013776088867,0,[]
20250720_112117_108,11,23,23,-13.1,23.63385287197643,-79.03055610656739,-79.03055610656739,0.10130929946899414,0.1581587791442871,23,23,YOLO,1,32,0,23.63385287197643,0,[]
20250720_112117_369,11,22,22,-14.5,23.619727043325767,-79.14425659179688,-79.14425659179688,0.10154104232788086,0.10183548927307129,22,22,YOLO,1,32,0,23.619727043325767,0,[]
20250720_112117_574,11,22,22,-14.5,24.652041113422797,-78.12351341247559,-78.12351341247559,0.10106110572814941,0.1583235263824463,22,22,YOLO,1,32,0,24.652041113422797,0,[]
20250720_112117_834,11,22,22,-14.5,24.81168086345849,-77.91070594787598,-77.91070594787598,0.10077142715454102,0.10184431076049805,22,22,YOLO,1,32,0,24.81168086345849,0,[]
20250720_112118_038,11,22,22,-14.5,24.601307216716506,-78.09955177307128,-78.09955177307128,0.0989229679107666,0.15814590454101562,22,22,YOLO,1,32,0,24.601307216716506,0,[]
20250720_112118_297,11,22,22,-14.5,24.678452384951427,-78.12255630493163,-78.12255630493163,0.10111737251281738,0.10187864303588867,22,22,YOLO,1,32,0,24.678452384951427,0,[]
20250720_112118_501,11,22,22,-14.5,24.872658924233022,-77.9192455291748,-77.9192455291748,0.10143828392028809,0.15825390815734863,22,22,YOLO,1,32,0,24.872658924233022,0,[]
20250720_112118_763,11,22,22,-14.5,25.10597273849808,-77.75088653564453,-77.75088653564453,0.1009516716003418,0.10180807113647461,22,22,YOLO,1,32,0,25.10597273849808,0,[]
20250720_112118_967,11,23,23,-13.1,24.204444684361818,-78.53277359008788,-78.53277359008788,0.09548687934875488,0.15826702117919922,23,23,YOLO,1,32,0,24.204444684361818,0,[]
20250720_112119_222,11,23,23,-13.1,24.176904243382197,-78.47557640075684,-78.47557640075684,0.10855865478515625,0.10174798965454102,23,23,YOLO,1,32,0,24.176904243382197,0,[]
20250720_112119_434,11,23,23,-13.1,23.70647484615266,-78.95308418273926,-78.95308418273926,0.10461568832397461,0.15815472602844238,23,23,YOLO,1,32,0,23.70647484615266,0,[]
20250720_112119_698,11,22,22,-14.5,23.662066418530372,-79.00254554748535,-79.00254554748535,0.09658193588256836,0.10176420211791992,22,22,YOLO,1,32,0,23.662066418530372,0,[]
20250720_112119_898,11,22,22,-14.5,24.809451203813055,-77.8893539428711,-77.8893539428711,0.10122513771057129,0.15820837020874023,22,22,YOLO,1,32,0,24.809451203813055,0,[]
20250720_112120_159,11,22,22,-14.5,24.901983092687274,-77.84120063781738,-77.84120063781738,0.09869170188903809,0.10180878639221191,22,22,YOLO,1,32,0,24.901983092687274,0,[]
20250720_112120_361,11,23,23,-13.1,23.78417493989356,-78.9414909362793,-78.9414909362793,0.10145306587219238,0.1581263542175293,23,23,YOLO,1,32,0,23.78417493989356,0,[]
20250720_112120_622,11,23,23,-13.1,24.044179980486746,-78.72037734985352,-78.72037734985352,0.0947272777557373,0.10176825523376465,23,23,YOLO,1,32,0,24.044179980486746,0,[]
20250720_112120_820,11,23,23,-13.1,24.158298098807606,-78.55028076171875,-78.55028076171875,0.09333229064941406,0.1582024097442627,23,23,YOLO,1,32,0,24.158298098807606,0,[]
20250720_112121_073,12,23,23,-13.1,23.781750173798272,-79.03055610656739,-79.03055610656739,0.09793519973754883,0.10176563262939453,23,23,YOLO,1,32,0,23.781750173798272,0,[]
20250720_112121_274,12,21,21,-16.0,25.48107897902399,-77.2086296081543,-77.2086296081543,0.09727096557617188,0.15809321403503418,21,21,YOLO,1,32,0,25.48107897902399,0,[]
20250720_112121_531,12,22,22,-14.5,25.436425756970166,-77.29629669189453,-77.29629669189453,0.10026407241821289,0.10171008110046387,22,22,YOLO,1,32,0,25.436425756970166,0,[]
20250720_112121_734,12,22,22,-14.5,24.01803412804051,-78.63352851867675,-78.63352851867675,0.09099340438842773,0.15813803672790527,22,22,YOLO,1,32,0,24.01803412804051,0,[]
20250720_112121_985,12,22,22,-14.5,23.84074127533107,-78.87432975769043,-78.87432975769043,0.0894160270690918,0.10178041458129883,22,22,YOLO,1,32,0,23.84074127533107,0,[]
20250720_112122_177,12,22,22,-14.5,24.04012842728197,-78.68630027770996,-78.68630027770996,0.09832549095153809,0.1581714153289795,22,22,YOLO,1,32,0,24.04012842728197,0,[]
20250720_112122_435,12,22,22,-14.5,24.052280102800694,-78.60584831237793,-78.60584831237793,0.09917283058166504,0.10179543495178223,22,22,YOLO,1,32,0,24.052280102800694,0,[]
20250720_112122_638,12,22,22,-14.5,24.07227190332509,-78.6483112335205,-78.6483112335205,0.09910845756530762,0.1582200527191162,22,22,YOLO,1,32,0,24.07227190332509,0,[]
20250720_112122_896,12,22,22,-14.5,24.017943833382347,-78.66367530822754,-78.66367530822754,0.09580397605895996,0.10178971290588379,22,22,YOLO,1,32,0,24.017943833382347,0,[]
20250720_112123_095,12,22,22,-14.5,23.731147404269294,-78.96081428527832,-78.96081428527832,0.0998373031616211,0.15812349319458008,22,22,YOLO,1,32,0,23.731147404269294,0,[]
20250720_112123_355,12,22,22,-14.5,23.671656799931625,-79.00355529785156,-79.00355529785156,0.09885239601135254,0.10183215141296387,22,22,YOLO,1,32,0,23.671656799931625,0,[]
20250720_112123_557,12,22,22,-14.5,23.679276922937618,-78.96570739746093,-78.96570739746093,0.10021257400512695,0.1582014560699463,22,22,YOLO,1,32,0,23.679276922937618,0,[]
20250720_112123_817,12,22,22,-14.5,23.708908176639284,-78.98336029052734,-78.98336029052734,0.09671711921691895,0.10176968574523926,22,22,YOLO,1,32,0,23.708908176639284,0,[]
20250720_112124_017,12,22,22,-14.5,23.983935406541434,-78.65589752197266,-78.65589752197266,0.1011652946472168,0.15825390815734863,22,22,YOLO,1,32,0,23.983935406541434,0,[]
20250720_112124_278,12,22,22,-14.5,23.986653150858317,-78.71700820922851,-78.71700820922851,0.09920692443847656,0.10186457633972168,22,22,YOLO,1,32,0,23.986653150858317,0,[]
20250720_112124_480,12,22,22,-14.5,24.001525828077973,-78.63855514526367,-78.63855514526367,0.09836673736572266,0.15820050239562988,22,22,YOLO,1,32,0,24.001525828077973,0,[]
20250720_112124_738,12,22,22,-14.5,24.056177962883666,-78.62157745361328,-78.62157745361328,0.10029220581054688,0.1017606258392334,22,22,YOLO,1,32,0,24.056177962883666,0,[]
20250720_112124_942,13,22,22,-14.5,22.816501011863338,-79.88270568847656,-79.88270568847656,0.09747600555419922,0.15819883346557617,22,22,YOLO,1,32,0,22.816501011863338,0,[]
20250720_112125_199,13,21,21,-16.0,22.67636059604365,-80.13578033447266,-80.13578033447266,0.09248733520507812,0.10192179679870605,21,21,YOLO,1,32,0,22.67636059604365,0,[]
20250720_112125_395,13,21,21,-16.0,25.27380793578257,-77.38261985778809,-77.38261985778809,0.09807014465332031,0.15818095207214355,21,21,YOLO,1,32,0,25.27380793578257,0,[]
20250720_112125_652,13,21,21,-16.0,25.203563377502718,-77.57044219970703,-77.57044219970703,0.09860396385192871,0.10181021690368652,21,21,YOLO,1,32,0,25.203563377502718,0,[]
20250720_112125_854,13,21,21,-16.0,24.96983841555206,-77.77364349365234,-77.77364349365234,0.10027003288269043,0.1581435203552246,21,21,YOLO,1,32,0,24.96983841555206,0,[]
20250720_112126_114,13,21,21,-16.0,24.90076656844043,-77.92884178161621,-77.92884178161621,0.0951697826385498,0.10179615020751953,21,21,YOLO,1,32,0,24.90076656844043,0,[]
20250720_112126_312,13,21,21,-16.0,24.434595198613764,-78.24383850097657,-78.24383850097657,0.09788179397583008,0.1584186553955078,21,21,YOLO,1,32,0,24.434595198613764,0,[]
20250720_112126_570,13,21,21,-16.0,24.5110070216503,-78.18966865539551,-78.18966865539551,0.1026458740234375,0.10175204277038574,21,21,YOLO,1,32,0,24.5110070216503,0,[]
20250720_112126_776,13,21,21,-16.0,24.59418278546717,-78.14993782043457,-78.14993782043457,0.10297322273254395,0.15817642211914062,21,21,YOLO,1,32,0,24.59418278546717,0,[]
20250720_112127_039,13,21,21,-16.0,24.697031536221985,-77.99047088623047,-77.99047088623047,0.09855294227600098,0.10184049606323242,21,21,YOLO,1,32,0,24.697031536221985,0,[]
20250720_112127_241,13,21,21,-16.0,25.30012383241622,-77.33182983398437,-77.33182983398437,0.0966954231262207,0.15817046165466309,21,21,YOLO,1,32,0,25.30012383241622,0,[]
20250720_112127_497,13,21,21,-16.0,25.3305714771069,-77.36359405517578,-77.36359405517578,0.09552574157714844,0.10194063186645508,21,21,YOLO,1,32,0,25.3305714771069,0,[]
20250720_112127_696,13,21,21,-16.0,24.94326415698177,-77.85895500183105,-77.85895500183105,0.09738731384277344,0.15814542770385742,21,21,YOLO,1,32,0,24.94326415698177,0,[]
20250720_112127_953,13,21,21,-16.0,25.038562102006622,-77.79489059448242,-77.79489059448242,0.09556388854980469,0.1018216609954834,21,21,YOLO,1,32,0,25.038562102006622,0,[]
20250720_112128_152,13,21,21,-16.0,24.94922236689696,-77.7529525756836,-77.7529525756836,0.09411072731018066,0.15823650360107422,21,21,YOLO,1,32,0,24.94922236689696,0,[]
20250720_112128_406,13,21,21,-16.0,25.015633204889852,-77.70931015014648,-77.70931015014648,0.09694743156433105,0.10178065299987793,21,21,YOLO,1,32,0,25.015633204889852,0,[]
20250720_112128_606,13,21,21,-16.0,24.62672992245895,-78.13301277160645,-78.13301277160645,0.09973359107971191,0.15823626518249512,21,21,YOLO,1,32,0,24.62672992245895,0,[]
20250720_112128_865,13,21,21,-16.0,24.547874954822873,-78.10543899536133,-78.10543899536133,0.09325623512268066,0.10175442695617676,21,21,YOLO,1,32,0,24.547874954822873,0,[]
20250720_112129_062,14,21,21,-16.0,23.596186331307123,-79.04112586975097,-79.04112586975097,0.09740638732910156,0.1581897735595703,21,21,YOLO,1,32,0,23.596186331307123,0,[]
20250720_112129_319,14,20,20,-17.4,22.6784963967595,-79.90352210998535,-79.90352210998535,0.10037899017333984,0.10189104080200195,20,20,YOLO,1,32,0,22.6784963967595,0,[]
20250720_112129_523,14,20,20,-17.4,24.873554672932997,-77.83197784423828,-77.83197784423828,0.09656476974487305,0.15819740295410156,20,20,YOLO,1,32,0,24.873554672932997,0,[]
20250720_112129_779,14,20,20,-17.4,24.837216239442853,-77.77227210998535,-77.77227210998535,0.1010599136352539,0.10226941108703613,20,20,YOLO,1,32,0,24.837216239442853,0,[]
20250720_112129_984,14,20,20,-17.4,25.00478334599248,-77.64853057861328,-77.64853057861328,0.10075497627258301,0.15825796127319336,20,20,YOLO,1,32,0,25.00478334599248,0,[]
20250720_112130_245,14,20,20,-17.4,24.98511194558759,-77.61784477233887,-77.61784477233887,0.09523320198059082,0.10189366340637207,20,20,YOLO,1,32,0,24.98511194558759,0,[]
20250720_112130_443,14,20,20,-17.4,24.557019654292134,-78.15250053405762,-78.15250053405762,0.10152912139892578,0.1581888198852539,20,20,YOLO,1,32,0,24.557019654292134,0,[]
20250720_112130_704,14,20,20,-17.4,24.693631547273696,-78.00077171325684,-78.00077171325684,0.10089683532714844,0.10179805755615234,20,20,YOLO,1,32,0,24.693631547273696,0,[]
20250720_112130_909,14,20,20,-17.4,24.70352209551004,-78.06931495666504,-78.06931495666504,0.09713363647460938,0.15810489654541016,20,20,YOLO,1,32,0,24.70352209551004,0,[]
20250720_112131_165,14,20,20,-17.4,24.69315830115579,-78.11619186401367,-78.11619186401367,0.09716510772705078,0.10177469253540039,20,20,YOLO,1,32,0,24.69315830115579,0,[]
20250720_112131_366,14,20,20,-17.4,25.025454793539964,-77.6640251159668,-77.6640251159668,0.09661269187927246,0.15816593170166016,20,20,YOLO,1,32,0,25.025454793539964,0,[]
20250720_112131_622,14,20,20,-17.4,25.056537354699614,-77.70075035095215,-77.70075035095215,0.09860658645629883,0.10184240341186523,20,20,YOLO,1,32,0,25.056537354699614,0,[]
20250720_112131_824,14,20,20,-17.4,24.706784233334034,-78.02074165344239,-78.02074165344239,0.09784936904907227,0.15814685821533203,20,20,YOLO,1,32,0,24.706784233334034,0,[]
20250720_112132_081,14,20,20,-17.4,24.657796876821934,-77.9192455291748,-77.9192455291748,0.09463644027709961,0.10174131393432617,20,20,YOLO,1,32,0,24.657796876821934,0,[]
20250720_112132_279,14,20,20,-17.4,25.110399597027623,-77.57644462585449,-77.57644462585449,0.10018515586853027,0.1582012176513672,20,20,YOLO,1,32,0,25.110399597027623,0,[]
20250720_112132_539,14,20,20,-17.4,25.19172140300526,-77.63580741882325,-77.63580741882325,0.10047459602355957,0.10192275047302246,20,20,YOLO,1,32,0,25.19172140300526,0,[]
20250720_112132_743,14,20,20,-17.4,25.026587903869682,-77.74776687622071,-77.74776687622071,0.10248041152954102,0.15825390815734863,20,20,YOLO,1,32,0,25.026587903869682,0,[]
20250720_112133_005,15,20,20,-17.4,24.953934255730758,-77.6503677368164,-77.6503677368164,0.10150980949401855,0.10176467895507812,20,20,YOLO,1,32,0,24.953934255730758,0,[]
20250720_112133_210,15,20,20,-17.4,23.856859062442155,-78.91241569519043,-78.91241569519043,0.09844231605529785,0.15821528434753418,20,20,YOLO,1,32,0,23.856859062442155,0,[]
20250720_112133_468,15,19,19,-18.9,23.95245943878328,-78.74804649353027,-78.74804649353027,0.09753179550170898,0.10181975364685059,19,19,YOLO,1,32,0,23.95245943878328,0,[]
20250720_112133_669,15,20,20,-17.4,23.93636211357206,-78.72979736328125,-78.72979736328125,0.09677696228027344,0.15812945365905762,20,20,YOLO,1,32,0,23.93636211357206,0,[]
20250720_112133_925,15,20,20,-17.4,24.066253723125328,-78.64547729492188,-78.64547729492188,0.09963417053222656,0.10177874565124512,20,20,YOLO,1,32,0,24.066253723125328,0,[]
20250720_112134_128,15,20,20,-17.4,23.877468722867093,-78.87397766113281,-78.87397766113281,0.10107207298278809,0.1582787036895752,20,20,YOLO,1,32,0,23.877468722867093,0,[]
20250720_112134_389,15,20,20,-17.4,23.95233529135568,-78.78179931640625,-78.78179931640625,0.09662508964538574,0.10181212425231934,20,20,YOLO,1,32,0,23.95233529135568,0,[]
20250720_112134_589,15,20,20,-17.4,23.97909503915092,-78.6357635498047,-78.6357635498047,0.10125160217285156,0.15825915336608887,20,20,YOLO,1,32,0,23.97909503915092,0,[]
20250720_112134_850,15,20,20,-17.4,24.09515925672288,-78.6631072998047,-78.6631072998047,0.09874796867370605,0.10174083709716797,20,20,YOLO,1,32,0,24.09515925672288,0,[]
20250720_112135_052,15,20,20,-17.4,23.8362043481562,-78.79351196289062,-78.79351196289062,0.09920811653137207,0.15820837020874023,20,20,YOLO,1,32,0,23.8362043481562,0,[]
20250720_112135_311,15,19,19,-18.9,23.77296511404215,-78.85906867980957,-78.85906867980957,0.09083175659179688,0.10175085067749023,19,19,YOLO,1,32,0,23.77296511404215,0,[]
20250720_112135_505,15,19,19,-18.9,25.32038630404989,-77.33259773254395,-77.33259773254395,0.09896206855773926,0.15827322006225586,19,19,YOLO,1,32,0,25.32038630404989,0,[]
20250720_112135_763,15,19,19,-18.9,25.43625683991158,-77.30527191162109,-77.30527191162109,0.09872221946716309,0.1018829345703125,19,19,YOLO,1,32,0,25.43625683991158,0,[]
20250720_112135_966,15,19,19,-18.9,25.527779126435576,-77.22813911437989,-77.22813911437989,0.09905004501342773,0.15819072723388672,19,19,YOLO,1,32,0,25.527779126435576,0,[]
20250720_112136_224,15,19,19,-18.9,25.440067517748147,-77.35832748413085,-77.35832748413085,0.10008835792541504,0.10167622566223145,19,19,YOLO,1,32,0,25.440067517748147,0,[]
20250720_112136_428,15,20,20,-17.4,24.460249640062983,-78.24316368103028,-78.24316368103028,0.09740185737609863,0.158172607421875,20,20,YOLO,1,32,0,24.460249640062983,0,[]
20250720_112136_685,15,20,20,-17.4,24.37948291930587,-78.35958862304688,-78.35958862304688,0.10274910926818848,0.10178899765014648,20,20,YOLO,1,32,0,24.37948291930587,0,[]
20250720_112136_891,16,20,20,-17.4,22.855541930592253,-79.85765113830567,-79.85765113830567,0.10013103485107422,0.15814971923828125,20,20,YOLO,1,32,0,22.855541930592253,0,[]
20250720_112137_150,16,19,19,-18.9,22.452710669567864,-80.22898750305175,-80.22898750305175,0.0982973575592041,0.10182428359985352,19,19,YOLO,1,32,0,22.452710669567864,0,[]
20250720_112137_352,16,19,19,-18.9,24.730195953121438,-78.03875961303712,-78.03875961303712,0.09601426124572754,0.1581430435180664,19,19,YOLO,1,32,0,24.730195953121438,0,[]
20250720_112137_608,16,19,19,-18.9,24.706746039025603,-78.04937744140625,-78.04937744140625,0.09709429740905762,0.10178256034851074,19,19,YOLO,1,32,0,24.706746039025603,0,[]
20250720_112137_808,16,19,19,-18.9,24.766840305452632,-77.99804039001465,-77.99804039001465,0.0953516960144043,0.1582012176513672,19,19,YOLO,1,32,0,24.766840305452632,0,[]
20250720_112138_063,16,19,19,-18.9,24.6990044948419,-78.02141799926758,-78.02141799926758,0.0957033634185791,0.10199713706970215,19,19,YOLO,1,32,0,24.6990044948419,0,[]
20250720_112138_262,16,19,19,-18.9,24.802396355098395,-77.91549682617188,-77.91549682617188,0.09727740287780762,0.1582317352294922,19,19,YOLO,1,32,0,24.802396355098395,0,[]
20250720_112138_519,16,19,19,-18.9,24.802158497382337,-77.89383430480957,-77.89383430480957,0.09808182716369629,0.10185384750366211,19,19,YOLO,1,32,0,24.802158497382337,0,[]
20250720_112138_720,16,19,19,-18.9,24.770156732421526,-77.95798225402832,-77.95798225402832,0.09764623641967773,0.1582660675048828,19,19,YOLO,1,32,0,24.770156732421526,0,[]
20250720_112138_978,16,19,19,-18.9,24.740913906427437,-77.91577949523926,-77.91577949523926,0.09793496131896973,0.10188078880310059,19,19,YOLO,1,32,0,24.740913906427437,0,[]
20250720_112139_179,16,19,19,-18.9,24.88919683573893,-77.84609680175781,-77.84609680175781,0.09734797477722168,0.1581287384033203,19,19,YOLO,1,32,0,24.88919683573893,0,[]
20250720_112139_436,16,19,19,-18.9,24.95189042466656,-77.70756683349609,-77.70756683349609,0.0968778133392334,0.10199642181396484,19,19,YOLO,1,32,0,24.95189042466656,0,[]
20250720_112139_636,16,19,19,-18.9,24.799924011938415,-77.9192455291748,-77.9192455291748,0.09470224380493164,0.15829038619995117,19,19,YOLO,1,32,0,24.799924011938415,0,[]
20250720_112139_891,16,19,19,-18.9,24.606452105755366,-78.08166618347168,-78.08166618347168,0.10202980041503906,0.10178971290588379,19,19,YOLO,1,32,0,24.606452105755366,0,[]
20250720_112140_096,16,19,19,-18.9,24.945235782960467,-77.73308334350585,-77.73308334350585,0.09753251075744629,0.15821504592895508,19,19,YOLO,1,32,0,24.945235782960467,0,[]
20250720_112140_353,16,19,19,-18.9,24.711714923388115,-77.94106063842773,-77.94106063842773,0.10385465621948242,0.10175704956054688,19,19,YOLO,1,32,0,24.711714923388115,0,[]
20250720_112140_560,16,19,19,-18.9,24.93949200729182,-77.83989524841309,-77.83989524841309,0.09850239753723145,0.15818142890930176,19,19,YOLO,1,32,0,24.93949200729182,0,[]
20250720_112140_819,16,19,19,-18.9,24.740843526394244,-77.88575668334961,-77.88575668334961,0.10100150108337402,0.1017754077911377,19,19,YOLO,1,32,0,24.740843526394244,0,[]
20250720_112141_023,17,19,19,-18.9,23.516841856793107,-79.12156829833984,-79.12156829833984,0.09868288040161133,0.1581127643585205,19,19,YOLO,1,32,0,23.516841856793107,0,[]
20250720_112141_281,17,18,18,-20.3,23.658699884856674,-79.08441619873047,-79.08441619873047,0.10299992561340332,0.10175895690917969,18,18,YOLO,1,32,0,23.658699884856674,0,[]
20250720_112141_487,17,18,18,-20.3,24.88068523762327,-77.89173889160156,-77.89173889160156,0.09605956077575684,0.15812349319458008,18,18,YOLO,1,32,0,24.88068523762327,0,[]
20250720_112141_743,17,18,18,-20.3,24.89705223546902,-77.7771152496338,-77.7771152496338,0.09552264213562012,0.10182309150695801,18,18,YOLO,1,32,0,24.89705223546902,0,[]
20250720_112141_942,17,18,18,-20.3,25.041292479707508,-77.5793586730957,-77.5793586730957,0.09800934791564941,0.15817022323608398,18,18,YOLO,1,32,0,25.041292479707508,0,[]
20250720_112142_199,17,18,18,-20.3,24.998026921821165,-77.69506072998047,-77.69506072998047,0.08997035026550293,0.10173773765563965,18,18,YOLO,1,32,0,24.998026921821165,0,[]
20250720_112142_392,17,18,18,-20.3,24.649192963042395,-78.02319450378418,-78.02319450378418,0.10249018669128418,0.15827226638793945,18,18,YOLO,1,32,0,24.649192963042395,0,[]
20250720_112142_654,17,18,18,-20.3,24.727995360786934,-78.09182739257812,-78.09182739257812,0.09760904312133789,0.10179328918457031,18,18,YOLO,1,32,0,24.727995360786934,0,[]
20250720_112142_855,17,18,18,-20.3,25.09685032623281,-77.69186477661133,-77.69186477661133,0.10294508934020996,0.1581864356994629,18,18,YOLO,1,32,0,25.09685032623281,0,[]
20250720_112143_118,17,18,18,-20.3,25.215825493734727,-77.55411224365234,-77.55411224365234,0.09857416152954102,0.10178685188293457,18,18,YOLO,1,32,0,25.215825493734727,0,[]
20250720_112143_320,17,18,18,-20.3,25.186487002781917,-77.50541648864746,-77.50541648864746,0.09921407699584961,0.1582627296447754,18,18,YOLO,1,32,0,25.186487002781917,0,[]
20250720_112143_579,17,18,18,-20.3,25.098122678307277,-77.6503677368164,-77.6503677368164,0.09531021118164062,0.10187578201293945,18,18,YOLO,1,32,0,25.098122678307277,0,[]
20250720_112143_778,17,18,18,-20.3,24.891630746894393,-77.8353775024414,-77.8353775024414,0.09964585304260254,0.15823769569396973,18,18,YOLO,1,32,0,24.891630746894393,0,[]
20250720_112144_037,17,18,18,-20.3,24.779234592539694,-78.02309761047363,-78.02309761047363,0.1018221378326416,0.10183930397033691,18,18,YOLO,1,32,0,24.779234592539694,0,[]
20250720_112144_242,17,18,18,-20.3,25.257753188702793,-77.41187438964843,-77.41187438964843,0.09987163543701172,0.15807533264160156,18,18,YOLO,1,32,0,25.257753188702793,0,[]
20250720_112144_501,17,18,18,-20.3,25.046903226661954,-77.47100563049317,-77.47100563049317,0.0953519344329834,0.10178279876708984,18,18,YOLO,1,32,0,25.046903226661954,0,[]
20250720_112144_700,17,18,18,-20.3,25.28780052252199,-77.54953308105469,-77.54953308105469,0.0889902114868164,0.15814542770385742,18,18,YOLO,1,32,0,25.28780052252199,0,[]
20250720_112144_949,18,18,18,-20.3,25.19317123289393,-77.55199661254883,-77.55199661254883,0.09052228927612305,0.10176467895507812,18,18,YOLO,1,32,0,25.19317123289393,0,[]
20250720_112145_142,18,18,18,-20.3,23.918317207976315,-78.76234283447266,-78.76234283447266,0.0997469425201416,0.15819215774536133,18,18,YOLO,1,32,0,23.918317207976315,0,[]
20250720_112145_402,18,17,17,-21.8,23.737119958234402,-78.93826179504394,-78.93826179504394,0.09844803810119629,0.1017146110534668,17,17,YOLO,1,32,0,23.737119958234402,0,[]
20250720_112145_603,18,17,17,-21.8,25.045364135985366,-77.57503929138184,-77.57503929138184,0.09677529335021973,0.15823817253112793,17,17,YOLO,1,32,0,25.045364135985366,0,[]
20250720_112145_860,18,17,17,-21.8,25.079327227430795,-77.5764373779297,-77.5764373779297,0.10297679901123047,0.10182905197143555,17,17,YOLO,1,32,0,25.079327227430795,0,[]
20250720_112146_066,18,17,17,-21.8,24.82526986474805,-77.91684646606446,-77.91684646606446,0.09934782981872559,0.15816855430603027,17,17,YOLO,1,32,0,24.82526986474805,0,[]
20250720_112146_325,18,17,17,-21.8,24.922946983381834,-77.8893539428711,-77.8893539428711,0.10206055641174316,0.10185122489929199,17,17,YOLO,1,32,0,24.922946983381834,0,[]
20250720_112146_530,18,17,17,-21.8,25.128311862360917,-77.64731101989746,-77.64731101989746,0.1037147045135498,0.15829753875732422,17,17,YOLO,1,32,0,25.128311862360917,0,[]
20250720_112146_794,18,17,17,-21.8,25.104681927474218,-77.64695587158204,-77.64695587158204,0.10167312622070312,0.1018366813659668,17,17,YOLO,1,32,0,25.104681927474218,0,[]
20250720_112146_999,18,17,17,-21.8,25.24746890782332,-77.38864135742188,-77.38864135742188,0.09177279472351074,0.15812397003173828,17,17,YOLO,1,32,0,25.24746890782332,0,[]
20250720_112147_250,18,18,18,-20.3,25.39640118292344,-77.44231185913085,-77.44231185913085,0.0970771312713623,0.10178780555725098,18,18,YOLO,1,32,0,25.39640118292344,0,[]
20250720_112147_450,18,18,18,-20.3,24.134509923807215,-78.57731323242187,-78.57731323242187,0.10011005401611328,0.1582956314086914,18,18,YOLO,1,32,0,24.134509923807215,0,[]
20250720_112147_710,18,18,18,-20.3,24.308465629331465,-78.41321563720703,-78.41321563720703,0.09640860557556152,0.10176849365234375,18,18,YOLO,1,32,0,24.308465629331465,0,[]
20250720_112147_910,18,18,18,-20.3,24.473233455799317,-78.27713890075684,-78.27713890075684,0.10099649429321289,0.15816760063171387,18,18,YOLO,1,32,0,24.473233455799317,0,[]
20250720_112148_170,18,18,18,-20.3,24.465518434170022,-78.28508758544922,-78.28508758544922,0.09934258460998535,0.10173487663269043,18,18,YOLO,1,32,0,24.465518434170022,0,[]
20250720_112148_373,18,18,18,-20.3,24.39141281787586,-78.30224227905273,-78.30224227905273,0.09867286682128906,0.1581861972808838,18,18,YOLO,1,32,0,24.39141281787586,0,[]
20250720_112148_631,18,18,18,-20.3,24.38407467236641,-78.32091522216797,-78.32091522216797,0.10049962997436523,0.10178947448730469,18,18,YOLO,1,32,0,24.38407467236641,0,[]
20250720_112148_835,19,18,18,-20.3,24.468864612801312,-78.24887771606446,-78.24887771606446,0.10042309761047363,0.15825986862182617,18,18,YOLO,1,32,0,24.468864612801312,0,[]
20250720_112149_095,19,18,18,-20.3,23.445068630153244,-79.2184829711914,-79.2184829711914,0.09877657890319824,0.10178184509277344,18,18,YOLO,1,32,0,23.445068630153244,0,[]
20250720_112149_297,19,17,17,-21.8,24.07494168783687,-78.66798706054688,-78.66798706054688,0.09981751441955566,0.1581556797027588,17,17,YOLO,1,32,0,24.07494168783687,0,[]
20250720_112149_557,19,17,17,-21.8,23.93673354513784,-78.76100120544433,-78.76100120544433,0.09788370132446289,0.1018075942993164,17,17,YOLO,1,32,0,23.93673354513784,0,[]
20250720_112149_758,19,17,17,-21.8,24.244199166104778,-78.43057632446289,-78.43057632446289,0.09465646743774414,0.1582045555114746,17,17,YOLO,1,32,0,24.244199166104778,0,[]
20250720_112150_012,19,17,17,-21.8,24.26398821468969,-78.43834571838379,-78.43834571838379,0.09426140785217285,0.10171389579772949,17,17,YOLO,1,32,0,24.26398821468969,0,[]
20250720_112150_209,19,17,17,-21.8,24.108024249468016,-78.62083740234375,-78.62083740234375,0.09567093849182129,0.15828752517700195,17,17,YOLO,1,32,0,24.108024249468016,0,[]
20250720_112150_465,19,17,17,-21.8,24.27095100118727,-78.47009506225587,-78.47009506225587,0.09306216239929199,0.10187339782714844,17,17,YOLO,1,32,0,24.27095100118727,0,[]
20250720_112150_661,19,17,17,-21.8,24.033435046498155,-78.6864128112793,-78.6864128112793,0.09972810745239258,0.15818142890930176,17,17,YOLO,1,32,0,24.033435046498155,0,[]
20250720_112150_921,19,17,17,-21.8,24.24352085209948,-78.42128257751465,-78.42128257751465,0.09969234466552734,0.10200262069702148,17,17,YOLO,1,32,0,24.24352085209948,0,[]
20250720_112151_124,19,17,17,-21.8,24.61466382395794,-78.11160278320312,-78.11160278320312,0.10272932052612305,0.15830278396606445,17,17,YOLO,1,32,0,24.61466382395794,0,[]
20250720_112151_386,19,17,17,-21.8,24.638210908412702,-78.06050262451171,-78.06050262451171,0.10201764106750488,0.10175561904907227,17,17,YOLO,1,32,0,24.638210908412702,0,[]
20250720_112151_592,19,17,17,-21.8,24.59813817515814,-78.12936897277832,-78.12936897277832,0.09728503227233887,0.15812087059020996,17,17,YOLO,1,32,0,24.59813817515814,0,[]
20250720_112151_848,19,17,17,-21.8,24.59613221703708,-78.21110343933105,-78.21110343933105,0.10102033615112305,0.10175371170043945,17,17,YOLO,1,32,0,24.59613221703708,0,[]
20250720_112152_053,19,17,17,-21.8,24.373927632983282,-78.33929061889648,-78.33929061889648,0.09676074981689453,0.1582493782043457,17,17,YOLO,1,32,0,24.373927632983282,0,[]
20250720_112152_309,19,17,17,-21.8,24.27194727973952,-78.40796165466308,-78.40796165466308,0.09505009651184082,0.10176825523376465,17,17,YOLO,1,32,0,24.27194727973952,0,[]
20250720_112152_507,19,17,17,-21.8,24.518420939100565,-78.27686309814453,-78.27686309814453,0.09807848930358887,0.1582486629486084,17,17,YOLO,1,32,0,24.518420939100565,0,[]
20250720_112152_765,19,17,17,-21.8,24.448202468604322,-78.23569068908691,-78.23569068908691,0.10012578964233398,0.10175967216491699,17,17,YOLO,1,32,0,24.448202468604322,0,[]
20250720_112152_968,20,17,17,-21.8,22.9242685137593,-79.8442153930664,-79.8442153930664,0.10030031204223633,0.1581735610961914,17,17,YOLO,1,32,0,22.9242685137593,0,[]
20250720_112153_228,20,16,16,-23.2,23.122987672266106,-79.59398460388184,-79.59398460388184,0.09652948379516602,0.1018071174621582,16,16,YOLO,1,32,0,23.122987672266106,0,[]
20250720_112153_428,20,16,16,-23.2,24.76580536295728,-77.93734931945801,-77.93734931945801,0.09794020652770996,0.15822577476501465,16,16,YOLO,1,32,0,24.76580536295728,0,[]
20250720_112153_686,20,16,16,-23.2,24.693429957326714,-77.99832916259766,-77.99832916259766,0.10243606567382812,0.10176563262939453,16,16,YOLO,1,32,0,24.693429957326714,0,[]
20250720_112153_891,20,16,16,-23.2,25.28737752515252,-77.42156944274902,-77.42156944274902,0.10210275650024414,0.15821552276611328,16,16,YOLO,1,32,0,25.28737752515252,0,[]
20250720_112154_153,20,16,16,-23.2,25.249128292208738,-77.37256698608398,-77.37256698608398,0.10315966606140137,0.10179305076599121,16,16,YOLO,1,32,0,25.249128292208738,0,[]
20250720_112154_359,20,16,16,-23.2,24.89769919368483,-77.7907485961914,-77.7907485961914,0.10037636756896973,0.15821337699890137,16,16,YOLO,1,32,0,24.89769919368483,0,[]
20250720_112154_619,20,16,16,-23.2,24.847494031716906,-77.94455108642578,-77.94455108642578,0.09752893447875977,0.10173940658569336,16,16,YOLO,1,32,0,24.847494031716906,0,[]
20250720_112154_820,20,16,16,-23.2,24.95021968557259,-77.78234100341797,-77.78234100341797,0.10227632522583008,0.1582021713256836,16,16,YOLO,1,32,0,24.95021968557259,0,[]
20250720_112155_082,20,16,16,-23.2,24.791722925785322,-77.97258529663085,-77.97258529663085,0.0950160026550293,0.10193681716918945,16,16,YOLO,1,32,0,24.791722925785322,0,[]
20250720_112155_281,20,16,16,-23.2,24.810637559389207,-77.8941162109375,-77.8941162109375,0.09655880928039551,0.15815496444702148,16,16,YOLO,1,32,0,24.810637559389207,0,[]
20250720_112155_537,20,16,16,-23.2,24.648316383540774,-78.06370162963867,-78.06370162963867,0.09549903869628906,0.10181260108947754,16,16,YOLO,1,32,0,24.648316383540774,0,[]
20250720_112155_735,20,16,16,-23.2,24.708396313559845,-77.91625213623047,-77.91625213623047,0.09593439102172852,0.15816831588745117,16,16,YOLO,1,32,0,24.708396313559845,0,[]
20250720_112155_991,20,16,16,-23.2,25.005428030820127,-77.79663734436035,-77.79663734436035,0.1009213924407959,0.10175085067749023,16,16,YOLO,1,32,0,25.005428030820127,0,[]
20250720_112156_195,20,16,16,-23.2,25.01334020022354,-77.71999015808106,-77.71999015808106,0.0976724624633789,0.15816450119018555,16,16,YOLO,1,32,0,25.01334020022354,0,[]
20250720_112156_452,20,16,16,-23.2,25.18717161651105,-77.55864219665527,-77.55864219665527,0.09678316116333008,0.10175633430480957,16,16,YOLO,1,32,0,25.18717161651105,0,[]
20250720_112156_652,20,16,16,-23.2,24.9154118410506,-77.80274047851563,-77.80274047851563,0.09409475326538086,0.1580960750579834,16,16,YOLO,1,32,0,24.9154118410506,0,[]
20250720_112156_906,21,16,16,-23.2,25.071357631958705,-77.69386291503906,-77.69386291503906,0.09741353988647461,0.10178494453430176,16,16,YOLO,1,32,0,25.071357631958705,0,[]
20250720_112157_107,21,16,16,-23.2,23.40918705330938,-79.23079338073731,-79.23079338073731,0.09601211547851562,0.15810275077819824,16,16,YOLO,1,32,0,23.40918705330938,0,[]
20250720_112157_362,21,15,15,-24.7,23.424273334188797,-79.2184829711914,-79.2184829711914,0.09750056266784668,0.10178065299987793,15,15,YOLO,1,32,0,23.424273334188797,0,[]
20250720_112157_563,21,15,15,-24.7,24.583411477915973,-78.12808227539062,-78.12808227539062,0.0978703498840332,0.1583244800567627,15,15,YOLO,1,32,0,24.583411477915973,0,[]
20250720_112157_821,21,15,15,-24.7,24.613744305972148,-78.02048416137696,-78.02048416137696,0.10054993629455566,0.10177469253540039,15,15,YOLO,1,32,0,24.613744305972148,0,[]
20250720_112158_024,21,15,15,-24.7,24.736707227768335,-77.94711608886719,-77.94711608886719,0.10181665420532227,0.1582810878753662,15,15,YOLO,1,32,0,24.736707227768335,0,[]
20250720_112158_286,21,15,15,-24.7,24.913245669008646,-77.8990104675293,-77.8990104675293,0.09892106056213379,0.1018071174621582,15,15,YOLO,1,32,0,24.913245669008646,0,[]
20250720_112158_488,21,15,15,-24.7,25.02380933507044,-77.75131950378419,-77.75131950378419,0.09639382362365723,0.15824294090270996,15,15,YOLO,1,32,0,25.02380933507044,0,[]
20250720_112158_744,21,16,16,-23.2,24.86322279407804,-77.79188499450683,-77.79188499450683,0.0972597599029541,0.10178494453430176,16,16,YOLO,1,32,0,24.86322279407804,0,[]
20250720_112158_945,21,16,16,-23.2,24.118446144353356,-78.63866691589355,-78.63866691589355,0.09782171249389648,0.1581554412841797,16,16,YOLO,1,32,0,24.118446144353356,0,[]
20250720_112159_202,21,16,16,-23.2,24.20733745457119,-78.5418628692627,-78.5418628692627,0.10053086280822754,0.10185503959655762,16,16,YOLO,1,32,0,24.20733745457119,0,[]
20250720_112159_406,21,16,16,-23.2,24.324981284978634,-78.36259765625,-78.36259765625,0.09572982788085938,0.1581707000732422,16,16,YOLO,1,32,0,24.324981284978634,0,[]
20250720_112159_661,21,16,16,-23.2,24.418572458474472,-78.25588607788086,-78.25588607788086,0.0954439640045166,0.10177421569824219,16,16,YOLO,1,32,0,24.418572458474472,0,[]
20250720_112159_860,21,16,16,-23.2,24.308223362435157,-78.41032676696777,-78.41032676696777,0.09640169143676758,0.15826964378356934,16,16,YOLO,1,32,0,24.308223362435157,0,[]
20250720_112200_116,21,16,16,-23.2,24.127906952594145,-78.53673782348633,-78.53673782348633,0.09086322784423828,0.10179662704467773,16,16,YOLO,1,32,0,24.127906952594145,0,[]
20250720_112200_310,21,16,16,-23.2,24.471446828742316,-78.30379371643066,-78.30379371643066,0.09418439865112305,0.15819764137268066,16,16,YOLO,1,32,0,24.471446828742316,0,[]
20250720_112200_564,21,16,16,-23.2,24.523696961652604,-78.22742309570313,-78.22742309570313,0.09664273262023926,0.10182738304138184,16,16,YOLO,1,32,0,24.523696961652604,0,[]
20250720_112200_764,21,16,16,-23.2,24.15941386268088,-78.5678939819336,-78.5678939819336,0.09711122512817383,0.15819191932678223,16,16,YOLO,1,32,0,24.15941386268088,0,[]
20250720_112201_021,22,16,16,-23.2,23.924486070415796,-78.69402542114258,-78.69402542114258,0.09606051445007324,0.10181212425231934,16,16,YOLO,1,32,0,23.924486070415796,0,[]
20250720_112201_220,22,14,14,-26.1,24.931637023121596,-77.7950439453125,-77.7950439453125,0.0946965217590332,0.15816688537597656,14,14,YOLO,1,32,0,24.931637023121596,0,[]
20250720_112201_474,22,14,14,-26.1,24.962819574116466,-77.6616439819336,-77.6616439819336,0.09859871864318848,0.10180306434631348,14,14,YOLO,1,32,0,24.962819574116466,0,[]
20250720_112201_676,22,14,14,-26.1,25.420281138668244,-77.34754486083985,-77.34754486083985,0.09563350677490234,0.1581571102142334,14,14,YOLO,1,32,0,25.420281138668244,0,[]
20250720_112201_931,22,14,14,-26.1,25.156244244670077,-77.5123908996582,-77.5123908996582,0.09856486320495605,0.10180926322937012,14,14,YOLO,1,32,0,25.156244244670077,0,[]
20250720_112202_133,22,14,14,-26.1,25.528691202815494,-77.20981864929199,-77.20981864929199,0.09885621070861816,0.15821361541748047,14,14,YOLO,1,32,0,25.528691202815494,0,[]
20250720_112202_392,22,14,14,-26.1,25.478943337256453,-77.256103515625,-77.256103515625,0.09321284294128418,0.10182309150695801,14,14,YOLO,1,32,0,25.478943337256453,0,[]
20250720_112202_588,22,14,14,-26.1,25.001660976725503,-77.70384941101074,-77.70384941101074,0.09422612190246582,0.15821051597595215,14,14,YOLO,1,32,0,25.001660976725503,0,[]
20250720_112202_842,22,14,14,-26.1,25.068447883068103,-77.70042114257812,-77.70042114257812,0.09990453720092773,0.10184478759765625,14,14,YOLO,1,32,0,25.068447883068103,0,[]
20250720_112203_045,22,15,15,-24.7,23.759906925536185,-78.99215240478516,-78.99215240478516,0.09890985488891602,0.15816950798034668,15,15,YOLO,1,32,0,23.759906925536185,0,[]
20250720_112203_304,22,15,15,-24.7,23.872001088296656,-78.80231819152831,-78.80231819152831,0.09775638580322266,0.10178661346435547,15,15,YOLO,1,32,0,23.872001088296656,0,[]
20250720_112203_505,22,15,15,-24.7,23.764520725986472,-78.91356544494629,-78.91356544494629,0.1019444465637207,0.1582934856414795,15,15,YOLO,1,32,0,23.764520725986472,0,[]
20250720_112203_767,22,15,15,-24.7,23.887783275311307,-78.779341506958,-78.779341506958,0.0867459774017334,0.10182523727416992,15,15,YOLO,1,32,0,23.887783275311307,0,[]
20250720_112203_957,22,15,15,-24.7,24.169484630638166,-78.55677680969238,-78.55677680969238,0.09611821174621582,0.15810322761535645,15,15,YOLO,1,32,0,24.169484630638166,0,[]
20250720_112204_212,22,15,15,-24.7,24.20136721741234,-78.45572624206542,-78.45572624206542,0.10378098487854004,0.10176968574523926,15,15,YOLO,1,32,0,24.20136721741234,0,[]
20250720_112204_419,22,15,15,-24.7,24.203158052660925,-78.52171325683594,-78.52171325683594,0.09528923034667969,0.1582930088043213,15,15,YOLO,1,32,0,24.203158052660925,0,[]
20250720_112204_674,22,15,15,-24.7,24.012061411046204,-78.60739860534667,-78.60739860534667,0.09815740585327148,0.10171818733215332,15,15,YOLO,1,32,0,24.012061411046204,0,[]
20250720_112204_876,23,15,15,-24.7,23.69389698143172,-79.01896667480469,-79.01896667480469,0.09418320655822754,0.15820813179016113,15,15,YOLO,1,32,0,23.69389698143172,0,[]
20250720_112205_129,23,15,15,-24.7,22.749325628983627,-79.85326347351074,-79.85326347351074,0.0995476245880127,0.10169839859008789,15,15,YOLO,1,32,0,22.749325628983627,0,[]
20250720_112205_332,23,14,14,-26.1,24.547942769853236,-78.15516319274903,-78.15516319274903,0.09570503234863281,0.1582026481628418,14,14,YOLO,1,32,0,24.547942769853236,0,[]
20250720_112205_587,23,14,14,-26.1,24.464372764391314,-78.12556228637695,-78.12556228637695,0.10118246078491211,0.10178136825561523,14,14,YOLO,1,32,0,24.464372764391314,0,[]
20250720_112205_792,23,14,14,-26.1,25.011856784483157,-77.71706695556641,-77.71706695556641,0.10126161575317383,0.15819025039672852,14,14,YOLO,1,32,0,25.011856784483157,0,[]
20250720_112206_053,23,14,14,-26.1,24.927406721938766,-77.72228050231934,-77.72228050231934,0.09668445587158203,0.10181307792663574,14,14,YOLO,1,32,0,24.927406721938766,0,[]
20250720_112206_253,23,14,14,-26.1,24.95077227852066,-77.72258148193359,-77.72258148193359,0.09482622146606445,0.15817856788635254,14,14,YOLO,1,32,0,24.95077227852066,0,[]
20250720_112206_507,23,14,14,-26.1,24.83116819256199,-77.70444831848144,-77.70444831848144,0.09777569770812988,0.10175681114196777,14,14,YOLO,1,32,0,24.83116819256199,0,[]
20250720_112206_708,23,14,14,-26.1,24.567240436060715,-78.12173233032226,-78.12173233032226,0.09841108322143555,0.1581745147705078,14,14,YOLO,1,32,0,24.567240436060715,0,[]
20250720_112206_966,23,14,14,-26.1,24.66400577828439,-78.00569648742676,-78.00569648742676,0.09897971153259277,0.10181379318237305,14,14,YOLO,1,32,0,24.66400577828439,0,[]
20250720_112207_168,23,14,14,-26.1,25.149405421017633,-77.53080749511719,-77.53080749511719,0.0993947982788086,0.15809369087219238,14,14,YOLO,1,32,0,25.149405421017633,0,[]
20250720_112207_427,23,14,14,-26.1,25.10511299601157,-77.47658004760743,-77.47658004760743,0.10286211967468262,0.10181999206542969,14,14,YOLO,1,32,0,25.10511299601157,0,[]
20250720_112207_633,23,14,14,-26.1,24.403167724184797,-78.30117721557617,-78.30117721557617,0.09716320037841797,0.15819501876831055,14,14,YOLO,1,32,0,24.403167724184797,0,[]
20250720_112207_890,23,14,14,-26.1,24.38428898654867,-78.2311824798584,-78.2311824798584,0.10303544998168945,0.10176873207092285,14,14,YOLO,1,32,0,24.38428898654867,0,[]
20250720_112208_096,23,14,14,-26.1,24.768140898114453,-77.88966674804688,-77.88966674804688,0.09648633003234863,0.15826654434204102,14,14,YOLO,1,32,0,24.768140898114453,0,[]
20250720_112208_352,23,14,14,-26.1,24.77040809835546,-77.89402198791504,-77.89402198791504,0.09978175163269043,0.10170793533325195,14,14,YOLO,1,32,0,24.77040809835546,0,[]
20250720_112208_555,23,14,14,-26.1,24.802451898409075,-77.9504165649414,-77.9504165649414,0.09956073760986328,0.15832209587097168,14,14,YOLO,1,32,0,24.802451898409075,0,[]
20250720_112208_815,23,14,14,-26.1,24.88039927460079,-77.89710235595703,-77.89710235595703,0.08561992645263672,0.10179734230041504,14,14,YOLO,1,32,0,24.88039927460079,0,[]
20250720_112209_003,24,14,14,-26.1,23.638163362100926,-79.01864166259766,-79.01864166259766,0.0996546745300293,0.1582472324371338,14,14,YOLO,1,32,0,23.638163362100926,0,[]
20250720_112209_263,24,14,14,-26.1,23.644053661964094,-79.12594490051269,-79.12594490051269,0.09724593162536621,0.10179471969604492,14,14,YOLO,1,32,0,23.644053661964094,0,[]
20250720_112209_463,24,14,14,-26.1,23.38941176374918,-79.14421463012695,-79.14421463012695,0.09781861305236816,0.15819764137268066,14,14,YOLO,1,32,0,23.38941176374918,0,[]
20250720_112209_721,24,14,14,-26.1,23.525114888261186,-79.0554744720459,-79.0554744720459,0.09711837768554688,0.10180401802062988,14,14,YOLO,1,32,0,23.525114888261186,0,[]
20250720_112209_921,24,14,14,-26.1,24.285949909745483,-78.47514343261719,-78.47514343261719,0.09476017951965332,0.15828585624694824,14,14,YOLO,1,32,0,24.285949909745483,0,[]
20250720_112210_175,24,14,14,-26.1,24.23597011084459,-78.47489280700684,-78.47489280700684,0.09868574142456055,0.10181641578674316,14,14,YOLO,1,32,0,24.23597011084459,0,[]
20250720_112210_377,24,14,14,-26.1,24.55205134378663,-78.19312591552735,-78.19312591552735,0.0988156795501709,0.158156156539917,14,14,YOLO,1,32,0,24.55205134378663,0,[]
20250720_112210_636,24,14,14,-26.1,24.413097383537718,-78.28471069335937,-78.28471069335937,0.10319995880126953,0.10183143615722656,14,14,YOLO,1,32,0,24.413097383537718,0,[]
20250720_112210_842,24,13,13,-27.6,24.3799998821639,-78.32815589904786,-78.32815589904786,0.09253978729248047,0.15825247764587402,13,13,YOLO,1,32,0,24.3799998821639,0,[]
20250720_112211_095,24,14,14,-26.1,24.10897556978071,-78.37102508544922,-78.37102508544922,0.09720897674560547,0.10178971290588379,14,14,YOLO,1,32,0,24.10897556978071,0,[]
20250720_112211_295,24,14,14,-26.1,24.033349454663608,-78.61092185974121,-78.61092185974121,0.09678268432617188,0.15819764137268066,14,14,YOLO,1,32,0,24.033349454663608,0,[]
20250720_112211_551,24,14,14,-26.1,24.11562888865963,-78.5422264099121,-78.5422264099121,0.09950518608093262,0.10174989700317383,14,14,YOLO,1,32,0,24.11562888865963,0,[]
20250720_112211_754,24,14,14,-26.1,23.957193151976313,-78.54808883666992,-78.54808883666992,0.10052895545959473,0.15822386741638184,14,14,YOLO,1,32,0,23.957193151976313,0,[]
20250720_112212_014,24,14,14,-26.1,24.038565091769826,-78.55969886779785,-78.55969886779785,0.0872802734375,0.10173630714416504,14,14,YOLO,1,32,0,24.038565091769826,0,[]
20250720_112212_205,24,14,14,-26.1,24.01323248888808,-78.78818817138672,-78.78818817138672,0.0944528579711914,0.15828824043273926,14,14,YOLO,1,32,0,24.01323248888808,0,[]
20250720_112212_459,24,14,14,-26.1,23.80929165200085,-78.93826179504394,-78.93826179504394,0.0994577407836914,0.10197854042053223,14,14,YOLO,1,32,0,23.80929165200085,0,[]
20250720_112212_662,24,13,13,-27.6,24.414850797718444,-78.26871833801269,-78.26871833801269,0.09783792495727539,0.15813016891479492,13,13,YOLO,1,32,0,24.414850797718444,0,[]
20250720_112212_919,25,14,14,-26.1,24.539736189813,-78.10158615112304,-78.10158615112304,0.10147571563720703,0.10172510147094727,14,14,YOLO,1,32,0,24.539736189813,0,[]
20250720_112213_124,25,14,14,-26.1,22.669415841386638,-79.96557235717773,-79.96557235717773,0.10093426704406738,0.15822124481201172,14,14,YOLO,1,32,0,22.669415841386638,0,[]
20250720_112213_384,25,NO_RADIO,14,-26.1,22.6695609210702,-79.94239540100098,-79.94239540100098,0.09766054153442383,0.1017765998840332,14,,CenterFallback,1,32,0,,,[]
20250720_112213_585,25,NO_RADIO,14,-26.1,22.42130105810878,-80.26640319824219,-80.26640319824219,0.0976724624633789,0.15837788581848145,14,,CenterFallback,1,32,0,,,[]
20250720_112213_843,25,NO_RADIO,14,-26.1,22.46552941286855,-80.12717819213867,-80.12717819213867,0.09893035888671875,0.10185384750366211,14,,CenterFallback,1,32,0,,,[]
20250720_112214_045,25,NO_RADIO,14,-26.1,23.146827039306515,-79.58689155578614,-79.58689155578614,0.0931386947631836,0.15819311141967773,14,,CenterFallback,1,32,0,,,[]
20250720_112214_297,25,NO_RADIO,14,-26.1,23.126195293692447,-79.58393096923828,-79.58393096923828,0.09834933280944824,0.10177350044250488,14,,CenterFallback,1,32,0,,,[]
20250720_112214_499,25,NO_RADIO,14,-26.1,23.00725936222709,-79.66114044189453,-79.66114044189453,0.09581446647644043,0.1582019329071045,14,,CenterFallback,1,32,0,,,[]
20250720_112214_754,25,13,13,-27.6,23.082562996456147,-79.61578826904297,-79.61578826904297,0.09881806373596191,0.10182762145996094,13,13,YOLO,1,32,0,23.082562996456147,0,[]
20250720_112214_956,25,13,13,-27.6,24.00697784348553,-78.77787742614746,-78.77787742614746,0.1004948616027832,0.1581888198852539,13,13,YOLO,1,32,0,24.00697784348553,0,[]
20250720_112215_217,25,13,13,-27.6,23.925049991362783,-78.8001148223877,-78.8001148223877,0.09561276435852051,0.10175657272338867,13,13,YOLO,1,32,0,23.925049991362783,0,[]
20250720_112215_415,25,13,13,-27.6,23.46909147308324,-79.15095520019531,-79.15095520019531,0.10103631019592285,0.15824508666992188,13,13,YOLO,1,32,0,23.46909147308324,0,[]
20250720_112215_676,25,13,13,-27.6,23.403715823770924,-79.1384048461914,-79.1384048461914,0.09971880912780762,0.1017763614654541,13,13,YOLO,1,32,0,23.403715823770924,0,[]
20250720_112215_879,25,13,13,-27.6,23.48823272287956,-79.26471061706543,-79.26471061706543,0.09561920166015625,0.15821337699890137,13,13,YOLO,1,32,0,23.48823272287956,0,[]
20250720_112216_134,25,13,13,-27.6,23.534255680445952,-79.12964935302735,-79.12964935302735,0.09917783737182617,0.10174083709716797,13,13,YOLO,1,32,0,23.534255680445952,0,[]
20250720_112216_336,25,13,13,-27.6,23.546864411714736,-79.0119800567627,-79.0119800567627,0.09755849838256836,0.15816307067871094,13,13,YOLO,1,32,0,23.546864411714736,0,[]
20250720_112216_594,25,13,13,-27.6,23.719695979885927,-79.0875473022461,-79.0875473022461,0.0988473892211914,0.10178422927856445,13,13,YOLO,1,32,0,23.719695979885927,0,[]
20250720_112216_796,25,13,13,-27.6,23.613837290482095,-79.02787132263184,-79.02787132263184,0.09457278251647949,0.1581118106842041,13,13,YOLO,1,32,0,23.613837290482095,0,[]
20250720_112217_050,26,13,13,-27.6,23.26165645658746,-79.438472366333,-79.438472366333,0.08594107627868652,0.10174703598022461,13,13,YOLO,1,32,0,23.26165645658746,0,[]
20250720_112217_239,26,NO_RADIO,13,-27.6,21.981416761771797,-80.67193603515625,-80.67193603515625,0.10002946853637695,0.1584000587463379,13,,CenterFallback,1,32,0,,,[]
20250720_112217_499,26,NO_RADIO,13,-27.6,21.804194803423698,-80.86975059509277,-80.86975059509277,0.08467388153076172,0.10196208953857422,13,,CenterFallback,1,32,0,,,[]
20250720_112217_687,26,NO_RADIO,13,-27.6,22.231610568291032,-80.53502655029297,-80.53502655029297,0.09751462936401367,0.15838360786437988,13,,CenterFallback,1,32,0,,,[]
20250720_112217_944,26,NO_RADIO,13,-27.6,22.220838122376563,-80.50860595703125,-80.50860595703125,0.09094834327697754,0.10189127922058105,13,,CenterFallback,1,32,0,,,[]
20250720_112218_138,26,NO_RADIO,13,-27.6,22.05752895453955,-80.5725658416748,-80.5725658416748,0.09346389770507812,0.15815162658691406,13,,CenterFallback,1,32,0,,,[]
20250720_112218_391,26,NO_RADIO,13,-27.6,22.146288562294274,-80.55256652832031,-80.55256652832031,0.09396529197692871,0.1018364429473877,13,,CenterFallback,1,32,0,,,[]
20250720_112218_589,26,NO_RADIO,13,-27.6,22.078395401956612,-80.62629852294923,-80.62629852294923,0.09272217750549316,0.15826916694641113,13,,CenterFallback,1,32,0,,,[]
20250720_112218_841,26,NO_RADIO,13,-27.6,21.455713580855203,-81.17526473999024,-81.17526473999024,0.0941774845123291,0.10186767578125,13,,CenterFallback,1,32,0,,,[]
20250720_112219_038,26,NO_RADIO,13,-27.6,22.66654632617977,-79.94254608154297,-79.94254608154297,0.09583878517150879,0.1581742763519287,13,,CenterFallback,1,32,0,,,[]
20250720_112219_294,26,NO_RADIO,13,-27.6,22.69671657003991,-80.00561447143555,-80.00561447143555,0.08983755111694336,0.10184502601623535,13,,CenterFallback,1,32,0,,,[]
20250720_112219_487,26,NO_RADIO,13,-27.6,22.37385540330436,-80.2147289276123,-80.2147289276123,0.10002660751342773,0.15821290016174316,13,,CenterFallback,1,32,0,,,[]
20250720_112219_747,26,NO_RADIO,13,-27.6,22.57731159749261,-80.22925567626953,-80.22925567626953,0.0966637134552002,0.10189461708068848,13,,CenterFallback,1,32,0,,,[]
20250720_112219_947,26,NO_RADIO,13,-27.6,22.75702345952645,-79.98740081787109,-79.98740081787109,0.0882558822631836,0.1584177017211914,13,,CenterFallback,1,32,0,,,[]
20250720_112220_195,26,NO_RADIO,13,-27.6,22.741126984527583,-79.93355560302734,-79.93355560302734,0.09080958366394043,0.10179543495178223,13,,CenterFallback,1,32,0,,,[]
20250720_112220_388,26,NO_RADIO,13,-27.6,22.589568004091547,-80.12303466796875,-80.12303466796875,0.09801006317138672,0.15814208984375,13,,CenterFallback,1,32,0,,,[]
20250720_112220_646,26,NO_RADIO,13,-27.6,22.34209550731913,-80.32016944885254,-80.32016944885254,0.09661030769348145,0.10174870491027832,13,,CenterFallback,1,32,0,,,[]
20250720_112220_846,27,NO_RADIO,13,-27.6,21.822327208720836,-80.74308547973634,-80.74308547973634,0.09583044052124023,0.15830183029174805,13,,CenterFallback,1,32,0,,,[]
20250720_112221_101,27,NO_RADIO,13,-27.6,21.03682650951731,-81.63717651367188,-81.63717651367188,0.09789776802062988,0.10171914100646973,13,,CenterFallback,1,32,0,,,[]
20250720_112221_302,27,NO_RADIO,13,-27.6,20.795736696735304,-81.77268180847169,-81.77268180847169,0.09694027900695801,0.15819931030273438,13,,CenterFallback,1,32,0,,,[]
20250720_112221_559,27,NO_RADIO,13,-27.6,20.683160868884485,-81.99582939147949,-81.99582939147949,0.09186911582946777,0.10179853439331055,13,,CenterFallback,1,32,0,,,[]
20250720_112221_754,27,NO_RADIO,13,-27.6,20.989772659556678,-81.6297607421875,-81.6297607421875,0.09524202346801758,0.158250093460083,13,,CenterFallback,1,32,0,,,[]
20250720_112222_009,27,NO_RADIO,13,-27.6,20.96978196795486,-81.76075248718261,-81.76075248718261,0.09306836128234863,0.10191941261291504,13,,CenterFallback,1,32,0,,,[]
20250720_112222_205,27,NO_RADIO,13,-27.6,20.910130419643224,-81.71417503356933,-81.71417503356933,0.10022449493408203,0.15815472602844238,13,,CenterFallback,1,32,0,,,[]
20250720_112222_465,27,NO_RADIO,13,-27.6,21.080284406284903,-81.54703025817871,-81.54703025817871,0.08278226852416992,0.10202813148498535,13,,CenterFallback,1,32,0,,,[]
20250720_112222_651,27,NO_RADIO,13,-27.6,20.74090857714596,-81.95274353027344,-81.95274353027344,0.09564423561096191,0.15832161903381348,13,,CenterFallback,1,32,0,,,[]
20250720_112222_907,27,NO_RADIO,13,-27.6,20.38993165445875,-82.21594924926758,-82.21594924926758,0.09945893287658691,0.10178828239440918,13,,CenterFallback,1,32,0,,,[]
20250720_112223_109,27,NO_RADIO,13,-27.6,20.72801696518934,-81.89919548034668,-81.89919548034668,0.09079766273498535,0.15820789337158203,13,,CenterFallback,1,32,0,,,[]
20250720_112223_360,27,NO_RADIO,13,-27.6,20.567329226842745,-82.12870788574219,-82.12870788574219,0.0900726318359375,0.10182404518127441,13,,CenterFallback,1,32,0,,,[]
20250720_112223_553,27,NO_RADIO,13,-27.6,20.57799192179948,-82.1086296081543,-82.1086296081543,0.09400486946105957,0.15829849243164062,13,,CenterFallback,1,32,0,,,[]
20250720_112223_807,27,NO_RADIO,13,-27.6,20.51149498339477,-82.04146575927734,-82.04146575927734,0.09913206100463867,0.10190558433532715,13,,CenterFallback,1,32,0,,,[]
20250720_112224_009,27,NO_RADIO,13,-27.6,20.852946008313992,-81.7692325592041,-81.7692325592041,0.0968327522277832,0.1582331657409668,13,,CenterFallback,1,32,0,,,[]
20250720_112224_266,27,NO_RADIO,13,-27.6,21.25353747966581,-81.41659622192383,-81.41659622192383,0.09134435653686523,0.10189104080200195,13,,CenterFallback,1,32,0,,,[]
20250720_112224_460,27,NO_RADIO,13,-27.6,21.700695496218984,-80.98365020751953,-80.98365020751953,0.0943155288696289,0.1582927703857422,13,,CenterFallback,1,32,0,,,[]
20250720_112224_714,27,NO_RADIO,13,-27.6,21.682512624411203,-81.06286125183105,-81.06286125183105,0.08654975891113281,0.10187458992004395,13,,CenterFallback,1,32,0,,,[]
20250720_112224_904,28,NO_RADIO,13,-27.6,19.140021460394806,-83.26745300292968,-83.26745300292968,0.0964958667755127,0.1582181453704834,13,,CenterFallback,1,32,0,,,[]
20250720_112225_160,28,NO_RADIO,13,-27.6,18.772303482713212,-83.79229927062988,-83.79229927062988,0.09380626678466797,0.10190248489379883,13,,CenterFallback,1,32,0,,,[]
20250720_112225_358,28,NO_RADIO,13,-27.6,20.086205366176983,-82.47826385498047,-82.47826385498047,0.09750723838806152,0.15831613540649414,13,,CenterFallback,1,32,0,,,[]
20250720_112225_615,28,NO_RADIO,13,-27.6,20.096092205107297,-82.49252548217774,-82.49252548217774,0.09442281723022461,0.1018068790435791,13,,CenterFallback,1,32,0,,,[]
20250720_112225_812,28,NO_RADIO,13,-27.6,20.427057232533002,-82.24156188964844,-82.24156188964844,0.0970001220703125,0.15817022323608398,13,,CenterFallback,1,32,0,,,[]
20250720_112226_069,28,NO_RADIO,13,-27.6,20.484189434087455,-82.11965370178223,-82.11965370178223,0.09544086456298828,0.10181307792663574,13,,CenterFallback,1,32,0,,,[]
20250720_112226_268,28,NO_RADIO,13,-27.6,20.147968582139555,-82.54729461669922,-82.54729461669922,0.09211492538452148,0.15830326080322266,13,,CenterFallback,1,32,0,,,[]
20250720_112226_520,28,NO_RADIO,13,-27.6,20.16253193538944,-82.47826385498047,-82.47826385498047,0.0999445915222168,0.10206890106201172,13,,CenterFallback,1,32,0,,,[]
20250720_112226_723,28,NO_RADIO,13,-27.6,19.139609876986796,-83.56321907043457,-83.56321907043457,0.09627556800842285,0.15824007987976074,13,,CenterFallback,1,32,0,,,[]
20250720_112226_979,28,NO_RADIO,13,-27.6,19.207703587789467,-83.46316528320312,-83.46316528320312,0.09535646438598633,0.10182356834411621,13,,CenterFallback,1,32,0,,,[]
20250720_112227_178,28,NO_RADIO,13,-27.6,19.23571757323164,-83.30085906982421,-83.30085906982421,0.0973515510559082,0.15828609466552734,13,,CenterFallback,1,32,0,,,[]
20250720_112227_435,28,NO_RADIO,13,-27.6,19.20638103092591,-83.42927017211915,-83.42927017211915,0.09587264060974121,0.10195183753967285,13,,CenterFallback,1,32,0,,,[]
20250720_112227_634,28,NO_RADIO,13,-27.6,19.935963800953544,-82.73168182373047,-82.73168182373047,0.09427309036254883,0.1582179069519043,13,,CenterFallback,1,32,0,,,[]
20250720_112227_888,28,NO_RADIO,13,-27.6,19.784913805672986,-82.78627014160156,-82.78627014160156,0.09590649604797363,0.10186481475830078,13,,CenterFallback,1,32,0,,,[]
20250720_112228_087,28,NO_RADIO,13,-27.6,19.806102504205754,-82.84225311279297,-82.84225311279297,0.09647202491760254,0.1589035987854004,13,,CenterFallback,1,32,0,,,[]
20250720_112228_344,28,NO_RADIO,13,-27.6,19.853498424784476,-82.66965751647949,-82.66965751647949,0.09161996841430664,0.10185027122497559,13,,CenterFallback,1,32,0,,,[]
20250720_112228_539,28,NO_RADIO,13,-27.6,20.360286345977457,-82.2618278503418,-82.2618278503418,0.09784531593322754,0.15828156471252441,13,,CenterFallback,1,32,0,,,[]
20250720_112228_796,28,NO_RADIO,13,-27.6,20.370349579440898,-82.27582550048828,-82.27582550048828,0.09562087059020996,0.10185885429382324,13,,CenterFallback,1,32,0,,,[]
20250720_112228_995,29,NO_RADIO,13,-27.6,17.53068412378505,-84.95858879089356,-84.95858879089356,0.09486532211303711,0.15822148323059082,13,,CenterFallback,1,32,0,,,[]
20250720_112229_250,29,NO_RADIO,13,-27.6,17.628074584278195,-84.9217300415039,-84.9217300415039,0.0817728042602539,0.10187721252441406,13,,CenterFallback,1,32,0,,,[]
20250720_112229_435,29,NO_RADIO,13,-27.6,17.403472703102807,-85.11562614440918,-85.11562614440918,0.09518289566040039,0.15824484825134277,13,,CenterFallback,1,32,0,,,[]
20250720_112229_690,29,NO_RADIO,13,-27.6,17.48361059462505,-85.11892967224121,-85.11892967224121,0.09667611122131348,0.10180211067199707,13,,CenterFallback,1,32,0,,,[]
20250720_112229_890,29,NO_RADIO,13,-27.6,17.761956926894612,-84.70261611938477,-84.70261611938477,0.09379386901855469,0.15826201438903809,13,,CenterFallback,1,32,0,,,[]
20250720_112230_143,29,NO_RADIO,13,-27.6,17.465494880003618,-85.14216766357421,-85.14216766357421,0.0936882495880127,0.10190367698669434,13,,CenterFallback,1,32,0,,,[]
20250720_112230_340,29,NO_RADIO,13,-27.6,17.471652359527937,-85.15817070007324,-85.15817070007324,0.09561610221862793,0.15827083587646484,13,,CenterFallback,1,32,0,,,[]
20250720_112230_595,29,NO_RADIO,13,-27.6,17.711769410814966,-84.9886703491211,-84.9886703491211,0.09444379806518555,0.10184144973754883,13,,CenterFallback,1,32,0,,,[]
20250720_112230_793,29,NO_RADIO,13,-27.6,17.13552191827054,-85.50300598144531,-85.50300598144531,0.09834980964660645,0.1582181453704834,13,,CenterFallback,1,32,0,,,[]
20250720_112231_051,29,NO_RADIO,13,-27.6,17.040093610394592,-85.4705810546875,-85.4705810546875,0.09644865989685059,0.1018521785736084,13,,CenterFallback,1,32,0,,,[]
20250720_112231_251,29,NO_RADIO,13,-27.6,18.61025229507068,-83.91772537231445,-83.91772537231445,0.09413003921508789,0.15820574760437012,13,,CenterFallback,1,32,0,,,[]
20250720_112231_504,29,NO_RADIO,13,-27.6,18.74182526524683,-83.74559173583984,-83.74559173583984,0.09576654434204102,0.10190653800964355,13,,CenterFallback,1,32,0,,,[]
20250720_112231_704,29,NO_RADIO,13,-27.6,18.695445213940147,-83.99394989013672,-83.99394989013672,0.09468197822570801,0.15834999084472656,13,,CenterFallback,1,32,0,,,[]
20250720_112231_958,29,NO_RADIO,13,-27.6,18.564039450682657,-83.97000160217286,-83.97000160217286,0.10245919227600098,0.10185503959655762,13,,CenterFallback,1,32,0,,,[]
20250720_112232_164,29,NO_RADIO,13,-27.6,18.386044877512504,-84.29773826599121,-84.29773826599121,0.09592938423156738,0.1582331657409668,13,,CenterFallback,1,32,0,,,[]
20250720_112232_419,29,NO_RADIO,13,-27.6,18.065023698478413,-84.47386169433594,-84.47386169433594,0.09615206718444824,0.10194802284240723,13,,CenterFallback,1,32,0,,,[]
20250720_112232_619,29,NO_RADIO,13,-27.6,17.961048772007203,-84.49617576599121,-84.49617576599121,0.0945892333984375,0.15822243690490723,13,,CenterFallback,1,32,0,,,[]
20250720_112232_873,30,NO_RADIO,13,-27.6,18.10568078466588,-84.56628303527832,-84.56628303527832,0.09763121604919434,0.10179710388183594,13,,CenterFallback,1,32,0,,,[]
20250720_112233_074,30,NO_RADIO,13,-27.6,15.403910646427562,-87.1603012084961,-87.1603012084961,0.09815287590026855,0.1582944393157959,13,,CenterFallback,1,32,0,,,[]
20250720_112233_332,30,NO_RADIO,13,-27.6,15.225330550625046,-87.21895599365234,-87.21895599365234,0.09824991226196289,0.10176229476928711,13,,CenterFallback,1,32,0,,,[]
20250720_112233_533,30,NO_RADIO,13,-27.6,14.652734591065055,-87.80855674743653,-87.80855674743653,0.09482002258300781,0.15824437141418457,13,,CenterFallback,1,32,0,,,[]
20250720_112233_788,30,NO_RADIO,13,-27.6,15.06188457923588,-87.57687377929688,-87.57687377929688,0.09865760803222656,0.10184288024902344,13,,CenterFallback,1,32,0,,,[]
20250720_112233_989,30,NO_RADIO,13,-27.6,16.528248507372567,-85.99243927001953,-85.99243927001953,0.09826493263244629,0.15834546089172363,13,,CenterFallback,1,32,0,,,[]
20250720_112234_247,30,NO_RADIO,13,-27.6,16.4263289337881,-86.12810516357422,-86.12810516357422,0.08912897109985352,0.10184359550476074,13,,CenterFallback,1,32,0,,,[]
20250720_112234_440,30,NO_RADIO,13,-27.6,16.282018058573854,-86.2552261352539,-86.2552261352539,0.09053707122802734,0.15815162658691406,13,,CenterFallback,1,32,0,,,[]
20250720_112234_690,30,NO_RADIO,13,-27.6,16.35090354265718,-86.19120025634766,-86.19120025634766,0.10034489631652832,0.10178995132446289,13,,CenterFallback,1,32,0,,,[]
20250720_112234_893,30,NO_RADIO,13,-27.6,16.133454877709283,-86.36385459899903,-86.36385459899903,0.09790611267089844,0.15813851356506348,13,,CenterFallback,1,32,0,,,[]
20250720_112235_151,30,NO_RADIO,13,-27.6,16.380366067876892,-86.14065551757812,-86.14065551757812,0.09696316719055176,0.10185360908508301,13,,CenterFallback,1,32,0,,,[]
20250720_112235_351,30,NO_RADIO,13,-27.6,15.817951985077244,-86.63632087707519,-86.63632087707519,0.10062170028686523,0.158217191696167,13,,CenterFallback,1,32,0,,,[]
20250720_112235_611,30,NO_RADIO,13,-27.6,15.97776775015042,-86.5257797241211,-86.5257797241211,0.09927082061767578,0.10179948806762695,13,,CenterFallback,1,32,0,,,[]
20250720_112235_814,30,NO_RADIO,13,-27.6,15.9095725140875,-86.7116081237793,-86.7116081237793,0.09576106071472168,0.1582355499267578,13,,CenterFallback,1,32,0,,,[]
20250720_112236_069,30,NO_RADIO,13,-27.6,15.816825748147352,-86.75046844482422,-86.75046844482422,0.09554457664489746,0.10183238983154297,13,,CenterFallback,1,32,0,,,[]
20250720_112236_268,30,NO_RADIO,13,-27.6,15.870577676851326,-86.67948913574219,-86.67948913574219,0.09520697593688965,0.15817737579345703,13,,CenterFallback,1,32,0,,,[]
20250720_112236_523,30,NO_RADIO,13,-27.6,15.956389935749371,-86.58568572998047,-86.58568572998047,0.09615612030029297,0.10189461708068848,13,,CenterFallback,1,32,0,,,[]
20250720_112236_722,30,NO_RADIO,13,-27.6,15.682007748783889,-86.92828369140625,-86.92828369140625,0.09594249725341797,0.15817832946777344,13,,CenterFallback,1,32,0,,,[]
20250720_112236_978,31,NO_RADIO,13,-27.6,15.668529445225715,-86.89303092956543,-86.89303092956543,0.09243392944335938,0.1018223762512207,13,,CenterFallback,1,32,0,,,[]
20250720_112237_173,31,NO_RADIO,13,-27.6,14.089157515843553,-88.33963775634766,-88.33963775634766,0.09273648262023926,0.158233642578125,13,,CenterFallback,1,32,0,,,[]
20250720_112237_426,31,NO_RADIO,13,-27.6,14.338164176330466,-88.01119728088379,-88.01119728088379,0.1002805233001709,0.10187888145446777,13,,CenterFallback,1,32,0,,,[]
20250720_112237_629,31,NO_RADIO,13,-27.6,14.338455732175262,-88.31193542480469,-88.31193542480469,0.094757080078125,0.15822362899780273,13,,CenterFallback,1,32,0,,,[]
20250720_112237_884,31,NO_RADIO,13,-27.6,14.427570010060464,-87.94027175903321,-87.94027175903321,0.10036540031433105,0.1018517017364502,13,,CenterFallback,1,32,0,,,[]
20250720_112238_087,31,NO_RADIO,13,-27.6,14.53333983186603,-87.94153594970703,-87.94153594970703,0.08962154388427734,0.15822982788085938,13,,CenterFallback,1,32,0,,,[]
20250720_112238_337,31,NO_RADIO,13,-27.6,14.363219156872148,-88.12940216064453,-88.12940216064453,0.09689116477966309,0.10183215141296387,13,,CenterFallback,1,32,0,,,[]
20250720_112238_537,31,NO_RADIO,13,-27.6,13.881507909953342,-88.62688446044922,-88.62688446044922,0.09786009788513184,0.15825605392456055,13,,CenterFallback,1,32,0,,,[]
20250720_112238_794,31,NO_RADIO,13,-27.6,14.165967971710415,-88.33963775634766,-88.33963775634766,0.09191632270812988,0.10178518295288086,13,,CenterFallback,1,32,0,,,[]
20250720_112238_989,31,NO_RADIO,13,-27.6,14.554683902316327,-88.01119728088379,-88.01119728088379,0.09491634368896484,0.15826654434204102,13,,CenterFallback,1,32,0,,,[]
20250720_112239_244,31,NO_RADIO,13,-27.6,14.459711782065483,-87.89582099914551,-87.89582099914551,0.09124135971069336,0.10183048248291016,13,,CenterFallback,1,32,0,,,[]
20250720_112239_439,31,NO_RADIO,13,-27.6,14.02418128695912,-88.27652435302734,-88.27652435302734,0.09323263168334961,0.15821099281311035,13,,CenterFallback,1,32,0,,,[]
20250720_112239_692,31,NO_RADIO,13,-27.6,14.085766013955833,-88.44514465332031,-88.44514465332031,0.0933542251586914,0.10181260108947754,13,,CenterFallback,1,32,0,,,[]
20250720_112239_888,31,NO_RADIO,13,-27.6,14.331193286284673,-88.16930389404297,-88.16930389404297,0.08904695510864258,0.1582014560699463,13,,CenterFallback,1,32,0,,,[]
20250720_112240_137,31,NO_RADIO,13,-27.6,14.338619321787235,-88.0182876586914,-88.0182876586914,0.09799385070800781,0.10187172889709473,13,,CenterFallback,1,32,0,,,[]
20250720_112240_338,31,NO_RADIO,13,-27.6,14.02441530637094,-88.33963775634766,-88.33963775634766,0.09779882431030273,0.15820789337158203,13,,CenterFallback,1,32,0,,,[]
20250720_112240_596,31,NO_RADIO,13,-27.6,13.953118612760562,-88.5678939819336,-88.5678939819336,0.09580802917480469,0.10184884071350098,13,,CenterFallback,1,32,0,,,[]
20250720_112240_795,32,NO_RADIO,13,-27.6,13.881000560128328,-88.56679840087891,-88.56679840087891,0.09760642051696777,0.1581425666809082,13,,CenterFallback,1,32,0,,,[]
20250720_112241_052,32,NO_RADIO,13,-27.6,12.85930843163878,-89.69738731384278,-89.69738731384278,0.09439897537231445,0.10179924964904785,13,,CenterFallback,1,32,0,,,[]
20250720_112241_249,32,NO_RADIO,13,-27.6,12.147635178750008,-90.27783966064453,-90.27783966064453,0.08702468872070312,0.15824246406555176,13,,CenterFallback,1,32,0,,,[]
20250720_112241_496,32,NO_RADIO,13,-27.6,12.524399659755076,-90.0145492553711,-90.0145492553711,0.07793140411376953,0.10183167457580566,13,,CenterFallback,1,32,0,,,[]
20250720_112241_677,32,NO_RADIO,13,-27.6,12.813522673402133,-89.68978118896484,-89.68978118896484,0.09806299209594727,0.15822458267211914,13,,CenterFallback,1,32,0,,,[]
20250720_112241_935,32,NO_RADIO,13,-27.6,12.984573367388592,-89.36690368652344,-89.36690368652344,0.09708070755004883,0.10176610946655273,13,,CenterFallback,1,32,0,,,[]
20250720_112242_135,32,NO_RADIO,13,-27.6,12.777888889147448,-89.74706268310547,-89.74706268310547,0.09497332572937012,0.15814495086669922,13,,CenterFallback,1,32,0,,,[]
20250720_112242_390,32,NO_RADIO,13,-27.6,11.441880575179283,-91.02214050292969,-91.02214050292969,0.09583330154418945,0.1018822193145752,13,,CenterFallback,1,32,0,,,[]
20250720_112242_589,32,NO_RADIO,13,-27.6,12.76628340312837,-89.7759780883789,-89.7759780883789,0.09398674964904785,0.15825366973876953,13,,CenterFallback,1,32,0,,,[]
20250720_112242_843,32,NO_RADIO,13,-27.6,12.778421319527908,-89.47653884887696,-89.47653884887696,0.09744763374328613,0.1017751693725586,13,,CenterFallback,1,32,0,,,[]
20250720_112243_043,32,NO_RADIO,13,-27.6,12.574612658937255,-89.84422302246094,-89.84422302246094,0.09087824821472168,0.1581742763519287,13,,CenterFallback,1,32,0,,,[]
20250720_112243_294,32,NO_RADIO,13,-27.6,12.66114695598236,-89.7759780883789,-89.7759780883789,0.09028339385986328,0.10180068016052246,13,,CenterFallback,1,32,0,,,[]
20250720_112243_487,32,NO_RADIO,13,-27.6,11.720824674472226,-90.86587371826172,-90.86587371826172,0.09508657455444336,0.15827560424804688,13,,CenterFallback,1,32,0,,,[]
20250720_112243_742,32,NO_RADIO,13,-27.6,11.521965237038344,-90.78394317626953,-90.78394317626953,0.0941319465637207,0.10182499885559082,13,,CenterFallback,1,32,0,,,[]
20250720_112243_939,32,NO_RADIO,13,-27.6,12.779346214941384,-89.61458587646484,-89.61458587646484,0.09393692016601562,0.1582012176513672,13,,CenterFallback,1,32,0,,,[]
20250720_112244_193,32,NO_RADIO,13,-27.6,12.814785151426676,-89.66143035888672,-89.66143035888672,0.09566283226013184,0.10185122489929199,13,,CenterFallback,1,32,0,,,[]
20250720_112244_392,32,NO_RADIO,13,-27.6,12.268287815735547,-90.10751342773438,-90.10751342773438,0.09503722190856934,0.15829133987426758,13,,CenterFallback,1,32,0,,,[]
20250720_112244_646,32,NO_RADIO,13,-27.6,12.327475523416979,-90.05407638549805,-90.05407638549805,0.09502601623535156,0.10212922096252441,13,,CenterFallback,1,32,0,,,[]
20250720_112244_845,33,NO_RADIO,13,-27.6,11.395338348401879,-90.97985191345215,-90.97985191345215,0.09460306167602539,0.15831494331359863,13,,CenterFallback,1,32,0,,,[]
20250720_112245_099,33,NO_RADIO,13,-27.6,10.69643292066226,-91.4554443359375,-91.4554443359375,0.09720683097839355,0.10187149047851562,13,,CenterFallback,1,32,0,,,[]
20250720_112245_300,33,NO_RADIO,13,-27.6,10.79026906699383,-91.4554443359375,-91.4554443359375,0.08705306053161621,0.15825176239013672,13,,CenterFallback,1,32,0,,,[]
20250720_112245_547,33,NO_RADIO,13,-27.6,10.755349759334294,-91.67446899414062,-91.67446899414062,0.08780384063720703,0.10186338424682617,13,,CenterFallback,1,32,0,,,[]
20250720_112245_738,33,NO_RADIO,13,-27.6,10.696580789473586,-91.67446899414062,-91.67446899414062,0.09447669982910156,0.1582343578338623,13,,CenterFallback,1,32,0,,,[]
20250720_112245_992,33,NO_RADIO,13,-27.6,10.753209064114287,-91.67446899414062,-91.67446899414062,0.0859687328338623,0.101806640625,13,,CenterFallback,1,32,0,,,[]
20250720_112246_181,33,NO_RADIO,13,-27.6,10.753203568798796,-91.6275562286377,-91.6275562286377,0.08695745468139648,0.1582937240600586,13,,CenterFallback,1,32,0,,,[]
20250720_112246_428,33,NO_RADIO,13,-27.6,10.644740805354402,-91.68946838378906,-91.68946838378906,0.09583926200866699,0.10185933113098145,13,,CenterFallback,1,32,0,,,[]
20250720_112246_627,33,NO_RADIO,13,-27.6,11.475324631711302,-90.7233657836914,-90.7233657836914,0.0937492847442627,0.15833473205566406,13,,CenterFallback,1,32,0,,,[]
20250720_112246_880,33,NO_RADIO,13,-27.6,11.475121634491387,-90.82069396972656,-90.82069396972656,0.08967471122741699,0.10173869132995605,13,,CenterFallback,1,32,0,,,[]
20250720_112247_073,33,NO_RADIO,13,-27.6,11.47535829780962,-90.81885643005371,-90.81885643005371,0.09550976753234863,0.15824222564697266,13,,CenterFallback,1,32,0,,,[]
20250720_112247_328,33,NO_RADIO,13,-27.6,11.264053244710723,-91.07141189575195,-91.07141189575195,0.08749771118164062,0.10187792778015137,13,,CenterFallback,1,32,0,,,[]
20250720_112247_519,33,NO_RADIO,13,-27.6,10.75252604556232,-91.67297630310058,-91.67297630310058,0.09290337562561035,0.15827488899230957,13,,CenterFallback,1,32,0,,,[]
20250720_112247_772,33,NO_RADIO,13,-27.6,10.77070610136498,-91.64387283325195,-91.64387283325195,0.09681391716003418,0.10180306434631348,13,,CenterFallback,1,32,0,,,[]
20250720_112247_972,33,NO_RADIO,13,-27.6,10.620587476040981,-91.67446899414062,-91.67446899414062,0.09004545211791992,0.1582348346710205,13,,CenterFallback,1,32,0,,,[]
20250720_112248_221,33,NO_RADIO,13,-27.6,10.916589431870847,-91.34230194091796,-91.34230194091796,0.09391045570373535,0.10191607475280762,13,,CenterFallback,1,32,0,,,[]
20250720_112248_419,33,NO_RADIO,13,-27.6,11.195909686707864,-91.32913970947266,-91.32913970947266,0.09264731407165527,0.15822386741638184,13,,CenterFallback,1,32,0,,,[]
20250720_112248_671,33,NO_RADIO,13,-27.6,11.246245119325948,-91.17960357666016,-91.17960357666016,0.09662079811096191,0.10185670852661133,13,,CenterFallback,1,32,0,,,[]
20250720_112248_871,34,NO_RADIO,13,-27.6,10.220185983511684,-92.14871215820312,-92.14871215820312,0.09512114524841309,0.1582784652709961,13,,CenterFallback,1,32,0,,,[]
20250720_112249_125,34,NO_RADIO,13,-27.6,9.64919856594426,-92.62488555908203,-92.62488555908203,0.08514857292175293,0.10175132751464844,13,,CenterFallback,1,32,0,,,[]
20250720_112249_314,34,NO_RADIO,13,-27.6,9.768175139051678,-92.46029663085938,-92.46029663085938,0.09493112564086914,0.15818190574645996,13,,CenterFallback,1,32,0,,,[]
20250720_112249_568,34,NO_RADIO,13,-27.6,9.76816772702665,-92.62488555908203,-92.62488555908203,0.09226083755493164,0.10177326202392578,13,,CenterFallback,1,32,0,,,[]
20250720_112249_764,34,NO_RADIO,13,-27.6,9.95148601949046,-92.40239715576172,-92.40239715576172,0.08402514457702637,0.1582324504852295,13,,CenterFallback,1,32,0,,,[]
20250720_112250_007,34,NO_RADIO,13,-27.6,10.106264200132614,-92.1965919494629,-92.1965919494629,0.10015606880187988,0.1018223762512207,13,,CenterFallback,1,32,0,,,[]
20250720_112250_211,34,NO_RADIO,13,-27.6,10.275801064828187,-92.06273307800294,-92.06273307800294,0.09774088859558105,0.158233642578125,13,,CenterFallback,1,32,0,,,[]
20250720_112250_468,34,NO_RADIO,13,-27.6,10.039844513013264,-92.13203430175781,-92.13203430175781,0.09283614158630371,0.10182452201843262,13,,CenterFallback,1,32,0,,,[]
20250720_112250_664,34,NO_RADIO,13,-27.6,10.212833887895314,-92.00091552734375,-92.00091552734375,0.0957343578338623,0.1582784652709961,13,,CenterFallback,1,32,0,,,[]
20250720_112250_919,34,NO_RADIO,13,-27.6,10.105342472533152,-92.31389617919922,-92.31389617919922,0.09691381454467773,0.10175347328186035,13,,CenterFallback,1,32,0,,,[]
20250720_112251_119,34,NO_RADIO,13,-27.6,9.766699324296411,-92.60627746582031,-92.60627746582031,0.09834647178649902,0.1582169532775879,13,,CenterFallback,1,32,0,,,[]
20250720_112251_378,34,NO_RADIO,13,-27.6,10.039649149269266,-92.06598663330078,-92.06598663330078,0.08662962913513184,0.10176610946655273,13,,CenterFallback,1,32,0,,,[]
20250720_112251_567,34,NO_RADIO,13,-27.6,9.972847589547285,-92.19911193847656,-92.19911193847656,0.08966875076293945,0.1581859588623047,13,,CenterFallback,1,32,0,,,[]
20250720_112251_817,34,NO_RADIO,13,-27.6,9.766936886966647,-92.60627746582031,-92.60627746582031,0.09793972969055176,0.10185647010803223,13,,CenterFallback,1,32,0,,,[]
20250720_112252_018,34,NO_RADIO,13,-27.6,9.767550489325743,-92.478271484375,-92.478271484375,0.0971229076385498,0.15824437141418457,13,,CenterFallback,1,32,0,,,[]
20250720_112252_275,34,NO_RADIO,13,-27.6,9.672009896520336,-92.62395515441895,-92.62395515441895,0.09863710403442383,0.10174226760864258,13,,CenterFallback,1,32,0,,,[]
20250720_112252_477,34,NO_RADIO,13,-27.6,9.599878550635992,-92.62395515441895,-92.62395515441895,0.10063743591308594,0.15831542015075684,13,,CenterFallback,1,32,0,,,[]
20250720_112252_737,34,NO_RADIO,13,-27.6,9.476498125922348,-92.75449867248535,-92.75449867248535,0.10180377960205078,0.10185360908508301,13,,CenterFallback,1,32,0,,,[]
20250720_112252_942,35,NO_RADIO,13,-27.6,9.244686163624564,-93.180908203125,-93.180908203125,0.09498453140258789,0.15810251235961914,13,,CenterFallback,1,32,0,,,[]
20250720_112253_196,35,NO_RADIO,13,-27.6,9.400587301980423,-92.85452270507812,-92.85452270507812,0.08386898040771484,0.10177111625671387,13,,CenterFallback,1,32,0,,,[]
20250720_112253_383,35,NO_RADIO,13,-27.6,9.400602942628751,-92.85452270507812,-92.85452270507812,0.09394454956054688,0.15820884704589844,13,,CenterFallback,1,32,0,,,[]
20250720_112253_637,35,NO_RADIO,13,-27.6,9.137467760724832,-93.180908203125,-93.180908203125,0.08936381340026855,0.10177326202392578,13,,CenterFallback,1,32,0,,,[]
20250720_112253_830,35,NO_RADIO,13,-27.6,9.244489213737921,-93.24492645263672,-93.24492645263672,0.09764766693115234,0.15821003913879395,13,,CenterFallback,1,32,0,,,[]
20250720_112254_087,35,NO_RADIO,13,-27.6,9.488635311699966,-92.85452270507812,-92.85452270507812,0.08958029747009277,0.10182070732116699,13,,CenterFallback,1,32,0,,,[]
20250720_112254_280,35,NO_RADIO,13,-27.6,9.055071427190526,-93.24492645263672,-93.24492645263672,0.08268165588378906,0.15827226638793945,13,,CenterFallback,1,32,0,,,[]
20250720_112254_522,35,NO_RADIO,13,-27.6,9.767967013372655,-92.62488555908203,-92.62488555908203,0.08851981163024902,0.10176539421081543,13,,CenterFallback,1,32,0,,,[]
20250720_112254_714,35,NO_RADIO,13,-27.6,9.649093574692188,-92.77661895751953,-92.77661895751953,0.08739137649536133,0.15822744369506836,13,,CenterFallback,1,32,0,,,[]
20250720_112254_961,35,NO_RADIO,13,-27.6,9.408715693137125,-92.70008850097656,-92.70008850097656,0.09598159790039062,0.10202336311340332,13,,CenterFallback,1,32,0,,,[]
20250720_112255_160,35,NO_RADIO,13,-27.6,9.40088036087792,-92.85452270507812,-92.85452270507812,0.09177207946777344,0.15828752517700195,13,,CenterFallback,1,32,0,,,[]
20250720_112255_411,35,NO_RADIO,13,-27.6,9.375125671276876,-92.91387939453125,-92.91387939453125,0.09795618057250977,0.10180807113647461,13,,CenterFallback,1,32,0,,,[]
20250720_112255_613,35,NO_RADIO,13,-27.6,9.375069344285706,-92.75736236572266,-92.75736236572266,0.10189080238342285,0.1582353115081787,13,,CenterFallback,1,32,0,,,[]
20250720_112255_874,35,NO_RADIO,13,-27.6,9.408470564672228,-92.85452270507812,-92.85452270507812,0.09185957908630371,0.1017918586730957,13,,CenterFallback,1,32,0,,,[]
20250720_112256_069,35,NO_RADIO,13,-27.6,9.375352010723788,-93.180908203125,-93.180908203125,0.09470462799072266,0.1582341194152832,13,,CenterFallback,1,32,0,,,[]
20250720_112256_324,35,NO_RADIO,13,-27.6,9.375240519670328,-92.91387939453125,-92.91387939453125,0.09410285949707031,0.10177493095397949,13,,CenterFallback,1,32,0,,,[]
20250720_112256_521,35,NO_RADIO,13,-27.6,9.375372583290911,-92.75736236572266,-92.75736236572266,0.09662342071533203,0.15823912620544434,13,,CenterFallback,1,32,0,,,[]
20250720_112256_777,35,NO_RADIO,13,-27.6,9.400975254078475,-92.85452270507812,-92.85452270507812,0.09106969833374023,0.10183858871459961,13,,CenterFallback,1,32,0,,,[]
20250720_112256_971,36,NO_RADIO,13,-27.6,8.943275364102178,-93.180908203125,-93.180908203125,0.09642195701599121,0.15820026397705078,13,,CenterFallback,1,32,0,,,[]
20250720_112257_227,36,NO_RADIO,13,-27.6,8.942769673846428,-93.180908203125,-93.180908203125,0.09284329414367676,0.10180115699768066,13,,CenterFallback,1,32,0,,,[]
20250720_112257_423,36,NO_RADIO,13,-27.6,9.191022873462316,-93.11367645263672,-93.11367645263672,0.09796571731567383,0.1584162712097168,13,,CenterFallback,1,32,0,,,[]
20250720_112257_681,36,NO_RADIO,13,-27.6,9.055031767657994,-93.24492645263672,-93.24492645263672,0.09315204620361328,0.10177898406982422,13,,CenterFallback,1,32,0,,,[]
20250720_112257_878,36,NO_RADIO,13,-27.6,9.054949712795022,-93.28813934326172,-93.28813934326172,0.0972585678100586,0.15824556350708008,13,,CenterFallback,1,32,0,,,[]
20250720_112258_135,36,NO_RADIO,13,-27.6,9.137072499893463,-92.85452270507812,-92.85452270507812,0.09844112396240234,0.10187387466430664,13,,CenterFallback,1,32,0,,,[]
20250720_112258_336,36,NO_RADIO,13,-27.6,9.244468225775421,-92.91387939453125,-92.91387939453125,0.09414029121398926,0.1581869125366211,13,,CenterFallback,1,32,0,,,[]
20250720_112258_590,36,NO_RADIO,13,-27.6,9.13721642676829,-93.11781311035156,-93.11781311035156,0.09974384307861328,0.10190773010253906,13,,CenterFallback,1,32,0,,,[]
20250720_112258_793,36,NO_RADIO,13,-27.6,9.374615359578286,-92.9109115600586,-92.9109115600586,0.09257197380065918,0.15825772285461426,13,,CenterFallback,1,32,0,,,[]
20250720_112259_045,36,NO_RADIO,13,-27.6,9.13701765461758,-93.11781311035156,-93.11781311035156,0.09769558906555176,0.10185623168945312,13,,CenterFallback,1,32,0,,,[]
20250720_112259_246,36,NO_RADIO,13,-27.6,8.954020706649587,-93.28597869873047,-93.28597869873047,0.09113383293151855,0.15823602676391602,13,,CenterFallback,1,32,0,,,[]
20250720_112259_497,36,NO_RADIO,13,-27.6,9.375056767006242,-93.11781311035156,-93.11781311035156,0.09388136863708496,0.10180401802062988,13,,CenterFallback,1,32,0,,,[]
20250720_112259_694,36,NO_RADIO,13,-27.6,9.055159425663888,-93.180908203125,-93.180908203125,0.08643364906311035,0.1582179069519043,13,,CenterFallback,1,32,0,,,[]
20250720_112259_940,36,NO_RADIO,13,-27.6,9.137264216533637,-93.17775344848633,-93.17775344848633,0.10106015205383301,0.10190653800964355,13,,CenterFallback,1,32,0,,,[]
20250720_112300_145,36,NO_RADIO,13,-27.6,9.375145283290081,-92.85452270507812,-92.85452270507812,0.1007230281829834,0.15824508666992188,13,,CenterFallback,1,32,0,,,[]
20250720_112300_405,36,NO_RADIO,13,-27.6,9.054742503353438,-93.11367645263672,-93.11367645263672,0.09413886070251465,0.10176682472229004,13,,CenterFallback,1,32,0,,,[]
20250720_112300_602,36,NO_RADIO,13,-27.6,8.942850276636051,-93.11367645263672,-93.11367645263672,0.0990288257598877,0.15825843811035156,13,,CenterFallback,1,32,0,,,[]
20250720_112300_861,37,NO_RADIO,13,-27.6,8.942989562666881,-93.24492645263672,-93.24492645263672,0.09068846702575684,0.10173654556274414,13,,CenterFallback,1,32,0,,,[]
20250720_112301_055,37,NO_RADIO,13,-27.6,8.82775607219348,-93.3537826538086,-93.3537826538086,0.09839630126953125,0.15825486183166504,13,,CenterFallback,1,32,0,,,[]
20250720_112301_313,37,NO_RADIO,13,-27.6,8.798460704838732,-93.37477989196778,-93.37477989196778,0.09804677963256836,0.10177993774414062,13,,CenterFallback,1,32,0,,,[]
20250720_112301_514,37,NO_RADIO,13,-27.6,8.739743621988765,-93.44287109375,-93.44287109375,0.0977015495300293,0.15813827514648438,13,,CenterFallback,1,32,0,,,[]
20250720_112301_772,37,NO_RADIO,13,-27.6,9.055637854193904,-93.180908203125,-93.180908203125,0.096527099609375,0.10210967063903809,13,,CenterFallback,1,32,0,,,[]
20250720_112301_972,37,NO_RADIO,13,-27.6,8.740130509121911,-93.44287109375,-93.44287109375,0.09530782699584961,0.15824103355407715,13,,CenterFallback,1,32,0,,,[]
20250720_112302_227,37,NO_RADIO,13,-27.6,8.709751835582495,-93.28813934326172,-93.28813934326172,0.09058237075805664,0.1018216609954834,13,,CenterFallback,1,32,0,,,[]
20250720_112302_420,37,NO_RADIO,13,-27.6,8.710075086072607,-93.62672424316406,-93.62672424316406,0.09488224983215332,0.15824174880981445,13,,CenterFallback,1,32,0,,,[]
20250720_112302_675,37,NO_RADIO,13,-27.6,8.740303106642571,-93.42042541503906,-93.42042541503906,0.09817647933959961,0.10187053680419922,13,,CenterFallback,1,32,0,,,[]
20250720_112302_876,37,NO_RADIO,13,-27.6,8.802485504039254,-93.41819839477539,-93.41819839477539,0.09639453887939453,0.158250093460083,13,,CenterFallback,1,32,0,,,[]
20250720_112303_132,37,NO_RADIO,13,-27.6,8.746339720638801,-93.24492645263672,-93.24492645263672,0.09564399719238281,0.10178399085998535,13,,CenterFallback,1,32,0,,,[]
20250720_112303_331,37,NO_RADIO,13,-27.6,8.944077158558983,-93.180908203125,-93.180908203125,0.09230613708496094,0.15816378593444824,13,,CenterFallback,1,32,0,,,[]
20250720_112303_583,37,NO_RADIO,13,-27.6,8.740380437321107,-93.61753158569337,-93.61753158569337,0.09566807746887207,0.10193705558776855,13,,CenterFallback,1,32,0,,,[]
20250720_112303_782,37,NO_RADIO,13,-27.6,8.799417129202311,-93.61753158569337,-93.61753158569337,0.08755302429199219,0.1581876277923584,13,,CenterFallback,1,32,0,,,[]
20250720_112304_029,37,NO_RADIO,13,-27.6,8.828550707418344,-93.28813934326172,-93.28813934326172,0.09221196174621582,0.10189390182495117,13,,CenterFallback,1,32,0,,,[]
20250720_112304_225,37,NO_RADIO,13,-27.6,8.740336242099644,-93.42042541503906,-93.42042541503906,0.08972048759460449,0.15826702117919922,13,,CenterFallback,1,32,0,,,[]
20250720_112304_474,37,NO_RADIO,13,-27.6,8.799587884118552,-93.41819839477539,-93.41819839477539,0.10283732414245605,0.10182428359985352,13,,CenterFallback,1,32,0,,,[]
20250720_112304_680,37,NO_RADIO,13,-27.6,8.740252230454288,-93.42042541503906,-93.42042541503906,0.08600878715515137,0.15828442573547363,13,,CenterFallback,1,32,0,,,[]
20250720_112304_926,38,NO_RADIO,13,-27.6,8.799450154806522,-93.42042541503906,-93.42042541503906,0.09876060485839844,0.10185122489929199,13,,CenterFallback,1,32,0,,,[]
20250720_112305_128,38,NO_RADIO,13,-27.6,8.464213904258557,-93.62672424316406,-93.62672424316406,0.09661531448364258,0.15825867652893066,13,,CenterFallback,1,32,0,,,[]
20250720_112305_384,38,NO_RADIO,13,-27.6,8.236556292496445,-94.1500015258789,-94.1500015258789,0.10054230690002441,0.10175108909606934,13,,CenterFallback,1,32,0,,,[]
20250720_112305_588,38,NO_RADIO,13,-27.6,8.432269614394016,-93.74571990966797,-93.74571990966797,0.09882164001464844,0.15822243690490723,13,,CenterFallback,1,32,0,,,[]
20250720_112305_846,38,NO_RADIO,13,-27.6,8.710596633682144,-93.62672424316406,-93.62672424316406,0.09984755516052246,0.10181164741516113,13,,CenterFallback,1,32,0,,,[]
20250720_112306_049,38,NO_RADIO,13,-27.6,8.740479712649915,-93.61753158569337,-93.61753158569337,0.0874629020690918,0.158189058303833,13,,CenterFallback,1,32,0,,,[]
20250720_112306_296,38,NO_RADIO,13,-27.6,8.799403085154268,-93.44174880981446,-93.44174880981446,0.08780217170715332,0.10174179077148438,13,,CenterFallback,1,32,0,,,[]
20250720_112306_487,38,NO_RADIO,13,-27.6,8.46391263564145,-93.79424285888672,-93.79424285888672,0.10124015808105469,0.15822076797485352,13,,CenterFallback,1,32,0,,,[]
20250720_112306_748,38,NO_RADIO,13,-27.6,8.46387108592586,-93.72166442871094,-93.72166442871094,0.08468103408813477,0.1018362045288086,13,,CenterFallback,1,32,0,,,[]
20250720_112306_936,38,NO_RADIO,13,-27.6,8.740680206426362,-93.28813934326172,-93.28813934326172,0.09721803665161133,0.15821480751037598,13,,CenterFallback,1,32,0,,,[]
20250720_112307_193,38,NO_RADIO,13,-27.6,8.71091137336083,-93.72166442871094,-93.72166442871094,0.09171462059020996,0.10188460350036621,13,,CenterFallback,1,32,0,,,[]
20250720_112307_388,38,NO_RADIO,13,-27.6,8.710562306197971,-93.37588500976562,-93.37588500976562,0.09836459159851074,0.15837931632995605,13,,CenterFallback,1,32,0,,,[]
20250720_112307_646,38,NO_RADIO,13,-27.6,8.710270944070288,-93.62672424316406,-93.62672424316406,0.09627079963684082,0.10187530517578125,13,,CenterFallback,1,32,0,,,[]
20250720_112307_846,38,NO_RADIO,13,-27.6,8.799234792595001,-93.42042541503906,-93.42042541503906,0.09615492820739746,0.15836071968078613,13,,CenterFallback,1,32,0,,,[]
20250720_112308_102,38,NO_RADIO,13,-27.6,8.463884567660727,-93.79181671142578,-93.79181671142578,0.0961458683013916,0.10182738304138184,13,,CenterFallback,1,32,0,,,[]
20250720_112308_301,38,NO_RADIO,13,-27.6,8.746240662958627,-93.44287109375,-93.44287109375,0.09419465065002441,0.15829110145568848,13,,CenterFallback,1,32,0,,,[]
20250720_112308_555,38,NO_RADIO,13,-27.6,8.463762269689909,-93.91798400878906,-93.91798400878906,0.10089778900146484,0.10195803642272949,13,,CenterFallback,1,32,0,,,[]
20250720_112308_759,38,NO_RADIO,13,-27.6,8.740237781635841,-93.62672424316406,-93.62672424316406,0.09790444374084473,0.15827703475952148,13,,CenterFallback,1,32,0,,,[]
20250720_112309_017,39,NO_RADIO,13,-27.6,8.23631434024125,-93.99395751953125,-93.99395751953125,0.0964059829711914,0.10183501243591309,13,,CenterFallback,1,32,0,,,[]
20250720_112309_216,39,NO_RADIO,13,-27.6,8.236198730434836,-93.99395751953125,-93.99395751953125,0.09929203987121582,0.15818190574645996,13,,CenterFallback,1,32,0,,,[]
20250720_112309_475,39,NO_RADIO,13,-27.6,8.065609890752881,-94.1500015258789,-94.1500015258789,0.09763240814208984,0.10176396369934082,13,,CenterFallback,1,32,0,,,[]
20250720_112309_676,39,NO_RADIO,13,-27.6,8.065814080371993,-94.01957702636719,-94.01957702636719,0.09901595115661621,0.15833091735839844,13,,CenterFallback,1,32,0,,,[]
20250720_112309_935,39,NO_RADIO,13,-27.6,8.255591733043659,-93.91798400878906,-93.91798400878906,0.0990140438079834,0.10202503204345703,13,,CenterFallback,1,32,0,,,[]
20250720_112310_137,39,NO_RADIO,13,-27.6,8.235886205521652,-93.99395751953125,-93.99395751953125,0.09445667266845703,0.1582784652709961,13,,CenterFallback,1,32,0,,,[]
20250720_112310_391,39,NO_RADIO,13,-27.6,8.065896593923497,-94.01829605102539,-94.01829605102539,0.09882926940917969,0.10187244415283203,13,,CenterFallback,1,32,0,,,[]
20250720_112310_593,39,NO_RADIO,13,-27.6,8.236544740329464,-93.99395751953125,-93.99395751953125,0.09581255912780762,0.15822649002075195,13,,CenterFallback,1,32,0,,,[]
20250720_112310_849,39,NO_RADIO,13,-27.6,8.432567480546567,-93.74451713562011,-93.74451713562011,0.08673644065856934,0.10183835029602051,13,,CenterFallback,1,32,0,,,[]
20250720_112311_039,39,NO_RADIO,13,-27.6,8.06647355030357,-93.99395751953125,-93.99395751953125,0.09513020515441895,0.1581566333770752,13,,CenterFallback,1,32,0,,,[]
20250720_112311_294,39,NO_RADIO,13,-27.6,8.711240193310573,-93.62672424316406,-93.62672424316406,0.09354829788208008,0.10186147689819336,13,,CenterFallback,1,32,0,,,[]
20250720_112311_490,39,NO_RADIO,13,-27.6,8.23664869453465,-93.99395751953125,-93.99395751953125,0.10193681716918945,0.15822362899780273,13,,CenterFallback,1,32,0,,,[]
20250720_112311_752,39,NO_RADIO,13,-27.6,8.710728599171034,-93.44287109375,-93.44287109375,0.09607267379760742,0.10180544853210449,13,,CenterFallback,1,32,0,,,[]
20250720_112311_951,39,NO_RADIO,13,-27.6,8.175971727571579,-93.99395751953125,-93.99395751953125,0.0934455394744873,0.15825104713439941,13,,CenterFallback,1,32,0,,,[]
20250720_112312_204,39,NO_RADIO,13,-27.6,8.710516662454935,-93.44287109375,-93.44287109375,0.09368395805358887,0.10200023651123047,13,,CenterFallback,1,32,0,,,[]
20250720_112312_401,39,NO_RADIO,13,-27.6,8.46403179158392,-93.74571990966797,-93.74571990966797,0.09444427490234375,0.15834355354309082,13,,CenterFallback,1,32,0,,,[]
20250720_112312_656,39,NO_RADIO,13,-27.6,8.23652812049447,-93.91798400878906,-93.91798400878906,0.09844589233398438,0.10191130638122559,13,,CenterFallback,1,32,0,,,[]
20250720_112312_857,40,NO_RADIO,13,-27.6,7.960651735989131,-94.33944702148438,-94.33944702148438,0.09479045867919922,0.15828180313110352,13,,CenterFallback,1,32,0,,,[]
20250720_112313_112,40,NO_RADIO,13,-27.6,7.793117499628039,-94.33944702148438,-94.33944702148438,0.09321951866149902,0.10181021690368652,13,,CenterFallback,1,32,0,,,[]
20250720_112313_308,40,NO_RADIO,13,-27.6,7.924003945997782,-94.01957702636719,-94.01957702636719,0.09272098541259766,0.15813851356506348,13,,CenterFallback,1,32,0,,,[]
20250720_112313_560,40,NO_RADIO,13,-27.6,7.959430952998446,-94.33944702148438,-94.33944702148438,0.0997011661529541,0.10194945335388184,13,,CenterFallback,1,32,0,,,[]
20250720_112313_764,40,NO_RADIO,13,-27.6,7.923710144954555,-94.3353370666504,-94.3353370666504,0.09393692016601562,0.15836119651794434,13,,CenterFallback,1,32,0,,,[]
20250720_112314_017,40,NO_RADIO,13,-27.6,8.167893769289876,-93.99015884399414,-93.99015884399414,0.10038208961486816,0.1017765998840332,13,,CenterFallback,1,32,0,,,[]
20250720_112314_221,40,NO_RADIO,13,-27.6,7.777875174340579,-94.45152282714844,-94.45152282714844,0.09526586532592773,0.15828943252563477,13,,CenterFallback,1,32,0,,,[]
20250720_112314_476,40,NO_RADIO,13,-27.6,8.065353689648191,-94.01957702636719,-94.01957702636719,0.09698796272277832,0.10183215141296387,13,,CenterFallback,1,32,0,,,[]
20250720_112314_676,40,NO_RADIO,13,-27.6,8.065464037889967,-94.33944702148438,-94.33944702148438,0.09567475318908691,0.15828657150268555,13,,CenterFallback,1,32,0,,,[]
20250720_112314_931,40,NO_RADIO,13,-27.6,8.065716225230176,-93.99395751953125,-93.99395751953125,0.08918619155883789,0.10180902481079102,13,,CenterFallback,1,32,0,,,[]
20250720_112315_124,40,NO_RADIO,13,-27.6,7.960216221268993,-94.33944702148438,-94.33944702148438,0.09470653533935547,0.15836524963378906,13,,CenterFallback,1,32,0,,,[]
20250720_112315_378,40,NO_RADIO,13,-27.6,7.793408104710437,-94.56656646728516,-94.56656646728516,0.09139037132263184,0.10184431076049805,13,,CenterFallback,1,32,0,,,[]
20250720_112315_573,40,NO_RADIO,13,-27.6,8.066123186298938,-94.01957702636719,-94.01957702636719,0.09380149841308594,0.1582167148590088,13,,CenterFallback,1,32,0,,,[]
20250720_112315_826,40,NO_RADIO,13,-27.6,8.236429879188535,-94.01957702636719,-94.01957702636719,0.09580016136169434,0.10182452201843262,13,,CenterFallback,1,32,0,,,[]
20250720_112316_025,40,NO_RADIO,13,-27.6,8.065985730788228,-94.1500015258789,-94.1500015258789,0.09498476982116699,0.15827012062072754,13,,CenterFallback,1,32,0,,,[]
20250720_112316_280,40,NO_RADIO,13,-27.6,7.778551132026436,-94.3353370666504,-94.3353370666504,0.08376264572143555,0.10175800323486328,13,,CenterFallback,1,32,0,,,[]
20250720_112316_467,40,NO_RADIO,13,-27.6,8.16856667270045,-93.99395751953125,-93.99395751953125,0.09642529487609863,0.15814518928527832,13,,CenterFallback,1,32,0,,,[]
20250720_112316_723,40,NO_RADIO,13,-27.6,7.960128105699539,-94.25724792480469,-94.25724792480469,0.09683918952941895,0.10181021690368652,13,,CenterFallback,1,32,0,,,[]
20250720_112316_923,41,NO_RADIO,13,-27.6,7.470702048940936,-94.5886028289795,-94.5886028289795,0.09393453598022461,0.15816450119018555,13,,CenterFallback,1,32,0,,,[]
20250720_112317_176,41,NO_RADIO,13,-27.6,7.3495048060376575,-94.71480560302734,-94.71480560302734,0.09784865379333496,0.1017601490020752,13,,CenterFallback,1,32,0,,,[]
20250720_112317_377,41,NO_RADIO,13,-27.6,7.470875640969098,-94.71480560302734,-94.71480560302734,0.09411334991455078,0.15816640853881836,13,,CenterFallback,1,32,0,,,[]
20250720_112317_631,41,NO_RADIO,13,-27.6,8.065816125501286,-94.25724792480469,-94.25724792480469,0.0997018814086914,0.10181236267089844,13,,CenterFallback,1,32,0,,,[]
20250720_112317_834,41,NO_RADIO,13,-27.6,7.471080382400132,-94.6549072265625,-94.6549072265625,0.09549379348754883,0.15830373764038086,13,,CenterFallback,1,32,0,,,[]
20250720_112318_089,41,NO_RADIO,13,-27.6,7.471463208717211,-94.68475341796875,-94.68475341796875,0.09690070152282715,0.10180783271789551,13,,CenterFallback,1,32,0,,,[]
20250720_112318_289,41,NO_RADIO,13,-27.6,7.741881575728229,-94.6549072265625,-94.6549072265625,0.09403538703918457,0.15822124481201172,13,,CenterFallback,1,32,0,,,[]
20250720_112318_543,41,NO_RADIO,13,-27.6,7.628110478133294,-94.59581756591797,-94.59581756591797,0.09641575813293457,0.10193300247192383,13,,CenterFallback,1,32,0,,,[]
20250720_112318_743,41,NO_RADIO,13,-27.6,7.779163429408229,-94.56656646728516,-94.56656646728516,0.09459710121154785,0.15816807746887207,13,,CenterFallback,1,32,0,,,[]
20250720_112318_997,41,NO_RADIO,13,-27.6,7.471580846592275,-94.93123626708984,-94.93123626708984,0.10088849067687988,0.10179948806762695,13,,CenterFallback,1,32,0,,,[]
20250720_112319_201,41,NO_RADIO,13,-27.6,7.628107647841944,-94.56656646728516,-94.56656646728516,0.09527802467346191,0.1582627296447754,13,,CenterFallback,1,32,0,,,[]
20250720_112319_456,41,NO_RADIO,13,-27.6,7.4872406753737835,-94.68326110839844,-94.68326110839844,0.09410905838012695,0.1017923355102539,13,,CenterFallback,1,32,0,,,[]
20250720_112319_653,41,NO_RADIO,13,-27.6,7.472113197184541,-94.6549072265625,-94.6549072265625,0.0938725471496582,0.15857791900634766,13,,CenterFallback,1,32,0,,,[]
20250720_112319_907,41,NO_RADIO,13,-27.6,7.742628616381879,-94.59581756591797,-94.59581756591797,0.09655880928039551,0.10188746452331543,13,,CenterFallback,1,32,0,,,[]
20250720_112320_107,41,NO_RADIO,13,-27.6,7.472293588717676,-94.59581756591797,-94.59581756591797,0.10283160209655762,0.15832281112670898,13,,CenterFallback,1,32,0,,,[]
20250720_112320_370,41,NO_RADIO,13,-27.6,7.779882018240144,-94.56656646728516,-94.56656646728516,0.09681081771850586,0.10181260108947754,13,,CenterFallback,1,32,0,,,[]
20250720_112320_570,41,NO_RADIO,13,-27.6,7.628590215330817,-94.68475341796875,-94.68475341796875,0.09473419189453125,0.15812325477600098,13,,CenterFallback,1,32,0,,,[]
20250720_112320_824,42,NO_RADIO,13,-27.6,7.742369377804721,-94.6549072265625,-94.6549072265625,0.09646248817443848,0.10181069374084473,13,,CenterFallback,1,32,0,,,[]
20250720_112321_024,42,NO_RADIO,13,-27.6,7.267891903164127,-94.96146011352539,-94.96146011352539,0.10234856605529785,0.15816426277160645,13,,CenterFallback,1,32,0,,,[]
20250720_112321_286,42,NO_RADIO,13,-27.6,7.471902842799722,-94.93123626708984,-94.93123626708984,0.0949716567993164,0.10185790061950684,13,,CenterFallback,1,32,0,,,[]
20250720_112321_484,42,NO_RADIO,13,-27.6,7.35057124244814,-94.71480560302734,-94.71480560302734,0.09649300575256348,0.1583101749420166,13,,CenterFallback,1,32,0,,,[]
20250720_112321_740,42,NO_RADIO,13,-27.6,7.2680084236595235,-94.68475341796875,-94.68475341796875,0.0949254035949707,0.10183215141296387,13,,CenterFallback,1,32,0,,,[]
20250720_112321_938,42,NO_RADIO,13,-27.6,7.350697260720082,-95.15899658203125,-95.15899658203125,0.0940847396850586,0.15827393531799316,13,,CenterFallback,1,32,0,,,[]
20250720_112322_192,42,NO_RADIO,13,-27.6,7.4719046734387575,-94.68475341796875,-94.68475341796875,0.0918724536895752,0.10180187225341797,13,,CenterFallback,1,32,0,,,[]
20250720_112322_387,42,NO_RADIO,13,-27.6,7.26771633250209,-94.96146011352539,-94.96146011352539,0.09499883651733398,0.15835022926330566,13,,CenterFallback,1,32,0,,,[]
20250720_112322_642,42,NO_RADIO,13,-27.6,7.267831911877067,-94.93123626708984,-94.93123626708984,0.09183859825134277,0.10181379318237305,13,,CenterFallback,1,32,0,,,[]
20250720_112322_837,42,NO_RADIO,13,-27.6,7.268233049010519,-95.15899658203125,-95.15899658203125,0.09318923950195312,0.15827608108520508,13,,CenterFallback,1,32,0,,,[]
20250720_112323_090,42,NO_RADIO,13,-27.6,7.351089259834794,-94.68475341796875,-94.68475341796875,0.09780597686767578,0.10179948806762695,13,,CenterFallback,1,32,0,,,[]
20250720_112323_291,42,NO_RADIO,13,-27.6,7.351042279897882,-94.93123626708984,-94.93123626708984,0.09341859817504883,0.1589806079864502,13,,CenterFallback,1,32,0,,,[]
20250720_112323_544,42,NO_RADIO,13,-27.6,7.472158912431638,-94.68475341796875,-94.68475341796875,0.09114193916320801,0.10188555717468262,13,,CenterFallback,1,32,0,,,[]
20250720_112323_739,42,NO_RADIO,13,-27.6,7.268545777724896,-94.96146011352539,-94.96146011352539,0.09498953819274902,0.15831208229064941,13,,CenterFallback,1,32,0,,,[]
20250720_112323_994,42,NO_RADIO,13,-27.6,7.268689775022693,-94.93123626708984,-94.93123626708984,0.09559297561645508,0.10176420211791992,13,,CenterFallback,1,32,0,,,[]
20250720_112324_192,42,NO_RADIO,13,-27.6,7.35144012364799,-94.6549072265625,-94.6549072265625,0.09409785270690918,0.15817666053771973,13,,CenterFallback,1,32,0,,,[]
20250720_112324_446,42,NO_RADIO,13,-27.6,7.48822800521063,-94.6549072265625,-94.6549072265625,0.09200000762939453,0.1019144058227539,13,,CenterFallback,1,32,0,,,[]
20250720_112324_641,42,NO_RADIO,13,-27.6,7.628851888066407,-94.68475341796875,-94.68475341796875,0.09312295913696289,0.15821337699890137,13,,CenterFallback,1,32,0,,,[]
20250720_112324_894,43,NO_RADIO,13,-27.6,7.268186944541426,-95.15899658203125,-95.15899658203125,0.09072065353393555,0.10175728797912598,13,,CenterFallback,1,32,0,,,[]
20250720_112325_088,43,NO_RADIO,13,-27.6,7.351079174513018,-94.93123626708984,-94.93123626708984,0.09418582916259766,0.15829205513000488,13,,CenterFallback,1,32,0,,,[]
20250720_112325_342,43,NO_RADIO,13,-27.6,7.350741113369509,-94.68475341796875,-94.68475341796875,0.0950777530670166,0.10178613662719727,13,,CenterFallback,1,32,0,,,[]
20250720_112325_540,43,NO_RADIO,13,-27.6,7.350762783654446,-94.68475341796875,-94.68475341796875,0.09310221672058105,0.15824103355407715,13,,CenterFallback,1,32,0,,,[]
20250720_112325_793,43,NO_RADIO,13,-27.6,7.141063263054278,-94.96146011352539,-94.96146011352539,0.09938335418701172,0.10179400444030762,13,,CenterFallback,1,32,0,,,[]
20250720_112325_996,43,NO_RADIO,13,-27.6,7.3511710757338165,-94.93123626708984,-94.93123626708984,0.08534550666809082,0.1582016944885254,13,,CenterFallback,1,32,0,,,[]
20250720_112326_240,43,NO_RADIO,13,-27.6,7.268420691852981,-95.15899658203125,-95.15899658203125,0.09399986267089844,0.10178232192993164,13,,CenterFallback,1,32,0,,,[]
20250720_112326_438,43,NO_RADIO,13,-27.6,7.4724553330608785,-94.59435501098633,-94.59435501098633,0.09618139266967773,0.1582777500152588,13,,CenterFallback,1,32,0,,,[]
20250720_112326_694,43,NO_RADIO,13,-27.6,7.472755208990492,-94.68475341796875,-94.68475341796875,0.0997469425201416,0.1018667221069336,13,,CenterFallback,1,32,0,,,[]
20250720_112326_897,43,NO_RADIO,13,-27.6,7.351581246087889,-94.93123626708984,-94.93123626708984,0.09699106216430664,0.15830326080322266,13,,CenterFallback,1,32,0,,,[]
20250720_112327_153,43,NO_RADIO,13,-27.6,7.629291053109455,-94.59581756591797,-94.59581756591797,0.09975934028625488,0.10178804397583008,13,,CenterFallback,1,32,0,,,[]
20250720_112327_356,43,NO_RADIO,13,-27.6,7.351351362980836,-94.93123626708984,-94.93123626708984,0.09895849227905273,0.15826630592346191,13,,CenterFallback,1,32,0,,,[]
20250720_112327_615,43,NO_RADIO,13,-27.6,7.351283993934331,-94.93123626708984,-94.93123626708984,0.09426498413085938,0.10184526443481445,13,,CenterFallback,1,32,0,,,[]
20250720_112327_813,43,NO_RADIO,13,-27.6,7.3516240861927145,-94.93123626708984,-94.93123626708984,0.0916597843170166,0.1583080291748047,13,,CenterFallback,1,32,0,,,[]
20250720_112328_064,43,NO_RADIO,13,-27.6,7.141829315247932,-95.14919929504396,-95.14919929504396,0.09076857566833496,0.10196757316589355,13,,CenterFallback,1,32,0,,,[]
20250720_112328_258,43,NO_RADIO,13,-27.6,7.269110182524429,-94.6549072265625,-94.6549072265625,0.09359097480773926,0.15820598602294922,13,,CenterFallback,1,32,0,,,[]
20250720_112328_511,43,NO_RADIO,13,-27.6,7.363990999537592,-94.68326110839844,-94.68326110839844,0.09532785415649414,0.10185980796813965,13,,CenterFallback,1,32,0,,,[]
20250720_112328_710,43,NO_RADIO,13,-27.6,7.351925275375166,-94.96305084228516,-94.96305084228516,0.0977632999420166,0.15818381309509277,13,,CenterFallback,1,32,0,,,[]
20250720_112328_967,44,NO_RADIO,13,-27.6,7.26943729311526,-94.96146011352539,-94.96146011352539,0.1004936695098877,0.10184001922607422,13,,CenterFallback,1,32,0,,,[]
20250720_112329_171,44,NO_RADIO,13,-27.6,7.352534881523752,-94.71480560302734,-94.71480560302734,0.10117435455322266,0.15827369689941406,13,,CenterFallback,1,32,0,,,[]
20250720_112329_432,44,NO_RADIO,13,-27.6,7.352540165318402,-94.68475341796875,-94.68475341796875,0.09860587120056152,0.10173606872558594,13,,CenterFallback,1,32,0,,,[]
20250720_112329_634,44,NO_RADIO,13,-27.6,7.352254713894695,-94.68475341796875,-94.68475341796875,0.09536552429199219,0.15820670127868652,13,,CenterFallback,1,32,0,,,[]
20250720_112329_889,44,NO_RADIO,13,-27.6,7.4735045467722045,-94.93123626708984,-94.93123626708984,0.09683656692504883,0.10189604759216309,13,,CenterFallback,1,32,0,,,[]
20250720_112330_089,44,NO_RADIO,13,-27.6,7.269582972454913,-94.93123626708984,-94.93123626708984,0.10010027885437012,0.15827274322509766,13,,CenterFallback,1,32,0,,,[]
20250720_112330_348,44,NO_RADIO,13,-27.6,7.269895836894591,-94.68475341796875,-94.68475341796875,0.09358477592468262,0.10182809829711914,13,,CenterFallback,1,32,0,,,[]
20250720_112330_545,44,NO_RADIO,13,-27.6,7.352795360319192,-94.96305084228516,-94.96305084228516,0.09706950187683105,0.15818023681640625,13,,CenterFallback,1,32,0,,,[]
20250720_112330_802,44,NO_RADIO,13,-27.6,7.270287755121899,-94.96305084228516,-94.96305084228516,0.09852027893066406,0.10177421569824219,13,,CenterFallback,1,32,0,,,[]
20250720_112331_004,44,NO_RADIO,13,-27.6,7.3528683723439485,-94.6549072265625,-94.6549072265625,0.1253976821899414,0.1583242416381836,13,,CenterFallback,1,32,0,,,[]
20250720_112331_289,44,NO_RADIO,13,-27.6,7.352770227692147,-94.68475341796875,-94.68475341796875,0.09516739845275879,0.10179018974304199,13,,CenterFallback,1,32,0,,,[]
20250720_112331_487,44,NO_RADIO,13,-27.6,7.104294695702038,-95.32418823242188,-95.32418823242188,0.09835195541381836,0.15819549560546875,13,,CenterFallback,1,32,0,,,[]
20250720_112331_745,44,NO_RADIO,13,-27.6,7.270206925134687,-94.93123626708984,-94.93123626708984,0.08637094497680664,0.1017923355102539,13,,CenterFallback,1,32,0,,,[]
20250720_112331_935,44,NO_RADIO,13,-27.6,7.4746891712930505,-94.59581756591797,-94.59581756591797,0.09980535507202148,0.15813970565795898,13,,CenterFallback,1,32,0,,,[]
20250720_112332_194,44,NO_RADIO,13,-27.6,7.270939897306988,-95.15899658203125,-95.15899658203125,0.0915839672088623,0.10183072090148926,13,,CenterFallback,1,32,0,,,[]
20250720_112332_389,44,NO_RADIO,13,-27.6,7.2793059121458725,-94.71480560302734,-94.71480560302734,0.09557795524597168,0.1582183837890625,13,,CenterFallback,1,32,0,,,[]
20250720_112332_644,44,NO_RADIO,13,-27.6,7.490793811481254,-94.68475341796875,-94.68475341796875,0.09572386741638184,0.10191106796264648,13,,CenterFallback,1,32,0,,,[]
20250720_112332_843,45,NO_RADIO,13,-27.6,7.271233080145834,-94.96305084228516,-94.96305084228516,0.09468531608581543,0.15836882591247559,13,,CenterFallback,1,32,0,,,[]
20250720_112333_098,45,NO_RADIO,13,-27.6,7.3540104421896615,-95.14919929504396,-95.14919929504396,0.08952689170837402,0.10172533988952637,13,,CenterFallback,1,32,0,,,[]
20250720_112333_290,45,NO_RADIO,13,-27.6,7.631789003910868,-94.59581756591797,-94.59581756591797,0.0943753719329834,0.15827369689941406,13,,CenterFallback,1,32,0,,,[]
20250720_112333_544,45,NO_RADIO,13,-27.6,7.27116151857291,-94.96305084228516,-94.96305084228516,0.09048056602478027,0.10199642181396484,13,,CenterFallback,1,32,0,,,[]
20250720_112333_738,45,NO_RADIO,13,-27.6,7.353861357960028,-94.68475341796875,-94.68475341796875,0.09544825553894043,0.1583082675933838,13,,CenterFallback,1,32,0,,,[]
20250720_112333_994,45,NO_RADIO,13,-27.6,7.474959812931331,-94.93123626708984,-94.93123626708984,0.09638595581054688,0.10184764862060547,13,,CenterFallback,1,32,0,,,[]
20250720_112334_193,45,NO_RADIO,13,-27.6,7.271051091298844,-94.93123626708984,-94.93123626708984,0.0951225757598877,0.1581430435180664,13,,CenterFallback,1,32,0,,,[]
20250720_112334_448,45,NO_RADIO,13,-27.6,7.744840778926061,-94.56656646728516,-94.56656646728516,0.0949866771697998,0.10178470611572266,13,,CenterFallback,1,32,0,,,[]
20250720_112334_646,45,NO_RADIO,13,-27.6,7.6309380763539,-94.68475341796875,-94.68475341796875,0.09849977493286133,0.15824413299560547,13,,CenterFallback,1,32,0,,,[]
20250720_112334_904,45,NO_RADIO,13,-27.6,7.143250253972809,-94.93123626708984,-94.93123626708984,0.09677600860595703,0.10183477401733398,13,,CenterFallback,1,32,0,,,[]
20250720_112335_104,45,NO_RADIO,13,-27.6,7.353541612317713,-94.71330299377442,-94.71330299377442,0.09696817398071289,0.15826177597045898,13,,CenterFallback,1,32,0,,,[]
20250720_112335_361,45,NO_RADIO,13,-27.6,7.270808795426333,-95.15899658203125,-95.15899658203125,0.09478306770324707,0.10180401802062988,13,,CenterFallback,1,32,0,,,[]
20250720_112335_559,45,NO_RADIO,13,-27.6,7.271152951693807,-94.68475341796875,-94.68475341796875,0.09439206123352051,0.1582965850830078,13,,CenterFallback,1,32,0,,,[]
20250720_112335_813,45,NO_RADIO,13,-27.6,7.7828028568613234,-94.45152282714844,-94.45152282714844,0.0966799259185791,0.1018073558807373,13,,CenterFallback,1,32,0,,,[]
20250720_112336_013,45,NO_RADIO,13,-27.6,7.271289170697031,-94.96305084228516,-94.96305084228516,0.11800646781921387,0.15822815895080566,13,,CenterFallback,1,32,0,,,[]
20250720_112336_291,45,NO_RADIO,13,-27.6,7.475606795015594,-94.56656646728516,-94.56656646728516,0.09701347351074219,0.10186982154846191,13,,CenterFallback,1,32,0,,,[]
20250720_112336_491,45,NO_RADIO,13,-27.6,7.271857485694895,-95.15899658203125,-95.15899658203125,0.09410381317138672,0.15865206718444824,13,,CenterFallback,1,32,0,,,[]
20250720_112336_746,45,NO_RADIO,13,-27.6,7.475998485007693,-94.71480560302734,-94.71480560302734,0.0975799560546875,0.1019446849822998,13,,CenterFallback,1,32,0,,,[]
20250720_112336_947,46,NO_RADIO,13,-27.6,7.1451445174095625,-95.15899658203125,-95.15899658203125,0.09651756286621094,0.15820741653442383,13,,CenterFallback,1,32,0,,,[]
