Timestamp,Boresight,Jetson Detection,Rx Beam Index,Rx Beam Angle,Initial SNR (dB),YOLO Time (s),Beam Sweep Time (s),Rx Beam Index (YOLO Predicted),Rx Beam Index (Selected),Adjustment Method,Beams Checked in Search,Adjusted Beam Index,Adjusted Beam Angle,SNR (dB),Offset Error,Beam Offset History
20250720_232551_618,-32,NO_RADIO,13,-27.6,6.963587448807587,0.0901427268981933,0.0042536258697509,13,,CenterFallback,1,32,0.0,,,[]
20250720_232551_305,-32,NO_RADIO,13,-27.6,6.963587448807587,0.0945525169372558,0.0042226314544677,13,,CenterFallback,1,32,0.0,,,[]
20250720_232551_199,-32,NO_RADIO,13,-27.6,6.963587448807587,0.0987629890441894,0.0044186115264892,13,,CenterFallback,1,32,0.0,,,[]
20250720_232552_320,-32,NO_RADIO,13,-27.6,6.963587448807587,0.0979015827178955,0.0039987564086914,13,,CenterFallback,1,32,0.0,,,[]
20250720_232550_096,-32,NO_RADIO,13,-27.6,6.963587448807587,0.0961718559265136,0.0043063163757324,13,,CenterFallback,1,32,0.0,,,[]
20250720_232550_892,-32,NO_RADIO,13,-27.6,6.963587448807587,0.0892341136932373,0.0043752193450927,13,,CenterFallback,1,32,0.0,,,[]
20250720_232553_445,-32,NO_RADIO,13,-27.6,6.963587448807587,0.090188980102539,0.0044341087341308,13,,CenterFallback,1,32,0.0,,,[]
20250720_232552_425,-32,NO_RADIO,13,-27.6,6.963587448807587,0.0926578044891357,0.0044155120849609,13,,CenterFallback,1,32,0.0,,,[]
20250720_232553_646,-32,NO_RADIO,13,-27.6,6.963587448807587,0.0978028774261474,0.0044920444488525,13,,CenterFallback,1,32,0.0,,,[]
20250720_232550_301,-32,NO_RADIO,13,-27.6,6.963587448807587,0.0926363468170166,0.0042414665222167,13,,CenterFallback,1,32,0.0,,,[]
20250720_232552_216,-32,NO_RADIO,13,-27.6,6.963587448807587,0.0958819389343261,0.0044333934783935,13,,CenterFallback,1,32,0.0,,,[]
20250720_232550_594,-32,NO_RADIO,13,-27.6,6.963587448807587,0.0872986316680908,0.0043811798095703,13,,CenterFallback,1,32,0.0,,,[]
20250720_232550_988,-32,NO_RADIO,13,-27.6,6.963587448807587,0.1038639545440673,0.0043590068817138,13,,CenterFallback,1,32,0.0,,,[]
20250720_232552_831,-32,NO_RADIO,13,-27.6,6.963587448807587,0.0937259197235107,0.0042226314544677,13,,CenterFallback,1,32,0.0,,,[]
20250720_232553_132,-32,NO_RADIO,13,-27.6,6.963587448807587,0.1057217121124267,0.004441499710083,13,,CenterFallback,1,32,0.0,,,[]
20250720_232550_497,-32,NO_RADIO,13,-27.6,6.963587448807587,0.0896706581115722,0.004274845123291,13,,CenterFallback,1,32,0.0,,,[]
20250720_232551_407,-32,NO_RADIO,13,-27.6,6.963587448807587,0.0971648693084716,0.0042994022369384,13,,CenterFallback,1,32,0.0,,,[]
20250720_232552_118,-32,NO_RADIO,13,-27.6,6.963587448807587,0.0906348228454589,0.0044379234313964,13,,CenterFallback,1,32,0.0,,,[]
20250720_232549_705,-32,NO_RADIO,13,-27.6,6.963587448807587,0.0891823768615722,0.0038263797760009,13,,CenterFallback,1,32,0.0,,,[]
20250720_232553_032,-32,NO_RADIO,13,-27.6,6.963587448807587,0.0927350521087646,0.0043814182281494,13,,CenterFallback,1,32,0.0,,,[]
20250720_232550_200,-32,NO_RADIO,13,-27.6,6.963587448807587,0.093616247177124,0.0046896934509277,13,,CenterFallback,1,32,0.0,,,[]
20250720_232550_794,-32,NO_RADIO,13,-27.6,6.963587448807587,0.0917801856994628,0.0043280124664306,13,,CenterFallback,1,32,0.0,,,[]
20250720_232549_799,-32,NO_RADIO,13,-27.6,6.963587448807587,0.0946650505065918,0.0040943622589111,13,,CenterFallback,1,32,0.0,,,[]
20250720_232552_633,-32,NO_RADIO,13,-27.6,6.963587448807587,0.0939991474151611,0.0043773651123046,13,,CenterFallback,1,32,0.0,,,[]
20250720_232551_816,-32,NO_RADIO,13,-27.6,6.963587448807587,0.0932738780975341,0.0043623447418212,13,,CenterFallback,1,32,0.0,,,[]
20250720_232549_901,-32,NO_RADIO,13,-27.6,6.963587448807587,0.0859673023223877,0.0043351650238037,13,,CenterFallback,1,32,0.0,,,[]
20250720_232552_734,-32,NO_RADIO,13,-27.6,6.963587448807587,0.0890955924987793,0.0048303604125976,13,,CenterFallback,1,32,0.0,,,[]
20250720_232553_343,-32,NO_RADIO,13,-27.6,6.963587448807587,0.0945048332214355,0.0041356086730957,13,,CenterFallback,1,32,0.0,,,[]
20250720_232549_994,-32,NO_RADIO,13,-27.6,6.963587448807587,0.0945367813110351,0.0044183731079101,13,,CenterFallback,1,32,0.0,,,[]
20250720_232553_243,-32,NO_RADIO,13,-27.6,6.963587448807587,0.0923297405242919,0.0044012069702148,13,,CenterFallback,1,32,0.0,,,[]
20250720_232552_020,-32,NO_RADIO,13,-27.6,6.963587448807587,0.0905275344848632,0.0042769908905029,13,,CenterFallback,1,32,0.0,,,[]
20250720_232552_932,-32,NO_RADIO,13,-27.6,6.963587448807587,0.0919857025146484,0.0044271945953369,13,,CenterFallback,1,32,0.0,,,[]
20250720_232550_689,-32,NO_RADIO,13,-27.6,6.963587448807587,0.0981111526489257,0.0043854713439941,13,,CenterFallback,1,32,0.0,,,[]
20250720_232551_916,-32,NO_RADIO,13,-27.6,6.963587448807587,0.0974342823028564,0.0043516159057617,13,,CenterFallback,1,32,0.0,,,[]
20250720_232551_512,-32,NO_RADIO,13,-27.6,6.963587448807587,0.1000716686248779,0.0040020942687988,13,,CenterFallback,1,32,0.0,,,[]
20250720_232551_716,-32,NO_RADIO,13,-27.6,6.963587448807587,0.0932114124298095,0.0044007301330566,13,,CenterFallback,1,32,0.0,,,[]
20250720_232550_401,-32,NO_RADIO,13,-27.6,6.963587448807587,0.0883445739746093,0.0044131278991699,13,,CenterFallback,1,32,0.0,,,[]
20250720_232551_100,-32,NO_RADIO,13,-27.6,6.963587448807587,0.091360330581665,0.0044291019439697,13,,CenterFallback,1,32,0.0,,,[]
20250720_232552_525,-32,NO_RADIO,13,-27.6,6.963587448807587,0.1001629829406738,0.00441575050354,13,,CenterFallback,1,32,0.0,,,[]
20250720_232555_969,-31,NO_RADIO,13,-27.6,6.909129653178752,0.0951311588287353,0.0043764114379882,13,,CenterFallback,1,32,0.0,,,[]
20250720_232553_752,-31,NO_RADIO,13,-27.6,6.909129653178752,0.0916807651519775,0.0043725967407226,13,,CenterFallback,1,32,0.0,,,[]
20250720_232556_368,-31,NO_RADIO,51,27.6,20.53557951269317,0.0965273380279541,0.004387617111206,51,,CenterFallback,1,32,0.0,,,[]
20250720_232554_147,-31,NO_RADIO,13,-27.6,6.909129653178752,0.0910403728485107,0.0039863586425781,13,,CenterFallback,1,32,0.0,,,[]
20250720_232556_988,-31,NO_RADIO,51,27.6,20.53557951269317,0.0914511680603027,0.0041420459747314,51,,CenterFallback,1,32,0.0,,,[]
20250720_232555_567,-31,NO_RADIO,13,-27.6,6.909129653178752,0.0900409221649169,0.0043666362762451,13,,CenterFallback,1,32,0.0,,,[]
20250720_232554_761,-31,NO_RADIO,13,-27.6,6.909129653178752,0.0945098400115966,0.004352331161499,13,,CenterFallback,1,32,0.0,,,[]
20250720_232557_087,-31,NO_RADIO,51,27.6,20.53557951269317,0.0877571105957031,0.004284381866455,51,,CenterFallback,1,32,0.0,,,[]
20250720_232555_271,-31,NO_RADIO,13,-27.6,6.909129653178752,0.0943849086761474,0.0039355754852294,13,,CenterFallback,1,32,0.0,,,[]
20250720_232554_967,-31,NO_RADIO,13,-27.6,6.909129653178752,0.0965518951416015,0.0044569969177246,13,,CenterFallback,1,32,0.0,,,[]
20250720_232556_885,-31,NO_RADIO,51,27.6,20.53557951269317,0.0955770015716552,0.0043764114379882,51,,CenterFallback,1,32,0.0,,,[]
20250720_232554_652,-31,NO_RADIO,13,-27.6,6.909129653178752,0.1016004085540771,0.0043761730194091,13,,CenterFallback,1,32,0.0,,,[]
20250720_232556_072,-31,51,51,27.6,20.53557951269317,0.0905568599700927,0.0042259693145751,51,51.0,YOLO,1,32,0.0,20.53557951269317,0.0,[]
20250720_232554_245,-31,NO_RADIO,13,-27.6,6.909129653178752,0.0935108661651611,0.0042955875396728,13,,CenterFallback,1,32,0.0,,,[]
20250720_232555_862,-31,NO_RADIO,13,-27.6,6.909129653178752,0.099259614944458,0.004425048828125,13,,CenterFallback,1,32,0.0,,,[]
20250720_232556_788,-31,NO_RADIO,51,27.6,20.53557951269317,0.0902812480926513,0.0044078826904296,51,,CenterFallback,1,32,0.0,,,[]
20250720_232556_685,-31,NO_RADIO,51,27.6,20.53557951269317,0.095848798751831,0.0043191909790039,51,,CenterFallback,1,32,0.0,,,[]
20250720_232557_278,-31,NO_RADIO,51,27.6,20.53557951269317,0.0890970230102539,0.0043957233428955,51,,CenterFallback,1,32,0.0,,,[]
20250720_232557_480,-31,NO_RADIO,51,27.6,20.53557951269317,0.0932703018188476,0.0041029453277587,51,,CenterFallback,1,32,0.0,,,[]
20250720_232557_374,-31,NO_RADIO,51,27.6,20.53557951269317,0.0983827114105224,0.0042629241943359,51,,CenterFallback,1,32,0.0,,,[]
20250720_232555_370,-31,NO_RADIO,13,-27.6,6.909129653178752,0.0922334194183349,0.0044288635253906,13,,CenterFallback,1,32,0.0,,,[]
20250720_232557_182,-31,NO_RADIO,51,27.6,20.53557951269317,0.0875842571258544,0.0044066905975341,51,,CenterFallback,1,32,0.0,,,[]
20250720_232553_952,-31,NO_RADIO,13,-27.6,6.909129653178752,0.0897550582885742,0.0044445991516113,13,,CenterFallback,1,32,0.0,,,[]
20250720_232556_576,-31,NO_RADIO,51,27.6,20.53557951269317,0.101137638092041,0.0044238567352294,51,,CenterFallback,1,32,0.0,,,[]
20250720_232554_452,-31,NO_RADIO,13,-27.6,6.909129653178752,0.0945155620574951,0.0043709278106689,13,,CenterFallback,1,32,0.0,,,[]
20250720_232554_863,-31,NO_RADIO,13,-27.6,6.909129653178752,0.0972392559051513,0.0039966106414794,13,,CenterFallback,1,32,0.0,,,[]
20250720_232554_346,-31,NO_RADIO,13,-27.6,6.909129653178752,0.0985136032104492,0.0043649673461914,13,,CenterFallback,1,32,0.0,,,[]
20250720_232555_170,-31,NO_RADIO,13,-27.6,6.909129653178752,0.0929899215698242,0.0043411254882812,13,,CenterFallback,1,32,0.0,,,[]
20250720_232556_472,-31,NO_RADIO,51,27.6,20.53557951269317,0.0966885089874267,0.0040574073791503,51,,CenterFallback,1,32,0.0,,,[]
20250720_232555_664,-31,NO_RADIO,13,-27.6,6.909129653178752,0.0859162807464599,0.0043432712554931,13,,CenterFallback,1,32,0.0,,,[]
20250720_232553_851,-31,NO_RADIO,13,-27.6,6.909129653178752,0.0934643745422363,0.0044441223144531,13,,CenterFallback,1,32,0.0,,,[]
20250720_232555_757,-31,NO_RADIO,13,-27.6,6.909129653178752,0.0971400737762451,0.0043556690216064,13,,CenterFallback,1,32,0.0,,,[]
20250720_232556_272,-31,51,51,27.6,20.53557951269317,0.0891242027282714,0.0043365955352783,51,51.0,YOLO,1,32,0.0,20.53557951269317,0.0,[]
20250720_232557_580,-31,NO_RADIO,51,27.6,20.53557951269317,0.0985999107360839,0.0043656826019287,51,,CenterFallback,1,32,0.0,,,[]
20250720_232555_071,-31,NO_RADIO,13,-27.6,6.909129653178752,0.0916986465454101,0.0042963027954101,13,,CenterFallback,1,32,0.0,,,[]
20250720_232556_168,-31,51,51,27.6,20.53557951269317,0.095977783203125,0.0044090747833251,51,51.0,YOLO,1,32,0.0,20.53557951269317,0.0,[]
20250720_232554_049,-31,NO_RADIO,13,-27.6,6.909129653178752,0.0905523300170898,0.0045070648193359,13,,CenterFallback,1,32,0.0,,,[]
20250720_232555_470,-31,NO_RADIO,13,-27.6,6.909129653178752,0.0888590812683105,0.0043306350708007,13,,CenterFallback,1,32,0.0,,,[]
20250720_232554_553,-31,NO_RADIO,13,-27.6,6.909129653178752,0.0915877819061279,0.004429817199707,13,,CenterFallback,1,32,0.0,,,[]
20250720_232559_539,-30,51,51,27.6,19.539869176009503,0.0912559032440185,0.002206802368164,51,51.0,YOLO,1,32,0.0,19.539869176009503,0.0,[]
20250720_232558_628,-30,51,51,27.6,19.539869176009503,0.101924180984497,0.0040674209594726,51,51.0,YOLO,1,32,0.0,19.539869176009503,0.0,[]
20250720_232601_401,-30,50,50,26.1,20.16422311447306,0.1057009696960449,0.0043475627899169,50,50.0,YOLO,1,32,0.0,20.16422311447306,0.0,[]
20250720_232558_208,-30,50,50,26.1,20.16422311447306,0.0964031219482421,0.004434585571289,50,50.0,YOLO,1,32,0.0,20.16422311447306,0.0,[]
20250720_232600_785,-30,50,50,26.1,20.16422311447306,0.0954089164733886,0.004390001296997,50,50.0,YOLO,1,32,0.0,20.16422311447306,0.0,[]
20250720_232558_009,-30,50,50,26.1,20.16422311447306,0.0861632823944091,0.004385232925415,50,50.0,YOLO,1,32,0.0,20.16422311447306,0.0,[]
20250720_232559_341,-30,51,51,27.6,19.539869176009503,0.099276065826416,0.0041663646697998,51,51.0,YOLO,1,32,0.0,19.539869176009503,0.0,[]
20250720_232557_785,-30,NO_RADIO,51,27.6,19.539869176009503,0.1011335849761962,0.0043554306030273,51,,CenterFallback,1,32,0.0,,,[]
20250720_232559_848,-30,51,51,27.6,19.539869176009503,0.0976872444152832,0.0044560432434082,51,51.0,YOLO,1,32,0.0,19.539869176009503,0.0,[]
20250720_232558_102,-30,50,50,26.1,20.16422311447306,0.0977184772491455,0.0043754577636718,50,50.0,YOLO,1,32,0.0,20.16422311447306,0.0,[]
20250720_232600_471,-30,50,50,26.1,20.16422311447306,0.1054804325103759,0.0040113925933837,50,50.0,YOLO,1,32,0.0,20.16422311447306,0.0,[]
20250720_232600_684,-30,50,50,26.1,20.16422311447306,0.0933010578155517,0.0043346881866455,50,50.0,YOLO,1,32,0.0,20.16422311447306,0.0,[]
20250720_232601_096,-30,51,51,27.6,19.539869176009503,0.0948982238769531,0.0043764114379882,51,51.0,YOLO,1,32,0.0,19.539869176009503,0.0,[]
20250720_232600_995,-30,50,50,26.1,20.16422311447306,0.0953969955444336,0.0041425228118896,50,50.0,YOLO,1,32,0.0,20.16422311447306,0.0,[]
20250720_232559_634,-30,51,51,27.6,19.539869176009503,0.103419542312622,0.004281997680664,51,51.0,YOLO,1,32,0.0,19.539869176009503,0.0,[]
20250720_232557_892,-30,51,51,27.6,19.539869176009503,0.109149694442749,0.0044305324554443,51,51.0,YOLO,1,32,0.0,19.539869176009503,0.0,[]
20250720_232558_737,-30,50,50,26.1,20.16422311447306,0.0906767845153808,0.0042836666107177,50,50.0,YOLO,1,32,0.0,20.16422311447306,0.0,[]
20250720_232601_514,-30,50,50,26.1,20.16422311447306,0.0887048244476318,0.0032038688659667,50,50.0,YOLO,1,32,0.0,20.16422311447306,0.0,[]
20250720_232558_835,-30,50,50,26.1,20.16422311447306,0.1053180694580078,0.004396915435791,50,50.0,YOLO,1,32,0.0,20.16422311447306,0.0,[]
20250720_232601_295,-30,50,50,26.1,20.16422311447306,0.0983715057373046,0.0040769577026367,50,50.0,YOLO,1,32,0.0,20.16422311447306,0.0,[]
20250720_232600_584,-30,50,50,26.1,20.16422311447306,0.0919809341430664,0.0045053958892822,50,50.0,YOLO,1,32,0.0,20.16422311447306,0.0,[]
20250720_232558_312,-30,50,50,26.1,20.16422311447306,0.0981197357177734,0.0043296813964843,50,50.0,YOLO,1,32,0.0,20.16422311447306,0.0,[]
20250720_232557_686,-30,NO_RADIO,51,27.6,19.539869176009503,0.0916738510131836,0.0040173530578613,51,,CenterFallback,1,32,0.0,,,[]
20250720_232600_374,-30,51,51,27.6,19.539869176009503,0.0904834270477294,0.0043091773986816,51,51.0,YOLO,1,32,0.0,19.539869176009503,0.0,[]
20250720_232600_888,-30,50,50,26.1,20.16422311447306,0.0997180938720703,0.0043153762817382,50,50.0,YOLO,1,32,0.0,20.16422311447306,0.0,[]
20250720_232558_521,-30,51,51,27.6,19.539869176009503,0.0996627807617187,0.0043525695800781,51,51.0,YOLO,1,32,0.0,19.539869176009503,0.0,[]
20250720_232558_948,-30,50,50,26.1,20.16422311447306,0.0936079025268554,0.0044646263122558,50,50.0,YOLO,1,32,0.0,20.16422311447306,0.0,[]
20250720_232600_163,-30,51,51,27.6,19.539869176009503,0.0952546596527099,0.0042228698730468,51,51.0,YOLO,1,32,0.0,19.539869176009503,0.0,[]
20250720_232600_265,-30,51,51,27.6,19.539869176009503,0.1007957458496093,0.0043392181396484,51,51.0,YOLO,1,32,0.0,19.539869176009503,0.0,[]
20250720_232600_062,-30,51,51,27.6,19.539869176009503,0.0941250324249267,0.0041720867156982,51,51.0,YOLO,1,32,0.0,19.539869176009503,0.0,[]
20250720_232601_198,-30,51,51,27.6,19.539869176009503,0.0896904468536377,0.0039889812469482,51,51.0,YOLO,1,32,0.0,19.539869176009503,0.0,[]
20250720_232601_608,-30,51,51,27.6,19.539869176009503,0.0911109447479248,0.0043740272521972,51,51.0,YOLO,1,32,0.0,19.539869176009503,0.0,[]
20250720_232559_448,-30,50,50,26.1,20.16422311447306,0.0836081504821777,0.0043516159057617,50,50.0,YOLO,1,32,0.0,20.16422311447306,0.0,[]
20250720_232559_243,-30,51,51,27.6,19.539869176009503,0.0930571556091308,0.0044069290161132,51,51.0,YOLO,1,32,0.0,19.539869176009503,0.0,[]
20250720_232559_745,-30,51,51,27.6,19.539869176009503,0.0959982872009277,0.0044376850128173,51,51.0,YOLO,1,32,0.0,19.539869176009503,0.0,[]
20250720_232559_954,-30,51,51,27.6,19.539869176009503,0.100719928741455,0.0041580200195312,51,51.0,YOLO,1,32,0.0,19.539869176009503,0.0,[]
20250720_232559_049,-30,51,51,27.6,19.539869176009503,0.0899329185485839,0.0043339729309082,51,51.0,YOLO,1,32,0.0,19.539869176009503,0.0,[]
20250720_232558_417,-30,50,50,26.1,20.16422311447306,0.0962214469909668,0.0043404102325439,50,50.0,YOLO,1,32,0.0,20.16422311447306,0.0,[]
20250720_232559_147,-30,51,51,27.6,19.539869176009503,0.0882139205932617,0.0043780803680419,51,51.0,YOLO,1,32,0.0,19.539869176009503,0.0,[]
20250720_232603_231,-29,50,50,26.1,19.98581286382988,0.0995039939880371,0.0043766498565673,50,50.0,YOLO,1,32,0.0,19.98581286382988,0.0,[]
20250720_232602_433,-29,50,50,26.1,19.98581286382988,0.0920705795288086,0.0043277740478515,50,50.0,YOLO,1,32,0.0,19.98581286382988,0.0,[]
20250720_232605_287,-29,50,50,26.1,19.98581286382988,0.0973703861236572,0.005073070526123,50,50.0,YOLO,1,32,0.0,19.98581286382988,0.0,[]
20250720_232601_814,-29,51,51,27.6,18.956136952667435,0.0976998805999755,0.0043268203735351,51,51.0,YOLO,1,32,0.0,18.956136952667435,0.0,[]
20250720_232602_224,-29,50,50,26.1,19.98581286382988,0.0984044075012207,0.0043106079101562,50,50.0,YOLO,1,32,0.0,19.98581286382988,0.0,[]
20250720_232604_465,-29,50,50,26.1,19.98581286382988,0.10502290725708,0.0043032169342041,50,50.0,YOLO,1,32,0.0,19.98581286382988,0.0,[]
20250720_232603_540,-29,50,50,26.1,19.98581286382988,0.0911328792572021,0.0044851303100585,50,50.0,YOLO,1,32,0.0,19.98581286382988,0.0,[]
20250720_232602_833,-29,50,50,26.1,19.98581286382988,0.0940370559692382,0.0037076473236083,50,50.0,YOLO,1,32,0.0,19.98581286382988,0.0,[]
20250720_232605_493,-29,50,50,26.1,19.98581286382988,0.0999271869659423,0.0041038990020751,50,50.0,YOLO,1,32,0.0,19.98581286382988,0.0,[]
20250720_232602_735,-29,50,50,26.1,19.98581286382988,0.0900506973266601,0.0043060779571533,50,50.0,YOLO,1,32,0.0,19.98581286382988,0.0,[]
20250720_232603_336,-29,50,50,26.1,19.98581286382988,0.0922973155975341,0.0044188499450683,50,50.0,YOLO,1,32,0.0,19.98581286382988,0.0,[]
20250720_232604_260,-29,50,50,26.1,19.98581286382988,0.0979523658752441,0.0043582916259765,50,50.0,YOLO,1,32,0.0,19.98581286382988,0.0,[]
20250720_232603_639,-29,50,50,26.1,19.98581286382988,0.0956602096557617,0.004361867904663,50,50.0,YOLO,1,32,0.0,19.98581286382988,0.0,[]
20250720_232603_435,-29,50,50,26.1,19.98581286382988,0.0969977378845214,0.0048012733459472,50,50.0,YOLO,1,32,0.0,19.98581286382988,0.0,[]
20250720_232602_023,-29,50,50,26.1,19.98581286382988,0.0883994102478027,0.0040080547332763,50,50.0,YOLO,1,32,0.0,19.98581286382988,0.0,[]
20250720_232605_081,-29,50,50,26.1,19.98581286382988,0.0944242477416992,0.0046830177307128,50,50.0,YOLO,1,32,0.0,19.98581286382988,0.0,[]
20250720_232604_155,-29,50,50,26.1,19.98581286382988,0.0995824337005615,0.0039868354797363,50,50.0,YOLO,1,32,0.0,19.98581286382988,0.0,[]
20250720_232602_933,-29,50,50,26.1,19.98581286382988,0.0907683372497558,0.0040993690490722,50,50.0,YOLO,1,32,0.0,19.98581286382988,0.0,[]
20250720_232602_634,-29,50,50,26.1,19.98581286382988,0.0945665836334228,0.0042915344238281,50,50.0,YOLO,1,32,0.0,19.98581286382988,0.0,[]
20250720_232603_742,-29,50,50,26.1,19.98581286382988,0.095301866531372,0.0043690204620361,50,50.0,YOLO,1,32,0.0,19.98581286382988,0.0,[]
20250720_232604_679,-29,50,50,26.1,19.98581286382988,0.0957503318786621,0.0043857097625732,50,50.0,YOLO,1,32,0.0,19.98581286382988,0.0,[]
20250720_232602_533,-29,50,50,26.1,19.98581286382988,0.093043565750122,0.0043146610260009,50,50.0,YOLO,1,32,0.0,19.98581286382988,0.0,[]
20250720_232602_330,-29,50,50,26.1,19.98581286382988,0.0963912010192871,0.0039689540863037,50,50.0,YOLO,1,32,0.0,19.98581286382988,0.0,[]
20250720_232604_577,-29,50,50,26.1,19.98581286382988,0.0946071147918701,0.0042595863342285,50,50.0,YOLO,1,32,0.0,19.98581286382988,0.0,[]
20250720_232605_600,-29,50,50,26.1,19.98581286382988,0.0960443019866943,0.0042700767517089,50,50.0,YOLO,1,32,0.0,19.98581286382988,0.0,[]
20250720_232604_783,-29,50,50,26.1,19.98581286382988,0.0940549373626709,0.0043623447418212,50,50.0,YOLO,1,32,0.0,19.98581286382988,0.0,[]
20250720_232604_978,-29,50,50,26.1,19.98581286382988,0.094973087310791,0.0044770240783691,50,50.0,YOLO,1,32,0.0,19.98581286382988,0.0,[]
20250720_232604_884,-29,50,50,26.1,19.98581286382988,0.0887422561645507,0.004319429397583,50,50.0,YOLO,1,32,0.0,19.98581286382988,0.0,[]
20250720_232603_031,-29,50,50,26.1,19.98581286382988,0.092031717300415,0.0042581558227539,50,50.0,YOLO,1,32,0.0,19.98581286382988,0.0,[]
20250720_232603_131,-29,50,50,26.1,19.98581286382988,0.0927259922027587,0.004281997680664,50,50.0,YOLO,1,32,0.0,19.98581286382988,0.0,[]
20250720_232602_118,-29,50,50,26.1,19.98581286382988,0.0981965065002441,0.0043292045593261,50,50.0,YOLO,1,32,0.0,19.98581286382988,0.0,[]
20250720_232601_919,-29,50,50,26.1,19.98581286382988,0.0960397720336914,0.0042688846588134,50,50.0,YOLO,1,32,0.0,19.98581286382988,0.0,[]
20250720_232601_707,-29,50,50,26.1,19.98581286382988,0.0991964340209961,0.0045340061187744,50,50.0,YOLO,1,32,0.0,19.98581286382988,0.0,[]
20250720_232604_366,-29,50,50,26.1,19.98581286382988,0.0922009944915771,0.0040643215179443,50,50.0,YOLO,1,32,0.0,19.98581286382988,0.0,[]
20250720_232603_845,-29,50,50,26.1,19.98581286382988,0.0978522300720214,0.0043122768402099,50,50.0,YOLO,1,32,0.0,19.98581286382988,0.0,[]
20250720_232605_183,-29,50,50,26.1,19.98581286382988,0.0966591835021972,0.0043306350708007,50,50.0,YOLO,1,32,0.0,19.98581286382988,0.0,[]
20250720_232605_393,-29,50,50,26.1,19.98581286382988,0.0927443504333496,0.0042982101440429,50,50.0,YOLO,1,32,0.0,19.98581286382988,0.0,[]
20250720_232604_054,-29,50,50,26.1,19.98581286382988,0.0928707122802734,0.0042717456817626,50,50.0,YOLO,1,32,0.0,19.98581286382988,0.0,[]
20250720_232603_950,-29,50,50,26.1,19.98581286382988,0.0971975326538086,0.0040032863616943,50,50.0,YOLO,1,32,0.0,19.98581286382988,0.0,[]
20250720_232607_131,-28,49,49,24.7,20.29729016007778,0.0938203334808349,0.0043504238128662,49,49.0,YOLO,1,32,0.0,20.29729016007778,0.0,[]
20250720_232607_335,-28,49,49,24.7,20.29729016007778,0.1071271896362304,0.004704475402832,49,49.0,YOLO,1,32,0.0,20.29729016007778,0.0,[]
20250720_232607_747,-28,50,50,26.1,19.579450919391192,0.0888135433197021,0.002124547958374,50,50.0,YOLO,1,32,0.0,19.579450919391192,0.0,[]
20250720_232605_798,-28,50,50,26.1,19.579450919391192,0.0975098609924316,0.0042734146118164,50,50.0,YOLO,1,32,0.0,19.579450919391192,0.0,[]
20250720_232607_021,-28,49,49,24.7,20.29729016007778,0.1028158664703369,0.0044822692871093,49,49.0,YOLO,1,32,0.0,20.29729016007778,0.0,[]
20250720_232607_450,-28,50,50,26.1,19.579450919391192,0.0948636531829834,0.0043451786041259,50,50.0,YOLO,1,32,0.0,19.579450919391192,0.0,[]
20250720_232606_000,-28,50,50,26.1,19.579450919391192,0.0929188728332519,0.0039637088775634,50,50.0,YOLO,1,32,0.0,19.579450919391192,0.0,[]
20250720_232607_233,-28,49,49,24.7,20.29729016007778,0.094520092010498,0.0043895244598388,49,49.0,YOLO,1,32,0.0,20.29729016007778,0.0,[]
20250720_232608_037,-28,50,50,26.1,19.579450919391192,0.0981526374816894,0.0020413398742675,50,50.0,YOLO,1,32,0.0,19.579450919391192,0.0,[]
20250720_232608_240,-28,49,49,24.7,20.29729016007778,0.0919573307037353,0.0020804405212402,49,49.0,YOLO,1,32,0.0,20.29729016007778,0.0,[]
20250720_232609_117,-28,50,50,26.1,19.579450919391192,0.0967743396759033,0.0038716793060302,50,50.0,YOLO,1,32,0.0,19.579450919391192,0.0,[]
20250720_232607_553,-28,50,50,26.1,19.579450919391192,0.0855774879455566,0.0044558048248291,50,50.0,YOLO,1,32,0.0,19.579450919391192,0.0,[]
20250720_232606_821,-28,49,49,24.7,20.29729016007778,0.0926408767700195,0.0045235157012939,49,49.0,YOLO,1,32,0.0,20.29729016007778,0.0,[]
20250720_232606_614,-28,49,49,24.7,20.29729016007778,0.0974161624908447,0.0043461322784423,49,49.0,YOLO,1,32,0.0,20.29729016007778,0.0,[]
20250720_232607_839,-28,50,50,26.1,19.579450919391192,0.0937235355377197,0.0022470951080322,50,50.0,YOLO,1,32,0.0,19.579450919391192,0.0,[]
20250720_232608_527,-28,50,50,26.1,19.579450919391192,0.088857889175415,0.0021114349365234,50,50.0,YOLO,1,32,0.0,19.579450919391192,0.0,[]
20250720_232606_100,-28,50,50,26.1,19.579450919391192,0.097538948059082,0.0039787292480468,50,50.0,YOLO,1,32,0.0,19.579450919391192,0.0,[]
20250720_232607_937,-28,49,49,24.7,20.29729016007778,0.0959937572479248,0.0023324489593505,49,49.0,YOLO,1,32,0.0,20.29729016007778,0.0,[]
20250720_232606_408,-28,49,49,24.7,20.29729016007778,0.0974359512329101,0.0042948722839355,49,49.0,YOLO,1,32,0.0,20.29729016007778,0.0,[]
20250720_232609_630,-28,50,50,26.1,19.579450919391192,0.0953781604766845,0.0042741298675537,50,50.0,YOLO,1,32,0.0,19.579450919391192,0.0,[]
20250720_232608_817,-28,50,50,26.1,19.579450919391192,0.0954630374908447,0.0020587444305419,50,50.0,YOLO,1,32,0.0,19.579450919391192,0.0,[]
20250720_232605_903,-28,50,50,26.1,19.579450919391192,0.0898263454437255,0.004321813583374,50,50.0,YOLO,1,32,0.0,19.579450919391192,0.0,[]
20250720_232606_513,-28,49,49,24.7,20.29729016007778,0.0944447517395019,0.0043902397155761,49,49.0,YOLO,1,32,0.0,20.29729016007778,0.0,[]
20250720_232606_919,-28,49,49,24.7,20.29729016007778,0.0978899002075195,0.002032995223999,49,49.0,YOLO,1,32,0.0,20.29729016007778,0.0,[]
20250720_232609_318,-28,50,50,26.1,19.579450919391192,0.0954554080963134,0.0042264461517333,50,50.0,YOLO,1,32,0.0,19.579450919391192,0.0,[]
20250720_232609_016,-28,50,50,26.1,19.579450919391192,0.0977754592895507,0.002049446105957,50,50.0,YOLO,1,32,0.0,19.579450919391192,0.0,[]
20250720_232608_335,-28,49,49,24.7,20.29729016007778,0.0903854370117187,0.0020427703857421,49,49.0,YOLO,1,32,0.0,20.29729016007778,0.0,[]
20250720_232608_916,-28,50,50,26.1,19.579450919391192,0.096790075302124,0.0020806789398193,50,50.0,YOLO,1,32,0.0,19.579450919391192,0.0,[]
20250720_232608_718,-28,50,50,26.1,19.579450919391192,0.095268964767456,0.0021107196807861,50,50.0,YOLO,1,32,0.0,19.579450919391192,0.0,[]
20250720_232605_703,-28,50,50,26.1,19.579450919391192,0.0876379013061523,0.0042874813079833,50,50.0,YOLO,1,32,0.0,19.579450919391192,0.0,[]
20250720_232609_221,-28,50,50,26.1,19.579450919391192,0.0899364948272705,0.0043737888336181,50,50.0,YOLO,1,32,0.0,19.579450919391192,0.0,[]
20250720_232606_305,-28,49,49,24.7,20.29729016007778,0.0963077545166015,0.003821849822998,49,49.0,YOLO,1,32,0.0,20.29729016007778,0.0,[]
20250720_232608_139,-28,49,49,24.7,20.29729016007778,0.0981760025024414,0.0020639896392822,49,49.0,YOLO,1,32,0.0,20.29729016007778,0.0,[]
20250720_232609_421,-28,50,50,26.1,19.579450919391192,0.0964894294738769,0.0043146610260009,50,50.0,YOLO,1,32,0.0,19.579450919391192,0.0,[]
20250720_232606_719,-28,49,49,24.7,20.29729016007778,0.0937190055847168,0.0043909549713134,49,49.0,YOLO,1,32,0.0,20.29729016007778,0.0,[]
20250720_232608_619,-28,50,50,26.1,19.579450919391192,0.0951077938079834,0.0024292469024658,50,50.0,YOLO,1,32,0.0,19.579450919391192,0.0,[]
20250720_232607_646,-28,50,50,26.1,19.579450919391192,0.097710371017456,0.0021593570709228,50,50.0,YOLO,1,32,0.0,19.579450919391192,0.0,[]
20250720_232609_525,-28,50,50,26.1,19.579450919391192,0.0979433059692382,0.0041720867156982,50,50.0,YOLO,1,32,0.0,19.579450919391192,0.0,[]
20250720_232608_429,-28,50,50,26.1,19.579450919391192,0.0946390628814697,0.0020937919616699,50,50.0,YOLO,1,32,0.0,19.579450919391192,0.0,[]
20250720_232611_453,-27,49,49,24.7,19.926110779462466,0.0996811389923095,0.0043129920959472,49,49.0,YOLO,1,32,0.0,19.926110779462466,0.0,[]
20250720_232610_941,-27,49,49,24.7,19.926110779462466,0.0924117565155029,0.0044646263122558,49,49.0,YOLO,1,32,0.0,19.926110779462466,0.0,[]
20250720_232611_660,-27,49,49,24.7,19.926110779462466,0.0938112735748291,0.0043401718139648,49,49.0,YOLO,1,32,0.0,19.926110779462466,0.0,[]
20250720_232610_638,-27,49,49,24.7,19.926110779462466,0.0937480926513671,0.0034775733947753,49,49.0,YOLO,1,32,0.0,19.926110779462466,0.0,[]
20250720_232610_344,-27,49,49,24.7,19.926110779462466,0.0944561958312988,0.0021958351135253,49,49.0,YOLO,1,32,0.0,19.926110779462466,0.0,[]
20250720_232612_081,-27,49,49,24.7,19.926110779462466,0.0992708206176757,0.0039501190185546,49,49.0,YOLO,1,32,0.0,19.926110779462466,0.0,[]
20250720_232610_442,-27,49,49,24.7,19.926110779462466,0.0965094566345214,0.0020887851715087,49,49.0,YOLO,1,32,0.0,19.926110779462466,0.0,[]
20250720_232612_912,-27,49,49,24.7,19.926110779462466,0.1003780364990234,0.0043416023254394,49,49.0,YOLO,1,32,0.0,19.926110779462466,0.0,[]
20250720_232613_535,-27,49,49,24.7,19.926110779462466,0.0954463481903076,0.0044546127319335,49,49.0,YOLO,1,32,0.0,19.926110779462466,0.0,[]
20250720_232611_141,-27,49,49,24.7,19.926110779462466,0.0932810306549072,0.0043115615844726,49,49.0,YOLO,1,32,0.0,19.926110779462466,0.0,[]
20250720_232611_041,-27,49,49,24.7,19.926110779462466,0.0927746295928955,0.0043206214904785,49,49.0,YOLO,1,32,0.0,19.926110779462466,0.0,[]
20250720_232610_542,-27,49,49,24.7,19.926110779462466,0.0924470424652099,0.002187967300415,49,49.0,YOLO,1,32,0.0,19.926110779462466,0.0,[]
20250720_232613_020,-27,49,49,24.7,19.926110779462466,0.0941641330718994,0.0043928623199462,49,49.0,YOLO,1,32,0.0,19.926110779462466,0.0,[]
20250720_232612_187,-27,49,49,24.7,19.926110779462466,0.087165355682373,0.0040035247802734,49,49.0,YOLO,1,32,0.0,19.926110779462466,0.0,[]
20250720_232611_242,-27,49,49,24.7,19.926110779462466,0.0998525619506836,0.00439453125,49,49.0,YOLO,1,32,0.0,19.926110779462466,0.0,[]
20250720_232612_388,-27,49,49,24.7,19.926110779462466,0.0902738571166992,0.0043659210205078,49,49.0,YOLO,1,32,0.0,19.926110779462466,0.0,[]
20250720_232612_281,-27,49,49,24.7,19.926110779462466,0.100231647491455,0.0044307708740234,49,49.0,YOLO,1,32,0.0,19.926110779462466,0.0,[]
20250720_232612_699,-27,49,49,24.7,19.926110779462466,0.1030609607696533,0.004509687423706,49,49.0,YOLO,1,32,0.0,19.926110779462466,0.0,[]
20250720_232612_810,-27,49,49,24.7,19.926110779462466,0.0949714183807373,0.0043385028839111,49,49.0,YOLO,1,32,0.0,19.926110779462466,0.0,[]
20250720_232613_324,-27,49,49,24.7,19.926110779462466,0.1050131320953369,0.0043675899505615,49,49.0,YOLO,1,32,0.0,19.926110779462466,0.0,[]
20250720_232610_737,-27,49,49,24.7,19.926110779462466,0.0949585437774658,0.0040009021759033,49,49.0,YOLO,1,32,0.0,19.926110779462466,0.0,[]
20250720_232610_048,-27,49,49,24.7,19.926110779462466,0.0982534885406494,0.0022001266479492,49,49.0,YOLO,1,32,0.0,19.926110779462466,0.0,[]
20250720_232610_249,-27,49,49,24.7,19.926110779462466,0.0914125442504882,0.0020897388458251,49,49.0,YOLO,1,32,0.0,19.926110779462466,0.0,[]
20250720_232610_839,-27,49,49,24.7,19.926110779462466,0.0939083099365234,0.0039937496185302,49,49.0,YOLO,1,32,0.0,19.926110779462466,0.0,[]
20250720_232611_762,-27,49,49,24.7,19.926110779462466,0.0993123054504394,0.0043520927429199,49,49.0,YOLO,1,32,0.0,19.926110779462466,0.0,[]
20250720_232613_122,-27,49,49,24.7,19.926110779462466,0.0924668312072753,0.0040719509124755,49,49.0,YOLO,1,32,0.0,19.926110779462466,0.0,[]
20250720_232611_560,-27,49,49,24.7,19.926110779462466,0.0930221080780029,0.0043401718139648,49,49.0,YOLO,1,32,0.0,19.926110779462466,0.0,[]
20250720_232612_592,-27,49,49,24.7,19.926110779462466,0.0995004177093505,0.0043449401855468,49,49.0,YOLO,1,32,0.0,19.926110779462466,0.0,[]
20250720_232609_732,-27,49,49,24.7,19.926110779462466,0.1005871295928955,0.0039823055267333,49,49.0,YOLO,1,32,0.0,19.926110779462466,0.0,[]
20250720_232610_150,-27,49,49,24.7,19.926110779462466,0.0956785678863525,0.0020995140075683,49,49.0,YOLO,1,32,0.0,19.926110779462466,0.0,[]
20250720_232611_976,-27,49,49,24.7,19.926110779462466,0.0974593162536621,0.0047357082366943,49,49.0,YOLO,1,32,0.0,19.926110779462466,0.0,[]
20250720_232611_868,-27,49,49,24.7,19.926110779462466,0.0996813774108886,0.00439453125,49,49.0,YOLO,1,32,0.0,19.926110779462466,0.0,[]
20250720_232612_485,-27,49,49,24.7,19.926110779462466,0.1004433631896972,0.0037167072296142,49,49.0,YOLO,1,32,0.0,19.926110779462466,0.0,[]
20250720_232613_221,-27,49,49,24.7,19.926110779462466,0.0948233604431152,0.0043706893920898,49,49.0,YOLO,1,32,0.0,19.926110779462466,0.0,[]
20250720_232613_638,-27,49,49,24.7,19.926110779462466,0.0960841178894043,0.0043494701385498,49,49.0,YOLO,1,32,0.0,19.926110779462466,0.0,[]
20250720_232611_349,-27,49,49,24.7,19.926110779462466,0.0962865352630615,0.0044546127319335,49,49.0,YOLO,1,32,0.0,19.926110779462466,0.0,[]
20250720_232613_436,-27,49,49,24.7,19.926110779462466,0.0915513038635253,0.0042874813079833,49,49.0,YOLO,1,32,0.0,19.926110779462466,0.0,[]
20250720_232609_943,-27,49,49,24.7,19.926110779462466,0.0976054668426513,0.0043528079986572,49,49.0,YOLO,1,32,0.0,19.926110779462466,0.0,[]
20250720_232609_839,-27,49,49,24.7,19.926110779462466,0.0967640876770019,0.0043697357177734,49,49.0,YOLO,1,32,0.0,19.926110779462466,0.0,[]
20250720_232616_819,-26,48,48,23.2,19.95282059303496,0.0961122512817382,0.00439453125,48,48.0,YOLO,1,32,0.0,19.95282059303496,0.0,[]
20250720_232614_258,-26,48,48,23.2,19.95282059303496,0.0916633605957031,0.0044717788696289,48,48.0,YOLO,1,32,0.0,19.95282059303496,0.0,[]
20250720_232617_648,-26,48,48,23.2,19.95282059303496,0.0951659679412841,0.004385232925415,48,48.0,YOLO,1,32,0.0,19.95282059303496,0.0,[]
20250720_232614_978,-26,48,48,23.2,19.95282059303496,0.0950138568878173,0.0043845176696777,48,48.0,YOLO,1,32,0.0,19.95282059303496,0.0,[]
20250720_232614_050,-26,48,48,23.2,19.95282059303496,0.0977718830108642,0.0045063495635986,48,48.0,YOLO,1,32,0.0,19.95282059303496,0.0,[]
20250720_232615_178,-26,48,48,23.2,19.95282059303496,0.0896193981170654,0.0045661926269531,48,48.0,YOLO,1,32,0.0,19.95282059303496,0.0,[]
20250720_232614_465,-26,48,48,23.2,19.95282059303496,0.0960643291473388,0.0053083896636962,48,48.0,YOLO,1,32,0.0,19.95282059303496,0.0,[]
20250720_232616_620,-26,48,48,23.2,19.95282059303496,0.0956311225891113,0.004340648651123,48,48.0,YOLO,1,32,0.0,19.95282059303496,0.0,[]
20250720_232616_305,-26,48,48,23.2,19.95282059303496,0.0932519435882568,0.0040388107299804,48,48.0,YOLO,1,32,0.0,19.95282059303496,0.0,[]
20250720_232614_570,-26,48,48,23.2,19.95282059303496,0.0936553478240966,0.0043799877166748,48,48.0,YOLO,1,32,0.0,19.95282059303496,0.0,[]
20250720_232616_096,-26,48,48,23.2,19.95282059303496,0.0936667919158935,0.0043487548828125,48,48.0,YOLO,1,32,0.0,19.95282059303496,0.0,[]
20250720_232617_434,-26,48,48,23.2,19.95282059303496,0.0947463512420654,0.004075288772583,48,48.0,YOLO,1,32,0.0,19.95282059303496,0.0,[]
20250720_232615_792,-26,48,48,23.2,19.95282059303496,0.0943207740783691,0.00429368019104,48,48.0,YOLO,1,32,0.0,19.95282059303496,0.0,[]
20250720_232614_156,-26,48,48,23.2,19.95282059303496,0.0938127040863037,0.0044727325439453,48,48.0,YOLO,1,32,0.0,19.95282059303496,0.0,[]
20250720_232614_884,-26,48,48,23.2,19.95282059303496,0.0861620903015136,0.0044660568237304,48,48.0,YOLO,1,32,0.0,19.95282059303496,0.0,[]
20250720_232615_081,-26,48,48,23.2,19.95282059303496,0.0893292427062988,0.0044758319854736,48,48.0,YOLO,1,32,0.0,19.95282059303496,0.0,[]
20250720_232615_894,-26,48,48,23.2,19.95282059303496,0.0913252830505371,0.0043723583221435,48,48.0,YOLO,1,32,0.0,19.95282059303496,0.0,[]
20250720_232617_234,-26,48,48,23.2,19.95282059303496,0.0944070816040039,0.0043458938598632,48,48.0,YOLO,1,32,0.0,19.95282059303496,0.0,[]
20250720_232613_840,-26,49,49,24.7,18.75428503364457,0.0979602336883544,0.0041489601135253,49,49.0,YOLO,1,32,0.0,18.75428503364457,0.0,[]
20250720_232615_382,-26,48,48,23.2,19.95282059303496,0.0954558849334716,0.004345417022705,48,48.0,YOLO,1,32,0.0,19.95282059303496,0.0,[]
20250720_232617_536,-26,48,48,23.2,19.95282059303496,0.1049807071685791,0.0041267871856689,48,48.0,YOLO,1,32,0.0,19.95282059303496,0.0,[]
20250720_232616_405,-26,48,48,23.2,19.95282059303496,0.1049728393554687,0.0043294429779052,48,48.0,YOLO,1,32,0.0,19.95282059303496,0.0,[]
20250720_232615_276,-26,48,48,23.2,19.95282059303496,0.0988757610321044,0.0043625831604003,48,48.0,YOLO,1,32,0.0,19.95282059303496,0.0,[]
20250720_232617_336,-26,48,48,23.2,19.95282059303496,0.0909438133239746,0.0040614604949951,48,48.0,YOLO,1,32,0.0,19.95282059303496,0.0,[]
20250720_232613_945,-26,48,48,23.2,19.95282059303496,0.0975923538208007,0.0041401386260986,48,48.0,YOLO,1,32,0.0,19.95282059303496,0.0,[]
20250720_232614_671,-26,48,48,23.2,19.95282059303496,0.1046583652496337,0.0041530132293701,48,48.0,YOLO,1,32,0.0,19.95282059303496,0.0,[]
20250720_232615_993,-26,48,48,23.2,19.95282059303496,0.0959579944610595,0.0043060779571533,48,48.0,YOLO,1,32,0.0,19.95282059303496,0.0,[]
20250720_232617_131,-26,48,48,23.2,19.95282059303496,0.0956921577453613,0.0042920112609863,48,48.0,YOLO,1,32,0.0,19.95282059303496,0.0,[]
20250720_232616_722,-26,48,48,23.2,19.95282059303496,0.0892291069030761,0.0044536590576171,48,48.0,YOLO,1,32,0.0,19.95282059303496,0.0,[]
20250720_232616_197,-26,48,48,23.2,19.95282059303496,0.1000347137451171,0.0043239593505859,48,48.0,YOLO,1,32,0.0,19.95282059303496,0.0,[]
20250720_232616_518,-26,48,48,23.2,19.95282059303496,0.095200777053833,0.0043213367462158,48,48.0,YOLO,1,32,0.0,19.95282059303496,0.0,[]
20250720_232614_781,-26,48,48,23.2,19.95282059303496,0.0953273773193359,0.0045108795166015,48,48.0,YOLO,1,32,0.0,19.95282059303496,0.0,[]
20250720_232613_742,-26,49,49,24.7,18.75428503364457,0.0911376476287841,0.0043449401855468,49,49.0,YOLO,1,32,0.0,18.75428503364457,0.0,[]
20250720_232615_485,-26,48,48,23.2,19.95282059303496,0.0920381546020507,0.0039801597595214,48,48.0,YOLO,1,32,0.0,19.95282059303496,0.0,[]
20250720_232617_024,-26,48,48,23.2,19.95282059303496,0.0990629196166992,0.0044047832489013,48,48.0,YOLO,1,32,0.0,19.95282059303496,0.0,[]
20250720_232614_357,-26,48,48,23.2,19.95282059303496,0.1002116203308105,0.0044562816619873,48,48.0,YOLO,1,32,0.0,19.95282059303496,0.0,[]
20250720_232616_924,-26,48,48,23.2,19.95282059303496,0.0929961204528808,0.0040733814239501,48,48.0,YOLO,1,32,0.0,19.95282059303496,0.0,[]
20250720_232615_690,-26,48,48,23.2,19.95282059303496,0.0963990688323974,0.0041031837463378,48,48.0,YOLO,1,32,0.0,19.95282059303496,0.0,[]
20250720_232615_584,-26,48,48,23.2,19.95282059303496,0.0992426872253418,0.0043303966522216,48,48.0,YOLO,1,32,0.0,19.95282059303496,0.0,[]
20250720_232618_985,-25,47,47,21.8,20.285254533650487,0.1008825302124023,0.0043542385101318,47,47.0,YOLO,1,32,0.0,20.285254533650487,0.0,[]
20250720_232619_805,-25,47,47,21.8,20.285254533650487,0.0954341888427734,0.0043432712554931,47,47.0,YOLO,1,32,0.0,20.285254533650487,0.0,[]
20250720_232620_518,-25,47,47,21.8,20.285254533650487,0.0972321033477783,0.0018324851989746,47,47.0,YOLO,1,32,0.0,20.285254533650487,0.0,[]
20250720_232618_672,-25,47,47,21.8,20.285254533650487,0.0964457988739013,0.004359483718872,47,47.0,YOLO,1,32,0.0,20.285254533650487,0.0,[]
20250720_232618_166,-25,47,47,21.8,20.285254533650487,0.0933544635772705,0.0043790340423583,47,47.0,YOLO,1,32,0.0,20.285254533650487,0.0,[]
20250720_232619_398,-25,47,47,21.8,20.285254533650487,0.0922877788543701,0.0043156147003173,47,47.0,YOLO,1,32,0.0,20.285254533650487,0.0,[]
20250720_232621_533,-25,47,47,21.8,20.285254533650487,0.0945734977722168,0.002129316329956,47,47.0,YOLO,1,32,0.0,20.285254533650487,0.0,[]
20250720_232620_931,-25,47,47,21.8,20.285254533650487,0.0839374065399169,0.0020897388458251,47,47.0,YOLO,1,32,0.0,20.285254533650487,0.0,[]
20250720_232618_267,-25,47,47,21.8,20.285254533650487,0.0947680473327636,0.0044198036193847,47,47.0,YOLO,1,32,0.0,20.285254533650487,0.0,[]
20250720_232619_191,-25,47,47,21.8,20.285254533650487,0.0924787521362304,0.0042951107025146,47,47.0,YOLO,1,32,0.0,20.285254533650487,0.0,[]
20250720_232621_435,-25,47,47,21.8,20.285254533650487,0.0909287929534912,0.0042197704315185,47,47.0,YOLO,1,32,0.0,20.285254533650487,0.0,[]
20250720_232618_880,-25,47,47,21.8,20.285254533650487,0.0977959632873535,0.0043649673461914,47,47.0,YOLO,1,32,0.0,20.285254533650487,0.0,[]
20250720_232619_603,-25,47,47,21.8,20.285254533650487,0.0911569595336914,0.0043542385101318,47,47.0,YOLO,1,32,0.0,20.285254533650487,0.0,[]
20250720_232621_227,-25,47,47,21.8,20.285254533650487,0.0964064598083496,0.0043771266937255,47,47.0,YOLO,1,32,0.0,20.285254533650487,0.0,[]
20250720_232620_319,-25,47,47,21.8,20.285254533650487,0.0991268157958984,0.0040211677551269,47,47.0,YOLO,1,32,0.0,20.285254533650487,0.0,[]
20250720_232618_368,-25,47,47,21.8,20.285254533650487,0.0966024398803711,0.0043392181396484,47,47.0,YOLO,1,32,0.0,20.285254533650487,0.0,[]
20250720_232621_331,-25,47,47,21.8,20.285254533650487,0.0968677997589111,0.004101276397705,47,47.0,YOLO,1,32,0.0,20.285254533650487,0.0,[]
20250720_232621_631,-25,47,47,21.8,20.285254533650487,0.0925734043121337,0.0021145343780517,47,47.0,YOLO,1,32,0.0,20.285254533650487,0.0,[]
20250720_232620_721,-25,47,47,21.8,20.285254533650487,0.100614309310913,0.0039985179901123,47,47.0,YOLO,1,32,0.0,20.285254533650487,0.0,[]
20250720_232620_426,-25,47,47,21.8,20.285254533650487,0.0891458988189697,0.0020041465759277,47,47.0,YOLO,1,32,0.0,20.285254533650487,0.0,[]
20250720_232620_011,-25,47,47,21.8,20.285254533650487,0.0949115753173828,0.004307746887207,47,47.0,YOLO,1,32,0.0,20.285254533650487,0.0,[]
20250720_232617_751,-25,48,48,23.2,19.579417836185343,0.0985362529754638,0.0043826103210449,48,48.0,YOLO,1,32,0.0,19.579417836185343,0.0,[]
20250720_232618_064,-25,47,47,21.8,20.285254533650487,0.0944466590881347,0.0044693946838378,47,47.0,YOLO,1,32,0.0,20.285254533650487,0.0,[]
20250720_232618_573,-25,47,47,21.8,20.285254533650487,0.0915002822875976,0.0043551921844482,47,47.0,YOLO,1,32,0.0,20.285254533650487,0.0,[]
20250720_232619_291,-25,48,48,23.2,19.579417836185343,0.1006124019622802,0.0040874481201171,48,48.0,YOLO,1,32,0.0,19.579417836185343,0.0,[]
20250720_232617_955,-25,47,47,21.8,20.285254533650487,0.1011121273040771,0.0044023990631103,47,47.0,YOLO,1,32,0.0,20.285254533650487,0.0,[]
20250720_232619_908,-25,47,47,21.8,20.285254533650487,0.1001741886138916,0.0021874904632568,47,47.0,YOLO,1,32,0.0,20.285254533650487,0.0,[]
20250720_232617_857,-25,48,48,23.2,19.579417836185343,0.0906448364257812,0.0040693283081054,48,48.0,YOLO,1,32,0.0,19.579417836185343,0.0,[]
20250720_232620_828,-25,47,47,21.8,20.285254533650487,0.0954616069793701,0.0043647289276123,47,47.0,YOLO,1,32,0.0,20.285254533650487,0.0,[]
20250720_232619_094,-25,NO_RADIO,47,21.8,20.285254533650487,0.090034008026123,0.0043108463287353,47,,CenterFallback,1,32,0.0,,,[]
20250720_232619_498,-25,47,47,21.8,20.285254533650487,0.0984225273132324,0.0042996406555175,47,47.0,YOLO,1,32,0.0,20.285254533650487,0.0,[]
20250720_232620_619,-25,47,47,21.8,20.285254533650487,0.0951836109161377,0.0041174888610839,47,47.0,YOLO,1,32,0.0,20.285254533650487,0.0,[]
20250720_232621_120,-25,47,47,21.8,20.285254533650487,0.1028597354888916,0.0021638870239257,47,47.0,YOLO,1,32,0.0,20.285254533650487,0.0,[]
20250720_232620_217,-25,47,47,21.8,20.285254533650487,0.0950269699096679,0.0039818286895751,47,47.0,YOLO,1,32,0.0,20.285254533650487,0.0,[]
20250720_232619_701,-25,47,47,21.8,20.285254533650487,0.0954082012176513,0.004657506942749,47,47.0,YOLO,1,32,0.0,20.285254533650487,0.0,[]
20250720_232618_473,-25,47,47,21.8,20.285254533650487,0.0928437709808349,0.004378318786621,47,47.0,YOLO,1,32,0.0,20.285254533650487,0.0,[]
20250720_232618_776,-25,47,47,21.8,20.285254533650487,0.0957162380218505,0.0043795108795166,47,47.0,YOLO,1,32,0.0,20.285254533650487,0.0,[]
20250720_232620_114,-25,47,47,21.8,20.285254533650487,0.0961067676544189,0.0042610168457031,47,47.0,YOLO,1,32,0.0,20.285254533650487,0.0,[]
20250720_232621_019,-25,47,47,21.8,20.285254533650487,0.0981619358062744,0.0021359920501708,47,47.0,YOLO,1,32,0.0,20.285254533650487,0.0,[]
20250720_232623_373,-24,47,47,21.8,19.37886170750444,0.1076910495758056,0.002089500427246,47,47.0,YOLO,1,32,0.0,19.37886170750444,0.0,[]
20250720_232623_582,-24,47,47,21.8,19.37886170750444,0.095679759979248,0.0020112991333007,47,47.0,YOLO,1,32,0.0,19.37886170750444,0.0,[]
20250720_232621_832,-24,47,47,21.8,19.37886170750444,0.0926747322082519,0.0018956661224365,47,47.0,YOLO,1,32,0.0,19.37886170750444,0.0,[]
20250720_232622_607,-24,47,47,21.8,19.37886170750444,0.0950961112976074,0.0021612644195556,47,47.0,YOLO,1,32,0.0,19.37886170750444,0.0,[]
20250720_232623_866,-24,47,47,21.8,19.37886170750444,0.0922262668609619,0.0020656585693359,47,47.0,YOLO,1,32,0.0,19.37886170750444,0.0,[]
20250720_232622_706,-24,47,47,21.8,19.37886170750444,0.0988082885742187,0.0039775371551513,47,47.0,YOLO,1,32,0.0,19.37886170750444,0.0,[]
20250720_232622_314,-24,47,47,21.8,19.37886170750444,0.0920112133026123,0.0023744106292724,47,47.0,YOLO,1,32,0.0,19.37886170750444,0.0,[]
20250720_232625_163,-24,47,47,21.8,19.37886170750444,0.0953822135925293,0.0020630359649658,47,47.0,YOLO,1,32,0.0,19.37886170750444,0.0,[]
20250720_232623_092,-24,47,47,21.8,19.37886170750444,0.0872848033905029,0.0028057098388671,47,47.0,YOLO,1,32,0.0,19.37886170750444,0.0,[]
20250720_232625_467,-24,47,47,21.8,19.37886170750444,0.0967695713043212,0.0020861625671386,47,47.0,YOLO,1,32,0.0,19.37886170750444,0.0,[]
20250720_232623_776,-24,47,47,21.8,19.37886170750444,0.086902379989624,0.0020143985748291,47,47.0,YOLO,1,32,0.0,19.37886170750444,0.0,[]
20250720_232624_655,-24,47,47,21.8,19.37886170750444,0.0993692874908447,0.002110481262207,47,47.0,YOLO,1,32,0.0,19.37886170750444,0.0,[]
20250720_232623_961,-24,47,47,21.8,19.37886170750444,0.0963406562805175,0.0021378993988037,47,47.0,YOLO,1,32,0.0,19.37886170750444,0.0,[]
20250720_232621_727,-24,47,47,21.8,19.37886170750444,0.1014091968536377,0.0021796226501464,47,47.0,YOLO,1,32,0.0,19.37886170750444,0.0,[]
20250720_232622_905,-24,47,47,21.8,19.37886170750444,0.0825793743133544,0.0020360946655273,47,47.0,YOLO,1,32,0.0,19.37886170750444,0.0,[]
20250720_232622_410,-24,47,47,21.8,19.37886170750444,0.0916924476623535,0.0026707649230957,47,47.0,YOLO,1,32,0.0,19.37886170750444,0.0,[]
20250720_232624_758,-24,47,47,21.8,19.37886170750444,0.0886914730072021,0.0021576881408691,47,47.0,YOLO,1,32,0.0,19.37886170750444,0.0,[]
20250720_232622_506,-24,47,47,21.8,19.37886170750444,0.0981295108795166,0.002126932144165,47,47.0,YOLO,1,32,0.0,19.37886170750444,0.0,[]
20250720_232624_161,-24,47,47,21.8,19.37886170750444,0.0943539142608642,0.0020811557769775,47,47.0,YOLO,1,32,0.0,19.37886170750444,0.0,[]
20250720_232622_211,-24,47,47,21.8,19.37886170750444,0.0984172821044921,0.0027058124542236,47,47.0,YOLO,1,32,0.0,19.37886170750444,0.0,[]
20250720_232625_261,-24,47,47,21.8,19.37886170750444,0.1006383895874023,0.0019474029541015,47,47.0,YOLO,1,32,0.0,19.37886170750444,0.0,[]
20250720_232622_991,-24,47,47,21.8,19.37886170750444,0.0962119102478027,0.0026488304138183,47,47.0,YOLO,1,32,0.0,19.37886170750444,0.0,[]
20250720_232622_811,-24,47,47,21.8,19.37886170750444,0.0901319980621337,0.0022022724151611,47,47.0,YOLO,1,32,0.0,19.37886170750444,0.0,[]
20250720_232624_061,-24,47,47,21.8,19.37886170750444,0.0965423583984375,0.0020222663879394,47,47.0,YOLO,1,32,0.0,19.37886170750444,0.0,[]
20250720_232623_281,-24,47,47,21.8,19.37886170750444,0.0883083343505859,0.0021047592163085,47,47.0,YOLO,1,32,0.0,19.37886170750444,0.0,[]
20250720_232621_928,-24,47,47,21.8,19.37886170750444,0.0932497978210449,0.0020067691802978,47,47.0,YOLO,1,32,0.0,19.37886170750444,0.0,[]
20250720_232622_024,-24,47,47,21.8,19.37886170750444,0.0913653373718261,0.0017585754394531,47,47.0,YOLO,1,32,0.0,19.37886170750444,0.0,[]
20250720_232623_484,-24,47,47,21.8,19.37886170750444,0.0951392650604248,0.0020234584808349,47,47.0,YOLO,1,32,0.0,19.37886170750444,0.0,[]
20250720_232623_184,-24,47,47,21.8,19.37886170750444,0.0939934253692627,0.0021040439605712,47,47.0,YOLO,1,32,0.0,19.37886170750444,0.0,[]
20250720_232624_450,-24,47,47,21.8,19.37886170750444,0.1038131713867187,0.0028963088989257,47,47.0,YOLO,1,32,0.0,19.37886170750444,0.0,[]
20250720_232625_365,-24,47,47,21.8,19.37886170750444,0.096210241317749,0.0038776397705078,47,47.0,YOLO,1,32,0.0,19.37886170750444,0.0,[]
20250720_232622_119,-24,47,47,21.8,19.37886170750444,0.0887048244476318,0.0021851062774658,47,47.0,YOLO,1,32,0.0,19.37886170750444,0.0,[]
20250720_232625_058,-24,47,47,21.8,19.37886170750444,0.1015558242797851,0.0020885467529296,47,47.0,YOLO,1,32,0.0,19.37886170750444,0.0,[]
20250720_232624_356,-24,47,47,21.8,19.37886170750444,0.0892784595489502,0.0031564235687255,47,47.0,YOLO,1,32,0.0,19.37886170750444,0.0,[]
20250720_232624_850,-24,47,47,21.8,19.37886170750444,0.1048183441162109,0.0021336078643798,47,47.0,YOLO,1,32,0.0,19.37886170750444,0.0,[]
20250720_232624_558,-24,47,47,21.8,19.37886170750444,0.0933656692504882,0.0021941661834716,47,47.0,YOLO,1,32,0.0,19.37886170750444,0.0,[]
20250720_232623_681,-24,47,47,21.8,19.37886170750444,0.0907557010650634,0.0022141933441162,47,47.0,YOLO,1,32,0.0,19.37886170750444,0.0,[]
20250720_232624_959,-24,47,47,21.8,19.37886170750444,0.0957791805267334,0.0019872188568115,47,47.0,YOLO,1,32,0.0,19.37886170750444,0.0,[]
20250720_232625_567,-24,47,47,21.8,19.37886170750444,0.0950381755828857,0.0021860599517822,47,47.0,YOLO,1,32,0.0,19.37886170750444,0.0,[]
20250720_232626_075,-23,46,46,20.3,20.508420822578245,0.087374210357666,0.0021097660064697,46,46.0,YOLO,1,32,0.0,20.508420822578245,0.0,[]
20250720_232628_037,-23,46,46,20.3,20.508420822578245,0.0855839252471923,0.0024664402008056,46,46.0,YOLO,1,32,0.0,20.508420822578245,0.0,[]
20250720_232628_330,-23,46,46,20.3,20.508420822578245,0.0875678062438964,0.0027358531951904,46,46.0,YOLO,1,32,0.0,20.508420822578245,0.0,[]
20250720_232627_048,-23,46,46,20.3,20.508420822578245,0.0972001552581787,0.0020816326141357,46,46.0,YOLO,1,32,0.0,20.508420822578245,0.0,[]
20250720_232629_597,-23,46,46,20.3,20.508420822578245,0.0989959239959716,0.0023427009582519,46,46.0,YOLO,1,32,0.0,20.508420822578245,0.0,[]
20250720_232626_166,-23,46,46,20.3,20.508420822578245,0.1035428047180175,0.0021102428436279,46,46.0,YOLO,1,32,0.0,20.508420822578245,0.0,[]
20250720_232628_894,-23,46,46,20.3,20.508420822578245,0.0950081348419189,0.0029551982879638,46,46.0,YOLO,1,32,0.0,20.508420822578245,0.0,[]
20250720_232626_949,-23,46,46,20.3,20.508420822578245,0.096343994140625,0.002129316329956,46,46.0,YOLO,1,32,0.0,20.508420822578245,0.0,[]
20250720_232629_094,-23,46,46,20.3,20.508420822578245,0.0970954895019531,0.0024783611297607,46,46.0,YOLO,1,32,0.0,20.508420822578245,0.0,[]
20250720_232628_792,-23,46,46,20.3,20.508420822578245,0.0967411994934082,0.0029172897338867,46,46.0,YOLO,1,32,0.0,20.508420822578245,0.0,[]
20250720_232627_439,-23,46,46,20.3,20.508420822578245,0.0941388607025146,0.0021140575408935,46,46.0,YOLO,1,32,0.0,20.508420822578245,0.0,[]
20250720_232629_294,-23,46,46,20.3,20.508420822578245,0.0951988697052002,0.0024125576019287,46,46.0,YOLO,1,32,0.0,20.508420822578245,0.0,[]
20250720_232626_762,-23,46,46,20.3,20.508420822578245,0.0972461700439453,0.0020549297332763,46,46.0,YOLO,1,32,0.0,20.508420822578245,0.0,[]
20250720_232628_510,-23,46,46,20.3,20.508420822578245,0.0882585048675537,0.0022788047790527,46,46.0,YOLO,1,32,0.0,20.508420822578245,0.0,[]
20250720_232628_422,-23,46,46,20.3,20.508420822578245,0.0846977233886718,0.0024201869964599,46,46.0,YOLO,1,32,0.0,20.508420822578245,0.0,[]
20250720_232627_633,-23,46,46,20.3,20.508420822578245,0.0971348285675048,0.0020627975463867,46,46.0,YOLO,1,32,0.0,20.508420822578245,0.0,[]
20250720_232627_536,-23,46,46,20.3,20.508420822578245,0.0932374000549316,0.0021042823791503,46,46.0,YOLO,1,32,0.0,20.508420822578245,0.0,[]
20250720_232625_965,-23,46,46,20.3,20.508420822578245,0.1060321331024169,0.0027003288269042,46,46.0,YOLO,1,32,0.0,20.508420822578245,0.0,[]
20250720_232629_394,-23,46,46,20.3,20.508420822578245,0.0959033966064453,0.0027229785919189,46,46.0,YOLO,1,32,0.0,20.508420822578245,0.0,[]
20250720_232626_863,-23,46,46,20.3,20.508420822578245,0.0822188854217529,0.0020680427551269,46,46.0,YOLO,1,32,0.0,20.508420822578245,0.0,[]
20250720_232627_349,-23,46,46,20.3,20.508420822578245,0.0859434604644775,0.0020394325256347,46,46.0,YOLO,1,32,0.0,20.508420822578245,0.0,[]
20250720_232629_494,-23,46,46,20.3,20.508420822578245,0.0986735820770263,0.0023090839385986,46,46.0,YOLO,1,32,0.0,20.508420822578245,0.0,[]
20250720_232626_565,-23,46,46,20.3,20.508420822578245,0.104978322982788,0.002037763595581,46,46.0,YOLO,1,32,0.0,20.508420822578245,0.0,[]
20250720_232626_273,-23,46,46,20.3,20.508420822578245,0.0867218971252441,0.0020663738250732,46,46.0,YOLO,1,32,0.0,20.508420822578245,0.0,[]
20250720_232627_149,-23,46,46,20.3,20.508420822578245,0.0973572731018066,0.0021584033966064,46,46.0,YOLO,1,32,0.0,20.508420822578245,0.0,[]
20250720_232629_195,-23,46,46,20.3,20.508420822578245,0.0955448150634765,0.0021164417266845,46,46.0,YOLO,1,32,0.0,20.508420822578245,0.0,[]
20250720_232626_673,-23,46,46,20.3,20.508420822578245,0.0856838226318359,0.0020868778228759,46,46.0,YOLO,1,32,0.0,20.508420822578245,0.0,[]
20250720_232626_463,-23,46,46,20.3,20.508420822578245,0.0986857414245605,0.0021612644195556,46,46.0,YOLO,1,32,0.0,20.508420822578245,0.0,[]
20250720_232625_665,-23,47,47,21.8,19.21457609187693,0.0992555618286132,0.0021955966949462,47,47.0,YOLO,1,32,0.0,19.21457609187693,0.0,[]
20250720_232626_363,-23,46,46,20.3,20.508420822578245,0.09550142288208,0.0024077892303466,46,46.0,YOLO,1,32,0.0,20.508420822578245,0.0,[]
20250720_232627_250,-23,46,46,20.3,20.508420822578245,0.0956132411956787,0.0021092891693115,46,46.0,YOLO,1,32,0.0,20.508420822578245,0.0,[]
20250720_232628_127,-23,46,46,20.3,20.508420822578245,0.0892939567565918,0.002859354019165,46,46.0,YOLO,1,32,0.0,20.508420822578245,0.0,[]
20250720_232628_994,-23,46,46,20.3,20.508420822578245,0.0954394340515136,0.0028414726257324,46,46.0,YOLO,1,32,0.0,20.508420822578245,0.0,[]
20250720_232628_221,-23,46,46,20.3,20.508420822578245,0.1044685840606689,0.0025372505187988,46,46.0,YOLO,1,32,0.0,20.508420822578245,0.0,[]
20250720_232625_768,-23,47,47,21.8,19.21457609187693,0.095829963684082,0.002122163772583,47,47.0,YOLO,1,32,0.0,19.21457609187693,0.0,[]
20250720_232627_825,-23,46,46,20.3,20.508420822578245,0.0973718166351318,0.0020914077758789,46,46.0,YOLO,1,32,0.0,20.508420822578245,0.0,[]
20250720_232627_733,-23,46,46,20.3,20.508420822578245,0.0885910987854003,0.0021138191223144,46,46.0,YOLO,1,32,0.0,20.508420822578245,0.0,[]
20250720_232628_694,-23,46,46,20.3,20.508420822578245,0.0931677818298339,0.0028896331787109,46,46.0,YOLO,1,32,0.0,20.508420822578245,0.0,[]
20250720_232627_926,-23,46,46,20.3,20.508420822578245,0.107339859008789,0.0024728775024414,46,46.0,YOLO,1,32,0.0,20.508420822578245,0.0,[]
20250720_232631_996,-22,45,45,18.9,20.354599947883244,0.0943291187286377,0.002413272857666,45,45.0,YOLO,1,32,0.0,20.354599947883244,0.0,[]
20250720_232632_380,-22,45,45,18.9,20.354599947883244,0.0912787914276123,0.0020663738250732,45,45.0,YOLO,1,32,0.0,20.354599947883244,0.0,[]
20250720_232633_171,-22,45,45,18.9,20.354599947883244,0.0976841449737548,0.0020272731781005,45,45.0,YOLO,1,32,0.0,20.354599947883244,0.0,[]
20250720_232630_284,-22,45,45,18.9,20.354599947883244,0.1056857109069824,0.0026333332061767,45,45.0,YOLO,1,32,0.0,20.354599947883244,0.0,[]
20250720_232632_094,-22,45,45,18.9,20.354599947883244,0.0965805053710937,0.0021042823791503,45,45.0,YOLO,1,32,0.0,20.354599947883244,0.0,[]
20250720_232632_475,-22,45,45,18.9,20.354599947883244,0.088224172592163,0.0042214393615722,45,45.0,YOLO,1,32,0.0,20.354599947883244,0.0,[]
20250720_232630_692,-22,45,45,18.9,20.354599947883244,0.0911786556243896,0.0029335021972656,45,45.0,YOLO,1,32,0.0,20.354599947883244,0.0,[]
20250720_232632_194,-22,45,45,18.9,20.354599947883244,0.0923836231231689,0.0023195743560791,45,45.0,YOLO,1,32,0.0,20.354599947883244,0.0,[]
20250720_232632_778,-22,45,45,18.9,20.354599947883244,0.0936610698699951,0.0021445751190185,45,45.0,YOLO,1,32,0.0,20.354599947883244,0.0,[]
20250720_232629_797,-22,46,46,20.3,20.10090523937108,0.0919597148895263,0.002777099609375,46,46.0,YOLO,1,32,0.0,20.10090523937108,0.0,[]
20250720_232630_994,-22,45,45,18.9,20.354599947883244,0.0967531204223632,0.0028624534606933,45,45.0,YOLO,1,32,0.0,20.354599947883244,0.0,[]
20250720_232632_290,-22,45,45,18.9,20.354599947883244,0.0861818790435791,0.0020427703857421,45,45.0,YOLO,1,32,0.0,20.354599947883244,0.0,[]
20250720_232631_687,-22,45,45,18.9,20.354599947883244,0.1021151542663574,0.0023982524871826,45,45.0,YOLO,1,32,0.0,20.354599947883244,0.0,[]
20250720_232629_699,-22,46,46,20.3,20.10090523937108,0.0925445556640625,0.00276780128479,46,46.0,YOLO,1,32,0.0,20.10090523937108,0.0,[]
20250720_232633_478,-22,45,45,18.9,20.354599947883244,0.0976643562316894,0.002317190170288,45,45.0,YOLO,1,32,0.0,20.354599947883244,0.0,[]
20250720_232630_788,-22,45,45,18.9,20.354599947883244,0.0925948619842529,0.0028266906738281,45,45.0,YOLO,1,32,0.0,20.354599947883244,0.0,[]
20250720_232630_491,-22,45,45,18.9,20.354599947883244,0.093900442123413,0.0026488304138183,45,45.0,YOLO,1,32,0.0,20.354599947883244,0.0,[]
20250720_232632_975,-22,45,45,18.9,20.354599947883244,0.0946683883666992,0.0021300315856933,45,45.0,YOLO,1,32,0.0,20.354599947883244,0.0,[]
20250720_232631_298,-22,45,45,18.9,20.354599947883244,0.094102144241333,0.0025982856750488,45,45.0,YOLO,1,32,0.0,20.354599947883244,0.0,[]
20250720_232631_492,-22,45,45,18.9,20.354599947883244,0.0964009761810302,0.0024876594543457,45,45.0,YOLO,1,32,0.0,20.354599947883244,0.0,[]
20250720_232630_589,-22,45,45,18.9,20.354599947883244,0.0970087051391601,0.0030486583709716,45,45.0,YOLO,1,32,0.0,20.354599947883244,0.0,[]
20250720_232631_396,-22,45,45,18.9,20.354599947883244,0.0919594764709472,0.002244234085083,45,45.0,YOLO,1,32,0.0,20.354599947883244,0.0,[]
20250720_232632_673,-22,45,45,18.9,20.354599947883244,0.0972716808319091,0.0048742294311523,45,45.0,YOLO,1,32,0.0,20.354599947883244,0.0,[]
20250720_232631_197,-22,45,45,18.9,20.354599947883244,0.0973997116088867,0.002197265625,45,45.0,YOLO,1,32,0.0,20.354599947883244,0.0,[]
20250720_232632_570,-22,45,45,18.9,20.354599947883244,0.0956361293792724,0.0039930343627929,45,45.0,YOLO,1,32,0.0,20.354599947883244,0.0,[]
20250720_232633_073,-22,45,45,18.9,20.354599947883244,0.0941333770751953,0.0023169517517089,45,45.0,YOLO,1,32,0.0,20.354599947883244,0.0,[]
20250720_232631_895,-22,45,45,18.9,20.354599947883244,0.0976595878601074,0.0025010108947753,45,45.0,YOLO,1,32,0.0,20.354599947883244,0.0,[]
20250720_232629_893,-22,45,45,18.9,20.354599947883244,0.0945010185241699,0.00264573097229,45,45.0,YOLO,1,32,0.0,20.354599947883244,0.0,[]
20250720_232633_272,-22,45,45,18.9,20.354599947883244,0.0947165489196777,0.0020496845245361,45,45.0,YOLO,1,32,0.0,20.354599947883244,0.0,[]
20250720_232631_592,-22,45,45,18.9,20.354599947883244,0.0918185710906982,0.0021460056304931,45,45.0,YOLO,1,32,0.0,20.354599947883244,0.0,[]
20250720_232630_886,-22,45,45,18.9,20.354599947883244,0.1036760807037353,0.0028705596923828,45,45.0,YOLO,1,32,0.0,20.354599947883244,0.0,[]
20250720_232633_370,-22,45,45,18.9,20.354599947883244,0.1042287349700927,0.0020172595977783,45,45.0,YOLO,1,32,0.0,20.354599947883244,0.0,[]
20250720_232629_992,-22,45,45,18.9,20.354599947883244,0.0993537902832031,0.0026514530181884,45,45.0,YOLO,1,32,0.0,20.354599947883244,0.0,[]
20250720_232630_096,-22,45,45,18.9,20.354599947883244,0.0926201343536377,0.0026297569274902,45,45.0,YOLO,1,32,0.0,20.354599947883244,0.0,[]
20250720_232630_394,-22,45,45,18.9,20.354599947883244,0.0929682254791259,0.0027289390563964,45,45.0,YOLO,1,32,0.0,20.354599947883244,0.0,[]
20250720_232632_875,-22,45,45,18.9,20.354599947883244,0.0957875251770019,0.0024685859680175,45,45.0,YOLO,1,32,0.0,20.354599947883244,0.0,[]
20250720_232631_096,-22,45,45,18.9,20.354599947883244,0.0955376625061035,0.0029666423797607,45,45.0,YOLO,1,32,0.0,20.354599947883244,0.0,[]
20250720_232630_193,-22,45,45,18.9,20.354599947883244,0.0858356952667236,0.0026557445526123,45,45.0,YOLO,1,32,0.0,20.354599947883244,0.0,[]
20250720_232633_579,-22,45,45,18.9,20.354599947883244,0.1101613044738769,0.0020983219146728,45,45.0,YOLO,1,32,0.0,20.354599947883244,0.0,[]
20250720_232637_089,-21,45,45,18.9,20.14010516567308,0.088987112045288,0.0040059089660644,45,45.0,YOLO,1,32,0.0,20.14010516567308,0.0,[]
20250720_232634_674,-21,45,45,18.9,20.14010516567308,0.0909030437469482,0.0044169425964355,45,45.0,YOLO,1,32,0.0,20.14010516567308,0.0,[]
20250720_232637_282,-21,45,45,18.9,20.14010516567308,0.0867295265197753,0.0019397735595703,45,45.0,YOLO,1,32,0.0,20.14010516567308,0.0,[]
20250720_232634_465,-21,45,45,18.9,20.14010516567308,0.0966734886169433,0.0043082237243652,45,45.0,YOLO,1,32,0.0,20.14010516567308,0.0,[]
20250720_232634_872,-21,45,45,18.9,20.14010516567308,0.093583345413208,0.0040233135223388,45,45.0,YOLO,1,32,0.0,20.14010516567308,0.0,[]
20250720_232634_367,-21,45,45,18.9,20.14010516567308,0.0902297496795654,0.0043413639068603,45,45.0,YOLO,1,32,0.0,20.14010516567308,0.0,[]
20250720_232633_793,-21,45,45,18.9,20.14010516567308,0.0902183055877685,0.0020585060119628,45,45.0,YOLO,1,32,0.0,20.14010516567308,0.0,[]
20250720_232635_370,-21,45,45,18.9,20.14010516567308,0.1011168956756591,0.0022385120391845,45,45.0,YOLO,1,32,0.0,20.14010516567308,0.0,[]
20250720_232636_255,-21,45,45,18.9,20.14010516567308,0.0923678874969482,0.0037364959716796,45,45.0,YOLO,1,32,0.0,20.14010516567308,0.0,[]
20250720_232634_180,-21,44,44,17.4,20.15529590289728,0.088663101196289,0.0020205974578857,44,44.0,YOLO,1,32,0.0,20.15529590289728,0.0,[]
20250720_232636_878,-21,45,45,18.9,20.14010516567308,0.0968270301818847,0.0040311813354492,45,45.0,YOLO,1,32,0.0,20.14010516567308,0.0,[]
20250720_232634_570,-21,45,45,18.9,20.14010516567308,0.0975234508514404,0.0038380622863769,45,45.0,YOLO,1,32,0.0,20.14010516567308,0.0,[]
20250720_232635_475,-21,45,45,18.9,20.14010516567308,0.0876927375793457,0.0021791458129882,45,45.0,YOLO,1,32,0.0,20.14010516567308,0.0,[]
20250720_232635_860,-21,45,45,18.9,20.14010516567308,0.0795493125915527,0.0040712356567382,45,45.0,YOLO,1,32,0.0,20.14010516567308,0.0,[]
20250720_232635_947,-21,45,45,18.9,20.14010516567308,0.0971419811248779,0.0043437480926513,45,45.0,YOLO,1,32,0.0,20.14010516567308,0.0,[]
20250720_232636_772,-21,44,44,17.4,20.15529590289728,0.0989983081817627,0.0040490627288818,44,44.0,YOLO,1,32,0.0,20.15529590289728,0.0,[]
20250720_232633_693,-21,45,45,18.9,20.14010516567308,0.0970091819763183,0.0020413398742675,45,45.0,YOLO,1,32,0.0,20.14010516567308,0.0,[]
20250720_232633_985,-21,44,44,17.4,20.15529590289728,0.0978133678436279,0.0020802021026611,44,44.0,YOLO,1,32,0.0,20.15529590289728,0.0,[]
20250720_232634_272,-21,45,45,18.9,20.14010516567308,0.0919516086578369,0.0021741390228271,45,45.0,YOLO,1,32,0.0,20.14010516567308,0.0,[]
20250720_232635_670,-21,45,45,18.9,20.14010516567308,0.0856304168701171,0.0023226737976074,45,45.0,YOLO,1,32,0.0,20.14010516567308,0.0,[]
20250720_232636_982,-21,44,44,17.4,20.15529590289728,0.1002845764160156,0.0039923191070556,44,44.0,YOLO,1,32,0.0,20.15529590289728,0.0,[]
20250720_232637_185,-21,44,44,17.4,20.15529590289728,0.0922222137451171,0.0027394294738769,44,44.0,YOLO,1,32,0.0,20.15529590289728,0.0,[]
20250720_232636_675,-21,45,45,18.9,20.14010516567308,0.0894436836242675,0.0040268898010253,45,45.0,YOLO,1,32,0.0,20.14010516567308,0.0,[]
20250720_232635_566,-21,45,45,18.9,20.14010516567308,0.1001553535461425,0.0020909309387207,45,45.0,YOLO,1,32,0.0,20.14010516567308,0.0,[]
20250720_232636_567,-21,45,45,18.9,20.14010516567308,0.1015751361846923,0.0040175914764404,45,45.0,YOLO,1,32,0.0,20.14010516567308,0.0,[]
20250720_232635_277,-21,45,45,18.9,20.14010516567308,0.0895190238952636,0.0021886825561523,45,45.0,YOLO,1,32,0.0,20.14010516567308,0.0,[]
20250720_232635_081,-21,45,45,18.9,20.14010516567308,0.0902035236358642,0.0040984153747558,45,45.0,YOLO,1,32,0.0,20.14010516567308,0.0,[]
20250720_232637_580,-21,44,44,17.4,20.15529590289728,0.0904021263122558,0.0021378993988037,44,44.0,YOLO,1,32,0.0,20.15529590289728,0.0,[]
20250720_232636_354,-21,45,45,18.9,20.14010516567308,0.1010186672210693,0.0042488574981689,45,45.0,YOLO,1,32,0.0,20.14010516567308,0.0,[]
20250720_232634_973,-21,45,45,18.9,20.14010516567308,0.1009671688079834,0.004103660583496,45,45.0,YOLO,1,32,0.0,20.14010516567308,0.0,[]
20250720_232637_372,-21,44,44,17.4,20.15529590289728,0.0989413261413574,0.00421142578125,44,44.0,YOLO,1,32,0.0,20.15529590289728,0.0,[]
20250720_232636_051,-21,45,45,18.9,20.14010516567308,0.0903465747833252,0.0043201446533203,45,45.0,YOLO,1,32,0.0,20.14010516567308,0.0,[]
20250720_232637_478,-21,44,44,17.4,20.15529590289728,0.0951976776123046,0.0039365291595458,44,44.0,YOLO,1,32,0.0,20.15529590289728,0.0,[]
20250720_232635_179,-21,45,45,18.9,20.14010516567308,0.0953757762908935,0.0020380020141601,45,45.0,YOLO,1,32,0.0,20.14010516567308,0.0,[]
20250720_232636_149,-21,45,45,18.9,20.14010516567308,0.0980811119079589,0.0043206214904785,45,45.0,YOLO,1,32,0.0,20.14010516567308,0.0,[]
20250720_232634_772,-21,45,45,18.9,20.14010516567308,0.0914945602416992,0.0045781135559082,45,45.0,YOLO,1,32,0.0,20.14010516567308,0.0,[]
20250720_232633_886,-21,45,45,18.9,20.14010516567308,0.0955762863159179,0.0020515918731689,45,45.0,YOLO,1,32,0.0,20.14010516567308,0.0,[]
20250720_232636_462,-21,45,45,18.9,20.14010516567308,0.0969915390014648,0.0041487216949462,45,45.0,YOLO,1,32,0.0,20.14010516567308,0.0,[]
20250720_232635_759,-21,45,45,18.9,20.14010516567308,0.0975739955902099,0.0020778179168701,45,45.0,YOLO,1,32,0.0,20.14010516567308,0.0,[]
20250720_232638_295,-20,44,44,17.4,19.929988490551903,0.1055183410644531,0.0038166046142578,44,44.0,YOLO,1,32,0.0,19.929988490551903,0.0,[]
20250720_232640_272,-20,44,44,17.4,19.929988490551903,0.0942590236663818,0.0043177604675292,44,44.0,YOLO,1,32,0.0,19.929988490551903,0.0,[]
20250720_232638_182,-20,44,44,17.4,19.929988490551903,0.1060385704040527,0.0039560794830322,44,44.0,YOLO,1,32,0.0,19.929988490551903,0.0,[]
20250720_232641_296,-20,44,44,17.4,19.929988490551903,0.0921802520751953,0.0043518543243408,44,44.0,YOLO,1,32,0.0,19.929988490551903,0.0,[]
20250720_232638_921,-20,44,44,17.4,19.929988490551903,0.1036248207092285,0.0040676593780517,44,44.0,YOLO,1,32,0.0,19.929988490551903,0.0,[]
20250720_232639_032,-20,44,44,17.4,19.929988490551903,0.1001489162445068,0.0030295848846435,44,44.0,YOLO,1,32,0.0,19.929988490551903,0.0,[]
20250720_232638_504,-20,44,44,17.4,19.929988490551903,0.1026694774627685,0.0019876956939697,44,44.0,YOLO,1,32,0.0,19.929988490551903,0.0,[]
20250720_232640_688,-20,44,44,17.4,19.929988490551903,0.0930933952331543,0.0040967464447021,44,44.0,YOLO,1,32,0.0,19.929988490551903,0.0,[]
20250720_232640_997,-20,44,44,17.4,19.929988490551903,0.0935781002044677,0.0042812824249267,44,44.0,YOLO,1,32,0.0,19.929988490551903,0.0,[]
20250720_232640_788,-20,44,44,17.4,19.929988490551903,0.0959076881408691,0.0040302276611328,44,44.0,YOLO,1,32,0.0,19.929988490551903,0.0,[]
20250720_232640_585,-20,44,44,17.4,19.929988490551903,0.0956907272338867,0.004108190536499,44,44.0,YOLO,1,32,0.0,19.929988490551903,0.0,[]
20250720_232638_609,-20,44,44,17.4,19.929988490551903,0.099114179611206,0.0039944648742675,44,44.0,YOLO,1,32,0.0,19.929988490551903,0.0,[]
20250720_232638_408,-20,44,44,17.4,19.929988490551903,0.0886545181274414,0.0041449069976806,44,44.0,YOLO,1,32,0.0,19.929988490551903,0.0,[]
20250720_232639_138,-20,44,44,17.4,19.929988490551903,0.0921614170074462,0.0040013790130615,44,44.0,YOLO,1,32,0.0,19.929988490551903,0.0,[]
20250720_232639_749,-20,44,44,17.4,19.929988490551903,0.1074545383453369,0.0040676593780517,44,44.0,YOLO,1,32,0.0,19.929988490551903,0.0,[]
20250720_232641_599,-20,44,44,17.4,19.929988490551903,0.0999279022216796,0.0042009353637695,44,44.0,YOLO,1,32,0.0,19.929988490551903,0.0,[]
20250720_232640_175,-20,44,44,17.4,19.929988490551903,0.0901463031768798,0.0040690898895263,44,44.0,YOLO,1,32,0.0,19.929988490551903,0.0,[]
20250720_232641_396,-20,44,44,17.4,19.929988490551903,0.0927202701568603,0.0042471885681152,44,44.0,YOLO,1,32,0.0,19.929988490551903,0.0,[]
20250720_232638_716,-20,44,44,17.4,19.929988490551903,0.094919204711914,0.0043170452117919,44,44.0,YOLO,1,32,0.0,19.929988490551903,0.0,[]
20250720_232639_543,-20,44,44,17.4,19.929988490551903,0.0975022315979003,0.0043761730194091,44,44.0,YOLO,1,32,0.0,19.929988490551903,0.0,[]
20250720_232639_863,-20,44,44,17.4,19.929988490551903,0.0980143547058105,0.0042757987976074,44,44.0,YOLO,1,32,0.0,19.929988490551903,0.0,[]
20250720_232641_496,-20,44,44,17.4,19.929988490551903,0.096534252166748,0.0039598941802978,44,44.0,YOLO,1,32,0.0,19.929988490551903,0.0,[]
20250720_232637_880,-20,44,44,17.4,19.929988490551903,0.0963752269744873,0.0028004646301269,44,44.0,YOLO,1,32,0.0,19.929988490551903,0.0,[]
20250720_232639_438,-20,44,44,17.4,19.929988490551903,0.0975263118743896,0.0044789314270019,44,44.0,YOLO,1,32,0.0,19.929988490551903,0.0,[]
20250720_232638_818,-20,44,44,17.4,19.929988490551903,0.0983633995056152,0.0028445720672607,44,44.0,YOLO,1,32,0.0,19.929988490551903,0.0,[]
20250720_232641_099,-20,44,44,17.4,19.929988490551903,0.0876209735870361,0.0043277740478515,44,44.0,YOLO,1,32,0.0,19.929988490551903,0.0,[]
20250720_232639_648,-20,44,44,17.4,19.929988490551903,0.0926558971405029,0.0044376850128173,44,44.0,YOLO,1,32,0.0,19.929988490551903,0.0,[]
20250720_232640_374,-20,44,44,17.4,19.929988490551903,0.0983772277832031,0.0042917728424072,44,44.0,YOLO,1,32,0.0,19.929988490551903,0.0,[]
20250720_232640_480,-20,44,44,17.4,19.929988490551903,0.0971896648406982,0.0047593116760253,44,44.0,YOLO,1,32,0.0,19.929988490551903,0.0,[]
20250720_232639_339,-20,44,44,17.4,19.929988490551903,0.0918500423431396,0.0042917728424072,44,44.0,YOLO,1,32,0.0,19.929988490551903,0.0,[]
20250720_232637_772,-20,44,44,17.4,19.929988490551903,0.1021795272827148,0.0034887790679931,44,44.0,YOLO,1,32,0.0,19.929988490551903,0.0,[]
20250720_232639_969,-20,44,44,17.4,19.929988490551903,0.0994763374328613,0.0044929981231689,44,44.0,YOLO,1,32,0.0,19.929988490551903,0.0,[]
20250720_232641_194,-20,44,44,17.4,19.929988490551903,0.0947897434234619,0.0044078826904296,44,44.0,YOLO,1,32,0.0,19.929988490551903,0.0,[]
20250720_232640_076,-20,44,44,17.4,19.929988490551903,0.0919616222381591,0.004061222076416,44,44.0,YOLO,1,32,0.0,19.929988490551903,0.0,[]
20250720_232639_237,-20,44,44,17.4,19.929988490551903,0.0950038433074951,0.0039896965026855,44,44.0,YOLO,1,32,0.0,19.929988490551903,0.0,[]
20250720_232637_981,-20,44,44,17.4,19.929988490551903,0.093604564666748,0.0019700527191162,44,44.0,YOLO,1,32,0.0,19.929988490551903,0.0,[]
20250720_232638_078,-20,44,44,17.4,19.929988490551903,0.0966346263885498,0.0048160552978515,44,44.0,YOLO,1,32,0.0,19.929988490551903,0.0,[]
20250720_232637_674,-20,44,44,17.4,19.929988490551903,0.0930900573730468,0.0025370121002197,44,44.0,YOLO,1,32,0.0,19.929988490551903,0.0,[]
20250720_232640_891,-20,44,44,17.4,19.929988490551903,0.0989851951599121,0.0043363571166992,44,44.0,YOLO,1,32,0.0,19.929988490551903,0.0,[]
20250720_232643_533,-19,43,43,16.0,20.44929433344545,0.098468542098999,0.0040795803070068,43,43.0,YOLO,1,32,0.0,20.44929433344545,0.0,[]
20250720_232644_849,-19,43,43,16.0,20.44929433344545,0.1002395153045654,0.0034430027008056,43,43.0,YOLO,1,32,0.0,20.44929433344545,0.0,[]
20250720_232641_804,-19,44,44,17.4,19.725712090300703,0.0907847881317138,0.0043230056762695,44,44.0,YOLO,1,32,0.0,19.725712090300703,0.0,[]
20250720_232642_934,-19,43,43,16.0,20.44929433344545,0.0932440757751464,0.0040335655212402,43,43.0,YOLO,1,32,0.0,20.44929433344545,0.0,[]
20250720_232642_203,-19,43,43,16.0,20.44929433344545,0.0924940109252929,0.0043947696685791,43,43.0,YOLO,1,32,0.0,20.44929433344545,0.0,[]
20250720_232643_142,-19,43,43,16.0,20.44929433344545,0.0958096981048584,0.0042979717254638,43,43.0,YOLO,1,32,0.0,20.44929433344545,0.0,[]
20250720_232644_956,-19,43,43,16.0,20.44929433344545,0.0958240032196044,0.0046103000640869,43,43.0,YOLO,1,32,0.0,20.44929433344545,0.0,[]
20250720_232645_372,-19,43,43,16.0,20.44929433344545,0.100398302078247,0.0042939186096191,43,43.0,YOLO,1,32,0.0,20.44929433344545,0.0,[]
20250720_232645_480,-19,43,43,16.0,20.44929433344545,0.0883474349975586,0.0044193267822265,43,43.0,YOLO,1,32,0.0,20.44929433344545,0.0,[]
20250720_232643_035,-19,43,43,16.0,20.44929433344545,0.0974903106689453,0.0057761669158935,43,43.0,YOLO,1,32,0.0,20.44929433344545,0.0,[]
20250720_232641_706,-19,44,44,17.4,19.725712090300703,0.0898704528808593,0.0043327808380126,44,44.0,YOLO,1,32,0.0,19.725712090300703,0.0,[]
20250720_232642_823,-19,43,43,16.0,20.44929433344545,0.1041657924652099,0.0040819644927978,43,43.0,YOLO,1,32,0.0,20.44929433344545,0.0,[]
20250720_232644_451,-19,43,43,16.0,20.44929433344545,0.0894451141357421,0.003159761428833,43,43.0,YOLO,1,32,0.0,20.44929433344545,0.0,[]
20250720_232643_638,-19,43,43,16.0,20.44929433344545,0.1006677150726318,0.0040137767791748,43,43.0,YOLO,1,32,0.0,20.44929433344545,0.0,[]
20250720_232642_406,-19,43,43,16.0,20.44929433344545,0.0951275825500488,0.0040094852447509,43,43.0,YOLO,1,32,0.0,20.44929433344545,0.0,[]
20250720_232645_270,-19,43,43,16.0,20.44929433344545,0.0946922302246093,0.0039925575256347,43,43.0,YOLO,1,32,0.0,20.44929433344545,0.0,[]
20250720_232643_838,-19,43,43,16.0,20.44929433344545,0.0943300724029541,0.0038824081420898,43,43.0,YOLO,1,32,0.0,20.44929433344545,0.0,[]
20250720_232643_436,-19,43,43,16.0,20.44929433344545,0.0897693634033203,0.0040922164916992,43,43.0,YOLO,1,32,0.0,20.44929433344545,0.0,[]
20250720_232644_354,-19,43,43,16.0,20.44929433344545,0.0898439884185791,0.0042724609375,43,43.0,YOLO,1,32,0.0,20.44929433344545,0.0,[]
20250720_232643_245,-19,43,43,16.0,20.44929433344545,0.0862271785736084,0.0043642520904541,43,43.0,YOLO,1,32,0.0,20.44929433344545,0.0,[]
20250720_232643_939,-19,43,43,16.0,20.44929433344545,0.0926539897918701,0.0028252601623535,43,43.0,YOLO,1,32,0.0,20.44929433344545,0.0,[]
20250720_232643_339,-19,43,43,16.0,20.44929433344545,0.0902848243713378,0.0041975975036621,43,43.0,YOLO,1,32,0.0,20.44929433344545,0.0,[]
20250720_232641_902,-19,43,43,16.0,20.44929433344545,0.0925281047821044,0.004340648651123,43,43.0,YOLO,1,32,0.0,20.44929433344545,0.0,[]
20250720_232642_509,-19,43,43,16.0,20.44929433344545,0.1014540195465087,0.0039706230163574,43,43.0,YOLO,1,32,0.0,20.44929433344545,0.0,[]
20250720_232642_105,-19,43,43,16.0,20.44929433344545,0.0913574695587158,0.0040729045867919,43,43.0,YOLO,1,32,0.0,20.44929433344545,0.0,[]
20250720_232645_576,-19,43,43,16.0,20.44929433344545,0.0947949886322021,0.004392385482788,43,43.0,YOLO,1,32,0.0,20.44929433344545,0.0,[]
20250720_232644_760,-19,43,43,16.0,20.44929433344545,0.086552619934082,0.0019359588623046,43,43.0,YOLO,1,32,0.0,20.44929433344545,0.0,[]
20250720_232644_650,-19,43,43,16.0,20.44929433344545,0.1015543937683105,0.0045785903930664,43,43.0,YOLO,1,32,0.0,20.44929433344545,0.0,[]
20250720_232643_746,-19,43,43,16.0,20.44929433344545,0.0858197212219238,0.0039906501770019,43,43.0,YOLO,1,32,0.0,20.44929433344545,0.0,[]
20250720_232644_146,-19,43,43,16.0,20.44929433344545,0.0990617275238037,0.0043919086456298,43,43.0,YOLO,1,32,0.0,20.44929433344545,0.0,[]
20250720_232645_165,-19,43,43,16.0,20.44929433344545,0.0987615585327148,0.003995656967163,43,43.0,YOLO,1,32,0.0,20.44929433344545,0.0,[]
20250720_232644_037,-19,43,43,16.0,20.44929433344545,0.1037197113037109,0.0034291744232177,43,43.0,YOLO,1,32,0.0,20.44929433344545,0.0,[]
20250720_232644_546,-19,43,43,16.0,20.44929433344545,0.0971682071685791,0.0040867328643798,43,43.0,YOLO,1,32,0.0,20.44929433344545,0.0,[]
20250720_232642_726,-19,43,43,16.0,20.44929433344545,0.0893604755401611,0.0040514469146728,43,43.0,YOLO,1,32,0.0,20.44929433344545,0.0,[]
20250720_232642_003,-19,43,43,16.0,20.44929433344545,0.0945446491241455,0.004305362701416,43,43.0,YOLO,1,32,0.0,20.44929433344545,0.0,[]
20250720_232642_304,-19,43,43,16.0,20.44929433344545,0.0962402820587158,0.0036697387695312,43,43.0,YOLO,1,32,0.0,20.44929433344545,0.0,[]
20250720_232645_059,-19,43,43,16.0,20.44929433344545,0.0986528396606445,0.0039887428283691,43,43.0,YOLO,1,32,0.0,20.44929433344545,0.0,[]
20250720_232644_253,-19,43,43,16.0,20.44929433344545,0.094398021697998,0.0039818286895751,43,43.0,YOLO,1,32,0.0,20.44929433344545,0.0,[]
20250720_232642_617,-19,43,43,16.0,20.44929433344545,0.1020007133483886,0.0040974617004394,43,43.0,YOLO,1,32,0.0,20.44929433344545,0.0,[]
20250720_232645_678,-18,43,43,16.0,20.02549559143135,0.0931756496429443,0.0042290687561035,43,43.0,YOLO,1,32,0.0,20.02549559143135,0.0,[]
20250720_232648_325,-18,42,42,14.5,20.354345977057847,0.1021125316619873,0.0044949054718017,42,42.0,YOLO,1,32,0.0,20.354345977057847,0.0,[]
20250720_232646_395,-18,42,42,14.5,20.354345977057847,0.0973346233367919,0.0043249130249023,42,42.0,YOLO,1,32,0.0,20.354345977057847,0.0,[]
20250720_232645_779,-18,43,43,16.0,20.02549559143135,0.0952661037445068,0.0043311119079589,43,43.0,YOLO,1,32,0.0,20.02549559143135,0.0,[]
20250720_232646_185,-18,42,42,14.5,20.354345977057847,0.098299503326416,0.0043380260467529,42,42.0,YOLO,1,32,0.0,20.354345977057847,0.0,[]
20250720_232648_857,-18,42,42,14.5,20.354345977057847,0.0916965007781982,0.0040652751922607,42,42.0,YOLO,1,32,0.0,20.354345977057847,0.0,[]
20250720_232646_697,-18,42,42,14.5,20.354345977057847,0.095172643661499,0.0043356418609619,42,42.0,YOLO,1,32,0.0,20.354345977057847,0.0,[]
20250720_232648_646,-18,42,42,14.5,20.354345977057847,0.1021132469177246,0.0043063163757324,42,42.0,YOLO,1,32,0.0,20.354345977057847,0.0,[]
20250720_232647_921,-18,43,43,16.0,20.02549559143135,0.0899796485900878,0.004345417022705,43,43.0,YOLO,1,32,0.0,20.02549559143135,0.0,[]
20250720_232649_586,-18,42,42,14.5,20.354345977057847,0.0980076789855957,0.0039131641387939,42,42.0,YOLO,1,32,0.0,20.354345977057847,0.0,[]
20250720_232647_413,-18,43,43,16.0,20.02549559143135,0.0958266258239746,0.0040333271026611,43,43.0,YOLO,1,32,0.0,20.02549559143135,0.0,[]
20250720_232647_312,-18,43,43,16.0,20.02549559143135,0.0932395458221435,0.0042533874511718,43,43.0,YOLO,1,32,0.0,20.02549559143135,0.0,[]
20250720_232648_540,-18,42,42,14.5,20.354345977057847,0.0977942943572998,0.0044796466827392,42,42.0,YOLO,1,32,0.0,20.354345977057847,0.0,[]
20250720_232646_600,-18,42,42,14.5,20.354345977057847,0.0898406505584716,0.004286766052246,42,42.0,YOLO,1,32,0.0,20.354345977057847,0.0,[]
20250720_232649_472,-18,42,42,14.5,20.354345977057847,0.1066646575927734,0.003995656967163,42,42.0,YOLO,1,32,0.0,20.354345977057847,0.0,[]
20250720_232649_379,-18,42,42,14.5,20.354345977057847,0.0860788822174072,0.0039811134338378,42,42.0,YOLO,1,32,0.0,20.354345977057847,0.0,[]
20250720_232648_755,-18,42,42,14.5,20.354345977057847,0.0956795215606689,0.0042879581451416,42,42.0,YOLO,1,32,0.0,20.354345977057847,0.0,[]
20250720_232648_019,-18,42,42,14.5,20.354345977057847,0.0869309902191162,0.0044043064117431,42,42.0,YOLO,1,32,0.0,20.354345977057847,0.0,[]
20250720_232645_987,-18,42,42,14.5,20.354345977057847,0.0896821022033691,0.0044004917144775,42,42.0,YOLO,1,32,0.0,20.354345977057847,0.0,[]
20250720_232648_956,-18,42,42,14.5,20.354345977057847,0.0968363285064697,0.0042259693145751,42,42.0,YOLO,1,32,0.0,20.354345977057847,0.0,[]
20250720_232645_882,-18,42,42,14.5,20.354345977057847,0.0978641510009765,0.0043132305145263,42,42.0,YOLO,1,32,0.0,20.354345977057847,0.0,[]
20250720_232646_083,-18,42,42,14.5,20.354345977057847,0.0948820114135742,0.0043520927429199,42,42.0,YOLO,1,32,0.0,20.354345977057847,0.0,[]
20250720_232647_722,-18,43,43,16.0,20.02549559143135,0.1010744571685791,0.0043306350708007,43,43.0,YOLO,1,32,0.0,20.02549559143135,0.0,[]
20250720_232647_206,-18,43,43,16.0,20.02549559143135,0.0984759330749511,0.004439353942871,43,43.0,YOLO,1,32,0.0,20.02549559143135,0.0,[]
20250720_232647_104,-18,43,43,16.0,20.02549559143135,0.0944423675537109,0.0043146610260009,43,43.0,YOLO,1,32,0.0,20.02549559143135,0.0,[]
20250720_232648_219,-18,42,42,14.5,20.354345977057847,0.097893476486206,0.0043449401855468,42,42.0,YOLO,1,32,0.0,20.354345977057847,0.0,[]
20250720_232649_060,-18,42,42,14.5,20.354345977057847,0.0970129966735839,0.0036637783050537,42,42.0,YOLO,1,32,0.0,20.354345977057847,0.0,[]
20250720_232647_618,-18,43,43,16.0,20.02549559143135,0.0959212779998779,0.0043699741363525,43,43.0,YOLO,1,32,0.0,20.02549559143135,0.0,[]
20250720_232646_999,-18,43,43,16.0,20.02549559143135,0.0970735549926757,0.0047526359558105,43,43.0,YOLO,1,32,0.0,20.02549559143135,0.0,[]
20250720_232648_434,-18,42,42,14.5,20.354345977057847,0.0977194309234619,0.0045042037963867,42,42.0,YOLO,1,32,0.0,20.354345977057847,0.0,[]
20250720_232646_291,-18,42,42,14.5,20.354345977057847,0.0947980880737304,0.0050470829010009,42,42.0,YOLO,1,32,0.0,20.354345977057847,0.0,[]
20250720_232646_499,-18,42,42,14.5,20.354345977057847,0.0937926769256591,0.0041251182556152,42,42.0,YOLO,1,32,0.0,20.354345977057847,0.0,[]
20250720_232649_163,-18,42,42,14.5,20.354345977057847,0.0962510108947753,0.0039997100830078,42,42.0,YOLO,1,32,0.0,20.354345977057847,0.0,[]
20250720_232649_266,-18,42,42,14.5,20.354345977057847,0.105334997177124,0.0043604373931884,42,42.0,YOLO,1,32,0.0,20.354345977057847,0.0,[]
20250720_232646_800,-18,42,42,14.5,20.354345977057847,0.0947046279907226,0.0042586326599121,42,42.0,YOLO,1,32,0.0,20.354345977057847,0.0,[]
20250720_232647_516,-18,43,43,16.0,20.02549559143135,0.094738483428955,0.0040409564971923,43,43.0,YOLO,1,32,0.0,20.02549559143135,0.0,[]
20250720_232646_902,-18,43,43,16.0,20.02549559143135,0.0915982723236084,0.0039277076721191,43,43.0,YOLO,1,32,0.0,20.02549559143135,0.0,[]
20250720_232647_830,-18,43,43,16.0,20.02549559143135,0.0855674743652343,0.0026044845581054,43,43.0,YOLO,1,32,0.0,20.02549559143135,0.0,[]
20250720_232648_114,-18,42,42,14.5,20.354345977057847,0.09749436378479,0.0043737888336181,42,42.0,YOLO,1,32,0.0,20.354345977057847,0.0,[]
20250720_232652_029,-17,42,42,14.5,19.98588872229529,0.0957121849060058,0.005328893661499,42,42.0,YOLO,1,32,0.0,19.98588872229529,0.0,[]
20250720_232652_132,-17,42,42,14.5,19.98588872229529,0.0975351333618164,0.0043761730194091,42,42.0,YOLO,1,32,0.0,19.98588872229529,0.0,[]
20250720_232652_747,-17,42,42,14.5,19.98588872229529,0.0943930149078369,0.0045790672302246,42,42.0,YOLO,1,32,0.0,19.98588872229529,0.0,[]
20250720_232651_816,-17,42,42,14.5,19.98588872229529,0.0994637012481689,0.0043666362762451,42,42.0,YOLO,1,32,0.0,19.98588872229529,0.0,[]
20250720_232652_444,-17,42,42,14.5,19.98588872229529,0.0928606986999511,0.0043537616729736,42,42.0,YOLO,1,32,0.0,19.98588872229529,0.0,[]
20250720_232653_064,-17,42,42,14.5,19.98588872229529,0.0902042388916015,0.0043575763702392,42,42.0,YOLO,1,32,0.0,19.98588872229529,0.0,[]
20250720_232650_717,-17,42,42,14.5,19.98588872229529,0.0921506881713867,0.0043230056762695,42,42.0,YOLO,1,32,0.0,19.98588872229529,0.0,[]
20250720_232653_463,-17,42,42,14.5,19.98588872229529,0.1002960205078125,0.0045340061187744,42,42.0,YOLO,1,32,0.0,19.98588872229529,0.0,[]
20250720_232651_419,-17,42,42,14.5,19.98588872229529,0.0928292274475097,0.0043156147003173,42,42.0,YOLO,1,32,0.0,19.98588872229529,0.0,[]
20250720_232652_850,-17,42,42,14.5,19.98588872229529,0.1030607223510742,0.0041074752807617,42,42.0,YOLO,1,32,0.0,19.98588872229529,0.0,[]
20250720_232651_114,-17,42,42,14.5,19.98588872229529,0.0968115329742431,0.0043621063232421,42,42.0,YOLO,1,32,0.0,19.98588872229529,0.0,[]
20250720_232651_010,-17,42,42,14.5,19.98588872229529,0.0954029560089111,0.0044424533843994,42,42.0,YOLO,1,32,0.0,19.98588872229529,0.0,[]
20250720_232649_896,-17,42,42,14.5,19.98588872229529,0.0991716384887695,0.0043377876281738,42,42.0,YOLO,1,32,0.0,19.98588872229529,0.0,[]
20250720_232650_817,-17,42,42,14.5,19.98588872229529,0.090937852859497,0.0044200420379638,42,42.0,YOLO,1,32,0.0,19.98588872229529,0.0,[]
20250720_232652_960,-17,42,42,14.5,19.98588872229529,0.0954751968383789,0.0043299198150634,42,42.0,YOLO,1,32,0.0,19.98588872229529,0.0,[]
20250720_232651_711,-17,42,42,14.5,19.98588872229529,0.097529649734497,0.0043754577636718,42,42.0,YOLO,1,32,0.0,19.98588872229529,0.0,[]
20250720_232650_003,-17,42,42,14.5,19.98588872229529,0.0957307815551757,0.0044615268707275,42,42.0,YOLO,1,32,0.0,19.98588872229529,0.0,[]
20250720_232651_923,-17,42,42,14.5,19.98588872229529,0.0989408493041992,0.0044162273406982,42,42.0,YOLO,1,32,0.0,19.98588872229529,0.0,[]
20250720_232653_262,-17,42,42,14.5,19.98588872229529,0.0890684127807617,0.0043039321899414,42,42.0,YOLO,1,32,0.0,19.98588872229529,0.0,[]
20250720_232653_358,-17,42,42,14.5,19.98588872229529,0.097301959991455,0.0043497085571289,42,42.0,YOLO,1,32,0.0,19.98588872229529,0.0,[]
20250720_232651_614,-17,42,42,14.5,19.98588872229529,0.0895628929138183,0.0042474269866943,42,42.0,YOLO,1,32,0.0,19.98588872229529,0.0,[]
20250720_232649_689,-17,42,42,14.5,19.98588872229529,0.0947127342224121,0.0042948722839355,42,42.0,YOLO,1,32,0.0,19.98588872229529,0.0,[]
20250720_232653_162,-17,42,42,14.5,19.98588872229529,0.0926883220672607,0.0044074058532714,42,42.0,YOLO,1,32,0.0,19.98588872229529,0.0,[]
20250720_232651_218,-17,42,42,14.5,19.98588872229529,0.0943150520324707,0.0043165683746337,42,42.0,YOLO,1,32,0.0,19.98588872229529,0.0,[]
20250720_232650_420,-17,42,42,14.5,19.98588872229529,0.0956778526306152,0.0043458938598632,42,42.0,YOLO,1,32,0.0,19.98588872229529,0.0,[]
20250720_232651_519,-17,42,42,14.5,19.98588872229529,0.0876235961914062,0.0039682388305664,42,42.0,YOLO,1,32,0.0,19.98588872229529,0.0,[]
20250720_232650_211,-17,41,41,13.1,20.432737006032724,0.0973262786865234,0.0043814182281494,41,41.0,YOLO,1,32,0.0,20.432737006032724,0.0,[]
20250720_232652_641,-17,42,42,14.5,19.98588872229529,0.0981221199035644,0.0043272972106933,42,42.0,YOLO,1,32,0.0,19.98588872229529,0.0,[]
20250720_232652_544,-17,42,42,14.5,19.98588872229529,0.0897378921508789,0.0043630599975585,42,42.0,YOLO,1,32,0.0,19.98588872229529,0.0,[]
20250720_232650_106,-17,42,42,14.5,19.98588872229529,0.097254991531372,0.0041689872741699,42,42.0,YOLO,1,32,0.0,19.98588872229529,0.0,[]
20250720_232649_791,-17,43,43,16.0,19.280545132616552,0.0975165367126464,0.0042259693145751,43,43.0,YOLO,1,32,0.0,19.280545132616552,0.0,[]
20250720_232652_237,-17,42,42,14.5,19.98588872229529,0.0984864234924316,0.0040614604949951,42,42.0,YOLO,1,32,0.0,19.98588872229529,0.0,[]
20250720_232652_343,-17,42,42,14.5,19.98588872229529,0.0931782722473144,0.0044138431549072,42,42.0,YOLO,1,32,0.0,19.98588872229529,0.0,[]
20250720_232653_570,-17,42,42,14.5,19.98588872229529,0.1007618904113769,0.0042221546173095,42,42.0,YOLO,1,32,0.0,19.98588872229529,0.0,[]
20250720_232650_915,-17,42,42,14.5,19.98588872229529,0.0872094631195068,0.0044124126434326,42,42.0,YOLO,1,32,0.0,19.98588872229529,0.0,[]
20250720_232650_316,-17,42,42,14.5,19.98588872229529,0.0964658260345459,0.0043752193450927,42,42.0,YOLO,1,32,0.0,19.98588872229529,0.0,[]
20250720_232651_320,-17,42,42,14.5,19.98588872229529,0.0912749767303466,0.004359483718872,42,42.0,YOLO,1,32,0.0,19.98588872229529,0.0,[]
20250720_232650_620,-17,42,42,14.5,19.98588872229529,0.0898976325988769,0.0044367313385009,42,42.0,YOLO,1,32,0.0,19.98588872229529,0.0,[]
20250720_232650_523,-17,42,42,14.5,19.98588872229529,0.0891845226287841,0.0043814182281494,42,42.0,YOLO,1,32,0.0,19.98588872229529,0.0,[]
20250720_232656_601,-16,41,41,13.1,20.432803748092795,0.0915179252624511,0.0043017864227294,41,41.0,YOLO,1,32,0.0,20.432803748092795,0.0,[]
20250720_232655_445,-16,41,41,13.1,20.432803748092795,0.0955569744110107,0.0043771266937255,41,41.0,YOLO,1,32,0.0,20.432803748092795,0.0,[]
20250720_232654_622,-16,41,41,13.1,20.432803748092795,0.0910823345184326,0.0044116973876953,41,41.0,YOLO,1,32,0.0,20.432803748092795,0.0,[]
20250720_232655_548,-16,41,41,13.1,20.432803748092795,0.0926375389099121,0.0048017501831054,41,41.0,YOLO,1,32,0.0,20.432803748092795,0.0,[]
20250720_232655_965,-16,41,41,13.1,20.432803748092795,0.0939164161682128,0.0043745040893554,41,41.0,YOLO,1,32,0.0,20.432803748092795,0.0,[]
20250720_232657_426,-16,41,41,13.1,20.432803748092795,0.0992598533630371,0.0043232440948486,41,41.0,YOLO,1,32,0.0,20.432803748092795,0.0,[]
20250720_232656_282,-16,41,41,13.1,20.432803748092795,0.0955801010131836,0.0041193962097167,41,41.0,YOLO,1,32,0.0,20.432803748092795,0.0,[]
20250720_232654_315,-16,41,41,13.1,20.432803748092795,0.0903196334838867,0.0039830207824707,41,41.0,YOLO,1,32,0.0,20.432803748092795,0.0,[]
20250720_232653_782,-16,42,42,14.5,19.42798830172086,0.10123872756958,0.0045483112335205,42,42.0,YOLO,1,32,0.0,19.42798830172086,0.0,[]
20250720_232654_523,-16,41,41,13.1,20.432803748092795,0.0919015407562255,0.0043115615844726,41,41.0,YOLO,1,32,0.0,20.432803748092795,0.0,[]
20250720_232655_025,-16,41,41,13.1,20.432803748092795,0.098095417022705,0.0043332576751708,41,41.0,YOLO,1,32,0.0,20.432803748092795,0.0,[]
20250720_232657_634,-16,41,41,13.1,20.432803748092795,0.0972628593444824,0.0044472217559814,41,41.0,YOLO,1,32,0.0,20.432803748092795,0.0,[]
20250720_232657_220,-16,41,41,13.1,20.432803748092795,0.096649169921875,0.0041093826293945,41,41.0,YOLO,1,32,0.0,20.432803748092795,0.0,[]
20250720_232653_995,-16,41,41,13.1,20.432803748092795,0.0995094776153564,0.003974437713623,41,41.0,YOLO,1,32,0.0,20.432803748092795,0.0,[]
20250720_232654_101,-16,41,41,13.1,20.432803748092795,0.1017978191375732,0.0039961338043212,41,41.0,YOLO,1,32,0.0,20.432803748092795,0.0,[]
20250720_232655_859,-16,41,41,13.1,20.432803748092795,0.0997829437255859,0.0040066242218017,41,41.0,YOLO,1,32,0.0,20.432803748092795,0.0,[]
20250720_232654_721,-16,41,41,13.1,20.432803748092795,0.0973942279815673,0.0043718814849853,41,41.0,YOLO,1,32,0.0,20.432803748092795,0.0,[]
20250720_232655_235,-16,41,41,13.1,20.432803748092795,0.0963029861450195,0.0044319629669189,41,41.0,YOLO,1,32,0.0,20.432803748092795,0.0,[]
20250720_232655_131,-16,41,41,13.1,20.432803748092795,0.0965118408203125,0.0043938159942626,41,41.0,YOLO,1,32,0.0,20.432803748092795,0.0,[]
20250720_232656_385,-16,41,41,13.1,20.432803748092795,0.1065020561218261,0.0042066574096679,41,41.0,YOLO,1,32,0.0,20.432803748092795,0.0,[]
20250720_232657_120,-16,41,41,13.1,20.432803748092795,0.0924592018127441,0.0044116973876953,41,41.0,YOLO,1,32,0.0,20.432803748092795,0.0,[]
20250720_232654_826,-16,41,41,13.1,20.432803748092795,0.0902256965637207,0.0042462348937988,41,41.0,YOLO,1,32,0.0,20.432803748092795,0.0,[]
20250720_232656_912,-16,41,41,13.1,20.432803748092795,0.0988249778747558,0.0044107437133789,41,41.0,YOLO,1,32,0.0,20.432803748092795,0.0,[]
20250720_232655_751,-16,41,41,13.1,20.432803748092795,0.0999722480773925,0.0043509006500244,41,41.0,YOLO,1,32,0.0,20.432803748092795,0.0,[]
20250720_232654_210,-16,41,41,13.1,20.432803748092795,0.0978050231933593,0.0042083263397216,41,41.0,YOLO,1,32,0.0,20.432803748092795,0.0,[]
20250720_232657_324,-16,41,41,13.1,20.432803748092795,0.0944750308990478,0.0041573047637939,41,41.0,YOLO,1,32,0.0,20.432803748092795,0.0,[]
20250720_232656_067,-16,41,41,13.1,20.432803748092795,0.1087024211883544,0.0045700073242187,41,41.0,YOLO,1,32,0.0,20.432803748092795,0.0,[]
20250720_232656_814,-16,41,41,13.1,20.432803748092795,0.0903542041778564,0.0044116973876953,41,41.0,YOLO,1,32,0.0,20.432803748092795,0.0,[]
20250720_232655_339,-16,41,41,13.1,20.432803748092795,0.0983800888061523,0.0044395923614501,41,41.0,YOLO,1,32,0.0,20.432803748092795,0.0,[]
20250720_232657_018,-16,41,41,13.1,20.432803748092795,0.094775915145874,0.0044105052947998,41,41.0,YOLO,1,32,0.0,20.432803748092795,0.0,[]
20250720_232656_182,-16,41,41,13.1,20.432803748092795,0.0934882164001464,0.0041229724884033,41,41.0,YOLO,1,32,0.0,20.432803748092795,0.0,[]
20250720_232656_700,-16,41,41,13.1,20.432803748092795,0.1058290004730224,0.0044233798980712,41,41.0,YOLO,1,32,0.0,20.432803748092795,0.0,[]
20250720_232657_533,-16,41,41,13.1,20.432803748092795,0.093686819076538,0.0042500495910644,41,41.0,YOLO,1,32,0.0,20.432803748092795,0.0,[]
20250720_232654_923,-16,41,41,13.1,20.432803748092795,0.0939321517944336,0.004373550415039,41,41.0,YOLO,1,32,0.0,20.432803748092795,0.0,[]
20250720_232653_891,-16,41,41,13.1,20.432803748092795,0.0956482887268066,0.0043616294860839,41,41.0,YOLO,1,32,0.0,20.432803748092795,0.0,[]
20250720_232653_678,-16,42,42,14.5,19.42798830172086,0.0965702533721923,0.0043606758117675,42,42.0,YOLO,1,32,0.0,19.42798830172086,0.0,[]
20250720_232654_412,-16,41,41,13.1,20.432803748092795,0.1042981147766113,0.0043885707855224,41,41.0,YOLO,1,32,0.0,20.432803748092795,0.0,[]
20250720_232656_499,-16,41,41,13.1,20.432803748092795,0.0946483612060546,0.0044748783111572,41,41.0,YOLO,1,32,0.0,20.432803748092795,0.0,[]
20250720_232655_649,-16,41,41,13.1,20.432803748092795,0.0946366786956787,0.0043888092041015,41,41.0,YOLO,1,32,0.0,20.432803748092795,0.0,[]
20250720_232705_256,-14,40,40,11.6,20.684931335855552,0.0914702415466308,0.0043628215789794,40,40.0,YOLO,1,32,0.0,20.684931335855552,0.0,[]
20250720_232705_355,-14,40,40,11.6,20.684931335855552,0.0916380882263183,0.0040452480316162,40,40.0,YOLO,1,32,0.0,20.684931335855552,0.0,[]
20250720_232703_079,-14,40,40,11.6,20.684931335855552,0.0982062816619873,0.0043153762817382,40,40.0,YOLO,1,32,0.0,20.684931335855552,0.0,[]
20250720_232702_261,-14,40,40,11.6,20.684931335855552,0.0905163288116455,0.0042879581451416,40,40.0,YOLO,1,32,0.0,20.684931335855552,0.0,[]
20250720_232705_055,-14,40,40,11.6,20.684931335855552,0.0936198234558105,0.0043976306915283,40,40.0,YOLO,1,32,0.0,20.684931335855552,0.0,[]
20250720_232703_499,-14,40,40,11.6,20.684931335855552,0.0991060733795166,0.0037050247192382,40,40.0,YOLO,1,32,0.0,20.684931335855552,0.0,[]
20250720_232704_953,-14,39,39,10.2,20.76877690563053,0.0953454971313476,0.0040793418884277,39,39.0,YOLO,1,32,0.0,20.76877690563053,0.0,[]
20250720_232704_439,-14,39,39,10.2,20.76877690563053,0.1029102802276611,0.0043206214904785,39,39.0,YOLO,1,32,0.0,20.76877690563053,0.0,[]
20250720_232702_979,-14,40,40,11.6,20.684931335855552,0.0970950126647949,0.0020973682403564,40,40.0,YOLO,1,32,0.0,20.684931335855552,0.0,[]
20250720_232701_758,-14,41,41,13.1,20.137042811436928,0.1015486717224121,0.0042860507965087,41,41.0,YOLO,1,32,0.0,20.137042811436928,0.0,[]
20250720_232704_655,-14,39,39,10.2,20.76877690563053,0.0898282527923584,0.0043909549713134,39,39.0,YOLO,1,32,0.0,20.76877690563053,0.0,[]
20250720_232705_563,-14,40,40,11.6,20.684931335855552,0.0955376625061035,0.0043070316314697,40,40.0,YOLO,1,32,0.0,20.684931335855552,0.0,[]
20250720_232704_549,-14,39,39,10.2,20.76877690563053,0.0981678962707519,0.0044002532958984,39,39.0,YOLO,1,32,0.0,20.76877690563053,0.0,[]
20250720_232702_873,-14,40,40,11.6,20.684931335855552,0.0964627265930175,0.0054090023040771,40,40.0,YOLO,1,32,0.0,20.684931335855552,0.0,[]
20250720_232703_605,-14,40,40,11.6,20.684931335855552,0.0934982299804687,0.0041000843048095,40,40.0,YOLO,1,32,0.0,20.684931335855552,0.0,[]
20250720_232703_810,-14,40,40,11.6,20.684931335855552,0.0978081226348877,0.0042533874511718,40,40.0,YOLO,1,32,0.0,20.684931335855552,0.0,[]
20250720_232701_657,-14,41,41,13.1,20.137042811436928,0.0943787097930908,0.0042803287506103,41,41.0,YOLO,1,32,0.0,20.137042811436928,0.0,[]
20250720_232704_333,-14,39,39,10.2,20.76877690563053,0.0995328426361084,0.003957986831665,39,39.0,YOLO,1,32,0.0,20.76877690563053,0.0,[]
20250720_232703_293,-14,40,40,11.6,20.684931335855552,0.0973467826843261,0.0043284893035888,40,40.0,YOLO,1,32,0.0,20.684931335855552,0.0,[]
20250720_232704_126,-14,39,39,10.2,20.76877690563053,0.0985593795776367,0.0043392181396484,39,39.0,YOLO,1,32,0.0,20.76877690563053,0.0,[]
20250720_232702_466,-14,40,40,11.6,20.684931335855552,0.0940415859222412,0.004901647567749,40,40.0,YOLO,1,32,0.0,20.684931335855552,0.0,[]
20250720_232702_070,-14,40,40,11.6,20.684931335855552,0.0898020267486572,0.0037639141082763,40,40.0,YOLO,1,32,0.0,20.684931335855552,0.0,[]
20250720_232703_397,-14,40,40,11.6,20.684931335855552,0.0942423343658447,0.0043323040008544,40,40.0,YOLO,1,32,0.0,20.684931335855552,0.0,[]
20250720_232704_232,-14,39,39,10.2,20.76877690563053,0.0932989120483398,0.0039777755737304,39,39.0,YOLO,1,32,0.0,20.76877690563053,0.0,[]
20250720_232701_969,-14,40,40,11.6,20.684931335855552,0.0940806865692138,0.0039784908294677,40,40.0,YOLO,1,32,0.0,20.684931335855552,0.0,[]
20250720_232704_753,-14,39,39,10.2,20.76877690563053,0.0944099426269531,0.0044236183166503,39,39.0,YOLO,1,32,0.0,20.76877690563053,0.0,[]
20250720_232703_705,-14,40,40,11.6,20.684931335855552,0.0985727310180664,0.0040364265441894,40,40.0,YOLO,1,32,0.0,20.684931335855552,0.0,[]
20250720_232704_019,-14,39,39,10.2,20.76877690563053,0.0996043682098388,0.004263162612915,39,39.0,YOLO,1,32,0.0,20.76877690563053,0.0,[]
20250720_232705_157,-14,40,40,11.6,20.684931335855552,0.0921862125396728,0.0042777061462402,40,40.0,YOLO,1,32,0.0,20.684931335855552,0.0,[]
20250720_232702_165,-14,40,40,11.6,20.684931335855552,0.0883324146270752,0.0043416023254394,40,40.0,YOLO,1,32,0.0,20.684931335855552,0.0,[]
20250720_232702_359,-14,40,40,11.6,20.684931335855552,0.0998141765594482,0.0045526027679443,40,40.0,YOLO,1,32,0.0,20.684931335855552,0.0,[]
20250720_232705_454,-14,40,40,11.6,20.684931335855552,0.1019361019134521,0.0043678283691406,40,40.0,YOLO,1,32,0.0,20.684931335855552,0.0,[]
20250720_232704_855,-14,39,39,10.2,20.76877690563053,0.0910127162933349,0.0040295124053955,39,39.0,YOLO,1,32,0.0,20.76877690563053,0.0,[]
20250720_232702_568,-14,40,40,11.6,20.684931335855552,0.0899736881256103,0.0043463706970214,40,40.0,YOLO,1,32,0.0,20.684931335855552,0.0,[]
20250720_232702_772,-14,40,40,11.6,20.684931335855552,0.0934023857116699,0.0043554306030273,40,40.0,YOLO,1,32,0.0,20.684931335855552,0.0,[]
20250720_232702_666,-14,40,40,11.6,20.684931335855552,0.0994274616241455,0.004267930984497,40,40.0,YOLO,1,32,0.0,20.684931335855552,0.0,[]
20250720_232703_916,-14,40,40,11.6,20.684931335855552,0.0964930057525634,0.0043039321899414,40,40.0,YOLO,1,32,0.0,20.684931335855552,0.0,[]
20250720_232703_185,-14,40,40,11.6,20.684931335855552,0.1002931594848632,0.0043213367462158,40,40.0,YOLO,1,32,0.0,20.684931335855552,0.0,[]
20250720_232701_867,-14,40,40,11.6,20.684931335855552,0.0944557189941406,0.0043232440948486,40,40.0,YOLO,1,32,0.0,20.684931335855552,0.0,[]
20250720_232706_612,-13,39,39,10.2,21.166090889014924,0.0881214141845703,0.0039989948272705,39,39.0,YOLO,1,32,0.0,21.166090889014924,0.0,[]
20250720_232705_986,-13,39,39,10.2,21.166090889014924,0.0978517532348632,0.0042991638183593,39,39.0,YOLO,1,32,0.0,21.166090889014924,0.0,[]
20250720_232707_639,-13,39,39,10.2,21.166090889014924,0.0986621379852294,0.0043222904205322,39,39.0,YOLO,1,32,0.0,21.166090889014924,0.0,[]
20250720_232706_806,-13,39,39,10.2,21.166090889014924,0.0985734462738037,0.0039296150207519,39,39.0,YOLO,1,32,0.0,21.166090889014924,0.0,[]
20250720_232708_669,-13,39,39,10.2,21.166090889014924,0.094118595123291,0.0044548511505126,39,39.0,YOLO,1,32,0.0,21.166090889014924,0.0,[]
20250720_232707_954,-13,39,39,10.2,21.166090889014924,0.0977246761322021,0.0044445991516113,39,39.0,YOLO,1,32,0.0,21.166090889014924,0.0,[]
20250720_232706_402,-13,39,39,10.2,21.166090889014924,0.0964400768280029,0.0043418407440185,39,39.0,YOLO,1,32,0.0,21.166090889014924,0.0,[]
20250720_232708_573,-13,39,39,10.2,21.166090889014924,0.0899469852447509,0.0045053958892822,39,39.0,YOLO,1,32,0.0,21.166090889014924,0.0,[]
20250720_232709_087,-13,39,39,10.2,21.166090889014924,0.097933292388916,0.0045616626739501,39,39.0,YOLO,1,32,0.0,21.166090889014924,0.0,[]
20250720_232706_301,-13,39,39,10.2,21.166090889014924,0.0941493511199951,0.0042510032653808,39,39.0,YOLO,1,32,0.0,21.166090889014924,0.0,[]
20250720_232707_009,-13,39,39,10.2,21.166090889014924,0.097872257232666,0.0043642520904541,39,39.0,YOLO,1,32,0.0,21.166090889014924,0.0,[]
20250720_232709_501,-13,39,39,10.2,21.166090889014924,0.0982513427734375,0.0040397644042968,39,39.0,YOLO,1,32,0.0,21.166090889014924,0.0,[]
20250720_232709_303,-13,39,39,10.2,21.166090889014924,0.0954413414001464,0.0041017532348632,39,39.0,YOLO,1,32,0.0,21.166090889014924,0.0,[]
20250720_232707_537,-13,39,39,10.2,21.166090889014924,0.0941975116729736,0.0042805671691894,39,39.0,YOLO,1,32,0.0,21.166090889014924,0.0,[]
20250720_232707_115,-13,39,39,10.2,21.166090889014924,0.0996994972229003,0.0043344497680664,39,39.0,YOLO,1,32,0.0,21.166090889014924,0.0,[]
20250720_232709_606,-13,39,39,10.2,21.166090889014924,0.0985100269317627,0.0041828155517578,39,39.0,YOLO,1,32,0.0,21.166090889014924,0.0,[]
20250720_232709_193,-13,39,39,10.2,21.166090889014924,0.1022291183471679,0.0045158863067626,39,39.0,YOLO,1,32,0.0,21.166090889014924,0.0,[]
20250720_232706_196,-13,39,39,10.2,21.166090889014924,0.0974280834197998,0.0042028427124023,39,39.0,YOLO,1,32,0.0,21.166090889014924,0.0,[]
20250720_232707_221,-13,39,39,10.2,21.166090889014924,0.1002516746520996,0.0044128894805908,39,39.0,YOLO,1,32,0.0,21.166090889014924,0.0,[]
20250720_232708_059,-13,39,39,10.2,21.166090889014924,0.088015079498291,0.0044419765472412,39,39.0,YOLO,1,32,0.0,21.166090889014924,0.0,[]
20250720_232705_879,-13,39,39,10.2,21.166090889014924,0.0998187065124511,0.0042362213134765,39,39.0,YOLO,1,32,0.0,21.166090889014924,0.0,[]
20250720_232706_506,-13,39,39,10.2,21.166090889014924,0.0979630947113037,0.0041961669921875,39,39.0,YOLO,1,32,0.0,21.166090889014924,0.0,[]
20250720_232705_765,-13,40,40,11.6,20.55133519330974,0.1066751480102539,0.0043902397155761,40,40.0,YOLO,1,32,0.0,20.55133519330974,0.0,[]
20250720_232709_406,-13,39,39,10.2,21.166090889014924,0.0877704620361328,0.0043530464172363,39,39.0,YOLO,1,32,0.0,21.166090889014924,0.0,[]
20250720_232706_912,-13,39,39,10.2,21.166090889014924,0.0900714397430419,0.0043311119079589,39,39.0,YOLO,1,32,0.0,21.166090889014924,0.0,[]
20250720_232707_328,-13,39,39,10.2,21.166090889014924,0.0992181301116943,0.0039131641387939,39,39.0,YOLO,1,32,0.0,21.166090889014924,0.0,[]
20250720_232708_469,-13,39,39,10.2,21.166090889014924,0.0978765487670898,0.0044927597045898,39,39.0,YOLO,1,32,0.0,21.166090889014924,0.0,[]
20250720_232708_364,-13,39,39,10.2,21.166090889014924,0.0965681076049804,0.0047338008880615,39,39.0,YOLO,1,32,0.0,21.166090889014924,0.0,[]
20250720_232707_848,-13,39,39,10.2,21.166090889014924,0.0982604026794433,0.0043652057647705,39,39.0,YOLO,1,32,0.0,21.166090889014924,0.0,[]
20250720_232708_155,-13,39,39,10.2,21.166090889014924,0.0993225574493408,0.0049006938934326,39,39.0,YOLO,1,32,0.0,21.166090889014924,0.0,[]
20250720_232708_771,-13,39,39,10.2,21.166090889014924,0.0966846942901611,0.0043661594390869,39,39.0,YOLO,1,32,0.0,21.166090889014924,0.0,[]
20250720_232708_262,-13,39,39,10.2,21.166090889014924,0.0945453643798828,0.0042724609375,39,39.0,YOLO,1,32,0.0,21.166090889014924,0.0,[]
20250720_232707_745,-13,39,39,10.2,21.166090889014924,0.0959796905517578,0.0043306350708007,39,39.0,YOLO,1,32,0.0,21.166090889014924,0.0,[]
20250720_232706_707,-13,39,39,10.2,21.166090889014924,0.0923976898193359,0.0042896270751953,39,39.0,YOLO,1,32,0.0,21.166090889014924,0.0,[]
20250720_232708_875,-13,39,39,10.2,21.166090889014924,0.095858097076416,0.0043692588806152,39,39.0,YOLO,1,32,0.0,21.166090889014924,0.0,[]
20250720_232707_434,-13,39,39,10.2,21.166090889014924,0.0955410003662109,0.0043010711669921,39,39.0,YOLO,1,32,0.0,21.166090889014924,0.0,[]
20250720_232705_666,-13,40,40,11.6,20.55133519330974,0.0911564826965332,0.0042741298675537,40,40.0,YOLO,1,32,0.0,20.55133519330974,0.0,[]
20250720_232708_979,-13,39,39,10.2,21.166090889014924,0.1009914875030517,0.0044803619384765,39,39.0,YOLO,1,32,0.0,21.166090889014924,0.0,[]
20250720_232706_091,-13,39,39,10.2,21.166090889014924,0.0991041660308837,0.0043411254882812,39,39.0,YOLO,1,32,0.0,21.166090889014924,0.0,[]
20250720_232711_663,-12,38,38,8.7,20.63251142908078,0.0882861614227294,0.0041778087615966,38,38.0,YOLO,1,32,0.0,20.63251142908078,0.0,[]
20250720_232710_650,-12,38,38,8.7,20.63251142908078,0.090538740158081,0.0039448738098144,38,38.0,YOLO,1,32,0.0,20.63251142908078,0.0,[]
20250720_232713_502,-12,38,38,8.7,20.63251142908078,0.0884807109832763,0.0042600631713867,38,38.0,YOLO,1,32,0.0,20.63251142908078,0.0,[]
20250720_232711_558,-12,38,38,8.7,20.63251142908078,0.0968446731567382,0.0043644905090332,38,38.0,YOLO,1,32,0.0,20.63251142908078,0.0,[]
20250720_232712_699,-12,38,38,8.7,20.63251142908078,0.0921974182128906,0.0040986537933349,38,38.0,YOLO,1,32,0.0,20.63251142908078,0.0,[]
20250720_232710_748,-12,38,38,8.7,20.63251142908078,0.093104600906372,0.0043153762817382,38,38.0,YOLO,1,32,0.0,20.63251142908078,0.0,[]
20250720_232713_200,-12,38,38,8.7,20.63251142908078,0.1004292964935302,0.0044367313385009,38,38.0,YOLO,1,32,0.0,20.63251142908078,0.0,[]
20250720_232710_232,-12,38,38,8.7,20.63251142908078,0.0982763767242431,0.0043880939483642,38,38.0,YOLO,1,32,0.0,20.63251142908078,0.0,[]
20250720_232713_598,-12,38,38,8.7,20.63251142908078,0.104255199432373,0.0040183067321777,38,38.0,YOLO,1,32,0.0,20.63251142908078,0.0,[]
20250720_232711_964,-12,38,38,8.7,20.63251142908078,0.0925047397613525,0.0043551921844482,38,38.0,YOLO,1,32,0.0,20.63251142908078,0.0,[]
20250720_232712_377,-12,38,38,8.7,20.63251142908078,0.0996465682983398,0.0041687488555908,38,38.0,YOLO,1,32,0.0,20.63251142908078,0.0,[]
20250720_232713_308,-12,38,38,8.7,20.63251142908078,0.0894446372985839,0.0040037631988525,38,38.0,YOLO,1,32,0.0,20.63251142908078,0.0,[]
20250720_232712_064,-12,39,39,10.2,20.199031257559568,0.0992443561553955,0.0043659210205078,39,39.0,YOLO,1,32,0.0,20.199031257559568,0.0,[]
20250720_232712_591,-12,38,38,8.7,20.63251142908078,0.1009497642517089,0.0042622089385986,38,38.0,YOLO,1,32,0.0,20.63251142908078,0.0,[]
20250720_232711_149,-12,38,38,8.7,20.63251142908078,0.0900626182556152,0.0043244361877441,38,38.0,YOLO,1,32,0.0,20.63251142908078,0.0,[]
20250720_232711_246,-12,38,38,8.7,20.63251142908078,0.1011836528778076,0.0043790340423583,38,38.0,YOLO,1,32,0.0,20.63251142908078,0.0,[]
20250720_232711_355,-12,38,38,8.7,20.63251142908078,0.0931665897369384,0.0042738914489746,38,38.0,YOLO,1,32,0.0,20.63251142908078,0.0,[]
20250720_232710_130,-12,38,38,8.7,20.63251142908078,0.0940601825714111,0.004239797592163,38,38.0,YOLO,1,32,0.0,20.63251142908078,0.0,[]
20250720_232711_758,-12,38,38,8.7,20.63251142908078,0.0929081439971923,0.0043494701385498,38,38.0,YOLO,1,32,0.0,20.63251142908078,0.0,[]
20250720_232713_092,-12,38,38,8.7,20.63251142908078,0.1008739471435546,0.0043301582336425,38,38.0,YOLO,1,32,0.0,20.63251142908078,0.0,[]
20250720_232710_849,-12,38,38,8.7,20.63251142908078,0.091193675994873,0.0042784214019775,38,38.0,YOLO,1,32,0.0,20.63251142908078,0.0,[]
20250720_232711_456,-12,38,38,8.7,20.63251142908078,0.095689058303833,0.0040757656097412,38,38.0,YOLO,1,32,0.0,20.63251142908078,0.0,[]
20250720_232709_919,-12,38,38,8.7,20.63251142908078,0.0999958515167236,0.0043780803680419,38,38.0,YOLO,1,32,0.0,20.63251142908078,0.0,[]
20250720_232712_171,-12,38,38,8.7,20.63251142908078,0.0984117984771728,0.0039577484130859,38,38.0,YOLO,1,32,0.0,20.63251142908078,0.0,[]
20250720_232711_858,-12,38,38,8.7,20.63251142908078,0.0984444618225097,0.0043494701385498,38,38.0,YOLO,1,32,0.0,20.63251142908078,0.0,[]
20250720_232712_993,-12,38,38,8.7,20.63251142908078,0.0907433032989502,0.0043914318084716,38,38.0,YOLO,1,32,0.0,20.63251142908078,0.0,[]
20250720_232712_798,-12,38,38,8.7,20.63251142908078,0.0884075164794921,0.0045850276947021,38,38.0,YOLO,1,32,0.0,20.63251142908078,0.0,[]
20250720_232712_276,-12,38,38,8.7,20.63251142908078,0.0934028625488281,0.0044994354248046,38,38.0,YOLO,1,32,0.0,20.63251142908078,0.0,[]
20250720_232710_337,-12,38,38,8.7,20.63251142908078,0.0972318649291992,0.0042746067047119,38,38.0,YOLO,1,32,0.0,20.63251142908078,0.0,[]
20250720_232710_442,-12,38,38,8.7,20.63251142908078,0.0974757671356201,0.0040221214294433,38,38.0,YOLO,1,32,0.0,20.63251142908078,0.0,[]
20250720_232712_484,-12,38,38,8.7,20.63251142908078,0.100191593170166,0.0037639141082763,38,38.0,YOLO,1,32,0.0,20.63251142908078,0.0,[]
20250720_232709_816,-12,39,39,10.2,20.199031257559568,0.0956447124481201,0.0043373107910156,39,39.0,YOLO,1,32,0.0,20.199031257559568,0.0,[]
20250720_232712_895,-12,38,38,8.7,20.63251142908078,0.090890884399414,0.0044443607330322,38,38.0,YOLO,1,32,0.0,20.63251142908078,0.0,[]
20250720_232713_404,-12,38,38,8.7,20.63251142908078,0.0904707908630371,0.0043287277221679,38,38.0,YOLO,1,32,0.0,20.63251142908078,0.0,[]
20250720_232710_026,-12,38,38,8.7,20.63251142908078,0.0972805023193359,0.0039539337158203,38,38.0,YOLO,1,32,0.0,20.63251142908078,0.0,[]
20250720_232710_947,-12,38,38,8.7,20.63251142908078,0.0920994281768798,0.0043232440948486,38,38.0,YOLO,1,32,0.0,20.63251142908078,0.0,[]
20250720_232709_712,-12,39,39,10.2,20.199031257559568,0.0965378284454345,0.0043070316314697,39,39.0,YOLO,1,32,0.0,20.199031257559568,0.0,[]
20250720_232710_546,-12,38,38,8.7,20.63251142908078,0.0965921878814697,0.0041837692260742,38,38.0,YOLO,1,32,0.0,20.63251142908078,0.0,[]
20250720_232711_047,-12,38,38,8.7,20.63251142908078,0.0951192378997802,0.003997802734375,38,38.0,YOLO,1,32,0.0,20.63251142908078,0.0,[]
20250720_232715_854,-11,38,38,8.7,20.78398045702696,0.0881185531616211,0.0041821002960205,38,38.0,YOLO,1,32,0.0,20.78398045702696,0.0,[]
20250720_232715_450,-11,38,38,8.7,20.78398045702696,0.0929245948791503,0.0044572353363037,38,38.0,YOLO,1,32,0.0,20.78398045702696,0.0,[]
20250720_232713_709,-11,38,38,8.7,20.78398045702696,0.0957446098327636,0.0035717487335205,38,38.0,YOLO,1,32,0.0,20.78398045702696,0.0,[]
20250720_232715_751,-11,38,38,8.7,20.78398045702696,0.0952298641204834,0.0042967796325683,38,38.0,YOLO,1,32,0.0,20.78398045702696,0.0,[]
20250720_232717_505,-11,38,38,8.7,20.78398045702696,0.0891849994659423,0.0041570663452148,38,38.0,YOLO,1,32,0.0,20.78398045702696,0.0,[]
20250720_232714_834,-11,38,38,8.7,20.78398045702696,0.0912423133850097,0.0040860176086425,38,38.0,YOLO,1,32,0.0,20.78398045702696,0.0,[]
20250720_232714_434,-11,37,37,7.3,20.801519444197083,0.0952503681182861,0.0044362545013427,37,37.0,YOLO,1,32,0.0,20.801519444197083,0.0,[]
20250720_232716_866,-11,38,38,8.7,20.78398045702696,0.0959670543670654,0.004361867904663,38,38.0,YOLO,1,32,0.0,20.78398045702696,0.0,[]
20250720_232714_330,-11,38,38,8.7,20.78398045702696,0.0962553024291992,0.0046954154968261,38,38.0,YOLO,1,32,0.0,20.78398045702696,0.0,[]
20250720_232714_537,-11,37,37,7.3,20.801519444197083,0.0943310260772705,0.0043768882751464,37,37.0,YOLO,1,32,0.0,20.801519444197083,0.0,[]
20250720_232713_914,-11,38,38,8.7,20.78398045702696,0.094111680984497,0.0043847560882568,38,38.0,YOLO,1,32,0.0,20.78398045702696,0.0,[]
20250720_232715_250,-11,38,38,8.7,20.78398045702696,0.090487003326416,0.0040571689605712,38,38.0,YOLO,1,32,0.0,20.78398045702696,0.0,[]
20250720_232717_390,-11,38,38,8.7,20.78398045702696,0.1069037914276123,0.0043356418609619,38,38.0,YOLO,1,32,0.0,20.78398045702696,0.0,[]
20250720_232714_731,-11,37,37,7.3,20.801519444197083,0.0950708389282226,0.0044405460357666,37,37.0,YOLO,1,32,0.0,20.801519444197083,0.0,[]
20250720_232715_034,-11,38,38,8.7,20.78398045702696,0.0966591835021972,0.0040845870971679,38,38.0,YOLO,1,32,0.0,20.78398045702696,0.0,[]
20250720_232714_932,-11,38,38,8.7,20.78398045702696,0.094789981842041,0.0043473243713378,38,38.0,YOLO,1,32,0.0,20.78398045702696,0.0,[]
20250720_232717_291,-11,38,38,8.7,20.78398045702696,0.0932440757751464,0.0049769878387451,38,38.0,YOLO,1,32,0.0,20.78398045702696,0.0,[]
20250720_232714_222,-11,38,38,8.7,20.78398045702696,0.1008210182189941,0.0044596195220947,38,38.0,YOLO,1,32,0.0,20.78398045702696,0.0,[]
20250720_232713_810,-11,38,38,8.7,20.78398045702696,0.0970144271850586,0.004340648651123,38,38.0,YOLO,1,32,0.0,20.78398045702696,0.0,[]
20250720_232716_450,-11,38,38,8.7,20.78398045702696,0.0978882312774658,0.0044047832489013,38,38.0,YOLO,1,32,0.0,20.78398045702696,0.0,[]
20250720_232715_652,-11,38,38,8.7,20.78398045702696,0.0923759937286377,0.0042459964752197,38,38.0,YOLO,1,32,0.0,20.78398045702696,0.0,[]
20250720_232716_143,-11,38,38,8.7,20.78398045702696,0.0908966064453125,0.004324197769165,38,38.0,YOLO,1,32,0.0,20.78398045702696,0.0,[]
20250720_232716_241,-11,38,38,8.7,20.78398045702696,0.0978264808654785,0.0039772987365722,38,38.0,YOLO,1,32,0.0,20.78398045702696,0.0,[]
20250720_232716_556,-11,38,38,8.7,20.78398045702696,0.0984284877777099,0.0043833255767822,38,38.0,YOLO,1,32,0.0,20.78398045702696,0.0,[]
20250720_232717_185,-11,38,38,8.7,20.78398045702696,0.0995259284973144,0.0043094158172607,38,38.0,YOLO,1,32,0.0,20.78398045702696,0.0,[]
20250720_232716_763,-11,38,38,8.7,20.78398045702696,0.09511399269104,0.0046398639678955,38,38.0,YOLO,1,32,0.0,20.78398045702696,0.0,[]
20250720_232714_016,-11,38,38,8.7,20.78398045702696,0.0913982391357421,0.0044159889221191,38,38.0,YOLO,1,32,0.0,20.78398045702696,0.0,[]
20250720_232714_115,-11,38,38,8.7,20.78398045702696,0.099316120147705,0.0043561458587646,38,38.0,YOLO,1,32,0.0,20.78398045702696,0.0,[]
20250720_232715_348,-11,38,38,8.7,20.78398045702696,0.0959799289703369,0.0045382976531982,38,38.0,YOLO,1,32,0.0,20.78398045702696,0.0,[]
20250720_232715_551,-11,38,38,8.7,20.78398045702696,0.0932929515838623,0.0042989253997802,38,38.0,YOLO,1,32,0.0,20.78398045702696,0.0,[]
20250720_232714_639,-11,37,37,7.3,20.801519444197083,0.0847983360290527,0.0040862560272216,37,37.0,YOLO,1,32,0.0,20.801519444197083,0.0,[]
20250720_232715_949,-11,38,38,8.7,20.78398045702696,0.0836522579193115,0.0043966770172119,38,38.0,YOLO,1,32,0.0,20.78398045702696,0.0,[]
20250720_232716_662,-11,38,38,8.7,20.78398045702696,0.0937337875366211,0.0041508674621582,38,38.0,YOLO,1,32,0.0,20.78398045702696,0.0,[]
20250720_232717_601,-11,38,38,8.7,20.78398045702696,0.1038143634796142,0.0042495727539062,38,38.0,YOLO,1,32,0.0,20.78398045702696,0.0,[]
20250720_232716_040,-11,38,38,8.7,20.78398045702696,0.0949399471282959,0.0044829845428466,38,38.0,YOLO,1,32,0.0,20.78398045702696,0.0,[]
20250720_232716_969,-11,38,38,8.7,20.78398045702696,0.0995013713836669,0.0043921470642089,38,38.0,YOLO,1,32,0.0,20.78398045702696,0.0,[]
20250720_232717_076,-11,38,38,8.7,20.78398045702696,0.1016271114349365,0.0043215751647949,38,38.0,YOLO,1,32,0.0,20.78398045702696,0.0,[]
20250720_232716_346,-11,38,38,8.7,20.78398045702696,0.097339391708374,0.0042705535888671,38,38.0,YOLO,1,32,0.0,20.78398045702696,0.0,[]
20250720_232715_138,-11,38,38,8.7,20.78398045702696,0.1039583683013916,0.0045733451843261,38,38.0,YOLO,1,32,0.0,20.78398045702696,0.0,[]
20250720_232718_328,-10,37,37,7.3,20.58575949811884,0.0851116180419921,0.0041544437408447,37,37.0,YOLO,1,32,0.0,20.58575949811884,0.0,[]
20250720_232720_784,-10,37,37,7.3,20.58575949811884,0.0964877605438232,0.0035326480865478,37,37.0,YOLO,1,32,0.0,20.58575949811884,0.0,[]
20250720_232720_067,-10,37,37,7.3,20.58575949811884,0.088691234588623,0.004340648651123,37,37.0,YOLO,1,32,0.0,20.58575949811884,0.0,[]
20250720_232721_494,-10,37,37,7.3,20.58575949811884,0.0907495021820068,0.0043666362762451,37,37.0,YOLO,1,32,0.0,20.58575949811884,0.0,[]
20250720_232719_247,-10,37,37,7.3,20.58575949811884,0.0962817668914794,0.0042619705200195,37,37.0,YOLO,1,32,0.0,20.58575949811884,0.0,[]
20250720_232720_680,-10,37,37,7.3,20.58575949811884,0.0970902442932128,0.0043740272521972,37,37.0,YOLO,1,32,0.0,20.58575949811884,0.0,[]
20250720_232718_015,-10,37,37,7.3,20.58575949811884,0.0949487686157226,0.0043563842773437,37,37.0,YOLO,1,32,0.0,20.58575949811884,0.0,[]
20250720_232719_667,-10,37,37,7.3,20.58575949811884,0.0951817035675048,0.0039753913879394,37,37.0,YOLO,1,32,0.0,20.58575949811884,0.0,[]
20250720_232720_163,-10,37,37,7.3,20.58575949811884,0.0954840183258056,0.0043549537658691,37,37.0,YOLO,1,32,0.0,20.58575949811884,0.0,[]
20250720_232718_420,-10,37,37,7.3,20.58575949811884,0.1004586219787597,0.0042755603790283,37,37.0,YOLO,1,32,0.0,20.58575949811884,0.0,[]
20250720_232720_266,-10,37,37,7.3,20.58575949811884,0.1042983531951904,0.0042762756347656,37,37.0,YOLO,1,32,0.0,20.58575949811884,0.0,[]
20250720_232721_090,-10,37,37,7.3,20.58575949811884,0.0925586223602294,0.0043363571166992,37,37.0,YOLO,1,32,0.0,20.58575949811884,0.0,[]
20250720_232719_146,-10,37,37,7.3,20.58575949811884,0.0940995216369628,0.0044169425964355,37,37.0,YOLO,1,32,0.0,20.58575949811884,0.0,[]
20250720_232721_289,-10,37,37,7.3,20.58575949811884,0.089517593383789,0.0043566226959228,37,37.0,YOLO,1,32,0.0,20.58575949811884,0.0,[]
20250720_232719_971,-10,37,37,7.3,20.58575949811884,0.0880002975463867,0.0044114589691162,37,37.0,YOLO,1,32,0.0,20.58575949811884,0.0,[]
20250720_232718_734,-10,37,37,7.3,20.58575949811884,0.0930097103118896,0.0042259693145751,37,37.0,YOLO,1,32,0.0,20.58575949811884,0.0,[]
20250720_232718_937,-10,37,37,7.3,20.58575949811884,0.099968671798706,0.0043137073516845,37,37.0,YOLO,1,32,0.0,20.58575949811884,0.0,[]
20250720_232721_386,-10,37,37,7.3,20.58575949811884,0.1006135940551757,0.0043404102325439,37,37.0,YOLO,1,32,0.0,20.58575949811884,0.0,[]
20250720_232719_351,-10,37,37,7.3,20.58575949811884,0.0934922695159912,0.004321813583374,37,37.0,YOLO,1,32,0.0,20.58575949811884,0.0,[]
20250720_232717_810,-10,37,37,7.3,20.58575949811884,0.0937995910644531,0.0042841434478759,37,37.0,YOLO,1,32,0.0,20.58575949811884,0.0,[]
20250720_232719_044,-10,37,37,7.3,20.58575949811884,0.0943367481231689,0.0043778419494628,37,37.0,YOLO,1,32,0.0,20.58575949811884,0.0,[]
20250720_232718_835,-10,37,37,7.3,20.58575949811884,0.0951673984527587,0.0039668083190917,37,37.0,YOLO,1,32,0.0,20.58575949811884,0.0,[]
20250720_232718_528,-10,37,37,7.3,20.58575949811884,0.0969150066375732,0.0042376518249511,37,37.0,YOLO,1,32,0.0,20.58575949811884,0.0,[]
20250720_232721_190,-10,37,37,7.3,20.58575949811884,0.0916113853454589,0.0043294429779052,37,37.0,YOLO,1,32,0.0,20.58575949811884,0.0,[]
20250720_232717_712,-10,38,38,8.7,19.54918985184892,0.0896978378295898,0.0043916702270507,38,38.0,YOLO,1,32,0.0,19.54918985184892,0.0,[]
20250720_232718_230,-10,37,37,7.3,20.58575949811884,0.0908141136169433,0.0043020248413085,37,37.0,YOLO,1,32,0.0,20.58575949811884,0.0,[]
20250720_232720_988,-10,37,37,7.3,20.58575949811884,0.0944230556488037,0.0039896965026855,37,37.0,YOLO,1,32,0.0,20.58575949811884,0.0,[]
20250720_232719_871,-10,37,37,7.3,20.58575949811884,0.0928833484649658,0.0039474964141845,37,37.0,YOLO,1,32,0.0,20.58575949811884,0.0,[]
20250720_232718_632,-10,37,37,7.3,20.58575949811884,0.0948953628540039,0.0042512416839599,37,37.0,YOLO,1,32,0.0,20.58575949811884,0.0,[]
20250720_232720_474,-10,37,37,7.3,20.58575949811884,0.0930736064910888,0.0036888122558593,37,37.0,YOLO,1,32,0.0,20.58575949811884,0.0,[]
20250720_232719_452,-10,37,37,7.3,20.58575949811884,0.1028745174407959,0.0043346881866455,37,37.0,YOLO,1,32,0.0,20.58575949811884,0.0,[]
20250720_232718_118,-10,37,37,7.3,20.58575949811884,0.1043570041656494,0.0043075084686279,37,37.0,YOLO,1,32,0.0,20.58575949811884,0.0,[]
20250720_232719_768,-10,37,37,7.3,20.58575949811884,0.0959784984588623,0.004209280014038,37,37.0,YOLO,1,32,0.0,20.58575949811884,0.0,[]
20250720_232719_562,-10,37,37,7.3,20.58575949811884,0.0986335277557373,0.0036113262176513,37,37.0,YOLO,1,32,0.0,20.58575949811884,0.0,[]
20250720_232721_593,-10,37,37,7.3,20.58575949811884,0.093177318572998,0.0042471885681152,37,37.0,YOLO,1,32,0.0,20.58575949811884,0.0,[]
20250720_232720_574,-10,37,37,7.3,20.58575949811884,0.0984346866607666,0.0043282508850097,37,37.0,YOLO,1,32,0.0,20.58575949811884,0.0,[]
20250720_232720_378,-10,37,37,7.3,20.58575949811884,0.0891494750976562,0.0039882659912109,37,37.0,YOLO,1,32,0.0,20.58575949811884,0.0,[]
20250720_232717_912,-10,37,37,7.3,20.58575949811884,0.0956466197967529,0.0045220851898193,37,37.0,YOLO,1,32,0.0,20.58575949811884,0.0,[]
20250720_232720_885,-10,37,37,7.3,20.58575949811884,0.0957748889923095,0.0042688846588134,37,37.0,YOLO,1,32,0.0,20.58575949811884,0.0,[]
20250720_232721_995,-9,36,36,5.8,20.602245915993024,0.1002602577209472,0.0039503574371337,36,36.0,YOLO,1,32,0.0,20.602245915993024,0.0,[]
20250720_232724_132,-9,36,36,5.8,20.602245915993024,0.1000826358795166,0.0043005943298339,36,36.0,YOLO,1,32,0.0,20.602245915993024,0.0,[]
20250720_232722_398,-9,36,36,5.8,20.602245915993024,0.1048536300659179,0.0045251846313476,36,36.0,YOLO,1,32,0.0,20.602245915993024,0.0,[]
20250720_232722_805,-9,36,36,5.8,20.602245915993024,0.0898594856262207,0.0043599605560302,36,36.0,YOLO,1,32,0.0,20.602245915993024,0.0,[]
20250720_232724_746,-9,36,36,5.8,20.602245915993024,0.0970265865325927,0.0042316913604736,36,36.0,YOLO,1,32,0.0,20.602245915993024,0.0,[]
20250720_232723_318,-9,36,36,5.8,20.602245915993024,0.0936107635498046,0.0043811798095703,36,36.0,YOLO,1,32,0.0,20.602245915993024,0.0,[]
20250720_232723_623,-9,36,36,5.8,20.602245915993024,0.0919990539550781,0.0043616294860839,36,36.0,YOLO,1,32,0.0,20.602245915993024,0.0,[]
20250720_232721_693,-9,37,37,7.3,20.508212429527475,0.0903408527374267,0.0041468143463134,37,37.0,YOLO,1,32,0.0,20.508212429527475,0.0,[]
20250720_232723_722,-9,36,36,5.8,20.602245915993024,0.0923945903778076,0.0044631958007812,36,36.0,YOLO,1,32,0.0,20.602245915993024,0.0,[]
20250720_232723_419,-9,36,36,5.8,20.602245915993024,0.0919258594512939,0.0041801929473876,36,36.0,YOLO,1,32,0.0,20.602245915993024,0.0,[]
20250720_232722_604,-9,36,36,5.8,20.602245915993024,0.0890371799468994,0.0042874813079833,36,36.0,YOLO,1,32,0.0,20.602245915993024,0.0,[]
20250720_232722_102,-9,36,36,5.8,20.602245915993024,0.0882141590118408,0.0042722225189208,36,36.0,YOLO,1,32,0.0,20.602245915993024,0.0,[]
20250720_232724_543,-9,36,36,5.8,20.602245915993024,0.0914978981018066,0.0043227672576904,36,36.0,YOLO,1,32,0.0,20.602245915993024,0.0,[]
20250720_232722_510,-9,36,36,5.8,20.602245915993024,0.0869719982147216,0.0040028095245361,36,36.0,YOLO,1,32,0.0,20.602245915993024,0.0,[]
20250720_232723_219,-9,36,36,5.8,20.602245915993024,0.0917339324951171,0.0045082569122314,36,36.0,YOLO,1,32,0.0,20.602245915993024,0.0,[]
20250720_232725_053,-9,36,36,5.8,20.602245915993024,0.0887651443481445,0.0040135383605957,36,36.0,YOLO,1,32,0.0,20.602245915993024,0.0,[]
20250720_232722_197,-9,36,36,5.8,20.602245915993024,0.0946664810180664,0.0045602321624755,36,36.0,YOLO,1,32,0.0,20.602245915993024,0.0,[]
20250720_232724_642,-9,36,36,5.8,20.602245915993024,0.0970618724822998,0.0043191909790039,36,36.0,YOLO,1,32,0.0,20.602245915993024,0.0,[]
20250720_232725_464,-9,36,36,5.8,20.602245915993024,0.090796947479248,0.0043301582336425,36,36.0,YOLO,1,32,0.0,20.602245915993024,0.0,[]
20250720_232722_701,-9,36,36,5.8,20.602245915993024,0.0964949131011962,0.0043962001800537,36,36.0,YOLO,1,32,0.0,20.602245915993024,0.0,[]
20250720_232725_149,-9,36,36,5.8,20.602245915993024,0.0921611785888671,0.0045554637908935,36,36.0,YOLO,1,32,0.0,20.602245915993024,0.0,[]
20250720_232725_562,-9,36,36,5.8,20.602245915993024,0.0971872806549072,0.0043401718139648,36,36.0,YOLO,1,32,0.0,20.602245915993024,0.0,[]
20250720_232721_889,-9,36,36,5.8,20.602245915993024,0.0988802909851074,0.0039961338043212,36,36.0,YOLO,1,32,0.0,20.602245915993024,0.0,[]
20250720_232722_300,-9,36,36,5.8,20.602245915993024,0.0903327465057373,0.0043604373931884,36,36.0,YOLO,1,32,0.0,20.602245915993024,0.0,[]
20250720_232723_519,-9,36,36,5.8,20.602245915993024,0.096860647201538,0.0043780803680419,36,36.0,YOLO,1,32,0.0,20.602245915993024,0.0,[]
20250720_232724_849,-9,36,36,5.8,20.602245915993024,0.0932936668395996,0.0042684078216552,36,36.0,YOLO,1,32,0.0,20.602245915993024,0.0,[]
20250720_232724_346,-9,36,36,5.8,20.602245915993024,0.0920228958129882,0.0040545463562011,36,36.0,YOLO,1,32,0.0,20.602245915993024,0.0,[]
20250720_232724_950,-9,36,36,5.8,20.602245915993024,0.0962269306182861,0.0042929649353027,36,36.0,YOLO,1,32,0.0,20.602245915993024,0.0,[]
20250720_232725_249,-9,36,36,5.8,20.602245915993024,0.0973293781280517,0.0043044090270996,36,36.0,YOLO,1,32,0.0,20.602245915993024,0.0,[]
20250720_232722_902,-9,36,36,5.8,20.602245915993024,0.1087663173675537,0.0046172142028808,36,36.0,YOLO,1,32,0.0,20.602245915993024,0.0,[]
20250720_232721_791,-9,37,37,7.3,20.508212429527475,0.0916273593902587,0.0042977333068847,37,37.0,YOLO,1,32,0.0,20.508212429527475,0.0,[]
20250720_232724_039,-9,36,36,5.8,20.602245915993024,0.0864546298980712,0.0040755271911621,36,36.0,YOLO,1,32,0.0,20.602245915993024,0.0,[]
20250720_232725_354,-9,36,36,5.8,20.602245915993024,0.102543830871582,0.0042941570281982,36,36.0,YOLO,1,32,0.0,20.602245915993024,0.0,[]
20250720_232723_931,-9,36,36,5.8,20.602245915993024,0.1002202033996582,0.0043365955352783,36,36.0,YOLO,1,32,0.0,20.602245915993024,0.0,[]
20250720_232724_445,-9,36,36,5.8,20.602245915993024,0.0904152393341064,0.0041699409484863,36,36.0,YOLO,1,32,0.0,20.602245915993024,0.0,[]
20250720_232724_240,-9,36,36,5.8,20.602245915993024,0.0992152690887451,0.0042755603790283,36,36.0,YOLO,1,32,0.0,20.602245915993024,0.0,[]
20250720_232723_019,-9,36,36,5.8,20.602245915993024,0.0959491729736328,0.003974437713623,36,36.0,YOLO,1,32,0.0,20.602245915993024,0.0,[]
20250720_232723_822,-9,36,36,5.8,20.602245915993024,0.10164475440979,0.0040168762207031,36,36.0,YOLO,1,32,0.0,20.602245915993024,0.0,[]
20250720_232723_122,-9,36,36,5.8,20.602245915993024,0.0895559787750244,0.0043756961822509,36,36.0,YOLO,1,32,0.0,20.602245915993024,0.0,[]
20250720_232728_673,-8,36,36,5.8,20.145034741588148,0.0954506397247314,0.002197265625,36,36.0,YOLO,1,32,0.0,20.145034741588148,0.0,[]
20250720_232728_284,-8,36,36,5.8,20.145034741588148,0.0945324897766113,0.002631664276123,36,36.0,YOLO,1,32,0.0,20.145034741588148,0.0,[]
20250720_232727_167,-8,35,35,4.4,20.134975071779124,0.095003604888916,0.004349946975708,35,35.0,YOLO,1,32,0.0,20.134975071779124,0.0,[]
20250720_232727_683,-8,36,36,5.8,20.145034741588148,0.0998246669769287,0.0042042732238769,36,36.0,YOLO,1,32,0.0,20.145034741588148,0.0,[]
20250720_232729_075,-8,36,36,5.8,20.145034741588148,0.0933139324188232,0.0020272731781005,36,36.0,YOLO,1,32,0.0,20.145034741588148,0.0,[]
20250720_232729_359,-8,36,36,5.8,20.145034741588148,0.0964658260345459,0.002032995223999,36,36.0,YOLO,1,32,0.0,20.145034741588148,0.0,[]
20250720_232729_264,-8,36,36,5.8,20.145034741588148,0.0909328460693359,0.0020868778228759,36,36.0,YOLO,1,32,0.0,20.145034741588148,0.0,[]
20250720_232728_484,-8,36,36,5.8,20.145034741588148,0.0964019298553466,0.0021071434020996,36,36.0,YOLO,1,32,0.0,20.145034741588148,0.0,[]
20250720_232726_253,-8,35,35,4.4,20.134975071779124,0.0900816917419433,0.0045382976531982,35,35.0,YOLO,1,32,0.0,20.134975071779124,0.0,[]
20250720_232726_650,-8,35,35,4.4,20.134975071779124,0.0973188877105712,0.0043182373046875,35,35.0,YOLO,1,32,0.0,20.134975071779124,0.0,[]
20250720_232728_182,-8,36,36,5.8,20.145034741588148,0.0985713005065918,0.0020177364349365,36,36.0,YOLO,1,32,0.0,20.145034741588148,0.0,[]
20250720_232726_954,-8,35,35,4.4,20.134975071779124,0.0993988513946533,0.0042920112609863,35,35.0,YOLO,1,32,0.0,20.134975071779124,0.0,[]
20250720_232728_977,-8,36,36,5.8,20.145034741588148,0.0951752662658691,0.0021462440490722,36,36.0,YOLO,1,32,0.0,20.145034741588148,0.0,[]
20250720_232728_383,-8,36,36,5.8,20.145034741588148,0.0972864627838134,0.0020902156829833,36,36.0,YOLO,1,32,0.0,20.145034741588148,0.0,[]
20250720_232725_667,-8,36,36,5.8,20.145034741588148,0.0892169475555419,0.0043592453002929,36,36.0,YOLO,1,32,0.0,20.145034741588148,0.0,[]
20250720_232727_983,-8,36,36,5.8,20.145034741588148,0.0955162048339843,0.0020954608917236,36,36.0,YOLO,1,32,0.0,20.145034741588148,0.0,[]
20250720_232727_883,-8,36,36,5.8,20.145034741588148,0.0952703952789306,0.0028808116912841,36,36.0,YOLO,1,32,0.0,20.145034741588148,0.0,[]
20250720_232728_872,-8,36,36,5.8,20.145034741588148,0.1012132167816162,0.0020530223846435,36,36.0,YOLO,1,32,0.0,20.145034741588148,0.0,[]
20250720_232729_556,-8,35,35,4.4,20.134975071779124,0.0927560329437255,0.0046279430389404,35,35.0,YOLO,1,32,0.0,20.134975071779124,0.0,[]
20250720_232728_772,-8,36,36,5.8,20.145034741588148,0.096346378326416,0.0020778179168701,36,36.0,YOLO,1,32,0.0,20.145034741588148,0.0,[]
20250720_232729_459,-8,36,36,5.8,20.145034741588148,0.0940601825714111,0.0019941329956054,36,36.0,YOLO,1,32,0.0,20.145034741588148,0.0,[]
20250720_232726_157,-8,35,35,4.4,20.134975071779124,0.0906612873077392,0.0040466785430908,35,35.0,YOLO,1,32,0.0,20.134975071779124,0.0,[]
20250720_232726_057,-8,35,35,4.4,20.134975071779124,0.0917630195617675,0.0043389797210693,35,35.0,YOLO,1,32,0.0,20.134975071779124,0.0,[]
20250720_232726_447,-8,35,35,4.4,20.134975071779124,0.0937752723693847,0.004267930984497,35,35.0,YOLO,1,32,0.0,20.134975071779124,0.0,[]
20250720_232729_172,-8,36,36,5.8,20.145034741588148,0.0890991687774658,0.0021369457244873,36,36.0,YOLO,1,32,0.0,20.145034741588148,0.0,[]
20250720_232727_475,-8,36,36,5.8,20.145034741588148,0.09755539894104,0.00392746925354,36,36.0,YOLO,1,32,0.0,20.145034741588148,0.0,[]
20250720_232726_754,-8,35,35,4.4,20.134975071779124,0.0962717533111572,0.0045528411865234,35,35.0,YOLO,1,32,0.0,20.134975071779124,0.0,[]
20250720_232727_270,-8,35,35,4.4,20.134975071779124,0.0973472595214843,0.0043365955352783,35,35.0,YOLO,1,32,0.0,20.134975071779124,0.0,[]
20250720_232728_584,-8,36,36,5.8,20.145034741588148,0.0862689018249511,0.0020382404327392,36,36.0,YOLO,1,32,0.0,20.145034741588148,0.0,[]
20250720_232726_350,-8,35,35,4.4,20.134975071779124,0.0889806747436523,0.004326581954956,35,35.0,YOLO,1,32,0.0,20.134975071779124,0.0,[]
20250720_232727_061,-8,35,35,4.4,20.134975071779124,0.0990710258483886,0.0043263435363769,35,35.0,YOLO,1,32,0.0,20.134975071779124,0.0,[]
20250720_232725_763,-8,36,36,5.8,20.145034741588148,0.0906615257263183,0.0043234825134277,36,36.0,YOLO,1,32,0.0,20.145034741588148,0.0,[]
20250720_232727_790,-8,36,36,5.8,20.145034741588148,0.0856523513793945,0.0042102336883544,36,36.0,YOLO,1,32,0.0,20.145034741588148,0.0,[]
20250720_232727_374,-8,35,35,4.4,20.134975071779124,0.0930554866790771,0.0043764114379882,35,35.0,YOLO,1,32,0.0,20.134975071779124,0.0,[]
20250720_232725_861,-8,36,36,5.8,20.145034741588148,0.0886828899383544,0.0039927959442138,36,36.0,YOLO,1,32,0.0,20.145034741588148,0.0,[]
20250720_232726_548,-8,35,35,4.4,20.134975071779124,0.0941989421844482,0.0043067932128906,35,35.0,YOLO,1,32,0.0,20.134975071779124,0.0,[]
20250720_232725_957,-8,35,35,4.4,20.134975071779124,0.0927212238311767,0.0043637752532958,35,35.0,YOLO,1,32,0.0,20.134975071779124,0.0,[]
20250720_232728_082,-8,36,36,5.8,20.145034741588148,0.0954816341400146,0.0027873516082763,36,36.0,YOLO,1,32,0.0,20.145034741588148,0.0,[]
20250720_232727_580,-8,36,36,5.8,20.145034741588148,0.0962393283843994,0.0042824745178222,36,36.0,YOLO,1,32,0.0,20.145034741588148,0.0,[]
20250720_232732_999,-7,35,35,4.4,19.879104743318493,0.0952579975128173,0.0044145584106445,35,35.0,YOLO,1,32,0.0,19.879104743318493,0.0,[]
20250720_232731_679,-7,35,35,4.4,19.879104743318493,0.0858943462371826,0.0020012855529785,35,35.0,YOLO,1,32,0.0,19.879104743318493,0.0,[]
20250720_232731_166,-7,35,35,4.4,19.879104743318493,0.0919506549835205,0.0043370723724365,35,35.0,YOLO,1,32,0.0,19.879104743318493,0.0,[]
20250720_232733_102,-7,35,35,4.4,19.879104743318493,0.0926971435546875,0.0039691925048828,35,35.0,YOLO,1,32,0.0,19.879104743318493,0.0,[]
20250720_232730_298,-7,35,35,4.4,19.879104743318493,0.0923585891723632,0.004004955291748,35,35.0,YOLO,1,32,0.0,19.879104743318493,0.0,[]
20250720_232731_362,-7,35,35,4.4,19.879104743318493,0.0944952964782714,0.0039494037628173,35,35.0,YOLO,1,32,0.0,19.879104743318493,0.0,[]
20250720_232733_398,-7,35,35,4.4,19.879104743318493,0.098548412322998,0.004241943359375,35,35.0,YOLO,1,32,0.0,19.879104743318493,0.0,[]
20250720_232729_656,-7,36,36,5.8,19.36885048254834,0.0875487327575683,0.003997802734375,36,36.0,YOLO,1,32,0.0,19.36885048254834,0.0,[]
20250720_232732_080,-7,35,35,4.4,19.879104743318493,0.0899631977081298,0.004260778427124,35,35.0,YOLO,1,32,0.0,19.879104743318493,0.0,[]
20250720_232733_298,-7,35,35,4.4,19.879104743318493,0.0932188034057617,0.0039825439453125,35,35.0,YOLO,1,32,0.0,19.879104743318493,0.0,[]
20250720_232732_584,-7,35,35,4.4,19.879104743318493,0.10746431350708,0.0043292045593261,35,35.0,YOLO,1,32,0.0,19.879104743318493,0.0,[]
20250720_232730_968,-7,35,35,4.4,19.879104743318493,0.0941877365112304,0.00246262550354,35,35.0,YOLO,1,32,0.0,19.879104743318493,0.0,[]
20250720_232730_592,-7,35,35,4.4,19.879104743318493,0.0916473865509033,0.0021836757659912,35,35.0,YOLO,1,32,0.0,19.879104743318493,0.0,[]
20250720_232731_874,-7,35,35,4.4,19.879104743318493,0.0987520217895507,0.004237413406372,35,35.0,YOLO,1,32,0.0,19.879104743318493,0.0,[]
20250720_232730_082,-7,35,35,4.4,19.879104743318493,0.0974595546722412,0.0043036937713623,35,35.0,YOLO,1,32,0.0,19.879104743318493,0.0,[]
20250720_232730_781,-7,35,35,4.4,19.879104743318493,0.0892446041107177,0.0023322105407714,35,35.0,YOLO,1,32,0.0,19.879104743318493,0.0,[]
20250720_232730_874,-7,35,35,4.4,19.879104743318493,0.0883598327636718,0.0028073787689208,35,35.0,YOLO,1,32,0.0,19.879104743318493,0.0,[]
20250720_232730_398,-7,35,35,4.4,19.879104743318493,0.0908677577972412,0.0022327899932861,35,35.0,YOLO,1,32,0.0,19.879104743318493,0.0,[]
20250720_232732_479,-7,35,35,4.4,19.879104743318493,0.0983250141143798,0.0039701461791992,35,35.0,YOLO,1,32,0.0,19.879104743318493,0.0,[]
20250720_232732_275,-7,35,35,4.4,19.879104743318493,0.0929703712463378,0.004530906677246,35,35.0,YOLO,1,32,0.0,19.879104743318493,0.0,[]
20250720_232732_801,-7,35,35,4.4,19.879104743318493,0.0896835327148437,0.0046887397766113,35,35.0,YOLO,1,32,0.0,19.879104743318493,0.0,[]
20250720_232731_464,-7,35,35,4.4,19.879104743318493,0.0940890312194824,0.0041909217834472,35,35.0,YOLO,1,32,0.0,19.879104743318493,0.0,[]
20250720_232732_177,-7,35,35,4.4,19.879104743318493,0.0903577804565429,0.0040678977966308,35,35.0,YOLO,1,32,0.0,19.879104743318493,0.0,[]
20250720_232731_265,-7,35,35,4.4,19.879104743318493,0.0902192592620849,0.0039527416229248,35,35.0,YOLO,1,32,0.0,19.879104743318493,0.0,[]
20250720_232731_768,-7,35,35,4.4,19.879104743318493,0.0986440181732177,0.0040066242218017,35,35.0,YOLO,1,32,0.0,19.879104743318493,0.0,[]
20250720_232732_898,-7,35,35,4.4,19.879104743318493,0.0936112403869628,0.0041563510894775,35,35.0,YOLO,1,32,0.0,19.879104743318493,0.0,[]
20250720_232731_066,-7,35,35,4.4,19.879104743318493,0.0929794311523437,0.0039794445037841,35,35.0,YOLO,1,32,0.0,19.879104743318493,0.0,[]
20250720_232729_979,-7,35,35,4.4,19.879104743318493,0.0958864688873291,0.0039763450622558,35,35.0,YOLO,1,32,0.0,19.879104743318493,0.0,[]
20250720_232730_687,-7,35,35,4.4,19.879104743318493,0.0911023616790771,0.0022263526916503,35,35.0,YOLO,1,32,0.0,19.879104743318493,0.0,[]
20250720_232732_375,-7,35,35,4.4,19.879104743318493,0.0969631671905517,0.0044925212860107,35,35.0,YOLO,1,32,0.0,19.879104743318493,0.0,[]
20250720_232731_566,-7,35,35,4.4,19.879104743318493,0.1055333614349365,0.004331350326538,35,35.0,YOLO,1,32,0.0,19.879104743318493,0.0,[]
20250720_232729_751,-7,36,36,5.8,19.36885048254834,0.1176426410675048,0.0042400360107421,36,36.0,YOLO,1,32,0.0,19.36885048254834,0.0,[]
20250720_232730_187,-7,35,35,4.4,19.879104743318493,0.1034774780273437,0.0047428607940673,35,35.0,YOLO,1,32,0.0,19.879104743318493,0.0,[]
20250720_232733_202,-7,35,35,4.4,19.879104743318493,0.0883083343505859,0.0043649673461914,35,35.0,YOLO,1,32,0.0,19.879104743318493,0.0,[]
20250720_232733_504,-7,35,35,4.4,19.879104743318493,0.0932164192199707,0.0039432048797607,35,35.0,YOLO,1,32,0.0,19.879104743318493,0.0,[]
20250720_232733_604,-7,34,34,2.9,19.987351718778484,0.0883560180664062,0.0044188499450683,34,34.0,YOLO,1,32,0.0,19.987351718778484,0.0,[]
20250720_232729_876,-7,35,35,4.4,19.879104743318493,0.0958509445190429,0.0042870044708251,35,35.0,YOLO,1,32,0.0,19.879104743318493,0.0,[]
20250720_232730_492,-7,35,35,4.4,19.879104743318493,0.0961041450500488,0.0020995140075683,35,35.0,YOLO,1,32,0.0,19.879104743318493,0.0,[]
20250720_232731_980,-7,35,35,4.4,19.879104743318493,0.0925266742706298,0.0042810440063476,35,35.0,YOLO,1,32,0.0,19.879104743318493,0.0,[]
20250720_232736_240,-6,34,34,2.9,20.431409177261287,0.0924959182739257,0.0044353008270263,34,34.0,YOLO,1,32,0.0,20.431409177261287,0.0,[]
20250720_232735_116,-6,34,34,2.9,20.431409177261287,0.0931534767150878,0.0043592453002929,34,34.0,YOLO,1,32,0.0,20.431409177261287,0.0,[]
20250720_232736_338,-6,34,34,2.9,20.431409177261287,0.0998809337615966,0.0043301582336425,34,34.0,YOLO,1,32,0.0,20.431409177261287,0.0,[]
20250720_232735_725,-6,34,34,2.9,20.431409177261287,0.0888409614562988,0.0043051242828369,34,34.0,YOLO,1,32,0.0,20.431409177261287,0.0,[]
20250720_232737_579,-6,34,34,2.9,20.431409177261287,0.0961692333221435,0.0043208599090576,34,34.0,YOLO,1,32,0.0,20.431409177261287,0.0,[]
20250720_232734_001,-6,34,34,2.9,20.431409177261287,0.0984292030334472,0.0043671131134033,34,34.0,YOLO,1,32,0.0,20.431409177261287,0.0,[]
20250720_232736_129,-6,34,34,2.9,20.431409177261287,0.1030719280242919,0.0043354034423828,34,34.0,YOLO,1,32,0.0,20.431409177261287,0.0,[]
20250720_232736_757,-6,34,34,2.9,20.431409177261287,0.0906376838684082,0.0042920112609863,34,34.0,YOLO,1,32,0.0,20.431409177261287,0.0,[]
20250720_232735_216,-6,34,34,2.9,20.431409177261287,0.0978453159332275,0.0043537616729736,34,34.0,YOLO,1,32,0.0,20.431409177261287,0.0,[]
20250720_232737_057,-6,34,34,2.9,20.431409177261287,0.0926563739776611,0.0043344497680664,34,34.0,YOLO,1,32,0.0,20.431409177261287,0.0,[]
20250720_232734_315,-6,34,34,2.9,20.431409177261287,0.0934033393859863,0.0039551258087158,34,34.0,YOLO,1,32,0.0,20.431409177261287,0.0,[]
20250720_232736_855,-6,34,34,2.9,20.431409177261287,0.0923340320587158,0.0044977664947509,34,34.0,YOLO,1,32,0.0,20.431409177261287,0.0,[]
20250720_232735_821,-6,34,34,2.9,20.431409177261287,0.0988938808441162,0.0044746398925781,34,34.0,YOLO,1,32,0.0,20.431409177261287,0.0,[]
20250720_232737_259,-6,34,34,2.9,20.431409177261287,0.1030516624450683,0.0043754577636718,34,34.0,YOLO,1,32,0.0,20.431409177261287,0.0,[]
20250720_232735_321,-6,34,34,2.9,20.431409177261287,0.0945272445678711,0.0039737224578857,34,34.0,YOLO,1,32,0.0,20.431409177261287,0.0,[]
20250720_232735_519,-6,34,34,2.9,20.431409177261287,0.0946617126464843,0.0037658214569091,34,34.0,YOLO,1,32,0.0,20.431409177261287,0.0,[]
20250720_232734_519,-6,34,34,2.9,20.431409177261287,0.0985207557678222,0.0042726993560791,34,34.0,YOLO,1,32,0.0,20.431409177261287,0.0,[]
20250720_232736_445,-6,34,34,2.9,20.431409177261287,0.0950608253479003,0.0044395923614501,34,34.0,YOLO,1,32,0.0,20.431409177261287,0.0,[]
20250720_232733_699,-6,35,35,4.4,19.405543180804955,0.0957922935485839,0.0040397644042968,35,35.0,YOLO,1,32,0.0,19.405543180804955,0.0,[]
20250720_232735_621,-6,34,34,2.9,20.431409177261287,0.0970232486724853,0.004399299621582,34,34.0,YOLO,1,32,0.0,20.431409177261287,0.0,[]
20250720_232736_654,-6,34,34,2.9,20.431409177261287,0.0953664779663086,0.004241943359375,34,34.0,YOLO,1,32,0.0,20.431409177261287,0.0,[]
20250720_232734_415,-6,34,34,2.9,20.431409177261287,0.0968019962310791,0.0043108463287353,34,34.0,YOLO,1,32,0.0,20.431409177261287,0.0,[]
20250720_232737_155,-6,34,34,2.9,20.431409177261287,0.0955801010131836,0.0043230056762695,34,34.0,YOLO,1,32,0.0,20.431409177261287,0.0,[]
20250720_232733_802,-6,35,35,4.4,19.405543180804955,0.0875453948974609,0.0043206214904785,35,35.0,YOLO,1,32,0.0,19.405543180804955,0.0,[]
20250720_232734_816,-6,34,34,2.9,20.431409177261287,0.0939493179321289,0.0043787956237792,34,34.0,YOLO,1,32,0.0,20.431409177261287,0.0,[]
20250720_232736_548,-6,34,34,2.9,20.431409177261287,0.0993638038635253,0.0041360855102539,34,34.0,YOLO,1,32,0.0,20.431409177261287,0.0,[]
20250720_232735_928,-6,34,34,2.9,20.431409177261287,0.0969116687774658,0.0044023990631103,34,34.0,YOLO,1,32,0.0,20.431409177261287,0.0,[]
20250720_232734_106,-6,34,34,2.9,20.431409177261287,0.0962464809417724,0.0042846202850341,34,34.0,YOLO,1,32,0.0,20.431409177261287,0.0,[]
20250720_232734_625,-6,34,34,2.9,20.431409177261287,0.0894002914428711,0.0043160915374755,34,34.0,YOLO,1,32,0.0,20.431409177261287,0.0,[]
20250720_232736_032,-6,34,34,2.9,20.431409177261287,0.0894711017608642,0.004143476486206,34,34.0,YOLO,1,32,0.0,20.431409177261287,0.0,[]
20250720_232735_423,-6,34,34,2.9,20.431409177261287,0.0902225971221923,0.0045108795166015,34,34.0,YOLO,1,32,0.0,20.431409177261287,0.0,[]
20250720_232734_210,-6,34,34,2.9,20.431409177261287,0.0978999137878418,0.0039763450622558,34,34.0,YOLO,1,32,0.0,20.431409177261287,0.0,[]
20250720_232736_955,-6,34,34,2.9,20.431409177261287,0.0943748950958252,0.0042345523834228,34,34.0,YOLO,1,32,0.0,20.431409177261287,0.0,[]
20250720_232733_897,-6,34,34,2.9,20.431409177261287,0.0960164070129394,0.0041937828063964,34,34.0,YOLO,1,32,0.0,20.431409177261287,0.0,[]
20250720_232734_917,-6,34,34,2.9,20.431409177261287,0.0898537635803222,0.0043814182281494,34,34.0,YOLO,1,32,0.0,20.431409177261287,0.0,[]
20250720_232734_722,-6,34,34,2.9,20.431409177261287,0.0859394073486328,0.0045173168182373,34,34.0,YOLO,1,32,0.0,20.431409177261287,0.0,[]
20250720_232737_369,-6,34,34,2.9,20.431409177261287,0.0941882133483886,0.0043442249298095,34,34.0,YOLO,1,32,0.0,20.431409177261287,0.0,[]
20250720_232737_471,-6,34,34,2.9,20.431409177261287,0.1011371612548828,0.0043184757232666,34,34.0,YOLO,1,32,0.0,20.431409177261287,0.0,[]
20250720_232735_014,-6,34,34,2.9,20.431409177261287,0.0936472415924072,0.0043511390686035,34,34.0,YOLO,1,32,0.0,20.431409177261287,0.0,[]
20250720_232739_129,-5,34,34,2.9,19.97503476011257,0.0905652046203613,0.0043337345123291,34,34.0,YOLO,1,32,0.0,19.97503476011257,0.0,[]
20250720_232739_329,-5,34,34,2.9,19.97503476011257,0.0983901023864746,0.003986120223999,34,34.0,YOLO,1,32,0.0,19.97503476011257,0.0,[]
20250720_232740_035,-5,33,33,1.5,20.3393480211354,0.103630781173706,0.0042698383331298,33,33.0,YOLO,1,32,0.0,20.3393480211354,0.0,[]
20250720_232740_961,-5,33,33,1.5,20.3393480211354,0.0973248481750488,0.0040411949157714,33,33.0,YOLO,1,32,0.0,20.3393480211354,0.0,[]
20250720_232739_227,-5,34,34,2.9,19.97503476011257,0.0962271690368652,0.0043270587921142,34,34.0,YOLO,1,32,0.0,19.97503476011257,0.0,[]
20250720_232740_747,-5,33,33,1.5,20.3393480211354,0.1039211750030517,0.0042064189910888,33,33.0,YOLO,1,32,0.0,20.3393480211354,0.0,[]
20250720_232741_271,-5,33,33,1.5,20.3393480211354,0.08980393409729,0.0042610168457031,33,33.0,YOLO,1,32,0.0,20.3393480211354,0.0,[]
20250720_232741_367,-5,33,33,1.5,20.3393480211354,0.0897111892700195,0.0039470195770263,33,33.0,YOLO,1,32,0.0,20.3393480211354,0.0,[]
20250720_232738_204,-5,33,33,1.5,20.3393480211354,0.0953240394592285,0.0043168067932128,33,33.0,YOLO,1,32,0.0,20.3393480211354,0.0,[]
20250720_232740_146,-5,33,33,1.5,20.3393480211354,0.0872890949249267,0.0043330192565917,33,33.0,YOLO,1,32,0.0,20.3393480211354,0.0,[]
20250720_232739_435,-5,34,34,2.9,19.97503476011257,0.0919947624206543,0.00435471534729,34,34.0,YOLO,1,32,0.0,19.97503476011257,0.0,[]
20250720_232738_306,-5,33,33,1.5,20.3393480211354,0.102496862411499,0.0039741992950439,33,33.0,YOLO,1,32,0.0,20.3393480211354,0.0,[]
20250720_232739_638,-5,34,34,2.9,19.97503476011257,0.0941967964172363,0.0039620399475097,34,34.0,YOLO,1,32,0.0,19.97503476011257,0.0,[]
20250720_232740_641,-5,33,33,1.5,20.3393480211354,0.0993680953979492,0.0039649009704589,33,33.0,YOLO,1,32,0.0,20.3393480211354,0.0,[]
20250720_232737_791,-5,34,34,2.9,19.97503476011257,0.0893604755401611,0.0040585994720458,34,34.0,YOLO,1,32,0.0,19.97503476011257,0.0,[]
20250720_232740_858,-5,33,33,1.5,20.3393480211354,0.094616413116455,0.0043966770172119,33,33.0,YOLO,1,32,0.0,20.3393480211354,0.0,[]
20250720_232738_617,-5,33,33,1.5,20.3393480211354,0.0937280654907226,0.004396915435791,33,33.0,YOLO,1,32,0.0,20.3393480211354,0.0,[]
20250720_232738_925,-5,34,34,2.9,19.97503476011257,0.0921940803527832,0.0043244361877441,34,34.0,YOLO,1,32,0.0,19.97503476011257,0.0,[]
20250720_232737_996,-5,33,33,1.5,20.3393480211354,0.0996057987213134,0.0042989253997802,33,33.0,YOLO,1,32,0.0,20.3393480211354,0.0,[]
20250720_232740_241,-5,33,33,1.5,20.3393480211354,0.0983541011810302,0.0037064552307128,33,33.0,YOLO,1,32,0.0,20.3393480211354,0.0,[]
20250720_232739_534,-5,34,34,2.9,19.97503476011257,0.0960762500762939,0.0043375492095947,34,34.0,YOLO,1,32,0.0,19.97503476011257,0.0,[]
20250720_232739_939,-5,33,33,1.5,20.3393480211354,0.0880234241485595,0.0043256282806396,33,33.0,YOLO,1,32,0.0,20.3393480211354,0.0,[]
20250720_232740_344,-5,33,33,1.5,20.3393480211354,0.0974817276000976,0.0039401054382324,33,33.0,YOLO,1,32,0.0,20.3393480211354,0.0,[]
20250720_232739_739,-5,33,33,1.5,20.3393480211354,0.0947520732879638,0.0043001174926757,33,33.0,YOLO,1,32,0.0,20.3393480211354,0.0,[]
20250720_232737_887,-5,33,33,1.5,20.3393480211354,0.1011559963226318,0.0040383338928222,33,33.0,YOLO,1,32,0.0,20.3393480211354,0.0,[]
20250720_232739_024,-5,34,34,2.9,19.97503476011257,0.0970771312713623,0.0041871070861816,34,34.0,YOLO,1,32,0.0,19.97503476011257,0.0,[]
20250720_232738_103,-5,33,33,1.5,20.3393480211354,0.0946991443634033,0.003955602645874,33,33.0,YOLO,1,32,0.0,20.3393480211354,0.0,[]
20250720_232741_463,-5,33,33,1.5,20.3393480211354,0.0893609523773193,0.004368782043457,33,33.0,YOLO,1,32,0.0,20.3393480211354,0.0,[]
20250720_232741_560,-5,33,33,1.5,20.3393480211354,0.0912089347839355,0.0042953491210937,33,33.0,YOLO,1,32,0.0,20.3393480211354,0.0,[]
20250720_232738_415,-5,33,33,1.5,20.3393480211354,0.0929572582244873,0.004094123840332,33,33.0,YOLO,1,32,0.0,20.3393480211354,0.0,[]
20250720_232740_543,-5,33,33,1.5,20.3393480211354,0.0909905433654785,0.0039668083190917,33,33.0,YOLO,1,32,0.0,20.3393480211354,0.0,[]
20250720_232740_448,-5,33,33,1.5,20.3393480211354,0.0873498916625976,0.0042860507965087,33,33.0,YOLO,1,32,0.0,20.3393480211354,0.0,[]
20250720_232739_841,-5,33,33,1.5,20.3393480211354,0.0907349586486816,0.0041873455047607,33,33.0,YOLO,1,32,0.0,20.3393480211354,0.0,[]
20250720_232737_683,-5,34,34,2.9,19.97503476011257,0.1003248691558837,0.0044150352478027,34,34.0,YOLO,1,32,0.0,19.97503476011257,0.0,[]
20250720_232741_166,-5,33,33,1.5,20.3393480211354,0.0978472232818603,0.0043306350708007,33,33.0,YOLO,1,32,0.0,20.3393480211354,0.0,[]
20250720_232738_824,-5,33,33,1.5,20.3393480211354,0.0921549797058105,0.004512071609497,33,33.0,YOLO,1,32,0.0,20.3393480211354,0.0,[]
20250720_232741_065,-5,33,33,1.5,20.3393480211354,0.0938611030578613,0.0043330192565917,33,33.0,YOLO,1,32,0.0,20.3393480211354,0.0,[]
20250720_232738_515,-5,33,33,1.5,20.3393480211354,0.094806432723999,0.0042345523834228,33,33.0,YOLO,1,32,0.0,20.3393480211354,0.0,[]
20250720_232738_718,-5,33,33,1.5,20.3393480211354,0.0977747440338134,0.0043551921844482,33,33.0,YOLO,1,32,0.0,20.3393480211354,0.0,[]
20250720_232742_448,-4,33,33,1.5,20.58273326728235,0.0976922512054443,0.0042958259582519,33,33.0,YOLO,1,32,0.0,20.58273326728235,0.0,[]
20250720_232743_491,-4,33,33,1.5,20.58273326728235,0.09855318069458,0.0041878223419189,33,33.0,YOLO,1,32,0.0,20.58273326728235,0.0,[]
20250720_232745_117,-4,33,33,1.5,20.58273326728235,0.0911180973052978,0.0043046474456787,33,33.0,YOLO,1,32,0.0,20.58273326728235,0.0,[]
20250720_232745_423,-4,33,33,1.5,20.58273326728235,0.0898818969726562,0.0043342113494873,33,33.0,YOLO,1,32,0.0,20.58273326728235,0.0,[]
20250720_232742_766,-4,33,33,1.5,20.58273326728235,0.0940866470336914,0.0043468475341796,33,33.0,YOLO,1,32,0.0,20.58273326728235,0.0,[]
20250720_232743_280,-4,33,33,1.5,20.58273326728235,0.1046812534332275,0.0048189163208007,33,33.0,YOLO,1,32,0.0,20.58273326728235,0.0,[]
20250720_232744_188,-4,33,33,1.5,20.58273326728235,0.0892765522003173,0.0043187141418457,33,33.0,YOLO,1,32,0.0,20.58273326728235,0.0,[]
20250720_232744_491,-4,33,33,1.5,20.58273326728235,0.0986249446868896,0.0043127536773681,33,33.0,YOLO,1,32,0.0,20.58273326728235,0.0,[]
20250720_232743_181,-4,33,33,1.5,20.58273326728235,0.091562271118164,0.0043785572052001,33,33.0,YOLO,1,32,0.0,20.58273326728235,0.0,[]
20250720_232744_916,-4,33,33,1.5,20.58273326728235,0.0960111618041992,0.0043766498565673,33,33.0,YOLO,1,32,0.0,20.58273326728235,0.0,[]
20250720_232744_285,-4,33,33,1.5,20.58273326728235,0.0961873531341552,0.0042953491210937,33,33.0,YOLO,1,32,0.0,20.58273326728235,0.0,[]
20250720_232742_867,-4,33,33,1.5,20.58273326728235,0.0998709201812744,0.0043671131134033,33,33.0,YOLO,1,32,0.0,20.58273326728235,0.0,[]
20250720_232743_992,-4,33,33,1.5,20.58273326728235,0.0886938571929931,0.0044488906860351,33,33.0,YOLO,1,32,0.0,20.58273326728235,0.0,[]
20250720_232743_696,-4,33,33,1.5,20.58273326728235,0.0963587760925293,0.0043118000030517,33,33.0,YOLO,1,32,0.0,20.58273326728235,0.0,[]
20250720_232743_393,-4,33,33,1.5,20.58273326728235,0.0919020175933837,0.0043270587921142,33,33.0,YOLO,1,32,0.0,20.58273326728235,0.0,[]
20250720_232742_662,-4,33,33,1.5,20.58273326728235,0.0961668491363525,0.0043013095855712,33,33.0,YOLO,1,32,0.0,20.58273326728235,0.0,[]
20250720_232743_800,-4,33,33,1.5,20.58273326728235,0.0876722335815429,0.0043416023254394,33,33.0,YOLO,1,32,0.0,20.58273326728235,0.0,[]
20250720_232744_813,-4,33,33,1.5,20.58273326728235,0.0963103771209716,0.0042955875396728,33,33.0,YOLO,1,32,0.0,20.58273326728235,0.0,[]
20250720_232745_521,-4,33,33,1.5,20.58273326728235,0.0865740776062011,0.0040621757507324,33,33.0,YOLO,1,32,0.0,20.58273326728235,0.0,[]
20250720_232744_088,-4,33,33,1.5,20.58273326728235,0.0922112464904785,0.0043144226074218,33,33.0,YOLO,1,32,0.0,20.58273326728235,0.0,[]
20250720_232743_895,-4,33,33,1.5,20.58273326728235,0.0895719528198242,0.0043060779571533,33,33.0,YOLO,1,32,0.0,20.58273326728235,0.0,[]
20250720_232742_052,-4,33,33,1.5,20.58273326728235,0.0892159938812255,0.0043704509735107,33,33.0,YOLO,1,32,0.0,20.58273326728235,0.0,[]
20250720_232744_389,-4,33,33,1.5,20.58273326728235,0.0945672988891601,0.0043675899505615,33,33.0,YOLO,1,32,0.0,20.58273326728235,0.0,[]
20250720_232745_215,-4,33,33,1.5,20.58273326728235,0.094935655593872,0.0047061443328857,33,33.0,YOLO,1,32,0.0,20.58273326728235,0.0,[]
20250720_232741_951,-4,33,33,1.5,20.58273326728235,0.0935533046722412,0.0043344497680664,33,33.0,YOLO,1,32,0.0,20.58273326728235,0.0,[]
20250720_232745_020,-4,33,33,1.5,20.58273326728235,0.0896198749542236,0.0042672157287597,33,33.0,YOLO,1,32,0.0,20.58273326728235,0.0,[]
20250720_232744_705,-4,33,33,1.5,20.58273326728235,0.1002230644226074,0.004279613494873,33,33.0,YOLO,1,32,0.0,20.58273326728235,0.0,[]
20250720_232741_659,-4,33,33,1.5,20.58273326728235,0.0901041030883789,0.0043139457702636,33,33.0,YOLO,1,32,0.0,20.58273326728235,0.0,[]
20250720_232744_597,-4,33,33,1.5,20.58273326728235,0.1005222797393798,0.0043063163757324,33,33.0,YOLO,1,32,0.0,20.58273326728235,0.0,[]
20250720_232743_071,-4,33,33,1.5,20.58273326728235,0.1024765968322753,0.0044469833374023,33,33.0,YOLO,1,32,0.0,20.58273326728235,0.0,[]
20250720_232743_596,-4,33,33,1.5,20.58273326728235,0.0923070907592773,0.0043504238128662,33,33.0,YOLO,1,32,0.0,20.58273326728235,0.0,[]
20250720_232742_553,-4,33,33,1.5,20.58273326728235,0.1015281677246093,0.0043299198150634,33,33.0,YOLO,1,32,0.0,20.58273326728235,0.0,[]
20250720_232742_351,-4,33,33,1.5,20.58273326728235,0.0897860527038574,0.004195213317871,33,33.0,YOLO,1,32,0.0,20.58273326728235,0.0,[]
20250720_232742_248,-4,33,33,1.5,20.58273326728235,0.0959444046020507,0.0040071010589599,33,33.0,YOLO,1,32,0.0,20.58273326728235,0.0,[]
20250720_232741_857,-4,33,33,1.5,20.58273326728235,0.0869243144989013,0.0036256313323974,33,33.0,YOLO,1,32,0.0,20.58273326728235,0.0,[]
20250720_232745_318,-4,33,33,1.5,20.58273326728235,0.0982398986816406,0.0040192604064941,33,33.0,YOLO,1,32,0.0,20.58273326728235,0.0,[]
20250720_232742_148,-4,33,33,1.5,20.58273326728235,0.092764139175415,0.0039560794830322,33,33.0,YOLO,1,32,0.0,20.58273326728235,0.0,[]
20250720_232742_974,-4,33,33,1.5,20.58273326728235,0.0884335041046142,0.0044436454772949,33,33.0,YOLO,1,32,0.0,20.58273326728235,0.0,[]
20250720_232741_756,-4,34,34,2.9,19.88130475581771,0.0934133529663086,0.0042691230773925,34,34.0,YOLO,1,32,0.0,19.88130475581771,0.0,[]
20250720_232746_234,-3,32,32,0.0,20.680920869871755,0.0945849418640136,0.0043506622314453,32,32.0,YOLO,1,32,0.0,20.680920869871755,0.0,[]
20250720_232749_123,-3,32,32,0.0,20.680920869871755,0.0899605751037597,0.0043025016784667,32,32.0,YOLO,1,32,0.0,20.680920869871755,0.0,[]
20250720_232745_818,-3,33,33,1.5,19.79819199246812,0.0964815616607666,0.0044012069702148,33,33.0,YOLO,1,32,0.0,19.79819199246812,0.0,[]
20250720_232748_523,-3,32,32,0.0,20.680920869871755,0.0875840187072753,0.0043916702270507,32,32.0,YOLO,1,32,0.0,20.680920869871755,0.0,[]
20250720_232747_274,-3,32,32,0.0,20.680920869871755,0.0982656478881836,0.0043604373931884,32,32.0,YOLO,1,32,0.0,20.680920869871755,0.0,[]
20250720_232749_420,-3,32,32,0.0,20.680920869871755,0.0974171161651611,0.0043609142303466,32,32.0,YOLO,1,32,0.0,20.680920869871755,0.0,[]
20250720_232746_447,-3,32,32,0.0,20.680920869871755,0.0978791713714599,0.0043387413024902,32,32.0,YOLO,1,32,0.0,20.680920869871755,0.0,[]
20250720_232747_182,-3,32,32,0.0,20.680920869871755,0.0844793319702148,0.0043442249298095,32,32.0,YOLO,1,32,0.0,20.680920869871755,0.0,[]
20250720_232748_917,-3,32,32,0.0,20.680920869871755,0.0928912162780761,0.0043387413024902,32,32.0,YOLO,1,32,0.0,20.680920869871755,0.0,[]
20250720_232747_480,-3,32,32,0.0,20.680920869871755,0.0993201732635498,0.0039453506469726,32,32.0,YOLO,1,32,0.0,20.680920869871755,0.0,[]
20250720_232745_922,-3,32,32,0.0,20.680920869871755,0.095754861831665,0.0043504238128662,32,32.0,YOLO,1,32,0.0,20.680920869871755,0.0,[]
20250720_232747_806,-3,32,32,0.0,20.680920869871755,0.0998842716217041,0.0039734840393066,32,32.0,YOLO,1,32,0.0,20.680920869871755,0.0,[]
20250720_232747_699,-3,32,32,0.0,20.680920869871755,0.1003904342651367,0.0041851997375488,32,32.0,YOLO,1,32,0.0,20.680920869871755,0.0,[]
20250720_232748_820,-3,32,32,0.0,20.680920869871755,0.0895283222198486,0.0044686794281005,32,32.0,YOLO,1,32,0.0,20.680920869871755,0.0,[]
20250720_232747_380,-3,32,32,0.0,20.680920869871755,0.0930056571960449,0.0043129920959472,32,32.0,YOLO,1,32,0.0,20.680920869871755,0.0,[]
20250720_232748_019,-3,32,32,0.0,20.680920869871755,0.0902435779571533,0.004002571105957,32,32.0,YOLO,1,32,0.0,20.680920869871755,0.0,[]
20250720_232745_614,-3,33,33,1.5,19.79819199246812,0.0959656238555908,0.0042006969451904,33,33.0,YOLO,1,32,0.0,19.79819199246812,0.0,[]
20250720_232748_116,-3,32,32,0.0,20.680920869871755,0.1003248691558837,0.0046882629394531,32,32.0,YOLO,1,32,0.0,20.680920869871755,0.0,[]
20250720_232746_871,-3,32,32,0.0,20.680920869871755,0.0889580249786377,0.0041968822479248,32,32.0,YOLO,1,32,0.0,20.680920869871755,0.0,[]
20250720_232749_525,-3,32,32,0.0,20.680920869871755,0.0936908721923828,0.0042927265167236,32,32.0,YOLO,1,32,0.0,20.680920869871755,0.0,[]
20250720_232749_220,-3,32,32,0.0,20.680920869871755,0.089937686920166,0.0043556690216064,32,32.0,YOLO,1,32,0.0,20.680920869871755,0.0,[]
20250720_232746_967,-3,32,32,0.0,20.680920869871755,0.1002199649810791,0.0043084621429443,32,32.0,YOLO,1,32,0.0,20.680920869871755,0.0,[]
20250720_232747_075,-3,32,32,0.0,20.680920869871755,0.1016688346862793,0.0043063163757324,32,32.0,YOLO,1,32,0.0,20.680920869871755,0.0,[]
20250720_232747_912,-3,32,32,0.0,20.680920869871755,0.0994222164154052,0.0039210319519042,32,32.0,YOLO,1,32,0.0,20.680920869871755,0.0,[]
20250720_232748_428,-3,32,32,0.0,20.680920869871755,0.088010549545288,0.0042905807495117,32,32.0,YOLO,1,32,0.0,20.680920869871755,0.0,[]
20250720_232749_018,-3,32,32,0.0,20.680920869871755,0.0978779792785644,0.004239797592163,32,32.0,YOLO,1,32,0.0,20.680920869871755,0.0,[]
20250720_232746_133,-3,32,32,0.0,20.680920869871755,0.0940847396850586,0.0039558410644531,32,32.0,YOLO,1,32,0.0,20.680920869871755,0.0,[]
20250720_232746_336,-3,32,32,0.0,20.680920869871755,0.1033515930175781,0.0043013095855712,32,32.0,YOLO,1,32,0.0,20.680920869871755,0.0,[]
20250720_232746_552,-3,32,32,0.0,20.680920869871755,0.096057653427124,0.0042574405670166,32,32.0,YOLO,1,32,0.0,20.680920869871755,0.0,[]
20250720_232748_618,-3,32,32,0.0,20.680920869871755,0.0991072654724121,0.0044906139373779,32,32.0,YOLO,1,32,0.0,20.680920869871755,0.0,[]
20250720_232746_656,-3,32,32,0.0,20.680920869871755,0.0976886749267578,0.0042850971221923,32,32.0,YOLO,1,32,0.0,20.680920869871755,0.0,[]
20250720_232747_587,-3,32,32,0.0,20.680920869871755,0.1044898033142089,0.0043177604675292,32,32.0,YOLO,1,32,0.0,20.680920869871755,0.0,[]
20250720_232746_026,-3,32,32,0.0,20.680920869871755,0.1002631187438964,0.0042614936828613,32,32.0,YOLO,1,32,0.0,20.680920869871755,0.0,[]
20250720_232749_318,-3,32,32,0.0,20.680920869871755,0.0953032970428466,0.0042917728424072,32,32.0,YOLO,1,32,0.0,20.680920869871755,0.0,[]
20250720_232748_222,-3,32,32,0.0,20.680920869871755,0.1008427143096923,0.0045099258422851,32,32.0,YOLO,1,32,0.0,20.680920869871755,0.0,[]
20250720_232748_725,-3,32,32,0.0,20.680920869871755,0.0874805450439453,0.004462718963623,32,32.0,YOLO,1,32,0.0,20.680920869871755,0.0,[]
20250720_232748_331,-3,32,32,0.0,20.680920869871755,0.0899732112884521,0.0041086673736572,32,32.0,YOLO,1,32,0.0,20.680920869871755,0.0,[]
20250720_232745_718,-3,33,33,1.5,19.79819199246812,0.0925745964050293,0.0043456554412841,33,33.0,YOLO,1,32,0.0,19.79819199246812,0.0,[]
20250720_232746_761,-3,32,32,0.0,20.680920869871755,0.1032197475433349,0.0042030811309814,32,32.0,YOLO,1,32,0.0,20.680920869871755,0.0,[]
20250720_232753_135,-2,31,31,-1.5,21.32172847746935,0.0996479988098144,0.0043277740478515,31,31.0,YOLO,1,32,0.0,21.32172847746935,0.0,[]
20250720_232752_613,-2,31,31,-1.5,21.32172847746935,0.0995702743530273,0.0039124488830566,31,31.0,YOLO,1,32,0.0,21.32172847746935,0.0,[]
20250720_232750_841,-2,31,31,-1.5,21.32172847746935,0.0919928550720214,0.0040760040283203,31,31.0,YOLO,1,32,0.0,21.32172847746935,0.0,[]
20250720_232750_131,-2,31,31,-1.5,21.32172847746935,0.0939936637878418,0.0041747093200683,31,31.0,YOLO,1,32,0.0,21.32172847746935,0.0,[]
20250720_232750_232,-2,31,31,-1.5,21.32172847746935,0.0944356918334961,0.0045428276062011,31,31.0,YOLO,1,32,0.0,21.32172847746935,0.0,[]
20250720_232750_741,-2,31,31,-1.5,21.32172847746935,0.0926301479339599,0.0043189525604248,31,31.0,YOLO,1,32,0.0,21.32172847746935,0.0,[]
20250720_232749_723,-2,32,32,0.0,20.88918522383746,0.094390869140625,0.0043132305145263,32,32.0,YOLO,1,32,0.0,20.88918522383746,0.0,[]
20250720_232751_924,-2,31,31,-1.5,21.32172847746935,0.0935776233673095,0.0043137073516845,31,31.0,YOLO,1,32,0.0,21.32172847746935,0.0,[]
20250720_232752_025,-2,32,32,0.0,20.88918522383746,0.1408116817474365,0.004410982131958,32,32.0,YOLO,1,32,0.0,20.88918522383746,0.0,[]
20250720_232749_825,-2,31,31,-1.5,21.32172847746935,0.0894007682800293,0.0042412281036376,31,31.0,YOLO,1,32,0.0,21.32172847746935,0.0,[]
20250720_232752_390,-2,31,31,-1.5,21.32172847746935,0.1037325859069824,0.0043041706085205,31,31.0,YOLO,1,32,0.0,21.32172847746935,0.0,[]
20250720_232751_138,-2,31,31,-1.5,21.32172847746935,0.0890898704528808,0.0041174888610839,31,31.0,YOLO,1,32,0.0,21.32172847746935,0.0,[]
20250720_232752_720,-2,31,31,-1.5,21.32172847746935,0.0994675159454345,0.0032989978790283,31,31.0,YOLO,1,32,0.0,21.32172847746935,0.0,[]
20250720_232751_234,-2,31,31,-1.5,21.32172847746935,0.0915508270263671,0.0042808055877685,31,31.0,YOLO,1,32,0.0,21.32172847746935,0.0,[]
20250720_232752_291,-2,31,31,-1.5,21.32172847746935,0.0909817218780517,0.0048534870147705,31,31.0,YOLO,1,32,0.0,21.32172847746935,0.0,[]
20250720_232750_532,-2,31,31,-1.5,21.32172847746935,0.0950372219085693,0.004274845123291,31,31.0,YOLO,1,32,0.0,21.32172847746935,0.0,[]
20250720_232751_333,-2,32,32,0.0,20.88918522383746,0.0934228897094726,0.0043427944183349,32,32.0,YOLO,1,32,0.0,20.88918522383746,0.0,[]
20250720_232753_554,-2,31,31,-1.5,21.32172847746935,0.1012778282165527,0.0041964054107666,31,31.0,YOLO,1,32,0.0,21.32172847746935,0.0,[]
20250720_232751_530,-2,32,32,0.0,20.88918522383746,0.0873503684997558,0.0042431354522705,32,32.0,YOLO,1,32,0.0,20.88918522383746,0.0,[]
20250720_232751_039,-2,31,31,-1.5,21.32172847746935,0.0917415618896484,0.0040497779846191,31,31.0,YOLO,1,32,0.0,21.32172847746935,0.0,[]
20250720_232750_334,-2,31,31,-1.5,21.32172847746935,0.0897376537322998,0.0043249130249023,31,31.0,YOLO,1,32,0.0,21.32172847746935,0.0,[]
20250720_232751_434,-2,32,32,0.0,20.88918522383746,0.0893599987030029,0.0039541721343994,32,32.0,YOLO,1,32,0.0,20.88918522383746,0.0,[]
20250720_232753_451,-2,31,31,-1.5,21.32172847746935,0.0952174663543701,0.004338264465332,31,31.0,YOLO,1,32,0.0,21.32172847746935,0.0,[]
20250720_232752_929,-2,31,31,-1.5,21.32172847746935,0.0947840213775634,0.0043864250183105,31,31.0,YOLO,1,32,0.0,21.32172847746935,0.0,[]
20250720_232753_032,-2,31,31,-1.5,21.32172847746935,0.0961170196533203,0.0042691230773925,31,31.0,YOLO,1,32,0.0,21.32172847746935,0.0,[]
20250720_232753_242,-2,31,31,-1.5,21.32172847746935,0.098142385482788,0.0038897991180419,31,31.0,YOLO,1,32,0.0,21.32172847746935,0.0,[]
20250720_232749_922,-2,31,31,-1.5,21.32172847746935,0.099172830581665,0.0043401718139648,31,31.0,YOLO,1,32,0.0,21.32172847746935,0.0,[]
20250720_232752_824,-2,31,31,-1.5,21.32172847746935,0.1008746623992919,0.0026795864105224,31,31.0,YOLO,1,32,0.0,21.32172847746935,0.0,[]
20250720_232752_174,-2,31,31,-1.5,21.32172847746935,0.1107120513916015,0.0039634704589843,31,31.0,YOLO,1,32,0.0,21.32172847746935,0.0,[]
20250720_232751_625,-2,31,31,-1.5,21.32172847746935,0.0969254970550537,0.0041437149047851,31,31.0,YOLO,1,32,0.0,21.32172847746935,0.0,[]
20250720_232750_028,-2,31,31,-1.5,21.32172847746935,0.0948748588562011,0.0042049884796142,31,31.0,YOLO,1,32,0.0,21.32172847746935,0.0,[]
20250720_232753_347,-2,31,31,-1.5,21.32172847746935,0.0965638160705566,0.0043351650238037,31,31.0,YOLO,1,32,0.0,21.32172847746935,0.0,[]
20250720_232749_627,-2,32,32,0.0,20.88918522383746,0.0892202854156494,0.0042765140533447,32,32.0,YOLO,1,32,0.0,20.88918522383746,0.0,[]
20250720_232751_826,-2,32,32,0.0,20.88918522383746,0.0907230377197265,0.0043277740478515,32,32.0,YOLO,1,32,0.0,20.88918522383746,0.0,[]
20250720_232750_635,-2,31,31,-1.5,21.32172847746935,0.0985655784606933,0.0042276382446289,31,31.0,YOLO,1,32,0.0,21.32172847746935,0.0,[]
20250720_232751_729,-2,31,31,-1.5,21.32172847746935,0.089689016342163,0.0042769908905029,31,31.0,YOLO,1,32,0.0,21.32172847746935,0.0,[]
20250720_232750_940,-2,31,31,-1.5,21.32172847746935,0.0923860073089599,0.0043065547943115,31,31.0,YOLO,1,32,0.0,21.32172847746935,0.0,[]
20250720_232752_502,-2,31,31,-1.5,21.32172847746935,0.1046404838562011,0.0041968822479248,31,31.0,YOLO,1,32,0.0,21.32172847746935,0.0,[]
20250720_232750_431,-2,31,31,-1.5,21.32172847746935,0.0935440063476562,0.0042724609375,31,31.0,YOLO,1,32,0.0,21.32172847746935,0.0,[]
20250720_232755_489,-1,31,31,-1.5,20.985161754898968,0.0883736610412597,0.0042402744293212,31,31.0,YOLO,1,32,0.0,20.985161754898968,0.0,[]
20250720_232753_757,-1,31,31,-1.5,20.985161754898968,0.0872304439544677,0.0039491653442382,31,31.0,YOLO,1,32,0.0,20.985161754898968,0.0,[]
20250720_232753_956,-1,31,31,-1.5,20.985161754898968,0.094128131866455,0.0042581558227539,31,31.0,YOLO,1,32,0.0,20.985161754898968,0.0,[]
20250720_232754_785,-1,31,31,-1.5,20.985161754898968,0.0967838764190673,0.0044329166412353,31,31.0,YOLO,1,32,0.0,20.985161754898968,0.0,[]
20250720_232754_993,-1,31,31,-1.5,20.985161754898968,0.0917439460754394,0.0043542385101318,31,31.0,YOLO,1,32,0.0,20.985161754898968,0.0,[]
20250720_232754_057,-1,31,31,-1.5,20.985161754898968,0.0949180126190185,0.0043902397155761,31,31.0,YOLO,1,32,0.0,20.985161754898968,0.0,[]
20250720_232754_575,-1,31,31,-1.5,20.985161754898968,0.0972728729248046,0.0044655799865722,31,31.0,YOLO,1,32,0.0,20.985161754898968,0.0,[]
20250720_232756_910,-1,31,31,-1.5,20.985161754898968,0.1053497791290283,0.004331350326538,31,31.0,YOLO,1,32,0.0,20.985161754898968,0.0,[]
20250720_232756_390,-1,31,31,-1.5,20.985161754898968,0.089771032333374,0.0041935443878173,31,31.0,YOLO,1,32,0.0,20.985161754898968,0.0,[]
20250720_232757_121,-1,31,31,-1.5,20.985161754898968,0.1058952808380127,0.0044803619384765,31,31.0,YOLO,1,32,0.0,20.985161754898968,0.0,[]
20250720_232753_851,-1,31,31,-1.5,20.985161754898968,0.097416877746582,0.0042164325714111,31,31.0,YOLO,1,32,0.0,20.985161754898968,0.0,[]
20250720_232755_092,-1,31,31,-1.5,20.985161754898968,0.0923945903778076,0.0043017864227294,31,31.0,YOLO,1,32,0.0,20.985161754898968,0.0,[]
20250720_232754_889,-1,31,31,-1.5,20.985161754898968,0.096165657043457,0.0043871402740478,31,31.0,YOLO,1,32,0.0,20.985161754898968,0.0,[]
20250720_232755_192,-1,31,31,-1.5,20.985161754898968,0.0949811935424804,0.0042495727539062,31,31.0,YOLO,1,32,0.0,20.985161754898968,0.0,[]
20250720_232757_437,-1,31,31,-1.5,20.985161754898968,0.0951550006866455,0.004364013671875,31,31.0,YOLO,1,32,0.0,20.985161754898968,0.0,[]
20250720_232756_591,-1,31,31,-1.5,20.985161754898968,0.0970895290374755,0.0044124126434326,31,31.0,YOLO,1,32,0.0,20.985161754898968,0.0,[]
20250720_232754_368,-1,31,31,-1.5,20.985161754898968,0.1008145809173584,0.0043237209320068,31,31.0,YOLO,1,32,0.0,20.985161754898968,0.0,[]
20250720_232756_695,-1,31,31,-1.5,20.985161754898968,0.1039772033691406,0.0045814514160156,31,31.0,YOLO,1,32,0.0,20.985161754898968,0.0,[]
20250720_232754_476,-1,31,31,-1.5,20.985161754898968,0.0916512012481689,0.0039756298065185,31,31.0,YOLO,1,32,0.0,20.985161754898968,0.0,[]
20250720_232755_584,-1,31,31,-1.5,20.985161754898968,0.0910367965698242,0.0042741298675537,31,31.0,YOLO,1,32,0.0,20.985161754898968,0.0,[]
20250720_232755_886,-1,31,31,-1.5,20.985161754898968,0.0902299880981445,0.0043439865112304,31,31.0,YOLO,1,32,0.0,20.985161754898968,0.0,[]
20250720_232757_540,-1,31,31,-1.5,20.985161754898968,0.0939419269561767,0.0039362907409667,31,31.0,YOLO,1,32,0.0,20.985161754898968,0.0,[]
20250720_232756_487,-1,31,31,-1.5,20.985161754898968,0.096168041229248,0.0044732093811035,31,31.0,YOLO,1,32,0.0,20.985161754898968,0.0,[]
20250720_232756_807,-1,31,31,-1.5,20.985161754898968,0.0948398113250732,0.0043609142303466,31,31.0,YOLO,1,32,0.0,20.985161754898968,0.0,[]
20250720_232755_390,-1,31,31,-1.5,20.985161754898968,0.0907778739929199,0.0044128894805908,31,31.0,YOLO,1,32,0.0,20.985161754898968,0.0,[]
20250720_232756_189,-1,31,31,-1.5,20.985161754898968,0.0887653827667236,0.0044672489166259,31,31.0,YOLO,1,32,0.0,20.985161754898968,0.0,[]
20250720_232755_784,-1,31,31,-1.5,20.985161754898968,0.0948765277862548,0.0041501522064208,31,31.0,YOLO,1,32,0.0,20.985161754898968,0.0,[]
20250720_232754_678,-1,31,31,-1.5,20.985161754898968,0.0978691577911377,0.0045337677001953,31,31.0,YOLO,1,32,0.0,20.985161754898968,0.0,[]
20250720_232757_338,-1,31,31,-1.5,20.985161754898968,0.0911111831665039,0.0043525695800781,31,31.0,YOLO,1,32,0.0,20.985161754898968,0.0,[]
20250720_232753_662,-1,31,31,-1.5,20.985161754898968,0.0879702568054199,0.0039680004119873,31,31.0,YOLO,1,32,0.0,20.985161754898968,0.0,[]
20250720_232757_235,-1,31,31,-1.5,20.985161754898968,0.0956764221191406,0.0045437812805175,31,31.0,YOLO,1,32,0.0,20.985161754898968,0.0,[]
20250720_232755_681,-1,31,31,-1.5,20.985161754898968,0.0951125621795654,0.004227876663208,31,31.0,YOLO,1,32,0.0,20.985161754898968,0.0,[]
20250720_232754_160,-1,31,31,-1.5,20.985161754898968,0.094754934310913,0.0041878223419189,31,31.0,YOLO,1,32,0.0,20.985161754898968,0.0,[]
20250720_232754_262,-1,31,31,-1.5,20.985161754898968,0.0986495018005371,0.0042142868041992,31,31.0,YOLO,1,32,0.0,20.985161754898968,0.0,[]
20250720_232756_090,-1,31,31,-1.5,20.985161754898968,0.0915067195892334,0.0046694278717041,31,31.0,YOLO,1,32,0.0,20.985161754898968,0.0,[]
20250720_232755_984,-1,31,31,-1.5,20.985161754898968,0.0989019870758056,0.0040884017944335,31,31.0,YOLO,1,32,0.0,20.985161754898968,0.0,[]
20250720_232755_294,-1,31,31,-1.5,20.985161754898968,0.0884673595428466,0.0046298503875732,31,31.0,YOLO,1,32,0.0,20.985161754898968,0.0,[]
20250720_232756_286,-1,31,31,-1.5,20.985161754898968,0.0958971977233886,0.0049633979797363,31,31.0,YOLO,1,32,0.0,20.985161754898968,0.0,[]
20250720_232757_022,-1,31,31,-1.5,20.985161754898968,0.0916929244995117,0.0041790008544921,31,31.0,YOLO,1,32,0.0,20.985161754898968,0.0,[]
20250720_232759_566,0,30,30,-2.9,20.97852816331165,0.0980348587036132,0.0020709037780761,30,30.0,YOLO,1,32,0.0,20.97852816331165,0.0,[]
20250720_232800_861,0,30,30,-2.9,20.97852816331165,0.096545934677124,0.0020241737365722,30,30.0,YOLO,1,32,0.0,20.97852816331165,0.0,[]
20250720_232800_756,0,30,30,-2.9,20.97852816331165,0.101208209991455,0.0021004676818847,30,30.0,YOLO,1,32,0.0,20.97852816331165,0.0,[]
20250720_232800_265,0,30,30,-2.9,20.97852816331165,0.0976934432983398,0.0020909309387207,30,30.0,YOLO,1,32,0.0,20.97852816331165,0.0,[]
20250720_232759_668,0,30,30,-2.9,20.97852816331165,0.0991115570068359,0.0027968883514404,30,30.0,YOLO,1,32,0.0,20.97852816331165,0.0,[]
20250720_232758_054,0,30,30,-2.9,20.97852816331165,0.0914199352264404,0.0023732185363769,30,30.0,YOLO,1,32,0.0,20.97852816331165,0.0,[]
20250720_232801_592,0,30,30,-2.9,20.97852816331165,0.0977504253387451,0.0041613578796386,30,30.0,YOLO,1,32,0.0,20.97852816331165,0.0,[]
20250720_232758_662,0,30,30,-2.9,20.97852816331165,0.0992438793182373,0.0041689872741699,30,30.0,YOLO,1,32,0.0,20.97852816331165,0.0,[]
20250720_232758_769,0,30,30,-2.9,20.97852816331165,0.0935852527618408,0.0020346641540527,30,30.0,YOLO,1,32,0.0,20.97852816331165,0.0,[]
20250720_232759_061,0,30,30,-2.9,20.97852816331165,0.0885720252990722,0.0042786598205566,30,30.0,YOLO,1,32,0.0,20.97852816331165,0.0,[]
20250720_232800_069,0,30,30,-2.9,20.97852816331165,0.0949378013610839,0.0020327568054199,30,30.0,YOLO,1,32,0.0,20.97852816331165,0.0,[]
20250720_232759_256,0,30,30,-2.9,20.97852816331165,0.1012065410614013,0.0043220520019531,30,30.0,YOLO,1,32,0.0,20.97852816331165,0.0,[]
20250720_232758_447,0,30,30,-2.9,20.97852816331165,0.0984141826629638,0.0044431686401367,30,30.0,YOLO,1,32,0.0,20.97852816331165,0.0,[]
20250720_232759_771,0,30,30,-2.9,20.97852816331165,0.0945138931274414,0.0020756721496582,30,30.0,YOLO,1,32,0.0,20.97852816331165,0.0,[]
20250720_232800_961,0,30,30,-2.9,20.97852816331165,0.0978012084960937,0.0021445751190185,30,30.0,YOLO,1,32,0.0,20.97852816331165,0.0,[]
20250720_232758_866,0,30,30,-2.9,20.97852816331165,0.0930874347686767,0.0043520927429199,30,30.0,YOLO,1,32,0.0,20.97852816331165,0.0,[]
20250720_232800_167,0,30,30,-2.9,20.97852816331165,0.095111608505249,0.0020740032196044,30,30.0,YOLO,1,32,0.0,20.97852816331165,0.0,[]
20250720_232801_387,0,30,30,-2.9,20.97852816331165,0.0984637737274169,0.0045521259307861,30,30.0,YOLO,1,32,0.0,20.97852816331165,0.0,[]
20250720_232800_464,0,30,30,-2.9,20.97852816331165,0.0886597633361816,0.0021395683288574,30,30.0,YOLO,1,32,0.0,20.97852816331165,0.0,[]
20250720_232801_062,0,30,30,-2.9,20.97852816331165,0.1070168018341064,0.0038821697235107,30,30.0,YOLO,1,32,0.0,20.97852816331165,0.0,[]
20250720_232801_176,0,30,30,-2.9,20.97852816331165,0.1010825634002685,0.0043921470642089,30,30.0,YOLO,1,32,0.0,20.97852816331165,0.0,[]
20250720_232800_654,0,30,30,-2.9,20.97852816331165,0.0987963676452636,0.0021398067474365,30,30.0,YOLO,1,32,0.0,20.97852816331165,0.0,[]
20250720_232759_969,0,30,30,-2.9,20.97852816331165,0.0961945056915283,0.0020256042480468,30,30.0,YOLO,1,32,0.0,20.97852816331165,0.0,[]
20250720_232758_552,0,30,30,-2.9,20.97852816331165,0.1021428108215332,0.00437593460083,30,30.0,YOLO,1,32,0.0,20.97852816331165,0.0,[]
20250720_232757_841,0,30,30,-2.9,20.97852816331165,0.1047534942626953,0.0032610893249511,30,30.0,YOLO,1,32,0.0,20.97852816331165,0.0,[]
20250720_232758_250,0,30,30,-2.9,20.97852816331165,0.0901911258697509,0.004213809967041,30,30.0,YOLO,1,32,0.0,20.97852816331165,0.0,[]
20250720_232759_869,0,30,30,-2.9,20.97852816331165,0.095963716506958,0.0026111602783203,30,30.0,YOLO,1,32,0.0,20.97852816331165,0.0,[]
20250720_232758_348,0,30,30,-2.9,20.97852816331165,0.0918464660644531,0.004176378250122,30,30.0,YOLO,1,32,0.0,20.97852816331165,0.0,[]
20250720_232801_284,0,30,30,-2.9,20.97852816331165,0.0967028141021728,0.0043907165527343,30,30.0,YOLO,1,32,0.0,20.97852816331165,0.0,[]
20250720_232757_952,0,30,30,-2.9,20.97852816331165,0.0950868129730224,0.0039446353912353,30,30.0,YOLO,1,32,0.0,20.97852816331165,0.0,[]
20250720_232801_493,0,30,30,-2.9,20.97852816331165,0.0925648212432861,0.0039758682250976,30,30.0,YOLO,1,32,0.0,20.97852816331165,0.0,[]
20250720_232758_149,0,30,30,-2.9,20.97852816331165,0.0971472263336181,0.0023345947265625,30,30.0,YOLO,1,32,0.0,20.97852816331165,0.0,[]
20250720_232800_557,0,30,30,-2.9,20.97852816331165,0.0938723087310791,0.0020985603332519,30,30.0,YOLO,1,32,0.0,20.97852816331165,0.0,[]
20250720_232800_366,0,30,30,-2.9,20.97852816331165,0.0947141647338867,0.0020914077758789,30,30.0,YOLO,1,32,0.0,20.97852816331165,0.0,[]
20250720_232757_739,0,31,31,-1.5,20.29527720658355,0.0953505039215087,0.0040609836578369,31,31.0,YOLO,1,32,0.0,20.29527720658355,0.0,[]
20250720_232758_966,0,30,30,-2.9,20.97852816331165,0.087289810180664,0.0042273998260498,30,30.0,YOLO,1,32,0.0,20.97852816331165,0.0,[]
20250720_232757_641,0,31,31,-1.5,20.29527720658355,0.0911099910736084,0.0042073726654052,31,31.0,YOLO,1,32,0.0,20.29527720658355,0.0,[]
20250720_232759_365,0,30,30,-2.9,20.97852816331165,0.0948143005371093,0.0043165683746337,30,30.0,YOLO,1,32,0.0,20.97852816331165,0.0,[]
20250720_232759_467,0,30,30,-2.9,20.97852816331165,0.0936422348022461,0.0040109157562255,30,30.0,YOLO,1,32,0.0,20.97852816331165,0.0,[]
20250720_232802_199,1,29,29,-4.4,21.112046555562685,0.0963077545166015,0.0021998882293701,29,29.0,YOLO,1,32,0.0,21.112046555562685,0.0,[]
20250720_232805_334,1,29,29,-4.4,21.112046555562685,0.095524787902832,0.0042965412139892,29,29.0,YOLO,1,32,0.0,21.112046555562685,0.0,[]
20250720_232802_497,1,29,29,-4.4,21.112046555562685,0.0885438919067382,0.0021119117736816,29,29.0,YOLO,1,32,0.0,21.112046555562685,0.0,[]
20250720_232802_791,1,30,30,-2.9,20.71910171723502,0.0966439247131347,0.0042927265167236,30,30.0,YOLO,1,32,0.0,20.71910171723502,0.0,[]
20250720_232804_533,1,29,29,-4.4,21.112046555562685,0.0933105945587158,0.0043299198150634,29,29.0,YOLO,1,32,0.0,21.112046555562685,0.0,[]
20250720_232804_729,1,29,29,-4.4,21.112046555562685,0.0837728977203369,0.0043239593505859,29,29.0,YOLO,1,32,0.0,21.112046555562685,0.0,[]
20250720_232803_097,1,30,30,-2.9,20.71910171723502,0.0947577953338623,0.0043060779571533,30,30.0,YOLO,1,32,0.0,20.71910171723502,0.0,[]
20250720_232803_927,1,29,29,-4.4,21.112046555562685,0.0981559753417968,0.0042939186096191,29,29.0,YOLO,1,32,0.0,21.112046555562685,0.0,[]
20250720_232804_239,1,29,29,-4.4,21.112046555562685,0.0904200077056884,0.0042660236358642,29,29.0,YOLO,1,32,0.0,21.112046555562685,0.0,[]
20250720_232801_803,1,30,30,-2.9,20.71910171723502,0.0907742977142334,0.0039765834808349,30,30.0,YOLO,1,32,0.0,20.71910171723502,0.0,[]
20250720_232804_337,1,29,29,-4.4,21.112046555562685,0.0970237255096435,0.0043740272521972,29,29.0,YOLO,1,32,0.0,21.112046555562685,0.0,[]
20250720_232802_895,1,30,30,-2.9,20.71910171723502,0.0914182662963867,0.0039923191070556,30,30.0,YOLO,1,32,0.0,20.71910171723502,0.0,[]
20250720_232801_900,1,29,29,-4.4,21.112046555562685,0.0925495624542236,0.0044238567352294,29,29.0,YOLO,1,32,0.0,21.112046555562685,0.0,[]
20250720_232804_130,1,29,29,-4.4,21.112046555562685,0.1017184257507324,0.0043361186981201,29,29.0,YOLO,1,32,0.0,21.112046555562685,0.0,[]
20250720_232803_300,1,30,30,-2.9,20.71910171723502,0.1110858917236328,0.0041742324829101,30,30.0,YOLO,1,32,0.0,20.71910171723502,0.0,[]
20250720_232801_698,1,30,30,-2.9,20.71910171723502,0.0971896648406982,0.0042824745178222,30,30.0,YOLO,1,32,0.0,20.71910171723502,0.0,[]
20250720_232803_517,1,30,30,-2.9,20.71910171723502,0.0959892272949218,0.0040256977081298,30,30.0,YOLO,1,32,0.0,20.71910171723502,0.0,[]
20250720_232802_589,1,29,29,-4.4,21.112046555562685,0.0961191654205322,0.0036556720733642,29,29.0,YOLO,1,32,0.0,21.112046555562685,0.0,[]
20250720_232802_299,1,29,29,-4.4,21.112046555562685,0.0963103771209716,0.0021195411682128,29,29.0,YOLO,1,32,0.0,21.112046555562685,0.0,[]
20250720_232803_418,1,30,30,-2.9,20.71910171723502,0.0915329456329345,0.0042967796325683,30,30.0,YOLO,1,32,0.0,20.71910171723502,0.0,[]
20250720_232805_437,1,29,29,-4.4,21.112046555562685,0.1019158363342285,0.0042917728424072,29,29.0,YOLO,1,32,0.0,21.112046555562685,0.0,[]
20250720_232804_634,1,29,29,-4.4,21.112046555562685,0.0881898403167724,0.0041062831878662,29,29.0,YOLO,1,32,0.0,21.112046555562685,0.0,[]
20250720_232803_723,1,30,30,-2.9,20.71910171723502,0.0948050022125244,0.0043685436248779,30,30.0,YOLO,1,32,0.0,20.71910171723502,0.0,[]
20250720_232803_826,1,30,30,-2.9,20.71910171723502,0.0935292243957519,0.0044496059417724,30,30.0,YOLO,1,32,0.0,20.71910171723502,0.0,[]
20250720_232802_101,1,29,29,-4.4,21.112046555562685,0.0944433212280273,0.0022685527801513,29,29.0,YOLO,1,32,0.0,21.112046555562685,0.0,[]
20250720_232803_620,1,30,30,-2.9,20.71910171723502,0.0955240726470947,0.0043582916259765,30,30.0,YOLO,1,32,0.0,20.71910171723502,0.0,[]
20250720_232802_001,1,29,29,-4.4,21.112046555562685,0.0969066619873046,0.0020382404327392,29,29.0,YOLO,1,32,0.0,21.112046555562685,0.0,[]
20250720_232803_200,1,30,30,-2.9,20.71910171723502,0.0931909084320068,0.0042581558227539,30,30.0,YOLO,1,32,0.0,20.71910171723502,0.0,[]
20250720_232802_692,1,30,30,-2.9,20.71910171723502,0.091893196105957,0.0042531490325927,30,30.0,YOLO,1,32,0.0,20.71910171723502,0.0,[]
20250720_232805_235,1,29,29,-4.4,21.112046555562685,0.0911238193511962,0.0043277740478515,29,29.0,YOLO,1,32,0.0,21.112046555562685,0.0,[]
20250720_232805_546,1,29,29,-4.4,21.112046555562685,0.0992615222930908,0.0034377574920654,29,29.0,YOLO,1,32,0.0,21.112046555562685,0.0,[]
20250720_232802_993,1,30,30,-2.9,20.71910171723502,0.0976076126098632,0.0038950443267822,30,30.0,YOLO,1,32,0.0,20.71910171723502,0.0,[]
20250720_232804_032,1,29,29,-4.4,21.112046555562685,0.0897161960601806,0.0043566226959228,29,29.0,YOLO,1,32,0.0,21.112046555562685,0.0,[]
20250720_232804_821,1,29,29,-4.4,21.112046555562685,0.0971822738647461,0.0043275356292724,29,29.0,YOLO,1,32,0.0,21.112046555562685,0.0,[]
20250720_232805_133,1,29,29,-4.4,21.112046555562685,0.0949773788452148,0.0042769908905029,29,29.0,YOLO,1,32,0.0,21.112046555562685,0.0,[]
20250720_232805_031,1,29,29,-4.4,21.112046555562685,0.0944960117340087,0.0043249130249023,29,29.0,YOLO,1,32,0.0,21.112046555562685,0.0,[]
20250720_232802_399,1,29,29,-4.4,21.112046555562685,0.0954234600067138,0.0020709037780761,29,29.0,YOLO,1,32,0.0,21.112046555562685,0.0,[]
20250720_232804_441,1,29,29,-4.4,21.112046555562685,0.0845928192138671,0.0043036937713623,29,29.0,YOLO,1,32,0.0,21.112046555562685,0.0,[]
20250720_232804_925,1,29,29,-4.4,21.112046555562685,0.0984027385711669,0.0043435096740722,29,29.0,YOLO,1,32,0.0,21.112046555562685,0.0,[]
20250720_232806_643,2,29,29,-4.4,20.61133409978285,0.0906109809875488,0.0043256282806396,29,29.0,YOLO,1,32,0.0,20.61133409978285,0.0,[]
20250720_232805_650,2,29,29,-4.4,20.61133409978285,0.0932047367095947,0.004281997680664,29,29.0,YOLO,1,32,0.0,20.61133409978285,0.0,[]
20250720_232809_018,2,29,29,-4.4,20.61133409978285,0.0972495079040527,0.0042798519134521,29,29.0,YOLO,1,32,0.0,20.61133409978285,0.0,[]
20250720_232807_456,2,29,29,-4.4,20.61133409978285,0.1001198291778564,0.0044162273406982,29,29.0,YOLO,1,32,0.0,20.61133409978285,0.0,[]
20250720_232805_951,2,29,29,-4.4,20.61133409978285,0.0882246494293212,0.0042886734008789,29,29.0,YOLO,1,32,0.0,20.61133409978285,0.0,[]
20250720_232807_059,2,28,28,-5.8,20.434968710706485,0.0960948467254638,0.0044865608215332,28,28.0,YOLO,1,32,0.0,20.434968710706485,0.0,[]
20250720_232808_402,2,29,29,-4.4,20.61133409978285,0.0950417518615722,0.0039281845092773,29,29.0,YOLO,1,32,0.0,20.61133409978285,0.0,[]
20250720_232808_089,2,29,29,-4.4,20.61133409978285,0.0987403392791748,0.0042402744293212,29,29.0,YOLO,1,32,0.0,20.61133409978285,0.0,[]
20250720_232806_143,2,28,28,-5.8,20.434968710706485,0.0920848846435546,0.0039513111114501,28,28.0,YOLO,1,32,0.0,20.434968710706485,0.0,[]
20250720_232807_985,2,29,29,-4.4,20.61133409978285,0.0995545387268066,0.0023450851440429,29,29.0,YOLO,1,32,0.0,20.61133409978285,0.0,[]
20250720_232806_242,2,28,28,-5.8,20.434968710706485,0.0902397632598877,0.0043163299560546,28,28.0,YOLO,1,32,0.0,20.434968710706485,0.0,[]
20250720_232807_161,2,28,28,-5.8,20.434968710706485,0.0947248935699462,0.0044038295745849,28,28.0,YOLO,1,32,0.0,20.434968710706485,0.0,[]
20250720_232806_847,2,28,28,-5.8,20.434968710706485,0.0995919704437255,0.004410982131958,28,28.0,YOLO,1,32,0.0,20.434968710706485,0.0,[]
20250720_232808_707,2,29,29,-4.4,20.61133409978285,0.0946967601776123,0.0044834613800048,29,29.0,YOLO,1,32,0.0,20.61133409978285,0.0,[]
20250720_232806_340,2,28,28,-5.8,20.434968710706485,0.0887327194213867,0.0041925907135009,28,28.0,YOLO,1,32,0.0,20.434968710706485,0.0,[]
20250720_232808_809,2,29,29,-4.4,20.61133409978285,0.097175121307373,0.0043222904205322,29,29.0,YOLO,1,32,0.0,20.61133409978285,0.0,[]
20250720_232808_914,2,29,29,-4.4,20.61133409978285,0.097316026687622,0.0043303966522216,29,29.0,YOLO,1,32,0.0,20.61133409978285,0.0,[]
20250720_232808_298,2,29,29,-4.4,20.61133409978285,0.09645676612854,0.0042459964752197,29,29.0,YOLO,1,32,0.0,20.61133409978285,0.0,[]
20250720_232807_358,2,29,29,-4.4,20.61133409978285,0.0895898342132568,0.0042848587036132,29,29.0,YOLO,1,32,0.0,20.61133409978285,0.0,[]
20250720_232809_328,2,29,29,-4.4,20.61133409978285,0.1011195182800293,0.0043158531188964,29,29.0,YOLO,1,32,0.0,20.61133409978285,0.0,[]
20250720_232806_954,2,28,28,-5.8,20.434968710706485,0.0970818996429443,0.0043988227844238,28,28.0,YOLO,1,32,0.0,20.434968710706485,0.0,[]
20250720_232806_536,2,29,29,-4.4,20.61133409978285,0.1000680923461914,0.0043179988861083,29,29.0,YOLO,1,32,0.0,20.61133409978285,0.0,[]
20250720_232807_263,2,28,28,-5.8,20.434968710706485,0.0891439914703369,0.0043809413909912,28,28.0,YOLO,1,32,0.0,20.434968710706485,0.0,[]
20250720_232808_503,2,29,29,-4.4,20.61133409978285,0.0946922302246093,0.0039553642272949,29,29.0,YOLO,1,32,0.0,20.61133409978285,0.0,[]
20250720_232807_775,2,29,29,-4.4,20.61133409978285,0.0972983837127685,0.0048153400421142,29,29.0,YOLO,1,32,0.0,20.61133409978285,0.0,[]
20250720_232808_193,2,29,29,-4.4,20.61133409978285,0.0978550910949707,0.0042378902435302,29,29.0,YOLO,1,32,0.0,20.61133409978285,0.0,[]
20250720_232809_123,2,29,29,-4.4,20.61133409978285,0.0951845645904541,0.0043826103210449,29,29.0,YOLO,1,32,0.0,20.61133409978285,0.0,[]
20250720_232809_436,2,29,29,-4.4,20.61133409978285,0.0984542369842529,0.0043237209320068,29,29.0,YOLO,1,32,0.0,20.61133409978285,0.0,[]
20250720_232809_226,2,29,29,-4.4,20.61133409978285,0.0951135158538818,0.0043449401855468,29,29.0,YOLO,1,32,0.0,20.61133409978285,0.0,[]
20250720_232807_671,2,29,29,-4.4,20.61133409978285,0.0968985557556152,0.0041942596435546,29,29.0,YOLO,1,32,0.0,20.61133409978285,0.0,[]
20250720_232809_541,2,29,29,-4.4,20.61133409978285,0.1030945777893066,0.004220962524414,29,29.0,YOLO,1,32,0.0,20.61133409978285,0.0,[]
20250720_232806_436,2,28,28,-5.8,20.434968710706485,0.0920653343200683,0.0043702125549316,28,28.0,YOLO,1,32,0.0,20.434968710706485,0.0,[]
20250720_232808_605,2,29,29,-4.4,20.61133409978285,0.0950307846069336,0.0039443969726562,29,29.0,YOLO,1,32,0.0,20.61133409978285,0.0,[]
20250720_232806_047,2,28,28,-5.8,20.434968710706485,0.0889937877655029,0.0044043064117431,28,28.0,YOLO,1,32,0.0,20.434968710706485,0.0,[]
20250720_232807_563,2,29,29,-4.4,20.61133409978285,0.0999267101287841,0.0042951107025146,29,29.0,YOLO,1,32,0.0,20.61133409978285,0.0,[]
20250720_232806_742,2,29,29,-4.4,20.61133409978285,0.1004154682159423,0.0036067962646484,29,29.0,YOLO,1,32,0.0,20.61133409978285,0.0,[]
20250720_232807_880,2,29,29,-4.4,20.61133409978285,0.0976622104644775,0.0041325092315673,29,29.0,YOLO,1,32,0.0,20.61133409978285,0.0,[]
20250720_232805_850,2,29,29,-4.4,20.61133409978285,0.0946676731109619,0.0039634704589843,29,29.0,YOLO,1,32,0.0,20.61133409978285,0.0,[]
20250720_232805_750,2,29,29,-4.4,20.61133409978285,0.0920040607452392,0.0043597221374511,29,29.0,YOLO,1,32,0.0,20.61133409978285,0.0,[]
20250720_232809_868,3,28,28,-5.8,20.453825141565066,0.0953507423400878,0.004288911819458,28,28.0,YOLO,1,32,0.0,20.453825141565066,0.0,[]
20250720_232813_224,3,28,28,-5.8,20.453825141565066,0.0938010215759277,0.0041818618774414,28,28.0,YOLO,1,32,0.0,20.453825141565066,0.0,[]
20250720_232811_072,3,28,28,-5.8,20.453825141565066,0.0918891429901123,0.0043392181396484,28,28.0,YOLO,1,32,0.0,20.453825141565066,0.0,[]
20250720_232811_463,3,28,28,-5.8,20.453825141565066,0.0973017215728759,0.0045235157012939,28,28.0,YOLO,1,32,0.0,20.453825141565066,0.0,[]
20250720_232811_170,3,28,28,-5.8,20.453825141565066,0.0891754627227783,0.0042424201965332,28,28.0,YOLO,1,32,0.0,20.453825141565066,0.0,[]
20250720_232813_527,3,28,28,-5.8,20.453825141565066,0.0999820232391357,0.0043294429779052,28,28.0,YOLO,1,32,0.0,20.453825141565066,0.0,[]
20250720_232811_568,3,28,28,-5.8,20.453825141565066,0.0969645977020263,0.0043754577636718,28,28.0,YOLO,1,32,0.0,20.453825141565066,0.0,[]
20250720_232812_729,3,28,28,-5.8,20.453825141565066,0.0903768539428711,0.0044114589691162,28,28.0,YOLO,1,32,0.0,20.453825141565066,0.0,[]
20250720_232810_972,3,28,28,-5.8,20.453825141565066,0.0931582450866699,0.0043044090270996,28,28.0,YOLO,1,32,0.0,20.453825141565066,0.0,[]
20250720_232812_308,3,28,28,-5.8,20.453825141565066,0.094552993774414,0.0036652088165283,28,28.0,YOLO,1,32,0.0,20.453825141565066,0.0,[]
20250720_232809_652,3,29,29,-4.4,19.851874877937547,0.1006405353546142,0.0039362907409667,29,29.0,YOLO,1,32,0.0,19.851874877937547,0.0,[]
20250720_232811_777,3,28,28,-5.8,20.453825141565066,0.0967812538146972,0.0039520263671875,28,28.0,YOLO,1,32,0.0,20.453825141565066,0.0,[]
20250720_232810_261,3,28,28,-5.8,20.453825141565066,0.0905580520629882,0.0042700767517089,28,28.0,YOLO,1,32,0.0,20.453825141565066,0.0,[]
20250720_232812_202,3,28,28,-5.8,20.453825141565066,0.1008923053741455,0.0040667057037353,28,28.0,YOLO,1,32,0.0,20.453825141565066,0.0,[]
20250720_232812_621,3,28,28,-5.8,20.453825141565066,0.1000270843505859,0.0043179988861083,28,28.0,YOLO,1,32,0.0,20.453825141565066,0.0,[]
20250720_232810_865,3,28,28,-5.8,20.453825141565066,0.0991523265838623,0.0042939186096191,28,28.0,YOLO,1,32,0.0,20.453825141565066,0.0,[]
20250720_232813_431,3,28,28,-5.8,20.453825141565066,0.0888354778289794,0.004288911819458,28,28.0,YOLO,1,32,0.0,20.453825141565066,0.0,[]
20250720_232812_409,3,28,28,-5.8,20.453825141565066,0.0980172157287597,0.0041415691375732,28,28.0,YOLO,1,32,0.0,20.453825141565066,0.0,[]
20250720_232810_357,3,28,28,-5.8,20.453825141565066,0.0919251441955566,0.0043780803680419,28,28.0,YOLO,1,32,0.0,20.453825141565066,0.0,[]
20250720_232811_988,3,28,28,-5.8,20.453825141565066,0.1015093326568603,0.0041568279266357,28,28.0,YOLO,1,32,0.0,20.453825141565066,0.0,[]
20250720_232812_827,3,28,28,-5.8,20.453825141565066,0.0926859378814697,0.0044066905975341,28,28.0,YOLO,1,32,0.0,20.453825141565066,0.0,[]
20250720_232812_927,3,28,28,-5.8,20.453825141565066,0.0868365764617919,0.0042974948883056,28,28.0,YOLO,1,32,0.0,20.453825141565066,0.0,[]
20250720_232810_769,3,28,28,-5.8,20.453825141565066,0.0882308483123779,0.0043423175811767,28,28.0,YOLO,1,32,0.0,20.453825141565066,0.0,[]
20250720_232812_514,3,28,28,-5.8,20.453825141565066,0.100175142288208,0.0039231777191162,28,28.0,YOLO,1,32,0.0,20.453825141565066,0.0,[]
20250720_232812_096,3,28,28,-5.8,20.453825141565066,0.098358154296875,0.0040137767791748,28,28.0,YOLO,1,32,0.0,20.453825141565066,0.0,[]
20250720_232810_066,3,28,28,-5.8,20.453825141565066,0.090691328048706,0.0043408870697021,28,28.0,YOLO,1,32,0.0,20.453825141565066,0.0,[]
20250720_232811_266,3,28,28,-5.8,20.453825141565066,0.0871407985687255,0.0043210983276367,28,28.0,YOLO,1,32,0.0,20.453825141565066,0.0,[]
20250720_232809_759,3,28,28,-5.8,20.453825141565066,0.1011643409729003,0.0043318271636962,28,28.0,YOLO,1,32,0.0,20.453825141565066,0.0,[]
20250720_232813_125,3,28,28,-5.8,20.453825141565066,0.0906097888946533,0.0046854019165039,28,28.0,YOLO,1,32,0.0,20.453825141565066,0.0,[]
20250720_232810_456,3,28,28,-5.8,20.453825141565066,0.1026685237884521,0.0042939186096191,28,28.0,YOLO,1,32,0.0,20.453825141565066,0.0,[]
20250720_232809_970,3,28,28,-5.8,20.453825141565066,0.0877575874328613,0.0044264793395996,28,28.0,YOLO,1,32,0.0,20.453825141565066,0.0,[]
20250720_232810_567,3,28,28,-5.8,20.453825141565066,0.0948512554168701,0.0042989253997802,28,28.0,YOLO,1,32,0.0,20.453825141565066,0.0,[]
20250720_232811_673,3,28,28,-5.8,20.453825141565066,0.0977001190185546,0.0041470527648925,28,28.0,YOLO,1,32,0.0,20.453825141565066,0.0,[]
20250720_232811_361,3,28,28,-5.8,20.453825141565066,0.0948376655578613,0.0043251514434814,28,28.0,YOLO,1,32,0.0,20.453825141565066,0.0,[]
20250720_232810_164,3,28,28,-5.8,20.453825141565066,0.0896165370941162,0.0043466091156005,28,28.0,YOLO,1,32,0.0,20.453825141565066,0.0,[]
20250720_232810_669,3,28,28,-5.8,20.453825141565066,0.0930173397064209,0.0042400360107421,28,28.0,YOLO,1,32,0.0,20.453825141565066,0.0,[]
20250720_232813_325,3,28,28,-5.8,20.453825141565066,0.0984911918640136,0.0043215751647949,28,28.0,YOLO,1,32,0.0,20.453825141565066,0.0,[]
20250720_232811_881,3,28,28,-5.8,20.453825141565066,0.0991964340209961,0.0044007301330566,28,28.0,YOLO,1,32,0.0,20.453825141565066,0.0,[]
20250720_232813_021,3,28,28,-5.8,20.453825141565066,0.0967476367950439,0.0042643547058105,28,28.0,YOLO,1,32,0.0,20.453825141565066,0.0,[]
20250720_232814_568,4,27,27,-7.3,20.56187537739349,0.0951650142669677,0.0043220520019531,27,27.0,YOLO,1,32,0.0,20.56187537739349,0.0,[]
20250720_232816_605,4,27,27,-7.3,20.56187537739349,0.0887558460235595,0.0044152736663818,27,27.0,YOLO,1,32,0.0,20.56187537739349,0.0,[]
20250720_232815_186,4,27,27,-7.3,20.56187537739349,0.0978002548217773,0.0043623447418212,27,27.0,YOLO,1,32,0.0,20.56187537739349,0.0,[]
20250720_232817_400,4,27,27,-7.3,20.56187537739349,0.0964932441711425,0.0042576789855957,27,27.0,YOLO,1,32,0.0,20.56187537739349,0.0,[]
20250720_232814_151,4,27,27,-7.3,20.56187537739349,0.0995869636535644,0.004385232925415,27,27.0,YOLO,1,32,0.0,20.56187537739349,0.0,[]
20250720_232816_404,4,27,27,-7.3,20.56187537739349,0.0932793617248535,0.0038011074066162,27,27.0,YOLO,1,32,0.0,20.56187537739349,0.0,[]
20250720_232814_980,4,27,27,-7.3,20.56187537739349,0.0929851531982421,0.0040793418884277,27,27.0,YOLO,1,32,0.0,20.56187537739349,0.0,[]
20250720_232817_098,4,27,27,-7.3,20.56187537739349,0.0953559875488281,0.0044665336608886,27,27.0,YOLO,1,32,0.0,20.56187537739349,0.0,[]
20250720_232814_773,4,27,27,-7.3,20.56187537739349,0.100083589553833,0.0042939186096191,27,27.0,YOLO,1,32,0.0,20.56187537739349,0.0,[]
20250720_232814_465,4,27,27,-7.3,20.56187537739349,0.0961332321166992,0.0045099258422851,27,27.0,YOLO,1,32,0.0,20.56187537739349,0.0,[]
20250720_232815_982,4,27,27,-7.3,20.56187537739349,0.0919902324676513,0.0043275356292724,27,27.0,YOLO,1,32,0.0,20.56187537739349,0.0,[]
20250720_232814_879,4,27,27,-7.3,20.56187537739349,0.0939240455627441,0.0042512416839599,27,27.0,YOLO,1,32,0.0,20.56187537739349,0.0,[]
20250720_232815_389,4,27,27,-7.3,20.56187537739349,0.0946924686431884,0.0044384002685546,27,27.0,YOLO,1,32,0.0,20.56187537739349,0.0,[]
20250720_232815_591,4,27,27,-7.3,20.56187537739349,0.0904176235198974,0.0044219493865966,27,27.0,YOLO,1,32,0.0,20.56187537739349,0.0,[]
20250720_232816_899,4,27,27,-7.3,20.56187537739349,0.0911664962768554,0.004112958908081,27,27.0,YOLO,1,32,0.0,20.56187537739349,0.0,[]
20250720_232815_491,4,27,27,-7.3,20.56187537739349,0.0931313037872314,0.0042719841003417,27,27.0,YOLO,1,32,0.0,20.56187537739349,0.0,[]
20250720_232817_307,4,27,27,-7.3,20.56187537739349,0.0872976779937744,0.0040462017059326,27,27.0,YOLO,1,32,0.0,20.56187537739349,0.0,[]
20250720_232816_082,4,27,27,-7.3,20.56187537739349,0.0948166847229003,0.0044419765472412,27,27.0,YOLO,1,32,0.0,20.56187537739349,0.0,[]
20250720_232816_702,4,27,27,-7.3,20.56187537739349,0.0914006233215332,0.0043282508850097,27,27.0,YOLO,1,32,0.0,20.56187537739349,0.0,[]
20250720_232817_504,4,27,27,-7.3,20.56187537739349,0.0965213775634765,0.0042364597320556,27,27.0,YOLO,1,32,0.0,20.56187537739349,0.0,[]
20250720_232814_050,4,27,27,-7.3,20.56187537739349,0.0936260223388671,0.0043306350708007,27,27.0,YOLO,1,32,0.0,20.56187537739349,0.0,[]
20250720_232815_079,4,27,27,-7.3,20.56187537739349,0.1003739833831787,0.0043447017669677,27,27.0,YOLO,1,32,0.0,20.56187537739349,0.0,[]
20250720_232815_886,4,27,27,-7.3,20.56187537739349,0.0890920162200927,0.0041377544403076,27,27.0,YOLO,1,32,0.0,20.56187537739349,0.0,[]
20250720_232813_731,4,28,28,-5.8,19.9725834748274,0.0977611541748046,0.0043115615844726,28,28.0,YOLO,1,32,0.0,19.9725834748274,0.0,[]
20250720_232815_786,4,27,27,-7.3,20.56187537739349,0.0920534133911132,0.0043261051177978,27,27.0,YOLO,1,32,0.0,20.56187537739349,0.0,[]
20250720_232813_837,4,27,27,-7.3,20.56187537739349,0.1009247303009033,0.0042364597320556,27,27.0,YOLO,1,32,0.0,20.56187537739349,0.0,[]
20250720_232814_364,4,27,27,-7.3,20.56187537739349,0.0935108661651611,0.0043957233428955,27,27.0,YOLO,1,32,0.0,20.56187537739349,0.0,[]
20250720_232814_258,4,27,27,-7.3,20.56187537739349,0.0978422164916992,0.0043487548828125,27,27.0,YOLO,1,32,0.0,20.56187537739349,0.0,[]
20250720_232816_297,4,27,27,-7.3,20.56187537739349,0.0994179248809814,0.0040028095245361,27,27.0,YOLO,1,32,0.0,20.56187537739349,0.0,[]
20250720_232815_292,4,27,27,-7.3,20.56187537739349,0.0888161659240722,0.0045588016510009,27,27.0,YOLO,1,32,0.0,20.56187537739349,0.0,[]
20250720_232813_945,4,27,27,-7.3,20.56187537739349,0.0979425907135009,0.0043272972106933,27,27.0,YOLO,1,32,0.0,20.56187537739349,0.0,[]
20250720_232816_800,4,27,27,-7.3,20.56187537739349,0.0922355651855468,0.0043766498565673,27,27.0,YOLO,1,32,0.0,20.56187537739349,0.0,[]
20250720_232816_997,4,27,27,-7.3,20.56187537739349,0.0934662818908691,0.0043921470642089,27,27.0,YOLO,1,32,0.0,20.56187537739349,0.0,[]
20250720_232814_671,4,27,27,-7.3,20.56187537739349,0.0951228141784668,0.0040283203125,27,27.0,YOLO,1,32,0.0,20.56187537739349,0.0,[]
20250720_232815_690,4,27,27,-7.3,20.56187537739349,0.0891134738922119,0.0043849945068359,27,27.0,YOLO,1,32,0.0,20.56187537739349,0.0,[]
20250720_232816_503,4,27,27,-7.3,20.56187537739349,0.0946412086486816,0.0043482780456542,27,27.0,YOLO,1,32,0.0,20.56187537739349,0.0,[]
20250720_232816_184,4,27,27,-7.3,20.56187537739349,0.1057665348052978,0.004326581954956,27,27.0,YOLO,1,32,0.0,20.56187537739349,0.0,[]
20250720_232817_201,4,27,27,-7.3,20.56187537739349,0.0985035896301269,0.0040981769561767,27,27.0,YOLO,1,32,0.0,20.56187537739349,0.0,[]
20250720_232813_635,4,28,28,-5.8,19.9725834748274,0.0898048877716064,0.0039961338043212,28,28.0,YOLO,1,32,0.0,19.9725834748274,0.0,[]
20250720_232818_840,5,27,27,-7.3,20.418760090819944,0.0901010036468505,0.0042715072631835,27,27.0,YOLO,1,32,0.0,20.418760090819944,0.0,[]
20250720_232819_741,5,27,27,-7.3,20.418760090819944,0.0987982749938964,0.0042800903320312,27,27.0,YOLO,1,32,0.0,20.418760090819944,0.0,[]
20250720_232819_644,5,27,27,-7.3,20.418760090819944,0.0890500545501709,0.0042560100555419,27,27.0,YOLO,1,32,0.0,20.418760090819944,0.0,[]
20250720_232817_608,5,27,27,-7.3,20.418760090819944,0.0924093723297119,0.0042834281921386,27,27.0,YOLO,1,32,0.0,20.418760090819944,0.0,[]
20250720_232820_159,5,27,27,-7.3,20.418760090819944,0.0988256931304931,0.004469871520996,27,27.0,YOLO,1,32,0.0,20.418760090819944,0.0,[]
20250720_232821_302,5,27,27,-7.3,20.418760090819944,0.0925004482269287,0.0039620399475097,27,27.0,YOLO,1,32,0.0,20.418760090819944,0.0,[]
20250720_232819_548,5,27,27,-7.3,20.418760090819944,0.0886344909667968,0.0042943954467773,27,27.0,YOLO,1,32,0.0,20.418760090819944,0.0,[]
20250720_232817_914,5,26,26,-8.7,20.74878966962234,0.0995326042175293,0.0043601989746093,26,26.0,YOLO,1,32,0.0,20.74878966962234,0.0,[]
20250720_232818_639,5,27,27,-7.3,20.418760090819944,0.0947151184082031,0.0043039321899414,27,27.0,YOLO,1,32,0.0,20.418760090819944,0.0,[]
20250720_232817_707,5,27,27,-7.3,20.418760090819944,0.0914924144744873,0.0042572021484375,27,27.0,YOLO,1,32,0.0,20.418760090819944,0.0,[]
20250720_232818_435,5,27,27,-7.3,20.418760090819944,0.0990762710571289,0.0042986869812011,27,27.0,YOLO,1,32,0.0,20.418760090819944,0.0,[]
20250720_232819_336,5,27,27,-7.3,20.418760090819944,0.1002938747406005,0.0043203830718994,27,27.0,YOLO,1,32,0.0,20.418760090819944,0.0,[]
20250720_232818_937,5,27,27,-7.3,20.418760090819944,0.0911250114440918,0.0043501853942871,27,27.0,YOLO,1,32,0.0,20.418760090819944,0.0,[]
20250720_232818_128,5,26,26,-8.7,20.74878966962234,0.0923922061920166,0.0042557716369628,26,26.0,YOLO,1,32,0.0,20.74878966962234,0.0,[]
20250720_232820_786,5,27,27,-7.3,20.418760090819944,0.0939738750457763,0.0043017864227294,27,27.0,YOLO,1,32,0.0,20.418760090819944,0.0,[]
20250720_232818_226,5,26,26,-8.7,20.74878966962234,0.0982286930084228,0.0043773651123046,26,26.0,YOLO,1,32,0.0,20.74878966962234,0.0,[]
20250720_232819_954,5,27,27,-7.3,20.418760090819944,0.0964934825897216,0.0043685436248779,27,27.0,YOLO,1,32,0.0,20.418760090819944,0.0,[]
20250720_232818_332,5,27,27,-7.3,20.418760090819944,0.094853401184082,0.0043385028839111,27,27.0,YOLO,1,32,0.0,20.418760090819944,0.0,[]
20250720_232820_888,5,27,27,-7.3,20.418760090819944,0.0991551876068115,0.0042686462402343,27,27.0,YOLO,1,32,0.0,20.418760090819944,0.0,[]
20250720_232819_140,5,27,27,-7.3,20.418760090819944,0.0876903533935546,0.0040476322174072,27,27.0,YOLO,1,32,0.0,20.418760090819944,0.0,[]
20250720_232820_683,5,27,27,-7.3,20.418760090819944,0.0962862968444824,0.0042781829833984,27,27.0,YOLO,1,32,0.0,20.418760090819944,0.0,[]
20250720_232819_036,5,27,27,-7.3,20.418760090819944,0.0966112613677978,0.00419282913208,27,27.0,YOLO,1,32,0.0,20.418760090819944,0.0,[]
20250720_232820_471,5,27,27,-7.3,20.418760090819944,0.1006402969360351,0.0039868354797363,27,27.0,YOLO,1,32,0.0,20.418760090819944,0.0,[]
20250720_232819_847,5,27,27,-7.3,20.418760090819944,0.1002273559570312,0.0042700767517089,27,27.0,YOLO,1,32,0.0,20.418760090819944,0.0,[]
20250720_232821_505,5,27,27,-7.3,20.418760090819944,0.0992372035980224,0.0043470859527587,27,27.0,YOLO,1,32,0.0,20.418760090819944,0.0,[]
20250720_232818_541,5,27,27,-7.3,20.418760090819944,0.0910253524780273,0.0043365955352783,27,27.0,YOLO,1,32,0.0,20.418760090819944,0.0,[]
20250720_232820_369,5,27,27,-7.3,20.418760090819944,0.0948383808135986,0.0042965412139892,27,27.0,YOLO,1,32,0.0,20.418760090819944,0.0,[]
20250720_232819_233,5,27,27,-7.3,20.418760090819944,0.0959920883178711,0.0043234825134277,27,27.0,YOLO,1,32,0.0,20.418760090819944,0.0,[]
20250720_232821_199,5,27,27,-7.3,20.418760090819944,0.0967133045196533,0.0043203830718994,27,27.0,YOLO,1,32,0.0,20.418760090819944,0.0,[]
20250720_232820_266,5,27,27,-7.3,20.418760090819944,0.0973584651947021,0.0042715072631835,27,27.0,YOLO,1,32,0.0,20.418760090819944,0.0,[]
20250720_232821_401,5,27,27,-7.3,20.418760090819944,0.095999002456665,0.0043258666992187,27,27.0,YOLO,1,32,0.0,20.418760090819944,0.0,[]
20250720_232818_021,5,26,26,-8.7,20.74878966962234,0.099869966506958,0.0042669773101806,26,26.0,YOLO,1,32,0.0,20.74878966962234,0.0,[]
20250720_232819_444,5,27,27,-7.3,20.418760090819944,0.0966866016387939,0.0043034553527832,27,27.0,YOLO,1,32,0.0,20.418760090819944,0.0,[]
20250720_232818_741,5,27,27,-7.3,20.418760090819944,0.0911951065063476,0.00431489944458,27,27.0,YOLO,1,32,0.0,20.418760090819944,0.0,[]
20250720_232820_994,5,27,27,-7.3,20.418760090819944,0.0910725593566894,0.0044164657592773,27,27.0,YOLO,1,32,0.0,20.418760090819944,0.0,[]
20250720_232820_579,5,27,27,-7.3,20.418760090819944,0.0964405536651611,0.0044710636138916,27,27.0,YOLO,1,32,0.0,20.418760090819944,0.0,[]
20250720_232817_806,5,27,27,-7.3,20.418760090819944,0.1009752750396728,0.0041992664337158,27,27.0,YOLO,1,32,0.0,20.418760090819944,0.0,[]
20250720_232821_093,5,27,27,-7.3,20.418760090819944,0.0986344814300537,0.0043549537658691,27,27.0,YOLO,1,32,0.0,20.418760090819944,0.0,[]
20250720_232820_058,5,27,27,-7.3,20.418760090819944,0.0938231945037841,0.004368782043457,27,27.0,YOLO,1,32,0.0,20.418760090819944,0.0,[]
20250720_232822_743,6,26,26,-8.7,20.31358893936134,0.1012079715728759,0.0043463706970214,26,26.0,YOLO,1,32,0.0,20.31358893936134,0.0,[]
20250720_232822_852,6,26,26,-8.7,20.31358893936134,0.0957705974578857,0.0042951107025146,26,26.0,YOLO,1,32,0.0,20.31358893936134,0.0,[]
20250720_232821_918,6,26,26,-8.7,20.31358893936134,0.0874040126800537,0.0043213367462158,26,26.0,YOLO,1,32,0.0,20.31358893936134,0.0,[]
20250720_232822_118,6,26,26,-8.7,20.31358893936134,0.1005878448486328,0.0043811798095703,26,26.0,YOLO,1,32,0.0,20.31358893936134,0.0,[]
20250720_232823_986,6,26,26,-8.7,20.31358893936134,0.0985713005065918,0.0042402744293212,26,26.0,YOLO,1,32,0.0,20.31358893936134,0.0,[]
20250720_232824_307,6,26,26,-8.7,20.31358893936134,0.0960876941680908,0.0042648315429687,26,26.0,YOLO,1,32,0.0,20.31358893936134,0.0,[]
20250720_232822_013,6,26,26,-8.7,20.31358893936134,0.0973362922668457,0.0040326118469238,26,26.0,YOLO,1,32,0.0,20.31358893936134,0.0,[]
20250720_232824_411,6,26,26,-8.7,20.31358893936134,0.0923902988433837,0.0039587020874023,26,26.0,YOLO,1,32,0.0,20.31358893936134,0.0,[]
20250720_232824_722,6,26,26,-8.7,20.31358893936134,0.0971474647521972,0.0043513774871826,26,26.0,YOLO,1,32,0.0,20.31358893936134,0.0,[]
20250720_232825_145,6,25,25,-10.2,20.58393893998202,0.0973050594329834,0.0043377876281738,25,25.0,YOLO,1,32,0.0,20.58393893998202,0.0,[]
20250720_232824_619,6,26,26,-8.7,20.31358893936134,0.0959932804107666,0.0039176940917968,26,26.0,YOLO,1,32,0.0,20.31358893936134,0.0,[]
20250720_232821_612,6,27,27,-7.3,19.69794720604873,0.0956568717956543,0.0039801597595214,27,27.0,YOLO,1,32,0.0,19.69794720604873,0.0,[]
20250720_232825_045,6,26,26,-8.7,20.31358893936134,0.0929818153381347,0.0043370723724365,26,26.0,YOLO,1,32,0.0,20.31358893936134,0.0,[]
20250720_232825_463,6,26,26,-8.7,20.31358893936134,0.1006667613983154,0.0048887729644775,26,26.0,YOLO,1,32,0.0,20.31358893936134,0.0,[]
20250720_232822_645,6,26,26,-8.7,20.31358893936134,0.0904760360717773,0.004312515258789,26,26.0,YOLO,1,32,0.0,20.31358893936134,0.0,[]
20250720_232821_714,6,27,27,-7.3,19.69794720604873,0.0947730541229248,0.0046439170837402,27,27.0,YOLO,1,32,0.0,19.69794720604873,0.0,[]
20250720_232821_817,6,26,26,-8.7,20.31358893936134,0.0941085815429687,0.0044667720794677,26,26.0,YOLO,1,32,0.0,20.31358893936134,0.0,[]
20250720_232824_092,6,26,26,-8.7,20.31358893936134,0.0972874164581298,0.0043349266052246,26,26.0,YOLO,1,32,0.0,20.31358893936134,0.0,[]
20250720_232823_580,6,26,26,-8.7,20.31358893936134,0.0966105461120605,0.0041539669036865,26,26.0,YOLO,1,32,0.0,20.31358893936134,0.0,[]
20250720_232823_365,6,26,26,-8.7,20.31358893936134,0.0943059921264648,0.0042767524719238,26,26.0,YOLO,1,32,0.0,20.31358893936134,0.0,[]
20250720_232822_332,6,26,26,-8.7,20.31358893936134,0.0935909748077392,0.0043230056762695,26,26.0,YOLO,1,32,0.0,20.31358893936134,0.0,[]
20250720_232825_351,6,26,26,-8.7,20.31358893936134,0.1041097640991211,0.0043609142303466,26,26.0,YOLO,1,32,0.0,20.31358893936134,0.0,[]
20250720_232823_467,6,26,26,-8.7,20.31358893936134,0.1053006649017334,0.0043439865112304,26,26.0,YOLO,1,32,0.0,20.31358893936134,0.0,[]
20250720_232822_433,6,26,26,-8.7,20.31358893936134,0.1002814769744873,0.0043048858642578,26,26.0,YOLO,1,32,0.0,20.31358893936134,0.0,[]
20250720_232824_510,6,26,26,-8.7,20.31358893936134,0.1015715599060058,0.0043501853942871,26,26.0,YOLO,1,32,0.0,20.31358893936134,0.0,[]
20250720_232825_572,6,26,26,-8.7,20.31358893936134,0.0980405807495117,0.0043094158172607,26,26.0,YOLO,1,32,0.0,20.31358893936134,0.0,[]
20250720_232823_062,6,26,26,-8.7,20.31358893936134,0.0879123210906982,0.0043299198150634,26,26.0,YOLO,1,32,0.0,20.31358893936134,0.0,[]
20250720_232822_955,6,26,26,-8.7,20.31358893936134,0.0992522239685058,0.0044212341308593,26,26.0,YOLO,1,32,0.0,20.31358893936134,0.0,[]
20250720_232825_250,6,26,26,-8.7,20.31358893936134,0.0934643745422363,0.004434585571289,26,26.0,YOLO,1,32,0.0,20.31358893936134,0.0,[]
20250720_232824_935,6,26,26,-8.7,20.31358893936134,0.104050874710083,0.0043699741363525,26,26.0,YOLO,1,32,0.0,20.31358893936134,0.0,[]
20250720_232823_784,6,26,26,-8.7,20.31358893936134,0.0938193798065185,0.0042989253997802,26,26.0,YOLO,1,32,0.0,20.31358893936134,0.0,[]
20250720_232823_684,6,26,26,-8.7,20.31358893936134,0.0930621623992919,0.0043225288391113,26,26.0,YOLO,1,32,0.0,20.31358893936134,0.0,[]
20250720_232824_197,6,26,26,-8.7,20.31358893936134,0.1025888919830322,0.0045278072357177,26,26.0,YOLO,1,32,0.0,20.31358893936134,0.0,[]
20250720_232823_886,6,26,26,-8.7,20.31358893936134,0.093402624130249,0.004382848739624,26,26.0,YOLO,1,32,0.0,20.31358893936134,0.0,[]
20250720_232823_254,6,26,26,-8.7,20.31358893936134,0.1037085056304931,0.0043442249298095,26,26.0,YOLO,1,32,0.0,20.31358893936134,0.0,[]
20250720_232822_226,6,26,26,-8.7,20.31358893936134,0.0994725227355957,0.0042409896850585,26,26.0,YOLO,1,32,0.0,20.31358893936134,0.0,[]
20250720_232823_157,6,26,26,-8.7,20.31358893936134,0.0891227722167968,0.0047016143798828,26,26.0,YOLO,1,32,0.0,20.31358893936134,0.0,[]
20250720_232822_541,6,26,26,-8.7,20.31358893936134,0.097191572189331,0.0043551921844482,26,26.0,YOLO,1,32,0.0,20.31358893936134,0.0,[]
20250720_232824_827,6,26,26,-8.7,20.31358893936134,0.1010239124298095,0.003957986831665,26,26.0,YOLO,1,32,0.0,20.31358893936134,0.0,[]
20250720_232831_403,8,24,24,-11.6,20.658205545480342,0.0957503318786621,0.0025470256805419,24,24.0,YOLO,1,32,0.0,20.658205545480342,0.0,[]
20250720_232833_051,8,24,24,-11.6,20.658205545480342,0.0928287506103515,0.0043940544128417,24,24.0,YOLO,1,32,0.0,20.658205545480342,0.0,[]
20250720_232833_247,8,24,24,-11.6,20.658205545480342,0.0941965579986572,0.0043160915374755,24,24.0,YOLO,1,32,0.0,20.658205545480342,0.0,[]
20250720_232831_502,8,24,24,-11.6,20.658205545480342,0.0914185047149658,0.0020496845245361,24,24.0,YOLO,1,32,0.0,20.658205545480342,0.0,[]
20250720_232832_654,8,24,24,-11.6,20.658205545480342,0.0958671569824218,0.0034356117248535,24,24.0,YOLO,1,32,0.0,20.658205545480342,0.0,[]
20250720_232833_450,8,24,24,-11.6,20.658205545480342,0.094285249710083,0.0045361518859863,24,24.0,YOLO,1,32,0.0,20.658205545480342,0.0,[]
20250720_232830_124,8,24,24,-11.6,20.658205545480342,0.09242844581604,0.0042934417724609,24,24.0,YOLO,1,32,0.0,20.658205545480342,0.0,[]
20250720_232831_877,8,24,24,-11.6,20.658205545480342,0.0880677700042724,0.0020740032196044,24,24.0,YOLO,1,32,0.0,20.658205545480342,0.0,[]
20250720_232830_618,8,24,24,-11.6,20.658205545480342,0.0905392169952392,0.0042638778686523,24,24.0,YOLO,1,32,0.0,20.658205545480342,0.0,[]
20250720_232830_322,8,24,24,-11.6,20.658205545480342,0.0930798053741455,0.0042192935943603,24,24.0,YOLO,1,32,0.0,20.658205545480342,0.0,[]
20250720_232830_422,8,24,24,-11.6,20.658205545480342,0.0935258865356445,0.0018708705902099,24,24.0,YOLO,1,32,0.0,20.658205545480342,0.0,[]
20250720_232830_025,8,24,24,-11.6,20.658205545480342,0.0914981365203857,0.0043082237243652,24,24.0,YOLO,1,32,0.0,20.658205545480342,0.0,[]
20250720_232829_627,8,25,25,-10.2,19.900117664197523,0.0876410007476806,0.0040323734283447,25,25.0,YOLO,1,32,0.0,19.900117664197523,0.0,[]
20250720_232831_221,8,24,24,-11.6,20.658205545480342,0.0834708213806152,0.0020503997802734,24,24.0,YOLO,1,32,0.0,20.658205545480342,0.0,[]
20250720_232831_597,8,24,24,-11.6,20.658205545480342,0.0882258415222168,0.0020029544830322,24,24.0,YOLO,1,32,0.0,20.658205545480342,0.0,[]
20250720_232833_552,8,24,24,-11.6,20.658205545480342,0.1007027626037597,0.0020852088928222,24,24.0,YOLO,1,32,0.0,20.658205545480342,0.0,[]
20250720_232830_915,8,24,24,-11.6,20.658205545480342,0.0935134887695312,0.0040967464447021,24,24.0,YOLO,1,32,0.0,20.658205545480342,0.0,[]
20250720_232830_224,8,24,24,-11.6,20.658205545480342,0.0909020900726318,0.0043137073516845,24,24.0,YOLO,1,32,0.0,20.658205545480342,0.0,[]
20250720_232832_064,8,24,24,-11.6,20.658205545480342,0.097412109375,0.0021173954010009,24,24.0,YOLO,1,32,0.0,20.658205545480342,0.0,[]
20250720_232832_851,8,24,24,-11.6,20.658205545480342,0.0971016883850097,0.0040061473846435,24,24.0,YOLO,1,32,0.0,20.658205545480342,0.0,[]
20250720_232833_151,8,24,24,-11.6,20.658205545480342,0.0881969928741455,0.0043551921844482,24,24.0,YOLO,1,32,0.0,20.658205545480342,0.0,[]
20250720_232832_558,8,24,24,-11.6,20.658205545480342,0.0925068855285644,0.00211763381958,24,24.0,YOLO,1,32,0.0,20.658205545480342,0.0,[]
20250720_232832_164,8,24,24,-11.6,20.658205545480342,0.0906133651733398,0.0031132698059082,24,24.0,YOLO,1,32,0.0,20.658205545480342,0.0,[]
20250720_232832_260,8,24,24,-11.6,20.658205545480342,0.0974950790405273,0.0020978450775146,24,24.0,YOLO,1,32,0.0,20.658205545480342,0.0,[]
20250720_232832_458,8,24,24,-11.6,20.658205545480342,0.0969111919403076,0.0020878314971923,24,24.0,YOLO,1,32,0.0,20.658205545480342,0.0,[]
20250720_232829_820,8,24,24,-11.6,20.658205545480342,0.0940282344818115,0.0039303302764892,24,24.0,YOLO,1,32,0.0,20.658205545480342,0.0,[]
20250720_232831_784,8,24,24,-11.6,20.658205545480342,0.0897543430328369,0.0020248889923095,24,24.0,YOLO,1,32,0.0,20.658205545480342,0.0,[]
20250720_232829_722,8,25,25,-10.2,19.900117664197523,0.0946040153503418,0.0020246505737304,25,25.0,YOLO,1,32,0.0,19.900117664197523,0.0,[]
20250720_232830_715,8,24,24,-11.6,20.658205545480342,0.0931248664855957,0.0035846233367919,24,24.0,YOLO,1,32,0.0,20.658205545480342,0.0,[]
20250720_232830_519,8,24,24,-11.6,20.658205545480342,0.0912628173828125,0.0041086673736572,24,24.0,YOLO,1,32,0.0,20.658205545480342,0.0,[]
20250720_232832_955,8,24,24,-11.6,20.658205545480342,0.0873677730560302,0.0046925544738769,24,24.0,YOLO,1,32,0.0,20.658205545480342,0.0,[]
20250720_232831_114,8,24,24,-11.6,20.658205545480342,0.1027023792266845,0.0020830631256103,24,24.0,YOLO,1,32,0.0,20.658205545480342,0.0,[]
20250720_232832_756,8,24,24,-11.6,20.658205545480342,0.0879890918731689,0.0043354034423828,24,24.0,YOLO,1,32,0.0,20.658205545480342,0.0,[]
20250720_232831_307,8,24,24,-11.6,20.658205545480342,0.0916204452514648,0.0022399425506591,24,24.0,YOLO,1,32,0.0,20.658205545480342,0.0,[]
20250720_232830_815,8,24,24,-11.6,20.658205545480342,0.0934360027313232,0.0038251876831054,24,24.0,YOLO,1,32,0.0,20.658205545480342,0.0,[]
20250720_232831_969,8,24,24,-11.6,20.658205545480342,0.0915765762329101,0.0019981861114501,24,24.0,YOLO,1,32,0.0,20.658205545480342,0.0,[]
20250720_232831_689,8,24,24,-11.6,20.658205545480342,0.0924892425537109,0.0020372867584228,24,24.0,YOLO,1,32,0.0,20.658205545480342,0.0,[]
20250720_232832_361,8,24,24,-11.6,20.658205545480342,0.0939114093780517,0.0020933151245117,24,24.0,YOLO,1,32,0.0,20.658205545480342,0.0,[]
20250720_232829_921,8,24,24,-11.6,20.658205545480342,0.0968122482299804,0.0042886734008789,24,24.0,YOLO,1,32,0.0,20.658205545480342,0.0,[]
20250720_232835_478,9,24,24,-11.6,19.97815232910176,0.0970871448516845,0.0040302276611328,24,24.0,YOLO,1,32,0.0,19.97815232910176,0.0,[]
20250720_232836_935,9,24,24,-11.6,19.97815232910176,0.0985162258148193,0.0042686462402343,24,24.0,YOLO,1,32,0.0,19.97815232910176,0.0,[]
20250720_232835_893,9,24,24,-11.6,19.97815232910176,0.0964748859405517,0.0043442249298095,24,24.0,YOLO,1,32,0.0,19.97815232910176,0.0,[]
20250720_232834_550,9,24,24,-11.6,19.97815232910176,0.0945403575897216,0.0035037994384765,24,24.0,YOLO,1,32,0.0,19.97815232910176,0.0,[]
20250720_232836_833,9,24,24,-11.6,19.97815232910176,0.0947978496551513,0.004258394241333,24,24.0,YOLO,1,32,0.0,19.97815232910176,0.0,[]
20250720_232835_165,9,24,24,-11.6,19.97815232910176,0.096168041229248,0.0044004917144775,24,24.0,YOLO,1,32,0.0,19.97815232910176,0.0,[]
20250720_232837_554,9,24,24,-11.6,19.97815232910176,0.0939249992370605,0.0044577121734619,24,24.0,YOLO,1,32,0.0,19.97815232910176,0.0,[]
20250720_232836_423,9,24,24,-11.6,19.97815232910176,0.0981464385986328,0.0042624473571777,24,24.0,YOLO,1,32,0.0,19.97815232910176,0.0,[]
20250720_232836_203,9,24,24,-11.6,19.97815232910176,0.1000614166259765,0.004744529724121,24,24.0,YOLO,1,32,0.0,19.97815232910176,0.0,[]
20250720_232837_139,9,24,24,-11.6,19.97815232910176,0.0994603633880615,0.004695177078247,24,24.0,YOLO,1,32,0.0,19.97815232910176,0.0,[]
20250720_232836_529,9,24,24,-11.6,19.97815232910176,0.0969099998474121,0.0041265487670898,24,24.0,YOLO,1,32,0.0,19.97815232910176,0.0,[]
20250720_232833_754,9,24,24,-11.6,19.97815232910176,0.1069612503051757,0.0021355152130126,24,24.0,YOLO,1,32,0.0,19.97815232910176,0.0,[]
20250720_232834_862,9,24,24,-11.6,19.97815232910176,0.0882322788238525,0.0039846897125244,24,24.0,YOLO,1,32,0.0,19.97815232910176,0.0,[]
20250720_232836_311,9,24,24,-11.6,19.97815232910176,0.1049797534942627,0.0039656162261962,24,24.0,YOLO,1,32,0.0,19.97815232910176,0.0,[]
20250720_232835_582,9,24,24,-11.6,19.97815232910176,0.0950970649719238,0.004328966140747,24,24.0,YOLO,1,32,0.0,19.97815232910176,0.0,[]
20250720_232834_342,9,24,24,-11.6,19.97815232910176,0.097933292388916,0.0043938159942626,24,24.0,YOLO,1,32,0.0,19.97815232910176,0.0,[]
20250720_232836_731,9,24,24,-11.6,19.97815232910176,0.0947208404541015,0.0042610168457031,24,24.0,YOLO,1,32,0.0,19.97815232910176,0.0,[]
20250720_232834_245,9,24,24,-11.6,19.97815232910176,0.0903029441833496,0.0043363571166992,24,24.0,YOLO,1,32,0.0,19.97815232910176,0.0,[]
20250720_232834_148,9,24,24,-11.6,19.97815232910176,0.0933282375335693,0.0020313262939453,24,24.0,YOLO,1,32,0.0,19.97815232910176,0.0,[]
20250720_232834_649,9,24,24,-11.6,19.97815232910176,0.0940124988555908,0.0042085647583007,24,24.0,YOLO,1,32,0.0,19.97815232910176,0.0,[]
20250720_232835_792,9,24,24,-11.6,19.97815232910176,0.0935795307159423,0.0045602321624755,24,24.0,YOLO,1,32,0.0,19.97815232910176,0.0,[]
20250720_232834_054,9,24,24,-11.6,19.97815232910176,0.0901970863342285,0.0020792484283447,24,24.0,YOLO,1,32,0.0,19.97815232910176,0.0,[]
20250720_232834_751,9,24,24,-11.6,19.97815232910176,0.1031968593597412,0.0043816566467285,24,24.0,YOLO,1,32,0.0,19.97815232910176,0.0,[]
20250720_232837_246,9,24,24,-11.6,19.97815232910176,0.0992414951324462,0.0039927959442138,24,24.0,YOLO,1,32,0.0,19.97815232910176,0.0,[]
20250720_232835_997,9,24,24,-11.6,19.97815232910176,0.0923905372619628,0.0043127536773681,24,24.0,YOLO,1,32,0.0,19.97815232910176,0.0,[]
20250720_232837_041,9,24,24,-11.6,19.97815232910176,0.0903468132019043,0.0043048858642578,24,24.0,YOLO,1,32,0.0,19.97815232910176,0.0,[]
20250720_232835_269,9,24,24,-11.6,19.97815232910176,0.0986983776092529,0.0042951107025146,24,24.0,YOLO,1,32,0.0,19.97815232910176,0.0,[]
20250720_232837_353,9,24,24,-11.6,19.97815232910176,0.0964636802673339,0.0043225288391113,24,24.0,YOLO,1,32,0.0,19.97815232910176,0.0,[]
20250720_232834_448,9,24,24,-11.6,19.97815232910176,0.0949881076812744,0.0042359828948974,24,24.0,YOLO,1,32,0.0,19.97815232910176,0.0,[]
20250720_232835_069,9,24,24,-11.6,19.97815232910176,0.0887951850891113,0.0043163299560546,24,24.0,YOLO,1,32,0.0,19.97815232910176,0.0,[]
20250720_232837_456,9,24,24,-11.6,19.97815232910176,0.0902907848358154,0.003969669342041,24,24.0,YOLO,1,32,0.0,19.97815232910176,0.0,[]
20250720_232835_684,9,24,24,-11.6,19.97815232910176,0.1013627052307128,0.0042791366577148,24,24.0,YOLO,1,32,0.0,19.97815232910176,0.0,[]
20250720_232833_656,9,24,24,-11.6,19.97815232910176,0.094437837600708,0.0020215511322021,24,24.0,YOLO,1,32,0.0,19.97815232910176,0.0,[]
20250720_232836_097,9,24,24,-11.6,19.97815232910176,0.0987219810485839,0.0043039321899414,24,24.0,YOLO,1,32,0.0,19.97815232910176,0.0,[]
20250720_232835_375,9,24,24,-11.6,19.97815232910176,0.094888687133789,0.0045020580291748,24,24.0,YOLO,1,32,0.0,19.97815232910176,0.0,[]
20250720_232833_953,9,24,24,-11.6,19.97815232910176,0.0976295471191406,0.0020995140075683,24,24.0,YOLO,1,32,0.0,19.97815232910176,0.0,[]
20250720_232836_632,9,24,24,-11.6,19.97815232910176,0.0926742553710937,0.0040004253387451,24,24.0,YOLO,1,32,0.0,19.97815232910176,0.0,[]
20250720_232834_957,9,24,24,-11.6,19.97815232910176,0.1049120426177978,0.0043301582336425,24,24.0,YOLO,1,32,0.0,19.97815232910176,0.0,[]
20250720_232833_864,9,24,24,-11.6,19.97815232910176,0.0859935283660888,0.0021522045135498,24,24.0,YOLO,1,32,0.0,19.97815232910176,0.0,[]
20250720_232842_737,11,22,22,-14.5,20.54678771260461,0.0973143577575683,0.0043637752532958,22,22.0,YOLO,1,32,0.0,20.54678771260461,0.0,[]
20250720_232843_989,11,22,22,-14.5,20.54678771260461,0.0919723510742187,0.0043170452117919,22,22.0,YOLO,1,32,0.0,20.54678771260461,0.0,[]
20250720_232842_233,11,22,22,-14.5,20.54678771260461,0.0923738479614257,0.0043580532073974,22,22.0,YOLO,1,32,0.0,20.54678771260461,0.0,[]
20250720_232842_643,11,22,22,-14.5,20.54678771260461,0.0870850086212158,0.0042700767517089,22,22.0,YOLO,1,32,0.0,20.54678771260461,0.0,[]
20250720_232845_300,11,22,22,-14.5,20.54678771260461,0.0947308540344238,0.0042090415954589,22,22.0,YOLO,1,32,0.0,20.54678771260461,0.0,[]
20250720_232844_701,11,22,22,-14.5,20.54678771260461,0.0818049907684326,0.0042080879211425,22,22.0,YOLO,1,32,0.0,20.54678771260461,0.0,[]
20250720_232841_600,11,23,23,-13.1,20.04937434575648,0.1008789539337158,0.0043532848358154,23,23.0,YOLO,1,32,0.0,20.04937434575648,0.0,[]
20250720_232843_682,11,22,22,-14.5,20.54678771260461,0.0988245010375976,0.0039782524108886,22,22.0,YOLO,1,32,0.0,20.54678771260461,0.0,[]
20250720_232841_709,11,23,23,-13.1,20.04937434575648,0.101959228515625,0.0043981075286865,23,23.0,YOLO,1,32,0.0,20.04937434575648,0.0,[]
20250720_232844_891,11,22,22,-14.5,20.54678771260461,0.0876965522766113,0.004249095916748,22,22.0,YOLO,1,32,0.0,20.54678771260461,0.0,[]
20250720_232841_925,11,22,22,-14.5,20.54678771260461,0.0991895198822021,0.0043845176696777,22,22.0,YOLO,1,32,0.0,20.54678771260461,0.0,[]
20250720_232842_947,11,22,22,-14.5,20.54678771260461,0.0985455513000488,0.0043215751647949,22,22.0,YOLO,1,32,0.0,20.54678771260461,0.0,[]
20250720_232844_405,11,22,22,-14.5,20.54678771260461,0.095754861831665,0.0043458938598632,22,22.0,YOLO,1,32,0.0,20.54678771260461,0.0,[]
20250720_232843_154,11,23,23,-13.1,20.04937434575648,0.0888745784759521,0.0043220520019531,23,23.0,YOLO,1,32,0.0,20.04937434575648,0.0,[]
20250720_232842_333,11,22,22,-14.5,20.54678771260461,0.097057819366455,0.0043821334838867,22,22.0,YOLO,1,32,0.0,20.54678771260461,0.0,[]
20250720_232842_842,11,22,22,-14.5,20.54678771260461,0.0974476337432861,0.0041303634643554,22,22.0,YOLO,1,32,0.0,20.54678771260461,0.0,[]
20250720_232845_090,11,22,22,-14.5,20.54678771260461,0.1051030158996582,0.0042195320129394,22,22.0,YOLO,1,32,0.0,20.54678771260461,0.0,[]
20250720_232843_464,11,22,22,-14.5,20.54678771260461,0.0970046520233154,0.004692792892456,22,22.0,YOLO,1,32,0.0,20.54678771260461,0.0,[]
20250720_232844_606,11,22,22,-14.5,20.54678771260461,0.0885381698608398,0.0041501522064208,22,22.0,YOLO,1,32,0.0,20.54678771260461,0.0,[]
20250720_232844_089,11,22,22,-14.5,20.54678771260461,0.0969617366790771,0.0042903423309326,22,22.0,YOLO,1,32,0.0,20.54678771260461,0.0,[]
20250720_232844_791,11,22,22,-14.5,20.54678771260461,0.0924634933471679,0.004335880279541,22,22.0,YOLO,1,32,0.0,20.54678771260461,0.0,[]
20250720_232843_354,11,23,23,-13.1,20.04937434575648,0.1031532287597656,0.0043642520904541,23,23.0,YOLO,1,32,0.0,20.04937434575648,0.0,[]
20250720_232844_301,11,22,22,-14.5,20.54678771260461,0.0964148044586181,0.0039916038513183,22,22.0,YOLO,1,32,0.0,20.54678771260461,0.0,[]
20250720_232845_506,11,22,22,-14.5,20.54678771260461,0.0922913551330566,0.004380464553833,22,22.0,YOLO,1,32,0.0,20.54678771260461,0.0,[]
20250720_232844_508,11,22,22,-14.5,20.54678771260461,0.0908892154693603,0.0042076110839843,22,22.0,YOLO,1,32,0.0,20.54678771260461,0.0,[]
20250720_232843_569,11,22,22,-14.5,20.54678771260461,0.1054830551147461,0.0039942264556884,22,22.0,YOLO,1,32,0.0,20.54678771260461,0.0,[]
20250720_232845_201,11,22,22,-14.5,20.54678771260461,0.0916125774383544,0.0043270587921142,22,22.0,YOLO,1,32,0.0,20.54678771260461,0.0,[]
20250720_232842_437,11,22,22,-14.5,20.54678771260461,0.0941946506500244,0.0045161247253417,22,22.0,YOLO,1,32,0.0,20.54678771260461,0.0,[]
20250720_232843_251,11,23,23,-13.1,20.04937434575648,0.0956723690032959,0.0042729377746582,23,23.0,YOLO,1,32,0.0,20.04937434575648,0.0,[]
20250720_232843_885,11,22,22,-14.5,20.54678771260461,0.096670389175415,0.0043611526489257,22,22.0,YOLO,1,32,0.0,20.54678771260461,0.0,[]
20250720_232843_053,11,23,23,-13.1,20.04937434575648,0.0938005447387695,0.0043270587921142,23,23.0,YOLO,1,32,0.0,20.04937434575648,0.0,[]
20250720_232843_788,11,22,22,-14.5,20.54678771260461,0.0898997783660888,0.0041630268096923,22,22.0,YOLO,1,32,0.0,20.54678771260461,0.0,[]
20250720_232845_402,11,22,22,-14.5,20.54678771260461,0.0963904857635498,0.0043814182281494,22,22.0,YOLO,1,32,0.0,20.54678771260461,0.0,[]
20250720_232842_032,11,22,22,-14.5,20.54678771260461,0.0972597599029541,0.0043399333953857,22,22.0,YOLO,1,32,0.0,20.54678771260461,0.0,[]
20250720_232842_136,11,22,22,-14.5,20.54678771260461,0.0897469520568847,0.0041642189025878,22,22.0,YOLO,1,32,0.0,20.54678771260461,0.0,[]
20250720_232841_818,11,22,22,-14.5,20.54678771260461,0.0991666316986084,0.0044085979461669,22,22.0,YOLO,1,32,0.0,20.54678771260461,0.0,[]
20250720_232844_191,11,22,22,-14.5,20.54678771260461,0.1020855903625488,0.0043971538543701,22,22.0,YOLO,1,32,0.0,20.54678771260461,0.0,[]
20250720_232844_986,11,22,22,-14.5,20.54678771260461,0.0969886779785156,0.004324197769165,22,22.0,YOLO,1,32,0.0,20.54678771260461,0.0,[]
20250720_232842_539,11,22,22,-14.5,20.54678771260461,0.0953292846679687,0.004533052444458,22,22.0,YOLO,1,32,0.0,20.54678771260461,0.0,[]
20250720_232847_640,12,22,22,-14.5,20.54672779947917,0.0957438945770263,0.0042328834533691,22,22.0,YOLO,1,32,0.0,20.54672779947917,0.0,[]
20250720_232846_205,12,22,22,-14.5,20.54672779947917,0.0962061882019043,0.0041162967681884,22,22.0,YOLO,1,32,0.0,20.54672779947917,0.0,[]
20250720_232845_907,12,22,22,-14.5,20.54672779947917,0.0854249000549316,0.0042839050292968,22,22.0,YOLO,1,32,0.0,20.54672779947917,0.0,[]
20250720_232848_560,12,22,22,-14.5,20.54672779947917,0.0903806686401367,0.0043404102325439,22,22.0,YOLO,1,32,0.0,20.54672779947917,0.0,[]
20250720_232847_226,12,22,22,-14.5,20.54672779947917,0.0918662548065185,0.0043578147888183,22,22.0,YOLO,1,32,0.0,20.54672779947917,0.0,[]
20250720_232848_658,12,22,22,-14.5,20.54672779947917,0.0988876819610595,0.0043280124664306,22,22.0,YOLO,1,32,0.0,20.54672779947917,0.0,[]
20250720_232846_927,12,22,22,-14.5,20.54672779947917,0.1005463600158691,0.0044074058532714,22,22.0,YOLO,1,32,0.0,20.54672779947917,0.0,[]
20250720_232849_084,12,22,22,-14.5,20.54672779947917,0.1065888404846191,0.0044600963592529,22,22.0,YOLO,1,32,0.0,20.54672779947917,0.0,[]
20250720_232847_427,12,22,22,-14.5,20.54672779947917,0.0996403694152832,0.0044121742248535,22,22.0,YOLO,1,32,0.0,20.54672779947917,0.0,[]
20250720_232849_199,12,22,22,-14.5,20.54672779947917,0.101266860961914,0.0044128894805908,22,22.0,YOLO,1,32,0.0,20.54672779947917,0.0,[]
20250720_232846_515,12,22,22,-14.5,20.54672779947917,0.0981297492980957,0.0043323040008544,22,22.0,YOLO,1,32,0.0,20.54672779947917,0.0,[]
20250720_232849_510,12,22,22,-14.5,20.54672779947917,0.0932695865631103,0.0043590068817138,22,22.0,YOLO,1,32,0.0,20.54672779947917,0.0,[]
20250720_232848_875,12,22,22,-14.5,20.54672779947917,0.0953660011291503,0.0043432712554931,22,22.0,YOLO,1,32,0.0,20.54672779947917,0.0,[]
20250720_232848_464,12,22,22,-14.5,20.54672779947917,0.0896708965301513,0.0037338733673095,22,22.0,YOLO,1,32,0.0,20.54672779947917,0.0,[]
20250720_232845_606,12,22,22,-14.5,20.54672779947917,0.0891625881195068,0.0042245388031005,22,22.0,YOLO,1,32,0.0,20.54672779947917,0.0,[]
20250720_232847_743,12,22,22,-14.5,20.54672779947917,0.0921165943145752,0.0043559074401855,22,22.0,YOLO,1,32,0.0,20.54672779947917,0.0,[]
20250720_232847_535,12,22,22,-14.5,20.54672779947917,0.0977792739868164,0.0042934417724609,22,22.0,YOLO,1,32,0.0,20.54672779947917,0.0,[]
20250720_232846_829,12,22,22,-14.5,20.54672779947917,0.0908465385437011,0.0039825439453125,22,22.0,YOLO,1,32,0.0,20.54672779947917,0.0,[]
20250720_232847_843,12,22,22,-14.5,20.54672779947917,0.104166030883789,0.0040903091430664,22,22.0,YOLO,1,32,0.0,20.54672779947917,0.0,[]
20250720_232848_363,12,22,22,-14.5,20.54672779947917,0.0932285785675048,0.0042920112609863,22,22.0,YOLO,1,32,0.0,20.54672779947917,0.0,[]
20250720_232848_162,12,22,22,-14.5,20.54672779947917,0.0979139804840087,0.0043520927429199,22,22.0,YOLO,1,32,0.0,20.54672779947917,0.0,[]
20250720_232847_326,12,22,22,-14.5,20.54672779947917,0.094081163406372,0.0043418407440185,22,22.0,YOLO,1,32,0.0,20.54672779947917,0.0,[]
20250720_232847_133,12,22,22,-14.5,20.54672779947917,0.0852303504943847,0.0043447017669677,22,22.0,YOLO,1,32,0.0,20.54672779947917,0.0,[]
20250720_232848_765,12,22,22,-14.5,20.54672779947917,0.1049964427947998,0.0041985511779785,22,22.0,YOLO,1,32,0.0,20.54672779947917,0.0,[]
20250720_232846_308,12,22,22,-14.5,20.54672779947917,0.0961887836456298,0.0041112899780273,22,22.0,YOLO,1,32,0.0,20.54672779947917,0.0,[]
20250720_232846_110,12,22,22,-14.5,20.54672779947917,0.0866351127624511,0.0043792724609375,22,22.0,YOLO,1,32,0.0,20.54672779947917,0.0,[]
20250720_232849_308,12,22,22,-14.5,20.54672779947917,0.0946817398071289,0.0040297508239746,22,22.0,YOLO,1,32,0.0,20.54672779947917,0.0,[]
20250720_232847_954,12,22,22,-14.5,20.54672779947917,0.1036818027496337,0.0042777061462402,22,22.0,YOLO,1,32,0.0,20.54672779947917,0.0,[]
20250720_232845_702,12,22,22,-14.5,20.54672779947917,0.0943052768707275,0.0043537616729736,22,22.0,YOLO,1,32,0.0,20.54672779947917,0.0,[]
20250720_232848_267,12,22,22,-14.5,20.54672779947917,0.0887398719787597,0.0043423175811767,22,22.0,YOLO,1,32,0.0,20.54672779947917,0.0,[]
20250720_232846_621,12,22,22,-14.5,20.54672779947917,0.0992565155029296,0.004359483718872,22,22.0,YOLO,1,32,0.0,20.54672779947917,0.0,[]
20250720_232846_000,12,22,22,-14.5,20.54672779947917,0.1027436256408691,0.0043196678161621,22,22.0,YOLO,1,32,0.0,20.54672779947917,0.0,[]
20250720_232849_408,12,22,22,-14.5,20.54672779947917,0.094268798828125,0.0046577453613281,22,22.0,YOLO,1,32,0.0,20.54672779947917,0.0,[]
20250720_232847_035,12,22,22,-14.5,20.54672779947917,0.0907638072967529,0.0043694972991943,22,22.0,YOLO,1,32,0.0,20.54672779947917,0.0,[]
20250720_232846_411,12,22,22,-14.5,20.54672779947917,0.0966479778289794,0.004227876663208,22,22.0,YOLO,1,32,0.0,20.54672779947917,0.0,[]
20250720_232846_728,12,22,22,-14.5,20.54672779947917,0.096282958984375,0.0035943984985351,22,22.0,YOLO,1,32,0.0,20.54672779947917,0.0,[]
20250720_232848_978,12,22,22,-14.5,20.54672779947917,0.0989251136779785,0.0043609142303466,22,22.0,YOLO,1,32,0.0,20.54672779947917,0.0,[]
20250720_232848_065,12,22,22,-14.5,20.54672779947917,0.0895004272460937,0.0043311119079589,22,22.0,YOLO,1,32,0.0,20.54672779947917,0.0,[]
20250720_232845_804,12,22,22,-14.5,20.54672779947917,0.0955944061279296,0.0045790672302246,22,22.0,YOLO,1,32,0.0,20.54672779947917,0.0,[]
20250720_232853_227,13,21,21,-16.0,19.983418528679422,0.0979089736938476,0.0043110847473144,21,21.0,YOLO,1,32,0.0,19.983418528679422,0.0,[]
20250720_232849_816,13,21,21,-16.0,19.983418528679422,0.0956201553344726,0.0039293766021728,21,21.0,YOLO,1,32,0.0,19.983418528679422,0.0,[]
20250720_232851_585,13,21,21,-16.0,19.983418528679422,0.0957961082458496,0.0042891502380371,21,21.0,YOLO,1,32,0.0,19.983418528679422,0.0,[]
20250720_232852_210,13,21,21,-16.0,19.983418528679422,0.0993366241455078,0.0044202804565429,21,21.0,YOLO,1,32,0.0,19.983418528679422,0.0,[]
20250720_232851_269,13,21,21,-16.0,19.983418528679422,0.101168155670166,0.0043909549713134,21,21.0,YOLO,1,32,0.0,19.983418528679422,0.0,[]
20250720_232852_830,13,21,21,-16.0,19.983418528679422,0.0951476097106933,0.004012107849121,21,21.0,YOLO,1,32,0.0,19.983418528679422,0.0,[]
20250720_232850_330,13,21,21,-16.0,19.983418528679422,0.0963532924652099,0.0042722225189208,21,21.0,YOLO,1,32,0.0,19.983418528679422,0.0,[]
20250720_232850_434,13,21,21,-16.0,19.983418528679422,0.0998854637145996,0.0043301582336425,21,21.0,YOLO,1,32,0.0,19.983418528679422,0.0,[]
20250720_232849_611,13,22,22,-14.5,20.138298824928967,0.0966782569885253,0.0040392875671386,22,22.0,YOLO,1,32,0.0,20.138298824928967,0.0,[]
20250720_232853_332,13,21,21,-16.0,19.983418528679422,0.0957663059234619,0.0042223930358886,21,21.0,YOLO,1,32,0.0,19.983418528679422,0.0,[]
20250720_232851_899,13,21,21,-16.0,19.983418528679422,0.0966756343841552,0.0043025016784667,21,21.0,YOLO,1,32,0.0,19.983418528679422,0.0,[]
20250720_232850_736,13,21,21,-16.0,19.983418528679422,0.098947525024414,0.0043475627899169,21,21.0,YOLO,1,32,0.0,19.983418528679422,0.0,[]
20250720_232851_060,13,21,21,-16.0,19.983418528679422,0.095283031463623,0.0043253898620605,21,21.0,YOLO,1,32,0.0,19.983418528679422,0.0,[]
20250720_232853_538,13,21,21,-16.0,19.983418528679422,0.0922760963439941,0.0043344497680664,21,21.0,YOLO,1,32,0.0,19.983418528679422,0.0,[]
20250720_232850_953,13,21,21,-16.0,19.983418528679422,0.0988011360168457,0.0045361518859863,21,21.0,YOLO,1,32,0.0,19.983418528679422,0.0,[]
20250720_232849_715,13,22,22,-14.5,20.138298824928967,0.0942625999450683,0.0042552947998046,22,22.0,YOLO,1,32,0.0,20.138298824928967,0.0,[]
20250720_232852_631,13,21,21,-16.0,19.983418528679422,0.0903339385986328,0.0043032169342041,21,21.0,YOLO,1,32,0.0,19.983418528679422,0.0,[]
20250720_232851_377,13,21,21,-16.0,19.983418528679422,0.0958082675933837,0.0043504238128662,21,21.0,YOLO,1,32,0.0,19.983418528679422,0.0,[]
20250720_232852_525,13,21,21,-16.0,19.983418528679422,0.0990087985992431,0.0041089057922363,21,21.0,YOLO,1,32,0.0,19.983418528679422,0.0,[]
20250720_232853_129,13,21,21,-16.0,19.983418528679422,0.0906224250793457,0.00411057472229,21,21.0,YOLO,1,32,0.0,19.983418528679422,0.0,[]
20250720_232851_793,13,21,21,-16.0,19.983418528679422,0.0986413955688476,0.0042893886566162,21,21.0,YOLO,1,32,0.0,19.983418528679422,0.0,[]
20250720_232852_728,13,21,21,-16.0,19.983418528679422,0.0953099727630615,0.0041751861572265,21,21.0,YOLO,1,32,0.0,19.983418528679422,0.0,[]
20250720_232853_435,13,21,21,-16.0,19.983418528679422,0.0951433181762695,0.0043988227844238,21,21.0,YOLO,1,32,0.0,19.983418528679422,0.0,[]
20250720_232853_033,13,21,21,-16.0,19.983418528679422,0.0885684490203857,0.0043113231658935,21,21.0,YOLO,1,32,0.0,19.983418528679422,0.0,[]
20250720_232850_636,13,21,21,-16.0,19.983418528679422,0.0921740531921386,0.004300832748413,21,21.0,YOLO,1,32,0.0,19.983418528679422,0.0,[]
20250720_232850_018,13,21,21,-16.0,19.983418528679422,0.0986056327819824,0.0042581558227539,21,21.0,YOLO,1,32,0.0,19.983418528679422,0.0,[]
20250720_232850_229,13,21,21,-16.0,19.983418528679422,0.0957367420196533,0.0038802623748779,21,21.0,YOLO,1,32,0.0,19.983418528679422,0.0,[]
20250720_232850_124,13,21,21,-16.0,19.983418528679422,0.0978748798370361,0.0043079853057861,21,21.0,YOLO,1,32,0.0,19.983418528679422,0.0,[]
20250720_232852_317,13,21,21,-16.0,19.983418528679422,0.0973851680755615,0.0042605400085449,21,21.0,YOLO,1,32,0.0,19.983418528679422,0.0,[]
20250720_232849_919,13,21,21,-16.0,19.983418528679422,0.091740608215332,0.0042791366577148,21,21.0,YOLO,1,32,0.0,19.983418528679422,0.0,[]
20250720_232850_541,13,21,21,-16.0,19.983418528679422,0.0881547927856445,0.0042674541473388,21,21.0,YOLO,1,32,0.0,19.983418528679422,0.0,[]
20250720_232851_688,13,21,21,-16.0,19.983418528679422,0.096949815750122,0.0042588710784912,21,21.0,YOLO,1,32,0.0,19.983418528679422,0.0,[]
20250720_232852_107,13,21,21,-16.0,19.983418528679422,0.0957741737365722,0.0042974948883056,21,21.0,YOLO,1,32,0.0,19.983418528679422,0.0,[]
20250720_232850_843,13,21,21,-16.0,19.983418528679422,0.1032493114471435,0.004343032836914,21,21.0,YOLO,1,32,0.0,19.983418528679422,0.0,[]
20250720_232852_932,13,21,21,-16.0,19.983418528679422,0.0934946537017822,0.0043196678161621,21,21.0,YOLO,1,32,0.0,19.983418528679422,0.0,[]
20250720_232852_422,13,21,21,-16.0,19.983418528679422,0.095966100692749,0.004307746887207,21,21.0,YOLO,1,32,0.0,19.983418528679422,0.0,[]
20250720_232851_163,13,21,21,-16.0,19.983418528679422,0.0985260009765625,0.0043520927429199,21,21.0,YOLO,1,32,0.0,19.983418528679422,0.0,[]
20250720_232851_481,13,21,21,-16.0,19.983418528679422,0.0975255966186523,0.0039505958557128,21,21.0,YOLO,1,32,0.0,19.983418528679422,0.0,[]
20250720_232852_003,13,21,21,-16.0,19.983418528679422,0.096426248550415,0.0044684410095214,21,21.0,YOLO,1,32,0.0,19.983418528679422,0.0,[]
20250720_232857_501,14,20,20,-17.4,20.33636196950816,0.091050386428833,0.0039730072021484,20,20.0,YOLO,1,32,0.0,20.33636196950816,0.0,[]
20250720_232857_199,14,20,20,-17.4,20.33636196950816,0.0910291671752929,0.004319429397583,20,20.0,YOLO,1,32,0.0,20.33636196950816,0.0,[]
20250720_232853_736,14,21,21,-16.0,19.74184275750005,0.0957276821136474,0.0043582916259765,21,21.0,YOLO,1,32,0.0,19.74184275750005,0.0,[]
20250720_232855_973,14,20,20,-17.4,20.33636196950816,0.0978655815124511,0.0042648315429687,20,20.0,YOLO,1,32,0.0,20.33636196950816,0.0,[]
20250720_232857_398,14,20,20,-17.4,20.33636196950816,0.0953757762908935,0.0043776035308837,20,20.0,YOLO,1,32,0.0,20.33636196950816,0.0,[]
20250720_232854_335,14,20,20,-17.4,20.33636196950816,0.0941877365112304,0.0042691230773925,20,20.0,YOLO,1,32,0.0,20.33636196950816,0.0,[]
20250720_232854_436,14,20,20,-17.4,20.33636196950816,0.0899469852447509,0.0045998096466064,20,20.0,YOLO,1,32,0.0,20.33636196950816,0.0,[]
20250720_232856_488,14,20,20,-17.4,20.33636196950816,0.0949728488922119,0.0039305686950683,20,20.0,YOLO,1,32,0.0,20.33636196950816,0.0,[]
20250720_232856_177,14,20,20,-17.4,20.33636196950816,0.0943245887756347,0.0043661594390869,20,20.0,YOLO,1,32,0.0,20.33636196950816,0.0,[]
20250720_232853_839,14,20,20,-17.4,20.33636196950816,0.090940237045288,0.0040421485900878,20,20.0,YOLO,1,32,0.0,20.33636196950816,0.0,[]
20250720_232854_643,14,20,20,-17.4,20.33636196950816,0.0939798355102539,0.0039441585540771,20,20.0,YOLO,1,32,0.0,20.33636196950816,0.0,[]
20250720_232855_866,14,20,20,-17.4,20.33636196950816,0.0999302864074707,0.0043461322784423,20,20.0,YOLO,1,32,0.0,20.33636196950816,0.0,[]
20250720_232855_665,14,20,20,-17.4,20.33636196950816,0.0884795188903808,0.0040099620819091,20,20.0,YOLO,1,32,0.0,20.33636196950816,0.0,[]
20250720_232854_850,14,20,20,-17.4,20.33636196950816,0.0971853733062744,0.0043070316314697,20,20.0,YOLO,1,32,0.0,20.33636196950816,0.0,[]
20250720_232856_689,14,20,20,-17.4,20.33636196950816,0.0911164283752441,0.0043201446533203,20,20.0,YOLO,1,32,0.0,20.33636196950816,0.0,[]
20250720_232855_163,14,20,20,-17.4,20.33636196950816,0.0976905822753906,0.0043375492095947,20,20.0,YOLO,1,32,0.0,20.33636196950816,0.0,[]
20250720_232854_954,14,20,20,-17.4,20.33636196950816,0.0993349552154541,0.0043551921844482,20,20.0,YOLO,1,32,0.0,20.33636196950816,0.0,[]
20250720_232853_638,14,21,21,-16.0,19.74184275750005,0.0917451381683349,0.0043606758117675,21,21.0,YOLO,1,32,0.0,19.74184275750005,0.0,[]
20250720_232857_093,14,20,20,-17.4,20.33636196950816,0.1016664505004882,0.0034871101379394,20,20.0,YOLO,1,32,0.0,20.33636196950816,0.0,[]
20250720_232856_987,14,20,20,-17.4,20.33636196950816,0.0983524322509765,0.0042166709899902,20,20.0,YOLO,1,32,0.0,20.33636196950816,0.0,[]
20250720_232854_744,14,20,20,-17.4,20.33636196950816,0.0984182357788086,0.0042526721954345,20,20.0,YOLO,1,32,0.0,20.33636196950816,0.0,[]
20250720_232855_268,14,20,20,-17.4,20.33636196950816,0.0871872901916503,0.0043301582336425,20,20.0,YOLO,1,32,0.0,20.33636196950816,0.0,[]
20250720_232856_078,14,20,20,-17.4,20.33636196950816,0.0923187732696533,0.0043292045593261,20,20.0,YOLO,1,32,0.0,20.33636196950816,0.0,[]
20250720_232855_363,14,20,20,-17.4,20.33636196950816,0.0952026844024658,0.0040442943572998,20,20.0,YOLO,1,32,0.0,20.33636196950816,0.0,[]
20250720_232856_279,14,20,20,-17.4,20.33636196950816,0.0960617065429687,0.0043487548828125,20,20.0,YOLO,1,32,0.0,20.33636196950816,0.0,[]
20250720_232855_562,14,20,20,-17.4,20.33636196950816,0.0950376987457275,0.0043351650238037,20,20.0,YOLO,1,32,0.0,20.33636196950816,0.0,[]
20250720_232853_937,14,20,20,-17.4,20.33636196950816,0.0954959392547607,0.004390001296997,20,20.0,YOLO,1,32,0.0,20.33636196950816,0.0,[]
20250720_232855_760,14,20,20,-17.4,20.33636196950816,0.0982201099395752,0.0042929649353027,20,20.0,YOLO,1,32,0.0,20.33636196950816,0.0,[]
20250720_232854_040,14,20,20,-17.4,20.33636196950816,0.0910632610321044,0.0043005943298339,20,20.0,YOLO,1,32,0.0,20.33636196950816,0.0,[]
20250720_232857_298,14,20,20,-17.4,20.33636196950816,0.0935354232788086,0.0039787292480468,20,20.0,YOLO,1,32,0.0,20.33636196950816,0.0,[]
20250720_232855_060,14,20,20,-17.4,20.33636196950816,0.0956511497497558,0.004361867904663,20,20.0,YOLO,1,32,0.0,20.33636196950816,0.0,[]
20250720_232856_889,14,20,20,-17.4,20.33636196950816,0.0914094448089599,0.0042612552642822,20,20.0,YOLO,1,32,0.0,20.33636196950816,0.0,[]
20250720_232856_383,14,20,20,-17.4,20.33636196950816,0.0977492332458496,0.0044183731079101,20,20.0,YOLO,1,32,0.0,20.33636196950816,0.0,[]
20250720_232856_788,14,20,20,-17.4,20.33636196950816,0.0933959484100341,0.0043044090270996,20,20.0,YOLO,1,32,0.0,20.33636196950816,0.0,[]
20250720_232854_534,14,20,20,-17.4,20.33636196950816,0.1017169952392578,0.0042464733123779,20,20.0,YOLO,1,32,0.0,20.33636196950816,0.0,[]
20250720_232854_235,14,20,20,-17.4,20.33636196950816,0.0922498703002929,0.0043563842773437,20,20.0,YOLO,1,32,0.0,20.33636196950816,0.0,[]
20250720_232856_590,14,20,20,-17.4,20.33636196950816,0.0924162864685058,0.0039436817169189,20,20.0,YOLO,1,32,0.0,20.33636196950816,0.0,[]
20250720_232855_465,14,20,20,-17.4,20.33636196950816,0.0896413326263427,0.0043292045593261,20,20.0,YOLO,1,32,0.0,20.33636196950816,0.0,[]
20250720_232854_138,14,20,20,-17.4,20.33636196950816,0.0893824100494384,0.0043003559112548,20,20.0,YOLO,1,32,0.0,20.33636196950816,0.0,[]
20250720_232858_539,15,20,20,-17.4,19.48835718459651,0.089066743850708,0.0042970180511474,20,20.0,YOLO,1,32,0.0,19.48835718459651,0.0,[]
20250720_232859_779,15,20,20,-17.4,19.48835718459651,0.096168041229248,0.0045387744903564,20,20.0,YOLO,1,32,0.0,19.48835718459651,0.0,[]
20250720_232900_300,15,19,19,-18.9,20.29709869495925,0.0921871662139892,0.0042400360107421,19,19.0,YOLO,1,32,0.0,20.29709869495925,0.0,[]
20250720_232900_399,15,20,20,-17.4,19.48835718459651,0.0961627960205078,0.0042779445648193,20,20.0,YOLO,1,32,0.0,19.48835718459651,0.0,[]
20250720_232859_143,15,19,19,-18.9,20.29709869495925,0.0964236259460449,0.0043246746063232,19,19.0,YOLO,1,32,0.0,20.29709869495925,0.0,[]
20250720_232859_469,15,20,20,-17.4,19.48835718459651,0.0936450958251953,0.004974365234375,20,20.0,YOLO,1,32,0.0,19.48835718459651,0.0,[]
20250720_232857_599,15,20,20,-17.4,19.48835718459651,0.1041517257690429,0.0042436122894287,20,20.0,YOLO,1,32,0.0,19.48835718459651,0.0,[]
20250720_232859_362,15,20,20,-17.4,19.48835718459651,0.0990285873413086,0.0043270587921142,20,20.0,YOLO,1,32,0.0,19.48835718459651,0.0,[]
20250720_232858_130,15,20,20,-17.4,19.48835718459651,0.0889782905578613,0.0041968822479248,20,20.0,YOLO,1,32,0.0,19.48835718459651,0.0,[]
20250720_232901_463,15,19,19,-18.9,20.29709869495925,0.0928370952606201,0.0043516159057617,19,19.0,YOLO,1,32,0.0,20.29709869495925,0.0,[]
20250720_232900_912,15,20,20,-17.4,19.48835718459651,0.0957338809967041,0.003915786743164,20,20.0,YOLO,1,32,0.0,19.48835718459651,0.0,[]
20250720_232858_032,15,19,19,-18.9,20.29709869495925,0.0903198719024658,0.0043132305145263,19,19.0,YOLO,1,32,0.0,20.29709869495925,0.0,[]
20250720_232859_675,15,20,20,-17.4,19.48835718459651,0.096818208694458,0.0043213367462158,20,20.0,YOLO,1,32,0.0,19.48835718459651,0.0,[]
20250720_232858_332,15,20,20,-17.4,19.48835718459651,0.0986778736114502,0.0043330192565917,20,20.0,YOLO,1,32,0.0,19.48835718459651,0.0,[]
20250720_232858_734,15,19,19,-18.9,20.29709869495925,0.0945181846618652,0.0041472911834716,19,19.0,YOLO,1,32,0.0,20.29709869495925,0.0,[]
20250720_232900_093,15,19,19,-18.9,20.29709869495925,0.088503360748291,0.004291296005249,19,19.0,YOLO,1,32,0.0,20.29709869495925,0.0,[]
20250720_232900_711,15,20,20,-17.4,19.48835718459651,0.0938105583190918,0.004326581954956,20,20.0,YOLO,1,32,0.0,19.48835718459651,0.0,[]
20250720_232900_611,15,20,20,-17.4,19.48835718459651,0.0933916568756103,0.0039446353912353,20,20.0,YOLO,1,32,0.0,19.48835718459651,0.0,[]
20250720_232859_988,15,20,20,-17.4,19.48835718459651,0.0979201793670654,0.0040473937988281,20,20.0,YOLO,1,32,0.0,19.48835718459651,0.0,[]
20250720_232858_938,15,19,19,-18.9,20.29709869495925,0.094693899154663,0.0042810440063476,19,19.0,YOLO,1,32,0.0,20.29709869495925,0.0,[]
20250720_232901_142,15,19,19,-18.9,20.29709869495925,0.1105101108551025,0.0043015480041503,19,19.0,YOLO,1,32,0.0,20.29709869495925,0.0,[]
20250720_232857_711,15,20,20,-17.4,19.48835718459651,0.1012454032897949,0.0043191909790039,20,20.0,YOLO,1,32,0.0,19.48835718459651,0.0,[]
20250720_232859_571,15,20,20,-17.4,19.48835718459651,0.0968401432037353,0.0043320655822753,20,20.0,YOLO,1,32,0.0,19.48835718459651,0.0,[]
20250720_232901_355,15,19,19,-18.9,20.29709869495925,0.1057488918304443,0.0017931461334228,19,19.0,YOLO,1,32,0.0,20.29709869495925,0.0,[]
20250720_232901_259,15,19,19,-18.9,20.29709869495925,0.0882034301757812,0.0044732093811035,19,19.0,YOLO,1,32,0.0,20.29709869495925,0.0,[]
20250720_232901_564,15,19,19,-18.9,20.29709869495925,0.0861244201660156,0.0043976306915283,19,19.0,YOLO,1,32,0.0,20.29709869495925,0.0,[]
20250720_232858_226,15,20,20,-17.4,19.48835718459651,0.1005041599273681,0.0042903423309326,20,20.0,YOLO,1,32,0.0,19.48835718459651,0.0,[]
20250720_232858_438,15,20,20,-17.4,19.48835718459651,0.0930359363555908,0.0043158531188964,20,20.0,YOLO,1,32,0.0,19.48835718459651,0.0,[]
20250720_232858_836,15,19,19,-18.9,20.29709869495925,0.0956902503967285,0.0042002201080322,19,19.0,YOLO,1,32,0.0,20.29709869495925,0.0,[]
20250720_232857_819,15,19,19,-18.9,20.29709869495925,0.1058456897735595,0.0040633678436279,19,19.0,YOLO,1,32,0.0,20.29709869495925,0.0,[]
20250720_232859_247,15,20,20,-17.4,19.48835718459651,0.1081767082214355,0.0043451786041259,20,20.0,YOLO,1,32,0.0,19.48835718459651,0.0,[]
20250720_232857_932,15,19,19,-18.9,20.29709869495925,0.091886281967163,0.0043110847473144,19,19.0,YOLO,1,32,0.0,20.29709869495925,0.0,[]
20250720_232900_503,15,20,20,-17.4,19.48835718459651,0.1015379428863525,0.0038568973541259,20,20.0,YOLO,1,32,0.0,19.48835718459651,0.0,[]
20250720_232901_014,15,20,20,-17.4,19.48835718459651,0.1208555698394775,0.0040771961212158,20,20.0,YOLO,1,32,0.0,19.48835718459651,0.0,[]
20250720_232900_189,15,19,19,-18.9,20.29709869495925,0.1035008430480957,0.0044386386871337,19,19.0,YOLO,1,32,0.0,20.29709869495925,0.0,[]
20250720_232859_881,15,20,20,-17.4,19.48835718459651,0.0988273620605468,0.0043375492095947,20,20.0,YOLO,1,32,0.0,19.48835718459651,0.0,[]
20250720_232858_635,15,19,19,-18.9,20.29709869495925,0.0915119647979736,0.0042576789855957,19,19.0,YOLO,1,32,0.0,20.29709869495925,0.0,[]
20250720_232900_812,15,20,20,-17.4,19.48835718459651,0.0955367088317871,0.0020623207092285,20,20.0,YOLO,1,32,0.0,19.48835718459651,0.0,[]
20250720_232859_040,15,19,19,-18.9,20.29709869495925,0.0970728397369384,0.0040216445922851,19,19.0,YOLO,1,32,0.0,20.29709869495925,0.0,[]
20250720_232902_722,16,18,18,-20.3,20.29025630595113,0.0933582782745361,0.0020685195922851,18,18.0,YOLO,1,32,0.0,20.29025630595113,0.0,[]
20250720_232902_508,16,19,19,-18.9,20.255504304140658,0.103515625,0.0041821002960205,19,19.0,YOLO,1,32,0.0,20.255504304140658,0.0,[]
20250720_232903_620,16,19,19,-18.9,20.255504304140658,0.0972845554351806,0.0020341873168945,19,19.0,YOLO,1,32,0.0,20.255504304140658,0.0,[]
20250720_232901_757,16,19,19,-18.9,20.255504304140658,0.1035573482513427,0.0044522285461425,19,19.0,YOLO,1,32,0.0,20.255504304140658,0.0,[]
20250720_232904_544,16,19,19,-18.9,20.255504304140658,0.0903322696685791,0.0042586326599121,19,19.0,YOLO,1,32,0.0,20.255504304140658,0.0,[]
20250720_232901_658,16,19,19,-18.9,20.255504304140658,0.0916986465454101,0.0043807029724121,19,19.0,YOLO,1,32,0.0,20.255504304140658,0.0,[]
20250720_232903_518,16,19,19,-18.9,20.255504304140658,0.0980708599090576,0.0020456314086914,19,19.0,YOLO,1,32,0.0,20.255504304140658,0.0,[]
20250720_232902_194,16,19,19,-18.9,20.255504304140658,0.0961577892303466,0.0043010711669921,19,19.0,YOLO,1,32,0.0,20.255504304140658,0.0,[]
20250720_232901_975,16,19,19,-18.9,20.255504304140658,0.1047976016998291,0.0020537376403808,19,19.0,YOLO,1,32,0.0,20.255504304140658,0.0,[]
20250720_232905_355,16,19,19,-18.9,20.255504304140658,0.0918347835540771,0.0022079944610595,19,19.0,YOLO,1,32,0.0,20.255504304140658,0.0,[]
20250720_232902_618,16,19,19,-18.9,20.255504304140658,0.0963580608367919,0.0040392875671386,19,19.0,YOLO,1,32,0.0,20.255504304140658,0.0,[]
20250720_232903_922,16,19,19,-18.9,20.255504304140658,0.097231388092041,0.0021357536315917,19,19.0,YOLO,1,32,0.0,20.255504304140658,0.0,[]
20250720_232903_820,16,19,19,-18.9,20.255504304140658,0.0990710258483886,0.0021922588348388,19,19.0,YOLO,1,32,0.0,20.255504304140658,0.0,[]
20250720_232902_083,16,19,19,-18.9,20.255504304140658,0.1033341884613037,0.0045506954193115,19,19.0,YOLO,1,32,0.0,20.255504304140658,0.0,[]
20250720_232904_641,16,19,19,-18.9,20.255504304140658,0.0954997539520263,0.0043678283691406,19,19.0,YOLO,1,32,0.0,20.255504304140658,0.0,[]
20250720_232902_916,16,19,19,-18.9,20.255504304140658,0.1015009880065918,0.0020499229431152,19,19.0,YOLO,1,32,0.0,20.255504304140658,0.0,[]
20250720_232901_869,16,19,19,-18.9,20.255504304140658,0.1006474494934082,0.0043675899505615,19,19.0,YOLO,1,32,0.0,20.255504304140658,0.0,[]
20250720_232902_298,16,19,19,-18.9,20.255504304140658,0.0977289676666259,0.0041673183441162,19,19.0,YOLO,1,32,0.0,20.255504304140658,0.0,[]
20250720_232904_843,16,19,19,-18.9,20.255504304140658,0.0937216281890869,0.0042603015899658,19,19.0,YOLO,1,32,0.0,20.255504304140658,0.0,[]
20250720_232904_230,16,19,19,-18.9,20.255504304140658,0.0978627204895019,0.003986120223999,19,19.0,YOLO,1,32,0.0,20.255504304140658,0.0,[]
20250720_232904_744,16,19,19,-18.9,20.255504304140658,0.0909082889556884,0.0042948722839355,19,19.0,YOLO,1,32,0.0,20.255504304140658,0.0,[]
20250720_232904_446,16,19,19,-18.9,20.255504304140658,0.08986496925354,0.0045762062072753,19,19.0,YOLO,1,32,0.0,20.255504304140658,0.0,[]
20250720_232903_720,16,19,19,-18.9,20.255504304140658,0.0950667858123779,0.0026516914367675,19,19.0,YOLO,1,32,0.0,20.255504304140658,0.0,[]
20250720_232903_321,16,19,19,-18.9,20.255504304140658,0.0941212177276611,0.0020792484283447,19,19.0,YOLO,1,32,0.0,20.255504304140658,0.0,[]
20250720_232905_256,16,19,19,-18.9,20.255504304140658,0.0938930511474609,0.0025775432586669,19,19.0,YOLO,1,32,0.0,20.255504304140658,0.0,[]
20250720_232903_021,16,19,19,-18.9,20.255504304140658,0.0994584560394287,0.0021178722381591,19,19.0,YOLO,1,32,0.0,20.255504304140658,0.0,[]
20250720_232902_403,16,19,19,-18.9,20.255504304140658,0.0979044437408447,0.0042252540588378,19,19.0,YOLO,1,32,0.0,20.255504304140658,0.0,[]
20250720_232904_334,16,19,19,-18.9,20.255504304140658,0.1042487621307373,0.0042848587036132,19,19.0,YOLO,1,32,0.0,20.255504304140658,0.0,[]
20250720_232903_226,16,19,19,-18.9,20.255504304140658,0.0914404392242431,0.0020501613616943,19,19.0,YOLO,1,32,0.0,20.255504304140658,0.0,[]
20250720_232904_944,16,19,19,-18.9,20.255504304140658,0.1035149097442627,0.0040810108184814,19,19.0,YOLO,1,32,0.0,20.255504304140658,0.0,[]
20250720_232905_548,16,19,19,-18.9,20.255504304140658,0.0900864601135253,0.0020112991333007,19,19.0,YOLO,1,32,0.0,20.255504304140658,0.0,[]
20250720_232903_418,16,19,19,-18.9,20.255504304140658,0.0967082977294921,0.0020580291748046,19,19.0,YOLO,1,32,0.0,20.255504304140658,0.0,[]
20250720_232902_818,16,19,19,-18.9,20.255504304140658,0.0947520732879638,0.0020515918731689,19,19.0,YOLO,1,32,0.0,20.255504304140658,0.0,[]
20250720_232904_023,16,19,19,-18.9,20.255504304140658,0.0978364944458007,0.0020785331726074,19,19.0,YOLO,1,32,0.0,20.255504304140658,0.0,[]
20250720_232904_124,16,19,19,-18.9,20.255504304140658,0.1022474765777587,0.0020892620086669,19,19.0,YOLO,1,32,0.0,20.255504304140658,0.0,[]
20250720_232905_163,16,19,19,-18.9,20.255504304140658,0.0899872779846191,0.0020694732666015,19,19.0,YOLO,1,32,0.0,20.255504304140658,0.0,[]
20250720_232905_055,16,19,19,-18.9,20.255504304140658,0.100862979888916,0.0043988227844238,19,19.0,YOLO,1,32,0.0,20.255504304140658,0.0,[]
20250720_232903_124,16,19,19,-18.9,20.255504304140658,0.0984008312225341,0.0020403861999511,19,19.0,YOLO,1,32,0.0,20.255504304140658,0.0,[]
20250720_232905_450,16,19,19,-18.9,20.255504304140658,0.0942463874816894,0.0020906925201416,19,19.0,YOLO,1,32,0.0,20.255504304140658,0.0,[]
20250720_232907_151,17,18,18,-20.3,20.44040056241259,0.0963587760925293,0.0039443969726562,18,18.0,YOLO,1,32,0.0,20.44040056241259,0.0,[]
20250720_232905_838,17,18,18,-20.3,20.44040056241259,0.102933645248413,0.0042941570281982,18,18.0,YOLO,1,32,0.0,20.44040056241259,0.0,[]
20250720_232906_043,17,18,18,-20.3,20.44040056241259,0.0886752605438232,0.0042359828948974,18,18.0,YOLO,1,32,0.0,20.44040056241259,0.0,[]
20250720_232906_242,17,18,18,-20.3,20.44040056241259,0.0962207317352294,0.0043227672576904,18,18.0,YOLO,1,32,0.0,20.44040056241259,0.0,[]
20250720_232906_551,17,18,18,-20.3,20.44040056241259,0.0890760421752929,0.0042381286621093,18,18.0,YOLO,1,32,0.0,20.44040056241259,0.0,[]
20250720_232907_452,17,18,18,-20.3,20.44040056241259,0.0965023040771484,0.004340648651123,18,18.0,YOLO,1,32,0.0,20.44040056241259,0.0,[]
20250720_232909_407,17,18,18,-20.3,20.44040056241259,0.095832347869873,0.0043420791625976,18,18.0,YOLO,1,32,0.0,20.44040056241259,0.0,[]
20250720_232908_281,17,18,18,-20.3,20.44040056241259,0.0945394039154052,0.0046207904815673,18,18.0,YOLO,1,32,0.0,20.44040056241259,0.0,[]
20250720_232907_556,17,18,18,-20.3,20.44040056241259,0.0960075855255127,0.004164695739746,18,18.0,YOLO,1,32,0.0,20.44040056241259,0.0,[]
20250720_232907_867,17,18,18,-20.3,20.44040056241259,0.1005103588104248,0.004063606262207,18,18.0,YOLO,1,32,0.0,20.44040056241259,0.0,[]
20250720_232905_948,17,18,18,-20.3,20.44040056241259,0.0875873565673828,0.0042881965637207,18,18.0,YOLO,1,32,0.0,20.44040056241259,0.0,[]
20250720_232909_303,17,18,18,-20.3,20.44040056241259,0.0963232517242431,0.004169225692749,18,18.0,YOLO,1,32,0.0,20.44040056241259,0.0,[]
20250720_232909_510,17,18,18,-20.3,20.44040056241259,0.0920016765594482,0.0043463706970214,18,18.0,YOLO,1,32,0.0,20.44040056241259,0.0,[]
20250720_232908_381,17,18,18,-20.3,20.44040056241259,0.0938813686370849,0.0043301582336425,18,18.0,YOLO,1,32,0.0,20.44040056241259,0.0,[]
20250720_232908_483,17,18,18,-20.3,20.44040056241259,0.0935490131378173,0.003932237625122,18,18.0,YOLO,1,32,0.0,20.44040056241259,0.0,[]
20250720_232906_737,17,18,18,-20.3,20.44040056241259,0.1019442081451416,0.0043277740478515,18,18.0,YOLO,1,32,0.0,20.44040056241259,0.0,[]
20250720_232908_888,17,18,18,-20.3,20.44040056241259,0.0956220626831054,0.0042488574981689,18,18.0,YOLO,1,32,0.0,20.44040056241259,0.0,[]
20250720_232908_680,17,18,18,-20.3,20.44040056241259,0.1030797958374023,0.0039873123168945,18,18.0,YOLO,1,32,0.0,20.44040056241259,0.0,[]
20250720_232908_075,17,NO_RADIO,18,-20.3,20.44040056241259,0.0943338871002197,0.0040597915649414,18,,CenterFallback,1,32,0.0,,,[]
20250720_232908_790,17,18,18,-20.3,20.44040056241259,0.0907196998596191,0.0043182373046875,18,18.0,YOLO,1,32,0.0,20.44040056241259,0.0,[]
20250720_232906_451,17,18,18,-20.3,20.44040056241259,0.0931155681610107,0.0043737888336181,18,18.0,YOLO,1,32,0.0,20.44040056241259,0.0,[]
20250720_232908_176,17,18,18,-20.3,20.44040056241259,0.0970740318298339,0.004373550415039,18,18.0,YOLO,1,32,0.0,20.44040056241259,0.0,[]
20250720_232905_642,17,19,19,-18.9,19.699427813235985,0.091721773147583,0.0021591186523437,19,19.0,YOLO,1,32,0.0,19.699427813235985,0.0,[]
20250720_232908_989,17,18,18,-20.3,20.44040056241259,0.0970292091369628,0.0041468143463134,18,18.0,YOLO,1,32,0.0,20.44040056241259,0.0,[]
20250720_232909_093,17,18,18,-20.3,20.44040056241259,0.0957934856414794,0.0043103694915771,18,18.0,YOLO,1,32,0.0,20.44040056241259,0.0,[]
20250720_232906_139,17,18,18,-20.3,20.44040056241259,0.0958728790283203,0.0040109157562255,18,18.0,YOLO,1,32,0.0,20.44040056241259,0.0,[]
20250720_232907_054,17,18,18,-20.3,20.44040056241259,0.0894224643707275,0.0043187141418457,18,18.0,YOLO,1,32,0.0,20.44040056241259,0.0,[]
20250720_232906_954,17,18,18,-20.3,20.44040056241259,0.0926754474639892,0.0044054985046386,18,18.0,YOLO,1,32,0.0,20.44040056241259,0.0,[]
20250720_232908_583,17,18,18,-20.3,20.44040056241259,0.0889985561370849,0.0043129920959472,18,18.0,YOLO,1,32,0.0,20.44040056241259,0.0,[]
20250720_232907_353,17,18,18,-20.3,20.44040056241259,0.0912034511566162,0.0043315887451171,18,18.0,YOLO,1,32,0.0,20.44040056241259,0.0,[]
20250720_232907_658,17,18,18,-20.3,20.44040056241259,0.0972380638122558,0.0042059421539306,18,18.0,YOLO,1,32,0.0,20.44040056241259,0.0,[]
20250720_232909_197,17,18,18,-20.3,20.44040056241259,0.0995154380798339,0.0043129920959472,18,18.0,YOLO,1,32,0.0,20.44040056241259,0.0,[]
20250720_232907_254,17,18,18,-20.3,20.44040056241259,0.0912070274353027,0.0043809413909912,18,18.0,YOLO,1,32,0.0,20.44040056241259,0.0,[]
20250720_232906_846,17,18,18,-20.3,20.44040056241259,0.1004652976989746,0.0043885707855224,18,18.0,YOLO,1,32,0.0,20.44040056241259,0.0,[]
20250720_232906_647,17,18,18,-20.3,20.44040056241259,0.0819826126098632,0.0043420791625976,18,18.0,YOLO,1,32,0.0,20.44040056241259,0.0,[]
20250720_232906_345,17,18,18,-20.3,20.44040056241259,0.0980653762817382,0.00396728515625,18,18.0,YOLO,1,32,0.0,20.44040056241259,0.0,[]
20250720_232907_975,17,18,18,-20.3,20.44040056241259,0.0923290252685546,0.0043754577636718,18,18.0,YOLO,1,32,0.0,20.44040056241259,0.0,[]
20250720_232905_737,17,19,19,-18.9,19.699427813235985,0.0953001976013183,0.0034513473510742,19,19.0,YOLO,1,32,0.0,19.699427813235985,0.0,[]
20250720_232907_762,17,18,18,-20.3,20.44040056241259,0.0978178977966308,0.0042586326599121,18,18.0,YOLO,1,32,0.0,20.44040056241259,0.0,[]
20250720_232910_035,18,17,17,-21.8,21.174135495481693,0.0967700481414794,0.0043840408325195,17,17.0,YOLO,1,32,0.0,21.174135495481693,0.0,[]
20250720_232909_610,18,18,18,-20.3,20.07010447613888,0.0993142127990722,0.0039796829223632,18,18.0,YOLO,1,32,0.0,20.07010447613888,0.0,[]
20250720_232912_294,18,17,17,-21.8,21.174135495481693,0.0942926406860351,0.0039870738983154,17,17.0,YOLO,1,32,0.0,21.174135495481693,0.0,[]
20250720_232913_008,18,17,17,-21.8,21.174135495481693,0.0985739231109619,0.0038850307464599,17,17.0,YOLO,1,32,0.0,21.174135495481693,0.0,[]
20250720_232913_216,18,17,17,-21.8,21.174135495481693,0.0938870906829834,0.0041160583496093,17,17.0,YOLO,1,32,0.0,21.174135495481693,0.0,[]
20250720_232912_395,18,17,17,-21.8,21.174135495481693,0.098318338394165,0.0044984817504882,17,17.0,YOLO,1,32,0.0,21.174135495481693,0.0,[]
20250720_232909_931,18,17,17,-21.8,21.174135495481693,0.0967745780944824,0.0042226314544677,17,17.0,YOLO,1,32,0.0,21.174135495481693,0.0,[]
20250720_232911_470,18,18,18,-20.3,20.07010447613888,0.0977833271026611,0.0044145584106445,18,18.0,YOLO,1,32,0.0,20.07010447613888,0.0,[]
20250720_232911_986,18,17,17,-21.8,21.174135495481693,0.0970680713653564,0.0043842792510986,17,17.0,YOLO,1,32,0.0,21.174135495481693,0.0,[]
20250720_232911_575,18,17,17,-21.8,21.174135495481693,0.0938541889190673,0.0044817924499511,17,17.0,YOLO,1,32,0.0,21.174135495481693,0.0,[]
20250720_232912_091,18,17,17,-21.8,21.174135495481693,0.0950908660888671,0.004390001296997,17,17.0,YOLO,1,32,0.0,21.174135495481693,0.0,[]
20250720_232912_501,18,17,17,-21.8,21.174135495481693,0.0973048210144043,0.0040068626403808,17,17.0,YOLO,1,32,0.0,21.174135495481693,0.0,[]
20250720_232912_706,18,17,17,-21.8,21.174135495481693,0.0987818241119384,0.0045917034149169,17,17.0,YOLO,1,32,0.0,21.174135495481693,0.0,[]
20250720_232911_169,18,18,18,-20.3,20.07010447613888,0.0907261371612548,0.0045070648193359,18,18.0,YOLO,1,32,0.0,20.07010447613888,0.0,[]
20250720_232911_677,18,17,17,-21.8,21.174135495481693,0.0975143909454345,0.0044581890106201,17,17.0,YOLO,1,32,0.0,21.174135495481693,0.0,[]
20250720_232910_447,18,17,17,-21.8,21.174135495481693,0.0930309295654296,0.0043210983276367,17,17.0,YOLO,1,32,0.0,21.174135495481693,0.0,[]
20250720_232912_812,18,17,17,-21.8,21.174135495481693,0.0906133651733398,0.0043716430664062,17,17.0,YOLO,1,32,0.0,21.174135495481693,0.0,[]
20250720_232909_823,18,17,17,-21.8,21.174135495481693,0.1005840301513671,0.0043585300445556,17,17.0,YOLO,1,32,0.0,21.174135495481693,0.0,[]
20250720_232910_651,18,17,17,-21.8,21.174135495481693,0.0954663753509521,0.0046310424804687,17,17.0,YOLO,1,32,0.0,21.174135495481693,0.0,[]
20250720_232910_350,18,17,17,-21.8,21.174135495481693,0.0893185138702392,0.0042030811309814,17,17.0,YOLO,1,32,0.0,21.174135495481693,0.0,[]
20250720_232911_267,18,18,18,-20.3,20.07010447613888,0.0892810821533203,0.0043010711669921,18,18.0,YOLO,1,32,0.0,20.07010447613888,0.0,[]
20250720_232910_755,18,17,17,-21.8,21.174135495481693,0.0957758426666259,0.0043907165527343,17,17.0,YOLO,1,32,0.0,21.174135495481693,0.0,[]
20250720_232911_882,18,17,17,-21.8,21.174135495481693,0.0961639881134033,0.0045158863067626,17,17.0,YOLO,1,32,0.0,21.174135495481693,0.0,[]
20250720_232910_547,18,17,17,-21.8,21.174135495481693,0.096484899520874,0.0043885707855224,17,17.0,YOLO,1,32,0.0,21.174135495481693,0.0,[]
20250720_232913_317,18,17,17,-21.8,21.174135495481693,0.095463752746582,0.0042002201080322,17,17.0,YOLO,1,32,0.0,21.174135495481693,0.0,[]
20250720_232911_066,18,18,18,-20.3,20.07010447613888,0.0952751636505127,0.0044384002685546,18,18.0,YOLO,1,32,0.0,20.07010447613888,0.0,[]
20250720_232911_364,18,18,18,-20.3,20.07010447613888,0.0984840393066406,0.0044648647308349,18,18.0,YOLO,1,32,0.0,20.07010447613888,0.0,[]
20250720_232913_419,18,NO_RADIO,17,-21.8,21.174135495481693,0.0952153205871582,0.0044925212860107,17,,CenterFallback,1,32,0.0,,,[]
20250720_232910_962,18,18,18,-20.3,20.07010447613888,0.096290111541748,0.0043339729309082,18,18.0,YOLO,1,32,0.0,20.07010447613888,0.0,[]
20250720_232913_114,18,17,17,-21.8,21.174135495481693,0.0946550369262695,0.0043439865112304,17,17.0,YOLO,1,32,0.0,21.174135495481693,0.0,[]
20250720_232910_243,18,17,17,-21.8,21.174135495481693,0.0990850925445556,0.0044164657592773,17,17.0,YOLO,1,32,0.0,21.174135495481693,0.0,[]
20250720_232910_139,18,17,17,-21.8,21.174135495481693,0.097391128540039,0.0042750835418701,17,17.0,YOLO,1,32,0.0,21.174135495481693,0.0,[]
20250720_232909_716,18,18,18,-20.3,20.07010447613888,0.0997381210327148,0.0042803287506103,18,18.0,YOLO,1,32,0.0,20.07010447613888,0.0,[]
20250720_232911_782,18,17,17,-21.8,21.174135495481693,0.0921690464019775,0.0044522285461425,17,17.0,YOLO,1,32,0.0,21.174135495481693,0.0,[]
20250720_232912_193,18,17,17,-21.8,21.174135495481693,0.0928161144256591,0.0044636726379394,17,17.0,YOLO,1,32,0.0,21.174135495481693,0.0,[]
20250720_232913_523,18,17,17,-21.8,21.174135495481693,0.0978786945343017,0.0041990280151367,17,17.0,YOLO,1,32,0.0,21.174135495481693,0.0,[]
20250720_232912_909,18,17,17,-21.8,21.174135495481693,0.0922679901123046,0.0041925907135009,17,17.0,YOLO,1,32,0.0,21.174135495481693,0.0,[]
20250720_232912_605,18,17,17,-21.8,21.174135495481693,0.0936591625213623,0.0039823055267333,17,17.0,YOLO,1,32,0.0,21.174135495481693,0.0,[]
20250720_232910_858,18,17,17,-21.8,21.174135495481693,0.0959763526916503,0.004439353942871,17,17.0,YOLO,1,32,0.0,21.174135495481693,0.0,[]
20250720_232916_858,19,17,17,-21.8,19.67530830885589,0.0906047821044921,0.0041570663452148,17,17.0,YOLO,1,32,0.0,19.67530830885589,0.0,[]
20250720_232915_034,19,17,17,-21.8,19.67530830885589,0.0954115390777587,0.0043556690216064,17,17.0,YOLO,1,32,0.0,19.67530830885589,0.0,[]
20250720_232913_628,19,17,17,-21.8,19.67530830885589,0.0932543277740478,0.0042002201080322,17,17.0,YOLO,1,32,0.0,19.67530830885589,0.0,[]
20250720_232915_239,19,17,17,-21.8,19.67530830885589,0.1035068035125732,0.0032935142517089,17,17.0,YOLO,1,32,0.0,19.67530830885589,0.0,[]
20250720_232915_965,19,16,16,-23.2,20.506139938381352,0.0952405929565429,0.0043785572052001,16,16.0,YOLO,1,32,0.0,20.506139938381352,0.0,[]
20250720_232916_469,19,17,17,-21.8,19.67530830885589,0.0850389003753662,0.004347801208496,17,17.0,YOLO,1,32,0.0,19.67530830885589,0.0,[]
20250720_232916_561,19,17,17,-21.8,19.67530830885589,0.0919866561889648,0.0043199062347412,17,17.0,YOLO,1,32,0.0,19.67530830885589,0.0,[]
20250720_232917_058,19,16,16,-23.2,20.506139938381352,0.0879170894622802,0.0044429302215576,16,16.0,YOLO,1,32,0.0,20.506139938381352,0.0,[]
20250720_232913_728,19,17,17,-21.8,19.67530830885589,0.0963835716247558,0.0042643547058105,17,17.0,YOLO,1,32,0.0,19.67530830885589,0.0,[]
20250720_232916_758,19,17,17,-21.8,19.67530830885589,0.0924100875854492,0.004312515258789,17,17.0,YOLO,1,32,0.0,19.67530830885589,0.0,[]
20250720_232916_067,19,16,16,-23.2,20.506139938381352,0.0933725833892822,0.0043492317199707,16,16.0,YOLO,1,32,0.0,20.506139938381352,0.0,[]
20250720_232914_023,19,17,17,-21.8,19.67530830885589,0.091874361038208,0.0042479038238525,17,17.0,YOLO,1,32,0.0,19.67530830885589,0.0,[]
20250720_232917_550,19,16,16,-23.2,20.506139938381352,0.0919044017791748,0.0039644241333007,16,16.0,YOLO,1,32,0.0,20.506139938381352,0.0,[]
20250720_232917_251,19,16,16,-23.2,20.506139938381352,0.0899806022644043,0.0041532516479492,16,16.0,YOLO,1,32,0.0,20.506139938381352,0.0,[]
20250720_232914_326,19,17,17,-21.8,19.67530830885589,0.0873110294342041,0.0043191909790039,17,17.0,YOLO,1,32,0.0,19.67530830885589,0.0,[]
20250720_232917_347,19,16,16,-23.2,20.506139938381352,0.0975062847137451,0.004307746887207,16,16.0,YOLO,1,32,0.0,20.506139938381352,0.0,[]
20250720_232917_154,19,16,16,-23.2,20.506139938381352,0.0904295444488525,0.004026174545288,16,16.0,YOLO,1,32,0.0,20.506139938381352,0.0,[]
20250720_232916_268,19,16,16,-23.2,20.506139938381352,0.0967969894409179,0.0042853355407714,16,16.0,YOLO,1,32,0.0,20.506139938381352,0.0,[]
20250720_232915_454,19,17,17,-21.8,19.67530830885589,0.1013069152832031,0.0045077800750732,17,17.0,YOLO,1,32,0.0,19.67530830885589,0.0,[]
20250720_232915_668,19,17,17,-21.8,19.67530830885589,0.0938291549682617,0.0042817592620849,17,17.0,YOLO,1,32,0.0,19.67530830885589,0.0,[]
20250720_232914_834,19,17,17,-21.8,19.67530830885589,0.089261770248413,0.0043909549713134,17,17.0,YOLO,1,32,0.0,19.67530830885589,0.0,[]
20250720_232915_870,19,16,16,-23.2,20.506139938381352,0.0875513553619384,0.0043132305145263,16,16.0,YOLO,1,32,0.0,20.506139938381352,0.0,[]
20250720_232914_723,19,17,17,-21.8,19.67530830885589,0.1033117771148681,0.0044136047363281,17,17.0,YOLO,1,32,0.0,19.67530830885589,0.0,[]
20250720_232916_955,19,17,17,-21.8,19.67530830885589,0.0953805446624755,0.0043103694915771,17,17.0,YOLO,1,32,0.0,19.67530830885589,0.0,[]
20250720_232915_347,19,17,17,-21.8,19.67530830885589,0.100039005279541,0.0043725967407226,17,17.0,YOLO,1,32,0.0,19.67530830885589,0.0,[]
20250720_232917_451,19,16,16,-23.2,20.506139938381352,0.0911066532135009,0.0043463706970214,16,16.0,YOLO,1,32,0.0,20.506139938381352,0.0,[]
20250720_232914_930,19,17,17,-21.8,19.67530830885589,0.0962569713592529,0.0043447017669677,17,17.0,YOLO,1,32,0.0,19.67530830885589,0.0,[]
20250720_232914_524,19,17,17,-21.8,19.67530830885589,0.0923154354095459,0.004277229309082,17,17.0,YOLO,1,32,0.0,19.67530830885589,0.0,[]
20250720_232916_372,19,16,16,-23.2,20.506139938381352,0.0893051624298095,0.0043568611145019,16,16.0,YOLO,1,32,0.0,20.506139938381352,0.0,[]
20250720_232914_420,19,17,17,-21.8,19.67530830885589,0.096036672592163,0.0040717124938964,17,17.0,YOLO,1,32,0.0,19.67530830885589,0.0,[]
20250720_232913_832,19,17,17,-21.8,19.67530830885589,0.0874340534210205,0.004767894744873,17,17.0,YOLO,1,32,0.0,19.67530830885589,0.0,[]
20250720_232916_661,19,17,17,-21.8,19.67530830885589,0.0900413990020752,0.0043649673461914,17,17.0,YOLO,1,32,0.0,19.67530830885589,0.0,[]
20250720_232916_168,19,16,16,-23.2,20.506139938381352,0.0928614139556884,0.0039434432983398,16,16.0,YOLO,1,32,0.0,20.506139938381352,0.0,[]
20250720_232915_769,19,16,16,-23.2,20.506139938381352,0.0936172008514404,0.0042474269866943,16,16.0,YOLO,1,32,0.0,20.506139938381352,0.0,[]
20250720_232914_122,19,17,17,-21.8,19.67530830885589,0.0942800045013427,0.0043797492980957,17,17.0,YOLO,1,32,0.0,19.67530830885589,0.0,[]
20250720_232913_927,19,17,17,-21.8,19.67530830885589,0.0880184173583984,0.004312515258789,17,17.0,YOLO,1,32,0.0,19.67530830885589,0.0,[]
20250720_232915_137,19,17,17,-21.8,19.67530830885589,0.0941219329833984,0.0043354034423828,17,17.0,YOLO,1,32,0.0,19.67530830885589,0.0,[]
20250720_232915_563,19,17,17,-21.8,19.67530830885589,0.0970654487609863,0.0043494701385498,17,17.0,YOLO,1,32,0.0,19.67530830885589,0.0,[]
20250720_232914_624,19,17,17,-21.8,19.67530830885589,0.0920031070709228,0.0041339397430419,17,17.0,YOLO,1,32,0.0,19.67530830885589,0.0,[]
20250720_232920_985,20,16,16,-23.2,20.088047298886963,0.0982809066772461,0.0045163631439208,16,16.0,YOLO,1,32,0.0,20.088047298886963,0.0,[]
20250720_232917_649,20,16,16,-23.2,20.088047298886963,0.0951476097106933,0.0043516159057617,16,16.0,YOLO,1,32,0.0,20.088047298886963,0.0,[]
20250720_232919_158,20,16,16,-23.2,20.088047298886963,0.0881268978118896,0.0044853687286376,16,16.0,YOLO,1,32,0.0,20.088047298886963,0.0,[]
20250720_232918_351,20,16,16,-23.2,20.088047298886963,0.0962002277374267,0.0040063858032226,16,16.0,YOLO,1,32,0.0,20.088047298886963,0.0,[]
20250720_232921_195,20,16,16,-23.2,20.088047298886963,0.0956919193267822,0.0043604373931884,16,16.0,YOLO,1,32,0.0,20.088047298886963,0.0,[]
20250720_232921_504,20,16,16,-23.2,20.088047298886963,0.1037135124206543,0.0043144226074218,16,16.0,YOLO,1,32,0.0,20.088047298886963,0.0,[]
20250720_232918_662,20,16,16,-23.2,20.088047298886963,0.0974822044372558,0.004347801208496,16,16.0,YOLO,1,32,0.0,20.088047298886963,0.0,[]
20250720_232920_777,20,16,16,-23.2,20.088047298886963,0.0972144603729248,0.0043082237243652,16,16.0,YOLO,1,32,0.0,20.088047298886963,0.0,[]
20250720_232918_149,20,16,16,-23.2,20.088047298886963,0.094555377960205,0.0043134689331054,16,16.0,YOLO,1,32,0.0,20.088047298886963,0.0,[]
20250720_232918_870,20,16,16,-23.2,20.088047298886963,0.0898389816284179,0.0043010711669921,16,16.0,YOLO,1,32,0.0,20.088047298886963,0.0,[]
20250720_232919_854,20,16,16,-23.2,20.088047298886963,0.0902004241943359,0.0042667388916015,16,16.0,YOLO,1,32,0.0,20.088047298886963,0.0,[]
20250720_232918_967,20,16,16,-23.2,20.088047298886963,0.0857963562011718,0.0043199062347412,16,16.0,YOLO,1,32,0.0,20.088047298886963,0.0,[]
20250720_232919_753,20,16,16,-23.2,20.088047298886963,0.0931887626647949,0.0043051242828369,16,16.0,YOLO,1,32,0.0,20.088047298886963,0.0,[]
20250720_232917_752,20,17,17,-21.8,17.862160541463012,0.0878796577453613,0.0040845870971679,17,17.0,YOLO,1,32,0.0,17.862160541463012,0.0,[]
20250720_232920_055,20,16,16,-23.2,20.088047298886963,0.094012975692749,0.0042829513549804,16,16.0,YOLO,1,32,0.0,20.088047298886963,0.0,[]
20250720_232921_299,20,16,16,-23.2,20.088047298886963,0.0966377258300781,0.0039465427398681,16,16.0,YOLO,1,32,0.0,20.088047298886963,0.0,[]
20250720_232920_259,20,16,16,-23.2,20.088047298886963,0.0957534313201904,0.0042676925659179,16,16.0,YOLO,1,32,0.0,20.088047298886963,0.0,[]
20250720_232918_454,20,16,16,-23.2,20.088047298886963,0.0945985317230224,0.0042355060577392,16,16.0,YOLO,1,32,0.0,20.088047298886963,0.0,[]
20250720_232919_452,20,16,16,-23.2,20.088047298886963,0.0918045043945312,0.0043280124664306,16,16.0,YOLO,1,32,0.0,20.088047298886963,0.0,[]
20250720_232920_569,20,16,16,-23.2,20.088047298886963,0.0961987972259521,0.0041673183441162,16,16.0,YOLO,1,32,0.0,20.088047298886963,0.0,[]
20250720_232919_357,20,16,16,-23.2,20.088047298886963,0.0873506069183349,0.0043251514434814,16,16.0,YOLO,1,32,0.0,20.088047298886963,0.0,[]
20250720_232921_402,20,16,16,-23.2,20.088047298886963,0.0938060283660888,0.0043642520904541,16,16.0,YOLO,1,32,0.0,20.088047298886963,0.0,[]
20250720_232920_672,20,16,16,-23.2,20.088047298886963,0.0976715087890625,0.0043275356292724,16,16.0,YOLO,1,32,0.0,20.088047298886963,0.0,[]
20250720_232917_955,20,16,16,-23.2,20.088047298886963,0.088578462600708,0.0043129920959472,16,16.0,YOLO,1,32,0.0,20.088047298886963,0.0,[]
20250720_232918_051,20,16,16,-23.2,20.088047298886963,0.0903396606445312,0.0042824745178222,16,16.0,YOLO,1,32,0.0,20.088047298886963,0.0,[]
20250720_232919_551,20,16,16,-23.2,20.088047298886963,0.0929551124572753,0.0043277740478515,16,16.0,YOLO,1,32,0.0,20.088047298886963,0.0,[]
20250720_232919_951,20,16,16,-23.2,20.088047298886963,0.0966136455535888,0.0042841434478759,16,16.0,YOLO,1,32,0.0,20.088047298886963,0.0,[]
20250720_232920_157,20,16,16,-23.2,20.088047298886963,0.0956363677978515,0.0043342113494873,16,16.0,YOLO,1,32,0.0,20.088047298886963,0.0,[]
20250720_232919_652,20,16,16,-23.2,20.088047298886963,0.0935704708099365,0.0044682025909423,16,16.0,YOLO,1,32,0.0,20.088047298886963,0.0,[]
20250720_232919_254,20,16,16,-23.2,20.088047298886963,0.0958149433135986,0.0043418407440185,16,16.0,YOLO,1,32,0.0,20.088047298886963,0.0,[]
20250720_232918_768,20,16,16,-23.2,20.088047298886963,0.0949547290802002,0.0043587684631347,16,16.0,YOLO,1,32,0.0,20.088047298886963,0.0,[]
20250720_232918_251,20,16,16,-23.2,20.088047298886963,0.0921320915222168,0.0042879581451416,16,16.0,YOLO,1,32,0.0,20.088047298886963,0.0,[]
20250720_232920_882,20,16,16,-23.2,20.088047298886963,0.0962886810302734,0.0040416717529296,16,16.0,YOLO,1,32,0.0,20.088047298886963,0.0,[]
20250720_232919_060,20,16,16,-23.2,20.088047298886963,0.0907602310180664,0.0043230056762695,16,16.0,YOLO,1,32,0.0,20.088047298886963,0.0,[]
20250720_232920_465,20,16,16,-23.2,20.088047298886963,0.0966646671295166,0.0047247409820556,16,16.0,YOLO,1,32,0.0,20.088047298886963,0.0,[]
20250720_232921_091,20,16,16,-23.2,20.088047298886963,0.0966525077819824,0.0044059753417968,16,16.0,YOLO,1,32,0.0,20.088047298886963,0.0,[]
20250720_232918_556,20,16,16,-23.2,20.088047298886963,0.0994129180908203,0.0042665004730224,16,16.0,YOLO,1,32,0.0,20.088047298886963,0.0,[]
20250720_232920_363,20,16,16,-23.2,20.088047298886963,0.0945534706115722,0.0042777061462402,16,16.0,YOLO,1,32,0.0,20.088047298886963,0.0,[]
20250720_232917_847,20,16,16,-23.2,20.088047298886963,0.1019062995910644,0.0039577484130859,16,16.0,YOLO,1,32,0.0,20.088047298886963,0.0,[]
20250720_232924_392,21,16,16,-23.2,19.851631620286483,0.0946383476257324,0.0043492317199707,16,16.0,YOLO,1,32,0.0,19.851631620286483,0.0,[]
20250720_232925_216,21,15,15,-24.7,20.7983692797678,0.0975143909454345,0.0044167041778564,15,15.0,YOLO,1,32,0.0,20.7983692797678,0.0,[]
20250720_232922_656,21,15,15,-24.7,20.7983692797678,0.0964076519012451,0.0043540000915527,15,15.0,YOLO,1,32,0.0,20.7983692797678,0.0,[]
20250720_232924_288,21,16,16,-23.2,19.851631620286483,0.0961940288543701,0.0047047138214111,16,16.0,YOLO,1,32,0.0,19.851631620286483,0.0,[]
20250720_232923_479,21,15,15,-24.7,20.7983692797678,0.0925610065460205,0.0042970180511474,15,15.0,YOLO,1,32,0.0,20.7983692797678,0.0,[]
20250720_232923_271,21,15,15,-24.7,20.7983692797678,0.0977470874786377,0.0047152042388916,15,15.0,YOLO,1,32,0.0,20.7983692797678,0.0,[]
20250720_232925_421,21,15,15,-24.7,20.7983692797678,0.0965447425842285,0.0043263435363769,15,15.0,YOLO,1,32,0.0,20.7983692797678,0.0,[]
20250720_232921_615,21,16,16,-23.2,19.851631620286483,0.099055528640747,0.0040345191955566,16,16.0,YOLO,1,32,0.0,19.851631620286483,0.0,[]
20250720_232923_579,21,15,15,-24.7,20.7983692797678,0.0909667015075683,0.0043556690216064,15,15.0,YOLO,1,32,0.0,20.7983692797678,0.0,[]
20250720_232924_594,21,16,16,-23.2,19.851631620286483,0.0923168659210205,0.0044364929199218,16,16.0,YOLO,1,32,0.0,19.851631620286483,0.0,[]
20250720_232923_984,21,15,15,-24.7,20.7983692797678,0.0976011753082275,0.0043470859527587,15,15.0,YOLO,1,32,0.0,20.7983692797678,0.0,[]
20250720_232924_694,21,16,16,-23.2,19.851631620286483,0.0994997024536132,0.0044410228729248,16,16.0,YOLO,1,32,0.0,19.851631620286483,0.0,[]
20250720_232925_321,21,15,15,-24.7,20.7983692797678,0.0926804542541503,0.004141092300415,15,15.0,YOLO,1,32,0.0,20.7983692797678,0.0,[]
20250720_232922_230,21,15,15,-24.7,20.7983692797678,0.103367805480957,0.0043048858642578,15,15.0,YOLO,1,32,0.0,20.7983692797678,0.0,[]
20250720_232924_801,21,16,16,-23.2,19.851631620286483,0.0999903678894043,0.0044150352478027,16,16.0,YOLO,1,32,0.0,19.851631620286483,0.0,[]
20250720_232924_089,21,15,15,-24.7,20.7983692797678,0.0906422138214111,0.0042603015899658,15,15.0,YOLO,1,32,0.0,20.7983692797678,0.0,[]
20250720_232925_108,21,15,15,-24.7,20.7983692797678,0.1002981662750244,0.0044131278991699,15,15.0,YOLO,1,32,0.0,20.7983692797678,0.0,[]
20250720_232922_451,21,15,15,-24.7,20.7983692797678,0.0930960178375244,0.00441575050354,15,15.0,YOLO,1,32,0.0,20.7983692797678,0.0,[]
20250720_232922_859,21,15,15,-24.7,20.7983692797678,0.0982120037078857,0.0042722225189208,15,15.0,YOLO,1,32,0.0,20.7983692797678,0.0,[]
20250720_232922_128,21,15,15,-24.7,20.7983692797678,0.094719648361206,0.0043721199035644,15,15.0,YOLO,1,32,0.0,20.7983692797678,0.0,[]
20250720_232923_782,21,15,15,-24.7,20.7983692797678,0.0945022106170654,0.0043840408325195,15,15.0,YOLO,1,32,0.0,20.7983692797678,0.0,[]
20250720_232922_024,21,15,15,-24.7,20.7983692797678,0.0966942310333252,0.0043122768402099,15,15.0,YOLO,1,32,0.0,20.7983692797678,0.0,[]
20250720_232924_494,21,16,16,-23.2,19.851631620286483,0.0928189754486084,0.0040602684020996,16,16.0,YOLO,1,32,0.0,19.851631620286483,0.0,[]
20250720_232921_721,21,16,16,-23.2,19.851631620286483,0.0921647548675537,0.0043253898620605,16,16.0,YOLO,1,32,0.0,19.851631620286483,0.0,[]
20250720_232925_009,21,16,16,-23.2,19.851631620286483,0.0915570259094238,0.0044989585876464,16,16.0,YOLO,1,32,0.0,19.851631620286483,0.0,[]
20250720_232922_965,21,15,15,-24.7,20.7983692797678,0.093597412109375,0.0043611526489257,15,15.0,YOLO,1,32,0.0,20.7983692797678,0.0,[]
20250720_232925_525,21,15,15,-24.7,20.7983692797678,0.0963788032531738,0.0043051242828369,15,15.0,YOLO,1,32,0.0,20.7983692797678,0.0,[]
20250720_232922_551,21,15,15,-24.7,20.7983692797678,0.0971269607543945,0.0043652057647705,15,15.0,YOLO,1,32,0.0,20.7983692797678,0.0,[]
20250720_232923_884,21,15,15,-24.7,20.7983692797678,0.0932800769805908,0.0043203830718994,15,15.0,YOLO,1,32,0.0,20.7983692797678,0.0,[]
20250720_232923_167,21,15,15,-24.7,20.7983692797678,0.0969109535217285,0.0043482780456542,15,15.0,YOLO,1,32,0.0,20.7983692797678,0.0,[]
20250720_232921_923,21,15,15,-24.7,20.7983692797678,0.0934565067291259,0.0043509006500244,15,15.0,YOLO,1,32,0.0,20.7983692797678,0.0,[]
20250720_232922_341,21,15,15,-24.7,20.7983692797678,0.1026611328125,0.0043103694915771,15,15.0,YOLO,1,32,0.0,20.7983692797678,0.0,[]
20250720_232924_187,21,15,15,-24.7,20.7983692797678,0.0936191082000732,0.0043139457702636,15,15.0,YOLO,1,32,0.0,20.7983692797678,0.0,[]
20250720_232924_909,21,16,16,-23.2,19.851631620286483,0.0928306579589843,0.004544973373413,16,16.0,YOLO,1,32,0.0,19.851631620286483,0.0,[]
20250720_232923_066,21,15,15,-24.7,20.7983692797678,0.0947902202606201,0.004338264465332,15,15.0,YOLO,1,32,0.0,20.7983692797678,0.0,[]
20250720_232923_677,21,15,15,-24.7,20.7983692797678,0.0970993041992187,0.0039675235748291,15,15.0,YOLO,1,32,0.0,20.7983692797678,0.0,[]
20250720_232923_377,21,15,15,-24.7,20.7983692797678,0.0944430828094482,0.0044589042663574,15,15.0,YOLO,1,32,0.0,20.7983692797678,0.0,[]
20250720_232921_820,21,15,15,-24.7,20.7983692797678,0.0949463844299316,0.0043377876281738,15,15.0,YOLO,1,32,0.0,20.7983692797678,0.0,[]
20250720_232922_760,21,15,15,-24.7,20.7983692797678,0.0915780067443847,0.00433349609375,15,15.0,YOLO,1,32,0.0,20.7983692797678,0.0,[]
