Timestamp,Boresight,Jetson Detection,Rx Beam Index,Rx Beam Angle,Initial SNR (dB),Initial Max Power (dBm),Max Power (dBm),YOLO Time (s),Beam Sweep Time (s),Rx Beam Index (YOLO Predicted),Rx Beam Index (Selected),Adjustment Method,Beams Checked in Search,Adjusted Beam Index,Adjusted Beam Angle,SNR (dB),Offset Error,Beam Offset History,Received Jetson inference Time,Set TX Beam Time (s),Set RX Beam Time (s),Stabilize Beam Time (s),Measure SNR Time (s)
20250723_235049_931,-65,48,48,23.2,6.946646270751955,-95.15899658203125,-95.15899658203125,0.11932897567749023,0.2676970958709717,48,48,OffsetFailed,2,55,33.4,7.803109184886239,7,[],0.11887741088867188,0.050482749938964844,0.05043506622314453,0.0004489421844482422,0.0011131763458251953
20250723_235050_323,-65,35,35,4.4,7.73154657320346,-95.15899658203125,-95.15899658203125,0.10147881507873535,0.27304911613464355,35,35,OffsetFailed,2,54,31.9,7.475154478523848,19,[],0.10112881660461426,0.05050539970397949,0.0504915714263916,0.0004115104675292969,0.0006620883941650391
20250723_235050_699,-65,35,35,4.4,7.756397711361743,-95.15899658203125,-95.15899658203125,0.10347604751586914,0.2695765495300293,35,35,OffsetFailed,2,54,31.9,7.224245757470015,19,[],0.10312986373901367,0.05046248435974121,0.0504453182220459,0.00039649009704589844,0.0006322860717773438
20250723_235051_074,-65,34,34,2.9,7.230513571598266,-94.96305084228516,-94.96305084228516,0.1028890609741211,0.26943349838256836,34,34,OffsetFailed,2,54,31.9,7.185633571439666,20,[],0.10252928733825684,0.050415754318237305,0.05045127868652344,0.00039887428283691406,0.0006558895111083984
20250723_235051_448,-65,33,33,1.5,7.033482503548086,-94.68475341796875,-94.68475341796875,0.10295486450195312,0.2693781852722168,33,33,OffsetFailed,2,54,31.9,7.402817684819738,21,[],0.10259389877319336,0.05047869682312012,0.05043530464172363,0.0004000663757324219,0.0006582736968994141
20250723_235051_822,-65,NO_RADIO,33,1.5,7.392836022967515,-94.93123626708984,-94.93123626708984,0.10122275352478027,0.10223698616027832,33,,CenterFallback,1,32,0,,,[],0.10090351104736328,0.050484418869018555,0.05068469047546387,0.0003762245178222656,0.0006542205810546875
20250723_235052_027,-65,13,13,-27.6,6.467259610458086,-93.02901992797852,-93.02901992797852,0.10094833374023438,0.2610323429107666,13,13,OffsetFailed,2,61,42.1,9.466308483357253,48,[],0.10062575340270996,0.05045819282531738,0.05048680305480957,0.0568082332611084,0.0006978511810302734
20250723_235052_391,-65,13,13,-27.6,6.51692349607886,-93.62672424316406,-93.62672424316406,0.10176515579223633,0.2609865665435791,13,13,OffsetFailed,2,61,42.1,8.861416223865902,48,[],0.10146307945251465,0.05046558380126953,0.05051827430725098,0.056751251220703125,0.0006928443908691406
20250723_235052_755,-65,NO_RADIO,13,-27.6,6.575835252062234,-95.9241714477539,-95.9241714477539,0.10161018371582031,0.15856599807739258,13,,CenterFallback,1,32,0,,,[],0.1012876033782959,0.050452232360839844,0.0504610538482666,0.05678963661193848,0.0008082389831542969
20250723_235053_017,-65,NO_RADIO,13,-27.6,6.603103407480845,-95.43484497070312,-95.43484497070312,0.10145735740661621,0.10203146934509277,13,,CenterFallback,1,32,0,,,[],0.10114240646362305,0.050461769104003906,0.05046200752258301,0.0003981590270996094,0.0006740093231201172
20250723_235053_222,-65,NO_RADIO,13,-27.6,6.623746997663432,-95.6165771484375,-95.6165771484375,0.10058856010437012,0.15844440460205078,13,,CenterFallback,1,32,0,,,[],0.10028767585754395,0.05045747756958008,0.05048203468322754,0.05675339698791504,0.0007007122039794922
20250723_235053_483,-65,NO_RADIO,13,-27.6,6.876298737599484,-95.60927734375001,-95.60927734375001,0.10188746452331543,0.10197782516479492,13,,CenterFallback,1,32,0,,,[],0.10157012939453125,0.05049324035644531,0.05046248435974121,0.0003781318664550781,0.0006120204925537109
20250723_235053_688,-64,NO_RADIO,13,-27.6,6.6488634707771155,-95.65385437011719,-95.65385437011719,0.1017446517944336,0.15847158432006836,13,,CenterFallback,1,32,0,,,[],0.1013803482055664,0.05048942565917969,0.050444602966308594,0.0567936897277832,0.0006940364837646484
20250723_235053_950,-64,NO_RADIO,13,-27.6,6.4603888167144135,-96.29843139648438,-96.29843139648438,0.10004091262817383,0.10210680961608887,13,,CenterFallback,1,32,0,,,[],0.0996856689453125,0.05042862892150879,0.050478219985961914,0.0004093647003173828,0.0007441043853759766
20250723_235054_154,-64,NO_RADIO,13,-27.6,6.68420421277402,-95.76765441894531,-95.76765441894531,0.09717178344726562,0.15840363502502441,13,,CenterFallback,1,32,0,,,[],0.09682130813598633,0.05045175552368164,0.05047464370727539,0.05675530433654785,0.0006647109985351562
20250723_235054_411,-64,63,63,45.0,6.692361662030152,-94.56656646728516,-94.56656646728516,0.10184168815612793,0.27214527130126953,63,63,OffsetFailed,2,62,43.5,8.217225909795062,-1,[],0.10152816772460938,0.050559282302856445,0.05046343803405762,0.0004112720489501953,0.0006537437438964844
20250723_235054_787,-64,NO_RADIO,63,45.0,8.042761477795281,-94.56656646728516,-94.56656646728516,0.10072994232177734,0.10206317901611328,63,,CenterFallback,1,32,0,,,[],0.10035157203674316,0.05048179626464844,0.05049419403076172,0.00040841102600097656,0.0006413459777832031
20250723_235054_991,-64,NO_RADIO,63,45.0,8.72752606617432,-93.72166442871094,-93.72166442871094,0.1012122631072998,0.15861725807189941,63,,CenterFallback,1,32,0,,,[],0.10086297988891602,0.05055117607116699,0.05052971839904785,0.05676841735839844,0.0007145404815673828
20250723_235055_253,-64,NO_RADIO,63,45.0,8.477374376451237,-93.99395751953125,-93.99395751953125,0.1025850772857666,0.10202836990356445,63,,CenterFallback,1,32,0,,,[],0.10221290588378906,0.050467729568481445,0.050472259521484375,0.0003972053527832031,0.0006597042083740234
20250723_235055_460,-64,NO_RADIO,63,45.0,8.697856741064896,-93.62672424316406,-93.62672424316406,0.09675407409667969,0.15836524963378906,63,,CenterFallback,1,32,0,,,[],0.09645438194274902,0.050429582595825195,0.05048012733459473,0.05675077438354492,0.0006527900695800781
20250723_235055_716,-64,NO_RADIO,63,45.0,8.668454225274644,-93.99395751953125,-93.99395751953125,0.09645986557006836,0.10203409194946289,63,,CenterFallback,1,32,0,,,[],0.09613585472106934,0.05044198036193848,0.05051445960998535,0.00039124488830566406,0.0006413459777832031
20250723_235055_916,-64,NO_RADIO,63,45.0,9.038504292960681,-93.44287109375,-93.44287109375,0.10263180732727051,0.15842366218566895,63,,CenterFallback,1,32,0,,,[],0.10229372978210449,0.05043292045593262,0.05047154426574707,0.056752920150756836,0.0007121562957763672
20250723_235056_179,-64,NO_RADIO,63,45.0,8.691631206065125,-93.79424285888672,-93.79424285888672,0.10099172592163086,0.1019887924194336,63,,CenterFallback,1,32,0,,,[],0.10069012641906738,0.05045771598815918,0.05045771598815918,0.0003943443298339844,0.0006432533264160156
20250723_235056_383,-64,63,63,45.0,8.713403188365461,-93.91798400878906,-93.91798400878906,0.10169410705566406,0.2609236240386963,63,63,OffsetFailed,2,63,45.0,8.673180157674437,0,[],0.10133171081542969,0.05046725273132324,0.05047011375427246,0.05675864219665527,0.0006985664367675781
20250723_235056_748,-64,63,63,45.0,8.463669322189105,-94.01957702636719,-94.01957702636719,0.10261940956115723,0.2609877586364746,63,63,OffsetFailed,2,63,45.0,8.475433733736097,0,[],0.10228967666625977,0.0504603385925293,0.05058765411376953,0.05675935745239258,0.0007898807525634766
20250723_235057_113,-64,63,63,45.0,8.645074906133502,-93.91798400878906,-93.91798400878906,0.10194993019104004,0.2608959674835205,63,63,OffsetFailed,2,63,45.0,8.623112804066665,0,[],0.10161542892456055,0.050455570220947266,0.050504207611083984,0.056741952896118164,0.0007090568542480469
20250723_235057_477,-64,NO_RADIO,63,45.0,8.919124449159213,-93.3537826538086,-93.3537826538086,0.10156011581420898,0.158461332321167,63,,CenterFallback,1,32,0,,,[],0.10125088691711426,0.05050253868103027,0.05045342445373535,0.056778907775878906,0.0006756782531738281
20250723_235057_739,-63,63,63,45.0,8.956991854012315,-93.11367645263672,-93.11367645263672,0.10325884819030762,0.2676088809967041,63,63,OffsetFailed,2,63,45.0,9.52870636226595,0,[],0.10292267799377441,0.05045580863952637,0.05051422119140625,0.0003879070281982422,0.0006315708160400391
20250723_235058_112,-63,NO_RADIO,63,45.0,9.617432500778023,-92.64356231689453,-92.64356231689453,0.10146117210388184,0.10205960273742676,63,,CenterFallback,1,32,0,,,[],0.1010890007019043,0.05045723915100098,0.050478219985961914,0.00040030479431152344,0.0006816387176513672
20250723_235058_317,-63,63,63,45.0,9.739819617077188,-92.8506275177002,-92.8506275177002,0.10263538360595703,0.2630190849304199,63,63,OffsetFailed,2,63,45.0,9.539331738816614,0,[],0.10230398178100586,0.050482749938964844,0.05048775672912598,0.056792259216308594,0.0006699562072753906
20250723_235058_684,-63,63,63,45.0,9.53718898677333,-92.77661895751953,-92.77661895751953,0.10188984870910645,0.26163625717163086,63,63,OffsetFailed,2,63,45.0,9.532905218422584,0,[],0.10153508186340332,0.05047011375427246,0.05043911933898926,0.05674552917480469,0.0006651878356933594
20250723_235059_049,-63,NO_RADIO,63,45.0,9.615360669292599,-92.75736236572266,-92.75736236572266,0.09742045402526855,0.15854835510253906,63,,CenterFallback,1,32,0,,,[],0.09710311889648438,0.05063223838806152,0.05044984817504883,0.05675482749938965,0.0006594657897949219
20250723_235059_307,-63,NO_RADIO,63,45.0,9.544817252631702,-92.75736236572266,-92.75736236572266,0.10133934020996094,0.10201907157897949,63,,CenterFallback,1,32,0,,,[],0.10102438926696777,0.05047488212585449,0.05047798156738281,0.00038909912109375,0.0006411075592041016
20250723_235059_512,-63,NO_RADIO,63,45.0,9.798537310580812,-92.70008850097656,-92.70008850097656,0.10043811798095703,0.15840864181518555,63,,CenterFallback,1,32,0,,,[],0.10011601448059082,0.05047917366027832,0.05048203468322754,0.05673527717590332,0.0006573200225830078
20250723_235059_772,-63,63,63,45.0,9.54165602470286,-92.77661895751953,-92.77661895751953,0.09885120391845703,0.26871466636657715,63,63,OffsetFailed,2,63,45.0,9.733136762343634,0,[],0.0984964370727539,0.0504913330078125,0.050479888916015625,0.0003788471221923828,0.0006258487701416016
20250723_235100_141,-63,63,63,45.0,9.537446771812967,-92.75449867248535,-92.75449867248535,0.10153865814208984,0.2739555835723877,63,63,OffsetFailed,2,63,45.0,9.529075530844395,0,[],0.10118985176086426,0.050458669662475586,0.0504915714263916,0.0004055500030517578,0.0006670951843261719
20250723_235100_519,-63,NO_RADIO,63,45.0,9.727085643909874,-92.64356231689453,-92.64356231689453,0.10205221176147461,0.10201334953308105,63,,CenterFallback,1,32,0,,,[],0.10169291496276855,0.050441741943359375,0.05046415328979492,0.000400543212890625,0.0006687641143798828
20250723_235100_724,-63,63,63,45.0,9.723535742487883,-92.70008850097656,-92.70008850097656,0.1008906364440918,0.26092982292175293,63,63,OffsetFailed,2,63,45.0,9.71817451466407,0,[],0.10054945945739746,0.05043792724609375,0.05047726631164551,0.056725263595581055,0.0006763935089111328
20250723_235101_088,-63,63,63,45.0,9.511132436508419,-92.77661895751953,-92.77661895751953,0.10087418556213379,0.26093244552612305,63,63,OffsetFailed,2,63,45.0,9.509639830655857,0,[],0.10055088996887207,0.05048394203186035,0.0504913330078125,0.0567476749420166,0.0006492137908935547
20250723_235101_451,-63,NO_RADIO,63,45.0,9.768887268258837,-92.75449867248535,-92.75449867248535,0.10134434700012207,0.15842795372009277,63,,CenterFallback,1,32,0,,,[],0.10106062889099121,0.05050969123840332,0.050455331802368164,0.05674576759338379,0.0006661415100097656
20250723_235101_713,-62,63,63,45.0,9.513676749665848,-91.00927734375,-91.00927734375,0.10191702842712402,0.26935553550720215,63,63,OffsetFailed,2,63,45.0,11.357401969802623,0,[],0.10158157348632812,0.050460100173950195,0.050466060638427734,0.0003991127014160156,0.0006682872772216797
20250723_235102_086,-62,63,63,45.0,11.446824314214979,-90.90768432617188,-90.90768432617188,0.10011076927185059,0.268202543258667,63,63,OffsetFailed,2,63,45.0,11.436000285127335,2,[],0.09977054595947266,0.050467729568481445,0.05048322677612305,0.0004012584686279297,0.0006363391876220703
20250723_235102_455,-62,63,63,45.0,11.370872943398695,-91.17760848999023,-91.17760848999023,0.09885859489440918,0.269542932510376,63,63,OffsetFailed,2,63,45.0,11.367903703083599,2,[],0.0984654426574707,0.050452470779418945,0.05048799514770508,0.000396728515625,0.0006744861602783203
20250723_235102_825,-62,63,63,45.0,11.455045552740089,-91.17960357666016,-91.17960357666016,0.10369491577148438,0.26855945587158203,63,63,OffsetFailed,2,63,45.0,11.326513216151156,2,[],0.1033635139465332,0.05045914649963379,0.05046415328979492,0.00041794776916503906,0.0006690025329589844
20250723_235103_199,-62,63,63,45.0,11.459960983744338,-90.73481750488281,-90.73481750488281,0.10247015953063965,0.2680532932281494,63,63,OffsetFailed,2,63,45.0,11.374276416599187,2,[],0.10207891464233398,0.05049920082092285,0.05049896240234375,0.0004036426544189453,0.0006763935089111328
20250723_235103_571,-62,63,63,45.0,11.221131256251851,-91.2857967376709,-91.2857967376709,0.10197162628173828,0.2684304714202881,63,63,OffsetFailed,2,63,45.0,11.12360583402014,2,[],0.10162973403930664,0.05045723915100098,0.05046415328979492,0.0003972053527832031,0.0006155967712402344
20250723_235103_943,-62,63,63,45.0,11.394466500077115,-91.32707481384277,-91.32707481384277,0.09995889663696289,0.2684457302093506,63,63,OffsetFailed,2,63,45.0,11.378606181031984,2,[],0.09953856468200684,0.05055952072143555,0.05050325393676758,0.0004010200500488281,0.0007038116455078125
20250723_235104_313,-62,63,63,45.0,11.111447496047873,-91.00927734375,-91.00927734375,0.10196590423583984,0.26845431327819824,63,63,OffsetFailed,2,63,45.0,11.535104727998416,2,[],0.1016550064086914,0.05045819282531738,0.050469160079956055,0.00040340423583984375,0.0006260871887207031
20250723_235104_685,-62,63,63,45.0,11.135665557204504,-91.0214973449707,-91.0214973449707,0.10337495803833008,0.2690448760986328,63,63,OffsetFailed,2,63,45.0,11.378521560777386,2,[],0.10306215286254883,0.05045914649963379,0.050467729568481445,0.0003972053527832031,0.0006203651428222656
20250723_235105_059,-62,63,63,45.0,11.378080072329723,-91.17960357666016,-91.17960357666016,0.12494754791259766,0.2693910598754883,63,63,OffsetFailed,2,63,45.0,11.333351944959873,2,[],0.12462687492370605,0.05044412612915039,0.05048656463623047,0.00040435791015625,0.0006959438323974609
20250723_235105_455,-62,63,63,45.0,11.383905032802346,-91.17960357666016,-91.17960357666016,0.10520696640014648,0.2690861225128174,63,63,OffsetFailed,2,63,45.0,11.130887416175057,2,[],0.10490727424621582,0.05046272277832031,0.0504610538482666,0.00040078163146972656,0.0006709098815917969
20250723_235105_831,-61,63,63,45.0,11.39828109067399,-89.81483459472656,-89.81483459472656,0.09901285171508789,0.2693755626678467,63,63,OffsetFailed,2,63,45.0,12.770821362441282,2,[],0.09870576858520508,0.05044436454772949,0.05044817924499512,0.00039887428283691406,0.0006406307220458984
20250723_235106_201,-61,63,63,45.0,12.541945243801976,-89.47698974609375,-89.47698974609375,0.10228633880615234,0.268054723739624,63,63,OffsetFailed,2,63,45.0,12.93152495702111,2,[],0.10196042060852051,0.05050921440124512,0.05050086975097656,0.00040030479431152344,0.0006449222564697266
20250723_235106_573,-61,NO_RADIO,63,45.0,12.86527314461199,-89.59184188842774,-89.59184188842774,0.10071063041687012,0.10201644897460938,63,,CenterFallback,1,32,0,,,[],0.10037899017333984,0.05045890808105469,0.05047035217285156,0.00040435791015625,0.0006449222564697266
20250723_235106_778,-61,NO_RADIO,63,45.0,12.859971199236469,-89.51144638061524,-89.51144638061524,0.10050272941589355,0.15851783752441406,63,,CenterFallback,1,32,0,,,[],0.10015726089477539,0.05047464370727539,0.05052542686462402,0.05678963661193848,0.0006749629974365234
20250723_235107_038,-61,NO_RADIO,63,45.0,12.952100786756048,-89.63325500488281,-89.63325500488281,0.10117840766906738,0.10209035873413086,63,,CenterFallback,1,32,0,,,[],0.10082578659057617,0.05045914649963379,0.05049896240234375,0.0003998279571533203,0.000698089599609375
20250723_235107_243,-61,NO_RADIO,63,45.0,12.853258505802657,-89.63325500488281,-89.63325500488281,0.09926056861877441,0.15842843055725098,63,,CenterFallback,1,32,0,,,[],0.09886741638183594,0.05045127868652344,0.050484657287597656,0.05674099922180176,0.0006997585296630859
20250723_235107_503,-61,NO_RADIO,63,45.0,12.812368364296233,-89.76534919738769,-89.76534919738769,0.10303616523742676,0.1020200252532959,63,,CenterFallback,1,32,0,,,[],0.10272216796875,0.050463199615478516,0.050447940826416016,0.00039124488830566406,0.0006797313690185547
20250723_235107_709,-61,NO_RADIO,63,45.0,12.78773146886931,-89.81483459472656,-89.81483459472656,0.10154151916503906,0.1584639549255371,63,,CenterFallback,1,32,0,,,[],0.10121273994445801,0.050473690032958984,0.050473690032958984,0.05673718452453613,0.0007274150848388672
20250723_235107_971,-61,NO_RADIO,63,45.0,12.743013859559937,-89.77549476623535,-89.77549476623535,0.1003732681274414,0.10202741622924805,63,,CenterFallback,1,32,0,,,[],0.10005903244018555,0.05048799514770508,0.050470829010009766,0.0003910064697265625,0.0006306171417236328
20250723_235108_175,-61,NO_RADIO,63,45.0,12.846118074061792,-89.61365547180176,-89.61365547180176,0.10155940055847168,0.15843653678894043,63,,CenterFallback,1,32,0,,,[],0.10123205184936523,0.05044126510620117,0.05046534538269043,0.05681037902832031,0.0006701946258544922
20250723_235108_436,-61,NO_RADIO,63,45.0,12.985601639007683,-89.4396858215332,-89.4396858215332,0.10196232795715332,0.10195755958557129,63,,CenterFallback,1,32,0,,,[],0.1016380786895752,0.05039548873901367,0.05042123794555664,0.0003833770751953125,0.0007162094116210938
20250723_235108_642,-61,NO_RADIO,63,45.0,12.532473450914779,-89.93356323242188,-89.93356323242188,0.1011650562286377,0.15838336944580078,63,,CenterFallback,1,32,0,,,[],0.10086464881896973,0.050488948822021484,0.050438642501831055,0.056740760803222656,0.0006601810455322266
20250723_235108_903,-61,NO_RADIO,63,45.0,12.640509256303687,-89.76631164550781,-89.76631164550781,0.1022639274597168,0.10207176208496094,63,,CenterFallback,1,32,0,,,[],0.10191893577575684,0.05047106742858887,0.05049395561218262,0.000392913818359375,0.0006780624389648438
20250723_235109_109,-61,NO_RADIO,63,45.0,12.503757165768008,-90.0247802734375,-90.0247802734375,0.09790444374084473,0.15853166580200195,63,,CenterFallback,1,32,0,,,[],0.09755325317382812,0.05045580863952637,0.050495147705078125,0.056763410568237305,0.0007495880126953125
20250723_235109_368,-61,NO_RADIO,63,45.0,12.487806935287736,-90.10751342773438,-90.10751342773438,0.10198473930358887,0.10201764106750488,63,,CenterFallback,1,32,0,,,[],0.10165977478027344,0.050478219985961914,0.0504603385925293,0.0003924369812011719,0.0006518363952636719
20250723_235109_573,-61,NO_RADIO,63,45.0,12.524385075508249,-89.93356323242188,-89.93356323242188,0.10105633735656738,0.15847039222717285,63,,CenterFallback,1,32,0,,,[],0.10073447227478027,0.050444602966308594,0.05044674873352051,0.05681419372558594,0.0007052421569824219
20250723_235109_834,-60,NO_RADIO,63,45.0,12.732516245839662,-89.744673538208,-89.744673538208,0.10140609741210938,0.10203409194946289,63,,CenterFallback,1,32,0,,,[],0.10105109214782715,0.050473690032958984,0.050457000732421875,0.0004253387451171875,0.0006358623504638672
20250723_235110_039,-60,NO_RADIO,63,45.0,14.136610436300998,-88.33929061889648,-88.33929061889648,0.10176205635070801,0.15837836265563965,63,,CenterFallback,1,32,0,,,[],0.10141420364379883,0.050443172454833984,0.0504302978515625,0.05679035186767578,0.0006604194641113281
20250723_235110_301,-60,NO_RADIO,63,45.0,14.320835066596302,-88.2275001525879,-88.2275001525879,0.10069632530212402,0.10203242301940918,63,,CenterFallback,1,32,0,,,[],0.10039353370666504,0.05047798156738281,0.05048394203186035,0.0003993511199951172,0.0006263256072998047
20250723_235110_506,-60,NO_RADIO,63,45.0,14.477045449609065,-87.94153594970703,-87.94153594970703,0.10085487365722656,0.158355712890625,63,,CenterFallback,1,32,0,,,[],0.10055136680603027,0.050446510314941406,0.05044126510620117,0.0567169189453125,0.0006985664367675781
20250723_235110_766,-60,NO_RADIO,63,45.0,14.38045948207791,-88.16830406188964,-88.16830406188964,0.09879708290100098,0.10204458236694336,63,,CenterFallback,1,32,0,,,[],0.09848403930664062,0.05045604705810547,0.05046725273132324,0.0004131793975830078,0.0006618499755859375
20250723_235110_969,-60,NO_RADIO,63,45.0,14.36969106946593,-88.39279403686524,-88.39279403686524,0.09972262382507324,0.15839266777038574,63,,CenterFallback,1,32,0,,,[],0.0994112491607666,0.05048108100891113,0.05046987533569336,0.0567326545715332,0.0006551742553710938
20250723_235111_229,-60,NO_RADIO,63,45.0,14.101653440930107,-88.44514465332031,-88.44514465332031,0.10114002227783203,0.10210728645324707,63,,CenterFallback,1,32,0,,,[],0.10082221031188965,0.050513505935668945,0.05051589012145996,0.00039768218994140625,0.0006453990936279297
20250723_235111_433,-60,NO_RADIO,63,45.0,14.318478917200792,-88.27550430297852,-88.27550430297852,0.08747553825378418,0.1584758758544922,63,,CenterFallback,1,32,0,,,[],0.08712387084960938,0.050484657287597656,0.05044913291931152,0.056801557540893555,0.0006864070892333984
20250723_235111_681,-60,NO_RADIO,63,45.0,14.361243373744514,-88.33269500732422,-88.33269500732422,0.09780049324035645,0.10202479362487793,63,,CenterFallback,1,32,0,,,[],0.09746670722961426,0.05041933059692383,0.050492286682128906,0.00041103363037109375,0.0006685256958007812
20250723_235111_882,-60,NO_RADIO,63,45.0,14.12881806120393,-88.44443359375,-88.44443359375,0.09984540939331055,0.15845274925231934,63,,CenterFallback,1,32,0,,,[],0.09954524040222168,0.05045294761657715,0.050435543060302734,0.056847333908081055,0.0006632804870605469
20250723_235112_142,-60,NO_RADIO,63,45.0,14.194219385198465,-88.44514465332031,-88.44514465332031,0.10191035270690918,0.10208439826965332,63,,CenterFallback,1,32,0,,,[],0.10163640975952148,0.05051159858703613,0.050496578216552734,0.0004086494445800781,0.0006299018859863281
20250723_235112_348,-60,NO_RADIO,63,45.0,14.0578958478321,-88.5678939819336,-88.5678939819336,0.10260319709777832,0.1586601734161377,63,,CenterFallback,1,32,0,,,[],0.10222625732421875,0.05052804946899414,0.050557851791381836,0.05678057670593262,0.0007371902465820312
20250723_235112_611,-60,NO_RADIO,63,45.0,14.128708700190117,-88.33269500732422,-88.33269500732422,0.10067963600158691,0.10215950012207031,63,,CenterFallback,1,32,0,,,[],0.10028791427612305,0.050472259521484375,0.05058145523071289,0.0004184246063232422,0.0006461143493652344
20250723_235112_816,-60,63,63,45.0,14.533374733865912,-88.16930389404297,-88.16930389404297,0.1033937931060791,0.15880370140075684,63,63,YOLO,1,32,0,14.533374733865912,0,[],0.10303544998168945,0.05052375793457031,0.050510406494140625,0.05676436424255371,0.0009970664978027344
20250723_235113_080,-60,NO_RADIO,63,45.0,14.565939262068085,-88.01732177734375,-88.01732177734375,0.10147881507873535,0.10230541229248047,63,,CenterFallback,1,32,0,,,[],0.10113215446472168,0.050539493560791016,0.05052042007446289,0.0004181861877441406,0.0007846355438232422
20250723_235113_285,-60,NO_RADIO,63,45.0,14.190350260569986,-88.44407920837402,-88.44407920837402,0.10042428970336914,0.15859007835388184,63,,CenterFallback,1,32,0,,,[],0.10013270378112793,0.05052757263183594,0.05050826072692871,0.05680727958679199,0.0006885528564453125
20250723_235113_547,-60,NO_RADIO,63,45.0,14.467183136681427,-88.16830406188964,-88.16830406188964,0.1010746955871582,0.10217857360839844,63,,CenterFallback,1,32,0,,,[],0.1005866527557373,0.05054283142089844,0.050550222396850586,0.0003955364227294922,0.0006504058837890625
20250723_235113_752,-59,NO_RADIO,63,45.0,15.790937142433478,-86.92828369140625,-86.92828369140625,0.10172319412231445,0.15842914581298828,63,,CenterFallback,1,32,0,,,[],0.10135531425476074,0.0504612922668457,0.05046391487121582,0.05678534507751465,0.0006661415100097656
20250723_235114_013,-59,63,63,45.0,15.790186562059034,-86.86745071411133,-86.86745071411133,0.10277080535888672,0.10191082954406738,63,63,YOLO,1,32,0,15.790186562059034,0,[],0.10241293907165527,0.05045056343078613,0.05043792724609375,0.0003838539123535156,0.0006327629089355469
20250723_235114_220,-59,63,63,45.0,16.101601276101306,-86.47098083496094,-86.47098083496094,0.10332894325256348,0.15842509269714355,63,63,YOLO,1,32,0,16.101601276101306,0,[],0.10300612449645996,0.05049443244934082,0.050475120544433594,0.05679750442504883,0.000652313232421875
20250723_235114_483,-59,NO_RADIO,63,45.0,16.07593396351662,-86.5257797241211,-86.5257797241211,0.10058403015136719,0.10209226608276367,63,,CenterFallback,1,32,0,,,[],0.1002962589263916,0.050452470779418945,0.05051469802856445,0.0004267692565917969,0.0006580352783203125
20250723_235114_688,-59,NO_RADIO,63,45.0,15.680618671089903,-86.92828369140625,-86.92828369140625,0.10124969482421875,0.15860772132873535,63,,CenterFallback,1,32,0,,,[],0.1008918285369873,0.05049467086791992,0.050446271896362305,0.05687069892883301,0.0007398128509521484
20250723_235114_950,-59,NO_RADIO,63,45.0,15.870209454196072,-86.73194885253906,-86.73194885253906,0.10159468650817871,0.1028141975402832,63,,CenterFallback,1,32,0,,,[],0.10120439529418945,0.05054211616516113,0.05060887336730957,0.0007073879241943359,0.0009028911590576172
20250723_235115_156,-59,NO_RADIO,63,45.0,15.569293320777348,-87.1128921508789,-87.1128921508789,0.1010427474975586,0.15850257873535156,63,,CenterFallback,1,32,0,,,[],0.10043764114379883,0.050449371337890625,0.050504207611083984,0.056793212890625,0.0007023811340332031
20250723_235115_417,-59,63,63,45.0,15.517101392302976,-87.01396903991699,-87.01396903991699,0.10365128517150879,0.10190892219543457,63,63,YOLO,1,32,0,15.517101392302976,0,[],0.10332417488098145,0.05042862892150879,0.05047249794006348,0.0003833770751953125,0.0006196498870849609
20250723_235115_625,-59,63,63,45.0,15.881935996519474,-86.75601196289062,-86.75601196289062,0.10332202911376953,0.15833449363708496,63,63,YOLO,1,32,0,15.881935996519474,0,[],0.10296273231506348,0.05044198036193848,0.050429582595825195,0.05675172805786133,0.0007042884826660156
20250723_235115_888,-59,63,63,45.0,15.870608777806709,-86.75577087402344,-86.75577087402344,0.10401177406311035,0.10193490982055664,63,63,YOLO,1,32,0,15.870608777806709,0,[],0.10370135307312012,0.05042386054992676,0.05046486854553223,0.0004057884216308594,0.0006349086761474609
20250723_235116_096,-59,NO_RADIO,63,45.0,15.778657759498799,-86.88557929992676,-86.88557929992676,0.10143661499023438,0.15837907791137695,63,,CenterFallback,1,32,0,,,[],0.10109925270080566,0.05045509338378906,0.05045056343078613,0.05677342414855957,0.0006480216979980469
20250723_235116_357,-59,63,63,45.0,15.899805237149025,-86.68898010253906,-86.68898010253906,0.1065363883972168,0.10199236869812012,63,63,YOLO,1,32,0,15.899805237149025,0,[],0.10625362396240234,0.05046510696411133,0.0504915714263916,0.00039458274841308594,0.0006353855133056641
20250723_235116_567,-59,NO_RADIO,63,45.0,15.94961393145104,-86.62296295166016,-86.62296295166016,0.10176444053649902,0.15840363502502441,63,,CenterFallback,1,32,0,,,[],0.10139727592468262,0.050436973571777344,0.050481319427490234,0.05673360824584961,0.0006985664367675781
20250723_235116_829,-59,NO_RADIO,63,45.0,15.862325522750425,-86.75119018554688,-86.75119018554688,0.10157346725463867,0.10206341743469238,63,,CenterFallback,1,32,0,,,[],0.10126066207885742,0.05047011375427246,0.05047440528869629,0.0003955364227294922,0.0006883144378662109
20250723_235117_034,-59,NO_RADIO,63,45.0,15.769369058569794,-86.7116081237793,-86.7116081237793,0.10169196128845215,0.1584455966949463,63,,CenterFallback,1,32,0,,,[],0.10134744644165039,0.05051827430725098,0.05048203468322754,0.05672168731689453,0.0006723403930664062
20250723_235117_296,-59,NO_RADIO,63,45.0,15.80027755561268,-86.84794082641602,-86.84794082641602,0.0850064754486084,0.10198712348937988,63,,CenterFallback,1,32,0,,,[],0.08469724655151367,0.05045819282531738,0.05046248435974121,0.0003998279571533203,0.0006310939788818359
20250723_235117_484,-59,NO_RADIO,63,45.0,15.89267890869516,-86.68638229370117,-86.68638229370117,0.09764647483825684,0.1584177017211914,63,,CenterFallback,1,32,0,,,[],0.09731745719909668,0.05045008659362793,0.05041909217834473,0.056816816329956055,0.0006785392761230469
20250723_235117_742,-58,NO_RADIO,63,45.0,15.654899491193973,-86.75601196289062,-86.75601196289062,0.10157513618469238,0.10204744338989258,63,,CenterFallback,1,32,0,,,[],0.10125088691711426,0.05048370361328125,0.0504298210144043,0.00040411949157714844,0.0006895065307617188
20250723_235117_947,-58,NO_RADIO,63,45.0,18.068813382620448,-84.6549072265625,-84.6549072265625,0.0975944995880127,0.15833425521850586,63,,CenterFallback,1,32,0,,,[],0.09727144241333008,0.050460100173950195,0.050446271896362305,0.05672764778137207,0.0006487369537353516
20250723_235118_205,-58,NO_RADIO,63,45.0,18.054388782999155,-84.62659988403321,-84.62659988403321,0.1005699634552002,0.10199904441833496,63,,CenterFallback,1,32,0,,,[],0.10023951530456543,0.05043387413024902,0.0504610538482666,0.0003979206085205078,0.0006737709045410156
20250723_235118_409,-58,NO_RADIO,63,45.0,17.821576880138707,-84.7829128265381,-84.7829128265381,0.10025525093078613,0.1587507724761963,63,,CenterFallback,1,32,0,,,[],0.09993100166320801,0.05047893524169922,0.050451040267944336,0.05678057670593262,0.0009632110595703125
20250723_235118_670,-58,NO_RADIO,63,45.0,17.74604088462418,-84.85409812927246,-84.85409812927246,0.10255575180053711,0.10208773612976074,63,,CenterFallback,1,32,0,,,[],0.10205864906311035,0.05046844482421875,0.05049252510070801,0.0004169940948486328,0.0006620883941650391
20250723_235118_877,-58,NO_RADIO,63,45.0,17.857021356687483,-84.6541648864746,-84.6541648864746,0.1012578010559082,0.15838861465454102,63,,CenterFallback,1,32,0,,,[],0.10090160369873047,0.050461769104003906,0.05045938491821289,0.05677080154418945,0.0006468296051025391
20250723_235119_138,-58,NO_RADIO,63,45.0,18.04851463757585,-84.47586860656739,-84.47586860656739,0.10100078582763672,0.10212588310241699,63,,CenterFallback,1,32,0,,,[],0.10062980651855469,0.05046701431274414,0.050470590591430664,0.00040984153747558594,0.0007302761077880859
20250723_235119_343,-58,NO_RADIO,63,45.0,18.053447242294666,-84.68475341796875,-84.68475341796875,0.10080075263977051,0.15834784507751465,63,,CenterFallback,1,32,0,,,[],0.10047388076782227,0.05047321319580078,0.050473928451538086,0.05668377876281738,0.0006654262542724609
20250723_235119_603,-58,NO_RADIO,63,45.0,17.94988957173601,-84.68475341796875,-84.68475341796875,0.10212206840515137,0.10199952125549316,63,,CenterFallback,1,32,0,,,[],0.1017770767211914,0.050458431243896484,0.050452470779418945,0.00040340423583984375,0.0006520748138427734
20250723_235119_809,-58,NO_RADIO,63,45.0,17.886480614901302,-84.73597717285156,-84.73597717285156,0.09969329833984375,0.15836453437805176,63,,CenterFallback,1,32,0,,,[],0.0993356704711914,0.05043959617614746,0.05042767524719238,0.05671525001525879,0.0007300376892089844
20250723_235120_069,-58,NO_RADIO,63,45.0,18.002997412108627,-84.69976043701172,-84.69976043701172,0.1047520637512207,0.10206270217895508,63,,CenterFallback,1,32,0,,,[],0.10441756248474121,0.050458431243896484,0.05045056343078613,0.00039315223693847656,0.0007181167602539062
20250723_235120_277,-58,NO_RADIO,63,45.0,17.76785659058274,-84.78459091186524,-84.78459091186524,0.10069680213928223,0.15847277641296387,63,,CenterFallback,1,32,0,,,[],0.1003727912902832,0.05048966407775879,0.05046725273132324,0.056803226470947266,0.0006611347198486328
20250723_235120_538,-58,NO_RADIO,63,45.0,17.781326476762743,-84.90910339355469,-84.90910339355469,0.1006765365600586,0.1020345687866211,63,,CenterFallback,1,32,0,,,[],0.10036396980285645,0.05046200752258301,0.05048084259033203,0.00039386749267578125,0.0006678104400634766
20250723_235120_742,-58,63,63,45.0,17.74468410044544,-84.77249145507812,-84.77249145507812,0.10122466087341309,0.15827608108520508,63,63,YOLO,1,32,0,17.74468410044544,0,[],0.10091900825500488,0.05043315887451172,0.05043625831604004,0.05672717094421387,0.0006728172302246094
20250723_235121_004,-58,NO_RADIO,63,45.0,17.681550125989645,-84.8855136871338,-84.8855136871338,0.10257959365844727,0.10211682319641113,63,,CenterFallback,1,32,0,,,[],0.10223579406738281,0.05051016807556152,0.05044412612915039,0.0004012584686279297,0.0007181167602539062
20250723_235121_210,-58,NO_RADIO,63,45.0,17.952661113999227,-84.62659988403321,-84.62659988403321,0.10163998603820801,0.1584315299987793,63,,CenterFallback,1,32,0,,,[],0.10132384300231934,0.05046367645263672,0.05048680305480957,0.05676412582397461,0.0006613731384277344
20250723_235121_472,-58,NO_RADIO,63,45.0,17.918486356239853,-84.80886421203613,-84.80886421203613,0.10223722457885742,0.10201859474182129,63,,CenterFallback,1,32,0,,,[],0.1019129753112793,0.05048513412475586,0.05046820640563965,0.0003943443298339844,0.0006277561187744141
20250723_235121_678,-57,NO_RADIO,63,45.0,18.634557203019668,-83.97724952697754,-83.97724952697754,0.10077571868896484,0.15831303596496582,63,,CenterFallback,1,32,0,,,[],0.10048198699951172,0.05041861534118652,0.050440311431884766,0.056726694107055664,0.0006737709045410156
20250723_235121_938,-57,NO_RADIO,63,45.0,18.772454180808538,-83.88048553466797,-83.88048553466797,0.10104060173034668,0.10205698013305664,63,,CenterFallback,1,32,0,,,[],0.10069131851196289,0.05046248435974121,0.05049443244934082,0.0003876686096191406,0.0006742477416992188
20250723_235122_143,-57,NO_RADIO,63,45.0,19.15941320925006,-83.45593948364258,-83.45593948364258,0.09999346733093262,0.15832042694091797,63,,CenterFallback,1,32,0,,,[],0.09965634346008301,0.05044198036193848,0.050420284271240234,0.056735992431640625,0.0006673336029052734
20250723_235122_403,-57,63,63,45.0,19.128951831305443,-83.46068115234375,-83.46068115234375,0.10370516777038574,0.10197567939758301,63,63,YOLO,1,32,0,19.128951831305443,0,[],0.10334324836730957,0.050451040267944336,0.05047488212585449,0.0004029273986816406,0.0006418228149414062
20250723_235122_610,-57,63,63,45.0,18.97119628223446,-83.70166511535645,-83.70166511535645,0.10103678703308105,0.15830063819885254,63,63,YOLO,1,32,0,18.97119628223446,0,[],0.10070633888244629,0.0504460334777832,0.05046987533569336,0.05672597885131836,0.0006518363952636719
20250723_235122_871,-57,NO_RADIO,63,45.0,19.012424002313708,-83.68580627441406,-83.68580627441406,0.10101056098937988,0.1020212173461914,63,,CenterFallback,1,32,0,,,[],0.10067057609558105,0.05042719841003418,0.05047464370727539,0.00039649009704589844,0.0006785392761230469
20250723_235123_076,-57,NO_RADIO,63,45.0,19.703364328354922,-83.04944610595703,-83.04944610595703,0.10135102272033691,0.1583724021911621,63,,CenterFallback,1,32,0,,,[],0.10103726387023926,0.05044960975646973,0.05047726631164551,0.05674481391906738,0.0006473064422607422
20250723_235123_337,-57,NO_RADIO,63,45.0,19.7091313251764,-82.92784118652344,-82.92784118652344,0.1023554801940918,0.10219478607177734,63,,CenterFallback,1,32,0,,,[],0.10204005241394043,0.05049252510070801,0.050571441650390625,0.00040721893310546875,0.0006759166717529297
20250723_235123_543,-57,63,63,45.0,19.33908262673394,-83.19755744934082,-83.19755744934082,0.10213708877563477,0.15826773643493652,63,63,YOLO,1,32,0,19.33908262673394,0,[],0.10178232192993164,0.05040264129638672,0.05048632621765137,0.05673027038574219,0.0006418228149414062
20250723_235123_805,-57,NO_RADIO,63,45.0,19.30236803375044,-83.14681816101074,-83.14681816101074,0.10332751274108887,0.10197091102600098,63,,CenterFallback,1,32,0,,,[],0.10299181938171387,0.05047178268432617,0.0504460334777832,0.0004012584686279297,0.0006144046783447266
20250723_235124_012,-57,NO_RADIO,63,45.0,19.254033194919018,-83.5518928527832,-83.5518928527832,0.10154938697814941,0.15846705436706543,63,,CenterFallback,1,32,0,,,[],0.10116338729858398,0.05051898956298828,0.05046558380126953,0.0567471981048584,0.0006666183471679688
20250723_235124_274,-57,63,63,45.0,19.09440671808278,-83.575146484375,-83.575146484375,0.10345268249511719,0.10195589065551758,63,63,YOLO,1,32,0,19.09440671808278,0,[],0.10313796997070312,0.05045318603515625,0.050446271896362305,0.0003974437713623047,0.0006532669067382812
20250723_235124_481,-57,NO_RADIO,63,45.0,19.18954565907265,-83.39998779296874,-83.39998779296874,0.10148143768310547,0.15846037864685059,63,,CenterFallback,1,32,0,,,[],0.10112667083740234,0.05048108100891113,0.05044126510620117,0.05673503875732422,0.0007464885711669922
20250723_235124_743,-57,63,63,45.0,19.35920688646104,-83.35377502441406,-83.35377502441406,0.10175466537475586,0.10199785232543945,63,63,YOLO,1,32,0,19.35920688646104,0,[],0.10142827033996582,0.05048680305480957,0.050454139709472656,0.00040078163146972656,0.0006504058837890625
20250723_235124_948,-57,NO_RADIO,63,45.0,19.253211807293795,-83.3926399230957,-83.3926399230957,0.10130643844604492,0.15869355201721191,63,,CenterFallback,1,32,0,,,[],0.10097432136535645,0.05045652389526367,0.050455570220947266,0.056760549545288086,0.0009520053863525391
20250723_235125_210,-57,NO_RADIO,63,45.0,19.410557694955543,-83.24492645263672,-83.24492645263672,0.10089445114135742,0.1020348072052002,63,,CenterFallback,1,32,0,,,[],0.1004946231842041,0.050475120544433594,0.05047965049743652,0.00041484832763671875,0.0006265640258789062
20250723_235125_415,-57,NO_RADIO,63,45.0,18.99369764867984,-83.63788604736328,-83.63788604736328,0.10084056854248047,0.15846705436706543,63,,CenterFallback,1,32,0,,,[],0.10050535202026367,0.050502777099609375,0.05049490928649902,0.05675363540649414,0.0006639957427978516
20250723_235125_676,-56,NO_RADIO,63,45.0,19.111330437470727,-83.46000518798829,-83.46000518798829,0.10460925102233887,0.1019752025604248,63,,CenterFallback,1,32,0,,,[],0.10427045822143555,0.05043363571166992,0.05045938491821289,0.00039887428283691406,0.0006413459777832031
20250723_235125_884,-56,NO_RADIO,63,45.0,20.29211757312372,-82.39200630187989,-82.39200630187989,0.10346531867980957,0.15874791145324707,63,,CenterFallback,1,32,0,,,[],0.10315132141113281,0.05044388771057129,0.05051589012145996,0.0567631721496582,0.0009522438049316406
20250723_235126_148,-56,NO_RADIO,63,45.0,20.396452710303166,-82.45848846435547,-82.45848846435547,0.10018396377563477,0.10198235511779785,63,,CenterFallback,1,32,0,,,[],0.0998544692993164,0.05045437812805176,0.050447702407836914,0.0003962516784667969,0.00064849853515625
20250723_235126_352,-56,NO_RADIO,63,45.0,20.396469937279548,-82.37947311401368,-82.37947311401368,0.09978771209716797,0.15834760665893555,63,,CenterFallback,1,32,0,,,[],0.09948205947875977,0.050453901290893555,0.05044221878051758,0.05673027038574219,0.0006666183471679688
20250723_235126_612,-56,NO_RADIO,63,45.0,20.327630874534492,-82.37956809997559,-82.37956809997559,0.10179781913757324,0.10209083557128906,63,,CenterFallback,1,32,0,,,[],0.1014556884765625,0.05045366287231445,0.050523996353149414,0.0004017353057861328,0.0006735324859619141
20250723_235126_817,-56,NO_RADIO,63,45.0,19.862963477532233,-82.72671508789062,-82.72671508789062,0.10136532783508301,0.1584486961364746,63,,CenterFallback,1,32,0,,,[],0.1010446548461914,0.050462961196899414,0.05048108100891113,0.05673551559448242,0.0007174015045166016
20250723_235127_079,-56,NO_RADIO,63,45.0,19.95650397894309,-82.7091049194336,-82.7091049194336,0.10221648216247559,0.10233688354492188,63,,CenterFallback,1,32,0,,,[],0.10190701484680176,0.05047273635864258,0.05052638053894043,0.00041556358337402344,0.0008668899536132812
20250723_235127_286,-56,NO_RADIO,63,45.0,20.121883114119683,-82.61213417053223,-82.61213417053223,0.10107755661010742,0.1591486930847168,63,,CenterFallback,1,32,0,,,[],0.10059428215026855,0.0505528450012207,0.050501108169555664,0.05679893493652344,0.0011374950408935547
20250723_235127_548,-56,NO_RADIO,63,45.0,19.83322124969925,-82.76197090148926,-82.76197090148926,0.1011955738067627,0.10214948654174805,63,,CenterFallback,1,32,0,,,[],0.10072159767150879,0.0505068302154541,0.05050468444824219,0.00043082237243652344,0.0006616115570068359
20250723_235127_753,-56,63,63,45.0,20.037602756402435,-82.48899993896484,-82.48899993896484,0.10093235969543457,0.15863752365112305,63,63,YOLO,1,32,0,20.037602756402435,0,[],0.10059785842895508,0.05058932304382324,0.05057883262634277,0.05674409866333008,0.0007178783416748047
20250723_235128_014,-56,NO_RADIO,63,45.0,20.081120906013837,-82.62673950195312,-82.62673950195312,0.10110926628112793,0.10222601890563965,63,,CenterFallback,1,32,0,,,[],0.10075592994689941,0.050545692443847656,0.05047297477722168,0.0004229545593261719,0.0007348060607910156
20250723_235128_219,-56,NO_RADIO,63,45.0,20.315335373119723,-82.38017654418945,-82.38017654418945,0.09677696228027344,0.15854263305664062,63,,CenterFallback,1,32,0,,,[],0.09643912315368652,0.050537824630737305,0.05050039291381836,0.056764841079711914,0.0006821155548095703
20250723_235128_476,-56,63,63,45.0,20.19956083723534,-82.52346115112304,-82.52346115112304,0.10034966468811035,0.10211944580078125,63,63,YOLO,1,32,0,20.19956083723534,0,[],0.09998774528503418,0.0505368709564209,0.05049872398376465,0.00040149688720703125,0.0006756782531738281
20250723_235128_680,-56,63,63,45.0,20.28860865781209,-82.42444877624511,-82.42444877624511,0.10319924354553223,0.15849995613098145,63,63,YOLO,1,32,0,20.28860865781209,0,[],0.10282683372497559,0.05051612854003906,0.05048632621765137,0.05678582191467285,0.0007009506225585938
20250723_235128_944,-56,NO_RADIO,63,45.0,20.401318521882004,-82.27513847351074,-82.27513847351074,0.10007143020629883,0.10195469856262207,63,,CenterFallback,1,32,0,,,[],0.09972882270812988,0.05045962333679199,0.050447702407836914,0.00037384033203125,0.0006363391876220703
20250723_235129_147,-56,NO_RADIO,63,45.0,19.885554226392003,-82.776611328125,-82.776611328125,0.09898996353149414,0.15839815139770508,63,,CenterFallback,1,32,0,,,[],0.09865331649780273,0.050451040267944336,0.05053591728210449,0.0567324161529541,0.0006248950958251953
20250723_235129_406,-56,NO_RADIO,63,45.0,20.035782637437748,-82.64356231689453,-82.64356231689453,0.10276532173156738,0.10207295417785645,63,,CenterFallback,1,32,0,,,[],0.1024470329284668,0.050473928451538086,0.05048656463623047,0.0004096031188964844,0.0006642341613769531
20250723_235129_613,-55,NO_RADIO,63,45.0,20.1498198279632,-82.51483154296875,-82.51483154296875,0.10039710998535156,0.15868139266967773,63,,CenterFallback,1,32,0,,,[],0.10002303123474121,0.050473690032958984,0.05044722557067871,0.05673694610595703,0.0009517669677734375
20250723_235129_874,-55,NO_RADIO,63,45.0,21.429511336601394,-81.37921905517578,-81.37921905517578,0.10122084617614746,0.10213232040405273,63,,CenterFallback,1,32,0,,,[],0.10085487365722656,0.05052757263183594,0.05049633979797363,0.0004031658172607422,0.0006704330444335938
20250723_235130_079,-55,NO_RADIO,63,45.0,21.04899418018387,-81.63665733337402,-81.63665733337402,0.10030722618103027,0.15883135795593262,63,,CenterFallback,1,32,0,,,[],0.09994769096374512,0.05054831504821777,0.050505876541137695,0.05676150321960449,0.0009486675262451172
20250723_235130_340,-55,NO_RADIO,63,45.0,20.80240975247385,-81.95234489440918,-81.95234489440918,0.1027381420135498,0.1021575927734375,63,,CenterFallback,1,32,0,,,[],0.10229158401489258,0.050521135330200195,0.05051469802856445,0.00039887428283691406,0.0006830692291259766
20250723_235130_546,-55,NO_RADIO,63,45.0,21.327018534695142,-81.38664741516114,-81.38664741516114,0.10004091262817383,0.1584184169769287,63,,CenterFallback,1,32,0,,,[],0.09968185424804688,0.05042219161987305,0.05045747756958008,0.05678200721740723,0.0007073879241943359
20250723_235130_806,-55,NO_RADIO,63,45.0,20.940237254159797,-81.67873001098633,-81.67873001098633,0.10233426094055176,0.10198783874511719,63,,CenterFallback,1,32,0,,,[],0.10199451446533203,0.05045962333679199,0.050446271896362305,0.000392913818359375,0.0006527900695800781
20250723_235131_012,-55,NO_RADIO,63,45.0,21.269370843417818,-81.39562110900879,-81.39562110900879,0.10143756866455078,0.15836048126220703,63,,CenterFallback,1,32,0,,,[],0.10107040405273438,0.05044960975646973,0.05044674873352051,0.05674314498901367,0.0006694793701171875
20250723_235131_274,-55,NO_RADIO,63,45.0,21.186882275147255,-81.40004997253418,-81.40004997253418,0.10098052024841309,0.10209918022155762,63,,CenterFallback,1,32,0,,,[],0.10064148902893066,0.05046391487121582,0.05047726631164551,0.0004062652587890625,0.0007135868072509766
20250723_235131_478,-55,NO_RADIO,63,45.0,21.48037695930232,-81.26230087280274,-81.26230087280274,0.1003262996673584,0.15842676162719727,63,,CenterFallback,1,32,0,,,[],0.10003232955932617,0.050475358963012695,0.050460100173950195,0.05675315856933594,0.0006885528564453125
20250723_235131_739,-55,NO_RADIO,63,45.0,21.198467990331466,-81.26713714599609,-81.26713714599609,0.10184621810913086,0.10212254524230957,63,,CenterFallback,1,32,0,,,[],0.10154151916503906,0.05048680305480957,0.05051755905151367,0.0004012584686279297,0.0006778240203857422
20250723_235131_944,-55,NO_RADIO,63,45.0,20.9720867695964,-81.77413864135742,-81.77413864135742,0.10174131393432617,0.15851616859436035,63,,CenterFallback,1,32,0,,,[],0.10142159461975098,0.050510406494140625,0.05049848556518555,0.05677628517150879,0.00067901611328125
20250723_235132_206,-55,NO_RADIO,63,45.0,20.9581478024253,-81.55918884277344,-81.55918884277344,0.10163402557373047,0.10202980041503906,63,,CenterFallback,1,32,0,,,[],0.10130620002746582,0.050466299057006836,0.050482988357543945,0.00040221214294433594,0.000644683837890625
20250723_235132_411,-55,NO_RADIO,63,45.0,21.3172726861317,-81.2468048095703,-81.2468048095703,0.10082578659057617,0.15839624404907227,63,,CenterFallback,1,32,0,,,[],0.10053324699401855,0.050440311431884766,0.05048799514770508,0.05678606033325195,0.0006330013275146484
20250723_235132_672,-55,NO_RADIO,63,45.0,21.339936812911006,-81.28743133544921,-81.28743133544921,0.1006169319152832,0.10202741622924805,63,,CenterFallback,1,32,0,,,[],0.10025548934936523,0.05045652389526367,0.05046701431274414,0.00040602684020996094,0.0006597042083740234
20250723_235132_877,-55,63,63,45.0,21.20114621166111,-81.41659622192383,-81.41659622192383,0.10773682594299316,0.15840744972229004,63,63,YOLO,1,32,0,21.20114621166111,0,[],0.10726332664489746,0.05042529106140137,0.05049276351928711,0.05678534507751465,0.0006971359252929688
20250723_235133_144,-55,NO_RADIO,63,45.0,21.103623993417585,-81.53736877441406,-81.53736877441406,0.10119509696960449,0.1019585132598877,63,,CenterFallback,1,32,0,,,[],0.10084414482116699,0.050466060638427734,0.05044078826904297,0.0003757476806640625,0.0006392002105712891
20250723_235133_349,-55,NO_RADIO,63,45.0,21.355079547016103,-81.22183876037597,-81.22183876037597,0.09642958641052246,0.15849661827087402,63,,CenterFallback,1,32,0,,,[],0.09612393379211426,0.05051469802856445,0.05049490928649902,0.05674147605895996,0.00069427490234375
20250723_235133_606,-55,NO_RADIO,63,45.0,21.418101395792974,-81.34993743896484,-81.34993743896484,0.0986487865447998,0.10200858116149902,63,,CenterFallback,1,32,0,,,[],0.09830570220947266,0.050469160079956055,0.05043435096740723,0.0003991127014160156,0.0006682872772216797
20250723_235133_808,-54,NO_RADIO,63,45.0,22.34460038852643,-80.39559173583984,-80.39559173583984,0.10094428062438965,0.15834712982177734,63,,CenterFallback,1,32,0,,,[],0.10063362121582031,0.0504450798034668,0.050450801849365234,0.05673623085021973,0.0006611347198486328
20250723_235134_069,-54,NO_RADIO,63,45.0,22.383577014977007,-80.39983177185059,-80.39983177185059,0.10159134864807129,0.10210251808166504,63,,CenterFallback,1,32,0,,,[],0.10127568244934082,0.050534725189208984,0.05045294761657715,0.00039696693420410156,0.0006766319274902344
20250723_235134_274,-54,NO_RADIO,63,45.0,22.303274291813594,-80.38222923278809,-80.38222923278809,0.10058093070983887,0.1584165096282959,63,,CenterFallback,1,32,0,,,[],0.10022783279418945,0.05044388771057129,0.050455331802368164,0.05673980712890625,0.0007226467132568359
20250723_235134_535,-54,NO_RADIO,63,45.0,22.212026366655536,-80.40833358764648,-80.40833358764648,0.10092353820800781,0.10203671455383301,63,,CenterFallback,1,32,0,,,[],0.10061764717102051,0.0504915714263916,0.05045008659362793,0.000400543212890625,0.0006604194641113281
20250723_235134_739,-54,NO_RADIO,63,45.0,21.933442320089597,-80.6766372680664,-80.6766372680664,0.10098910331726074,0.15830659866333008,63,,CenterFallback,1,32,0,,,[],0.1006779670715332,0.05041790008544922,0.050441741943359375,0.056740522384643555,0.000652313232421875
20250723_235135_000,-54,NO_RADIO,63,45.0,22.23800546601396,-80.54193878173828,-80.54193878173828,0.10054874420166016,0.10200881958007812,63,,CenterFallback,1,32,0,,,[],0.10019087791442871,0.0504910945892334,0.05045914649963379,0.0003981590270996094,0.0006308555603027344
20250723_235135_204,-54,NO_RADIO,63,45.0,21.876227027017734,-80.64285240173339,-80.64285240173339,0.1010284423828125,0.15843987464904785,63,,CenterFallback,1,32,0,,,[],0.10070252418518066,0.0504457950592041,0.05046701431274414,0.056786298751831055,0.000690460205078125
20250723_235135_465,-54,NO_RADIO,63,45.0,21.923251511192746,-80.78290100097657,-80.78290100097657,0.10236263275146484,0.10203814506530762,63,,CenterFallback,1,32,0,,,[],0.10208654403686523,0.050444841384887695,0.05045771598815918,0.00041413307189941406,0.000682830810546875
20250723_235135_671,-54,NO_RADIO,63,45.0,22.25764286697904,-80.44608306884766,-80.44608306884766,0.1011199951171875,0.15831589698791504,63,,CenterFallback,1,32,0,,,[],0.10078740119934082,0.05044102668762207,0.05047774314880371,0.05669879913330078,0.0006465911865234375
20250723_235135_932,-54,NO_RADIO,63,45.0,22.17517041286027,-80.35805625915528,-80.35805625915528,0.10234427452087402,0.10212016105651855,63,,CenterFallback,1,32,0,,,[],0.1020345687866211,0.05048823356628418,0.05045318603515625,0.00040411949157714844,0.0007309913635253906
20250723_235136_138,-54,NO_RADIO,63,45.0,22.268667736719166,-80.50352020263672,-80.50352020263672,0.09599566459655762,0.15843653678894043,63,,CenterFallback,1,32,0,,,[],0.09566926956176758,0.050460100173950195,0.05046224594116211,0.05673694610595703,0.0007224082946777344
20250723_235136_394,-54,NO_RADIO,63,45.0,22.065921457331527,-80.68121948242188,-80.68121948242188,0.09807085990905762,0.10202336311340332,63,,CenterFallback,1,32,0,,,[],0.09771227836608887,0.05048012733459473,0.05045294761657715,0.0003993511199951172,0.0006551742553710938
20250723_235136_596,-54,NO_RADIO,63,45.0,22.24363516951439,-80.57221832275391,-80.57221832275391,0.10064148902893066,0.15840387344360352,63,,CenterFallback,1,32,0,,,[],0.10038065910339355,0.050462961196899414,0.05047893524169922,0.05674171447753906,0.000667572021484375
20250723_235136_857,-54,NO_RADIO,63,45.0,22.193956005496958,-80.49032592773438,-80.49032592773438,0.1011664867401123,0.10204958915710449,63,,CenterFallback,1,32,0,,,[],0.10084700584411621,0.05047440528869629,0.05046892166137695,0.0003991127014160156,0.0006706714630126953
20250723_235137_062,-54,NO_RADIO,63,45.0,22.37572507032891,-80.2929515838623,-80.2929515838623,0.10141110420227051,0.15841960906982422,63,,CenterFallback,1,32,0,,,[],0.10104584693908691,0.050438880920410156,0.05048775672912598,0.05676460266113281,0.0006697177886962891
20250723_235137_323,-54,NO_RADIO,63,45.0,22.228077588605757,-80.34232101440429,-80.34232101440429,0.10480117797851562,0.10206437110900879,63,,CenterFallback,1,32,0,,,[],0.10445356369018555,0.05051612854003906,0.05044269561767578,0.0004143714904785156,0.0006554126739501953
20250723_235137_532,-54,NO_RADIO,63,45.0,21.86047986039337,-80.72980880737305,-80.72980880737305,0.10156750679016113,0.15843462944030762,63,,CenterFallback,1,32,0,,,[],0.10122442245483398,0.0504610538482666,0.05048322677612305,0.056777000427246094,0.0006594657897949219
20250723_235137_793,-53,NO_RADIO,63,45.0,21.86615863827079,-80.81036186218262,-80.81036186218262,0.10155391693115234,0.10202836990356445,63,,CenterFallback,1,32,0,,,[],0.10124611854553223,0.05044436454772949,0.050463199615478516,0.0003960132598876953,0.0006916522979736328
20250723_235137_999,-53,NO_RADIO,63,45.0,22.97180522651705,-79.65361824035645,-79.65361824035645,0.10148859024047852,0.1584787368774414,63,,CenterFallback,1,32,0,,,[],0.10116410255432129,0.05047154426574707,0.05047750473022461,0.056781768798828125,0.0006937980651855469
20250723_235138_260,-53,NO_RADIO,63,45.0,22.92510106027727,-79.71503257751465,-79.71503257751465,0.09910058975219727,0.10200238227844238,63,,CenterFallback,1,32,0,,,[],0.09881830215454102,0.05046391487121582,0.050470829010009766,0.0004062652587890625,0.0006258487701416016
20250723_235138_463,-53,NO_RADIO,63,45.0,22.775443482561826,-79.85833854675293,-79.85833854675293,0.1010122299194336,0.15838003158569336,63,,CenterFallback,1,32,0,,,[],0.10064935684204102,0.050493717193603516,0.05047798156738281,0.05670571327209473,0.0006451606750488281
20250723_235138_724,-53,NO_RADIO,63,45.0,22.909293914728508,-79.68395538330078,-79.68395538330078,0.09995269775390625,0.10207557678222656,63,,CenterFallback,1,32,0,,,[],0.09959244728088379,0.05047416687011719,0.05045032501220703,0.00040793418884277344,0.0007033348083496094
20250723_235138_927,-53,63,63,45.0,22.85458693876201,-79.70649871826171,-79.70649871826171,0.10161495208740234,0.15846657752990723,63,63,YOLO,1,32,0,22.85458693876201,0,[],0.10128521919250488,0.050463199615478516,0.05048942565917969,0.05678749084472656,0.0007197856903076172
20250723_235139_189,-53,NO_RADIO,63,45.0,22.8655060352188,-79.77597045898438,-79.77597045898438,0.09748268127441406,0.10213875770568848,63,,CenterFallback,1,32,0,,,[],0.09712767601013184,0.0504755973815918,0.05045771598815918,0.0004191398620605469,0.0007467269897460938
20250723_235139_391,-53,NO_RADIO,63,45.0,22.58956719342659,-80.12738800048828,-80.12738800048828,0.09671473503112793,0.15849041938781738,63,,CenterFallback,1,32,0,,,[],0.09640240669250488,0.050482749938964844,0.05047416687011719,0.056807518005371094,0.0006740093231201172
20250723_235139_647,-53,NO_RADIO,63,45.0,22.623143132474482,-80.0359100341797,-80.0359100341797,0.09890627861022949,0.10206723213195801,63,,CenterFallback,1,32,0,,,[],0.09858250617980957,0.05045795440673828,0.0504915714263916,0.0003991127014160156,0.0006799697875976562
20250723_235139_850,-53,NO_RADIO,63,45.0,22.57757842255795,-79.98953132629394,-79.98953132629394,0.10152602195739746,0.158339262008667,63,,CenterFallback,1,32,0,,,[],0.10117530822753906,0.050440311431884766,0.050452232360839844,0.05674242973327637,0.0006496906280517578
20250723_235140_111,-53,63,63,45.0,22.5329547699954,-80.03872833251953,-80.03872833251953,0.10161590576171875,0.10202860832214355,63,63,YOLO,1,32,0,22.5329547699954,0,[],0.10127019882202148,0.05047273635864258,0.05049395561218262,0.00040459632873535156,0.0006506443023681641
20250723_235140_317,-53,NO_RADIO,63,45.0,22.492289245283104,-80.10228729248047,-80.10228729248047,0.10137581825256348,0.15847349166870117,63,,CenterFallback,1,32,0,,,[],0.10107564926147461,0.05043983459472656,0.05047273635864258,0.05684208869934082,0.0006668567657470703
20250723_235140_578,-53,63,63,45.0,22.730267794282014,-79.90631942749023,-79.90631942749023,0.10330557823181152,0.10200691223144531,63,63,YOLO,1,32,0,22.730267794282014,0,[],0.10296154022216797,0.05049848556518555,0.05041217803955078,0.00039839744567871094,0.0006933212280273438
20250723_235140_785,-53,NO_RADIO,63,45.0,22.494482054933613,-80.14782829284668,-80.14782829284668,0.10030579566955566,0.1584315299987793,63,,CenterFallback,1,32,0,,,[],0.09998536109924316,0.05046510696411133,0.0504612922668457,0.05676889419555664,0.0006742477416992188
20250723_235141_046,-53,63,63,45.0,22.649360858179733,-80.06051788330078,-80.06051788330078,0.10639214515686035,0.10199999809265137,63,63,YOLO,1,32,0,22.649360858179733,0,[],0.10602879524230957,0.050472259521484375,0.0504758358001709,0.0003948211669921875,0.0006508827209472656
20250723_235141_256,-53,63,63,45.0,22.47471296384883,-80.1694839477539,-80.1694839477539,0.09903550148010254,0.15834617614746094,63,63,YOLO,1,32,0,22.47471296384883,0,[],0.09873008728027344,0.050445556640625,0.050476789474487305,0.05671191215515137,0.0007047653198242188
20250723_235141_515,-53,NO_RADIO,63,45.0,22.45334502263583,-80.0895824432373,-80.0895824432373,0.10003376007080078,0.10206317901611328,63,,CenterFallback,1,32,0,,,[],0.09968447685241699,0.05046367645263672,0.0504763126373291,0.0003960132598876953,0.0006756782531738281
20250723_235141_718,-52,NO_RADIO,63,45.0,23.113687826691603,-79.53556900024414,-79.53556900024414,0.0998234748840332,0.15844011306762695,63,,CenterFallback,1,32,0,,,[],0.09949445724487305,0.05045127868652344,0.05046653747558594,0.056793212890625,0.0006716251373291016
20250723_235141_978,-52,NO_RADIO,63,45.0,23.23421838148056,-79.28060531616211,-79.28060531616211,0.10100364685058594,0.10206294059753418,63,,CenterFallback,1,32,0,,,[],0.10069513320922852,0.0504608154296875,0.05050778388977051,0.0004169940948486328,0.0006411075592041016
20250723_235142_183,-52,NO_RADIO,63,45.0,23.317821364595744,-79.36746253967286,-79.36746253967286,0.10049104690551758,0.15842938423156738,63,,CenterFallback,1,32,0,,,[],0.10016322135925293,0.05046796798706055,0.05049896240234375,0.05676579475402832,0.0006456375122070312
20250723_235142_443,-52,NO_RADIO,63,45.0,23.495851538238426,-79.13786277770996,-79.13786277770996,0.08832979202270508,0.10207509994506836,63,,CenterFallback,1,32,0,,,[],0.08798432350158691,0.05049276351928711,0.050519466400146484,0.00039196014404296875,0.0006358623504638672
20250723_235142_635,-52,NO_RADIO,63,45.0,23.140030457719703,-79.51780700683594,-79.51780700683594,0.10047531127929688,0.15843653678894043,63,,CenterFallback,1,32,0,,,[],0.10012698173522949,0.05046677589416504,0.05045509338378906,0.05673050880432129,0.0007302761077880859
20250723_235142_896,-52,NO_RADIO,63,45.0,23.258501628873034,-79.37416152954101,-79.37416152954101,0.10091423988342285,0.10206460952758789,63,,CenterFallback,1,32,0,,,[],0.10059952735900879,0.05049252510070801,0.05045032501220703,0.00043129920959472656,0.0006477832794189453
20250723_235143_100,-52,NO_RADIO,63,45.0,23.42022187361154,-79.1879264831543,-79.1879264831543,0.09960198402404785,0.1587519645690918,63,,CenterFallback,1,32,0,,,[],0.09929823875427246,0.05048060417175293,0.05047321319580078,0.056793212890625,0.0009429454803466797
20250723_235143_361,-52,63,63,45.0,23.442546115364124,-79.29174880981445,-79.29174880981445,0.10349798202514648,0.10196685791015625,63,63,YOLO,1,32,0,23.442546115364124,0,[],0.10317325592041016,0.05048871040344238,0.05042076110839844,0.0003879070281982422,0.0006635189056396484
20250723_235143_568,-52,NO_RADIO,63,45.0,22.973713665978508,-79.68102264404297,-79.68102264404297,0.10152363777160645,0.15838932991027832,63,,CenterFallback,1,32,0,,,[],0.10120129585266113,0.05048537254333496,0.050463199615478516,0.0567469596862793,0.0006442070007324219
20250723_235143_829,-52,NO_RADIO,63,45.0,22.881620109912078,-79.81468849182129,-79.81468849182129,0.10155677795410156,0.10205554962158203,63,,CenterFallback,1,32,0,,,[],0.10118484497070312,0.05048966407775879,0.050467729568481445,0.0004010200500488281,0.0006611347198486328
20250723_235144_035,-52,NO_RADIO,63,45.0,23.392778117291414,-79.36965675354004,-79.36965675354004,0.10173773765563965,0.1583573818206787,63,,CenterFallback,1,32,0,,,[],0.10144305229187012,0.05042552947998047,0.050489187240600586,0.05673098564147949,0.0006604194641113281
20250723_235144_296,-52,NO_RADIO,63,45.0,23.43188569643091,-79.30865173339843,-79.30865173339843,0.10150671005249023,0.10205936431884766,63,,CenterFallback,1,32,0,,,[],0.10116195678710938,0.05047941207885742,0.05047917366027832,0.0004057884216308594,0.0006532669067382812
20250723_235144_501,-52,NO_RADIO,63,45.0,23.429937276918224,-79.31919441223145,-79.31919441223145,0.09997010231018066,0.15834736824035645,63,,CenterFallback,1,32,0,,,[],0.09965729713439941,0.05047750473022461,0.050440073013305664,0.05672621726989746,0.0006504058837890625
20250723_235144_761,-52,NO_RADIO,63,45.0,23.405430238528808,-79.35888862609863,-79.35888862609863,0.0983436107635498,0.10208272933959961,63,,CenterFallback,1,32,0,,,[],0.09802770614624023,0.05049300193786621,0.0505218505859375,0.00039839744567871094,0.00063323974609375
20250723_235144_964,-52,NO_RADIO,63,45.0,23.086547203035607,-79.57210083007813,-79.57210083007813,0.10332322120666504,0.15839743614196777,63,,CenterFallback,1,32,0,,,[],0.10300230979919434,0.05047130584716797,0.05044078826904297,0.05674862861633301,0.0006840229034423828
20250723_235145_227,-52,NO_RADIO,63,45.0,23.056365974833724,-79.69880485534668,-79.69880485534668,0.10208749771118164,0.10201263427734375,63,,CenterFallback,1,32,0,,,[],0.10176682472229004,0.05046510696411133,0.050464630126953125,0.000400543212890625,0.0006444454193115234
20250723_235145_433,-52,NO_RADIO,63,45.0,22.995258139856787,-79.68395538330078,-79.68395538330078,0.09871840476989746,0.15842270851135254,63,,CenterFallback,1,32,0,,,[],0.09836435317993164,0.050482749938964844,0.05045485496520996,0.05677390098571777,0.000659942626953125
20250723_235145_691,-51,NO_RADIO,63,45.0,23.108774792737123,-79.4396858215332,-79.4396858215332,0.10230016708374023,0.10207200050354004,63,,CenterFallback,1,32,0,,,[],0.10199189186096191,0.050476789474487305,0.0504908561706543,0.00040268898010253906,0.0006606578826904297
20250723_235145_897,-51,NO_RADIO,63,45.0,23.427838933459583,-79.12057304382324,-79.12057304382324,0.10134387016296387,0.15843462944030762,63,,CenterFallback,1,32,0,,,[],0.10103440284729004,0.0504755973815918,0.0504763126373291,0.05671811103820801,0.0007116794586181641
20250723_235146_159,-51,NO_RADIO,63,45.0,23.615055929291216,-78.98283729553222,-78.98283729553222,0.10068273544311523,0.10209131240844727,63,,CenterFallback,1,32,0,,,[],0.10033845901489258,0.05045366287231445,0.050490617752075195,0.00040912628173828125,0.0006887912750244141
20250723_235146_364,-51,NO_RADIO,63,45.0,23.794544077659623,-78.81412048339844,-78.81412048339844,0.10043907165527344,0.15844011306762695,63,,CenterFallback,1,32,0,,,[],0.10007262229919434,0.05046486854553223,0.05045890808105469,0.05675530433654785,0.0007009506225585938
20250723_235146_624,-51,NO_RADIO,63,45.0,23.77694695535662,-78.84952926635742,-78.84952926635742,0.10282039642333984,0.10220050811767578,63,,CenterFallback,1,32,0,,,[],0.10248303413391113,0.05046367645263672,0.05048942565917969,0.0003955364227294922,0.0008082389831542969
20250723_235146_831,-51,NO_RADIO,63,45.0,23.83692806485766,-78.79331970214844,-78.79331970214844,0.0977027416229248,0.15839028358459473,63,,CenterFallback,1,32,0,,,[],0.09736323356628418,0.050452232360839844,0.05045127868652344,0.05674242973327637,0.0006935596466064453
20250723_235147_089,-51,NO_RADIO,63,45.0,23.978074596553782,-78.79366607666016,-78.79366607666016,0.10159969329833984,0.10210299491882324,63,,CenterFallback,1,32,0,,,[],0.10123729705810547,0.05047345161437988,0.050513505935668945,0.0003979206085205078,0.0006833076477050781
20250723_235147_294,-51,NO_RADIO,63,45.0,23.79265416722822,-78.7883804321289,-78.7883804321289,0.10135293006896973,0.1584184169769287,63,,CenterFallback,1,32,0,,,[],0.1009824275970459,0.05044364929199219,0.0504763126373291,0.056751251220703125,0.0006933212280273438
20250723_235147_556,-51,NO_RADIO,63,45.0,23.765291881971876,-78.79706382751465,-78.79706382751465,0.10076141357421875,0.10202527046203613,63,,CenterFallback,1,32,0,,,[],0.10040616989135742,0.05048036575317383,0.0504755973815918,0.0003979206085205078,0.00063323974609375
20250723_235147_760,-51,NO_RADIO,63,45.0,23.567832577788295,-79.17105484008789,-79.17105484008789,0.10146212577819824,0.15842247009277344,63,,CenterFallback,1,32,0,,,[],0.10112380981445312,0.05050539970397949,0.05045938491821289,0.05673503875732422,0.0006556510925292969
20250723_235148_022,-51,NO_RADIO,63,45.0,23.687204783894572,-79.0119800567627,-79.0119800567627,0.10223007202148438,0.10201239585876465,63,,CenterFallback,1,32,0,,,[],0.10191082954406738,0.05049252510070801,0.05045723915100098,0.0003819465637207031,0.0006442070007324219
20250723_235148_227,-51,NO_RADIO,63,45.0,23.617741704490868,-78.98718719482422,-78.98718719482422,0.09166908264160156,0.1584174633026123,63,,CenterFallback,1,32,0,,,[],0.0913705825805664,0.05047965049743652,0.050484418869018555,0.05672192573547363,0.0006792545318603516
20250723_235148_479,-51,NO_RADIO,63,45.0,23.5990739369893,-79.10085868835449,-79.10085868835449,0.09876823425292969,0.10196661949157715,63,,CenterFallback,1,32,0,,,[],0.09840583801269531,0.05046224594116211,0.050444602966308594,0.000400543212890625,0.0006260871887207031
20250723_235148_681,-51,NO_RADIO,63,45.0,23.882150044133255,-78.67506980895996,-78.67506980895996,0.09705114364624023,0.15834450721740723,63,,CenterFallback,1,32,0,,,[],0.09671807289123535,0.05043458938598633,0.05043435096740723,0.056711435317993164,0.0007145404815673828
20250723_235148_938,-51,NO_RADIO,63,45.0,23.884047248927118,-78.83104705810547,-78.83104705810547,0.09907793998718262,0.10201239585876465,63,,CenterFallback,1,32,0,,,[],0.09874224662780762,0.05047345161437988,0.05045914649963379,0.0003993511199951172,0.0006430149078369141
20250723_235149_141,-51,NO_RADIO,63,45.0,23.81982375917093,-78.96113395690918,-78.96113395690918,0.10161447525024414,0.15839004516601562,63,,CenterFallback,1,32,0,,,[],0.10130882263183594,0.050466299057006836,0.05040717124938965,0.05675673484802246,0.0007081031799316406
20250723_235149_403,-51,NO_RADIO,63,45.0,23.888348012398268,-78.7724220275879,-78.7724220275879,0.10181999206542969,0.10210990905761719,63,,CenterFallback,1,32,0,,,[],0.10151553153991699,0.05051159858703613,0.050498008728027344,0.0003998279571533203,0.0006647109985351562
20250723_235149_608,-50,NO_RADIO,63,45.0,23.759058368630377,-78.93415298461915,-78.93415298461915,0.10103821754455566,0.1584174633026123,63,,CenterFallback,1,32,0,,,[],0.10073995590209961,0.05044388771057129,0.05045795440673828,0.05674624443054199,0.0007021427154541016
20250723_235149_870,-50,NO_RADIO,63,45.0,23.882610115670275,-78.7046745300293,-78.7046745300293,0.1010279655456543,0.10202741622924805,63,,CenterFallback,1,32,0,,,[],0.10068368911743164,0.05045056343078613,0.05048179626464844,0.0004134178161621094,0.0006356239318847656
20250723_235150_074,-50,NO_RADIO,63,45.0,24.116632833209437,-78.4951602935791,-78.4951602935791,0.10071134567260742,0.15846753120422363,63,,CenterFallback,1,32,0,,,[],0.10044312477111816,0.05047941207885742,0.05044913291931152,0.05680084228515625,0.0006849765777587891
20250723_235150_335,-50,NO_RADIO,63,45.0,24.274302266329343,-78.45605125427247,-78.45605125427247,0.10141754150390625,0.1021430492401123,63,,CenterFallback,1,32,0,,,[],0.10110855102539062,0.050499677658081055,0.05052042007446289,0.00039458274841308594,0.0006968975067138672
20250723_235150_540,-50,NO_RADIO,63,45.0,24.098675477197546,-78.4951602935791,-78.4951602935791,0.10286450386047363,0.1583859920501709,63,,CenterFallback,1,32,0,,,[],0.10252976417541504,0.05046725273132324,0.05047941207885742,0.056719303131103516,0.0006673336029052734
20250723_235150_803,-50,63,63,45.0,23.921054329972932,-78.66367530822754,-78.66367530822754,0.10144448280334473,0.10196280479431152,63,63,YOLO,1,32,0,23.921054329972932,0,[],0.10113525390625,0.0504763126373291,0.050457000732421875,0.0003993511199951172,0.0006239414215087891
20250723_235151_008,-50,NO_RADIO,63,45.0,24.331415538686954,-78.23569068908691,-78.23569068908691,0.10195517539978027,0.15844249725341797,63,,CenterFallback,1,32,0,,,[],0.10162830352783203,0.05045127868652344,0.05046796798706055,0.056772470474243164,0.0006961822509765625
20250723_235151_270,-50,NO_RADIO,63,45.0,24.308875214080146,-78.41788825988769,-78.41788825988769,0.09211969375610352,0.1021420955657959,63,,CenterFallback,1,32,0,,,[],0.09179329872131348,0.05053091049194336,0.050513505935668945,0.0004057884216308594,0.0006537437438964844
20250723_235151_466,-50,NO_RADIO,63,45.0,24.0232823422902,-78.58697509765625,-78.58697509765625,0.1010751724243164,0.15838837623596191,63,,CenterFallback,1,32,0,,,[],0.10073518753051758,0.05047297477722168,0.050450801849365234,0.05672955513000488,0.0006821155548095703
20250723_235151_727,-50,NO_RADIO,63,45.0,24.11466263846357,-78.51620483398438,-78.51620483398438,0.10064864158630371,0.10206460952758789,63,,CenterFallback,1,32,0,,,[],0.10035991668701172,0.05049300193786621,0.05047798156738281,0.0004038810729980469,0.0006437301635742188
20250723_235151_931,-50,NO_RADIO,63,45.0,24.442568159682722,-78.23013114929199,-78.23013114929199,0.1014719009399414,0.1585233211517334,63,,CenterFallback,1,32,0,,,[],0.10113668441772461,0.050462961196899414,0.0505523681640625,0.05679631233215332,0.0006585121154785156
20250723_235152_193,-50,NO_RADIO,63,45.0,24.34265461100398,-78.30145225524902,-78.30145225524902,0.10219502449035645,0.10203266143798828,63,,CenterFallback,1,32,0,,,[],0.10191464424133301,0.05047035217285156,0.05045628547668457,0.0004036426544189453,0.0006551742553710938
20250723_235152_399,-50,NO_RADIO,63,45.0,23.97099244050638,-78.57522583007812,-78.57522583007812,0.10109305381774902,0.15846681594848633,63,,CenterFallback,1,32,0,,,[],0.1007850170135498,0.050493717193603516,0.05048966407775879,0.05674266815185547,0.000690460205078125
20250723_235152_660,-50,63,63,45.0,24.0465470419619,-78.5803237915039,-78.5803237915039,0.10236907005310059,0.10209274291992188,63,63,YOLO,1,32,0,24.0465470419619,0,[],0.10205602645874023,0.05045962333679199,0.0504910945892334,0.0004322528839111328,0.0007038116455078125
20250723_235152_866,-50,63,63,45.0,24.037285742655868,-78.50889625549317,-78.50889625549317,0.10021424293518066,0.15832138061523438,63,63,YOLO,1,32,0,24.037285742655868,0,[],0.09985542297363281,0.050445556640625,0.05047202110290527,0.056732892990112305,0.0006649494171142578
20250723_235153_126,-50,63,63,45.0,23.97870434119244,-78.61816596984863,-78.61816596984863,0.10170221328735352,0.10197186470031738,63,63,YOLO,1,32,0,23.97870434119244,0,[],0.10135960578918457,0.05046582221984863,0.0504612922668457,0.0003993511199951172,0.0006399154663085938
20250723_235153_332,-50,NO_RADIO,63,45.0,24.12952605485593,-78.37382507324219,-78.37382507324219,0.09943962097167969,0.1583867073059082,63,,CenterFallback,1,32,0,,,[],0.09906959533691406,0.05046892166137695,0.050451040267944336,0.05674481391906738,0.00067138671875
20250723_235153_591,-50,63,63,45.0,24.07274875371847,-78.54102897644043,-78.54102897644043,0.10326480865478516,0.10198855400085449,63,63,YOLO,1,32,0,24.07274875371847,0,[],0.10294628143310547,0.050464630126953125,0.05045890808105469,0.0003979206085205078,0.0006611347198486328
20250723_235153_798,-49,NO_RADIO,63,45.0,24.018764137626306,-78.55692291259766,-78.55692291259766,0.10098099708557129,0.15860319137573242,63,,CenterFallback,1,32,0,,,[],0.10067343711853027,0.05049300193786621,0.05043959617614746,0.05678057670593262,0.0008313655853271484
20250723_235154_059,-49,NO_RADIO,63,45.0,23.926467507730067,-78.60739860534667,-78.60739860534667,0.10277009010314941,0.10225367546081543,63,,CenterFallback,1,32,0,,,[],0.10237455368041992,0.050502777099609375,0.050574541091918945,0.0004162788391113281,0.0007107257843017578
20250723_235154_266,-49,NO_RADIO,63,45.0,24.11316164393149,-78.50914840698242,-78.50914840698242,0.10065507888793945,0.15849542617797852,63,,CenterFallback,1,32,0,,,[],0.10028219223022461,0.05046224594116211,0.050490379333496094,0.056761741638183594,0.0007264614105224609
20250723_235154_527,-49,63,63,45.0,24.196409763596066,-78.37102508544922,-78.37102508544922,0.1035470962524414,0.1021728515625,63,63,YOLO,1,32,0,24.196409763596066,0,[],0.10312795639038086,0.05050373077392578,0.0505216121673584,0.00042629241943359375,0.0007154941558837891
20250723_235154_734,-49,NO_RADIO,63,45.0,24.349972461789164,-78.37018661499023,-78.37018661499023,0.09945321083068848,0.15871357917785645,63,,CenterFallback,1,32,0,,,[],0.09911680221557617,0.05051422119140625,0.050502777099609375,0.05675649642944336,0.0008819103240966797
20250723_235154_994,-49,NO_RADIO,63,45.0,24.374628028987786,-78.23592948913574,-78.23592948913574,0.10140252113342285,0.10551238059997559,63,,CenterFallback,1,32,0,,,[],0.10095882415771484,0.05053305625915527,0.050498247146606445,0.003374814987182617,0.0010445117950439453
20250723_235155_203,-49,63,63,45.0,24.352255110299154,-78.12242393493652,-78.12242393493652,0.10120344161987305,0.15839743614196777,63,63,YOLO,1,32,0,24.352255110299154,0,[],0.1008608341217041,0.050447940826416016,0.05049252510070801,0.05678534507751465,0.0006644725799560547
20250723_235155_464,-49,NO_RADIO,63,45.0,24.306247701985143,-78.33908271789551,-78.33908271789551,0.10134673118591309,0.10207772254943848,63,,CenterFallback,1,32,0,,,[],0.10099172592163086,0.05048489570617676,0.05047178268432617,0.00040721893310546875,0.0006785392761230469
20250723_235155_669,-49,63,63,45.0,24.167707745104252,-78.51537170410157,-78.51537170410157,0.10221290588378906,0.15830564498901367,63,63,YOLO,1,32,0,24.167707745104252,0,[],0.1019136905670166,0.05041050910949707,0.050490617752075195,0.05673384666442871,0.00066375732421875
20250723_235155_932,-49,63,63,45.0,24.26727160861472,-78.36068534851074,-78.36068534851074,0.10474658012390137,0.10203146934509277,63,63,YOLO,1,32,0,24.26727160861472,0,[],0.10443830490112305,0.05048513412475586,0.05051398277282715,0.0003974437713623047,0.0006289482116699219
20250723_235156_140,-49,NO_RADIO,63,45.0,24.434415498571056,-78.15516319274903,-78.15516319274903,0.09847426414489746,0.15842866897583008,63,,CenterFallback,1,32,0,,,[],0.0981435775756836,0.0504457950592041,0.05044078826904297,0.05676126480102539,0.0007295608520507812
20250723_235156_399,-49,63,63,45.0,24.470499380544638,-78.23023262023926,-78.23023262023926,0.10520076751708984,0.10205650329589844,63,63,YOLO,1,32,0,24.470499380544638,0,[],0.10483336448669434,0.05050373077392578,0.05047154426574707,0.0003924369812011719,0.0006833076477050781
20250723_235156_607,-49,63,63,45.0,23.94192821457372,-78.67916107177734,-78.67916107177734,0.10253334045410156,0.15831518173217773,63,63,YOLO,1,32,0,23.94192821457372,0,[],0.1022038459777832,0.05047011375427246,0.05038285255432129,0.05676865577697754,0.0006866455078125
20250723_235156_870,-49,NO_RADIO,63,45.0,24.071449281465277,-78.47002372741699,-78.47002372741699,0.1041562557220459,0.10203790664672852,63,,CenterFallback,1,32,0,,,[],0.103790283203125,0.050467491149902344,0.05044388771057129,0.0003962516784667969,0.0006875991821289062
20250723_235157_078,-49,NO_RADIO,63,45.0,24.107739905796294,-78.54146385192871,-78.54146385192871,0.10061073303222656,0.1584789752960205,63,,CenterFallback,1,32,0,,,[],0.10027170181274414,0.050469160079956055,0.05046439170837402,0.05676412582397461,0.0007259845733642578
20250723_235157_339,-49,NO_RADIO,63,45.0,24.01913294100413,-78.5803237915039,-78.5803237915039,0.10086941719055176,0.10225534439086914,63,,CenterFallback,1,32,0,,,[],0.10052752494812012,0.05045342445373535,0.05050373077392578,0.0005438327789306641,0.0007140636444091797
20250723_235157_544,-49,NO_RADIO,63,45.0,24.406291016448876,-78.2618564605713,-78.2618564605713,0.10152268409729004,0.1584773063659668,63,,CenterFallback,1,32,0,,,[],0.10105109214782715,0.05051732063293457,0.050470590591430664,0.05675935745239258,0.0006692409515380859
20250723_235157_805,-48,NO_RADIO,63,45.0,24.375797617694417,-78.37732696533203,-78.37732696533203,0.10015082359313965,0.10203146934509277,63,,CenterFallback,1,32,0,,,[],0.099853515625,0.05046844482421875,0.05049324035644531,0.0003898143768310547,0.0006415843963623047
20250723_235158_009,-48,NO_RADIO,63,45.0,24.177065053783608,-78.54448623657227,-78.54448623657227,0.10178995132446289,0.15840935707092285,63,,CenterFallback,1,32,0,,,[],0.10152101516723633,0.05049467086791992,0.05047726631164551,0.05671095848083496,0.0006747245788574219
20250723_235158_271,-48,NO_RADIO,63,45.0,24.246188849727204,-78.42738342285156,-78.42738342285156,0.10147809982299805,0.10199856758117676,63,,CenterFallback,1,32,0,,,[],0.1011965274810791,0.05046725273132324,0.05043935775756836,0.0003960132598876953,0.0006482601165771484
20250723_235158_476,-48,NO_RADIO,63,45.0,24.131284380201564,-78.48067283630371,-78.48067283630371,0.10171866416931152,0.15841269493103027,63,,CenterFallback,1,32,0,,,[],0.10145330429077148,0.05047011375427246,0.05050206184387207,0.05674147605895996,0.0006477832794189453
20250723_235158_738,-48,NO_RADIO,63,45.0,24.039296456343536,-78.60318756103516,-78.60318756103516,0.10165214538574219,0.10200309753417969,63,,CenterFallback,1,32,0,,,[],0.10129570960998535,0.0504610538482666,0.05047273635864258,0.0004031658172607422,0.0006315708160400391
20250723_235158_943,-48,NO_RADIO,63,45.0,24.199399691184524,-78.4128978729248,-78.4128978729248,0.10203433036804199,0.15846920013427734,63,,CenterFallback,1,32,0,,,[],0.10175609588623047,0.05049920082092285,0.05046868324279785,0.05672955513000488,0.0007174015045166016
20250723_235159_205,-48,NO_RADIO,63,45.0,24.26200457200045,-78.31141815185546,-78.31141815185546,0.10304784774780273,0.10199952125549316,63,,CenterFallback,1,32,0,,,[],0.1026923656463623,0.05047154426574707,0.05046343803405762,0.0004012584686279297,0.0006318092346191406
20250723_235159_412,-48,NO_RADIO,63,45.0,24.115069871479704,-78.56585273742677,-78.56585273742677,0.1015920639038086,0.15845537185668945,63,,CenterFallback,1,32,0,,,[],0.10126519203186035,0.0504758358001709,0.050452232360839844,0.05679059028625488,0.0006811618804931641
20250723_235159_673,-48,NO_RADIO,63,45.0,23.950426114788,-78.64514236450195,-78.64514236450195,0.10204410552978516,0.10208535194396973,63,,CenterFallback,1,32,0,,,[],0.10169601440429688,0.05045938491821289,0.05048537254333496,0.0004100799560546875,0.0006880760192871094
20250723_235159_879,-48,NO_RADIO,63,45.0,23.900581946625437,-78.61842498779296,-78.61842498779296,0.10245776176452637,0.15835261344909668,63,,CenterFallback,1,32,0,,,[],0.10218095779418945,0.05047345161437988,0.05045175552368164,0.05672597885131836,0.0006492137908935547
20250723_235200_142,-48,NO_RADIO,63,45.0,23.88363035028705,-78.67897338867188,-78.67897338867188,0.10093450546264648,0.10206484794616699,63,,CenterFallback,1,32,0,,,[],0.10059642791748047,0.05048513412475586,0.050467491149902344,0.0003974437713623047,0.0006778240203857422
20250723_235200_346,-48,NO_RADIO,63,45.0,23.993093949500306,-78.65731277465821,-78.65731277465821,0.09929037094116211,0.15839910507202148,63,,CenterFallback,1,32,0,,,[],0.09895849227905273,0.05046367645263672,0.05044746398925781,0.05674433708190918,0.0006906986236572266
20250723_235200_606,-48,NO_RADIO,63,45.0,24.05801908256798,-78.46741523742676,-78.46741523742676,0.10016393661499023,0.1019892692565918,63,,CenterFallback,1,32,0,,,[],0.099853515625,0.05048203468322754,0.05042886734008789,0.0003905296325683594,0.0006504058837890625
20250723_235200_809,-48,63,63,45.0,23.828035567226635,-78.79393577575684,-78.79393577575684,0.10184717178344727,0.15850353240966797,63,63,YOLO,1,32,0,23.828035567226635,0,[],0.10155153274536133,0.05047130584716797,0.05050086975097656,0.05679941177368164,0.0007255077362060547
20250723_235201_071,-48,63,63,45.0,23.709845842658723,-78.85156707763672,-78.85156707763672,0.10178565979003906,0.10210180282592773,63,63,YOLO,1,32,0,23.709845842658723,0,[],0.10146331787109375,0.050501346588134766,0.05050253868103027,0.0004096031188964844,0.0006823539733886719
20250723_235201_277,-48,63,63,45.0,24.25917779753344,-78.38975028991699,-78.38975028991699,0.10168027877807617,0.15868067741394043,63,63,YOLO,1,32,0,24.25917779753344,0,[],0.10130500793457031,0.050485849380493164,0.05046558380126953,0.056777000427246094,0.0009446144104003906
20250723_235201_539,-48,NO_RADIO,63,45.0,24.263646526760155,-78.3989330291748,-78.3989330291748,0.1021425724029541,0.10197281837463379,63,,CenterFallback,1,32,0,,,[],0.10175418853759766,0.05044293403625488,0.05046200752258301,0.0003993511199951172,0.000629425048828125
20250723_235201_745,-47,NO_RADIO,63,45.0,23.825758037082778,-78.79644012451172,-78.79644012451172,0.1015164852142334,0.15841937065124512,63,,CenterFallback,1,32,0,,,[],0.1011819839477539,0.05046439170837402,0.05048108100891113,0.05675244331359863,0.0006687641143798828
20250723_235202_006,-47,NO_RADIO,63,45.0,23.696053073288724,-78.79632453918457,-78.79632453918457,0.10202741622924805,0.10308980941772461,63,,CenterFallback,1,32,0,,,[],0.10170412063598633,0.05046200752258301,0.05085897445678711,0.0004029273986816406,0.0013265609741210938
20250723_235202_213,-47,NO_RADIO,63,45.0,23.938351243345608,-78.67540740966797,-78.67540740966797,0.10075902938842773,0.15914082527160645,63,,CenterFallback,1,32,0,,,[],0.10042309761047363,0.0505061149597168,0.051080942153930664,0.05676841735839844,0.0007293224334716797
20250723_235202_475,-47,63,63,45.0,23.883431190064016,-78.70425949096679,-78.70425949096679,0.1035003662109375,0.10206437110900879,63,63,YOLO,1,32,0,23.883431190064016,0,[],0.10317850112915039,0.05049300193786621,0.050461769104003906,0.0004050731658935547,0.0006995201110839844
20250723_235202_682,-47,63,63,45.0,23.86922255894396,-78.69044494628906,-78.69044494628906,0.10236620903015137,0.1583540439605713,63,63,YOLO,1,32,0,23.86922255894396,0,[],0.10201191902160645,0.05044388771057129,0.05045890808105469,0.056801557540893555,0.0006425380706787109
20250723_235202_944,-47,NO_RADIO,63,45.0,23.790315492583687,-78.78160705566407,-78.78160705566407,0.1022179126739502,0.10200262069702148,63,,CenterFallback,1,32,0,,,[],0.1018977165222168,0.050461769104003906,0.050459861755371094,0.0003845691680908203,0.0006594657897949219
20250723_235203_150,-47,NO_RADIO,63,45.0,23.887398862158562,-78.63565216064453,-78.63565216064453,0.10059976577758789,0.15852141380310059,63,,CenterFallback,1,32,0,,,[],0.10026669502258301,0.05048513412475586,0.05050230026245117,0.05675196647644043,0.0007264614105224609
20250723_235203_411,-47,NO_RADIO,63,45.0,23.87436017858984,-78.75893287658691,-78.75893287658691,0.1023874282836914,0.10202884674072266,63,,CenterFallback,1,32,0,,,[],0.10207629203796387,0.050445556640625,0.050485849380493164,0.0003960132598876953,0.0006585121154785156
20250723_235203_617,-47,NO_RADIO,63,45.0,23.856414686134542,-78.54157218933105,-78.54157218933105,0.10125184059143066,0.15856575965881348,63,,CenterFallback,1,32,0,,,[],0.10096240043640137,0.05050802230834961,0.0504612922668457,0.0568084716796875,0.0007243156433105469
20250723_235203_879,-47,NO_RADIO,63,45.0,23.89204252786959,-78.67540740966797,-78.67540740966797,0.10218214988708496,0.10200715065002441,63,,CenterFallback,1,32,0,,,[],0.10178995132446289,0.05042624473571777,0.05046367645263672,0.00041866302490234375,0.0006551742553710938
20250723_235204_084,-47,NO_RADIO,63,45.0,23.908767770711577,-78.6864128112793,-78.6864128112793,0.1011042594909668,0.1584630012512207,63,,CenterFallback,1,32,0,,,[],0.10068511962890625,0.05045342445373535,0.0504918098449707,0.056819915771484375,0.0006468296051025391
20250723_235204_346,-47,NO_RADIO,63,45.0,23.804753736217904,-78.86332397460937,-78.86332397460937,0.1023101806640625,0.10204267501831055,63,,CenterFallback,1,32,0,,,[],0.10194039344787598,0.05043625831604004,0.05045437812805176,0.00039768218994140625,0.0007143020629882812
20250723_235204_551,-47,NO_RADIO,63,45.0,23.921554487924652,-78.62658042907715,-78.62658042907715,0.1006307601928711,0.15833234786987305,63,,CenterFallback,1,32,0,,,[],0.10029935836791992,0.05046558380126953,0.05042147636413574,0.05671572685241699,0.0006783008575439453
20250723_235204_812,-47,63,63,45.0,23.91912918361905,-78.57742309570312,-78.57742309570312,0.10256361961364746,0.10196304321289062,63,63,YOLO,1,32,0,23.91912918361905,0,[],0.10224437713623047,0.05041694641113281,0.05051398277282715,0.00039076805114746094,0.0006361007690429688
20250723_235205_018,-47,62,62,43.5,24.314883161932244,-78.38570709228516,-78.38570709228516,0.10338306427001953,0.15838098526000977,62,62,YOLO,1,32,0,24.314883161932244,0,[],0.10303997993469238,0.05047893524169922,0.05048632621765137,0.0567479133605957,0.0006616115570068359
20250723_235205_281,-47,62,62,43.5,24.424358996553423,-78.20294227600098,-78.20294227600098,0.10219120979309082,0.10196065902709961,62,62,YOLO,1,32,0,24.424358996553423,0,[],0.10184764862060547,0.05045962333679199,0.050462961196899414,0.0003895759582519531,0.0006422996520996094
20250723_235205_487,-47,NO_RADIO,62,43.5,24.514588917459122,-78.12592582702636,-78.12592582702636,0.10071587562561035,0.15839838981628418,62,,CenterFallback,1,32,0,,,[],0.10037016868591309,0.0504755973815918,0.050447702407836914,0.056723833084106445,0.0006945133209228516
20250723_235205_748,-46,NO_RADIO,62,43.5,24.40677024463899,-78.13311233520508,-78.13311233520508,0.10152626037597656,0.10208749771118164,62,,CenterFallback,1,32,0,,,[],0.1012275218963623,0.05045580863952637,0.050507307052612305,0.0003998279571533203,0.0006859302520751953
20250723_235205_953,-46,NO_RADIO,62,43.5,23.32699059081473,-79.18712196350097,-79.18712196350097,0.10071444511413574,0.15841388702392578,62,,CenterFallback,1,32,0,,,[],0.10038638114929199,0.05046892166137695,0.05046200752258301,0.056746721267700195,0.0006797313690185547
20250723_235206_214,-46,NO_RADIO,62,43.5,23.316956508524015,-79.26522483825684,-79.26522483825684,0.10194110870361328,0.10218453407287598,62,,CenterFallback,1,32,0,,,[],0.101593017578125,0.05054521560668945,0.050493717193603516,0.00042939186096191406,0.0006418228149414062
20250723_235206_420,-46,NO_RADIO,62,43.5,23.217220375481958,-79.33920936584472,-79.33920936584472,0.10015273094177246,0.15833616256713867,62,,CenterFallback,1,32,0,,,[],0.09980058670043945,0.05044245719909668,0.050435781478881836,0.05672931671142578,0.0006763935089111328
20250723_235206_680,-46,NO_RADIO,62,43.5,23.459038614182163,-79.07687950134277,-79.07687950134277,0.1005551815032959,0.10202884674072266,62,,CenterFallback,1,32,0,,,[],0.10019063949584961,0.0504453182220459,0.050461530685424805,0.00040030479431152344,0.0006723403930664062
20250723_235206_884,-46,NO_RADIO,62,43.5,23.567413271022232,-79.02542610168457,-79.02542610168457,0.10650873184204102,0.1584160327911377,62,,CenterFallback,1,32,0,,,[],0.10619163513183594,0.05044817924499512,0.05049395561218262,0.05675363540649414,0.0006704330444335938
20250723_235207_150,-46,NO_RADIO,62,43.5,23.27839687889734,-79.30054359436035,-79.30054359436035,0.10262322425842285,0.10201787948608398,62,,CenterFallback,1,32,0,,,[],0.10229969024658203,0.050485849380493164,0.05043649673461914,0.0004048347473144531,0.0006439685821533203
20250723_235207_357,-46,NO_RADIO,62,43.5,23.54595207947341,-79.03104400634766,-79.03104400634766,0.10160613059997559,0.15847420692443848,62,,CenterFallback,1,32,0,,,[],0.1012718677520752,0.05047416687011719,0.05048227310180664,0.05679821968078613,0.0006682872772216797
20250723_235207_618,-46,NO_RADIO,62,43.5,23.720419309486772,-78.87511444091797,-78.87511444091797,0.10179829597473145,0.10202908515930176,62,,CenterFallback,1,32,0,,,[],0.10143232345581055,0.05046844482421875,0.050475358963012695,0.00040221214294433594,0.0006306171417236328
20250723_235207_824,-46,NO_RADIO,62,43.5,23.569790243698037,-78.91344680786133,-78.91344680786133,0.10074353218078613,0.15835189819335938,62,,CenterFallback,1,32,0,,,[],0.1004023551940918,0.05047249794006348,0.050409555435180664,0.05672955513000488,0.0006871223449707031
20250723_235208_084,-46,63,63,45.0,23.504071629631213,-79.0554744720459,-79.0554744720459,0.105560302734375,0.10197234153747559,63,63,YOLO,1,32,0,23.504071629631213,0,[],0.10529375076293945,0.05045747756958008,0.05044674873352051,0.0003993511199951172,0.0006630420684814453
20250723_235208_294,-46,NO_RADIO,63,45.0,22.91873380069687,-79.58809928894043,-79.58809928894043,0.10221028327941895,0.15842390060424805,63,,CenterFallback,1,32,0,,,[],0.10186481475830078,0.050481557846069336,0.05045771598815918,0.05672621726989746,0.0007030963897705078
20250723_235208_556,-46,NO_RADIO,63,45.0,22.740939925740577,-79.75373611450195,-79.75373611450195,0.10097360610961914,0.1019904613494873,63,,CenterFallback,1,32,0,,,[],0.10068011283874512,0.05045747756958008,0.050484657287597656,0.0003962516784667969,0.0006203651428222656
20250723_235208_760,-46,62,62,43.5,23.37557606848516,-79.17509765625,-79.17509765625,0.10421133041381836,0.15857148170471191,62,62,YOLO,1,32,0,23.37557606848516,0,[],0.10386157035827637,0.05051565170288086,0.05039262771606445,0.056734323501586914,0.0009205341339111328
20250723_235209_026,-46,NO_RADIO,62,43.5,23.286638869110547,-79.25916290283203,-79.25916290283203,0.1018826961517334,0.10203790664672852,62,,CenterFallback,1,32,0,,,[],0.10137486457824707,0.05048489570617676,0.05043148994445801,0.0003921985626220703,0.0006906986236572266
20250723_235209_231,-46,NO_RADIO,62,43.5,23.61506034006254,-78.93687210083009,-78.93687210083009,0.09925389289855957,0.1585216522216797,62,,CenterFallback,1,32,0,,,[],0.09893989562988281,0.05047249794006348,0.05049419403076172,0.05679726600646973,0.0007045269012451172
20250723_235209_490,-46,NO_RADIO,62,43.5,23.654873732661926,-78.74503326416016,-78.74503326416016,0.10162520408630371,0.10206437110900879,62,,CenterFallback,1,32,0,,,[],0.10127854347229004,0.0504755973815918,0.050462961196899414,0.00039315223693847656,0.0006968975067138672
20250723_235209_696,-45,NO_RADIO,62,43.5,23.066525972237102,-79.54340400695801,-79.54340400695801,0.10057783126831055,0.15837788581848145,62,,CenterFallback,1,32,0,,,[],0.10024309158325195,0.050447940826416016,0.050450801849365234,0.05678892135620117,0.0006389617919921875
20250723_235209_956,-45,NO_RADIO,62,43.5,23.128496580268262,-79.4666690826416,-79.4666690826416,0.10252141952514648,0.10213899612426758,62,,CenterFallback,1,32,0,,,[],0.10216355323791504,0.05045676231384277,0.050470829010009766,0.00039839744567871094,0.0007772445678710938
20250723_235210_163,-45,NO_RADIO,62,43.5,22.107832241597336,-80.3823398590088,-80.3823398590088,0.10140562057495117,0.15853023529052734,62,,CenterFallback,1,32,0,,,[],0.10107564926147461,0.05045890808105469,0.050502777099609375,0.0568394660949707,0.0006768703460693359
20250723_235210_424,-45,NO_RADIO,62,43.5,22.39402110631839,-80.05479431152344,-80.05479431152344,0.10075640678405762,0.10201215744018555,62,,CenterFallback,1,32,0,,,[],0.1004476547241211,0.05047965049743652,0.05047440528869629,0.0003807544708251953,0.0006406307220458984
20250723_235210_628,-45,NO_RADIO,62,43.5,22.945556918264685,-79.61429862976074,-79.61429862976074,0.09936022758483887,0.15839171409606934,62,,CenterFallback,1,32,0,,,[],0.09901928901672363,0.05051851272583008,0.05045127868652344,0.056719303131103516,0.0006492137908935547
20250723_235210_888,-45,NO_RADIO,62,43.5,23.040351488220878,-79.57930755615234,-79.57930755615234,0.10593032836914062,0.10203099250793457,62,,CenterFallback,1,32,0,,,[],0.10563921928405762,0.05047035217285156,0.050469398498535156,0.00037932395935058594,0.0006768703460693359
20250723_235211_097,-45,NO_RADIO,62,43.5,22.879898930397587,-79.68911857604981,-79.68911857604981,0.10200762748718262,0.15843749046325684,62,,CenterFallback,1,32,0,,,[],0.10167932510375977,0.05046892166137695,0.0504603385925293,0.05677628517150879,0.0006794929504394531
20250723_235211_360,-45,NO_RADIO,62,43.5,22.981524670869618,-79.67511558532715,-79.67511558532715,0.10057997703552246,0.10195183753967285,62,,CenterFallback,1,32,0,,,[],0.10021686553955078,0.050446271896362305,0.05044436454772949,0.00038909912109375,0.000637054443359375
20250723_235211_564,-45,NO_RADIO,62,43.5,22.942484544089623,-79.5726531982422,-79.5726531982422,0.12436604499816895,0.15843963623046875,62,,CenterFallback,1,32,0,,,[],0.12400317192077637,0.05045628547668457,0.05045485496520996,0.05678820610046387,0.0006878376007080078
20250723_235211_848,-45,NO_RADIO,62,43.5,22.99380833320619,-79.53556900024414,-79.53556900024414,0.09970760345458984,0.10197567939758301,62,,CenterFallback,1,32,0,,,[],0.09938883781433105,0.05045008659362793,0.050450801849365234,0.00038123130798339844,0.0006630420684814453
20250723_235212_051,-45,NO_RADIO,62,43.5,22.89266252093367,-79.74162559509277,-79.74162559509277,0.09697866439819336,0.15842556953430176,62,,CenterFallback,1,32,0,,,[],0.09664487838745117,0.0504603385925293,0.05050230026245117,0.05675244331359863,0.0006601810455322266
20250723_235212_308,-45,62,62,43.5,22.796740356480313,-79.6530086517334,-79.6530086517334,0.10058045387268066,0.10202717781066895,62,62,YOLO,1,32,0,22.796740356480313,0,[],0.10026097297668457,0.05046224594116211,0.05042576789855957,0.0004086494445800781,0.0007236003875732422
20250723_235212_513,-45,62,62,43.5,23.004369205146375,-79.65357131958008,-79.65357131958008,0.10169816017150879,0.15829110145568848,62,62,YOLO,1,32,0,23.004369205146375,0,[],0.10135960578918457,0.05048871040344238,0.0504300594329834,0.056711673736572266,0.0006542205810546875
20250723_235212_774,-45,61,61,42.1,22.940486945331443,-79.57930755615234,-79.57930755615234,0.10349512100219727,0.10206437110900879,61,61,YOLO,1,32,0,22.940486945331443,0,[],0.10310769081115723,0.050496578216552734,0.05045342445373535,0.0003936290740966797,0.0007140636444091797
20250723_235212_981,-45,61,61,42.1,23.545482420373276,-78.88814926147461,-78.88814926147461,0.10330748558044434,0.1583547592163086,61,61,YOLO,1,32,0,23.545482420373276,0,[],0.10294461250305176,0.050445556640625,0.05049943923950195,0.056696414947509766,0.0007002353668212891
20250723_235213_245,-45,1,1,-45.0,23.611732822970055,-79.0554744720459,-79.0554744720459,0.10444450378417969,0.10196185111999512,1,1,YOLO,1,32,0,23.611732822970055,0,[],0.10406351089477539,0.050444602966308594,0.05047869682312012,0.00039005279541015625,0.0006422996520996094
20250723_235213_453,-45,61,61,42.1,23.71066717756932,-78.78818817138672,-78.78818817138672,0.10084223747253418,0.15836334228515625,61,61,YOLO,1,32,0,23.71066717756932,0,[],0.10052156448364258,0.05044245719909668,0.050437211990356445,0.05678510665893555,0.0006916522979736328
20250723_235213_713,-44,61,61,42.1,23.769887524322073,-78.83977279663085,-78.83977279663085,0.10088562965393066,0.10222697257995605,61,61,YOLO,1,32,0,23.769887524322073,0,[],0.10059309005737305,0.0505833625793457,0.050523996353149414,0.0004029273986816406,0.0007088184356689453
20250723_235213_918,-44,61,61,42.1,23.11486496636178,-79.2974624633789,-79.2974624633789,0.10297584533691406,0.15857791900634766,61,61,YOLO,1,32,0,23.11486496636178,0,[],0.10266757011413574,0.05046272277832031,0.050460100173950195,0.056734323501586914,0.0009138584136962891
20250723_235214_182,-44,61,61,42.1,23.107704135262736,-79.36948089599609,-79.36948089599609,0.10668015480041504,0.10204696655273438,61,61,YOLO,1,32,0,23.107704135262736,0,[],0.10635066032409668,0.05049324035644531,0.05046248435974121,0.00040912628173828125,0.000675201416015625
20250723_235214_392,-44,61,61,42.1,22.872658129802247,-79.74167366027832,-79.74167366027832,0.09820914268493652,0.15833187103271484,61,61,YOLO,1,32,0,22.872658129802247,0,[],0.09792232513427734,0.0504603385925293,0.05046677589416504,0.056754112243652344,0.0006434917449951172
20250723_235214_650,-44,61,61,42.1,22.981468358017466,-79.53694152832031,-79.53694152832031,0.10206890106201172,0.10191893577575684,61,61,YOLO,1,32,0,22.981468358017466,0,[],0.10173940658569336,0.050426483154296875,0.05045151710510254,0.0003998279571533203,0.0006353855133056641
20250723_235214_856,-44,63,63,45.0,21.255518631629926,-81.26672897338867,-81.26672897338867,0.09916925430297852,0.15844321250915527,63,63,YOLO,1,32,0,21.255518631629926,0,[],0.09882354736328125,0.05043911933898926,0.05048727989196777,0.05674457550048828,0.0007658004760742188
20250723_235215_115,-44,61,61,42.1,21.25635696156965,-81.24144096374512,-81.24144096374512,0.10412025451660156,0.10203289985656738,61,61,YOLO,1,32,0,21.25635696156965,0,[],0.1037907600402832,0.0504608154296875,0.050458669662475586,0.0004000663757324219,0.0007069110870361328
20250723_235215_323,-44,61,61,42.1,23.29350068254128,-79.36970100402831,-79.36970100402831,0.1023871898651123,0.15840578079223633,61,61,YOLO,1,32,0,23.29350068254128,0,[],0.10203742980957031,0.05043745040893555,0.050446271896362305,0.05681753158569336,0.0006976127624511719
20250723_235215_585,-44,61,61,42.1,23.097261686939106,-79.44958572387695,-79.44958572387695,0.10251975059509277,0.10196661949157715,61,61,YOLO,1,32,0,23.097261686939106,0,[],0.10221242904663086,0.05047130584716797,0.05044150352478027,0.00039887428283691406,0.0006494522094726562
20250723_235215_791,-44,1,1,-45.0,7.6420276929749775,-91.17960357666016,-91.17960357666016,0.1037287712097168,0.2610487937927246,1,1,OffsetFailed,2,49,24.7,10.976768197028719,48,[],0.10343098640441895,0.05045008659362793,0.05045509338378906,0.05676770210266113,0.0007145404815673828
20250723_235216_157,-44,61,61,42.1,23.28663650870662,-79.31194953918457,-79.31194953918457,0.10259032249450684,0.15852975845336914,61,61,YOLO,1,49,24.7,23.28663650870662,0,[],0.10228776931762695,0.050492286682128906,0.05054521560668945,0.05681610107421875,0.0006680488586425781
20250723_235216_420,-44,61,61,42.1,23.255164568839717,-79.22593002319336,-79.22593002319336,0.10058951377868652,0.10201692581176758,61,61,YOLO,1,49,24.7,23.255164568839717,0,[],0.10027551651000977,0.05048346519470215,0.050493478775024414,0.00039005279541015625,0.0006432533264160156
20250723_235216_624,-44,NO_RADIO,61,42.1,23.136696246077875,-79.35260696411133,-79.35260696411133,0.12455463409423828,0.15844154357910156,61,,CenterFallback,1,32,0,,,[],0.12419366836547852,0.05046987533569336,0.05048680305480957,0.056775569915771484,0.0006577968597412109
20250723_235216_909,-44,NO_RADIO,61,42.1,23.11933623115665,-79.4246669769287,-79.4246669769287,0.10143184661865234,0.10203719139099121,61,,CenterFallback,1,32,0,,,[],0.10103917121887207,0.050512075424194336,0.05044841766357422,0.00039839744567871094,0.0006434917449951172
20250723_235217_114,-44,60,60,40.6,24.23553254657901,-78.36856994628906,-78.36856994628906,0.10476541519165039,0.15836238861083984,60,60,YOLO,1,32,0,24.23553254657901,0,[],0.10445427894592285,0.05042004585266113,0.050516366958618164,0.05673575401306152,0.0006833076477050781
20250723_235217_379,-44,60,60,40.6,24.341310968792413,-78.32853698730469,-78.32853698730469,0.10344672203063965,0.10200214385986328,60,60,YOLO,1,32,0,24.341310968792413,0,[],0.10310029983520508,0.05051088333129883,0.05046701431274414,0.0003924369812011719,0.0006263256072998047
20250723_235217_586,-43,60,60,40.6,24.0037384099559,-78.65044212341309,-78.65044212341309,0.10299563407897949,0.15836071968078613,60,60,YOLO,1,32,0,24.0037384099559,0,[],0.10264730453491211,0.05044269561767578,0.050506591796875,0.056734561920166016,0.0006709098815917969
20250723_235217_849,-43,60,60,40.6,23.72193400386712,-78.89607696533203,-78.89607696533203,0.10224413871765137,0.10207605361938477,60,60,YOLO,1,32,0,23.72193400386712,0,[],0.10190272331237793,0.0504910945892334,0.050505876541137695,0.00041866302490234375,0.0006546974182128906
20250723_235218_055,-43,NO_RADIO,60,40.6,23.968616064918876,-78.70365715026855,-78.70365715026855,0.10057377815246582,0.15842223167419434,60,,CenterFallback,1,32,0,,,[],0.10024070739746094,0.0504763126373291,0.05045747756958008,0.05673694610595703,0.0006983280181884766
20250723_235218_315,-43,NO_RADIO,60,40.6,23.978763866334972,-78.55659446716308,-78.55659446716308,0.10117530822753906,0.10207390785217285,60,,CenterFallback,1,32,0,,,[],0.10084342956542969,0.05051398277282715,0.050437211990356445,0.0003972053527832031,0.000690460205078125
20250723_235218_520,-43,NO_RADIO,60,40.6,23.57086055629985,-78.93355674743653,-78.93355674743653,0.10108327865600586,0.15842890739440918,60,,CenterFallback,1,32,0,,,[],0.10077357292175293,0.05048990249633789,0.05045747756958008,0.056719303131103516,0.0007128715515136719
20250723_235218_781,-43,NO_RADIO,60,40.6,23.721333273608337,-78.79644012451172,-78.79644012451172,0.10045623779296875,0.10202646255493164,60,,CenterFallback,1,32,0,,,[],0.10011529922485352,0.05046391487121582,0.050446271896362305,0.0004017353057861328,0.0006771087646484375
20250723_235218_985,-43,NO_RADIO,60,40.6,23.851380452832956,-78.74808502197266,-78.74808502197266,0.10094308853149414,0.1583256721496582,60,,CenterFallback,1,32,0,,,[],0.10056662559509277,0.0504155158996582,0.050476789474487305,0.05672740936279297,0.0006418228149414062
20250723_235219_246,-43,NO_RADIO,60,40.6,23.775604296810727,-78.7625717163086,-78.7625717163086,0.1042788028717041,0.10201907157897949,60,,CenterFallback,1,32,0,,,[],0.10394859313964844,0.050464630126953125,0.05048847198486328,0.00040221214294433594,0.0006303787231445312
20250723_235219_454,-43,60,60,40.6,23.98304257250291,-78.61912803649902,-78.61912803649902,0.0947117805480957,0.1584024429321289,60,60,YOLO,1,32,0,23.98304257250291,0,[],0.09438681602478027,0.05051875114440918,0.05046892166137695,0.056734323501586914,0.0006728172302246094
20250723_235219_709,-43,60,60,40.6,23.99834852656946,-78.61886901855469,-78.61886901855469,0.0964043140411377,0.10206913948059082,60,60,YOLO,1,32,0,23.99834852656946,0,[],0.09606170654296875,0.05045294761657715,0.05051565170288086,0.0004100799560546875,0.0006847381591796875
20250723_235219_909,-43,NO_RADIO,60,40.6,24.041781403451182,-78.4627643585205,-78.4627643585205,0.1025841236114502,0.15838861465454102,60,,CenterFallback,1,32,0,,,[],0.10224580764770508,0.05046844482421875,0.05047965049743652,0.056722402572631836,0.0006659030914306641
20250723_235220_172,-43,60,60,40.6,24.05042557414275,-78.49318084716796,-78.49318084716796,0.10609674453735352,0.10211825370788574,60,60,YOLO,1,32,0,24.05042557414275,0,[],0.10577225685119629,0.05048346519470215,0.05048680305480957,0.0004203319549560547,0.0007221698760986328
20250723_235220_381,-43,NO_RADIO,60,40.6,24.021113952162437,-78.65469665527344,-78.65469665527344,0.09898257255554199,0.15850329399108887,60,,CenterFallback,1,32,0,,,[],0.0986323356628418,0.05048203468322754,0.05048346519470215,0.05679059028625488,0.0006895065307617188
20250723_235220_640,-43,60,60,40.6,24.088305698976754,-78.3395336151123,-78.3395336151123,0.1018819808959961,0.1020359992980957,60,60,YOLO,1,32,0,24.088305698976754,0,[],0.10158085823059082,0.05045676231384277,0.050514936447143555,0.00040221214294433594,0.0006570816040039062
20250723_235220_846,-43,NO_RADIO,60,40.6,23.773125420960625,-78.7775318145752,-78.7775318145752,0.10100746154785156,0.15832948684692383,60,,CenterFallback,1,32,0,,,[],0.10067987442016602,0.0504300594329834,0.05045795440673828,0.056717872619628906,0.000667572021484375
20250723_235221_107,-43,NO_RADIO,60,40.6,23.64607669934108,-78.94245147705078,-78.94245147705078,0.10112762451171875,0.10205984115600586,60,,CenterFallback,1,32,0,,,[],0.1007542610168457,0.05046439170837402,0.05048561096191406,0.0004067420959472656,0.0006525516510009766
20250723_235221_312,-43,NO_RADIO,60,40.6,23.80830548785373,-78.7635326385498,-78.7635326385498,0.1009979248046875,0.15838313102722168,60,,CenterFallback,1,32,0,,,[],0.10063886642456055,0.0504915714263916,0.05043196678161621,0.05673694610595703,0.0006725788116455078
20250723_235221_573,-43,NO_RADIO,60,40.6,23.673751782350507,-78.79706382751465,-78.79706382751465,0.10218930244445801,0.10204958915710449,60,,CenterFallback,1,32,0,,,[],0.10185599327087402,0.05048823356628418,0.0504608154296875,0.0004019737243652344,0.000659942626953125
20250723_235221_779,-42,NO_RADIO,60,40.6,22.983364154678668,-79.55795974731446,-79.55795974731446,0.10088109970092773,0.15839242935180664,60,,CenterFallback,1,32,0,,,[],0.10059332847595215,0.05045151710510254,0.050459861755371094,0.05673480033874512,0.0006911754608154297
20250723_235222_040,-42,NO_RADIO,60,40.6,22.974739311654517,-79.52711753845215,-79.52711753845215,0.10092902183532715,0.10209107398986816,60,,CenterFallback,1,32,0,,,[],0.10059571266174316,0.050492286682128906,0.05046963691711426,0.00040340423583984375,0.0006895065307617188
20250723_235222_244,-42,60,60,40.6,23.18715304359975,-79.43082580566406,-79.43082580566406,0.10161995887756348,0.15845823287963867,60,60,YOLO,1,32,0,23.18715304359975,0,[],0.10128259658813477,0.05049777030944824,0.0504908561706543,0.05678391456604004,0.00067901611328125
20250723_235222_506,-42,NO_RADIO,60,40.6,23.07506398876542,-79.47685432434082,-79.47685432434082,0.10179781913757324,0.1026005744934082,60,,CenterFallback,1,32,0,,,[],0.10138988494873047,0.050589799880981445,0.050534963607788086,0.00041747093200683594,0.001008749008178711
20250723_235222_713,-42,NO_RADIO,60,40.6,23.048857587426923,-79.58689155578614,-79.58689155578614,0.10102510452270508,0.15883517265319824,60,,CenterFallback,1,32,0,,,[],0.10065054893493652,0.0505063533782959,0.050469160079956055,0.05679464340209961,0.0009763240814208984
20250723_235222_974,-42,NO_RADIO,60,40.6,23.013168453769325,-79.54652328491211,-79.54652328491211,0.10145306587219238,0.10212922096252441,60,,CenterFallback,1,32,0,,,[],0.10109138488769531,0.05050802230834961,0.05051708221435547,0.00040841102600097656,0.0006601810455322266
20250723_235223_179,-42,60,60,40.6,22.899925904819014,-79.6030372619629,-79.6030372619629,0.10102534294128418,0.1584763526916504,60,60,YOLO,1,32,0,22.899925904819014,0,[],0.10068273544311523,0.05049276351928711,0.050499916076660156,0.05674004554748535,0.0007357597351074219
20250723_235223_441,-42,NO_RADIO,60,40.6,22.93168937339199,-79.60280532836914,-79.60280532836914,0.1025536060333252,0.10211586952209473,60,,CenterFallback,1,32,0,,,[],0.10216856002807617,0.05050063133239746,0.0505068302154541,0.0004062652587890625,0.0006623268127441406
20250723_235223_647,-42,NO_RADIO,60,40.6,22.523181039972386,-79.97892761230469,-79.97892761230469,0.10019755363464355,0.1586463451385498,60,,CenterFallback,1,32,0,,,[],0.09989356994628906,0.05055952072143555,0.050573110580444336,0.05676865577697754,0.0006847381591796875
20250723_235223_908,-42,NO_RADIO,60,40.6,22.59902362521933,-79.99110412597656,-79.99110412597656,0.10415816307067871,0.10202670097351074,60,,CenterFallback,1,32,0,,,[],0.10379886627197266,0.05047607421875,0.050451040267944336,0.00040221214294433594,0.0006604194641113281
20250723_235224_115,-42,NO_RADIO,60,40.6,22.934309209266814,-79.67270126342774,-79.67270126342774,0.10100173950195312,0.15851664543151855,60,,CenterFallback,1,32,0,,,[],0.10065388679504395,0.05049848556518555,0.05048036575317383,0.05676865577697754,0.0007123947143554688
20250723_235224_377,-42,NO_RADIO,60,40.6,22.949010715305477,-79.59597778320312,-79.59597778320312,0.10401558876037598,0.10202479362487793,60,,CenterFallback,1,32,0,,,[],0.10365700721740723,0.05047464370727539,0.050470590591430664,0.00039649009704589844,0.0006489753723144531
20250723_235224_584,-42,60,60,40.6,23.11990587955401,-79.37438201904297,-79.37438201904297,0.10170292854309082,0.15836358070373535,60,60,YOLO,1,32,0,23.11990587955401,0,[],0.10137605667114258,0.05045819282531738,0.05047011375427246,0.05677080154418945,0.0006575584411621094
20250723_235224_846,-42,59,59,39.2,23.018146898869503,-79.40961265563965,-79.40961265563965,0.10195112228393555,0.10212993621826172,59,59,YOLO,1,32,0,23.018146898869503,0,[],0.10163235664367676,0.05054736137390137,0.05051136016845703,0.000408172607421875,0.0006575584411621094
20250723_235225_052,-42,59,59,39.2,24.242536727276402,-78.25683784484863,-78.25683784484863,0.10127711296081543,0.15850472450256348,59,59,YOLO,1,32,0,24.242536727276402,0,[],0.10091853141784668,0.05049419403076172,0.05052495002746582,0.05675244331359863,0.0007250308990478516
20250723_235225_313,-42,59,59,39.2,24.185854640997107,-78.35871887207031,-78.35871887207031,0.10071468353271484,0.10210967063903809,59,59,YOLO,1,32,0,24.185854640997107,0,[],0.10038542747497559,0.05049705505371094,0.050521135330200195,0.0004515647888183594,0.0006339550018310547
20250723_235225_518,-42,59,59,39.2,24.491066349793,-78.10119171142578,-78.10119171142578,0.10180234909057617,0.1583702564239502,59,59,YOLO,1,32,0,24.491066349793,0,[],0.10145998001098633,0.050464630126953125,0.05048656463623047,0.056745052337646484,0.000667572021484375
20250723_235225_780,-41,59,59,39.2,24.147521897642804,-78.43088836669922,-78.43088836669922,0.10469794273376465,0.10206937789916992,59,59,YOLO,1,32,0,24.147521897642804,0,[],0.10435628890991211,0.050498247146606445,0.05050468444824219,0.0003981590270996094,0.0006623268127441406
20250723_235225_988,-41,59,59,39.2,23.79726273588632,-78.72296142578125,-78.72296142578125,0.09911608695983887,0.1584165096282959,59,59,YOLO,1,32,0,23.79726273588632,0,[],0.09881019592285156,0.05047273635864258,0.05048942565917969,0.05673408508300781,0.0007123947143554688
20250723_235226_247,-41,59,59,39.2,23.637848881211227,-78.90647926330567,-78.90647926330567,0.10626864433288574,0.10207748413085938,59,59,YOLO,1,32,0,23.637848881211227,0,[],0.10592460632324219,0.05047178268432617,0.050455331802368164,0.000423431396484375,0.0007212162017822266
20250723_235226_457,-41,59,59,39.2,23.667651985405442,-78.87452583312988,-78.87452583312988,0.10124349594116211,0.1584160327911377,59,59,YOLO,1,32,0,23.667651985405442,0,[],0.10090136528015137,0.050492286682128906,0.05046486854553223,0.05676531791687012,0.0006878376007080078
20250723_235226_719,-41,59,59,39.2,23.82257463525471,-78.70837593078613,-78.70837593078613,0.12571096420288086,0.10203361511230469,59,59,YOLO,1,32,0,23.82257463525471,0,[],0.12540745735168457,0.050473928451538086,0.05048942565917969,0.00040340423583984375,0.0006618499755859375
20250723_235226_948,-41,59,59,39.2,23.84351054479518,-78.74690246582031,-78.74690246582031,0.10118603706359863,0.15846681594848633,59,59,YOLO,1,32,0,23.84351054479518,0,[],0.10087800025939941,0.05049419403076172,0.05049395561218262,0.056767940521240234,0.0007033348083496094
20250723_235227_209,-41,59,59,39.2,23.693004152317044,-78.93463554382325,-78.93463554382325,0.09870433807373047,0.10201525688171387,59,59,YOLO,1,32,0,23.693004152317044,0,[],0.09834694862365723,0.05046367645263672,0.05048036575317383,0.00039577484130859375,0.0006699562072753906
20250723_235227_412,-41,59,59,39.2,24.014017688185206,-78.7151885986328,-78.7151885986328,0.0971364974975586,0.15838027000427246,59,59,YOLO,1,32,0,24.014017688185206,0,[],0.09681129455566406,0.05048060417175293,0.050467729568481445,0.05673718452453613,0.0006885528564453125
20250723_235227_669,-41,59,59,39.2,23.842038242867048,-78.69402542114258,-78.69402542114258,0.10358023643493652,0.10194778442382812,59,59,YOLO,1,32,0,23.842038242867048,0,[],0.103240966796875,0.05043363571166992,0.05048084259033203,0.00038433074951171875,0.0006449222564697266
20250723_235227_876,-41,59,59,39.2,23.844663976883126,-78.58580169677734,-78.58580169677734,0.10223889350891113,0.1582639217376709,59,59,YOLO,1,32,0,23.844663976883126,0,[],0.10192346572875977,0.05040121078491211,0.05046510696411133,0.056729793548583984,0.0006611347198486328
20250723_235228_138,-41,59,59,39.2,23.833100871050846,-78.6202823638916,-78.6202823638916,0.1031789779663086,0.10203337669372559,59,59,YOLO,1,32,0,23.833100871050846,0,[],0.10283207893371582,0.05048632621765137,0.050458431243896484,0.0004017353057861328,0.0006809234619140625
20250723_235228_345,-41,59,59,39.2,23.51544357326216,-78.9725788116455,-78.9725788116455,0.10156726837158203,0.15850186347961426,59,59,YOLO,1,32,0,23.51544357326216,0,[],0.10126686096191406,0.050462961196899414,0.050470829010009766,0.056760311126708984,0.0008015632629394531
20250723_235228_606,-41,59,59,39.2,23.473834185513383,-79.17109680175781,-79.17109680175781,0.10392522811889648,0.10197854042053223,59,59,YOLO,1,32,0,23.473834185513383,0,[],0.10359406471252441,0.05048370361328125,0.05046582221984863,0.00039696693420410156,0.0006270408630371094
20250723_235228_814,-41,58,58,37.7,24.80575764897469,-77.68761100769044,-77.68761100769044,0.10303831100463867,0.1583726406097412,58,58,YOLO,1,32,0,24.80575764897469,0,[],0.10271382331848145,0.050469160079956055,0.050482749938964844,0.05674171447753906,0.0006725788116455078
20250723_235229_077,-41,58,58,37.7,24.962466677682585,-77.50724754333496,-77.50724754333496,0.10043931007385254,0.10203027725219727,58,58,YOLO,1,32,0,24.962466677682585,0,[],0.10008907318115234,0.05049324035644531,0.05047297477722168,0.00037860870361328125,0.0006799697875976562
20250723_235229_281,-41,58,58,37.7,25.22293658307072,-77.38847427368164,-77.38847427368164,0.10322928428649902,0.1584765911102295,58,58,YOLO,1,32,0,25.22293658307072,0,[],0.10290741920471191,0.05048370361328125,0.05051159858703613,0.05679440498352051,0.0006787776947021484
20250723_235229_544,-41,NO_RADIO,58,37.7,25.24904004878357,-77.3702621459961,-77.3702621459961,0.10526776313781738,0.10205221176147461,58,,CenterFallback,1,32,0,,,[],0.1049201488494873,0.050447702407836914,0.050470829010009766,0.0004017353057861328,0.0006949901580810547
20250723_235229_753,-40,58,58,37.7,24.61431911038723,-77.98351745605468,-77.98351745605468,0.10273504257202148,0.15839290618896484,58,58,YOLO,1,32,0,24.61431911038723,0,[],0.10242223739624023,0.05048394203186035,0.05045914649963379,0.05678200721740723,0.000659942626953125
20250723_235230_016,-40,NO_RADIO,58,37.7,24.68160776156337,-77.94027175903321,-77.94027175903321,0.10152029991149902,0.10213923454284668,58,,CenterFallback,1,32,0,,,[],0.10117793083190918,0.050547122955322266,0.050460100173950195,0.00040602684020996094,0.0006856918334960938
20250723_235230_221,-40,NO_RADIO,58,37.7,24.260941979376497,-78.3018295288086,-78.3018295288086,0.10132646560668945,0.1583559513092041,58,,CenterFallback,1,32,0,,,[],0.10105443000793457,0.05045461654663086,0.05042576789855957,0.056746721267700195,0.0006773471832275391
20250723_235230_482,-40,58,58,37.7,24.3486569628336,-78.2537742614746,-78.2537742614746,0.1037147045135498,0.1020209789276123,58,58,YOLO,1,32,0,24.3486569628336,0,[],0.10338807106018066,0.050473928451538086,0.050505638122558594,0.000392913818359375,0.0006427764892578125
20250723_235230_690,-40,58,58,37.7,24.55392690484139,-78.02891845703125,-78.02891845703125,0.10204696655273438,0.15831732749938965,58,58,YOLO,1,32,0,24.55392690484139,0,[],0.10169696807861328,0.05048251152038574,0.050435543060302734,0.056726694107055664,0.0006661415100097656
20250723_235230_952,-40,63,63,45.0,24.65412504375371,-77.97319107055664,-77.97319107055664,0.10782432556152344,0.10203266143798828,63,63,YOLO,1,32,0,24.65412504375371,0,[],0.10748076438903809,0.05049729347229004,0.05045199394226074,0.0004343986511230469,0.0006432533264160156
20250723_235231_163,-40,58,58,37.7,24.29324359105678,-78.18255920410157,-78.18255920410157,0.09999465942382812,0.1583995819091797,58,58,YOLO,1,32,0,24.29324359105678,0,[],0.09965896606445312,0.05045890808105469,0.05048513412475586,0.056799888610839844,0.0006489753723144531
20250723_235231_423,-40,58,58,37.7,24.2305774588622,-78.32434425354003,-78.32434425354003,0.10174918174743652,0.1020052433013916,58,58,YOLO,1,32,0,24.2305774588622,0,[],0.10143613815307617,0.05045938491821289,0.05045199394226074,0.00039768218994140625,0.0006906986236572266
20250723_235231_629,-40,58,58,37.7,24.587159886682528,-78.00569610595703,-78.00569610595703,0.10169768333435059,0.15871357917785645,58,58,YOLO,1,32,0,24.587159886682528,0,[],0.1013329029083252,0.05047011375427246,0.05046987533569336,0.056751251220703125,0.00101470947265625
20250723_235231_891,-40,58,58,37.7,24.50102102220491,-78.09432067871094,-78.09432067871094,0.10396480560302734,0.10205221176147461,58,58,YOLO,1,32,0,24.50102102220491,0,[],0.10358428955078125,0.05046582221984863,0.05046796798706055,0.0004019737243652344,0.0007102489471435547
20250723_235232_099,-40,58,58,37.7,24.079463033577326,-78.47558135986328,-78.47558135986328,0.10442423820495605,0.1585526466369629,58,58,YOLO,1,32,0,24.079463033577326,0,[],0.1041097640991211,0.050452470779418945,0.05047941207885742,0.05678987503051758,0.0008232593536376953
20250723_235232_364,-40,58,58,37.7,24.168529005354387,-78.45529899597167,-78.45529899597167,0.10303092002868652,0.10207533836364746,58,58,YOLO,1,32,0,24.168529005354387,0,[],0.1026918888092041,0.050495147705078125,0.050472259521484375,0.00040411949157714844,0.0006988048553466797
20250723_235232_571,-40,58,58,37.7,24.476464214323983,-78.03118171691895,-78.03118171691895,0.10421013832092285,0.15833044052124023,58,58,YOLO,1,32,0,24.476464214323983,0,[],0.1039435863494873,0.05044960975646973,0.050452470779418945,0.05673480033874512,0.0006856918334960938
20250723_235232_835,-40,NO_RADIO,58,37.7,24.607989905734513,-78.07058334350586,-78.07058334350586,0.10206151008605957,0.1020975112915039,58,,CenterFallback,1,32,0,,,[],0.1017143726348877,0.050478219985961914,0.050490617752075195,0.0004017353057861328,0.0006749629974365234
20250723_235233_040,-40,NO_RADIO,58,37.7,24.664163287032963,-77.9319034576416,-77.9319034576416,0.1011495590209961,0.15837645530700684,58,,CenterFallback,1,32,0,,,[],0.10084414482116699,0.05049848556518555,0.050415754318237305,0.05672502517700195,0.0006697177886962891
20250723_235233_302,-40,58,58,37.7,24.586880974563684,-77.97191848754883,-77.97191848754883,0.10344600677490234,0.1019892692565918,58,58,YOLO,1,32,0,24.586880974563684,0,[],0.1031351089477539,0.05047011375427246,0.05045962333679199,0.00039696693420410156,0.0006575584411621094
20250723_235233_509,-40,58,58,37.7,24.24803724810195,-78.29777145385742,-78.29777145385742,0.10233378410339355,0.15836763381958008,58,58,YOLO,1,32,0,24.24803724810195,0,[],0.10197067260742188,0.05045318603515625,0.050460100173950195,0.05674457550048828,0.0007033348083496094
20250723_235233_771,-39,58,58,37.7,23.905325350194246,-78.6484603881836,-78.6484603881836,0.10191822052001953,0.10203433036804199,58,58,YOLO,1,32,0,23.905325350194246,0,[],0.10160374641418457,0.050453901290893555,0.050482988357543945,0.0004017353057861328,0.0006897449493408203
20250723_235233_977,-39,58,58,37.7,22.99045137204554,-79.48236885070801,-79.48236885070801,0.10153079032897949,0.15841341018676758,58,58,YOLO,1,32,0,22.99045137204554,0,[],0.10116958618164062,0.05044817924499512,0.05047893524169922,0.05678367614746094,0.0006954669952392578
20250723_235234_238,-39,58,58,37.7,22.99560283066795,-79.52601623535156,-79.52601623535156,0.10309100151062012,0.10201358795166016,58,58,YOLO,1,32,0,22.99560283066795,0,[],0.10276579856872559,0.05043649673461914,0.05048489570617676,0.000396728515625,0.0006902217864990234
20250723_235234_445,-39,58,58,37.7,23.258002933225896,-79.25950622558594,-79.25950622558594,0.10273504257202148,0.15832233428955078,58,58,YOLO,1,32,0,23.258002933225896,0,[],0.10241556167602539,0.05044674873352051,0.05047345161437988,0.05672168731689453,0.0006735324859619141
20250723_235234_708,-39,58,58,37.7,23.439443476200466,-79.09796562194825,-79.09796562194825,0.10530543327331543,0.1021738052368164,58,58,YOLO,1,32,0,23.439443476200466,0,[],0.10494494438171387,0.05050206184387207,0.05053281784057617,0.0004181861877441406,0.0007140636444091797
20250723_235234_917,-39,58,58,37.7,23.41700184161398,-79.20086555480957,-79.20086555480957,0.10239887237548828,0.15844249725341797,58,58,YOLO,1,32,0,23.41700184161398,0,[],0.10205936431884766,0.0504460334777832,0.05048203468322754,0.05681800842285156,0.0006892681121826172
20250723_235235_179,-39,58,58,37.7,23.301742959919906,-79.34186935424805,-79.34186935424805,0.10030627250671387,0.10200190544128418,58,58,YOLO,1,32,0,23.301742959919906,0,[],0.09998607635498047,0.05045652389526367,0.05050206184387207,0.0003952980041503906,0.0006418228149414062
20250723_235235_383,-39,58,58,37.7,23.42774366555176,-79.10015640258788,-79.10015640258788,0.10204839706420898,0.15830183029174805,58,58,YOLO,1,32,0,23.42774366555176,0,[],0.10173940658569336,0.050445556640625,0.050436973571777344,0.05675101280212402,0.000659942626953125
20250723_235235_645,-39,58,58,37.7,23.223861058872657,-79.19901466369629,-79.19901466369629,0.10353541374206543,0.10196423530578613,58,58,YOLO,1,32,0,23.223861058872657,0,[],0.10318517684936523,0.05045461654663086,0.050478458404541016,0.0003783702850341797,0.0006477832794189453
20250723_235235_852,-39,58,58,37.7,23.336359937882563,-79.30652236938477,-79.30652236938477,0.10181951522827148,0.15842270851135254,58,58,YOLO,1,32,0,23.336359937882563,0,[],0.10150980949401855,0.05050182342529297,0.05044126510620117,0.05679750442504883,0.0006754398345947266
20250723_235236_114,-39,NO_RADIO,58,37.7,23.372951975067252,-79.12173461914062,-79.12173461914062,0.10135316848754883,0.10204601287841797,58,,CenterFallback,1,32,0,,,[],0.10104703903198242,0.050473690032958984,0.05045628547668457,0.00040411949157714844,0.00067138671875
20250723_235236_319,-39,NO_RADIO,58,37.7,23.42633641106056,-79.15091323852539,-79.15091323852539,0.10470890998840332,0.15843987464904785,58,,CenterFallback,1,32,0,,,[],0.10438823699951172,0.050451040267944336,0.050492286682128906,0.056771039962768555,0.0006728172302246094
20250723_235236_584,-39,NO_RADIO,58,37.7,23.395184947064095,-79.12339782714844,-79.12339782714844,0.10203170776367188,0.10204386711120605,58,,CenterFallback,1,32,0,,,[],0.10169863700866699,0.050485849380493164,0.050490379333496094,0.0004000663757324219,0.0006320476531982422
20250723_235236_789,-39,57,57,36.3,24.235469242430682,-78.22948608398437,-78.22948608398437,0.1008448600769043,0.15845513343811035,57,57,YOLO,1,32,0,24.235469242430682,0,[],0.10047578811645508,0.05043458938598633,0.05052518844604492,0.05678915977478027,0.0006992816925048828
20250723_235237_050,-39,57,57,36.3,24.066504355991327,-78.3891544342041,-78.3891544342041,0.10756421089172363,0.1020517349243164,57,57,YOLO,1,32,0,24.066504355991327,0,[],0.10722184181213379,0.050460100173950195,0.05050992965698242,0.0003974437713623047,0.0006785392761230469
20250723_235237_262,-39,57,57,36.3,23.848607128959557,-78.7625717163086,-78.7625717163086,0.10024571418762207,0.15831708908081055,57,57,YOLO,1,32,0,23.848607128959557,0,[],0.09989285469055176,0.05047321319580078,0.050451040267944336,0.05672502517700195,0.0006620883941650391
20250723_235237_522,-39,57,57,36.3,24.048128820272154,-78.46934242248535,-78.46934242248535,0.1038520336151123,0.10204005241394043,57,57,YOLO,1,32,0,24.048128820272154,0,[],0.10356378555297852,0.050455570220947266,0.05046653747558594,0.0004124641418457031,0.0007002353668212891
20250723_235237_729,-38,57,57,36.3,22.847102799566173,-79.58393096923828,-79.58393096923828,0.10273289680480957,0.15842819213867188,57,57,YOLO,1,32,0,22.847102799566173,0,[],0.10238957405090332,0.05046701431274414,0.05046200752258301,0.05677986145019531,0.000705718994140625
20250723_235237_992,-38,57,57,36.3,22.76315135421781,-79.74162559509277,-79.74162559509277,0.10521054267883301,0.10198974609375,57,57,YOLO,1,32,0,22.76315135421781,0,[],0.10486888885498047,0.050478458404541016,0.050429344177246094,0.0003993511199951172,0.0006771087646484375
20250723_235238_201,-38,57,57,36.3,22.762722657038978,-79.7468147277832,-79.7468147277832,0.10218572616577148,0.15844130516052246,57,57,YOLO,1,32,0,22.762722657038978,0,[],0.1018826961517334,0.05047130584716797,0.05048561096191406,0.05675792694091797,0.0007195472717285156
20250723_235238_463,-38,57,57,36.3,22.770927944257366,-79.69642639160156,-79.69642639160156,0.10488247871398926,0.10204529762268066,57,57,YOLO,1,32,0,22.770927944257366,0,[],0.10457015037536621,0.05047321319580078,0.0504910945892334,0.00039505958557128906,0.0006809234619140625
20250723_235238_672,-38,57,57,36.3,22.531733769339752,-80.03872833251953,-80.03872833251953,0.10179018974304199,0.1583542823791504,57,57,YOLO,1,32,0,22.531733769339752,0,[],0.10145115852355957,0.05046820640563965,0.0504765510559082,0.05673623085021973,0.0006656646728515625
20250723_235238_934,-38,57,57,36.3,22.449609183847627,-80.03580741882324,-80.03580741882324,0.1033163070678711,0.1019582748413086,57,57,YOLO,1,32,0,22.449609183847627,0,[],0.10294151306152344,0.050451040267944336,0.05044054985046387,0.00042057037353515625,0.000640869140625
20250723_235239_141,-38,57,57,36.3,22.792787263106135,-79.60810356140136,-79.60810356140136,0.10059809684753418,0.1587810516357422,57,57,YOLO,1,32,0,22.792787263106135,0,[],0.10022902488708496,0.05051064491271973,0.050496816635131836,0.056749582290649414,0.0010161399841308594
20250723_235239_402,-38,57,57,36.3,22.751459875146807,-79.8273494720459,-79.8273494720459,0.10295867919921875,0.10200023651123047,57,57,YOLO,1,32,0,22.751459875146807,0,[],0.10263705253601074,0.05048537254333496,0.05044102668762207,0.0004146099090576172,0.0006539821624755859
20250723_235239_609,-38,57,57,36.3,22.538516706579188,-79.97892761230469,-79.97892761230469,0.10115313529968262,0.15835785865783691,57,57,YOLO,1,32,0,22.538516706579188,0,[],0.10084271430969238,0.05047321319580078,0.050431251525878906,0.056763410568237305,0.0006835460662841797
20250723_235239_870,-38,57,57,36.3,22.479749286419306,-79.97113265991212,-79.97113265991212,0.10278868675231934,0.10202980041503906,57,57,YOLO,1,32,0,22.479749286419306,0,[],0.10245513916015625,0.0504608154296875,0.05048012733459473,0.0004017353057861328,0.0006814002990722656
20250723_235240_076,-38,57,57,36.3,22.548260473808895,-79.89119300842285,-79.89119300842285,0.10261058807373047,0.15842413902282715,57,57,YOLO,1,32,0,22.548260473808895,0,[],0.10234594345092773,0.050470829010009766,0.05048847198486328,0.05674862861633301,0.00070953369140625
20250723_235240_339,-38,57,57,36.3,22.572477711994622,-80.00021591186524,-80.00021591186524,0.10528564453125,0.10193252563476562,57,57,YOLO,1,32,0,22.572477711994622,0,[],0.10496044158935547,0.050447940826416016,0.05043363571166992,0.000396728515625,0.0006482601165771484
20250723_235240_548,-38,57,57,36.3,22.83571749572566,-79.62839126586914,-79.62839126586914,0.10256218910217285,0.15842700004577637,57,57,YOLO,1,32,0,22.83571749572566,0,[],0.10225653648376465,0.05043792724609375,0.050479888916015625,0.056793928146362305,0.0007085800170898438
20250723_235240_810,-38,56,56,34.8,22.85347965769168,-79.6154167175293,-79.6154167175293,0.10562658309936523,0.10205912590026855,56,56,YOLO,1,32,0,22.85347965769168,0,[],0.10529685020446777,0.05048322677612305,0.050481319427490234,0.0004000663757324219,0.0006885528564453125
20250723_235241_020,-38,56,56,34.8,24.81717558213768,-77.84126281738281,-77.84126281738281,0.09934067726135254,0.15848994255065918,56,56,YOLO,1,32,0,24.81717558213768,0,[],0.09899687767028809,0.050482988357543945,0.05049705505371094,0.05677342414855957,0.0007290840148925781
20250723_235241_279,-38,56,56,34.8,24.96091463506663,-77.7529525756836,-77.7529525756836,0.10280966758728027,0.10202693939208984,56,56,YOLO,1,32,0,24.96091463506663,0,[],0.10246133804321289,0.0504453182220459,0.050467491149902344,0.0004115104675292969,0.0006973743438720703
20250723_235241_486,-38,56,56,34.8,24.618717646858386,-77.87643547058106,-77.87643547058106,0.10162973403930664,0.15842604637145996,56,56,YOLO,1,32,0,24.618717646858386,0,[],0.10128903388977051,0.05048847198486328,0.05046820640563965,0.056758880615234375,0.0007038116455078125
20250723_235241_747,-37,56,56,34.8,24.673715185947046,-77.87338066101074,-77.87338066101074,0.10315775871276855,0.10202431678771973,56,56,YOLO,1,32,0,24.673715185947046,0,[],0.10286140441894531,0.05045890808105469,0.05048060417175293,0.00039958953857421875,0.0006799697875976562
20250723_235241_954,-37,56,56,34.8,23.955825064913952,-78.67506980895996,-78.67506980895996,0.12652897834777832,0.15839719772338867,56,56,YOLO,1,32,0,23.955825064913952,0,[],0.12615036964416504,0.05051994323730469,0.050473928451538086,0.05672025680541992,0.0006651878356933594
20250723_235242_241,-37,56,56,34.8,24.04692143707493,-78.61605682373047,-78.61605682373047,0.1043081283569336,0.10202598571777344,56,56,YOLO,1,32,0,24.04692143707493,0,[],0.10399484634399414,0.05047965049743652,0.050506591796875,0.0003998279571533203,0.0006339550018310547
20250723_235242_448,-37,56,56,34.8,23.928358722421038,-78.65424766540528,-78.65424766540528,0.1023104190826416,0.1584310531616211,56,56,YOLO,1,32,0,23.928358722421038,0,[],0.10195660591125488,0.050459861755371094,0.050492048263549805,0.056745052337646484,0.0007274150848388672
20250723_235242_711,-37,56,56,34.8,24.01754832943756,-78.48081665039062,-78.48081665039062,0.09868311882019043,0.10198330879211426,56,56,YOLO,1,32,0,24.01754832943756,0,[],0.09839892387390137,0.05046725273132324,0.05044865608215332,0.000396728515625,0.0006656646728515625
20250723_235242_913,-37,56,56,34.8,24.403697328330367,-78.09133567810059,-78.09133567810059,0.09743022918701172,0.15836119651794434,56,56,YOLO,1,32,0,24.403697328330367,0,[],0.0971217155456543,0.05048799514770508,0.0504450798034668,0.05671525001525879,0.0007061958312988281
20250723_235243_170,-37,56,56,34.8,24.3283303700575,-78.26250457763672,-78.26250457763672,0.10524153709411621,0.10207271575927734,56,56,YOLO,1,32,0,24.3283303700575,0,[],0.10492324829101562,0.05047607421875,0.050487518310546875,0.0004200935363769531,0.0006830692291259766
20250723_235243_379,-37,56,56,34.8,24.23798673627705,-78.37036094665527,-78.37036094665527,0.09876537322998047,0.1584022045135498,56,56,YOLO,1,32,0,24.23798673627705,0,[],0.0984346866607666,0.0504612922668457,0.05049300193786621,0.05675458908081055,0.0006864070892333984
20250723_235243_638,-37,56,56,34.8,23.958173401243073,-78.63323249816895,-78.63323249816895,0.10210251808166504,0.10192084312438965,56,56,YOLO,1,32,0,23.958173401243073,0,[],0.10176610946655273,0.050446510314941406,0.05042839050292969,0.00039696693420410156,0.0006434917449951172
20250723_235243_844,-37,56,56,34.8,24.26334869524824,-78.26287651062012,-78.26287651062012,0.10230040550231934,0.1584012508392334,56,56,YOLO,1,32,0,24.26334869524824,0,[],0.10197329521179199,0.05047440528869629,0.05046796798706055,0.05675649642944336,0.0006957054138183594
20250723_235244_106,-37,56,56,34.8,24.232076128016672,-78.3346736907959,-78.3346736907959,0.09874987602233887,0.1019887924194336,56,56,YOLO,1,32,0,24.232076128016672,0,[],0.0984659194946289,0.05045771598815918,0.0504608154296875,0.000396728515625,0.000667572021484375
20250723_235244_308,-37,56,56,34.8,24.01638431089691,-78.62142944335938,-78.62142944335938,0.10149788856506348,0.15835976600646973,56,56,YOLO,1,32,0,24.01638431089691,0,[],0.10117840766906738,0.05046439170837402,0.050414323806762695,0.056738853454589844,0.0007352828979492188
20250723_235244_570,-37,56,56,34.8,23.907793367151328,-78.5803237915039,-78.5803237915039,0.10584712028503418,0.1019589900970459,56,56,YOLO,1,32,0,23.907793367151328,0,[],0.10553193092346191,0.05044293403625488,0.050451040267944336,0.00040149688720703125,0.0006577968597412109
20250723_235244_779,-37,56,56,34.8,23.567656188827115,-79.0112117767334,-79.0112117767334,0.10030770301818848,0.158341646194458,56,56,YOLO,1,32,0,23.567656188827115,0,[],0.09994626045227051,0.050506591796875,0.05044698715209961,0.05671834945678711,0.0006630420684814453
20250723_235245_040,-37,56,56,34.8,23.619022355206013,-78.96085357666016,-78.96085357666016,0.10277605056762695,0.10199618339538574,56,56,YOLO,1,32,0,23.619022355206013,0,[],0.10242748260498047,0.05050230026245117,0.05044221878051758,0.00039505958557128906,0.0006511211395263672
20250723_235245_246,-37,55,55,33.4,25.152219755962676,-77.43542442321777,-77.43542442321777,0.10180783271789551,0.1583857536315918,55,55,YOLO,1,32,0,25.152219755962676,0,[],0.10149168968200684,0.05046391487121582,0.05044150352478027,0.05675005912780762,0.0007228851318359375
20250723_235245_508,-37,56,56,34.8,25.003172964260813,-77.50323486328125,-77.50323486328125,0.10218000411987305,0.10198593139648438,56,56,YOLO,1,32,0,25.003172964260813,0,[],0.10184764862060547,0.05046725273132324,0.0504605770111084,0.00041413307189941406,0.0006387233734130859
20250723_235245_713,-36,56,56,34.8,23.32840374281048,-79.27064781188965,-79.27064781188965,0.10200738906860352,0.1585533618927002,56,56,YOLO,1,32,0,23.32840374281048,0,[],0.10176444053649902,0.050556182861328125,0.05055499076843262,0.05675673484802246,0.0006763935089111328
20250723_235245_976,-36,56,56,34.8,23.291401536813893,-79.18876991271972,-79.18876991271972,0.10442924499511719,0.10204315185546875,56,56,YOLO,1,32,0,23.291401536813893,0,[],0.10408163070678711,0.0504603385925293,0.05047941207885742,0.0004253387451171875,0.0006718635559082031
20250723_235246_184,-36,56,56,34.8,22.837083214520604,-79.67652893066406,-79.67652893066406,0.10020041465759277,0.15838909149169922,56,56,YOLO,1,32,0,22.837083214520604,0,[],0.09987592697143555,0.05047297477722168,0.05047607421875,0.05675649642944336,0.0006768703460693359
20250723_235246_444,-36,56,56,34.8,23.030168572806204,-79.53607177734375,-79.53607177734375,0.09932851791381836,0.10198569297790527,56,56,YOLO,1,32,0,23.030168572806204,0,[],0.09899139404296875,0.05046987533569336,0.05043220520019531,0.00040149688720703125,0.0006766319274902344
20250723_235246_647,-36,56,56,34.8,23.479409650679287,-79.0245288848877,-79.0245288848877,0.1019740104675293,0.1586747169494629,56,56,YOLO,1,32,0,23.479409650679287,0,[],0.10166001319885254,0.05045676231384277,0.05047130584716797,0.056769609451293945,0.0009679794311523438
20250723_235246_910,-36,56,56,34.8,23.419097058760457,-79.022216796875,-79.022216796875,0.10467672348022461,0.10207891464233398,56,56,YOLO,1,32,0,23.419097058760457,0,[],0.10418224334716797,0.050492286682128906,0.05049014091491699,0.00039577484130859375,0.0006949901580810547
20250723_235247_118,-36,56,56,34.8,23.109250634524315,-79.36996459960938,-79.36996459960938,0.10193943977355957,0.1583716869354248,56,56,YOLO,1,32,0,23.109250634524315,0,[],0.10164713859558105,0.05044293403625488,0.05046415328979492,0.05676007270812988,0.0006966590881347656
20250723_235247_380,-36,56,56,34.8,22.783103142832502,-79.7214225769043,-79.7214225769043,0.10328483581542969,0.10198783874511719,56,56,YOLO,1,32,0,22.783103142832502,0,[],0.10293745994567871,0.05043983459472656,0.050496816635131836,0.0004000663757324219,0.0006453990936279297
20250723_235247_587,-36,56,56,34.8,22.96981048243846,-79.57177619934082,-79.57177619934082,0.10370469093322754,0.15831899642944336,56,56,YOLO,1,32,0,22.96981048243846,0,[],0.1033935546875,0.050440311431884766,0.05046391487121582,0.056737661361694336,0.0006709098815917969
20250723_235247_851,-36,55,55,33.4,22.903243357065094,-79.65093650817872,-79.65093650817872,0.10170912742614746,0.10196948051452637,55,55,YOLO,1,32,0,22.903243357065094,0,[],0.10137057304382324,0.05042839050292969,0.050445556640625,0.00043654441833496094,0.0006530284881591797
20250723_235248_056,-36,55,55,33.4,24.388991204059252,-78.08169860839844,-78.08169860839844,0.1035611629486084,0.15832138061523438,55,55,YOLO,1,32,0,24.388991204059252,0,[],0.10331535339355469,0.050443172454833984,0.0504460334777832,0.05675244331359863,0.0006728172302246094
20250723_235248_319,-36,56,56,34.8,24.29912503771625,-78.17057228088379,-78.17057228088379,0.10458707809448242,0.10200738906860352,56,56,YOLO,1,32,0,24.29912503771625,0,[],0.10426926612854004,0.05047941207885742,0.05049562454223633,0.0003809928894042969,0.0006463527679443359
20250723_235248_527,-36,56,56,34.8,22.71337417310258,-79.87755317687989,-79.87755317687989,0.10162186622619629,0.15850067138671875,56,56,YOLO,1,32,0,22.71337417310258,0,[],0.10131263732910156,0.050470590591430664,0.05048179626464844,0.05679678916931152,0.0007431507110595703
20250723_235248_789,-36,55,55,33.4,22.814122204142123,-79.64718246459961,-79.64718246459961,0.1009364128112793,0.1020042896270752,55,55,YOLO,1,32,0,22.814122204142123,0,[],0.1005716323852539,0.0504765510559082,0.05048680305480957,0.00039649009704589844,0.0006392002105712891
20250723_235248_994,-36,55,55,33.4,24.557550171411364,-77.99897727966308,-77.99897727966308,0.1022639274597168,0.15840435028076172,55,55,YOLO,1,32,0,24.557550171411364,0,[],0.1018984317779541,0.050458431243896484,0.05048370361328125,0.056780099868774414,0.0006747245788574219
20250723_235249_256,-36,55,55,33.4,24.626338078293358,-77.96161918640136,-77.96161918640136,0.10363149642944336,0.1020655632019043,55,55,YOLO,1,32,0,24.626338078293358,0,[],0.10329389572143555,0.05047607421875,0.05050778388977051,0.0003955364227294922,0.0006814002990722656
20250723_235249_463,-36,55,55,33.4,24.556695311000695,-77.95616874694824,-77.95616874694824,0.10334944725036621,0.15838360786437988,55,55,YOLO,1,32,0,24.556695311000695,0,[],0.10300421714782715,0.05046796798706055,0.05045366287231445,0.05676531791687012,0.0006899833679199219
20250723_235249_727,-35,55,55,33.4,24.538524046040166,-78.09156494140625,-78.09156494140625,0.1009376049041748,0.1020052433013916,55,55,YOLO,1,32,0,24.538524046040166,0,[],0.10062146186828613,0.05050849914550781,0.0504608154296875,0.00039649009704589844,0.0006341934204101562
20250723_235249_931,-35,55,55,33.4,23.86611476464742,-78.67747688293457,-78.67747688293457,0.10226607322692871,0.1583423614501953,55,55,YOLO,1,32,0,23.86611476464742,0,[],0.10196328163146973,0.05046534538269043,0.05046868324279785,0.05672478675842285,0.0006759166717529297
20250723_235250_193,-35,55,55,33.4,23.888118806397713,-78.7695083618164,-78.7695083618164,0.09097766876220703,0.10200023651123047,55,55,YOLO,1,32,0,23.888118806397713,0,[],0.09063959121704102,0.05046796798706055,0.050473928451538086,0.0004000663757324219,0.0006527900695800781
20250723_235250_388,-35,55,55,33.4,23.41454649666707,-79.15003204345703,-79.15003204345703,0.09990406036376953,0.1582775115966797,55,55,YOLO,1,32,0,23.41454649666707,0,[],0.09955549240112305,0.050440073013305664,0.05041861534118652,0.05674123764038086,0.0006701946258544922
20250723_235250_648,-35,55,55,33.4,23.359842079267608,-79.19845199584961,-79.19845199584961,0.10396838188171387,0.10198402404785156,55,55,YOLO,1,32,0,23.359842079267608,0,[],0.10358572006225586,0.05048346519470215,0.050469398498535156,0.0003724098205566406,0.0006527900695800781
20250723_235250_855,-35,55,55,33.4,23.460475049676802,-78.98029823303223,-78.98029823303223,0.10319733619689941,0.1583387851715088,55,55,YOLO,1,32,0,23.460475049676802,0,[],0.10287857055664062,0.05047869682312012,0.05046200752258301,0.05670905113220215,0.0006825923919677734
20250723_235251_118,-35,55,55,33.4,23.48494239738966,-78.9902530670166,-78.9902530670166,0.10518670082092285,0.10200715065002441,55,55,YOLO,1,32,0,23.48494239738966,0,[],0.10488510131835938,0.05045652389526367,0.050440311431884766,0.00044727325439453125,0.0006577968597412109
20250723_235251_327,-35,55,55,33.4,23.775993455927562,-78.75760116577149,-78.75760116577149,0.10183024406433105,0.15834641456604004,55,55,YOLO,1,32,0,23.775993455927562,0,[],0.10150933265686035,0.05046582221984863,0.050446510314941406,0.05675673484802246,0.0006709098815917969
20250723_235251_589,-35,55,55,33.4,23.80746165043044,-78.7151885986328,-78.7151885986328,0.10418081283569336,0.10203886032104492,55,55,YOLO,1,32,0,23.80746165043044,0,[],0.10380268096923828,0.050452232360839844,0.050478219985961914,0.000400543212890625,0.0007026195526123047
20250723_235251_797,-35,55,55,33.4,23.998561008571585,-78.51464958190918,-78.51464958190918,0.10262918472290039,0.1584334373474121,55,55,YOLO,1,32,0,23.998561008571585,0,[],0.10228896141052246,0.05048823356628418,0.05046224594116211,0.05677390098571777,0.0007023811340332031
20250723_235252_060,-35,55,55,33.4,23.890966760893406,-78.57522583007812,-78.57522583007812,0.1253516674041748,0.10198712348937988,55,55,YOLO,1,32,0,23.890966760893406,0,[],0.12502360343933105,0.05043292045593262,0.05046486854553223,0.0004067420959472656,0.0006756782531738281
20250723_235252_289,-35,55,55,33.4,23.78014494589729,-78.7147346496582,-78.7147346496582,0.10267949104309082,0.15857934951782227,55,55,YOLO,1,32,0,23.78014494589729,0,[],0.10235023498535156,0.05062747001647949,0.05047774314880371,0.05677342414855957,0.0006926059722900391
20250723_235252_552,-35,55,55,33.4,23.71243561807364,-78.83120498657226,-78.83120498657226,0.0987856388092041,0.10201430320739746,55,55,YOLO,1,32,0,23.71243561807364,0,[],0.09843134880065918,0.05045461654663086,0.0504918098449707,0.0004165172576904297,0.0006449222564697266
20250723_235252_754,-35,54,54,31.9,24.12042713858591,-78.4128978729248,-78.4128978729248,0.09772682189941406,0.15836668014526367,54,54,YOLO,1,32,0,24.12042713858591,0,[],0.09740972518920898,0.05048203468322754,0.05045175552368164,0.056746482849121094,0.0006792545318603516
20250723_235253_012,-35,54,54,31.9,24.245278874986028,-78.23050346374512,-78.23050346374512,0.10048580169677734,0.10196185111999512,54,54,YOLO,1,32,0,24.245278874986028,0,[],0.10017800331115723,0.050443410873413086,0.050455570220947266,0.00040030479431152344,0.0006573200225830078
20250723_235253_216,-35,54,54,31.9,24.339523909440103,-78.22509002685547,-78.22509002685547,0.10117745399475098,0.15835213661193848,54,54,YOLO,1,32,0,24.339523909440103,0,[],0.10084319114685059,0.05044698715209961,0.050467491149902344,0.056739091873168945,0.0006914138793945312
20250723_235253_477,-35,54,54,31.9,24.477930563547034,-78.06422119140625,-78.06422119140625,0.10208582878112793,0.10205602645874023,54,54,YOLO,1,32,0,24.477930563547034,0,[],0.10174179077148438,0.050481557846069336,0.050470829010009766,0.000400543212890625,0.0006976127624511719
20250723_235253_683,-34,54,54,31.9,23.55764478437088,-78.972900390625,-78.972900390625,0.10325789451599121,0.15837454795837402,54,54,YOLO,1,32,0,23.55764478437088,0,[],0.10293149948120117,0.050454139709472656,0.05044984817504883,0.05672788619995117,0.0007355213165283203
20250723_235253_946,-34,54,54,31.9,23.44162259322154,-79.16925048828125,-79.16925048828125,0.1026923656463623,0.10249567031860352,54,54,YOLO,1,32,0,23.44162259322154,0,[],0.10238504409790039,0.050484418869018555,0.050499916076660156,0.0004999637603759766,0.0010046958923339844
20250723_235254_154,-34,54,54,31.9,23.381949836181192,-79.1383213043213,-79.1383213043213,0.10203695297241211,0.15900039672851562,54,54,YOLO,1,32,0,23.381949836181192,0,[],0.1016092300415039,0.05093955993652344,0.050504446029663086,0.056842803955078125,0.0007059574127197266
20250723_235254_417,-34,54,54,31.9,23.441924778126563,-79.09321632385254,-79.09321632385254,0.10602569580078125,0.10227370262145996,54,54,YOLO,1,32,0,23.441924778126563,0,[],0.10556435585021973,0.05058097839355469,0.050507545471191406,0.00041747093200683594,0.0007612705230712891
20250723_235254_627,-34,54,54,31.9,23.37494011714699,-79.09696960449219,-79.09696960449219,0.10347580909729004,0.1588139533996582,54,54,YOLO,1,32,0,23.37494011714699,0,[],0.10314178466796875,0.05051398277282715,0.05051779747009277,0.05670666694641113,0.0010683536529541016
20250723_235254_891,-34,54,54,31.9,23.38895830137372,-79.03116607666016,-79.03116607666016,0.10257625579833984,0.10275912284851074,54,54,YOLO,1,32,0,23.38895830137372,0,[],0.10217714309692383,0.05053091049194336,0.050635576248168945,0.0005984306335449219,0.000986337661743164
20250723_235255_098,-34,54,54,31.9,22.973998154883375,-79.40961265563965,-79.40961265563965,0.10169768333435059,0.15866994857788086,54,54,YOLO,1,32,0,22.973998154883375,0,[],0.10138583183288574,0.05045175552368164,0.0505061149597168,0.05674862861633301,0.0009565353393554688
20250723_235255_361,-34,54,54,31.9,23.000398580996233,-79.47685432434082,-79.47685432434082,0.1036367416381836,0.10210919380187988,54,54,YOLO,1,32,0,23.000398580996233,0,[],0.10327553749084473,0.0505223274230957,0.05051398277282715,0.0004067420959472656,0.0006611347198486328
20250723_235255_568,-34,54,54,31.9,23.36381380499182,-79.15095520019531,-79.15095520019531,0.10157585144042969,0.15844368934631348,54,54,YOLO,1,32,0,23.36381380499182,0,[],0.10123229026794434,0.050504446029663086,0.05048871040344238,0.05674910545349121,0.0006935596466064453
20250723_235255_830,-34,54,54,31.9,23.268025242214833,-79.27064781188965,-79.27064781188965,0.10209512710571289,0.10200071334838867,54,54,YOLO,1,32,0,23.268025242214833,0,[],0.10170340538024902,0.05046844482421875,0.05046248435974121,0.000400543212890625,0.0006628036499023438
20250723_235256_035,-34,54,54,31.9,23.078277500568262,-79.3636318206787,-79.3636318206787,0.10228228569030762,0.15837502479553223,54,54,YOLO,1,32,0,23.078277500568262,0,[],0.10195088386535645,0.05044674873352051,0.050482749938964844,0.056769609451293945,0.0006701946258544922
20250723_235256_298,-34,54,54,31.9,23.19720210193009,-79.29200706481933,-79.29200706481933,0.10263371467590332,0.10197091102600098,54,54,YOLO,1,32,0,23.19720210193009,0,[],0.1022951602935791,0.05047726631164551,0.05045270919799805,0.00039839744567871094,0.0006368160247802734
20250723_235256_504,-34,54,54,31.9,23.40383973842704,-79.10015640258788,-79.10015640258788,0.1018226146697998,0.15842914581298828,54,54,YOLO,1,32,0,23.40383973842704,0,[],0.10148358345031738,0.05047965049743652,0.05044865608215332,0.05672717094421387,0.000766754150390625
20250723_235256_766,-34,54,54,31.9,23.551694684191276,-79.03088111877442,-79.03088111877442,0.10182666778564453,0.10212945938110352,54,54,YOLO,1,32,0,23.551694684191276,0,[],0.10153698921203613,0.05052971839904785,0.05047965049743652,0.0004239082336425781,0.0006899833679199219
20250723_235256_971,-34,53,53,30.5,24.778948259264553,-77.86234245300292,-77.86234245300292,0.10218977928161621,0.1586921215057373,53,53,YOLO,1,32,0,24.778948259264553,0,[],0.10186553001403809,0.050508975982666016,0.05049896240234375,0.05674624443054199,0.0009286403656005859
20250723_235257_235,-34,53,53,30.5,24.899110420127826,-77.65879173278809,-77.65879173278809,0.10129523277282715,0.10198187828063965,53,53,YOLO,1,32,0,24.899110420127826,0,[],0.10083198547363281,0.050449371337890625,0.050445556640625,0.00039887428283691406,0.0006818771362304688
20250723_235257_440,-34,53,53,30.5,24.571023388475737,-78.03095588684081,-78.03095588684081,0.1023416519165039,0.15841341018676758,53,53,YOLO,1,32,0,24.571023388475737,0,[],0.102020263671875,0.050506591796875,0.05044150352478027,0.05675792694091797,0.0006995201110839844
20250723_235257_702,-33,53,53,30.5,24.681948762793965,-77.79688262939453,-77.79688262939453,0.10192465782165527,0.10206794738769531,53,53,YOLO,1,32,0,24.681948762793965,0,[],0.10162091255187988,0.05045437812805176,0.0504612922668457,0.0004048347473144531,0.0007410049438476562
20250723_235257_907,-33,53,53,30.5,23.60365104181065,-78.90240135192872,-78.90240135192872,0.10405850410461426,0.15833282470703125,53,53,YOLO,1,32,0,23.60365104181065,0,[],0.10372233390808105,0.050446510314941406,0.05044078826904297,0.05676913261413574,0.0006704330444335938
20250723_235258_171,-33,53,53,30.5,23.639234077403415,-78.83120498657226,-78.83120498657226,0.10588312149047852,0.10200357437133789,53,53,YOLO,1,32,0,23.639234077403415,0,[],0.10552263259887695,0.05045032501220703,0.05048823356628418,0.00040650367736816406,0.0006537437438964844
20250723_235258_381,-33,53,53,30.5,24.199398256447296,-78.38504028320312,-78.38504028320312,0.1010746955871582,0.1583085060119629,53,53,YOLO,1,32,0,24.199398256447296,0,[],0.10076618194580078,0.05045652389526367,0.05048203468322754,0.0567173957824707,0.0006463527679443359
20250723_235258_642,-33,53,53,30.5,24.076442128061288,-78.4558334350586,-78.4558334350586,0.09896278381347656,0.10202622413635254,53,53,YOLO,1,32,0,24.076442128061288,0,[],0.09863138198852539,0.05050301551818848,0.05046701431274414,0.0004088878631591797,0.000640869140625
20250723_235258_845,-33,53,53,30.5,24.128065665927068,-78.4108901977539,-78.4108901977539,0.10213112831115723,0.1583847999572754,53,53,YOLO,1,32,0,24.128065665927068,0,[],0.10184478759765625,0.05048537254333496,0.050446510314941406,0.056748151779174805,0.0006983280181884766
20250723_235259_107,-33,53,53,30.5,24.31363290121037,-78.32843322753907,-78.32843322753907,0.10223197937011719,0.10201549530029297,53,53,YOLO,1,32,0,24.31363290121037,0,[],0.101898193359375,0.05045628547668457,0.05046963691711426,0.0004055500030517578,0.0006783008575439453
20250723_235259_313,-33,53,53,30.5,24.262972463709488,-78.20742149353028,-78.20742149353028,0.10062050819396973,0.15839409828186035,53,53,YOLO,1,32,0,24.262972463709488,0,[],0.10029053688049316,0.050467491149902344,0.050452470779418945,0.05678701400756836,0.0006797313690185547
20250723_235259_573,-33,54,54,31.9,24.309913948368077,-78.1148250579834,-78.1148250579834,0.09969091415405273,0.10196661949157715,54,54,YOLO,1,32,0,24.309913948368077,0,[],0.09940361976623535,0.05044245719909668,0.05045056343078613,0.0003991127014160156,0.0006701946258544922
20250723_235259_776,-33,54,54,31.9,21.923555356711418,-80.59697914123535,-80.59697914123535,0.10463643074035645,0.1583843231201172,54,54,YOLO,1,32,0,21.923555356711418,0,[],0.10429525375366211,0.050452232360839844,0.050490379333496094,0.05675148963928223,0.0006825923919677734
20250723_235300_041,-33,54,54,31.9,22.32753441398583,-80.20244178771972,-80.20244178771972,0.10118675231933594,0.10204100608825684,54,54,YOLO,1,32,0,22.32753441398583,0,[],0.1008901596069336,0.05048370361328125,0.0504908561706543,0.00037097930908203125,0.0006902217864990234
20250723_235300_246,-33,54,54,31.9,22.595593546258954,-79.95865974426269,-79.95865974426269,0.10090422630310059,0.15836739540100098,54,54,YOLO,1,32,0,22.595593546258954,0,[],0.1005709171295166,0.0504610538482666,0.05047297477722168,0.056723594665527344,0.0007028579711914062
20250723_235300_507,-33,54,54,31.9,22.423243977122283,-80.0062255859375,-80.0062255859375,0.10267782211303711,0.10208725929260254,54,54,YOLO,1,32,0,22.423243977122283,0,[],0.10235023498535156,0.050449371337890625,0.05047130584716797,0.0004012584686279297,0.0007598400115966797
20250723_235300_713,-33,53,53,30.5,24.415558970538527,-78.08618545532227,-78.08618545532227,0.10320711135864258,0.15837740898132324,53,53,YOLO,1,32,0,24.415558970538527,0,[],0.10289764404296875,0.05048680305480957,0.05045056343078613,0.05673956871032715,0.0006937980651855469
20250723_235300_976,-33,53,53,30.5,23.69973163524064,-78.80335922241211,-78.80335922241211,0.10284948348999023,0.10206842422485352,53,53,YOLO,1,32,0,23.69973163524064,0,[],0.10249924659729004,0.050464630126953125,0.05049872398376465,0.0004048347473144531,0.0006933212280273438
20250723_235301_183,-33,53,53,30.5,24.100112166522493,-78.33755493164062,-78.33755493164062,0.10347604751586914,0.15862011909484863,53,53,YOLO,1,32,0,24.100112166522493,0,[],0.10312747955322266,0.050472259521484375,0.05051469802856445,0.05680131912231445,0.0008249282836914062
20250723_235301_447,-33,53,53,30.5,24.165695564217813,-78.41718482971191,-78.41718482971191,0.10413098335266113,0.10233283042907715,53,53,YOLO,1,32,0,24.165695564217813,0,[],0.10375070571899414,0.050489187240600586,0.05067181587219238,0.0003867149353027344,0.0007781982421875
20250723_235301_655,-32,53,53,30.5,22.913264045193387,-79.57228469848633,-79.57228469848633,0.10166597366333008,0.15834355354309082,53,53,YOLO,1,32,0,22.913264045193387,0,[],0.10131454467773438,0.050488948822021484,0.050441741943359375,0.056731224060058594,0.000675201416015625
20250723_235301_917,-32,53,53,30.5,22.577257428661227,-79.9588607788086,-79.9588607788086,0.10337209701538086,0.10201740264892578,53,53,YOLO,1,32,0,22.577257428661227,0,[],0.1030576229095459,0.050458431243896484,0.05045151710510254,0.0004057884216308594,0.0006961822509765625
20250723_235302_124,-32,53,53,30.5,23.118645480077817,-79.4097900390625,-79.4097900390625,0.10326337814331055,0.15830516815185547,53,53,YOLO,1,32,0,23.118645480077817,0,[],0.10299801826477051,0.05045652389526367,0.050436973571777344,0.056732892990112305,0.0006732940673828125
20250723_235302_387,-32,53,53,30.5,23.073948155717048,-79.42284088134765,-79.42284088134765,0.10507082939147949,0.10203003883361816,53,53,YOLO,1,32,0,23.073948155717048,0,[],0.1047515869140625,0.050437211990356445,0.05050921440124512,0.00042700767517089844,0.0006504058837890625
20250723_235302_596,-32,53,53,30.5,22.79779214266763,-79.79114151000977,-79.79114151000977,0.10212063789367676,0.15830421447753906,53,53,YOLO,1,32,0,22.79779214266763,0,[],0.10179805755615234,0.05045962333679199,0.05045342445373535,0.05672812461853027,0.0006570816040039062
20250723_235302_858,-32,53,53,30.5,22.851662877976665,-79.72912101745605,-79.72912101745605,0.10233759880065918,0.1024472713470459,53,53,YOLO,1,32,0,22.851662877976665,0,[],0.10198974609375,0.05048704147338867,0.05048727989196777,0.00047588348388671875,0.0009908676147460938
20250723_235303_064,-32,53,53,30.5,22.830517111410117,-79.7497947692871,-79.7497947692871,0.10278940200805664,0.15866637229919434,53,53,YOLO,1,32,0,22.830517111410117,0,[],0.10242128372192383,0.05049586296081543,0.05049300193786621,0.0568082332611084,0.0008618831634521484
20250723_235303_328,-32,53,53,30.5,23.013668168039146,-79.46347045898438,-79.46347045898438,0.10233092308044434,0.10196685791015625,53,53,YOLO,1,32,0,23.013668168039146,0,[],0.10201716423034668,0.05045127868652344,0.05046367645263672,0.00039696693420410156,0.0006492137908935547
20250723_235303_534,-32,53,53,30.5,22.71160871264921,-79.87181854248047,-79.87181854248047,0.10127043724060059,0.15830254554748535,53,53,YOLO,1,32,0,22.71160871264921,0,[],0.1009516716003418,0.05044221878051758,0.050463199615478516,0.05669069290161133,0.0006988048553466797
20250723_235303_795,-32,53,53,30.5,22.656161288300012,-79.82730026245117,-79.82730026245117,0.10256433486938477,0.10213971138000488,53,53,YOLO,1,32,0,22.656161288300012,0,[],0.10222530364990234,0.05049467086791992,0.05052971839904785,0.0004055500030517578,0.0007038116455078125
20250723_235304_001,-32,53,53,30.5,22.669117080198262,-79.73036842346191,-79.73036842346191,0.10399699211120605,0.15840840339660645,53,53,YOLO,1,32,0,22.669117080198262,0,[],0.10368967056274414,0.05045342445373535,0.0504918098449707,0.056781768798828125,0.0006737709045410156
20250723_235304_265,-32,53,53,30.5,22.674822502327956,-79.73003425598145,-79.73003425598145,0.10439610481262207,0.1020348072052002,53,53,YOLO,1,32,0,22.674822502327956,0,[],0.10405969619750977,0.05047726631164551,0.05045652389526367,0.00038909912109375,0.0007059574127197266
20250723_235304_473,-32,53,53,30.5,23.07530377572384,-79.36983985900879,-79.36983985900879,0.1014108657836914,0.1583712100982666,53,53,YOLO,1,32,0,23.07530377572384,0,[],0.10108232498168945,0.050463199615478516,0.05044078826904297,0.056743621826171875,0.0007171630859375
20250723_235304_735,-32,52,52,29.0,23.138405183770985,-79.46347045898438,-79.46347045898438,0.10289192199707031,0.10201597213745117,52,52,YOLO,1,32,0,23.138405183770985,0,[],0.10256099700927734,0.05044865608215332,0.05048513412475586,0.00040221214294433594,0.0006742477416992188
20250723_235304_941,-32,52,52,29.0,24.722596584552477,-77.78977127075196,-77.78977127075196,0.10232043266296387,0.15854573249816895,52,52,YOLO,1,32,0,24.722596584552477,0,[],0.10202622413635254,0.05049443244934082,0.05045366287231445,0.056771278381347656,0.0008180141448974609
20250723_235305_204,-32,52,52,29.0,24.701643972250352,-77.73768577575683,-77.73768577575683,0.10191941261291504,0.10204410552978516,52,52,YOLO,1,32,0,24.701643972250352,0,[],0.10159993171691895,0.05046248435974121,0.050447702407836914,0.0003972053527832031,0.0007302761077880859
20250723_235305_409,-32,52,52,29.0,25.177104552512546,-77.38563346862793,-77.38563346862793,0.10125875473022461,0.15872693061828613,52,52,YOLO,1,32,0,25.177104552512546,0,[],0.10090160369873047,0.0504608154296875,0.050466299057006836,0.056761980056762695,0.0010302066802978516
20250723_235305_672,-31,52,52,29.0,25.109760405031565,-77.35796775817872,-77.35796775817872,0.10198640823364258,0.10207438468933105,52,52,YOLO,1,32,0,25.109760405031565,0,[],0.10155272483825684,0.05049014091491699,0.05050158500671387,0.0004029273986816406,0.0006742477416992188
20250723_235305_877,-31,52,52,29.0,24.31920997767091,-78.10402793884278,-78.10402793884278,0.10388612747192383,0.15839409828186035,52,52,YOLO,1,32,0,24.31920997767091,0,[],0.10354447364807129,0.050450801849365234,0.05046892166137695,0.056786537170410156,0.0006816387176513672
20250723_235306_141,-31,52,52,29.0,24.319315297140705,-78.18775520324706,-78.18775520324706,0.1038060188293457,0.10193443298339844,52,52,YOLO,1,32,0,24.319315297140705,0,[],0.1034553050994873,0.05042624473571777,0.05045485496520996,0.00039768218994140625,0.0006494522094726562
20250723_235306_348,-31,52,52,29.0,24.254612919190606,-78.21930618286133,-78.21930618286133,0.10302472114562988,0.15842795372009277,52,52,YOLO,1,32,0,24.254612919190606,0,[],0.10275411605834961,0.05048012733459473,0.050441741943359375,0.056828975677490234,0.0006699562072753906
20250723_235306_611,-31,52,52,29.0,24.117279278019808,-78.27905464172363,-78.27905464172363,0.10507512092590332,0.10201239585876465,52,52,YOLO,1,32,0,24.117279278019808,0,[],0.1047208309173584,0.05045914649963379,0.05050349235534668,0.00039768218994140625,0.0006468296051025391
20250723_235306_820,-31,52,52,29.0,24.306057380990495,-78.23633575439453,-78.23633575439453,0.10172891616821289,0.1583852767944336,52,52,YOLO,1,32,0,24.306057380990495,0,[],0.10140466690063477,0.05045580863952637,0.05047869682312012,0.056757211685180664,0.0006873607635498047
20250723_235307_082,-31,52,52,29.0,24.38800917446345,-78.12933616638183,-78.12933616638183,0.10050249099731445,0.10195493698120117,52,52,YOLO,1,32,0,24.38800917446345,0,[],0.10016942024230957,0.05044269561767578,0.05042839050292969,0.0004017353057861328,0.0006766319274902344
20250723_235307_286,-31,52,52,29.0,24.414929297639034,-78.094921875,-78.094921875,0.10144591331481934,0.15836787223815918,52,52,YOLO,1,32,0,24.414929297639034,0,[],0.10109639167785645,0.05048871040344238,0.05043935775756836,0.05673837661743164,0.0006937980651855469
20250723_235307_547,-31,52,52,29.0,24.402872454952288,-78.09955177307128,-78.09955177307128,0.10381436347961426,0.10203742980957031,52,52,YOLO,1,32,0,24.402872454952288,0,[],0.1034853458404541,0.05046248435974121,0.0505061149597168,0.0004000663757324219,0.0006623268127441406
20250723_235307_755,-31,52,52,29.0,24.29212751607473,-78.23854217529296,-78.23854217529296,0.10186219215393066,0.15836119651794434,52,52,YOLO,1,32,0,24.29212751607473,0,[],0.10154366493225098,0.050462961196899414,0.05045366287231445,0.056766510009765625,0.0006706714630126953
20250723_235308_017,-31,52,52,29.0,24.27019477671128,-78.25458908081055,-78.25458908081055,0.10437798500061035,0.10200738906860352,52,52,YOLO,1,32,0,24.27019477671128,0,[],0.10404491424560547,0.05045747756958008,0.05045199394226074,0.00040721893310546875,0.0006847381591796875
20250723_235308_225,-31,52,52,29.0,24.282764452766685,-78.27676048278809,-78.27676048278809,0.10281133651733398,0.1583232879638672,52,52,YOLO,1,32,0,24.282764452766685,0,[],0.1025090217590332,0.05046677589416504,0.050436973571777344,0.056730031967163086,0.0006823539733886719
20250723_235308_488,-31,52,52,29.0,24.274841745745363,-78.35317764282226,-78.35317764282226,0.10258173942565918,0.10197186470031738,52,52,YOLO,1,32,0,24.274841745745363,0,[],0.10226893424987793,0.050445556640625,0.05046892166137695,0.0003883838653564453,0.0006632804870605469
20250723_235308_694,-31,52,52,29.0,23.961241462471037,-78.64775314331055,-78.64775314331055,0.10183358192443848,0.1583261489868164,52,52,YOLO,1,32,0,23.961241462471037,0,[],0.10149765014648438,0.05045628547668457,0.05046200752258301,0.056737422943115234,0.00066375732421875
20250723_235308_956,-31,51,51,27.6,23.99599497440805,-78.46340599060059,-78.46340599060059,0.10267090797424316,0.10196900367736816,51,51,YOLO,1,32,0,23.99599497440805,0,[],0.10235428810119629,0.05045032501220703,0.05047416687011719,0.00040030479431152344,0.0006382465362548828
20250723_235309_162,-31,51,51,27.6,25.576636727314053,-76.79019393920899,-76.79019393920899,0.10376429557800293,0.1585249900817871,51,51,YOLO,1,32,0,25.576636727314053,0,[],0.10342240333557129,0.050501108169555664,0.050521135330200195,0.05680727958679199,0.0006871223449707031
20250723_235309_426,-31,51,51,27.6,25.691637385656662,-76.8016128540039,-76.8016128540039,0.10341501235961914,0.10196876525878906,51,51,YOLO,1,32,0,25.691637385656662,0,[],0.10310149192810059,0.05046367645263672,0.050461769104003906,0.0004165172576904297,0.0006210803985595703
20250723_235309_633,-30,51,51,27.6,25.22585768239682,-77.31009635925292,-77.31009635925292,0.10162830352783203,0.158341646194458,51,51,YOLO,1,32,0,25.22585768239682,0,[],0.10130119323730469,0.05046796798706055,0.050469398498535156,0.05672287940979004,0.0006749629974365234
20250723_235309_894,-30,51,51,27.6,25.12110112629233,-77.33295555114746,-77.33295555114746,0.10278987884521484,0.10197567939758301,51,51,YOLO,1,32,0,25.12110112629233,0,[],0.1024777889251709,0.0504453182220459,0.05048775672912598,0.00038242340087890625,0.0006539821624755859
20250723_235310_101,-30,51,51,27.6,25.20284476357149,-77.39646759033204,-77.39646759033204,0.1014857292175293,0.15832161903381348,51,51,YOLO,1,32,0,25.20284476357149,0,[],0.10121488571166992,0.05042457580566406,0.05045938491821289,0.05676102638244629,0.0006699562072753906
20250723_235310_362,-30,51,51,27.6,25.170507699819836,-77.32599182128907,-77.32599182128907,0.10398602485656738,0.1019442081451416,51,51,YOLO,1,32,0,25.170507699819836,0,[],0.10363602638244629,0.05046415328979492,0.05043506622314453,0.00039124488830566406,0.0006480216979980469
20250723_235310_570,-30,51,51,27.6,24.830345426403895,-77.68536491394043,-77.68536491394043,0.10194087028503418,0.1583569049835205,51,51,YOLO,1,32,0,24.830345426403895,0,[],0.10160589218139648,0.05048823356628418,0.05045270919799805,0.056757211685180664,0.0006511211395263672
20250723_235310_832,-30,51,51,27.6,24.741733332692405,-77.81929473876953,-77.81929473876953,0.10489749908447266,0.10201263427734375,51,51,YOLO,1,32,0,24.741733332692405,0,[],0.10461831092834473,0.0504453182220459,0.05047178268432617,0.0004334449768066406,0.0006563663482666016
20250723_235311_040,-30,51,51,27.6,24.653028512556318,-77.81220970153808,-77.81220970153808,0.09969067573547363,0.15836048126220703,51,51,YOLO,1,32,0,24.653028512556318,0,[],0.09930133819580078,0.050452470779418945,0.050462961196899414,0.05675673484802246,0.0006816387176513672
20250723_235311_300,-30,51,51,27.6,24.724807636368965,-77.87671661376953,-77.87671661376953,0.10265421867370605,0.10199594497680664,51,51,YOLO,1,32,0,24.724807636368965,0,[],0.10234880447387695,0.05045199394226074,0.050462961196899414,0.00040268898010253906,0.0006728172302246094
20250723_235311_506,-30,51,51,27.6,25.133775196316805,-77.44101486206054,-77.44101486206054,0.10233616828918457,0.158308744430542,51,51,YOLO,1,32,0,25.133775196316805,0,[],0.10202622413635254,0.05045914649963379,0.05047297477722168,0.05671525001525879,0.0006561279296875
20250723_235311_768,-30,51,51,27.6,24.927274504247023,-77.47100563049317,-77.47100563049317,0.1038508415222168,0.10197591781616211,51,51,YOLO,1,32,0,24.927274504247023,0,[],0.10351300239562988,0.050498008728027344,0.05042886734008789,0.0003924369812011719,0.0006506443023681641
20250723_235311_976,-30,51,51,27.6,24.76278714331879,-77.7010498046875,-77.7010498046875,0.10252070426940918,0.158355712890625,51,51,YOLO,1,32,0,24.76278714331879,0,[],0.1022500991821289,0.05045437812805176,0.05045604705810547,0.05672645568847656,0.0007119178771972656
20250723_235312_238,-30,51,51,27.6,24.68987771325672,-77.89349021911622,-77.89349021911622,0.10281777381896973,0.10202193260192871,51,51,YOLO,1,32,0,24.68987771325672,0,[],0.1025092601776123,0.05049300193786621,0.050453901290893555,0.0003905296325683594,0.0006787776947021484
20250723_235312_445,-30,51,51,27.6,25.036663931228887,-77.49488067626953,-77.49488067626953,0.10216593742370605,0.15841960906982422,51,51,YOLO,1,32,0,25.036663931228887,0,[],0.10181570053100586,0.05049252510070801,0.05042243003845215,0.05679059028625488,0.0007069110870361328
20250723_235312_707,-30,51,51,27.6,25.056071136906965,-77.47434158325196,-77.47434158325196,0.10314321517944336,0.10204482078552246,51,51,YOLO,1,32,0,25.056071136906965,0,[],0.10285186767578125,0.05047464370727539,0.050484657287597656,0.0004096031188964844,0.0006701946258544922
20250723_235312_914,-30,51,51,27.6,25.03241753126585,-77.55014038085938,-77.55014038085938,0.10202789306640625,0.1583724021911621,51,51,YOLO,1,32,0,25.03241753126585,0,[],0.10170722007751465,0.05046844482421875,0.05043363571166992,0.05679774284362793,0.0006661415100097656
20250723_235313_176,-30,51,51,27.6,25.119167801292434,-77.44629936218261,-77.44629936218261,0.10383439064025879,0.10196256637573242,51,51,YOLO,1,32,0,25.119167801292434,0,[],0.1034998893737793,0.050444841384887695,0.05045032501220703,0.0003807544708251953,0.0006804466247558594
20250723_235313_383,-30,51,51,27.6,25.244938561054624,-77.24880104064941,-77.24880104064941,0.10352277755737305,0.15871548652648926,51,51,YOLO,1,32,0,25.244938561054624,0,[],0.10319161415100098,0.05047726631164551,0.05044984817504883,0.05679821968078613,0.000982522964477539
20250723_235313_647,-29,51,51,27.6,25.068219021605955,-77.29250526428223,-77.29250526428223,0.10372281074523926,0.10204172134399414,51,51,YOLO,1,32,0,25.068219021605955,0,[],0.10335493087768555,0.05047416687011719,0.050467729568481445,0.00040531158447265625,0.0006887912750244141
20250723_235313_855,-29,51,51,27.6,24.212207126713338,-78.28934516906739,-78.28934516906739,0.10131454467773438,0.15830373764038086,51,51,YOLO,1,32,0,24.212207126713338,0,[],0.10096549987792969,0.05043649673461914,0.05042099952697754,0.05672955513000488,0.0007102489471435547
20250723_235314_116,-29,51,51,27.6,24.11988501595829,-78.3395336151123,-78.3395336151123,0.10173988342285156,0.10199117660522461,51,51,YOLO,1,32,0,24.11988501595829,0,[],0.10137581825256348,0.050444602966308594,0.05047178268432617,0.000396728515625,0.0006725788116455078
20250723_235314_321,-29,51,51,27.6,24.20533878764023,-78.47514343261719,-78.47514343261719,0.10079264640808105,0.15843939781188965,51,51,YOLO,1,32,0,24.20533878764023,0,[],0.10042285919189453,0.05047774314880371,0.050450801849365234,0.05679774284362793,0.0007069110870361328
20250723_235314_582,-29,51,51,27.6,24.13573951725398,-78.37368507385254,-78.37368507385254,0.10214018821716309,0.10190320014953613,51,51,YOLO,1,32,0,24.13573951725398,0,[],0.10182452201843262,0.0503993034362793,0.05044364929199219,0.00039768218994140625,0.0006575584411621094
20250723_235314_788,-29,51,51,27.6,24.09544724353765,-78.37368507385254,-78.37368507385254,0.10175848007202148,0.15836215019226074,51,51,YOLO,1,32,0,24.09544724353765,0,[],0.10143780708312988,0.05045890808105469,0.05045604705810547,0.0567479133605957,0.0006930828094482422
20250723_235315_050,-29,51,51,27.6,23.96580415337843,-78.52446746826172,-78.52446746826172,0.10146331787109375,0.10207581520080566,51,51,YOLO,1,32,0,23.96580415337843,0,[],0.10115575790405273,0.05049014091491699,0.05042433738708496,0.0004057884216308594,0.0007491111755371094
20250723_235315_255,-29,51,51,27.6,24.21855373298989,-78.2752254486084,-78.2752254486084,0.10130596160888672,0.15835785865783691,51,51,YOLO,1,32,0,24.21855373298989,0,[],0.10097408294677734,0.050463199615478516,0.0504610538482666,0.05674862861633301,0.0006783008575439453
20250723_235315_516,-29,51,51,27.6,24.213741415133256,-78.32375679016113,-78.32375679016113,0.10342288017272949,0.10198712348937988,51,51,YOLO,1,32,0,24.213741415133256,0,[],0.10304450988769531,0.05047178268432617,0.05045461654663086,0.0003840923309326172,0.0006716251373291016
20250723_235315_723,-29,51,51,27.6,23.970772832938593,-78.62165184020996,-78.62165184020996,0.10291552543640137,0.15837883949279785,51,51,YOLO,1,32,0,23.970772832938593,0,[],0.10254597663879395,0.050475358963012695,0.05047607421875,0.05674910545349121,0.0006718635559082031
20250723_235315_986,-29,51,51,27.6,24.300747957683583,-78.18701667785645,-78.18701667785645,0.10819149017333984,0.10199975967407227,51,51,YOLO,1,32,0,24.300747957683583,0,[],0.10782170295715332,0.050443172454833984,0.050443410873413086,0.000400543212890625,0.0007073879241943359
20250723_235316_198,-29,51,51,27.6,24.265653912406847,-78.22975692749023,-78.22975692749023,0.10080122947692871,0.15838980674743652,51,51,YOLO,1,32,0,24.265653912406847,0,[],0.1004934310913086,0.05047011375427246,0.05045127868652344,0.056734561920166016,0.0007276535034179688
20250723_235316_459,-29,51,51,27.6,24.029718974523476,-78.49296531677246,-78.49296531677246,0.10501384735107422,0.10198712348937988,51,51,YOLO,1,32,0,24.029718974523476,0,[],0.10468506813049316,0.050484418869018555,0.05045032501220703,0.0003917217254638672,0.0006554126739501953
20250723_235316_667,-29,50,50,26.1,25.428997712163735,-77.18952941894531,-77.18952941894531,0.10242724418640137,0.15839362144470215,50,50,YOLO,1,32,0,25.428997712163735,0,[],0.10211753845214844,0.05044889450073242,0.0504610538482666,0.05679893493652344,0.0006785392761230469
20250723_235316_930,-29,50,50,26.1,25.521915229990185,-77.06683349609375,-77.06683349609375,0.10298895835876465,0.10199570655822754,50,50,YOLO,1,32,0,25.521915229990185,0,[],0.10267281532287598,0.05048823356628418,0.05044269561767578,0.00040030479431152344,0.0006580352783203125
20250723_235317_136,-29,50,50,26.1,25.58398806007243,-77.00271911621094,-77.00271911621094,0.09839558601379395,0.1583402156829834,50,50,YOLO,1,32,0,25.58398806007243,0,[],0.0980980396270752,0.050446271896362305,0.05044984817504883,0.05674552917480469,0.0006909370422363281
20250723_235317_395,-29,50,50,26.1,25.60513131094669,-76.94931640625,-76.94931640625,0.1024329662322998,0.1020047664642334,50,50,YOLO,1,32,0,25.60513131094669,0,[],0.10212159156799316,0.05045962333679199,0.05046200752258301,0.00041413307189941406,0.00066375732421875
20250723_235317_601,-28,50,50,26.1,24.646226720745645,-77.86181373596192,-77.86181373596192,0.10058784484863281,0.15832257270812988,50,50,YOLO,1,32,0,24.646226720745645,0,[],0.10030102729797363,0.05043172836303711,0.05046510696411133,0.056746721267700195,0.0006721019744873047
20250723_235317_862,-28,50,50,26.1,24.560581806744466,-77.81963310241699,-77.81963310241699,0.10130000114440918,0.10206389427185059,50,50,YOLO,1,32,0,24.560581806744466,0,[],0.10096025466918945,0.0504755973815918,0.0504453182220459,0.00039649009704589844,0.0007395744323730469
20250723_235318_067,-28,50,50,26.1,24.197413448016803,-78.3561782836914,-78.3561782836914,0.10237360000610352,0.15841245651245117,50,50,YOLO,1,32,0,24.197413448016803,0,[],0.10203790664672852,0.050472259521484375,0.050467491149902344,0.056780338287353516,0.0006847381591796875
20250723_235318_329,-28,50,50,26.1,24.336878145317698,-78.21890144348144,-78.21890144348144,0.10242819786071777,0.10202240943908691,50,50,YOLO,1,32,0,24.336878145317698,0,[],0.1020963191986084,0.050444602966308594,0.05046391487121582,0.0004010200500488281,0.0007073879241943359
20250723_235318_535,-28,50,50,26.1,24.20763098116518,-78.31877098083496,-78.31877098083496,0.09854555130004883,0.15831398963928223,50,50,YOLO,1,32,0,24.20763098116518,0,[],0.09822940826416016,0.050432682037353516,0.05043339729309082,0.05673789978027344,0.0007030963897705078
20250723_235318_794,-28,50,50,26.1,24.173074782162303,-78.39467849731446,-78.39467849731446,0.10285711288452148,0.10197019577026367,50,50,YOLO,1,32,0,24.173074782162303,0,[],0.10254716873168945,0.05045771598815918,0.0504610538482666,0.0003838539123535156,0.0006616115570068359
20250723_235319_000,-28,50,50,26.1,24.346190967826075,-78.25407943725585,-78.25407943725585,0.102386474609375,0.15839242935180664,50,50,YOLO,1,32,0,24.346190967826075,0,[],0.10207200050354004,0.05046892166137695,0.05043530464172363,0.0567469596862793,0.0007343292236328125
20250723_235319_263,-28,50,50,26.1,24.51779379232218,-78.22579956054688,-78.22579956054688,0.10653448104858398,0.10203361511230469,50,50,YOLO,1,32,0,24.51779379232218,0,[],0.10618448257446289,0.05049443244934082,0.050447940826416016,0.0004050731658935547,0.0006806850433349609
20250723_235319_473,-28,50,50,26.1,24.29012486756426,-78.25458908081055,-78.25458908081055,0.10202765464782715,0.15840649604797363,50,50,YOLO,1,32,0,24.29012486756426,0,[],0.10173392295837402,0.0504915714263916,0.0504605770111084,0.05675864219665527,0.0006899833679199219
20250723_235319_735,-28,50,50,26.1,24.459456758533236,-78.08448638916016,-78.08448638916016,0.10402059555053711,0.10210895538330078,50,50,YOLO,1,32,0,24.459456758533236,0,[],0.10367774963378906,0.05043506622314453,0.05045628547668457,0.000392913818359375,0.0008187294006347656
20250723_235319_943,-28,50,50,26.1,24.470350802114552,-78.02338829040528,-78.02338829040528,0.10185742378234863,0.15842533111572266,50,50,YOLO,1,32,0,24.470350802114552,0,[],0.10152626037597656,0.05047249794006348,0.0504610538482666,0.056732892990112305,0.0007512569427490234
20250723_235320_205,-28,50,50,26.1,24.51085194093416,-77.9847370147705,-77.9847370147705,0.10441064834594727,0.10201215744018555,50,50,YOLO,1,32,0,24.51085194093416,0,[],0.1040792465209961,0.05044412612915039,0.05046725273132324,0.0004067420959472656,0.0006883144378662109
20250723_235320_413,-28,50,50,26.1,24.426877682419985,-78.11498985290527,-78.11498985290527,0.10113787651062012,0.15837383270263672,50,50,YOLO,1,32,0,24.426877682419985,0,[],0.10082054138183594,0.050459861755371094,0.05049300193786621,0.056746482849121094,0.000667572021484375
20250723_235320_674,-28,49,49,24.7,24.5113765813107,-77.98092803955078,-77.98092803955078,0.10206866264343262,0.10209989547729492,49,49,YOLO,1,32,0,24.5113765813107,0,[],0.10176372528076172,0.05045509338378906,0.0504605770111084,0.0004050731658935547,0.0007722377777099609
20250723_235320_880,-28,49,49,24.7,25.729934668391763,-76.75309524536132,-76.75309524536132,0.0993502140045166,0.15832209587097168,49,49,YOLO,1,32,0,25.729934668391763,0,[],0.09899616241455078,0.050486087799072266,0.05041384696960449,0.056734561920166016,0.0006814002990722656
20250723_235321_139,-28,49,49,24.7,25.71805619594599,-76.8127456665039,-76.8127456665039,0.0990896224975586,0.10204815864562988,49,49,YOLO,1,32,0,25.71805619594599,0,[],0.09874415397644043,0.05047178268432617,0.050479888916015625,0.000400543212890625,0.0006895065307617188
20250723_235321_342,-28,49,49,24.7,25.365872616140678,-77.20477676391602,-77.20477676391602,0.10307455062866211,0.1583859920501709,49,49,YOLO,1,32,0,25.365872616140678,0,[],0.10272932052612305,0.05047750473022461,0.05046892166137695,0.05674004554748535,0.0006923675537109375
20250723_235321_605,-27,49,49,24.7,25.306863945365507,-77.22776374816894,-77.22776374816894,0.10388755798339844,0.10199546813964844,49,49,YOLO,1,32,0,25.306863945365507,0,[],0.1035459041595459,0.05043387413024902,0.05046796798706055,0.0004036426544189453,0.0006856918334960938
20250723_235321_812,-27,49,49,24.7,24.39904214969053,-78.01155128479004,-78.01155128479004,0.10237860679626465,0.15839862823486328,49,49,YOLO,1,32,0,24.39904214969053,0,[],0.1020669937133789,0.050501346588134766,0.05047893524169922,0.05672621726989746,0.0006856918334960938
20250723_235322_075,-27,49,49,24.7,24.55492062864971,-77.84891662597656,-77.84891662597656,0.10475492477416992,0.10198283195495605,49,49,YOLO,1,32,0,24.55492062864971,0,[],0.10442519187927246,0.0504300594329834,0.05044364929199219,0.00038933753967285156,0.000713348388671875
20250723_235322_283,-27,49,49,24.7,25.11808541322263,-77.396439743042,-77.396439743042,0.10358166694641113,0.15836310386657715,49,49,YOLO,1,32,0,25.11808541322263,0,[],0.10327029228210449,0.05048418045043945,0.0504307746887207,0.05675554275512695,0.0006868839263916016
20250723_235322_547,-27,49,49,24.7,25.222321036104603,-77.30006790161133,-77.30006790161133,0.10172867774963379,0.10202693939208984,49,49,YOLO,1,32,0,25.222321036104603,0,[],0.10142087936401367,0.05047106742858887,0.05048060417175293,0.0003998279571533203,0.0006701946258544922
20250723_235322_752,-27,49,49,24.7,25.183571294246292,-77.27547073364258,-77.27547073364258,0.10118222236633301,0.15846014022827148,49,49,YOLO,1,32,0,25.183571294246292,0,[],0.10083699226379395,0.05051398277282715,0.05048727989196777,0.05677175521850586,0.0006792545318603516
20250723_235323_014,-27,49,49,24.7,25.206162966983243,-77.3084487915039,-77.3084487915039,0.10670351982116699,0.10199522972106934,49,49,YOLO,1,32,0,25.206162966983243,0,[],0.10635876655578613,0.05047345161437988,0.05045342445373535,0.0004031658172607422,0.0006592273712158203
20250723_235323_224,-27,50,50,26.1,23.2891654960829,-79.03116607666016,-79.03116607666016,0.10124707221984863,0.15834665298461914,50,50,YOLO,1,32,0,23.2891654960829,0,[],0.10091233253479004,0.05048060417175293,0.05045914649963379,0.05672049522399902,0.0006797313690185547
20250723_235323_485,-27,49,49,24.7,23.22225480644626,-79.3322525024414,-79.3322525024414,0.10358500480651855,0.10199379920959473,49,49,YOLO,1,32,0,23.22225480644626,0,[],0.1032416820526123,0.05047750473022461,0.050445556640625,0.0004000663757324219,0.0006651878356933594
20250723_235323_692,-27,49,49,24.7,25.03012549326516,-77.5364974975586,-77.5364974975586,0.10223221778869629,0.15847563743591309,49,49,YOLO,1,32,0,25.03012549326516,0,[],0.10192680358886719,0.0504612922668457,0.050482988357543945,0.05676722526550293,0.0007567405700683594
20250723_235323_955,-27,49,49,24.7,24.95574101242478,-77.53459129333496,-77.53459129333496,0.09919238090515137,0.10196113586425781,49,49,YOLO,1,32,0,24.95574101242478,0,[],0.09887218475341797,0.05045318603515625,0.05042147636413574,0.000400543212890625,0.0006804466247558594
20250723_235324_158,-27,49,49,24.7,25.13734230830677,-77.33259773254395,-77.33259773254395,0.10325956344604492,0.15836834907531738,49,49,YOLO,1,32,0,25.13734230830677,0,[],0.1029202938079834,0.05045962333679199,0.05052065849304199,0.056731224060058594,0.0006499290466308594
20250723_235324_421,-27,49,49,24.7,25.187546388462735,-77.30163345336913,-77.30163345336913,0.10220026969909668,0.10195660591125488,49,49,YOLO,1,32,0,25.187546388462735,0,[],0.10187458992004395,0.050455331802368164,0.05044078826904297,0.0003993511199951172,0.0006556510925292969
20250723_235324_627,-27,49,49,24.7,25.169003774849813,-77.34733810424805,-77.34733810424805,0.10086870193481445,0.1583714485168457,49,49,YOLO,1,32,0,25.169003774849813,0,[],0.10056185722351074,0.050449371337890625,0.05045938491821289,0.05677056312561035,0.0006859302520751953
20250723_235324_887,-27,49,49,24.7,25.14585167021471,-77.40550575256347,-77.40550575256347,0.10424041748046875,0.10210394859313965,49,49,YOLO,1,32,0,25.14585167021471,0,[],0.10386252403259277,0.05058693885803223,0.050440073013305664,0.0004107952117919922,0.0006592273712158203
20250723_235325_095,-27,49,49,24.7,24.55198383958991,-77.9011459350586,-77.9011459350586,0.10234284400939941,0.15837454795837402,49,49,YOLO,1,32,0,24.55198383958991,0,[],0.10202169418334961,0.05051255226135254,0.05048513412475586,0.05669355392456055,0.0006766319274902344
20250723_235325_358,-27,49,49,24.7,24.58768388887229,-77.91615715026856,-77.91615715026856,0.1024014949798584,0.10198307037353516,49,49,YOLO,1,32,0,24.58768388887229,0,[],0.10206055641174316,0.05045509338378906,0.05046892166137695,0.00040459632873535156,0.0006496906280517578
20250723_235325_564,-26,49,49,24.7,23.649341593528845,-78.79583282470703,-78.79583282470703,0.10381340980529785,0.1584322452545166,49,49,YOLO,1,32,0,23.649341593528845,0,[],0.10350251197814941,0.05045628547668457,0.050454139709472656,0.056799888610839844,0.0007152557373046875
20250723_235325_828,-26,49,49,24.7,23.325250912021644,-79.18708000183105,-79.18708000183105,0.10152864456176758,0.10203742980957031,49,49,YOLO,1,32,0,23.325250912021644,0,[],0.10120439529418945,0.05049324035644531,0.05043745040893555,0.00040531158447265625,0.0006959438323974609
20250723_235326_033,-26,49,49,24.7,23.568946584912567,-78.90667724609375,-78.90667724609375,0.10274076461791992,0.1585233211517334,49,49,YOLO,1,32,0,23.568946584912567,0,[],0.1023714542388916,0.05055737495422363,0.050516366958618164,0.05676412582397461,0.0006785392761230469
20250723_235326_296,-26,49,49,24.7,23.52658440812344,-78.9902530670166,-78.9902530670166,0.10054278373718262,0.1024179458618164,49,49,YOLO,1,32,0,23.52658440812344,0,[],0.10014009475708008,0.050514936447143555,0.050519704818725586,0.00040531158447265625,0.0009717941284179688
20250723_235326_501,-26,49,49,24.7,23.639788691884917,-78.88455963134766,-78.88455963134766,0.10255217552185059,0.15850138664245605,49,49,YOLO,1,32,0,23.639788691884917,0,[],0.10221123695373535,0.05053377151489258,0.05051779747009277,0.05672311782836914,0.0007190704345703125
20250723_235326_764,-26,49,49,24.7,23.686115655193376,-78.86193580627442,-78.86193580627442,0.10378026962280273,0.10214972496032715,49,49,YOLO,1,32,0,23.686115655193376,0,[],0.10333752632141113,0.0505216121673584,0.05053901672363281,0.0004177093505859375,0.0006656646728515625
20250723_235326_972,-26,49,49,24.7,23.607311207238396,-78.83362197875977,-78.83362197875977,0.10121488571166992,0.1584925651550293,49,49,YOLO,1,32,0,23.607311207238396,0,[],0.10088300704956055,0.050573110580444336,0.05048012733459473,0.05675029754638672,0.0006821155548095703
20250723_235327_233,-26,49,49,24.7,23.477200494267763,-78.94133148193359,-78.94133148193359,0.10753226280212402,0.10211420059204102,49,49,YOLO,1,32,0,23.477200494267763,0,[],0.10720539093017578,0.05049538612365723,0.05043506622314453,0.0004172325134277344,0.0007603168487548828
20250723_235327_444,-26,49,49,24.7,23.569136658380927,-78.9344711303711,-78.9344711303711,0.09900975227355957,0.15845203399658203,49,49,YOLO,1,32,0,23.569136658380927,0,[],0.09863615036010742,0.05054163932800293,0.05046367645263672,0.05676579475402832,0.0006737709045410156
20250723_235327_704,-26,49,49,24.7,23.47480013753325,-78.91289100646972,-78.91289100646972,0.10009288787841797,0.1019740104675293,49,49,YOLO,1,32,0,23.47480013753325,0,[],0.0997772216796875,0.05046272277832031,0.05044698715209961,0.00038933753967285156,0.0006687641143798828
20250723_235327_907,-26,49,49,24.7,23.331600913963797,-79.13995590209962,-79.13995590209962,0.10018754005432129,0.15838980674743652,49,49,YOLO,1,32,0,23.331600913963797,0,[],0.0998530387878418,0.050440073013305664,0.05044412612915039,0.056809425354003906,0.0006887912750244141
20250723_235328_167,-26,49,49,24.7,23.410766361204978,-79.11786842346191,-79.11786842346191,0.10145330429077148,0.10207271575927734,49,49,YOLO,1,32,0,23.410766361204978,0,[],0.10111403465270996,0.05048346519470215,0.05050539970397949,0.00040221214294433594,0.0006761550903320312
20250723_235328_373,-26,49,49,24.7,23.71132654949875,-78.7972183227539,-78.7972183227539,0.10020184516906738,0.15860772132873535,49,49,YOLO,1,32,0,23.71132654949875,0,[],0.09980916976928711,0.050516366958618164,0.05051684379577637,0.05677223205566406,0.0007956027984619141
20250723_235328_634,-26,48,48,23.2,23.709768660784775,-78.68111152648926,-78.68111152648926,0.10454797744750977,0.10210704803466797,48,48,YOLO,1,32,0,23.709768660784775,0,[],0.10383987426757812,0.050493478775024414,0.05052065849304199,0.0004115104675292969,0.0006759166717529297
20250723_235328_842,-26,48,48,23.2,25.57643426278527,-76.87979507446289,-76.87979507446289,0.10175013542175293,0.1589827537536621,48,48,YOLO,1,32,0,25.57643426278527,0,[],0.10140156745910645,0.05054163932800293,0.050475358963012695,0.05696678161621094,0.0009913444519042969
20250723_235329_105,-26,48,48,23.2,25.630148910610757,-77.02981796264649,-77.02981796264649,0.10136246681213379,0.10196471214294434,48,48,YOLO,1,32,0,25.630148910610757,0,[],0.10084056854248047,0.05043840408325195,0.05046439170837402,0.0004000663757324219,0.0006563663482666016
20250723_235329_310,-26,48,48,23.2,25.383560850274392,-77.20021057128906,-77.20021057128906,0.10289287567138672,0.1583728790283203,48,48,YOLO,1,32,0,25.383560850274392,0,[],0.10252594947814941,0.05044746398925781,0.0504918098449707,0.056731462478637695,0.0006954669952392578
20250723_235329_573,-25,48,48,23.2,25.451652729254874,-77.05021820068359,-77.05021820068359,0.10414457321166992,0.10213208198547363,48,48,YOLO,1,32,0,25.451652729254874,0,[],0.10382819175720215,0.05048966407775879,0.05045294761657715,0.0004000663757324219,0.0007832050323486328
20250723_235329_781,-25,48,48,23.2,24.318065184902252,-78.17883491516113,-78.17883491516113,0.1018056869506836,0.15836238861083984,48,48,YOLO,1,32,0,24.318065184902252,0,[],0.10145092010498047,0.05046510696411133,0.05046582221984863,0.05672049522399902,0.0007040500640869141
20250723_235330_042,-25,48,48,23.2,24.316867239991865,-78.2311824798584,-78.2311824798584,0.1033332347869873,0.10200047492980957,48,48,YOLO,1,32,0,24.316867239991865,0,[],0.10296416282653809,0.05046272277832031,0.05048251152038574,0.00039958953857421875,0.0006494522094726562
20250723_235330_249,-25,48,48,23.2,24.403847312920306,-78.13944358825684,-78.13944358825684,0.10280799865722656,0.15838837623596191,48,48,YOLO,1,32,0,24.403847312920306,0,[],0.1024472713470459,0.05046439170837402,0.05045437812805176,0.05679631233215332,0.0006661415100097656
20250723_235330_512,-25,48,48,23.2,24.569504881972392,-77.97759780883788,-77.97759780883788,0.10270428657531738,0.10206222534179688,48,48,YOLO,1,32,0,24.569504881972392,0,[],0.10237932205200195,0.05048823356628418,0.05045652389526367,0.0003998279571533203,0.0007119178771972656
20250723_235330_718,-25,48,48,23.2,24.71399557128808,-77.77080612182617,-77.77080612182617,0.10205912590026855,0.1583728790283203,48,48,YOLO,1,32,0,24.71399557128808,0,[],0.10174083709716797,0.05046677589416504,0.05048704147338867,0.05675220489501953,0.0006601810455322266
20250723_235330_981,-25,48,48,23.2,24.602269353538404,-77.96926956176758,-77.96926956176758,0.10321402549743652,0.10197710990905762,48,48,YOLO,1,32,0,24.602269353538404,0,[],0.10285687446594238,0.0504307746887207,0.05046343803405762,0.0004029273986816406,0.0006749629974365234
20250723_235331_187,-25,48,48,23.2,24.344828080054953,-78.03380737304687,-78.03380737304687,0.10210251808166504,0.1584024429321289,48,48,YOLO,1,32,0,24.344828080054953,0,[],0.10177373886108398,0.05045771598815918,0.050436973571777344,0.056784868240356445,0.0007154941558837891
20250723_235331_450,-25,48,48,23.2,24.40441636127433,-78.14745330810547,-78.14745330810547,0.10165715217590332,0.10204744338989258,48,48,YOLO,1,32,0,24.40441636127433,0,[],0.10132908821105957,0.050445556640625,0.05047726631164551,0.0004119873046875,0.0007064342498779297
20250723_235331_655,-25,48,48,23.2,24.320778348165206,-78.22411346435547,-78.22411346435547,0.10132050514221191,0.15840482711791992,48,48,YOLO,1,32,0,24.320778348165206,0,[],0.10102152824401855,0.05045652389526367,0.050457000732421875,0.05680584907531738,0.0006785392761230469
20250723_235331_916,-25,48,48,23.2,24.335477901680747,-78.12595863342285,-78.12595863342285,0.10375452041625977,0.1018977165222168,48,48,YOLO,1,32,0,24.335477901680747,0,[],0.10349512100219727,0.050443410873413086,0.05037546157836914,0.00040435791015625,0.0006685256958007812
20250723_235332_123,-25,48,48,23.2,24.31836572990052,-78.21933975219727,-78.21933975219727,0.10458540916442871,0.15831613540649414,48,48,YOLO,1,32,0,24.31836572990052,0,[],0.10427212715148926,0.05040431022644043,0.050429344177246094,0.05678677558898926,0.0006883144378662109
20250723_235332_388,-25,48,48,23.2,24.295289866002037,-78.23514938354492,-78.23514938354492,0.1052389144897461,0.10199189186096191,48,48,YOLO,1,32,0,24.295289866002037,0,[],0.10489797592163086,0.0504608154296875,0.050489187240600586,0.0003905296325683594,0.0006453990936279297
20250723_235332_597,-25,48,48,23.2,24.47354371181487,-78.01119728088379,-78.01119728088379,0.10285592079162598,0.15833449363708496,48,48,YOLO,1,32,0,24.47354371181487,0,[],0.10254764556884766,0.05046725273132324,0.05045008659362793,0.05673813819885254,0.0006721019744873047
20250723_235332_860,-25,47,47,21.8,24.585385795363607,-77.7974624633789,-77.7974624633789,0.10388684272766113,0.10201692581176758,47,47,YOLO,1,32,0,24.585385795363607,0,[],0.10353779792785645,0.0504453182220459,0.05048418045043945,0.0004010200500488281,0.0006802082061767578
20250723_235333_067,-25,47,47,21.8,25.200351427366073,-77.37017860412598,-77.37017860412598,0.10275912284851074,0.15834784507751465,47,47,YOLO,1,32,0,25.200351427366073,0,[],0.1024465560913086,0.05045723915100098,0.050467491149902344,0.0567166805267334,0.0006999969482421875
20250723_235333_330,-25,47,47,21.8,25.151417296195945,-77.24942092895508,-77.24942092895508,0.10219144821166992,0.10200214385986328,47,47,YOLO,1,32,0,25.151417296195945,0,[],0.10187435150146484,0.050458431243896484,0.0504612922668457,0.000396728515625,0.0006799697875976562
20250723_235333_536,-24,47,47,21.8,24.3380605937472,-78.20341339111329,-78.20341339111329,0.10023045539855957,0.15837979316711426,47,47,YOLO,1,32,0,24.3380605937472,0,[],0.09987735748291016,0.05044150352478027,0.050453901290893555,0.056760311126708984,0.0007164478302001953
20250723_235333_796,-24,47,47,21.8,23.969328417755307,-78.56193237304687,-78.56193237304687,0.10153937339782715,0.10196447372436523,47,47,YOLO,1,32,0,23.969328417755307,0,[],0.10123729705810547,0.050460100173950195,0.050446510314941406,0.0004067420959472656,0.0006456375122070312
20250723_235334_001,-24,47,47,21.8,23.747032287901604,-78.69383697509765,-78.69383697509765,0.1039726734161377,0.1584455966949463,47,47,YOLO,1,32,0,23.747032287901604,0,[],0.10366988182067871,0.05046391487121582,0.0504758358001709,0.056819915771484375,0.0006802082061767578
20250723_235334_265,-24,47,47,21.8,23.838287924869647,-78.58580169677734,-78.58580169677734,0.10609579086303711,0.1020655632019043,47,47,YOLO,1,32,0,23.838287924869647,0,[],0.10579323768615723,0.050473928451538086,0.050508975982666016,0.00040435791015625,0.00067138671875
20250723_235334_475,-24,47,47,21.8,24.122789689179257,-78.34509544372558,-78.34509544372558,0.09980273246765137,0.1583263874053955,47,47,YOLO,1,32,0,24.122789689179257,0,[],0.09948229789733887,0.05044698715209961,0.0503993034362793,0.05675005912780762,0.0007233619689941406
20250723_235334_735,-24,47,47,21.8,24.19094839461674,-78.37634506225587,-78.37634506225587,0.10472631454467773,0.10202956199645996,47,47,YOLO,1,32,0,24.19094839461674,0,[],0.1043996810913086,0.05046844482421875,0.05049633979797363,0.00039768218994140625,0.0006623268127441406
20250723_235334_943,-24,47,47,21.8,24.2661993175101,-78.32815589904786,-78.32815589904786,0.10412740707397461,0.15839362144470215,47,47,YOLO,1,32,0,24.2661993175101,0,[],0.10379862785339355,0.05044913291931152,0.05048537254333496,0.05676078796386719,0.0006918907165527344
20250723_235335_207,-24,47,47,21.8,24.21457408346683,-78.24669761657715,-78.24669761657715,0.10793590545654297,0.10204529762268066,47,47,YOLO,1,32,0,24.21457408346683,0,[],0.1076052188873291,0.050486087799072266,0.050478219985961914,0.00038695335388183594,0.0006890296936035156
20250723_235335_419,-24,47,47,21.8,23.038210891228957,-79.29312896728516,-79.29312896728516,0.10173797607421875,0.15836501121520996,47,47,YOLO,1,32,0,23.038210891228957,0,[],0.10142970085144043,0.0504305362701416,0.050464630126953125,0.05677199363708496,0.0006906986236572266
20250723_235335_680,-24,47,47,21.8,23.477738892797888,-79.09482002258301,-79.09482002258301,0.10222411155700684,0.1020669937133789,47,47,YOLO,1,32,0,23.477738892797888,0,[],0.1019129753112793,0.050427913665771484,0.05049538612365723,0.0003986358642578125,0.0007386207580566406
20250723_235335_886,-24,47,47,21.8,24.21693310437388,-78.4064727783203,-78.4064727783203,0.10350823402404785,0.1584479808807373,47,47,YOLO,1,32,0,24.21693310437388,0,[],0.1032261848449707,0.05050206184387207,0.05046200752258301,0.05673837661743164,0.0007390975952148438
20250723_235336_150,-24,47,47,21.8,24.24608039454398,-78.32272109985351,-78.32272109985351,0.10309147834777832,0.10200023651123047,47,47,YOLO,1,32,0,24.24608039454398,0,[],0.10271787643432617,0.05045270919799805,0.050464630126953125,0.0004038810729980469,0.0006740093231201172
20250723_235336_357,-24,47,47,21.8,23.850233442312216,-78.61735916137695,-78.61735916137695,0.10143661499023438,0.15838098526000977,47,47,YOLO,1,32,0,23.850233442312216,0,[],0.10109782218933105,0.05050492286682129,0.05045771598815918,0.05672311782836914,0.0006883144378662109
20250723_235336_618,-24,47,47,21.8,23.84435683304399,-78.67841110229492,-78.67841110229492,0.1019906997680664,0.10202717781066895,47,47,YOLO,1,32,0,23.84435683304399,0,[],0.10165905952453613,0.050470829010009766,0.05048322677612305,0.00039768218994140625,0.0006697177886962891
20250723_235336_824,-24,46,46,20.3,25.097234920872495,-77.4063720703125,-77.4063720703125,0.10252237319946289,0.15868210792541504,46,46,YOLO,1,32,0,25.097234920872495,0,[],0.10214066505432129,0.050444602966308594,0.05047607421875,0.05674624443054199,0.0010077953338623047
20250723_235337_087,-24,47,47,21.8,24.949392156931992,-77.57512664794922,-77.57512664794922,0.10339069366455078,0.10203003883361816,47,47,YOLO,1,32,0,24.949392156931992,0,[],0.1030433177947998,0.0504755973815918,0.05045580863952637,0.00042748451232910156,0.0006651878356933594
20250723_235337_294,-24,47,47,21.8,23.98286177001124,-78.47941780090332,-78.47941780090332,0.10163640975952148,0.1584172248840332,47,47,YOLO,1,32,0,23.98286177001124,0,[],0.10134482383728027,0.050499916076660156,0.050455331802368164,0.05677986145019531,0.0006756782531738281
20250723_235337_555,-23,47,47,21.8,24.134735809209175,-78.3989330291748,-78.3989330291748,0.10472798347473145,0.10195064544677734,47,47,YOLO,1,32,0,24.134735809209175,0,[],0.10441851615905762,0.05042243003845215,0.05044054985046387,0.00039076805114746094,0.0006916522979736328
20250723_235337_764,-23,47,47,21.8,22.590145591039402,-79.9385757446289,-79.9385757446289,0.10259103775024414,0.15845298767089844,47,47,YOLO,1,32,0,22.590145591039402,0,[],0.1021876335144043,0.05054306983947754,0.050473928451538086,0.05674409866333008,0.0006854534149169922
20250723_235338_026,-23,47,47,21.8,22.515957881145567,-80.05484580993652,-80.05484580993652,0.1013953685760498,0.10200357437133789,47,47,YOLO,1,32,0,22.515957881145567,0,[],0.1011207103729248,0.05045890808105469,0.05044698715209961,0.00039649009704589844,0.0006954669952392578
20250723_235338_231,-23,47,47,21.8,22.684012769176505,-79.86909484863281,-79.86909484863281,0.10245990753173828,0.15842604637145996,47,47,YOLO,1,32,0,22.684012769176505,0,[],0.10208678245544434,0.05047440528869629,0.050455570220947266,0.05675840377807617,0.0007317066192626953
20250723_235338_494,-23,46,46,20.3,22.915996233170162,-79.7468147277832,-79.7468147277832,0.1039724349975586,0.10197567939758301,46,46,YOLO,1,32,0,22.915996233170162,0,[],0.10361552238464355,0.050428152084350586,0.05048871040344238,0.0004029273986816406,0.0006501674652099609
20250723_235338_702,-23,47,47,21.8,22.925450511570446,-79.4982120513916,-79.4982120513916,0.10261297225952148,0.15838217735290527,47,47,YOLO,1,32,0,22.925450511570446,0,[],0.10228466987609863,0.05047130584716797,0.05046963691711426,0.05674099922180176,0.0006945133209228516
20250723_235338_964,-23,47,47,21.8,22.89830189168329,-79.57898406982422,-79.57898406982422,0.10053348541259766,0.1019892692565918,47,47,YOLO,1,32,0,22.89830189168329,0,[],0.10022926330566406,0.05048203468322754,0.050466299057006836,0.00038886070251464844,0.0006470680236816406
20250723_235339_168,-23,47,47,21.8,22.79119444884371,-79.64718246459961,-79.64718246459961,0.1021127700805664,0.15833234786987305,47,47,YOLO,1,32,0,22.79119444884371,0,[],0.10178828239440918,0.05044198036193848,0.05045461654663086,0.056749582290649414,0.0006794929504394531
20250723_235339_430,-23,47,47,21.8,22.803652937795164,-79.63232116699218,-79.63232116699218,0.10154533386230469,0.10198664665222168,47,47,YOLO,1,32,0,22.803652937795164,0,[],0.10123491287231445,0.05048346519470215,0.050441741943359375,0.00038552284240722656,0.0006704330444335938
20250723_235339_635,-23,47,47,21.8,22.882306532686755,-79.6554012298584,-79.6554012298584,0.10367631912231445,0.15832018852233887,47,47,YOLO,1,32,0,22.882306532686755,0,[],0.10331916809082031,0.05044841766357422,0.05043387413024902,0.056732177734375,0.0006990432739257812
20250723_235339_899,-23,47,47,21.8,22.724608874369324,-79.72940711975097,-79.72940711975097,0.10328984260559082,0.10194110870361328,47,47,YOLO,1,32,0,22.724608874369324,0,[],0.10293269157409668,0.05045580863952637,0.050431013107299805,0.00039839744567871094,0.0006504058837890625
20250723_235340_106,-23,47,47,21.8,22.48409233912676,-80.11999626159668,-80.11999626159668,0.10330462455749512,0.15852785110473633,47,47,YOLO,1,32,0,22.48409233912676,0,[],0.1029517650604248,0.05046844482421875,0.05045938491821289,0.05682849884033203,0.0007631778717041016
20250723_235340_369,-23,47,47,21.8,22.31168882208962,-80.22479934692383,-80.22479934692383,0.10282564163208008,0.10202908515930176,47,47,YOLO,1,32,0,22.31168882208962,0,[],0.10248565673828125,0.05047869682312012,0.05047249794006348,0.00039958953857421875,0.0006725788116455078
20250723_235340_576,-23,47,47,21.8,22.00253753871101,-80.41650390625,-80.41650390625,0.1029350757598877,0.15832304954528809,47,47,YOLO,1,32,0,22.00253753871101,0,[],0.10257983207702637,0.05045604705810547,0.05044746398925781,0.05673527717590332,0.0006778240203857422
20250723_235340_839,-23,46,46,20.3,21.678817750391715,-80.767134475708,-80.767134475708,0.10211014747619629,0.10189008712768555,46,46,YOLO,1,32,0,21.678817750391715,0,[],0.10182976722717285,0.050423622131347656,0.05039668083190918,0.0003848075866699219,0.0006787776947021484
20250723_235341_044,-23,46,46,20.3,24.354597267048106,-78.08605461120605,-78.08605461120605,0.10365486145019531,0.15847492218017578,46,46,YOLO,1,32,0,24.354597267048106,0,[],0.10333132743835449,0.050461769104003906,0.0504605770111084,0.056799888610839844,0.0007460117340087891
20250723_235341_308,-23,46,46,20.3,24.367252434036814,-78.06366500854492,-78.06366500854492,0.10334348678588867,0.10202169418334961,46,46,YOLO,1,32,0,24.367252434036814,0,[],0.10303044319152832,0.05046224594116211,0.05049467086791992,0.00039839744567871094,0.0006604194641113281
20250723_235341_515,-22,46,46,20.3,24.34428739812752,-78.08618545532227,-78.08618545532227,0.10177087783813477,0.15834498405456543,46,46,YOLO,1,32,0,24.34428739812752,0,[],0.10145044326782227,0.050461769104003906,0.05045366287231445,0.056737661361694336,0.0006844997406005859
20250723_235341_777,-22,46,46,20.3,22.514384703756562,-79.93320503234864,-79.93320503234864,0.10350823402404785,0.10199522972106934,46,46,YOLO,1,32,0,22.514384703756562,0,[],0.10318374633789062,0.05044746398925781,0.05045366287231445,0.0003986358642578125,0.0006895065307617188
20250723_235341_984,-22,46,46,20.3,21.9007041045235,-80.50517272949219,-80.50517272949219,0.10250520706176758,0.15835881233215332,46,46,YOLO,1,32,0,21.9007041045235,0,[],0.10217595100402832,0.05046701431274414,0.05047297477722168,0.05672907829284668,0.0006823539733886719
20250723_235342_246,-22,46,46,20.3,21.73416488268367,-80.70469512939454,-80.70469512939454,0.10114169120788574,0.10208582878112793,46,46,YOLO,1,32,0,21.73416488268367,0,[],0.10079193115234375,0.05050802230834961,0.05052471160888672,0.00039649009704589844,0.0006504058837890625
20250723_235342_451,-22,46,46,20.3,22.21683876613467,-80.13894233703613,-80.13894233703613,0.1028139591217041,0.15833663940429688,46,46,YOLO,1,32,0,22.21683876613467,0,[],0.10242199897766113,0.050429582595825195,0.05044960975646973,0.05675792694091797,0.0006926059722900391
20250723_235342_714,-22,46,46,20.3,22.187092763010142,-80.30703239440918,-80.30703239440918,0.10522246360778809,0.10212516784667969,46,46,YOLO,1,32,0,22.187092763010142,0,[],0.10491347312927246,0.05053234100341797,0.05049467086791992,0.00040841102600097656,0.0006840229034423828
20250723_235342_923,-22,46,46,20.3,22.475555618954047,-79.96678161621094,-79.96678161621094,0.10307145118713379,0.15836262702941895,46,46,YOLO,1,32,0,22.475555618954047,0,[],0.10271573066711426,0.05046200752258301,0.05044150352478027,0.05679631233215332,0.0006561279296875
20250723_235343_186,-22,46,46,20.3,22.408012140761457,-79.98146514892578,-79.98146514892578,0.12436461448669434,0.10199713706970215,46,46,YOLO,1,32,0,22.408012140761457,0,[],0.12402749061584473,0.05047297477722168,0.050446271896362305,0.00039458274841308594,0.0006787776947021484
20250723_235343_414,-22,46,46,20.3,22.577234312606706,-79.81468849182129,-79.81468849182129,0.10077810287475586,0.1583690643310547,46,46,YOLO,1,32,0,22.577234312606706,0,[],0.10045886039733887,0.05044245719909668,0.05047917366027832,0.05674004554748535,0.0007009506225585938
20250723_235343_675,-22,46,46,20.3,22.496397362582456,-79.94039649963379,-79.94039649963379,0.10163664817810059,0.10203886032104492,46,46,YOLO,1,32,0,22.496397362582456,0,[],0.10132074356079102,0.05048084259033203,0.050467491149902344,0.00040435791015625,0.0006809234619140625
20250723_235343_880,-22,46,46,20.3,22.313181391398842,-80.22141952514649,-80.22141952514649,0.0979764461517334,0.1583690643310547,46,46,YOLO,1,32,0,22.313181391398842,0,[],0.09771275520324707,0.050458669662475586,0.05046343803405762,0.05673575401306152,0.0007047653198242188
20250723_235344_138,-22,46,46,20.3,22.31857639506586,-80.17059326171875,-80.17059326171875,0.10344314575195312,0.1020047664642334,46,46,YOLO,1,32,0,22.31857639506586,0,[],0.10311341285705566,0.05046820640563965,0.05048394203186035,0.00039696693420410156,0.0006499290466308594
20250723_235344_345,-22,46,46,20.3,22.197958122880664,-80.35981750488281,-80.35981750488281,0.10123109817504883,0.15841150283813477,46,46,YOLO,1,32,0,22.197958122880664,0,[],0.10089683532714844,0.05046844482421875,0.05049586296081543,0.05672502517700195,0.0007147789001464844
20250723_235344_606,-22,46,46,20.3,22.2364357411885,-80.30282478332519,-80.30282478332519,0.10470008850097656,0.10205388069152832,46,46,YOLO,1,32,0,22.2364357411885,0,[],0.10435795783996582,0.05044364929199219,0.05048370361328125,0.0004436969757080078,0.0006759166717529297
20250723_235344_815,-22,45,45,18.9,25.068080526109284,-77.39646759033204,-77.39646759033204,0.10190010070800781,0.1587049961090088,45,45,YOLO,1,32,0,25.068080526109284,0,[],0.10156989097595215,0.05045032501220703,0.05047321319580078,0.056738853454589844,0.0010333061218261719
20250723_235345_077,-22,45,45,18.9,25.09543375796771,-77.53493690490723,-77.53493690490723,0.0995631217956543,0.10207819938659668,45,45,YOLO,1,32,0,25.09543375796771,0,[],0.09917473793029785,0.05048346519470215,0.050466060638427734,0.0004241466522216797,0.000698089599609375
20250723_235345_280,-22,45,45,18.9,24.963027386171277,-77.52446784973145,-77.52446784973145,0.10020327568054199,0.15835785865783691,45,45,YOLO,1,32,0,24.963027386171277,0,[],0.09984254837036133,0.05044746398925781,0.05048847198486328,0.05672574043273926,0.0006895065307617188
20250723_235345_541,-21,45,45,18.9,25.066502454669532,-77.5056167602539,-77.5056167602539,0.10314249992370605,0.10204720497131348,45,45,YOLO,1,32,0,25.066502454669532,0,[],0.10285806655883789,0.05045366287231445,0.05045771598815918,0.00038170814514160156,0.0007488727569580078
20250723_235345_748,-21,45,45,18.9,23.187323860368437,-79.33855667114258,-79.33855667114258,0.09903645515441895,0.15842485427856445,45,45,YOLO,1,32,0,23.187323860368437,0,[],0.09863090515136719,0.050507545471191406,0.05046796798706055,0.05674338340759277,0.0006995201110839844
20250723_235346_007,-21,45,45,18.9,23.043739563670172,-79.39944839477539,-79.39944839477539,0.10378527641296387,0.10204458236694336,45,45,YOLO,1,32,0,23.043739563670172,0,[],0.10343027114868164,0.05049729347229004,0.050446271896362305,0.0004000663757324219,0.0006959438323974609
20250723_235346_214,-21,45,45,18.9,23.626670565832057,-78.98481330871581,-78.98481330871581,0.10294604301452637,0.15834259986877441,45,45,YOLO,1,32,0,23.626670565832057,0,[],0.10262346267700195,0.050482988357543945,0.050459861755371094,0.05673360824584961,0.0006601810455322266
20250723_235346_477,-21,45,45,18.9,23.714411566444753,-78.81431350708007,-78.81431350708007,0.10199189186096191,0.10199403762817383,45,45,YOLO,1,32,0,23.714411566444753,0,[],0.10164880752563477,0.05045461654663086,0.05047011375427246,0.00040459632873535156,0.0006589889526367188
20250723_235346_683,-21,45,45,18.9,23.74473787354566,-78.72979736328125,-78.72979736328125,0.09922623634338379,0.15835213661193848,45,45,YOLO,1,32,0,23.74473787354566,0,[],0.09892654418945312,0.05048823356628418,0.0504612922668457,0.05674600601196289,0.0006499290466308594
20250723_235346_942,-21,45,45,18.9,23.822662757544265,-78.73474235534668,-78.73474235534668,0.10473299026489258,0.10211825370788574,45,45,YOLO,1,32,0,23.822662757544265,0,[],0.10441350936889648,0.050482749938964844,0.050505876541137695,0.0003993511199951172,0.0007250308990478516
20250723_235347_151,-21,45,45,18.9,23.726532470761725,-78.64008026123047,-78.64008026123047,0.10144400596618652,0.1582508087158203,45,45,YOLO,1,32,0,23.726532470761725,0,[],0.10112166404724121,0.05047035217285156,0.05041861534118652,0.05669903755187988,0.0006554126739501953
20250723_235347_412,-21,45,45,18.9,23.925268062589936,-78.64454727172851,-78.64454727172851,0.10368895530700684,0.10197758674621582,45,45,YOLO,1,32,0,23.925268062589936,0,[],0.10337567329406738,0.050443410873413086,0.050482988357543945,0.0003998279571533203,0.0006456375122070312
20250723_235347_619,-21,45,45,18.9,23.37474396724383,-79.14308319091796,-79.14308319091796,0.10233020782470703,0.15839123725891113,45,45,YOLO,1,32,0,23.37474396724383,0,[],0.1020212173461914,0.0504610538482666,0.05047750473022461,0.05675363540649414,0.0006921291351318359
20250723_235347_881,-21,45,45,18.9,23.711628547112696,-78.88125152587891,-78.88125152587891,0.10209107398986816,0.10197734832763672,45,45,YOLO,1,32,0,23.711628547112696,0,[],0.10177016258239746,0.05044436454772949,0.05047893524169922,0.00039768218994140625,0.0006499290466308594
20250723_235348_087,-21,45,45,18.9,24.014023291947737,-78.43085250854492,-78.43085250854492,0.10229659080505371,0.15835976600646973,45,45,YOLO,1,32,0,24.014023291947737,0,[],0.10202598571777344,0.050492048263549805,0.05044984817504883,0.05673503875732422,0.0006766319274902344
20250723_235348_349,-21,45,45,18.9,24.029781726039943,-78.51259117126465,-78.51259117126465,0.10196328163146973,0.10203742980957031,45,45,YOLO,1,32,0,24.029781726039943,0,[],0.10166358947753906,0.05045580863952637,0.050505638122558594,0.00040268898010253906,0.0006680488586425781
20250723_235348_555,-21,45,45,18.9,24.029902231562716,-78.37102508544922,-78.37102508544922,0.10027575492858887,0.15849804878234863,45,45,YOLO,1,32,0,24.029902231562716,0,[],0.09993839263916016,0.05050492286682129,0.05047297477722168,0.05680060386657715,0.0007126331329345703
20250723_235348_815,-21,44,44,17.4,24.10882717465462,-78.43032112121583,-78.43032112121583,0.10236263275146484,0.10206818580627441,44,44,YOLO,1,32,0,24.10882717465462,0,[],0.10205316543579102,0.05046844482421875,0.0505216121673584,0.00040030479431152344,0.0006716251373291016
20250723_235349_021,-21,44,44,17.4,25.740509554622477,-76.731685256958,-76.731685256958,0.10285592079162598,0.1583852767944336,44,44,YOLO,1,32,0,25.740509554622477,0,[],0.10256171226501465,0.05047869682312012,0.05047273635864258,0.056734323501586914,0.0006921291351318359
20250723_235349_284,-21,44,44,17.4,25.521957549304744,-76.9673397064209,-76.9673397064209,0.10372495651245117,0.10211563110351562,44,44,YOLO,1,32,0,25.521957549304744,0,[],0.10338783264160156,0.05049538612365723,0.05046987533569336,0.0003979206085205078,0.0007467269897460938
20250723_235349_492,-20,45,45,18.9,23.688877364144872,-78.77726364135742,-78.77726364135742,0.10375142097473145,0.158433198928833,45,45,YOLO,1,32,0,23.688877364144872,0,[],0.1034250259399414,0.050470590591430664,0.05045819282531738,0.056810855865478516,0.0006866455078125
20250723_235349_756,-20,45,45,18.9,22.393934751845407,-80.0145492553711,-80.0145492553711,0.10296916961669922,0.10198163986206055,45,45,YOLO,1,32,0,22.393934751845407,0,[],0.10266470909118652,0.05045604705810547,0.05048084259033203,0.0004074573516845703,0.0006310939788818359
20250723_235349_962,-20,45,45,18.9,19.83917629088978,-82.56509208679199,-82.56509208679199,0.10142850875854492,0.1583878993988037,45,45,YOLO,1,32,0,19.83917629088978,0,[],0.10110020637512207,0.05044865608215332,0.05047607421875,0.05675077438354492,0.0007050037384033203
20250723_235350_223,-20,45,45,18.9,20.198884319697157,-82.30283088684082,-82.30283088684082,0.1044774055480957,0.10209035873413086,45,45,YOLO,1,32,0,20.198884319697157,0,[],0.10414385795593262,0.050475358963012695,0.05047011375427246,0.00040602684020996094,0.0007336139678955078
20250723_235350_432,-20,44,44,17.4,25.08828509704847,-77.46128387451172,-77.46128387451172,0.10131001472473145,0.15830659866333008,44,44,YOLO,1,32,0,25.08828509704847,0,[],0.10100483894348145,0.05048084259033203,0.050432443618774414,0.056713104248046875,0.0006735324859619141
20250723_235350_693,-20,44,44,17.4,25.060046038478916,-77.4605209350586,-77.4605209350586,0.10269021987915039,0.10203170776367188,44,44,YOLO,1,32,0,25.060046038478916,0,[],0.10234189033508301,0.05044984817504883,0.05048727989196777,0.0004048347473144531,0.0006837844848632812
20250723_235350_899,-20,45,45,18.9,22.4856717645265,-79.99868545532226,-79.99868545532226,0.10108661651611328,0.15839052200317383,45,45,YOLO,1,32,0,22.4856717645265,0,[],0.10078239440917969,0.05052375793457031,0.05046844482421875,0.056717872619628906,0.0006732940673828125
20250723_235351_160,-20,45,45,18.9,22.31036252867905,-80.11047706604003,-80.11047706604003,0.10336565971374512,0.10210704803466797,45,45,YOLO,1,32,0,22.31036252867905,0,[],0.10301494598388672,0.05045318603515625,0.050570011138916016,0.0004115104675292969,0.0006668567657470703
20250723_235351_367,-20,45,45,18.9,22.54580345207313,-79.93315467834472,-79.93315467834472,0.10080766677856445,0.1583552360534668,45,45,YOLO,1,32,0,22.54580345207313,0,[],0.10042667388916016,0.050464630126953125,0.0504908561706543,0.05671095848083496,0.0006821155548095703
20250723_235351_628,-20,45,45,18.9,22.470722475254604,-79.93355560302734,-79.93355560302734,0.10389447212219238,0.10204672813415527,45,45,YOLO,1,32,0,22.470722475254604,0,[],0.10355854034423828,0.05047893524169922,0.05047321319580078,0.00040411949157714844,0.0006844997406005859
20250723_235351_836,-20,45,45,18.9,22.43459115653414,-80.03287925720215,-80.03287925720215,0.10119152069091797,0.15833044052124023,45,45,YOLO,1,32,0,22.43459115653414,0,[],0.10086607933044434,0.0504457950592041,0.05044674873352051,0.05674624443054199,0.0006844997406005859
20250723_235352_097,-20,45,45,18.9,22.396697041147377,-80.09780883789062,-80.09780883789062,0.1026914119720459,0.10198783874511719,45,45,YOLO,1,32,0,22.396697041147377,0,[],0.10239028930664062,0.050464630126953125,0.05047011375427246,0.0003895759582519531,0.0006587505340576172
20250723_235352_303,-20,45,45,18.9,21.95464704319184,-80.5599193572998,-80.5599193572998,0.1024618148803711,0.15835285186767578,45,45,YOLO,1,32,0,21.95464704319184,0,[],0.10210728645324707,0.05047130584716797,0.0504457950592041,0.05673575401306152,0.0006923675537109375
20250723_235352_566,-20,45,45,18.9,22.01237654009934,-80.53502655029297,-80.53502655029297,0.1042478084564209,0.10201501846313477,45,45,YOLO,1,32,0,22.01237654009934,0,[],0.10395121574401855,0.05045890808105469,0.05047893524169922,0.0003993511199951172,0.0006718635559082031
20250723_235352_773,-20,44,44,17.4,24.690609513531257,-77.77898712158203,-77.77898712158203,0.10252165794372559,0.1587533950805664,44,44,YOLO,1,32,0,24.690609513531257,0,[],0.10220217704772949,0.050452232360839844,0.05044245719909668,0.05683255195617676,0.0010190010070800781
20250723_235353_037,-20,43,43,16.0,24.748878650662434,-77.75088653564453,-77.75088653564453,0.10413599014282227,0.1019742488861084,43,43,YOLO,1,32,0,24.748878650662434,0,[],0.10379147529602051,0.050421714782714844,0.050469160079956055,0.000396728515625,0.0006811618804931641
20250723_235353_244,-20,44,44,17.4,24.413637652608244,-78.26786918640137,-78.26786918640137,0.10248851776123047,0.15842819213867188,44,44,YOLO,1,32,0,24.413637652608244,0,[],0.10215401649475098,0.050454139709472656,0.05049324035644531,0.056771278381347656,0.0007028579711914062
20250723_235353_507,-20,44,44,17.4,24.423064213927475,-78.1552963256836,-78.1552963256836,0.10466241836547852,0.10207986831665039,44,44,YOLO,1,32,0,24.423064213927475,0,[],0.10435938835144043,0.05048012733459473,0.05050396919250488,0.0004119873046875,0.0006785392761230469
20250723_235353_715,-19,44,44,17.4,22.95017372790214,-79.57191467285156,-79.57191467285156,0.10365676879882812,0.1583695411682129,44,44,YOLO,1,32,0,22.95017372790214,0,[],0.10332775115966797,0.05046534538269043,0.05049419403076172,0.056734561920166016,0.0006692409515380859
20250723_235353_979,-19,44,44,17.4,22.861138082541885,-79.65893478393555,-79.65893478393555,0.10332441329956055,0.10233426094055176,44,44,YOLO,1,32,0,22.861138082541885,0,[],0.10299134254455566,0.05046558380126953,0.05050206184387207,0.0004067420959472656,0.0009524822235107422
20250723_235354_187,-19,44,44,17.4,22.60060488823757,-79.94254608154297,-79.94254608154297,0.10304784774780273,0.15849971771240234,44,44,YOLO,1,32,0,22.60060488823757,0,[],0.10268521308898926,0.050557851791381836,0.05048084259033203,0.056775808334350586,0.0006778240203857422
20250723_235354_450,-19,44,44,17.4,22.86150399769761,-79.62797126770019,-79.62797126770019,0.10165643692016602,0.10224151611328125,44,44,YOLO,1,32,0,22.86150399769761,0,[],0.10132098197937012,0.050542593002319336,0.05058479309082031,0.0003979206085205078,0.0007102489471435547
20250723_235354_656,-19,44,44,17.4,23.474811936251584,-79.03023109436035,-79.03023109436035,0.10054159164428711,0.15860748291015625,44,44,YOLO,1,32,0,23.474811936251584,0,[],0.10015368461608887,0.0505218505859375,0.05053234100341797,0.05679178237915039,0.0007545948028564453
20250723_235354_917,-19,44,44,17.4,23.32170322711758,-79.21814308166503,-79.21814308166503,0.10196566581726074,0.10214686393737793,44,44,YOLO,1,32,0,23.32170322711758,0,[],0.101470947265625,0.050538063049316406,0.050508975982666016,0.00040221214294433594,0.0006921291351318359
20250723_235355_122,-19,44,44,17.4,23.665131026484147,-78.86612510681152,-78.86612510681152,0.10261678695678711,0.15838003158569336,44,44,YOLO,1,32,0,23.665131026484147,0,[],0.10224533081054688,0.050516605377197266,0.05043816566467285,0.05675077438354492,0.0006678104400634766
20250723_235355_385,-19,44,44,17.4,23.60812395712513,-78.87432975769043,-78.87432975769043,0.09978961944580078,0.10204863548278809,44,44,YOLO,1,32,0,23.60812395712513,0,[],0.09947800636291504,0.0504612922668457,0.05047345161437988,0.0004131793975830078,0.0006945133209228516
20250723_235355_588,-19,44,44,17.4,23.37322436060741,-79.21814308166503,-79.21814308166503,0.10253763198852539,0.15838384628295898,44,44,YOLO,1,32,0,23.37322436060741,0,[],0.10221242904663086,0.050475120544433594,0.0504603385925293,0.05672764778137207,0.0007140636444091797
20250723_235355_851,-19,44,44,17.4,23.37097610838937,-79.0634708404541,-79.0634708404541,0.10053205490112305,0.10206770896911621,44,44,YOLO,1,32,0,23.37097610838937,0,[],0.10022902488708496,0.05047869682312012,0.05050468444824219,0.0004284381866455078,0.0006492137908935547
20250723_235356_055,-19,44,44,17.4,23.84698478492416,-78.68084869384765,-78.68084869384765,0.10362887382507324,0.1584458351135254,44,44,YOLO,1,32,0,23.84698478492416,0,[],0.10330915451049805,0.05049753189086914,0.05044889450073242,0.05673933029174805,0.0007531642913818359
20250723_235356_319,-19,44,44,17.4,23.845301516675576,-78.57893142700195,-78.57893142700195,0.10181450843811035,0.1020209789276123,44,44,YOLO,1,32,0,23.845301516675576,0,[],0.10148167610168457,0.05046653747558594,0.050470590591430664,0.0004096031188964844,0.0006690025329589844
20250723_235356_524,-19,44,44,17.4,23.419769652182055,-79.18745880126953,-79.18745880126953,0.10165071487426758,0.1584787368774414,44,44,YOLO,1,32,0,23.419769652182055,0,[],0.10134243965148926,0.050488948822021484,0.050440073013305664,0.056789398193359375,0.0007534027099609375
20250723_235356_786,-19,43,43,16.0,23.516612075051867,-79.0548210144043,-79.0548210144043,0.08590912818908691,0.10210204124450684,43,43,YOLO,1,32,0,23.516612075051867,0,[],0.08558821678161621,0.05045366287231445,0.05045890808105469,0.0004239082336425781,0.0007586479187011719
20250723_235356_975,-19,43,43,16.0,24.49434063609276,-78.02135353088379,-78.02135353088379,0.09819793701171875,0.1583859920501709,43,43,YOLO,1,32,0,24.49434063609276,0,[],0.09786605834960938,0.050459861755371094,0.05045747756958008,0.05677199363708496,0.0006902217864990234
20250723_235357_234,-19,43,43,16.0,24.380720409557597,-78.08654594421387,-78.08654594421387,0.10155558586120605,0.10205507278442383,43,43,YOLO,1,32,0,24.380720409557597,0,[],0.10123801231384277,0.05047321319580078,0.050484418869018555,0.0004024505615234375,0.0006895065307617188
20250723_235357_439,-19,43,43,16.0,24.382107209322356,-78.03691139221192,-78.03691139221192,0.10159039497375488,0.1586017608642578,43,43,YOLO,1,32,0,24.382107209322356,0,[],0.10126662254333496,0.05050039291381836,0.050473928451538086,0.05673527717590332,0.0008842945098876953
20250723_235357_701,-18,43,43,16.0,24.282807032381456,-78.12923660278321,-78.12923660278321,0.10320281982421875,0.10208559036254883,43,43,YOLO,1,32,0,24.282807032381456,0,[],0.10281848907470703,0.05050826072692871,0.05048012733459473,0.000400543212890625,0.0006902217864990234
20250723_235357_908,-18,43,43,16.0,22.872159396205575,-79.48128051757813,-79.48128051757813,0.10353565216064453,0.15860557556152344,43,43,YOLO,1,32,0,22.872159396205575,0,[],0.10315608978271484,0.05056023597717285,0.05051541328430176,0.0568079948425293,0.0007147789001464844
20250723_235358_172,-18,43,43,16.0,23.04447754387064,-79.4921817779541,-79.4921817779541,0.1027071475982666,0.10257649421691895,43,43,YOLO,1,32,0,23.04447754387064,0,[],0.10219264030456543,0.05048847198486328,0.05050992965698242,0.0004553794860839844,0.0011153221130371094
20250723_235358_379,-18,43,43,16.0,23.331667895102484,-79.26961364746094,-79.26961364746094,0.10127568244934082,0.15848445892333984,43,43,YOLO,1,32,0,23.331667895102484,0,[],0.10090184211730957,0.05051302909851074,0.05051279067993164,0.056748390197753906,0.0007028579711914062
20250723_235358_641,-18,43,43,16.0,23.473295988489625,-79.10011520385743,-79.10011520385743,0.10232806205749512,0.10234975814819336,43,43,YOLO,1,32,0,23.473295988489625,0,[],0.10192155838012695,0.0506138801574707,0.050534725189208984,0.00045299530029296875,0.0007414817810058594
20250723_235358_847,-18,43,43,16.0,23.34455915200644,-79.00273895263672,-79.00273895263672,0.10192441940307617,0.15865850448608398,43,43,YOLO,1,32,0,23.34455915200644,0,[],0.10156083106994629,0.05053138732910156,0.050536394119262695,0.05682539939880371,0.0007581710815429688
20250723_235359_110,-18,43,43,16.0,23.308958871652905,-79.16690063476562,-79.16690063476562,0.10077881813049316,0.1020200252532959,43,43,YOLO,1,32,0,23.308958871652905,0,[],0.10040879249572754,0.05047726631164551,0.05045294761657715,0.0004153251647949219,0.0006687641143798828
20250723_235359_314,-18,43,43,16.0,23.462320696482905,-78.9726188659668,-78.9726188659668,0.0995171070098877,0.1583690643310547,43,43,YOLO,1,32,0,23.462320696482905,0,[],0.09919428825378418,0.05046582221984863,0.050462961196899414,0.056740522384643555,0.0006937980651855469
20250723_235359_573,-18,43,43,16.0,23.643682229188798,-78.88109397888184,-78.88109397888184,0.10096526145935059,0.10197305679321289,43,43,YOLO,1,32,0,23.643682229188798,0,[],0.10062146186828613,0.05047202110290527,0.05043435096740723,0.000400543212890625,0.0006606578826904297
20250723_235359_778,-18,43,43,16.0,23.68722033825182,-78.72968330383301,-78.72968330383301,0.10412096977233887,0.1584169864654541,43,43,YOLO,1,32,0,23.68722033825182,0,[],0.10374760627746582,0.05045509338378906,0.050476789474487305,0.0567626953125,0.0007147789001464844
20250723_235400_042,-18,43,43,16.0,23.63406401397411,-78.87511444091797,-78.87511444091797,0.10497665405273438,0.10203957557678223,43,43,YOLO,1,32,0,23.63406401397411,0,[],0.10460710525512695,0.05049395561218262,0.05047273635864258,0.0004074573516845703,0.0006601810455322266
20250723_235400_251,-18,43,43,16.0,23.588320391420083,-78.95969886779785,-78.95969886779785,0.10085058212280273,0.15852999687194824,43,43,YOLO,1,32,0,23.588320391420083,0,[],0.10051274299621582,0.05052685737609863,0.05047130584716797,0.05674147605895996,0.000782012939453125
20250723_235400_512,-18,43,43,16.0,23.543009643888837,-78.96734962463378,-78.96734962463378,0.10341596603393555,0.10336685180664062,43,43,YOLO,1,32,0,23.543009643888837,0,[],0.10303282737731934,0.05089879035949707,0.05138993263244629,0.000400543212890625,0.0006725788116455078
20250723_235400_720,-18,42,42,14.5,25.279932684582576,-77.23151206970215,-77.23151206970215,0.10290169715881348,0.15839791297912598,42,42,YOLO,1,32,0,25.279932684582576,0,[],0.10256338119506836,0.050460100173950195,0.05044913291931152,0.056726932525634766,0.0007541179656982422
20250723_235400_983,-18,42,42,14.5,25.243926607261358,-77.22585639953613,-77.22585639953613,0.1024634838104248,0.10206294059753418,42,42,YOLO,1,32,0,25.243926607261358,0,[],0.10212826728820801,0.050481319427490234,0.05046367645263672,0.0004019737243652344,0.0007104873657226562
20250723_235401_189,-18,42,42,14.5,25.19890015923839,-77.29053802490235,-77.29053802490235,0.10210752487182617,0.15853643417358398,42,42,YOLO,1,32,0,25.19890015923839,0,[],0.1017601490020752,0.05048418045043945,0.05055689811706543,0.056799888610839844,0.0006885528564453125
20250723_235401_452,-18,42,42,14.5,25.324185076691933,-77.29146156311035,-77.29146156311035,0.1022493839263916,0.10204577445983887,42,42,YOLO,1,32,0,25.324185076691933,0,[],0.10193705558776855,0.050505876541137695,0.05047464370727539,0.0003962516784667969,0.0006632804870605469
20250723_235401_658,-17,42,42,14.5,24.413703223739063,-78.22975692749023,-78.22975692749023,0.10275506973266602,0.158447265625,42,42,YOLO,1,32,0,24.413703223739063,0,[],0.10240793228149414,0.05046200752258301,0.05047273635864258,0.056758880615234375,0.0007469654083251953
20250723_235401_921,-17,42,42,14.5,24.42114444714113,-78.17997436523437,-78.17997436523437,0.10259604454040527,0.10208702087402344,42,42,YOLO,1,32,0,24.42114444714113,0,[],0.10232305526733398,0.05047488212585449,0.05049300193786621,0.00040912628173828125,0.0007047653198242188
20250723_235402_127,-17,42,42,14.5,24.31102328593714,-78.32430992126464,-78.32430992126464,0.10098624229431152,0.1583874225616455,42,42,YOLO,1,32,0,24.31102328593714,0,[],0.10065698623657227,0.05042910575866699,0.05043935775756836,0.05677151679992676,0.0007410049438476562
20250723_235402_388,-17,42,42,14.5,24.36623952228652,-78.27741279602051,-78.27741279602051,0.1040034294128418,0.10202765464782715,42,42,YOLO,1,32,0,24.36623952228652,0,[],0.10367417335510254,0.05045938491821289,0.05046582221984863,0.00040268898010253906,0.0006949901580810547
20250723_235402_596,-17,42,42,14.5,24.07959928137663,-78.53041076660156,-78.53041076660156,0.10236859321594238,0.1584470272064209,42,42,YOLO,1,32,0,24.07959928137663,0,[],0.10205674171447754,0.05044865608215332,0.05047345161437988,0.056801795959472656,0.0007157325744628906
20250723_235402_858,-17,43,43,16.0,23.976615943835526,-78.5158790588379,-78.5158790588379,0.10574460029602051,0.10205984115600586,43,43,YOLO,1,32,0,23.976615943835526,0,[],0.1053919792175293,0.05045437812805176,0.0504608154296875,0.0003972053527832031,0.0007426738739013672
20250723_235403_067,-17,43,43,16.0,21.75566658991103,-80.71614837646484,-80.71614837646484,0.10228085517883301,0.1584639549255371,43,43,YOLO,1,32,0,21.75566658991103,0,[],0.10197067260742188,0.05044889450073242,0.050452470779418945,0.05673980712890625,0.0008151531219482422
20250723_235403_330,-17,42,42,14.5,21.669807158349656,-80.73414688110351,-80.73414688110351,0.10294246673583984,0.1020655632019043,42,42,YOLO,1,32,0,21.669807158349656,0,[],0.1026296615600586,0.050458669662475586,0.05055379867553711,0.00039649009704589844,0.0006520748138427734
20250723_235403_537,-17,42,42,14.5,24.382734635746843,-78.15263366699219,-78.15263366699219,0.1031961441040039,0.15834808349609375,42,42,YOLO,1,32,0,24.382734635746843,0,[],0.10284876823425293,0.05047202110290527,0.05043745040893555,0.05671525001525879,0.0007164478302001953
20250723_235403_800,-17,42,42,14.5,24.432955705171963,-78.18970222473145,-78.18970222473145,0.10444760322570801,0.10200929641723633,42,42,YOLO,1,32,0,24.432955705171963,0,[],0.10411310195922852,0.05043435096740723,0.050513267517089844,0.00039887428283691406,0.0006575584411621094
20250723_235404_008,-17,42,42,14.5,24.468748148470127,-77.89352149963379,-77.89352149963379,0.10253357887268066,0.15845537185668945,42,42,YOLO,1,32,0,24.468748148470127,0,[],0.10226702690124512,0.050516366958618164,0.050470829010009766,0.05673027038574219,0.0007309913635253906
20250723_235404_271,-17,42,42,14.5,24.512100078294793,-78.04937744140625,-78.04937744140625,0.10293936729431152,0.10199570655822754,42,42,YOLO,1,32,0,24.512100078294793,0,[],0.10263442993164062,0.05048775672912598,0.05043315887451172,0.0004012584686279297,0.0006647109985351562
20250723_235404_477,-17,42,42,14.5,24.012681115600017,-78.49364776611328,-78.49364776611328,0.10341453552246094,0.15840721130371094,42,42,YOLO,1,32,0,24.012681115600017,0,[],0.1030728816986084,0.05049252510070801,0.05049586296081543,0.056748151779174805,0.0006649494171142578
20250723_235404_740,-17,42,42,14.5,24.048622694607204,-78.46401596069336,-78.46401596069336,0.10443425178527832,0.10202407836914062,42,42,YOLO,1,32,0,24.048622694607204,0,[],0.10410666465759277,0.05046653747558594,0.05044960975646973,0.00040531158447265625,0.0006976127624511719
20250723_235404_949,-17,42,42,14.5,24.542524473506276,-78.00013046264648,-78.00013046264648,0.10211992263793945,0.15848731994628906,42,42,YOLO,1,32,0,24.542524473506276,0,[],0.10179829597473145,0.050502777099609375,0.05045509338378906,0.056725502014160156,0.0007960796356201172
20250723_235405_211,-17,42,42,14.5,24.661126470363854,-77.85096397399903,-77.85096397399903,0.10567116737365723,0.10219144821166992,42,42,YOLO,1,32,0,24.661126470363854,0,[],0.10525393486022949,0.05054950714111328,0.05051302909851074,0.0004029273986816406,0.0007197856903076172
20250723_235405_420,-17,42,42,14.5,24.661651694181273,-77.7100601196289,-77.7100601196289,0.10299873352050781,0.15835118293762207,42,42,YOLO,1,32,0,24.661651694181273,0,[],0.10269856452941895,0.050444841384887695,0.050423622131347656,0.05677652359008789,0.0006999969482421875
20250723_235405_683,-16,42,42,14.5,24.772293875975564,-77.70045471191406,-77.70045471191406,0.1037895679473877,0.10201382637023926,42,42,YOLO,1,32,0,24.772293875975564,0,[],0.10347485542297363,0.05045890808105469,0.05045652389526367,0.0003902912139892578,0.0007014274597167969
20250723_235405_891,-16,42,42,14.5,22.644479273789756,-79.9327548980713,-79.9327548980713,0.1020045280456543,0.15835094451904297,42,42,YOLO,1,32,0,22.644479273789756,0,[],0.10169577598571777,0.050490379333496094,0.05045723915100098,0.05672121047973633,0.000675201416015625
20250723_235406_153,-16,42,42,14.5,22.665479988603863,-79.74162559509277,-79.74162559509277,0.10189485549926758,0.10196089744567871,42,42,YOLO,1,32,0,22.665479988603863,0,[],0.1015627384185791,0.05044269561767578,0.05045676231384277,0.0004029273986816406,0.0006530284881591797
20250723_235406_358,-16,42,42,14.5,22.487353336927683,-79.9877555847168,-79.9877555847168,0.10398340225219727,0.15848326683044434,42,42,YOLO,1,32,0,22.487353336927683,0,[],0.10363960266113281,0.05047893524169922,0.05051255226135254,0.05680346488952637,0.0006818771362304688
20250723_235406_622,-16,42,42,14.5,22.69321970715845,-79.82319145202636,-79.82319145202636,0.10225367546081543,0.10199189186096191,42,42,YOLO,1,32,0,22.69321970715845,0,[],0.10194730758666992,0.05043339729309082,0.050458669662475586,0.0004031658172607422,0.0006906986236572266
20250723_235406_828,-16,42,42,14.5,22.4074397541995,-80.03996353149414,-80.03996353149414,0.10378289222717285,0.15838623046875,42,42,YOLO,1,32,0,22.4074397541995,0,[],0.1034085750579834,0.0504307746887207,0.050496578216552734,0.05673980712890625,0.0007123947143554688
20250723_235407_092,-16,42,42,14.5,22.39850723091247,-80.03996353149414,-80.03996353149414,0.1040346622467041,0.10199260711669922,42,42,YOLO,1,32,0,22.39850723091247,0,[],0.10366511344909668,0.05046391487121582,0.05046820640563965,0.000400543212890625,0.0006551742553710938
20250723_235407_299,-16,42,42,14.5,23.049074325820186,-79.41232681274414,-79.41232681274414,0.10338211059570312,0.15834450721740723,42,42,YOLO,1,32,0,23.049074325820186,0,[],0.10304713249206543,0.05046844482421875,0.05044293403625488,0.05671858787536621,0.0007066726684570312
20250723_235407_563,-16,42,42,14.5,23.380701490881137,-79.14329223632812,-79.14329223632812,0.1024022102355957,0.10206079483032227,42,42,YOLO,1,32,0,23.380701490881137,0,[],0.1020655632019043,0.05048823356628418,0.05047416687011719,0.0003910064697265625,0.0007021427154541016
20250723_235407_769,-16,42,42,14.5,23.57401740156412,-78.91324882507324,-78.91324882507324,0.10268521308898926,0.15834951400756836,42,42,YOLO,1,32,0,23.57401740156412,0,[],0.10236597061157227,0.05048775672912598,0.05042624473571777,0.05673480033874512,0.0006935596466064453
20250723_235408_032,-16,42,42,14.5,23.586556437332476,-78.91380310058594,-78.91380310058594,0.10392403602600098,0.10199618339538574,42,42,YOLO,1,32,0,23.586556437332476,0,[],0.10360455513000488,0.050486087799072266,0.05045318603515625,0.00039649009704589844,0.0006551742553710938
20250723_235408_239,-16,42,42,14.5,23.31920908058828,-79.14358863830566,-79.14358863830566,0.10209512710571289,0.15837931632995605,42,42,YOLO,1,32,0,23.31920908058828,0,[],0.10178494453430176,0.050464630126953125,0.05044865608215332,0.056735992431640625,0.0007231235504150391
20250723_235408_501,-16,42,42,14.5,23.28211797208695,-79.39116821289062,-79.39116821289062,0.1015009880065918,0.10198068618774414,42,42,YOLO,1,32,0,23.28211797208695,0,[],0.10117268562316895,0.05045199394226074,0.05048179626464844,0.0004010200500488281,0.0006403923034667969
20250723_235408_706,-16,41,41,13.1,24.502537151534327,-77.97705574035645,-77.97705574035645,0.1255638599395752,0.15839576721191406,41,41,YOLO,1,32,0,24.502537151534327,0,[],0.12524962425231934,0.05047154426574707,0.05046963691711426,0.056745290756225586,0.0007016658782958984
20250723_235408_992,-16,41,41,13.1,24.527393853154905,-78.07584190368652,-78.07584190368652,0.10493946075439453,0.10201072692871094,41,41,YOLO,1,32,0,24.527393853154905,0,[],0.1046142578125,0.050454139709472656,0.050473690032958984,0.0004112720489501953,0.0006656646728515625
20250723_235409_200,-16,41,41,13.1,23.261066572527568,-79.22086639404297,-79.22086639404297,0.09982037544250488,0.15837931632995605,41,41,YOLO,1,32,0,23.261066572527568,0,[],0.09953689575195312,0.050493717193603516,0.05045604705810547,0.056734561920166016,0.0006892681121826172
20250723_235409_460,-16,41,41,13.1,24.23908145802649,-78.19157485961914,-78.19157485961914,0.1016378402709961,0.1020042896270752,41,41,YOLO,1,32,0,24.23908145802649,0,[],0.10134053230285645,0.050463199615478516,0.05045890808105469,0.00041556358337402344,0.0006613731384277344
20250723_235409_666,-15,41,41,13.1,22.90346041093997,-79.53607177734375,-79.53607177734375,0.10295677185058594,0.1583271026611328,41,41,YOLO,1,32,0,22.90346041093997,0,[],0.10264754295349121,0.0504612922668457,0.050476789474487305,0.05669736862182617,0.0006852149963378906
20250723_235409_929,-15,41,41,13.1,22.85524280191987,-79.56177520751953,-79.56177520751953,0.10413146018981934,0.10202479362487793,41,41,YOLO,1,32,0,22.85524280191987,0,[],0.10378742218017578,0.05049419403076172,0.05050039291381836,0.00037980079650878906,0.0006449222564697266
20250723_235410_136,-15,41,41,13.1,23.03674871532722,-79.5357063293457,-79.5357063293457,0.10266828536987305,0.1583564281463623,41,41,YOLO,1,32,0,23.03674871532722,0,[],0.10233116149902344,0.05046701431274414,0.05046415328979492,0.05673980712890625,0.0006787776947021484
20250723_235410_399,-15,41,41,13.1,22.90249843194563,-79.65893478393555,-79.65893478393555,0.10426139831542969,0.10199475288391113,41,41,YOLO,1,32,0,22.90249843194563,0,[],0.10396766662597656,0.05046677589416504,0.05045294761657715,0.00040078163146972656,0.0006687641143798828
20250723_235410_607,-15,41,41,13.1,23.083247903957528,-79.36697311401367,-79.36697311401367,0.10306739807128906,0.15848588943481445,41,41,YOLO,1,32,0,23.083247903957528,0,[],0.10277581214904785,0.05045318603515625,0.050462961196899414,0.056829214096069336,0.0007333755493164062
20250723_235410_870,-15,41,41,13.1,23.109267356435154,-79.41909637451172,-79.41909637451172,0.10280394554138184,0.10203838348388672,41,41,YOLO,1,32,0,23.109267356435154,0,[],0.10248732566833496,0.050467491149902344,0.05048394203186035,0.00039887428283691406,0.000682830810546875
20250723_235411_077,-15,41,41,13.1,23.46732201708366,-78.96646881103516,-78.96646881103516,0.10071444511413574,0.15834379196166992,41,41,YOLO,1,32,0,23.46732201708366,0,[],0.10036063194274902,0.0504763126373291,0.0504457950592041,0.05672574043273926,0.0006892681121826172
20250723_235411_337,-15,41,41,13.1,23.478667213282606,-78.98577880859375,-78.98577880859375,0.10361599922180176,0.10204625129699707,41,41,YOLO,1,32,0,23.478667213282606,0,[],0.10326218605041504,0.050445556640625,0.05051541328430176,0.000400543212890625,0.00067901611328125
20250723_235411_544,-15,41,41,13.1,23.646914322416677,-78.87432975769043,-78.87432975769043,0.10285782814025879,0.15831708908081055,41,41,YOLO,1,32,0,23.646914322416677,0,[],0.10248160362243652,0.050466299057006836,0.05044150352478027,0.05672192573547363,0.0006811618804931641
20250723_235411_807,-15,41,41,13.1,23.684764776937087,-78.84941253662109,-78.84941253662109,0.10271430015563965,0.10202932357788086,41,41,YOLO,1,32,0,23.684764776937087,0,[],0.10236907005310059,0.050443410873413086,0.050445556640625,0.000408172607421875,0.0007266998291015625
20250723_235412_014,-15,41,41,13.1,23.376257982078556,-79.05498390197754,-79.05498390197754,0.10326123237609863,0.15837526321411133,41,41,YOLO,1,32,0,23.376257982078556,0,[],0.10292863845825195,0.0504763126373291,0.05044889450073242,0.056757211685180664,0.0006861686706542969
20250723_235412_277,-15,40,40,11.6,23.45999029719789,-79.0381866455078,-79.0381866455078,0.10462021827697754,0.10206079483032227,40,40,YOLO,1,32,0,23.45999029719789,0,[],0.10429263114929199,0.05049252510070801,0.05047297477722168,0.00041222572326660156,0.0006775856018066406
20250723_235412_485,-15,41,41,13.1,23.714202838603697,-78.91063690185547,-78.91063690185547,0.10306334495544434,0.15839815139770508,41,41,YOLO,1,32,0,23.714202838603697,0,[],0.1027064323425293,0.05048513412475586,0.050484657287597656,0.05674433708190918,0.0006778240203857422
20250723_235412_748,-15,40,40,11.6,23.74077190794418,-78.83662147521973,-78.83662147521973,0.10672855377197266,0.10214686393737793,40,40,YOLO,1,32,0,23.74077190794418,0,[],0.10644149780273438,0.050464630126953125,0.0504450798034668,0.0003991127014160156,0.00083160400390625
20250723_235412_959,-15,40,40,11.6,26.077328832037153,-76.34508819580078,-76.34508819580078,0.10206890106201172,0.15836358070373535,40,40,YOLO,1,32,0,26.077328832037153,0,[],0.10176420211791992,0.05045342445373535,0.05047154426574707,0.05673384666442871,0.0006976127624511719
20250723_235413_221,-15,40,40,11.6,26.109528595704475,-76.46560134887696,-76.46560134887696,0.10281181335449219,0.10204458236694336,40,40,YOLO,1,32,0,26.109528595704475,0,[],0.10244154930114746,0.05048799514770508,0.050488948822021484,0.0004057884216308594,0.0006568431854248047
20250723_235413_427,-15,40,40,11.6,25.75872713814657,-76.62345542907715,-76.62345542907715,0.10275387763977051,0.15845823287963867,40,40,YOLO,1,32,0,25.75872713814657,0,[],0.1024165153503418,0.05051088333129883,0.05048227310180664,0.05677080154418945,0.0006873607635498047
20250723_235413_690,-14,40,40,11.6,26.10820719036417,-76.3680419921875,-76.3680419921875,0.10399675369262695,0.1020197868347168,40,40,YOLO,1,32,0,26.10820719036417,0,[],0.10363364219665527,0.050455570220947266,0.05046534538269043,0.0003972053527832031,0.0006968975067138672
20250723_235413_898,-14,40,40,11.6,24.046543280321202,-78.39840545654297,-78.39840545654297,0.10146546363830566,0.15884041786193848,40,40,YOLO,1,32,0,24.046543280321202,0,[],0.1011037826538086,0.05046200752258301,0.050524234771728516,0.05685114860534668,0.0009953975677490234
20250723_235414_161,-14,41,41,13.1,24.048159745262524,-78.37102508544922,-78.37102508544922,0.10457301139831543,0.10222077369689941,41,41,YOLO,1,32,0,24.048159745262524,0,[],0.10375237464904785,0.05052042007446289,0.0504915714263916,0.00046062469482421875,0.0007407665252685547
20250723_235414_369,-14,41,41,13.1,21.38783724049162,-81.03368797302247,-81.03368797302247,0.10187053680419922,0.15844249725341797,41,41,YOLO,1,32,0,21.38783724049162,0,[],0.10155606269836426,0.050475120544433594,0.05049252510070801,0.05675673484802246,0.0007109642028808594
20250723_235414_631,-14,41,41,13.1,21.377231708490783,-81.11494331359863,-81.11494331359863,0.10277104377746582,0.1020209789276123,41,41,YOLO,1,32,0,21.377231708490783,0,[],0.10242462158203125,0.050481319427490234,0.05045199394226074,0.0004010200500488281,0.0006806850433349609
20250723_235414_837,-14,41,41,13.1,21.52820116923496,-80.99259948730469,-80.99259948730469,0.10299110412597656,0.15834856033325195,41,41,YOLO,1,32,0,21.52820116923496,0,[],0.1026613712310791,0.05046558380126953,0.05045747756958008,0.05675911903381348,0.000659942626953125
20250723_235415_100,-14,40,40,11.6,21.40920059709569,-81.10508346557617,-81.10508346557617,0.10147356986999512,0.10202479362487793,40,40,YOLO,1,32,0,21.40920059709569,0,[],0.10115885734558105,0.05048179626464844,0.0504603385925293,0.00040984153747558594,0.0006673336029052734
20250723_235415_305,-14,41,41,13.1,21.42138977913328,-81.02987670898438,-81.02987670898438,0.09992408752441406,0.15830588340759277,41,41,YOLO,1,32,0,21.42138977913328,0,[],0.09956645965576172,0.05048036575317383,0.05041623115539551,0.05673646926879883,0.0006654262542724609
20250723_235415_565,-14,41,41,13.1,21.583341602823722,-80.8700611114502,-80.8700611114502,0.10477113723754883,0.10200190544128418,41,41,YOLO,1,32,0,21.583341602823722,0,[],0.10444903373718262,0.05044889450073242,0.050454139709472656,0.00039839744567871094,0.0006947517395019531
20250723_235415_773,-14,41,41,13.1,20.909470638032516,-81.52549057006836,-81.52549057006836,0.10346722602844238,0.15840888023376465,41,41,YOLO,1,32,0,20.909470638032516,0,[],0.1031038761138916,0.050458431243896484,0.050519466400146484,0.056748151779174805,0.0006763935089111328
20250723_235416_037,-14,41,41,13.1,20.93865831684927,-81.58485870361328,-81.58485870361328,0.10579252243041992,0.10203790664672852,41,41,YOLO,1,32,0,20.93865831684927,0,[],0.10544180870056152,0.05045771598815918,0.050469398498535156,0.0003955364227294922,0.0007088184356689453
20250723_235416_246,-14,40,40,11.6,24.844151838819144,-77.6935935974121,-77.6935935974121,0.10242438316345215,0.15842008590698242,40,40,YOLO,1,32,0,24.844151838819144,0,[],0.10208630561828613,0.050479888916015625,0.050484657287597656,0.056694746017456055,0.0007536411285400391
20250723_235416_509,-14,40,40,11.6,24.615488528688502,-77.85292358398438,-77.85292358398438,0.10361337661743164,0.10206389427185059,40,40,YOLO,1,32,0,24.615488528688502,0,[],0.10334300994873047,0.05049920082092285,0.05047607421875,0.0003991127014160156,0.0006785392761230469
20250723_235416_716,-14,39,39,10.2,26.011708390795263,-76.5447452545166,-76.5447452545166,0.10390543937683105,0.15845727920532227,39,39,YOLO,1,32,0,26.011708390795263,0,[],0.10358643531799316,0.0504763126373291,0.05049467086791992,0.056809425354003906,0.0006704330444335938
20250723_235416_980,-14,39,39,10.2,26.008880083145584,-76.55417938232422,-76.55417938232422,0.10381174087524414,0.10206246376037598,39,39,YOLO,1,32,0,26.008880083145584,0,[],0.10346817970275879,0.050466299057006836,0.05046701431274414,0.00043892860412597656,0.0006847381591796875
20250723_235417_187,-14,39,39,10.2,25.960466777418333,-76.63354835510253,-76.63354835510253,0.10303950309753418,0.1584329605102539,39,39,YOLO,1,32,0,25.960466777418333,0,[],0.10269927978515625,0.05046558380126953,0.05045914649963379,0.0567166805267334,0.0007805824279785156
20250723_235417_450,-14,40,40,11.6,26.085232048576486,-76.46766395568848,-76.46766395568848,0.10523223876953125,0.10204863548278809,40,40,YOLO,1,32,0,26.085232048576486,0,[],0.10487604141235352,0.05048823356628418,0.05047965049743652,0.0004036426544189453,0.0006716251373291016
20250723_235417_659,-13,40,40,11.6,22.808783671959375,-79.67317199707031,-79.67317199707031,0.10260176658630371,0.1586451530456543,40,40,YOLO,1,32,0,22.808783671959375,0,[],0.10230469703674316,0.0504457950592041,0.05052781105041504,0.056839704513549805,0.0008234977722167969
20250723_235417_922,-13,40,40,11.6,22.92752733998057,-79.59537544250489,-79.59537544250489,0.1059117317199707,0.10198307037353516,40,40,YOLO,1,32,0,22.92752733998057,0,[],0.10558009147644043,0.05045294761657715,0.050445556640625,0.00039839744567871094,0.0006811618804931641
20250723_235418_132,-13,40,40,11.6,22.8018386440298,-79.81468849182129,-79.81468849182129,0.10313796997070312,0.15844273567199707,40,40,YOLO,1,32,0,22.8018386440298,0,[],0.10280036926269531,0.05047488212585449,0.05048418045043945,0.05675244331359863,0.0007233619689941406
20250723_235418_395,-13,40,40,11.6,22.684745512665643,-79.76148986816406,-79.76148986816406,0.10213327407836914,0.10201120376586914,40,40,YOLO,1,32,0,22.684745512665643,0,[],0.10177731513977051,0.05047869682312012,0.05044054985046387,0.000396728515625,0.0006890296936035156
20250723_235418_601,-13,40,40,11.6,23.68309488914791,-78.73485641479492,-78.73485641479492,0.0997154712677002,0.15842914581298828,40,40,YOLO,1,32,0,23.68309488914791,0,[],0.09940314292907715,0.05046486854553223,0.05044364929199219,0.056758880615234375,0.0007543563842773438
20250723_235418_861,-13,40,40,11.6,23.72994407173087,-78.916064453125,-78.916064453125,0.12314057350158691,0.10209417343139648,40,40,YOLO,1,32,0,23.72994407173087,0,[],0.1227424144744873,0.050470590591430664,0.05048227310180664,0.0004248619079589844,0.0007104873657226562
20250723_235419_087,-13,39,39,10.2,25.6448023248484,-76.8785629272461,-76.8785629272461,0.10217905044555664,0.15840721130371094,39,39,YOLO,1,32,0,25.6448023248484,0,[],0.10187911987304688,0.05047607421875,0.05049920082092285,0.056745052337646484,0.0006785392761230469
20250723_235419_350,-13,40,40,11.6,25.555308948794234,-76.96034889221191,-76.96034889221191,0.10297346115112305,0.10205841064453125,40,40,YOLO,1,32,0,25.555308948794234,0,[],0.10262608528137207,0.05049014091491699,0.05047202110290527,0.0004048347473144531,0.0006859302520751953
20250723_235419_556,-13,40,40,11.6,23.062182669896927,-79.5129337310791,-79.5129337310791,0.09981822967529297,0.15888404846191406,40,40,YOLO,1,32,0,23.062182669896927,0,[],0.09950590133666992,0.0504302978515625,0.05095076560974121,0.05678868293762207,0.0007073879241943359
20250723_235419_816,-13,40,40,11.6,22.938059153530915,-79.53607177734375,-79.53607177734375,0.10314750671386719,0.10204839706420898,40,40,YOLO,1,32,0,22.938059153530915,0,[],0.10280060768127441,0.050478219985961914,0.05043983459472656,0.00047326087951660156,0.0006518363952636719
20250723_235420_023,-13,40,40,11.6,22.264543938034222,-80.23807029724121,-80.23807029724121,0.10195374488830566,0.158416748046875,40,40,YOLO,1,32,0,22.264543938034222,0,[],0.10167789459228516,0.05045461654663086,0.05045771598815918,0.05677652359008789,0.0007202625274658203
20250723_235420_285,-13,40,40,11.6,23.12799617806482,-79.38391342163087,-79.38391342163087,0.10287594795227051,0.10209155082702637,40,40,YOLO,1,32,0,23.12799617806482,0,[],0.10256552696228027,0.050504207611083984,0.05050230026245117,0.0003924369812011719,0.0006868839263916016
20250723_235420_492,-13,39,39,10.2,25.19524653491571,-77.38850212097168,-77.38850212097168,0.10043907165527344,0.15841197967529297,39,39,YOLO,1,32,0,25.19524653491571,0,[],0.10009455680847168,0.050455570220947266,0.05044913291931152,0.05677223205566406,0.0007278919219970703
20250723_235420_752,-13,39,39,10.2,25.272361672846202,-77.19986343383789,-77.19986343383789,0.10598206520080566,0.10200691223144531,39,39,YOLO,1,32,0,25.272361672846202,0,[],0.10561680793762207,0.05047965049743652,0.05046868324279785,0.00040221214294433594,0.0006515979766845703
20250723_235420_962,-13,39,39,10.2,25.218198390663176,-77.26211547851562,-77.26211547851562,0.1024942398071289,0.15839362144470215,39,39,YOLO,1,32,0,25.218198390663176,0,[],0.10216283798217773,0.05047869682312012,0.05044054985046387,0.056743621826171875,0.0007226467132568359
20250723_235421_224,-13,39,39,10.2,25.363931426059693,-77.19967651367188,-77.19967651367188,0.10368895530700684,0.1020503044128418,39,39,YOLO,1,32,0,25.363931426059693,0,[],0.10334181785583496,0.050458669662475586,0.05048990249633789,0.00039696693420410156,0.0006988048553466797
20250723_235421_432,-13,39,39,10.2,25.477963196421655,-77.04189109802246,-77.04189109802246,0.10199713706970215,0.1583414077758789,39,39,YOLO,1,32,0,25.477963196421655,0,[],0.10168886184692383,0.0504460334777832,0.0504300594329834,0.05679154396057129,0.0006663799285888672
20250723_235421_694,-12,39,39,10.2,25.58108296787634,-76.9808120727539,-76.9808120727539,0.10306835174560547,0.10198330879211426,39,39,YOLO,1,32,0,25.58108296787634,0,[],0.10273170471191406,0.050393104553222656,0.05047249794006348,0.00040531158447265625,0.0007059574127197266
20250723_235421_900,-12,39,39,10.2,23.894923525081936,-78.61886901855469,-78.61886901855469,0.10240387916564941,0.15854120254516602,39,39,YOLO,1,32,0,23.894923525081936,0,[],0.1020658016204834,0.05047774314880371,0.05055809020996094,0.056737422943115234,0.0007607936859130859
20250723_235422_163,-12,39,39,10.2,23.738402200230382,-78.72566223144531,-78.72566223144531,0.10514450073242188,0.10212254524230957,39,39,YOLO,1,32,0,23.738402200230382,0,[],0.10480093955993652,0.05056905746459961,0.05048847198486328,0.0003826618194580078,0.0006766319274902344
20250723_235422_372,-12,39,39,10.2,23.924366784586553,-78.47489280700684,-78.47489280700684,0.10147213935852051,0.15833306312561035,39,39,YOLO,1,32,0,23.924366784586553,0,[],0.10111284255981445,0.050478219985961914,0.05044126510620117,0.056722402572631836,0.0006837844848632812
20250723_235422_633,-12,39,39,10.2,23.94268112830234,-78.64454727172851,-78.64454727172851,0.10007596015930176,0.10208415985107422,39,39,YOLO,1,32,0,23.94268112830234,0,[],0.09973311424255371,0.05045366287231445,0.05045938491821289,0.00040531158447265625,0.0007593631744384766
20250723_235422_837,-12,39,39,10.2,24.329747632103803,-78.19157485961914,-78.19157485961914,0.10282731056213379,0.15853238105773926,39,39,YOLO,1,32,0,24.329747632103803,0,[],0.10251140594482422,0.050573110580444336,0.05052685737609863,0.05672812461853027,0.0006966590881347656
20250723_235423_100,-12,39,39,10.2,24.449142856206706,-78.07486686706542,-78.07486686706542,0.102569580078125,0.1020364761352539,39,39,YOLO,1,32,0,24.449142856206706,0,[],0.10224437713623047,0.05048871040344238,0.050451040267944336,0.0003979206085205078,0.0006921291351318359
20250723_235423_306,-12,39,39,10.2,24.202976350749395,-78.33686141967773,-78.33686141967773,0.10469865798950195,0.15840649604797363,39,39,YOLO,1,32,0,24.202976350749395,0,[],0.10437965393066406,0.050443410873413086,0.05047178268432617,0.0567779541015625,0.0007054805755615234
20250723_235423_572,-12,39,39,10.2,23.978211511521124,-78.3989330291748,-78.3989330291748,0.1028592586517334,0.10192680358886719,39,39,YOLO,1,32,0,23.978211511521124,0,[],0.10216283798217773,0.05040597915649414,0.05045771598815918,0.0003974437713623047,0.0006604194641113281
20250723_235423_778,-12,39,39,10.2,24.278322742984088,-78.2485725402832,-78.2485725402832,0.10273480415344238,0.1583118438720703,39,39,YOLO,1,32,0,24.278322742984088,0,[],0.10242772102355957,0.05045509338378906,0.05043220520019531,0.05672168731689453,0.0006961822509765625
20250723_235424_040,-12,39,39,10.2,24.275728184228157,-78.23586006164551,-78.23586006164551,0.10628557205200195,0.10207867622375488,39,39,YOLO,1,32,0,24.275728184228157,0,[],0.10592389106750488,0.05046272277832031,0.050462961196899414,0.0004017353057861328,0.0007452964782714844
20250723_235424_250,-12,39,39,10.2,23.907192971233457,-78.6623348236084,-78.6623348236084,0.10044550895690918,0.15834784507751465,39,39,YOLO,1,32,0,23.907192971233457,0,[],0.10011672973632812,0.05045366287231445,0.05046868324279785,0.056715965270996094,0.0007016658782958984
20250723_235424_511,-12,39,39,10.2,23.944269435495997,-78.55940666198731,-78.55940666198731,0.10475516319274902,0.10198426246643066,39,39,YOLO,1,32,0,23.944269435495997,0,[],0.10439729690551758,0.050466060638427734,0.05044245719909668,0.00041937828063964844,0.0006518363952636719
20250723_235424_719,-12,38,38,8.7,25.365194834712298,-77.09198760986328,-77.09198760986328,0.10411262512207031,0.15842390060424805,38,38,YOLO,1,32,0,25.365194834712298,0,[],0.10374855995178223,0.05048179626464844,0.0504915714263916,0.05672049522399902,0.0007228851318359375
20250723_235424_983,-12,38,38,8.7,25.431050361552522,-77.05306243896484,-77.05306243896484,0.10205459594726562,0.10198044776916504,38,38,YOLO,1,32,0,25.431050361552522,0,[],0.10165667533874512,0.050460100173950195,0.050434112548828125,0.00039768218994140625,0.0006830692291259766
20250723_235425_189,-12,38,38,8.7,25.951636278904928,-76.56805801391602,-76.56805801391602,0.10300254821777344,0.15842127799987793,38,38,YOLO,1,32,0,25.951636278904928,0,[],0.10269761085510254,0.050501108169555664,0.05046343803405762,0.05675792694091797,0.0006921291351318359
20250723_235425_452,-12,38,38,8.7,25.8583932418139,-76.58380088806152,-76.58380088806152,0.10311174392700195,0.10193157196044922,38,38,YOLO,1,32,0,25.8583932418139,0,[],0.10277390480041504,0.05043220520019531,0.05043148994445801,0.00039386749267578125,0.0006678104400634766
20250723_235425_659,-11,38,38,8.7,24.199151704643583,-78.28924255371093,-78.28924255371093,0.10384917259216309,0.15845894813537598,38,38,YOLO,1,32,0,24.199151704643583,0,[],0.10351204872131348,0.05046391487121582,0.050469398498535156,0.05676460266113281,0.0007534027099609375
20250723_235425_923,-11,38,38,8.7,24.115446160353102,-78.3395336151123,-78.3395336151123,0.10357284545898438,0.10192322731018066,38,38,YOLO,1,32,0,24.115446160353102,0,[],0.10320496559143066,0.05043649673461914,0.05041861534118652,0.00039768218994140625,0.0006642341613769531
20250723_235426_130,-11,38,38,8.7,24.15930099801956,-78.41265106201172,-78.41265106201172,0.10219573974609375,0.15839171409606934,38,38,YOLO,1,32,0,24.15930099801956,0,[],0.10188651084899902,0.05046844482421875,0.05043148994445801,0.056772470474243164,0.0007126331329345703
20250723_235426_392,-11,38,38,8.7,24.010594357292902,-78.44514465332031,-78.44514465332031,0.10488581657409668,0.10200095176696777,38,38,YOLO,1,32,0,24.010594357292902,0,[],0.10455036163330078,0.05048799514770508,0.050451040267944336,0.0003991127014160156,0.0006563663482666016
20250723_235426_601,-11,38,38,8.7,24.476846819203615,-77.89735298156738,-77.89735298156738,0.1029813289642334,0.15857982635498047,38,38,YOLO,1,32,0,24.476846819203615,0,[],0.10265350341796875,0.050464630126953125,0.05046367645263672,0.05678296089172363,0.0008606910705566406
20250723_235426_864,-11,38,38,8.7,24.736106636968174,-77.73897590637208,-77.73897590637208,0.10225439071655273,0.1020193099975586,38,38,YOLO,1,32,0,24.736106636968174,0,[],0.10188817977905273,0.05047750473022461,0.050472259521484375,0.00039839744567871094,0.0006663799285888672
20250723_235427_070,-11,38,38,8.7,24.685102164956618,-77.76300926208496,-77.76300926208496,0.10285592079162598,0.15836524963378906,38,38,YOLO,1,32,0,24.685102164956618,0,[],0.10255217552185059,0.05046725273132324,0.05044960975646973,0.056722164154052734,0.0007200241088867188
20250723_235427_333,-11,38,38,8.7,24.78093965788534,-77.70927734375,-77.70927734375,0.10205769538879395,0.10204148292541504,38,38,YOLO,1,32,0,24.78093965788534,0,[],0.10169315338134766,0.05044698715209961,0.05043172836303711,0.00039887428283691406,0.0007576942443847656
20250723_235427_538,-11,38,38,8.7,25.048527508127336,-77.44186058044434,-77.44186058044434,0.10484170913696289,0.1583867073059082,38,38,YOLO,1,32,0,25.048527508127336,0,[],0.10450959205627441,0.05047035217285156,0.05043315887451172,0.05674099922180176,0.0007355213165283203
20250723_235427_803,-11,38,38,8.7,25.197964741575277,-77.3359359741211,-77.3359359741211,0.1047661304473877,0.10197615623474121,38,38,YOLO,1,32,0,25.197964741575277,0,[],0.1043846607208252,0.0504608154296875,0.05043959617614746,0.0003993511199951172,0.0006711483001708984
20250723_235428_012,-11,38,38,8.7,24.74489496815883,-77.72029113769531,-77.72029113769531,0.1021418571472168,0.15831756591796875,38,38,YOLO,1,32,0,24.74489496815883,0,[],0.10181593894958496,0.050440073013305664,0.05046868324279785,0.05672311782836914,0.0006794929504394531
20250723_235428_274,-11,38,38,8.7,24.626168454288162,-77.80028419494629,-77.80028419494629,0.08541440963745117,0.10205507278442383,38,38,YOLO,1,32,0,24.626168454288162,0,[],0.08510446548461914,0.0504755973815918,0.05046200752258301,0.0004169940948486328,0.0006935596466064453
20250723_235428_463,-11,38,38,8.7,24.245872522464524,-78.32434425354003,-78.32434425354003,0.09733390808105469,0.15842247009277344,38,38,YOLO,1,32,0,24.245872522464524,0,[],0.09701228141784668,0.05048036575317383,0.05045151710510254,0.05680108070373535,0.000682830810546875
20250723_235428_720,-11,37,37,7.3,24.349982833273984,-78.1524673461914,-78.1524673461914,0.10723185539245605,0.1020667552947998,37,37,YOLO,1,32,0,24.349982833273984,0,[],0.1069025993347168,0.05045914649963379,0.05048060417175293,0.0004258155822753906,0.0006947517395019531
20250723_235428_931,-11,NO_RADIO,37,7.3,25.49884358895757,-76.93661994934082,-76.93661994934082,0.10025954246520996,0.15848684310913086,37,,CenterFallback,1,32,0,,,[],0.09993219375610352,0.05045199394226074,0.05044865608215332,0.056742191314697266,0.0007798671722412109
20250723_235429_191,-11,NO_RADIO,37,7.3,25.607220166108675,-76.88809928894042,-76.88809928894042,0.10338234901428223,0.10223889350891113,37,,CenterFallback,1,32,0,,,[],0.10305953025817871,0.050523996353149414,0.05052065849304199,0.0004050731658935547,0.0007462501525878906
20250723_235429_399,-11,37,37,7.3,26.095983099437063,-76.43948059082031,-76.43948059082031,0.10229992866516113,0.15851187705993652,37,37,YOLO,1,32,0,26.095983099437063,0,[],0.10191798210144043,0.050516366958618164,0.05049633979797363,0.056758880615234375,0.0007331371307373047
20250723_235429_661,-10,38,38,8.7,26.18429041335962,-76.32029190063477,-76.32029190063477,0.10284996032714844,0.10218191146850586,38,38,YOLO,1,32,0,26.18429041335962,0,[],0.10247111320495605,0.050499916076660156,0.050559043884277344,0.00039076805114746094,0.0007252693176269531
20250723_235429_868,-10,38,38,8.7,22.80412922906345,-79.7191333770752,-79.7191333770752,0.10184717178344727,0.15866804122924805,38,38,YOLO,1,32,0,22.80412922906345,0,[],0.10141277313232422,0.050501346588134766,0.05054140090942383,0.056801795959472656,0.0008161067962646484
20250723_235430_130,-10,38,38,8.7,22.709114855770423,-79.86627540588378,-79.86627540588378,0.10256242752075195,0.10250186920166016,38,38,YOLO,1,32,0,22.709114855770423,0,[],0.10217905044555664,0.05055522918701172,0.05083894729614258,0.0003972053527832031,0.0007040500640869141
20250723_235430_337,-10,38,38,8.7,22.558182260009346,-79.82827720642089,-79.82827720642089,0.10371780395507812,0.15860939025878906,38,38,YOLO,1,32,0,22.558182260009346,0,[],0.1033785343170166,0.0505223274230957,0.050513505935668945,0.056793212890625,0.0007655620574951172
20250723_235430_601,-10,38,38,8.7,22.626107960458683,-79.72180366516113,-79.72180366516113,0.10787224769592285,0.10226964950561523,38,38,YOLO,1,32,0,22.626107960458683,0,[],0.10750961303710938,0.05060219764709473,0.05053138732910156,0.0004470348358154297,0.0006833076477050781
20250723_235430_813,-10,38,38,8.7,22.97912962011263,-79.46707267761231,-79.46707267761231,0.10343337059020996,0.15843653678894043,38,38,YOLO,1,32,0,22.97912962011263,0,[],0.10312581062316895,0.05047488212585449,0.05048012733459473,0.0567471981048584,0.0007271766662597656
20250723_235431_077,-10,38,38,8.7,23.066053008848627,-79.36675338745117,-79.36675338745117,0.10534238815307617,0.10198283195495605,38,38,YOLO,1,32,0,23.066053008848627,0,[],0.10498571395874023,0.050472259521484375,0.05044913291931152,0.00039649009704589844,0.0006594657897949219
20250723_235431_286,-10,38,38,8.7,22.797764295996387,-79.65093650817872,-79.65093650817872,0.10236406326293945,0.1587831974029541,38,38,YOLO,1,32,0,22.797764295996387,0,[],0.10204505920410156,0.05051088333129883,0.050429344177246094,0.05675911903381348,0.0010764598846435547
20250723_235431_549,-10,37,37,7.3,22.949669626739393,-79.63592948913575,-79.63592948913575,0.10418224334716797,0.10198068618774414,37,37,YOLO,1,32,0,22.949669626739393,0,[],0.10383415222167969,0.05045437812805176,0.05045056343078613,0.00039696693420410156,0.0006732940673828125
20250723_235431_757,-10,37,37,7.3,24.842706407482368,-77.64565925598144,-77.64565925598144,0.10254383087158203,0.15857291221618652,37,37,YOLO,1,32,0,24.842706407482368,0,[],0.10220980644226074,0.05052995681762695,0.05050778388977051,0.05677223205566406,0.0007550716400146484
20250723_235432_020,-10,37,37,7.3,24.747024474178872,-77.70009536743164,-77.70009536743164,0.09967613220214844,0.10220575332641602,37,37,YOLO,1,32,0,24.747024474178872,0,[],0.09933924674987793,0.05053520202636719,0.05054664611816406,0.00041103363037109375,0.0007059574127197266
20250723_235432_223,-10,38,38,8.7,23.189918746464187,-79.43046951293945,-79.43046951293945,0.10327696800231934,0.1584780216217041,38,38,YOLO,1,32,0,23.189918746464187,0,[],0.1029200553894043,0.05053234100341797,0.05047416687011719,0.05674624443054199,0.0007174015045166016
20250723_235432_487,-10,38,38,8.7,23.175319464017107,-79.30669593811035,-79.30669593811035,0.10603761672973633,0.10205245018005371,38,38,YOLO,1,32,0,23.175319464017107,0,[],0.10569643974304199,0.05045199394226074,0.05045747756958008,0.0003952980041503906,0.0007417201995849609
20250723_235432_696,-10,37,37,7.3,25.145629192456113,-77.40104751586914,-77.40104751586914,0.10262465476989746,0.15835952758789062,37,37,YOLO,1,32,0,25.145629192456113,0,[],0.10231971740722656,0.0504457950592041,0.05048227310180664,0.05670571327209473,0.0007188320159912109
20250723_235432_959,-10,37,37,7.3,24.97652997772427,-77.41664848327636,-77.41664848327636,0.10678648948669434,0.10205340385437012,37,37,YOLO,1,32,0,24.97652997772427,0,[],0.10644817352294922,0.05046534538269043,0.05051136016845703,0.00039005279541015625,0.0006814002990722656
20250723_235433_169,-10,37,37,7.3,25.121920994137298,-77.35685806274414,-77.35685806274414,0.1013343334197998,0.15836381912231445,37,37,YOLO,1,32,0,25.121920994137298,0,[],0.10105657577514648,0.05044293403625488,0.05045676231384277,0.05672860145568848,0.000728607177734375
20250723_235433_431,-10,37,37,7.3,25.122379645132924,-77.30543594360351,-77.30543594360351,0.10346436500549316,0.10208868980407715,37,37,YOLO,1,32,0,25.122379645132924,0,[],0.10312819480895996,0.05050921440124512,0.0504758358001709,0.000396728515625,0.0007021427154541016
20250723_235433_638,-9,37,37,7.3,22.99141576168165,-79.46734199523925,-79.46734199523925,0.10323429107666016,0.158491849899292,37,37,YOLO,1,32,0,22.99141576168165,0,[],0.10286474227905273,0.05051231384277344,0.050463199615478516,0.056791067123413086,0.0007181167602539062
20250723_235433_901,-9,37,37,7.3,23.008955234946868,-79.46347045898438,-79.46347045898438,0.10402202606201172,0.10199427604675293,37,37,YOLO,1,32,0,23.008955234946868,0,[],0.10368037223815918,0.050467729568481445,0.05044102668762207,0.00040268898010253906,0.0006778240203857422
20250723_235434_109,-9,37,37,7.3,23.08572683231577,-79.47555007934571,-79.47555007934571,0.10217070579528809,0.158416748046875,37,37,YOLO,1,32,0,23.08572683231577,0,[],0.10185098648071289,0.05045437812805176,0.050487518310546875,0.05675101280212402,0.0007176399230957031
20250723_235434_371,-9,37,37,7.3,23.221501716883978,-79.2725814819336,-79.2725814819336,0.10068511962890625,0.10205435752868652,37,37,YOLO,1,32,0,23.221501716883978,0,[],0.1003427505493164,0.05046486854553223,0.05046892166137695,0.0004076957702636719,0.0007064342498779297
20250723_235434_575,-9,37,37,7.3,23.06457651719745,-79.30865173339843,-79.30865173339843,0.10228705406188965,0.15837740898132324,37,37,YOLO,1,32,0,23.06457651719745,0,[],0.1019294261932373,0.050507545471191406,0.05045294761657715,0.05672311782836914,0.0006875991821289062
20250723_235434_838,-9,37,37,7.3,23.04970910239959,-79.38192710876464,-79.38192710876464,0.1023263931274414,0.10206055641174316,37,37,YOLO,1,32,0,23.04970910239959,0,[],0.1019887924194336,0.050496578216552734,0.05045270919799805,0.0003936290740966797,0.0007123947143554688
20250723_235435_044,-9,37,37,7.3,22.817870955819004,-79.62857818603516,-79.62857818603516,0.10459280014038086,0.15834927558898926,37,37,YOLO,1,32,0,22.817870955819004,0,[],0.10425496101379395,0.05041909217834473,0.05048370361328125,0.05673551559448242,0.0007045269012451172
20250723_235435_308,-9,37,37,7.3,22.634124206785287,-79.77017211914062,-79.77017211914062,0.1037147045135498,0.10196661949157715,37,37,YOLO,1,32,0,22.634124206785287,0,[],0.10337996482849121,0.0504758358001709,0.05042767524719238,0.0003826618194580078,0.0006737709045410156
20250723_235435_516,-9,37,37,7.3,22.89655209142768,-79.64765243530273,-79.64765243530273,0.1028897762298584,0.15842318534851074,37,37,YOLO,1,32,0,22.89655209142768,0,[],0.10257649421691895,0.05045294761657715,0.05048060417175293,0.05673050880432129,0.0007526874542236328
20250723_235435_779,-9,37,37,7.3,22.909445545393496,-79.49562454223633,-79.49562454223633,0.10259246826171875,0.10210704803466797,37,37,YOLO,1,32,0,22.909445545393496,0,[],0.10225510597229004,0.05050969123840332,0.05048394203186035,0.0004253387451171875,0.0006821155548095703
20250723_235435_985,-9,37,37,7.3,22.92337208882428,-79.52862548828125,-79.52862548828125,0.10269618034362793,0.15839719772338867,37,37,YOLO,1,32,0,22.92337208882428,0,[],0.10234618186950684,0.05050373077392578,0.05044889450073242,0.05675148963928223,0.0006859302520751953
20250723_235436_248,-9,37,37,7.3,23.17417945838831,-79.35510749816895,-79.35510749816895,0.10425114631652832,0.10199761390686035,37,37,YOLO,1,32,0,23.17417945838831,0,[],0.10391020774841309,0.05046653747558594,0.05045747756958008,0.0003979206085205078,0.0006694793701171875
20250723_235436_455,-9,37,37,7.3,23.181556655151397,-79.39116821289062,-79.39116821289062,0.10198020935058594,0.1583700180053711,37,37,YOLO,1,32,0,23.181556655151397,0,[],0.10165286064147949,0.05045175552368164,0.05047464370727539,0.05673789978027344,0.0006985664367675781
20250723_235436_717,-9,36,36,5.8,23.041410040046372,-79.33938331604004,-79.33938331604004,0.10317611694335938,0.10205769538879395,36,36,YOLO,1,32,0,23.041410040046372,0,[],0.10281968116760254,0.05049586296081543,0.05046963691711426,0.00040340423583984375,0.0006835460662841797
20250723_235436_924,-9,36,36,5.8,25.19293955098351,-77.22967567443848,-77.22967567443848,0.10263705253601074,0.15835833549499512,36,36,YOLO,1,32,0,25.19293955098351,0,[],0.10227656364440918,0.05044198036193848,0.05046391487121582,0.05675840377807617,0.0006873607635498047
20250723_235437_187,-9,36,36,5.8,25.21295055805895,-77.21874122619629,-77.21874122619629,0.1040651798248291,0.10196256637573242,36,36,YOLO,1,32,0,25.21295055805895,0,[],0.10371017456054688,0.05042266845703125,0.050460100173950195,0.0004062652587890625,0.0006682872772216797
20250723_235437_394,-9,36,36,5.8,25.57213645322301,-76.95648193359375,-76.95648193359375,0.10290360450744629,0.1583690643310547,36,36,YOLO,1,32,0,25.57213645322301,0,[],0.10257673263549805,0.05046844482421875,0.05045127868652344,0.056761741638183594,0.0006816387176513672
20250723_235437_657,-8,36,36,5.8,25.564694552373496,-76.99321632385254,-76.99321632385254,0.10154581069946289,0.10205459594726562,36,36,YOLO,1,32,0,25.564694552373496,0,[],0.10121965408325195,0.050450801849365234,0.050472259521484375,0.00039386749267578125,0.0007314682006835938
20250723_235437_863,-8,36,36,5.8,24.65316093988035,-77.86567611694336,-77.86567611694336,0.10237503051757812,0.158372163772583,36,36,YOLO,1,32,0,24.65316093988035,0,[],0.10192418098449707,0.05044102668762207,0.05043816566467285,0.05675482749938965,0.0007252693176269531
20250723_235438_125,-8,36,36,5.8,24.564577379586865,-77.94134559631348,-77.94134559631348,0.10311770439147949,0.10210490226745605,36,36,YOLO,1,32,0,24.564577379586865,0,[],0.10276055335998535,0.05041766166687012,0.050470829010009766,0.00039696693420410156,0.0008132457733154297
20250723_235438_332,-8,36,36,5.8,24.666855073867993,-77.85363502502442,-77.85363502502442,0.10320734977722168,0.15834593772888184,36,36,YOLO,1,32,0,24.666855073867993,0,[],0.10289549827575684,0.05045652389526367,0.05044698715209961,0.056760549545288086,0.0006737709045410156
20250723_235438_595,-8,36,36,5.8,24.655912816592434,-77.8893539428711,-77.8893539428711,0.1057438850402832,0.10199427604675293,36,36,YOLO,1,32,0,24.655912816592434,0,[],0.10543489456176758,0.05043792724609375,0.05049610137939453,0.0003955364227294922,0.0006587505340576172
20250723_235438_805,-8,36,36,5.8,24.88519817324655,-77.6060661315918,-77.6060661315918,0.10140728950500488,0.15843462944030762,36,36,YOLO,1,32,0,24.88519817324655,0,[],0.10106754302978516,0.05046248435974121,0.05045461654663086,0.05680418014526367,0.0007069110870361328
20250723_235439_066,-8,36,36,5.8,24.874606813589452,-77.72390747070312,-77.72390747070312,0.10435628890991211,0.10200834274291992,36,36,YOLO,1,32,0,24.874606813589452,0,[],0.10402107238769531,0.05045628547668457,0.050460100173950195,0.0004093647003173828,0.0006730556488037109
20250723_235439_274,-8,36,36,5.8,25.05471073731819,-77.50704727172851,-77.50704727172851,0.12811660766601562,0.15882205963134766,36,36,YOLO,1,32,0,25.05471073731819,0,[],0.1277937889099121,0.050522804260253906,0.050447702407836914,0.056754350662231445,0.0010886192321777344
20250723_235439_563,-8,36,36,5.8,25.02313700553971,-77.48799324035645,-77.48799324035645,0.10035109519958496,0.10205507278442383,36,36,YOLO,1,32,0,25.02313700553971,0,[],0.09999704360961914,0.05047178268432617,0.0504915714263916,0.000392913818359375,0.0006933212280273438
20250723_235439_767,-8,36,36,5.8,24.73371341746261,-77.67149238586425,-77.67149238586425,0.1022651195526123,0.1584019660949707,36,36,YOLO,1,32,0,24.73371341746261,0,[],0.1019589900970459,0.05047798156738281,0.05047941207885742,0.05673480033874512,0.0007030963897705078
20250723_235440_030,-8,36,36,5.8,24.682858319032377,-77.7973705291748,-77.7973705291748,0.09915494918823242,0.1020498275756836,36,36,YOLO,1,32,0,24.682858319032377,0,[],0.09882831573486328,0.05045771598815918,0.050505638122558594,0.0003998279571533203,0.0006811618804931641
20250723_235440_232,-8,36,36,5.8,24.64990060572559,-77.7224308013916,-77.7224308013916,0.10113692283630371,0.1584184169769287,36,36,YOLO,1,32,0,24.64990060572559,0,[],0.10084414482116699,0.050455570220947266,0.05048060417175293,0.05673623085021973,0.0007395744323730469
20250723_235440_494,-8,36,36,5.8,24.518995061810713,-77.87084770202637,-77.87084770202637,0.10354161262512207,0.10199928283691406,36,36,YOLO,1,32,0,24.518995061810713,0,[],0.10318946838378906,0.0504910945892334,0.05043601989746094,0.00039649009704589844,0.0006704330444335938
20250723_235440_701,-8,35,35,4.4,25.343021709589323,-77.23156127929687,-77.23156127929687,0.09759783744812012,0.15841341018676758,35,35,YOLO,1,32,0,25.343021709589323,0,[],0.09726715087890625,0.05047011375427246,0.05046439170837402,0.056758880615234375,0.0007126331329345703
20250723_235440_958,-8,35,35,4.4,25.3379230039846,-77.02830772399902,-77.02830772399902,0.10578465461730957,0.10197806358337402,35,35,YOLO,1,32,0,25.3379230039846,0,[],0.1054689884185791,0.050435781478881836,0.05043673515319824,0.0003998279571533203,0.0006997585296630859
20250723_235441_168,-8,35,35,4.4,24.81677985134145,-77.7100601196289,-77.7100601196289,0.10239887237548828,0.15846633911132812,35,35,YOLO,1,32,0,24.81677985134145,0,[],0.10208725929260254,0.050458431243896484,0.050470590591430664,0.0567622184753418,0.0007681846618652344
20250723_235441_430,-8,35,35,4.4,24.777099085980012,-77.63264122009278,-77.63264122009278,0.1040189266204834,0.10208368301391602,35,35,YOLO,1,32,0,24.777099085980012,0,[],0.10369992256164551,0.05047464370727539,0.05046677589416504,0.00039958953857421875,0.0007369518280029297
20250723_235441_638,-7,36,36,5.8,23.318027982969397,-79.03981933593751,-79.03981933593751,0.10153818130493164,0.15842819213867188,36,36,YOLO,1,32,0,23.318027982969397,0,[],0.1011962890625,0.05047893524169922,0.05049896240234375,0.056713104248046875,0.0007297992706298828
20250723_235441_900,-7,35,35,4.4,23.309440360343288,-79.12985763549804,-79.12985763549804,0.10418081283569336,0.10198521614074707,35,35,YOLO,1,32,0,23.309440360343288,0,[],0.10381960868835449,0.050408124923706055,0.0504763126373291,0.0004096031188964844,0.0006847381591796875
20250723_235442_107,-7,36,36,5.8,23.290212852012985,-79.21537551879882,-79.21537551879882,0.1036989688873291,0.15837526321411133,36,36,YOLO,1,32,0,23.290212852012985,0,[],0.10332894325256348,0.050470590591430664,0.05045628547668457,0.056731462478637695,0.0007100105285644531
20250723_235442_371,-7,36,36,5.8,22.92346071007323,-79.50511207580567,-79.50511207580567,0.10502743721008301,0.1020815372467041,36,36,YOLO,1,32,0,22.92346071007323,0,[],0.10469698905944824,0.05048990249633789,0.05045318603515625,0.0003986358642578125,0.0007336139678955078
20250723_235442_580,-7,36,36,5.8,23.454760031102808,-79.09557189941407,-79.09557189941407,0.10150599479675293,0.15835022926330566,36,36,YOLO,1,32,0,23.454760031102808,0,[],0.10118937492370605,0.05046558380126953,0.05044102668762207,0.056769371032714844,0.0006670951843261719
20250723_235442_841,-7,36,36,5.8,23.41180916211694,-79.09370880126953,-79.09370880126953,0.10042524337768555,0.10192704200744629,36,36,YOLO,1,32,0,23.41180916211694,0,[],0.10010051727294922,0.05045485496520996,0.05041766166687012,0.00039267539978027344,0.0006556510925292969
20250723_235443_045,-7,36,36,5.8,23.38585733457971,-79.13469543457032,-79.13469543457032,0.10258841514587402,0.15836071968078613,36,36,YOLO,1,32,0,23.38585733457971,0,[],0.10223960876464844,0.050454139709472656,0.050435781478881836,0.05675935745239258,0.0007047653198242188
20250723_235443_308,-7,35,35,4.4,23.36306155997191,-79.18708000183105,-79.18708000183105,0.10091519355773926,0.10205340385437012,35,35,YOLO,1,32,0,23.36306155997191,0,[],0.10058140754699707,0.050453901290893555,0.050488948822021484,0.00040435791015625,0.0007007122039794922
20250723_235443_512,-7,35,35,4.4,23.982524162699207,-78.48968811035157,-78.48968811035157,0.10161495208740234,0.15835833549499512,35,35,YOLO,1,32,0,23.982524162699207,0,[],0.1013026237487793,0.050455331802368164,0.05044245719909668,0.0567626953125,0.0006914138793945312
20250723_235443_774,-7,35,35,4.4,23.823019733280987,-78.68630027770996,-78.68630027770996,0.10543251037597656,0.1020348072052002,35,35,YOLO,1,32,0,23.823019733280987,0,[],0.10509634017944336,0.05048060417175293,0.05046844482421875,0.00039958953857421875,0.0006814002990722656
20250723_235443_983,-7,35,35,4.4,24.23885700357097,-78.32829437255859,-78.32829437255859,0.09967684745788574,0.1585850715637207,35,35,YOLO,1,32,0,24.23885700357097,0,[],0.09931254386901855,0.05044198036193848,0.05050969123840332,0.05679678916931152,0.0008296966552734375
20250723_235444_243,-7,35,35,4.4,24.216377949903546,-78.22444152832031,-78.22444152832031,0.09955883026123047,0.10206317901611328,35,35,YOLO,1,32,0,24.216377949903546,0,[],0.09924864768981934,0.05046272277832031,0.05048632621765137,0.00041103363037109375,0.0006973743438720703
20250723_235444_446,-7,35,35,4.4,24.795912093597224,-77.69985580444336,-77.69985580444336,0.1028296947479248,0.15839409828186035,35,35,YOLO,1,32,0,24.795912093597224,0,[],0.10250496864318848,0.050455570220947266,0.05045747756958008,0.05678224563598633,0.0006928443908691406
20250723_235444_709,-7,35,35,4.4,24.750531206734678,-77.74976806640625,-77.74976806640625,0.09979462623596191,0.10202312469482422,35,35,YOLO,1,32,0,24.750531206734678,0,[],0.09946846961975098,0.05045890808105469,0.050463199615478516,0.0004227161407470703,0.0006721019744873047
20250723_235444_913,-7,35,35,4.4,24.553226459326197,-78.0288860321045,-78.0288860321045,0.10168743133544922,0.1584479808807373,35,35,YOLO,1,32,0,24.553226459326197,0,[],0.10138773918151855,0.05046963691711426,0.05046725273132324,0.05676555633544922,0.0007379055023193359
20250723_235445_174,-7,35,35,4.4,24.435965404797372,-78.01741828918458,-78.01741828918458,0.10327839851379395,0.10197043418884277,35,35,YOLO,1,32,0,24.435965404797372,0,[],0.10297513008117676,0.050431251525878906,0.0504150390625,0.00040435791015625,0.0007135868072509766
20250723_235445_381,-7,35,35,4.4,24.056477475350576,-78.5715202331543,-78.5715202331543,0.10145258903503418,0.1583719253540039,35,35,YOLO,1,32,0,24.056477475350576,0,[],0.10115456581115723,0.05044078826904297,0.050467729568481445,0.05673623085021973,0.0007202625274658203
20250723_235445_643,-6,35,35,4.4,24.588044235214213,-77.91530876159668,-77.91530876159668,0.10207343101501465,0.10207033157348633,35,35,YOLO,1,32,0,24.588044235214213,0,[],0.10175800323486328,0.05046486854553223,0.050513267517089844,0.00040411949157714844,0.0006830692291259766
20250723_235445_848,-6,35,35,4.4,21.396042587914764,-81.03297843933106,-81.03297843933106,0.10226225852966309,0.15839672088623047,35,35,YOLO,1,32,0,21.396042587914764,0,[],0.10191106796264648,0.05046558380126953,0.050457000732421875,0.05674147605895996,0.0007255077362060547
20250723_235446_111,-6,35,35,4.4,21.56340313665558,-80.95183563232422,-80.95183563232422,0.10372495651245117,0.10198831558227539,35,35,YOLO,1,32,0,21.56340313665558,0,[],0.10338187217712402,0.0504450798034668,0.05046868324279785,0.0003941059112548828,0.0006730556488037109
20250723_235446_318,-6,35,35,4.4,22.027251878969295,-80.44608306884766,-80.44608306884766,0.1007692813873291,0.15842652320861816,35,35,YOLO,1,32,0,22.027251878969295,0,[],0.10047268867492676,0.05046963691711426,0.050462961196899414,0.056764841079711914,0.0007226467132568359
20250723_235446_579,-6,35,35,4.4,21.81264995497034,-80.65622329711914,-80.65622329711914,0.10258889198303223,0.10195326805114746,35,35,YOLO,1,32,0,21.81264995497034,0,[],0.10227775573730469,0.0504298210144043,0.050450801849365234,0.0003941059112548828,0.0006725788116455078
20250723_235446_785,-6,35,35,4.4,21.935681827919808,-80.48992729187012,-80.48992729187012,0.10085797309875488,0.15833663940429688,35,35,YOLO,1,32,0,21.935681827919808,0,[],0.10054993629455566,0.050487518310546875,0.05043339729309082,0.05672574043273926,0.0006835460662841797
20250723_235447_046,-6,35,35,4.4,21.874996024667865,-80.53462104797363,-80.53462104797363,0.10361647605895996,0.10200810432434082,35,35,YOLO,1,32,0,21.874996024667865,0,[],0.10327649116516113,0.050454139709472656,0.05045175552368164,0.00039267539978027344,0.0007033348083496094
20250723_235447_253,-6,35,35,4.4,21.83583818650655,-80.60938262939453,-80.60938262939453,0.10177040100097656,0.15841460227966309,35,35,YOLO,1,32,0,21.83583818650655,0,[],0.1014103889465332,0.050461769104003906,0.050464630126953125,0.05677676200866699,0.0007040500640869141
20250723_235447_515,-6,35,35,4.4,21.874197233211746,-80.60850563049317,-80.60850563049317,0.10461950302124023,0.10201597213745117,35,35,YOLO,1,32,0,21.874197233211746,0,[],0.1042792797088623,0.0504913330078125,0.05045199394226074,0.000400543212890625,0.0006668567657470703
20250723_235447_723,-6,NO_RADIO,35,4.4,21.793313580544137,-80.67580604553223,-80.67580604553223,0.10230469703674316,0.15842866897583008,35,,CenterFallback,1,32,0,,,[],0.10199117660522461,0.05049729347229004,0.05045032501220703,0.05672860145568848,0.0006999969482421875
20250723_235447_985,-6,35,35,4.4,21.87001922586171,-80.61384582519531,-80.61384582519531,0.10390806198120117,0.10201811790466309,35,35,YOLO,1,32,0,21.87001922586171,0,[],0.10358691215515137,0.05045437812805176,0.05048537254333496,0.0003981590270996094,0.0006737709045410156
20250723_235448_193,-6,35,35,4.4,22.02021192017378,-80.40672187805175,-80.40672187805175,0.09993982315063477,0.15836501121520996,35,35,YOLO,1,32,0,22.02021192017378,0,[],0.09963726997375488,0.050426483154296875,0.050453901290893555,0.05677485466003418,0.0007033348083496094
20250723_235448_453,-6,35,35,4.4,22.284834449224462,-80.234619140625,-80.234619140625,0.1015777587890625,0.10199666023254395,35,35,YOLO,1,32,0,22.284834449224462,0,[],0.1012730598449707,0.05047249794006348,0.05046844482421875,0.00038433074951171875,0.0006651878356933594
20250723_235448_658,-6,34,34,2.9,24.218573908064798,-78.32368469238281,-78.32368469238281,0.10324645042419434,0.1585836410522461,34,34,YOLO,1,32,0,24.218573908064798,0,[],0.10292720794677734,0.05045580863952637,0.05047416687011719,0.05677938461303711,0.0008661746978759766
20250723_235448_922,-6,34,34,2.9,24.144775950091798,-78.33939476013184,-78.33939476013184,0.10344266891479492,0.1019432544708252,34,34,YOLO,1,32,0,24.144775950091798,0,[],0.10312104225158691,0.05040454864501953,0.050444841384887695,0.0003986358642578125,0.0006887912750244141
20250723_235449_129,-6,34,34,2.9,24.324667257583414,-78.2311824798584,-78.2311824798584,0.10299825668334961,0.15849685668945312,34,34,YOLO,1,32,0,24.324667257583414,0,[],0.1026771068572998,0.05049538612365723,0.05045890808105469,0.05677151679992676,0.0007636547088623047
20250723_235449_392,-6,34,34,2.9,24.432251560650812,-78.08634910583496,-78.08634910583496,0.12585091590881348,0.1020348072052002,34,34,YOLO,1,32,0,24.432251560650812,0,[],0.12552881240844727,0.05044889450073242,0.05043935775756836,0.0003981590270996094,0.0007433891296386719
20250723_235449_621,-5,34,34,2.9,22.542273923927965,-79.9327548980713,-79.9327548980713,0.1027536392211914,0.15838265419006348,34,34,YOLO,1,32,0,22.542273923927965,0,[],0.10242486000061035,0.05045747756958008,0.0504608154296875,0.056740760803222656,0.0007174015045166016
20250723_235449_884,-5,34,34,2.9,22.493433607041496,-80.04016876220703,-80.04016876220703,0.10416555404663086,0.10200762748718262,34,34,YOLO,1,32,0,22.493433607041496,0,[],0.10386514663696289,0.05046582221984863,0.05046892166137695,0.0003924369812011719,0.0006756782531738281
20250723_235450_092,-5,34,34,2.9,22.528423596736957,-79.91699256896973,-79.91699256896973,0.10558366775512695,0.15836787223815918,34,34,YOLO,1,32,0,22.528423596736957,0,[],0.10524439811706543,0.05045199394226074,0.05047941207885742,0.05673408508300781,0.0006957054138183594
20250723_235450_358,-5,34,34,2.9,22.5521900770879,-79.75070075988769,-79.75070075988769,0.09964537620544434,0.10202980041503906,34,34,YOLO,1,32,0,22.5521900770879,0,[],0.09927892684936523,0.05048108100891113,0.050452232360839844,0.00039267539978027344,0.0006983280181884766
20250723_235450_561,-5,34,34,2.9,22.777932592129503,-79.81449356079102,-79.81449356079102,0.09845423698425293,0.15829896926879883,34,34,YOLO,1,32,0,22.777932592129503,0,[],0.09809613227844238,0.0504460334777832,0.0504302978515625,0.05672121047973633,0.0006949901580810547
20250723_235450_819,-5,34,34,2.9,22.975906489942318,-79.49195594787598,-79.49195594787598,0.10763335227966309,0.10209536552429199,34,34,YOLO,1,32,0,22.975906489942318,0,[],0.10731720924377441,0.050496816635131836,0.05046725273132324,0.0003790855407714844,0.0007476806640625
20250723_235451_030,-5,34,34,2.9,22.737837065709883,-79.80684776306153,-79.80684776306153,0.10100126266479492,0.15839624404907227,34,34,YOLO,1,32,0,22.737837065709883,0,[],0.10069656372070312,0.05046439170837402,0.0504302978515625,0.05678844451904297,0.0007069110870361328
20250723_235451_291,-5,34,34,2.9,22.70921097911632,-79.74167366027832,-79.74167366027832,0.10365438461303711,0.10207748413085938,34,34,YOLO,1,32,0,22.70921097911632,0,[],0.1033475399017334,0.05047774314880371,0.05048799514770508,0.0003952980041503906,0.0007112026214599609
20250723_235451_499,-5,34,34,2.9,23.145812555181067,-79.40872573852539,-79.40872573852539,0.10281825065612793,0.158355712890625,34,34,YOLO,1,32,0,23.145812555181067,0,[],0.10248780250549316,0.050462961196899414,0.050432682037353516,0.056755781173706055,0.0006978511810302734
20250723_235451_762,-5,34,34,2.9,23.211195497730245,-79.33990745544433,-79.33990745544433,0.10261058807373047,0.10198736190795898,34,34,YOLO,1,32,0,23.211195497730245,0,[],0.10228919982910156,0.05048489570617676,0.05043482780456543,0.0004012584686279297,0.0006592273712158203
20250723_235451_968,-5,34,34,2.9,23.20600010136738,-79.26522483825684,-79.26522483825684,0.10272026062011719,0.15834689140319824,34,34,YOLO,1,32,0,23.20600010136738,0,[],0.10241007804870605,0.05046439170837402,0.05041646957397461,0.05676388740539551,0.0006947517395019531
20250723_235452_230,-5,34,34,2.9,22.977845087404802,-79.32061080932617,-79.32061080932617,0.09977102279663086,0.10205984115600586,34,34,YOLO,1,32,0,22.977845087404802,0,[],0.09946966171264648,0.05048418045043945,0.05044293403625488,0.00040268898010253906,0.0007240772247314453
20250723_235452_434,-5,34,34,2.9,23.237995961262172,-79.1099754333496,-79.1099754333496,0.10164022445678711,0.158339262008667,34,34,YOLO,1,32,0,23.237995961262172,0,[],0.1013338565826416,0.05044364929199219,0.050452470779418945,0.0567471981048584,0.0006887912750244141
20250723_235452_696,-5,33,33,1.5,23.155634251769598,-79.25899200439453,-79.25899200439453,0.1023566722869873,0.10193943977355957,33,33,YOLO,1,32,0,23.155634251769598,0,[],0.10199666023254395,0.050477027893066406,0.0503993034362793,0.000396728515625,0.0006608963012695312
20250723_235452_901,-5,33,33,1.5,25.734604838957623,-76.69980163574219,-76.69980163574219,0.10960912704467773,0.15835261344909668,33,33,YOLO,1,32,0,25.734604838957623,0,[],0.10928702354431152,0.05045437812805176,0.05047869682312012,0.05672717094421387,0.0006854534149169922
20250723_235453_171,-5,33,33,1.5,25.688073940196134,-76.72437896728516,-76.72437896728516,0.10297560691833496,0.10207891464233398,33,33,YOLO,1,32,0,25.688073940196134,0,[],0.10270977020263672,0.05045771598815918,0.05051255226135254,0.00041675567626953125,0.0006856918334960938
20250723_235453_378,-5,33,33,1.5,25.295280554278378,-77.21702461242675,-77.21702461242675,0.10262560844421387,0.15830159187316895,33,33,YOLO,1,32,0,25.295280554278378,0,[],0.1022956371307373,0.05044889450073242,0.05041193962097168,0.05674624443054199,0.0006878376007080078
20250723_235453_640,-4,33,33,1.5,25.347056980861737,-77.22585639953613,-77.22585639953613,0.10506010055541992,0.10199236869812012,33,33,YOLO,1,32,0,25.347056980861737,0,[],0.10472631454467773,0.05044245719909668,0.05048251152038574,0.0003917217254638672,0.0006685256958007812
20250723_235453_849,-4,33,33,1.5,23.936018364513345,-78.4777027130127,-78.4777027130127,0.1018362045288086,0.15839147567749023,33,33,YOLO,1,32,0,23.936018364513345,0,[],0.10147237777709961,0.050443410873413086,0.05047941207885742,0.05673360824584961,0.0007278919219970703
20250723_235454_111,-4,33,33,1.5,24.057363367569366,-78.51537170410157,-78.51537170410157,0.10440230369567871,0.1022028923034668,33,33,YOLO,1,32,0,24.057363367569366,0,[],0.10404396057128906,0.05050969123840332,0.05052351951599121,0.00046563148498535156,0.0006985664367675781
20250723_235454_319,-4,33,33,1.5,24.89040526186038,-77.56616668701172,-77.56616668701172,0.10302376747131348,0.1585094928741455,33,33,YOLO,1,32,0,24.89040526186038,0,[],0.10265326499938965,0.0504913330078125,0.05055046081542969,0.05677223205566406,0.0006875991821289062
20250723_235454_582,-4,33,33,1.5,24.846960447700937,-77.60272636413575,-77.60272636413575,0.10347723960876465,0.10218358039855957,33,33,YOLO,1,32,0,24.846960447700937,0,[],0.10310649871826172,0.05049300193786621,0.05048990249633789,0.00040650367736816406,0.0007870197296142578
20250723_235454_790,-4,33,33,1.5,24.729688271977807,-77.75684242248535,-77.75684242248535,0.10197257995605469,0.15881013870239258,33,33,YOLO,1,32,0,24.729688271977807,0,[],0.10161924362182617,0.050537824630737305,0.05044817924499512,0.056758880615234375,0.0010557174682617188
20250723_235455_053,-4,33,33,1.5,24.676108432605844,-77.82700309753417,-77.82700309753417,0.1041252613067627,0.10201191902160645,33,33,YOLO,1,32,0,24.676108432605844,0,[],0.10337638854980469,0.05045676231384277,0.05046796798706055,0.0003943443298339844,0.0006873607635498047
20250723_235455_260,-4,33,33,1.5,24.869427276091642,-77.51012344360352,-77.51012344360352,0.10390329360961914,0.15837502479553223,33,33,YOLO,1,32,0,24.869427276091642,0,[],0.10354161262512207,0.05049324035644531,0.05043339729309082,0.05673861503601074,0.0007014274597167969
20250723_235455_524,-4,33,33,1.5,24.870603206182906,-77.53080749511719,-77.53080749511719,0.10111165046691895,0.10200929641723633,33,33,YOLO,1,32,0,24.870603206182906,0,[],0.10079765319824219,0.05046510696411133,0.05043387413024902,0.00040602684020996094,0.000698089599609375
20250723_235455_729,-4,33,33,1.5,25.113288118517858,-77.3581615447998,-77.3581615447998,0.10351848602294922,0.15832853317260742,33,33,YOLO,1,32,0,25.113288118517858,0,[],0.1031641960144043,0.05046582221984863,0.05042433738708496,0.056761741638183594,0.0006704330444335938
20250723_235455_993,-4,33,33,1.5,24.97694619050361,-77.48002624511719,-77.48002624511719,0.1074361801147461,0.10196900367736816,33,33,YOLO,1,32,0,24.97694619050361,0,[],0.10709023475646973,0.0504453182220459,0.05042243003845215,0.0004248619079589844,0.0006709098815917969
20250723_235456_204,-4,33,33,1.5,24.542515440610245,-77.91615715026856,-77.91615715026856,0.10353875160217285,0.15839600563049316,33,33,YOLO,1,32,0,24.542515440610245,0,[],0.10322380065917969,0.0504612922668457,0.05046510696411133,0.05672168731689453,0.0007412433624267578
20250723_235456_467,-4,33,33,1.5,24.485989820977878,-78.02830238342285,-78.02830238342285,0.10331153869628906,0.10201787948608398,33,33,YOLO,1,32,0,24.485989820977878,0,[],0.10292553901672363,0.05045938491821289,0.05045199394226074,0.00039696693420410156,0.0007045269012451172
20250723_235456_674,-4,32,32,0,25.709820298739103,-76.76103248596192,-76.76103248596192,0.10216403007507324,0.15840506553649902,32,32,YOLO,1,32,0,25.709820298739103,0,[],0.10183978080749512,0.05043983459472656,0.05044865608215332,0.05680561065673828,0.0007040500640869141
20250723_235456_936,-4,32,32,0,25.879653381878967,-76.73594017028809,-76.73594017028809,0.10338401794433594,0.1019582748413086,32,32,YOLO,1,32,0,25.879653381878967,0,[],0.10306882858276367,0.05044412612915039,0.050469160079956055,0.0003998279571533203,0.000640869140625
20250723_235457_143,-4,33,33,1.5,24.232754754491708,-78.22509002685547,-78.22509002685547,0.10310125350952148,0.15842628479003906,33,33,YOLO,1,32,0,24.232754754491708,0,[],0.1027677059173584,0.05046582221984863,0.05045580863952637,0.056794166564941406,0.0007038116455078125
20250723_235457_406,-4,33,33,1.5,24.11066863482239,-78.30025100708008,-78.30025100708008,0.10472750663757324,0.10200667381286621,33,33,YOLO,1,32,0,24.11066863482239,0,[],0.10443830490112305,0.050457000732421875,0.05045032501220703,0.00040531158447265625,0.0006890296936035156
20250723_235457_614,-3,33,33,1.5,22.710487654786107,-79.75373611450195,-79.75373611450195,0.10306310653686523,0.15835905075073242,33,33,YOLO,1,32,0,22.710487654786107,0,[],0.1027376651763916,0.05045485496520996,0.05045151710510254,0.05672264099121094,0.0007240772247314453
20250723_235457_877,-3,33,33,1.5,22.772581441889315,-79.75272636413574,-79.75272636413574,0.10445261001586914,0.10200190544128418,33,33,YOLO,1,32,0,22.772581441889315,0,[],0.10413360595703125,0.0504450798034668,0.05047941207885742,0.0003955364227294922,0.0006763935089111328
20250723_235458_085,-3,32,32,0,24.79153305075205,-77.70570640563965,-77.70570640563965,0.0996103286743164,0.15830659866333008,32,32,YOLO,1,32,0,24.79153305075205,0,[],0.09928202629089355,0.05045270919799805,0.05039858818054199,0.056757450103759766,0.0006861686706542969
20250723_235458_345,-3,33,33,1.5,24.974099272531532,-77.57895164489746,-77.57895164489746,0.10378527641296387,0.10201120376586914,33,33,YOLO,1,32,0,24.974099272531532,0,[],0.10349297523498535,0.05048632621765137,0.0504307746887207,0.0004019737243652344,0.0006856918334960938
20250723_235458_552,-3,33,33,1.5,23.346986547152284,-79.1384048461914,-79.1384048461914,0.10108351707458496,0.1584763526916504,33,33,YOLO,1,32,0,23.346986547152284,0,[],0.10073399543762207,0.05045580863952637,0.05045461654663086,0.05681967735290527,0.0007376670837402344
20250723_235458_814,-3,33,33,1.5,23.36115766974443,-79.04810523986816,-79.04810523986816,0.10343122482299805,0.10204601287841797,33,33,YOLO,1,32,0,23.36115766974443,0,[],0.10311126708984375,0.05048203468322754,0.05046844482421875,0.00039505958557128906,0.0006952285766601562
20250723_235459_021,-3,33,33,1.5,23.513794106909344,-79.09701080322266,-79.09701080322266,0.10351228713989258,0.15839362144470215,33,33,YOLO,1,32,0,23.513794106909344,0,[],0.10318970680236816,0.0504453182220459,0.05044364929199219,0.05679202079772949,0.000705718994140625
20250723_235459_284,-3,33,33,1.5,23.56470497791517,-78.90992469787598,-78.90992469787598,0.0889427661895752,0.10201501846313477,33,33,YOLO,1,32,0,23.56470497791517,0,[],0.08864998817443848,0.05046200752258301,0.050475120544433594,0.0004019737243652344,0.0006699562072753906
20250723_235459_477,-3,33,33,1.5,23.48099198966017,-78.90089378356933,-78.90089378356933,0.10095000267028809,0.15832066535949707,33,33,YOLO,1,32,0,23.48099198966017,0,[],0.10058474540710449,0.05045604705810547,0.05047178268432617,0.0567171573638916,0.0006685256958007812
20250723_235459_737,-3,33,33,1.5,23.39556184451459,-79.0327579498291,-79.0327579498291,0.10519814491271973,0.10203194618225098,33,33,YOLO,1,32,0,23.39556184451459,0,[],0.10486936569213867,0.0504608154296875,0.05047273635864258,0.00040435791015625,0.0006875991821289062
20250723_235459_946,-3,33,33,1.5,23.409148223070943,-79.06503639221191,-79.06503639221191,0.10381340980529785,0.15864062309265137,33,33,YOLO,1,32,0,23.409148223070943,0,[],0.1034688949584961,0.05045199394226074,0.05044102668762207,0.0567624568939209,0.0009768009185791016
20250723_235500_210,-3,33,33,1.5,23.48322575990008,-78.99013214111328,-78.99013214111328,0.10094976425170898,0.10203289985656738,33,33,YOLO,1,32,0,23.48322575990008,0,[],0.1006472110748291,0.05046367645263672,0.050484418869018555,0.0004010200500488281,0.0006771087646484375
20250723_235500_415,-3,33,33,1.5,23.409038448590508,-78.98323936462403,-78.98323936462403,0.10293126106262207,0.15833473205566406,33,33,YOLO,1,32,0,23.409038448590508,0,[],0.10261678695678711,0.05045127868652344,0.05047202110290527,0.056687116622924805,0.0007176399230957031
20250723_235500_678,-3,32,32,0,22.94649425787486,-79.53607177734375,-79.53607177734375,0.10438370704650879,0.10205817222595215,32,32,YOLO,1,32,0,22.94649425787486,0,[],0.10407876968383789,0.050409793853759766,0.05051231384277344,0.0004017353057861328,0.0007297992706298828
20250723_235500_886,-3,32,32,0,25.045290189300275,-77.39479064941406,-77.39479064941406,0.10277032852172852,0.15860390663146973,32,32,YOLO,1,32,0,25.045290189300275,0,[],0.10240054130554199,0.05053234100341797,0.05054759979248047,0.056801557540893555,0.0007147789001464844
20250723_235501_149,-3,32,32,0,24.836033895605738,-77.63851928710938,-77.63851928710938,0.10268807411193848,0.10248279571533203,32,32,YOLO,1,32,0,24.836033895605738,0,[],0.10232663154602051,0.050534963607788086,0.05049276351928711,0.0004267692565917969,0.0010209083557128906
20250723_235501_357,-3,32,32,0,24.35608682205391,-78.08573303222656,-78.08573303222656,0.10146641731262207,0.15868115425109863,32,32,YOLO,1,32,0,24.35608682205391,0,[],0.10107994079589844,0.05053210258483887,0.05058646202087402,0.056795358657836914,0.0007576942443847656
20250723_235501_618,-2,32,32,0,24.315896369699004,-78.02135353088379,-78.02135353088379,0.10257458686828613,0.10208988189697266,32,32,YOLO,1,32,0,24.315896369699004,0,[],0.10224795341491699,0.05048775672912598,0.050501346588134766,0.00041365623474121094,0.0006806850433349609
20250723_235501_825,-2,32,32,0,23.626560294214045,-78.74720039367676,-78.74720039367676,0.10163760185241699,0.15857434272766113,32,32,YOLO,1,32,0,23.626560294214045,0,[],0.1013031005859375,0.05048561096191406,0.050527095794677734,0.05679893493652344,0.00075531005859375
20250723_235502_086,-2,32,32,0,23.43840842782606,-78.9902530670166,-78.9902530670166,0.10271620750427246,0.10205793380737305,32,32,YOLO,1,32,0,23.43840842782606,0,[],0.10230755805969238,0.05045938491821289,0.050519466400146484,0.00040149688720703125,0.0006723403930664062
20250723_235502_293,-2,32,32,0,23.34021415157153,-79.06503639221191,-79.06503639221191,0.10156607627868652,0.15859413146972656,32,32,YOLO,1,32,0,23.34021415157153,0,[],0.10121011734008789,0.05050158500671387,0.05051994323730469,0.05678582191467285,0.0007801055908203125
20250723_235502_555,-2,32,32,0,23.363075634495274,-79.08203086853028,-79.08203086853028,0.10259199142456055,0.10201144218444824,32,32,YOLO,1,32,0,23.363075634495274,0,[],0.10226583480834961,0.05048537254333496,0.05043625831604004,0.00040221214294433594,0.0006825923919677734
20250723_235502_761,-2,32,32,0,23.81647276314162,-78.6329734802246,-78.6329734802246,0.10312795639038086,0.15869522094726562,32,32,YOLO,1,32,0,23.81647276314162,0,[],0.1028127670288086,0.05047345161437988,0.050432682037353516,0.05676126480102539,0.0010199546813964844
20250723_235503_025,-2,32,32,0,23.811532632251783,-78.69029426574707,-78.69029426574707,0.10219359397888184,0.10202169418334961,32,32,YOLO,1,32,0,23.811532632251783,0,[],0.10175085067749023,0.050498247146606445,0.0504460334777832,0.00038123130798339844,0.0006906986236572266
20250723_235503_231,-2,32,32,0,23.41966820535086,-78.91582679748535,-78.91582679748535,0.10122537612915039,0.15838050842285156,32,32,YOLO,1,32,0,23.41966820535086,0,[],0.10091710090637207,0.05048680305480957,0.05046892166137695,0.056711673736572266,0.0007059574127197266
20250723_235503_492,-2,32,32,0,23.317276485612567,-79.09696960449219,-79.09696960449219,0.10416054725646973,0.10233879089355469,32,32,YOLO,1,32,0,23.317276485612567,0,[],0.10383129119873047,0.05053544044494629,0.05052661895751953,0.000423431396484375,0.0008475780487060547
20250723_235503_700,-2,32,32,0,23.69558641815101,-78.80989952087403,-78.80989952087403,0.10204291343688965,0.15857982635498047,32,32,YOLO,1,32,0,23.69558641815101,0,[],0.10170125961303711,0.05051374435424805,0.05053377151489258,0.05682182312011719,0.0007035732269287109
20250723_235503_962,-2,32,32,0,23.781675608126278,-78.7972183227539,-78.7972183227539,0.10251522064208984,0.10209965705871582,32,32,YOLO,1,32,0,23.781675608126278,0,[],0.1021263599395752,0.05053877830505371,0.05047249794006348,0.00041174888610839844,0.0006706714630126953
20250723_235504_168,-2,32,32,0,23.637562160804038,-78.8878345489502,-78.8878345489502,0.10375213623046875,0.15838146209716797,32,32,YOLO,1,32,0,23.637562160804038,0,[],0.10339021682739258,0.05045151710510254,0.05043840408325195,0.056789398193359375,0.0006947517395019531
20250723_235504_432,-2,32,32,0,23.634614474879967,-78.85237884521484,-78.85237884521484,0.10604143142700195,0.10198569297790527,32,32,YOLO,1,32,0,23.634614474879967,0,[],0.10571885108947754,0.050458431243896484,0.05044817924499512,0.0003883838653564453,0.0006847381591796875
20250723_235504_641,-2,31,31,-1.5,25.399691385664013,-77.1339038848877,-77.1339038848877,0.12548613548278809,0.15841984748840332,31,31,YOLO,1,32,0,25.399691385664013,0,[],0.12515020370483398,0.05040168762207031,0.050534963607788086,0.05677914619445801,0.0006966590881347656
20250723_235504_927,-2,31,31,-1.5,25.48767349747294,-77.02927894592285,-77.02927894592285,0.11053180694580078,0.10210704803466797,31,31,YOLO,1,32,0,25.48767349747294,0,[],0.11020421981811523,0.05047202110290527,0.050490617752075195,0.0004093647003173828,0.0007293224334716797
20250723_235505_141,-2,31,31,-1.5,25.319042117289627,-77.14061546325684,-77.14061546325684,0.10287809371948242,0.1583869457244873,31,31,YOLO,1,32,0,25.319042117289627,0,[],0.1025536060333252,0.050455570220947266,0.05043816566467285,0.056777000427246094,0.0007097721099853516
20250723_235505_404,-2,31,31,-1.5,25.290404569661547,-77.14526252746582,-77.14526252746582,0.09969234466552734,0.10202860832214355,31,31,YOLO,1,32,0,25.290404569661547,0,[],0.09932971000671387,0.05046415328979492,0.05047893524169922,0.0004000663757324219,0.0006797313690185547
20250723_235505_607,-1,31,31,-1.5,24.19637983653068,-78.32081146240235,-78.32081146240235,0.10394906997680664,0.15839338302612305,31,31,YOLO,1,32,0,24.19637983653068,0,[],0.10361003875732422,0.050489187240600586,0.05047345161437988,0.05673098564147949,0.0006923675537109375
20250723_235505_871,-1,31,31,-1.5,23.98220031416676,-78.5210174560547,-78.5210174560547,0.10144495964050293,0.10202908515930176,31,31,YOLO,1,32,0,23.98220031416676,0,[],0.10112237930297852,0.050479888916015625,0.050458669662475586,0.0004024505615234375,0.0006811618804931641
20250723_235506_076,-1,31,31,-1.5,24.33134571656889,-78.22969207763671,-78.22969207763671,0.10163521766662598,0.15849828720092773,31,31,YOLO,1,32,0,24.33134571656889,0,[],0.1013345718383789,0.05053210258483887,0.05047011375427246,0.056790828704833984,0.0006983280181884766
20250723_235506_338,-1,31,31,-1.5,24.290101559119975,-78.21930618286133,-78.21930618286133,0.10166025161743164,0.10212445259094238,31,31,YOLO,1,32,0,24.290101559119975,0,[],0.10134005546569824,0.05046653747558594,0.050499677658081055,0.00041556358337402344,0.000736236572265625
20250723_235506_544,-1,31,31,-1.5,24.16204153619894,-78.42117691040039,-78.42117691040039,0.10308241844177246,0.1583695411682129,31,31,YOLO,1,32,0,24.16204153619894,0,[],0.10272884368896484,0.050424814224243164,0.05048394203186035,0.056726932525634766,0.0007262229919433594
20250723_235506_807,-1,31,31,-1.5,24.267666617520177,-78.25458908081055,-78.25458908081055,0.10212492942810059,0.10194182395935059,31,31,YOLO,1,32,0,24.267666617520177,0,[],0.10176849365234375,0.05045628547668457,0.05042862892150879,0.0004000663757324219,0.0006504058837890625
20250723_235507_012,-1,31,31,-1.5,24.524781356895147,-78.12595863342285,-78.12595863342285,0.10452556610107422,0.15832090377807617,31,31,YOLO,1,32,0,24.524781356895147,0,[],0.10419297218322754,0.05045461654663086,0.05045127868652344,0.0567169189453125,0.0006902217864990234
20250723_235507_277,-1,31,31,-1.5,24.49059683937513,-78.05441703796387,-78.05441703796387,0.10809445381164551,0.10199832916259766,31,31,YOLO,1,32,0,24.49059683937513,0,[],0.10774540901184082,0.05045723915100098,0.0504612922668457,0.0004086494445800781,0.0006558895111083984
20250723_235507_488,-1,31,31,-1.5,24.216694624664427,-78.33248710632324,-78.33248710632324,0.09857654571533203,0.158400297164917,31,31,YOLO,1,32,0,24.216694624664427,0,[],0.09824752807617188,0.05044984817504883,0.050469398498535156,0.05677938461303711,0.0006954669952392578
20250723_235507_747,-1,31,31,-1.5,24.300030249951377,-78.24629020690918,-78.24629020690918,0.1003565788269043,0.10203862190246582,31,31,YOLO,1,32,0,24.300030249951377,0,[],0.1000525951385498,0.05046486854553223,0.05045771598815918,0.00041222572326660156,0.000698089599609375
20250723_235507_951,-1,31,31,-1.5,24.007514904327493,-78.51464958190918,-78.51464958190918,0.10278010368347168,0.15837478637695312,31,31,YOLO,1,32,0,24.007514904327493,0,[],0.10241103172302246,0.05044746398925781,0.050476789474487305,0.05674624443054199,0.0006966590881347656
20250723_235508_214,-1,31,31,-1.5,24.00532331686341,-78.40820846557617,-78.40820846557617,0.10360455513000488,0.10222339630126953,31,31,YOLO,1,32,0,24.00532331686341,0,[],0.10328078269958496,0.050549983978271484,0.05051136016845703,0.0004062652587890625,0.0007507801055908203
20250723_235508_421,-1,31,31,-1.5,24.423028885313542,-78.16847038269043,-78.16847038269043,0.10150551795959473,0.15846657752990723,31,31,YOLO,1,32,0,24.423028885313542,0,[],0.10118651390075684,0.050453901290893555,0.05046677589416504,0.05675625801086426,0.0007824897766113281
20250723_235508_683,-1,30,30,-2.9,24.406300118515745,-78.15186958312988,-78.15186958312988,0.10416436195373535,0.10216355323791504,30,30,YOLO,1,32,0,24.406300118515745,0,[],0.10382437705993652,0.0504605770111084,0.05054187774658203,0.000457763671875,0.0006971359252929688
20250723_235508_890,-1,30,30,-2.9,26.61785421553799,-76.0325984954834,-76.0325984954834,0.10384202003479004,0.15836620330810547,30,30,YOLO,1,32,0,26.61785421553799,0,[],0.10351920127868652,0.050475358963012695,0.050445556640625,0.056732892990112305,0.0007059574127197266
20250723_235509_154,-1,30,30,-2.9,26.596332327553228,-76.00052070617676,-76.00052070617676,0.10334205627441406,0.1020817756652832,30,30,YOLO,1,32,0,26.596332327553228,0,[],0.1029973030090332,0.050452470779418945,0.050457000732421875,0.0004355907440185547,0.0007307529449462891
20250723_235509_361,-1,30,30,-2.9,26.63371267448744,-76.02066612243652,-76.02066612243652,0.10251188278198242,0.1583724021911621,30,30,YOLO,1,32,0,26.63371267448744,0,[],0.10214447975158691,0.05045199394226074,0.050475358963012695,0.05673480033874512,0.0007035732269287109
20250723_235509_624,0,30,30,-2.9,26.638505235992056,-75.91778106689453,-75.91778106689453,0.1028444766998291,0.10201501846313477,30,30,YOLO,1,32,0,26.638505235992056,0,[],0.10251855850219727,0.05045795440673828,0.050467491149902344,0.0004012584686279297,0.0006816387176513672
20250723_235509_830,0,30,30,-2.9,24.993067677895,-77.51241989135742,-77.51241989135742,0.1008141040802002,0.1584315299987793,30,30,YOLO,1,32,0,24.993067677895,0,[],0.10049772262573242,0.0504755973815918,0.05044817924499512,0.05674624443054199,0.0007550716400146484
20250723_235510_091,0,30,30,-2.9,24.969256078079212,-77.44222717285156,-77.44222717285156,0.10382270812988281,0.10208654403686523,30,30,YOLO,1,32,0,24.969256078079212,0,[],0.10347127914428711,0.050469160079956055,0.050479888916015625,0.0003948211669921875,0.0007364749908447266
20250723_235510_298,0,30,30,-2.9,25.124716332539037,-77.41207084655761,-77.41207084655761,0.09988164901733398,0.15833020210266113,30,30,YOLO,1,32,0,25.124716332539037,0,[],0.09957504272460938,0.05044674873352051,0.05044221878051758,0.05670809745788574,0.0007073879241943359
20250723_235510_558,0,30,30,-2.9,25.17023295593212,-77.47366447448731,-77.47366447448731,0.10373115539550781,0.1019747257232666,30,30,YOLO,1,32,0,25.17023295593212,0,[],0.10340189933776855,0.05041980743408203,0.05045890808105469,0.00040984153747558594,0.0006814002990722656
20250723_235510_765,0,30,30,-2.9,25.17437561015514,-77.2844009399414,-77.2844009399414,0.10064053535461426,0.15839195251464844,30,30,YOLO,1,32,0,25.17437561015514,0,[],0.1003425121307373,0.050502777099609375,0.05045127868652344,0.056740760803222656,0.0006909370422363281
20250723_235511_026,0,30,30,-2.9,25.254875281850687,-77.1790672302246,-77.1790672302246,0.10420751571655273,0.10197234153747559,30,30,YOLO,1,32,0,25.254875281850687,0,[],0.10389876365661621,0.050426483154296875,0.05047917366027832,0.000396728515625,0.0006632804870605469
20250723_235511_234,0,30,30,-2.9,24.886569255332446,-77.62152366638183,-77.62152366638183,0.10285711288452148,0.15832757949829102,30,30,YOLO,1,32,0,24.886569255332446,0,[],0.10255694389343262,0.05044388771057129,0.05045437812805176,0.056719303131103516,0.0007030963897705078
20250723_235511_497,0,30,30,-2.9,25.18934338607521,-77.2792308807373,-77.2792308807373,0.10707807540893555,0.10201001167297363,30,30,YOLO,1,32,0,25.18934338607521,0,[],0.10673093795776367,0.05044412612915039,0.050453901290893555,0.0004000663757324219,0.0007064342498779297
20250723_235511_707,0,NO_RADIO,30,-2.9,25.244854098325206,-77.21887550354003,-77.21887550354003,0.09862565994262695,0.15832877159118652,30,,CenterFallback,1,32,0,,,[],0.0982978343963623,0.05038642883300781,0.05047011375427246,0.056743621826171875,0.0006761550903320312
20250723_235511_966,0,NO_RADIO,30,-2.9,25.23634889082686,-77.24966430664062,-77.24966430664062,0.10293126106262207,0.1020517349243164,30,,CenterFallback,1,32,0,,,[],0.10256648063659668,0.05045342445373535,0.05048251152038574,0.0003821849822998047,0.0006945133209228516
20250723_235512_172,0,NO_RADIO,30,-2.9,25.170878063859647,-77.38328704833984,-77.38328704833984,0.1018533706665039,0.1584489345550537,30,,CenterFallback,1,32,0,,,[],0.1015770435333252,0.050447940826416016,0.05047774314880371,0.056765079498291016,0.0006926059722900391
20250723_235512_434,0,NO_RADIO,30,-2.9,25.14706008612208,-77.31052894592285,-77.31052894592285,0.10276675224304199,0.10203790664672852,30,,CenterFallback,1,32,0,,,[],0.10243368148803711,0.05046701431274414,0.050435781478881836,0.0003974437713623047,0.0007042884826660156
20250723_235512_641,0,30,30,-2.9,25.218577862188823,-77.34584350585938,-77.34584350585938,0.10377311706542969,0.15842056274414062,30,30,YOLO,1,32,0,25.218577862188823,0,[],0.10341739654541016,0.05046415328979492,0.05046582221984863,0.056754112243652344,0.0007300376892089844
20250723_235512_904,0,30,30,-2.9,25.310196062025767,-77.27950286865234,-77.27950286865234,0.10461640357971191,0.1020653247833252,30,30,YOLO,1,32,0,25.310196062025767,0,[],0.10432648658752441,0.05045890808105469,0.050452470779418945,0.00038504600524902344,0.0007634162902832031
20250723_235513_113,0,30,30,-2.9,25.400597680423658,-77.21938285827636,-77.21938285827636,0.10032033920288086,0.15839457511901855,30,30,YOLO,1,32,0,25.400597680423658,0,[],0.1000525951385498,0.05043745040893555,0.05045270919799805,0.056748151779174805,0.0007488727569580078
20250723_235513_373,0,30,30,-2.9,25.26881865382407,-77.26399192810058,-77.26399192810058,0.10370111465454102,0.10204672813415527,30,30,YOLO,1,32,0,25.26881865382407,0,[],0.10339069366455078,0.0504453182220459,0.05046224594116211,0.00039887428283691406,0.0007348060607910156
20250723_235513_580,1,30,30,-2.9,23.842058596917525,-78.7470932006836,-78.7470932006836,0.10394072532653809,0.1584012508392334,30,30,YOLO,1,32,0,23.842058596917525,0,[],0.10363459587097168,0.05042624473571777,0.05048322677612305,0.05678582191467285,0.0006992816925048828
20250723_235513_844,1,30,30,-2.9,23.93949202979701,-78.61912803649902,-78.61912803649902,0.10433101654052734,0.10203027725219727,30,30,YOLO,1,32,0,23.93949202979701,0,[],0.10396027565002441,0.05044245719909668,0.05047035217285156,0.000400543212890625,0.0007109642028808594
20250723_235514_052,1,30,30,-2.9,23.695493964850627,-78.76257133483887,-78.76257133483887,0.10304522514343262,0.15845417976379395,30,30,YOLO,1,32,0,23.695493964850627,0,[],0.10269665718078613,0.05047130584716797,0.05049419403076172,0.05675864219665527,0.0007219314575195312
20250723_235514_315,1,30,30,-2.9,23.72481968885934,-78.79632453918457,-78.79632453918457,0.10280466079711914,0.10195088386535645,30,30,YOLO,1,32,0,23.72481968885934,0,[],0.1025080680847168,0.0504608154296875,0.050440073013305664,0.00038504600524902344,0.0006592273712158203
20250723_235514_522,1,30,30,-2.9,23.961448995618937,-78.54477615356446,-78.54477615356446,0.10162734985351562,0.15836691856384277,30,30,YOLO,1,32,0,23.961448995618937,0,[],0.10132718086242676,0.05045056343078613,0.05046677589416504,0.05672502517700195,0.0007181167602539062
20250723_235514_783,1,30,30,-2.9,23.99768280207529,-78.43799095153808,-78.43799095153808,0.12506461143493652,0.1019892692565918,30,30,YOLO,1,32,0,23.99768280207529,0,[],0.1247553825378418,0.0504307746887207,0.05047345161437988,0.0003993511199951172,0.0006802082061767578
20250723_235515_012,1,30,30,-2.9,23.61348432940268,-78.92782974243164,-78.92782974243164,0.10217118263244629,0.15838623046875,30,30,YOLO,1,32,0,23.61348432940268,0,[],0.10183453559875488,0.0504915714263916,0.05047345161437988,0.05672264099121094,0.0006916522979736328
20250723_235515_274,1,30,30,-2.9,23.575292538972008,-78.90616302490234,-78.90616302490234,0.10158085823059082,0.10201525688171387,30,30,YOLO,1,32,0,23.575292538972008,0,[],0.10126852989196777,0.05045485496520996,0.05048036575317383,0.00038909912109375,0.0006856918334960938
20250723_235515_479,1,30,30,-2.9,23.61812145928782,-78.90647926330567,-78.90647926330567,0.09892129898071289,0.15848302841186523,30,30,YOLO,1,32,0,23.61812145928782,0,[],0.09863591194152832,0.05048418045043945,0.05045175552368164,0.0567326545715332,0.0008077621459960938
20250723_235515_738,1,30,30,-2.9,23.502328538614464,-78.88854293823242,-78.88854293823242,0.10310626029968262,0.10205841064453125,30,30,YOLO,1,32,0,23.502328538614464,0,[],0.10281610488891602,0.05047035217285156,0.050482988357543945,0.0004024505615234375,0.0006966590881347656
20250723_235515_945,1,30,30,-2.9,24.08924416964588,-78.45529899597167,-78.45529899597167,0.10220837593078613,0.15839576721191406,30,30,YOLO,1,32,0,24.08924416964588,0,[],0.1018683910369873,0.05045437812805176,0.050478219985961914,0.056754350662231445,0.0007023811340332031
20250723_235516_207,1,30,30,-2.9,24.218031511806743,-78.27450294494629,-78.27450294494629,0.09920454025268555,0.10196590423583984,30,30,YOLO,1,32,0,24.218031511806743,0,[],0.0988764762878418,0.05044889450073242,0.050444602966308594,0.00040721893310546875,0.0006597042083740234
20250723_235516_410,1,30,30,-2.9,24.219003503522416,-78.30310707092285,-78.30310707092285,0.10166287422180176,0.1584632396697998,30,30,YOLO,1,32,0,24.219003503522416,0,[],0.10134148597717285,0.05046844482421875,0.05048370361328125,0.05675148963928223,0.0007522106170654297
20250723_235516_672,1,29,29,-4.4,22.98137747368574,-79.4703125,-79.4703125,0.10711956024169922,0.10218453407287598,29,29,YOLO,1,32,0,22.98137747368574,0,[],0.10680246353149414,0.05047893524169922,0.05047869682312012,0.00040030479431152344,0.0008199214935302734
20250723_235516_883,1,29,29,-4.4,26.002482880743756,-76.51099472045898,-76.51099472045898,0.10204100608825684,0.15838193893432617,29,29,YOLO,1,32,0,26.002482880743756,0,[],0.10173869132995605,0.0504758358001709,0.05043625831604004,0.056752681732177734,0.0007109642028808594
20250723_235517_145,1,29,29,-4.4,26.114003882709937,-76.5257797241211,-76.5257797241211,0.10426735877990723,0.1021108627319336,29,29,YOLO,1,32,0,26.114003882709937,0,[],0.10395193099975586,0.05047464370727539,0.050484657287597656,0.0004050731658935547,0.0007417201995849609
20250723_235517_353,1,29,29,-4.4,25.760039653475317,-76.68078956604003,-76.68078956604003,0.10426616668701172,0.15834307670593262,29,29,YOLO,1,32,0,25.760039653475317,0,[],0.10392332077026367,0.05046725273132324,0.05043935775756836,0.05675101280212402,0.0006787776947021484
20250723_235517_617,2,29,29,-4.4,25.71065182330898,-76.69582824707031,-76.69582824707031,0.10477662086486816,0.10202956199645996,29,29,YOLO,1,32,0,25.71065182330898,0,[],0.10441899299621582,0.05045437812805176,0.05045938491821289,0.000396728515625,0.000713348388671875
20250723_235517_825,2,29,29,-4.4,23.94176430598236,-78.56778411865234,-78.56778411865234,0.10280275344848633,0.15830779075622559,29,29,YOLO,1,32,0,23.94176430598236,0,[],0.10245227813720703,0.05046415328979492,0.05041694641113281,0.05673646926879883,0.0006835460662841797
20250723_235518_088,2,29,29,-4.4,23.972356550573608,-78.55381851196289,-78.55381851196289,0.10306668281555176,0.1021585464477539,29,29,YOLO,1,32,0,23.972356550573608,0,[],0.10275435447692871,0.0504605770111084,0.05045628547668457,0.0003960132598876953,0.0008401870727539062
20250723_235518_295,2,29,29,-4.4,24.151503534377355,-78.37102508544922,-78.37102508544922,0.10175085067749023,0.15831995010375977,29,29,YOLO,1,32,0,24.151503534377355,0,[],0.10140728950500488,0.050393104553222656,0.050463199615478516,0.05674934387207031,0.0007078647613525391
20250723_235518_556,2,29,29,-4.4,24.301249263381706,-78.18993682861328,-78.18993682861328,0.10404324531555176,0.10246658325195312,29,29,YOLO,1,32,0,24.301249263381706,0,[],0.10371637344360352,0.050467491149902344,0.05050802230834961,0.00045490264892578125,0.0010292530059814453
20250723_235518_765,2,29,29,-4.4,24.531717734746493,-78.01548080444336,-78.01548080444336,0.10341238975524902,0.15842247009277344,29,29,YOLO,1,32,0,24.531717734746493,0,[],0.10263419151306152,0.05048727989196777,0.05045890808105469,0.05672502517700195,0.0007448196411132812
20250723_235519_029,2,29,29,-4.4,24.680192573122014,-77.83173065185547,-77.83173065185547,0.1040489673614502,0.10207819938659668,29,29,YOLO,1,32,0,24.680192573122014,0,[],0.10371994972229004,0.050549983978271484,0.05045127868652344,0.00037980079650878906,0.0006906986236572266
20250723_235519_236,2,29,29,-4.4,24.264603129449185,-78.21971130371094,-78.21971130371094,0.10251665115356445,0.15847229957580566,29,29,YOLO,1,32,0,24.264603129449185,0,[],0.10216379165649414,0.05046343803405762,0.05048036575317383,0.056755781173706055,0.0007655620574951172
20250723_235519_499,2,29,29,-4.4,24.29063162011842,-78.15263366699219,-78.15263366699219,0.10059499740600586,0.101959228515625,29,29,YOLO,1,32,0,24.29063162011842,0,[],0.10025644302368164,0.05046224594116211,0.05041933059692383,0.00040411949157714844,0.000667572021484375
20250723_235519_703,2,29,29,-4.4,24.4287381112093,-78.07051811218261,-78.07051811218261,0.10085439682006836,0.15842771530151367,29,29,YOLO,1,32,0,24.4287381112093,0,[],0.10054683685302734,0.05047154426574707,0.050490379333496094,0.05675148963928223,0.0007078647613525391
20250723_235519_964,2,29,29,-4.4,24.285134473598603,-78.3689193725586,-78.3689193725586,0.10229158401489258,0.10202527046203613,29,29,YOLO,1,32,0,24.285134473598603,0,[],0.10197901725769043,0.05045342445373535,0.05049014091491699,0.0004050731658935547,0.0006706714630126953
20250723_235520_170,2,29,29,-4.4,24.385707857239026,-78.0288860321045,-78.0288860321045,0.09829068183898926,0.15839624404907227,29,29,YOLO,1,32,0,24.385707857239026,0,[],0.09801912307739258,0.05048084259033203,0.05048680305480957,0.05673074722290039,0.0006909370422363281
20250723_235520_428,2,29,29,-4.4,24.467599106115614,-77.99864921569824,-77.99864921569824,0.10082840919494629,0.10196590423583984,29,29,YOLO,1,32,0,24.467599106115614,0,[],0.10051774978637695,0.050450801849365234,0.05044102668762207,0.00039649009704589844,0.0006723403930664062
20250723_235520_632,2,28,28,-5.8,24.970935236802845,-77.32304611206055,-77.32304611206055,0.09932184219360352,0.1583414077758789,28,28,YOLO,1,32,0,24.970935236802845,0,[],0.09900546073913574,0.05045294761657715,0.05045175552368164,0.056731224060058594,0.0006997585296630859
20250723_235520_892,2,28,28,-5.8,25.639731982545356,-76.86050758361816,-76.86050758361816,0.10335946083068848,0.10202765464782715,28,28,YOLO,1,32,0,25.639731982545356,0,[],0.10301923751831055,0.05045199394226074,0.05047440528869629,0.0003924369812011719,0.0007033348083496094
20250723_235521_098,2,28,28,-5.8,25.678359688331767,-76.89131202697754,-76.89131202697754,0.10229110717773438,0.15837764739990234,28,28,YOLO,1,32,0,25.678359688331767,0,[],0.10194253921508789,0.05046701431274414,0.05046343803405762,0.05672788619995117,0.0007126331329345703
20250723_235521_361,2,28,28,-5.8,25.80548751222615,-76.66197967529297,-76.66197967529297,0.10325288772583008,0.1019895076751709,28,28,YOLO,1,32,0,25.80548751222615,0,[],0.10291552543640137,0.05047607421875,0.05045127868652344,0.00038552284240722656,0.0006706714630126953
20250723_235521_567,3,28,28,-5.8,24.791304833043938,-77.7901382446289,-77.7901382446289,0.1048130989074707,0.15844488143920898,28,28,YOLO,1,32,0,24.791304833043938,0,[],0.10453677177429199,0.05045914649963379,0.050493717193603516,0.05678248405456543,0.0007026195526123047
20250723_235521_832,3,28,28,-5.8,24.585892346786522,-77.87856369018554,-77.87856369018554,0.10129356384277344,0.10200643539428711,28,28,YOLO,1,32,0,24.585892346786522,0,[],0.10098123550415039,0.050487518310546875,0.050440311431884766,0.00039649009704589844,0.0006756782531738281
20250723_235522_037,3,28,28,-5.8,24.1634870798475,-78.32853698730469,-78.32853698730469,0.10386538505554199,0.15834403038024902,28,28,YOLO,1,32,0,24.1634870798475,0,[],0.10357069969177246,0.05046868324279785,0.0504453182220459,0.05670475959777832,0.0007181167602539062
20250723_235522_301,3,28,28,-5.8,24.364607946063146,-78.2222770690918,-78.2222770690918,0.10521340370178223,0.10204315185546875,28,28,YOLO,1,32,0,24.364607946063146,0,[],0.10488057136535645,0.050453901290893555,0.05050539970397949,0.0003979206085205078,0.0006797313690185547
20250723_235522_510,3,28,28,-5.8,24.2657302289729,-78.23053741455078,-78.23053741455078,0.10061287879943848,0.1584005355834961,28,28,YOLO,1,32,0,24.2657302289729,0,[],0.10029458999633789,0.05045056343078613,0.05047035217285156,0.056715965270996094,0.0007572174072265625
20250723_235522_771,3,28,28,-5.8,24.56840194843214,-77.94102935791015,-77.94102935791015,0.10511326789855957,0.10205388069152832,28,28,YOLO,1,32,0,24.56840194843214,0,[],0.10474491119384766,0.05050373077392578,0.050458669662475586,0.00040650367736816406,0.0006794929504394531
20250723_235522_979,3,28,28,-5.8,24.971139523615363,-77.5709072113037,-77.5709072113037,0.10313749313354492,0.15853118896484375,28,28,YOLO,1,32,0,24.971139523615363,0,[],0.10280680656433105,0.050485849380493164,0.050437211990356445,0.05673956871032715,0.0008614063262939453
20250723_235523_243,3,28,28,-5.8,24.959116944993553,-77.61746253967286,-77.61746253967286,0.10002613067626953,0.10212969779968262,28,28,YOLO,1,32,0,24.959116944993553,0,[],0.09971475601196289,0.050576210021972656,0.050427913665771484,0.00039768218994140625,0.0007214546203613281
20250723_235523_446,3,28,28,-5.8,24.877537876401348,-77.62120056152344,-77.62120056152344,0.10024690628051758,0.1584017276763916,28,28,YOLO,1,32,0,24.877537876401348,0,[],0.09992837905883789,0.05045628547668457,0.05046725273132324,0.05674338340759277,0.0007281303405761719
20250723_235523_707,3,28,28,-5.8,24.65421438450079,-77.63296546936036,-77.63296546936036,0.10160303115844727,0.10209321975708008,28,28,YOLO,1,32,0,24.65421438450079,0,[],0.10128140449523926,0.05048394203186035,0.050508737564086914,0.00041174888610839844,0.0006830692291259766
20250723_235523_912,3,28,28,-5.8,24.47647545718381,-77.97759780883788,-77.97759780883788,0.10225462913513184,0.15850543975830078,28,28,YOLO,1,32,0,24.47647545718381,0,[],0.10191464424133301,0.05050086975097656,0.0504610538482666,0.05678892135620117,0.0007479190826416016
20250723_235524_174,3,28,28,-5.8,24.585066941028202,-77.95473747253418,-77.95473747253418,0.10363245010375977,0.1020965576171875,28,28,YOLO,1,32,0,24.585066941028202,0,[],0.10331940650939941,0.05047345161437988,0.050484418869018555,0.00042891502380371094,0.0007038116455078125
20250723_235524_382,3,28,28,-5.8,24.492514726336893,-77.9504165649414,-77.9504165649414,0.10353469848632812,0.15839171409606934,28,28,YOLO,1,32,0,24.492514726336893,0,[],0.1031804084777832,0.050440073013305664,0.05045175552368164,0.05677366256713867,0.0007200241088867188
20250723_235524_645,3,28,28,-5.8,24.560810515713655,-77.87084465026855,-77.87084465026855,0.10453653335571289,0.10203957557678223,28,28,YOLO,1,32,0,24.560810515713655,0,[],0.10419631004333496,0.050473928451538086,0.05045366287231445,0.00041747093200683594,0.0006883144378662109
20250723_235524_853,3,28,28,-5.8,24.59764525750613,-77.98291053771973,-77.98291053771973,0.10261130332946777,0.15825533866882324,28,28,YOLO,1,32,0,24.59764525750613,0,[],0.10232734680175781,0.050409793853759766,0.05042433738708496,0.056737661361694336,0.0006771087646484375
20250723_235525_116,3,28,28,-5.8,24.63672076081282,-77.83197784423828,-77.83197784423828,0.10444855690002441,0.10204553604125977,28,28,YOLO,1,32,0,24.63672076081282,0,[],0.10413312911987305,0.050475120544433594,0.0504765510559082,0.0003972053527832031,0.0006909370422363281
20250723_235525_324,3,28,28,-5.8,24.36551677632893,-78.2222770690918,-78.2222770690918,0.10276651382446289,0.15841126441955566,28,28,YOLO,1,32,0,24.36551677632893,0,[],0.10241293907165527,0.05045771598815918,0.05048656463623047,0.056746721267700195,0.0007119178771972656
20250723_235525_587,4,28,28,-5.8,24.245299193295523,-78.19718742370605,-78.19718742370605,0.10366415977478027,0.10201168060302734,28,28,YOLO,1,32,0,24.245299193295523,0,[],0.1033332347869873,0.05046391487121582,0.050455331802368164,0.0004134178161621094,0.0006744861602783203
20250723_235525_794,4,28,28,-5.8,22.30195933250451,-80.14682807922364,-80.14682807922364,0.10138797760009766,0.15849924087524414,28,28,YOLO,1,32,0,22.30195933250451,0,[],0.10103297233581543,0.05046653747558594,0.05050373077392578,0.05679178237915039,0.0007305145263671875
20250723_235526_055,4,28,28,-5.8,22.522929304165842,-79.93416175842285,-79.93416175842285,0.10069155693054199,0.10198712348937988,28,28,YOLO,1,32,0,22.522929304165842,0,[],0.10037088394165039,0.05049586296081543,0.05042457580566406,0.0003886222839355469,0.0006730556488037109
20250723_235526_260,4,28,28,-5.8,23.542568566846455,-78.91582679748535,-78.91582679748535,0.1029810905456543,0.1587691307067871,28,28,YOLO,1,32,0,23.542568566846455,0,[],0.10266518592834473,0.050490617752075195,0.05044269561767578,0.0567781925201416,0.0010495185852050781
20250723_235526_524,4,28,28,-5.8,23.79160350171145,-78.69025650024415,-78.69025650024415,0.10293865203857422,0.10207509994506836,28,28,YOLO,1,32,0,23.79160350171145,0,[],0.10256147384643555,0.05047202110290527,0.05047154426574707,0.00040459632873535156,0.0007207393646240234
20250723_235526_730,4,28,28,-5.8,23.33546926207535,-79.09432563781738,-79.09432563781738,0.10224676132202148,0.1583561897277832,28,28,YOLO,1,32,0,23.33546926207535,0,[],0.10199308395385742,0.05047774314880371,0.05045580863952637,0.05673551559448242,0.0006806850433349609
20250723_235526_992,4,28,28,-5.8,23.4309870188046,-79.10069313049317,-79.10069313049317,0.10392546653747559,0.10203671455383301,28,28,YOLO,1,32,0,23.4309870188046,0,[],0.10358858108520508,0.0504610538482666,0.05046653747558594,0.000396728515625,0.0007064342498779297
20250723_235527_200,4,28,28,-5.8,23.306403258699106,-79.08758850097657,-79.08758850097657,0.1014094352722168,0.15844202041625977,28,28,YOLO,1,32,0,23.306403258699106,0,[],0.10108160972595215,0.05049633979797363,0.05047273635864258,0.05676126480102539,0.0007052421569824219
20250723_235527_461,4,28,28,-5.8,23.214514648378838,-79.14822845458984,-79.14822845458984,0.10255098342895508,0.1019906997680664,28,28,YOLO,1,32,0,23.214514648378838,0,[],0.10218977928161621,0.05044722557067871,0.05045652389526367,0.00039386749267578125,0.0006880760192871094
20250723_235527_667,4,28,28,-5.8,23.765059318290483,-78.79351196289062,-78.79351196289062,0.10392880439758301,0.1583881378173828,28,28,YOLO,1,32,0,23.765059318290483,0,[],0.10362434387207031,0.05048108100891113,0.050444602966308594,0.056769371032714844,0.0006868839263916016
20250723_235527_931,4,28,28,-5.8,23.74216400496941,-78.70331916809081,-78.70331916809081,0.10325479507446289,0.10202574729919434,28,28,YOLO,1,32,0,23.74216400496941,0,[],0.10291862487792969,0.05044984817504883,0.05045127868652344,0.0004017353057861328,0.0007169246673583984
20250723_235528_138,4,28,28,-5.8,23.683299073422262,-78.7206802368164,-78.7206802368164,0.1019127368927002,0.15842103958129883,28,28,YOLO,1,32,0,23.683299073422262,0,[],0.10161590576171875,0.05045962333679199,0.050435543060302734,0.056786298751831055,0.0007328987121582031
20250723_235528_400,4,28,28,-5.8,23.850160455899243,-78.7035068511963,-78.7035068511963,0.10290384292602539,0.10220837593078613,28,28,YOLO,1,32,0,23.850160455899243,0,[],0.10258913040161133,0.05049300193786621,0.05052328109741211,0.0004038810729980469,0.0007824897766113281
20250723_235528_607,4,27,27,-7.3,24.892253328870765,-77.52400817871094,-77.52400817871094,0.10366559028625488,0.15848755836486816,27,27,YOLO,1,32,0,24.892253328870765,0,[],0.10335922241210938,0.05043339729309082,0.05043148994445801,0.05678606033325195,0.0008289813995361328
20250723_235528_871,4,27,27,-7.3,24.901955834117032,-77.54612274169922,-77.54612274169922,0.10570144653320312,0.10203409194946289,27,27,YOLO,1,32,0,24.901955834117032,0,[],0.10535216331481934,0.05043792724609375,0.050490617752075195,0.0003991127014160156,0.0007009506225585938
20250723_235529_080,4,27,27,-7.3,25.08027154659308,-77.39691429138183,-77.39691429138183,0.10253620147705078,0.15836286544799805,27,27,YOLO,1,32,0,25.08027154659308,0,[],0.10217165946960449,0.050459861755371094,0.05043911933898926,0.056742191314697266,0.0007140636444091797
20250723_235529_342,4,27,27,-7.3,25.26688634104407,-77.10919990539551,-77.10919990539551,0.10504007339477539,0.10199117660522461,27,27,YOLO,1,32,0,25.26688634104407,0,[],0.10468721389770508,0.050451040267944336,0.05044388771057129,0.00038886070251464844,0.0007023811340332031
20250723_235529_551,5,27,27,-7.3,23.72509586207147,-78.77941818237305,-78.77941818237305,0.10147261619567871,0.1584155559539795,27,27,YOLO,1,32,0,23.72509586207147,0,[],0.10113835334777832,0.050470829010009766,0.05046963691711426,0.056742191314697266,0.0007257461547851562
20250723_235529_813,5,27,27,-7.3,23.55689480060181,-78.82774276733399,-78.82774276733399,0.10347223281860352,0.10205340385437012,27,27,YOLO,1,32,0,23.55689480060181,0,[],0.10312008857727051,0.05046725273132324,0.05047750473022461,0.00040721893310546875,0.0006952285766601562
20250723_235530_020,5,27,27,-7.3,24.1840049830856,-78.37102508544922,-78.37102508544922,0.08956146240234375,0.1583385467529297,27,27,YOLO,1,32,0,24.1840049830856,0,[],0.08925056457519531,0.05045437812805176,0.05042076110839844,0.05676078796386719,0.0006954669952392578
20250723_235530_269,5,27,27,-7.3,24.339520527119063,-78.17104301452636,-78.17104301452636,0.10325169563293457,0.10197138786315918,27,27,YOLO,1,32,0,24.339520527119063,0,[],0.10294079780578613,0.0504148006439209,0.05047130584716797,0.0004038810729980469,0.0006759166717529297
20250723_235530_476,5,27,27,-7.3,24.433556167007694,-77.98512001037598,-77.98512001037598,0.10418200492858887,0.15836524963378906,27,27,YOLO,1,32,0,24.433556167007694,0,[],0.10383296012878418,0.050452470779418945,0.05043792724609375,0.056757450103759766,0.0007104873657226562
20250723_235530_740,5,27,27,-7.3,24.45662492158793,-78.07522583007812,-78.07522583007812,0.10518145561218262,0.10203170776367188,27,27,YOLO,1,32,0,24.45662492158793,0,[],0.10484504699707031,0.05045270919799805,0.050501108169555664,0.0003781318664550781,0.0006937980651855469
20250723_235530_949,5,27,27,-7.3,24.705114368924043,-77.8172565460205,-77.8172565460205,0.10294914245605469,0.15840625762939453,27,27,YOLO,1,32,0,24.705114368924043,0,[],0.10259222984313965,0.05045771598815918,0.05042624473571777,0.056752920150756836,0.0007619857788085938
20250723_235531_212,5,27,27,-7.3,24.653662655979915,-77.85724334716797,-77.85724334716797,0.10237455368041992,0.10219454765319824,27,27,YOLO,1,32,0,24.653662655979915,0,[],0.10201835632324219,0.05057191848754883,0.050452470779418945,0.0004031658172607422,0.0007607936859130859
20250723_235531_418,5,27,27,-7.3,24.31730944307033,-78.30100517272949,-78.30100517272949,0.10311293601989746,0.15843987464904785,27,27,YOLO,1,32,0,24.31730944307033,0,[],0.10276365280151367,0.050440073013305664,0.05049586296081543,0.05678439140319824,0.0007119178771972656
20250723_235531_681,5,27,27,-7.3,24.26359165838295,-78.18701667785645,-78.18701667785645,0.10299944877624512,0.10210251808166504,27,27,YOLO,1,32,0,24.26359165838295,0,[],0.10268902778625488,0.05047893524169922,0.05049633979797363,0.00041222572326660156,0.0007088184356689453
20250723_235531_888,5,27,27,-7.3,24.137692708693635,-78.35449752807617,-78.35449752807617,0.10436034202575684,0.15838003158569336,27,27,YOLO,1,32,0,24.137692708693635,0,[],0.10373640060424805,0.05045676231384277,0.05044054985046387,0.05677914619445801,0.0006971359252929688
20250723_235532_152,5,27,27,-7.3,24.177895823787438,-78.37729187011719,-78.37729187011719,0.1019899845123291,0.10204267501831055,27,27,YOLO,1,32,0,24.177895823787438,0,[],0.10165834426879883,0.05046701431274414,0.05046725273132324,0.0003764629364013672,0.0007259845733642578
20250723_235532_358,5,27,27,-7.3,24.250620854655153,-78.24373664855958,-78.24373664855958,0.10344600677490234,0.15833115577697754,27,27,YOLO,1,32,0,24.250620854655153,0,[],0.10313200950622559,0.05044960975646973,0.050405263900756836,0.05677533149719238,0.00069427490234375
20250723_235532_621,5,NO_RADIO,27,-7.3,24.266333772940627,-78.21930618286133,-78.21930618286133,0.10159945487976074,0.10248613357543945,27,,CenterFallback,1,32,0,,,[],0.10123014450073242,0.050553321838378906,0.05052018165588379,0.00042557716369628906,0.0009450912475585938
20250723_235532_828,5,26,26,-8.7,25.7018499816308,-76.80083389282227,-76.80083389282227,0.10266876220703125,0.15872979164123535,26,26,YOLO,1,32,0,25.7018499816308,0,[],0.10230541229248047,0.05054354667663574,0.05045318603515625,0.05676889419555664,0.0009555816650390625
20250723_235533_091,5,NO_RADIO,26,-8.7,25.602006481395733,-76.75977592468261,-76.75977592468261,0.10449051856994629,0.10254812240600586,26,,CenterFallback,1,32,0,,,[],0.10408282279968262,0.05054044723510742,0.05051231384277344,0.0004162788391113281,0.0010302066802978516
20250723_235533_300,5,26,26,-8.7,25.34908992559582,-77.02001609802247,-77.02001609802247,0.10275888442993164,0.16360235214233398,26,26,YOLO,1,32,0,25.34908992559582,0,[],0.1024165153503418,0.050523996353149414,0.05555844306945801,0.05678963661193848,0.0007231235504150391
20250723_235533_568,6,NO_RADIO,26,-8.7,25.408421421381817,-77.09438819885254,-77.09438819885254,0.10080552101135254,0.10224246978759766,26,,CenterFallback,1,32,0,,,[],0.10046625137329102,0.0505831241607666,0.05051541328430176,0.00040841102600097656,0.0006892681121826172
20250723_235533_773,6,27,27,-7.3,21.356249526385596,-81.03860206604004,-81.03860206604004,0.10223650932312012,0.1585705280303955,27,27,YOLO,1,32,0,21.356249526385596,0,[],0.1018989086151123,0.05050468444824219,0.050542593002319336,0.05676889419555664,0.0007472038269042969
20250723_235534_035,6,27,27,-7.3,21.48474896220307,-80.99740600585938,-80.99740600585938,0.10141563415527344,0.10248780250549316,27,27,YOLO,1,32,0,21.48474896220307,0,[],0.10105109214782715,0.0504758358001709,0.050495147705078125,0.00042557716369628906,0.001085042953491211
20250723_235534_241,6,27,27,-7.3,21.42500535168236,-81.04825096130371,-81.04825096130371,0.09939026832580566,0.15835809707641602,27,27,YOLO,1,32,0,21.42500535168236,0,[],0.0990149974822998,0.050466299057006836,0.050444841384887695,0.05676102638244629,0.0006794929504394531
20250723_235534_501,6,27,27,-7.3,21.510859892085534,-81.0027889251709,-81.0027889251709,0.10439109802246094,0.10204386711120605,27,27,YOLO,1,32,0,21.510859892085534,0,[],0.10406017303466797,0.050490617752075195,0.05048680305480957,0.00039958953857421875,0.0006616115570068359
20250723_235534_709,6,27,27,-7.3,21.43164187415576,-81.00894889831542,-81.00894889831542,0.10506224632263184,0.15855193138122559,27,27,YOLO,1,32,0,21.43164187415576,0,[],0.10473227500915527,0.05053400993347168,0.0505218505859375,0.05678963661193848,0.0006995201110839844
20250723_235534_974,6,27,27,-7.3,21.563568305312216,-80.86975059509277,-80.86975059509277,0.10534286499023438,0.10200190544128418,27,27,YOLO,1,32,0,21.563568305312216,0,[],0.10511207580566406,0.05043506622314453,0.05046439170837402,0.0004134178161621094,0.0006837844848632812
20250723_235535_183,6,27,27,-7.3,21.618201571717393,-80.8796516418457,-80.8796516418457,0.12489843368530273,0.15979909896850586,27,27,YOLO,1,32,0,21.618201571717393,0,[],0.12456703186035156,0.0505828857421875,0.05131673812866211,0.056783437728881836,0.0011081695556640625
20250723_235535_470,6,26,26,-8.7,21.46133627290854,-80.93973541259766,-80.93973541259766,0.09856081008911133,0.10251760482788086,26,26,YOLO,1,32,0,21.46133627290854,0,[],0.09820961952209473,0.05057168006896973,0.0504612922668457,0.0005331039428710938,0.0009438991546630859
20250723_235535_673,6,26,26,-8.7,24.199738152169616,-78.24346542358398,-78.24346542358398,0.09965300559997559,0.1584758758544922,26,26,YOLO,1,32,0,24.199738152169616,0,[],0.0991983413696289,0.050485849380493164,0.05048179626464844,0.05675983428955078,0.0007412433624267578
20250723_235535_933,6,26,26,-8.7,24.05000841540813,-78.30100517272949,-78.30100517272949,0.10665702819824219,0.10210776329040527,26,26,YOLO,1,32,0,24.05000841540813,0,[],0.10629105567932129,0.050516366958618164,0.05051255226135254,0.0003902912139892578,0.0006833076477050781
20250723_235536_143,6,26,26,-8.7,24.318927114155812,-78.23050346374512,-78.23050346374512,0.09851336479187012,0.1584324836730957,26,26,YOLO,1,32,0,24.318927114155812,0,[],0.09817862510681152,0.05047011375427246,0.05048346519470215,0.05672764778137207,0.0007436275482177734
20250723_235536_402,6,26,26,-8.7,24.33789133225514,-78.15995788574219,-78.15995788574219,0.10246658325195312,0.10211491584777832,26,26,YOLO,1,32,0,24.33789133225514,0,[],0.10207796096801758,0.0504763126373291,0.05048775672912598,0.000396728515625,0.0007483959197998047
20250723_235536_608,6,25,25,-10.2,25.461177449393148,-77.02843589782715,-77.02843589782715,0.10299038887023926,0.15845990180969238,25,25,YOLO,1,32,0,25.461177449393148,0,[],0.10265541076660156,0.05046200752258301,0.050482988357543945,0.05682063102722168,0.0006875991821289062
20250723_235536_871,6,25,25,-10.2,25.4419630868274,-77.01192474365234,-77.01192474365234,0.10541629791259766,0.10200929641723633,25,25,YOLO,1,32,0,25.4419630868274,0,[],0.10509991645812988,0.050421953201293945,0.050485849380493164,0.00039958953857421875,0.0006966590881347656
20250723_235537_080,6,25,25,-10.2,25.96908136960242,-76.63397407531738,-76.63397407531738,0.10490012168884277,0.15848159790039062,25,25,YOLO,1,32,0,25.96908136960242,0,[],0.10459065437316895,0.05046987533569336,0.050498008728027344,0.05680966377258301,0.0006968975067138672
20250723_235537_345,6,25,25,-10.2,25.96731176201756,-76.554683303833,-76.554683303833,0.10399103164672852,0.10202574729919434,25,25,YOLO,1,32,0,25.96731176201756,0,[],0.10365533828735352,0.050441741943359375,0.050481557846069336,0.00040149688720703125,0.0006954669952392578
20250723_235537_553,7,25,25,-10.2,24.693470170798108,-77.72390747070312,-77.72390747070312,0.10248422622680664,0.1584007740020752,25,25,YOLO,1,32,0,24.693470170798108,0,[],0.10217070579528809,0.05050778388977051,0.05044221878051758,0.056752681732177734,0.0006916522979736328
20250723_235537_815,7,25,25,-10.2,24.62510726484068,-77.8893539428711,-77.8893539428711,0.10674476623535156,0.10202407836914062,25,25,YOLO,1,32,0,24.62510726484068,0,[],0.10642504692077637,0.05044293403625488,0.050470590591430664,0.0004017353057861328,0.0007038116455078125
20250723_235538_025,7,25,25,-10.2,24.968456589943457,-77.49868583679199,-77.49868583679199,0.10352158546447754,0.15843582153320312,25,25,YOLO,1,32,0,24.968456589943457,0,[],0.10324430465698242,0.050496578216552734,0.05043363571166992,0.05679488182067871,0.0007040500640869141
20250723_235538_289,7,25,25,-10.2,25.087459988592713,-77.3050537109375,-77.3050537109375,0.10357499122619629,0.10210299491882324,25,25,YOLO,1,32,0,25.087459988592713,0,[],0.10326075553894043,0.050492286682128906,0.05048036575317383,0.00041365623474121094,0.0007109642028808594
20250723_235538_496,7,25,25,-10.2,25.40671517807506,-77.1370635986328,-77.1370635986328,0.10311293601989746,0.1583878993988037,25,25,YOLO,1,32,0,25.40671517807506,0,[],0.10279083251953125,0.050485849380493164,0.05044078826904297,0.056742191314697266,0.0007116794586181641
20250723_235538_759,7,25,25,-10.2,25.254785682544565,-77.22306327819824,-77.22306327819824,0.10619592666625977,0.10203981399536133,25,25,YOLO,1,32,0,25.254785682544565,0,[],0.10588693618774414,0.050486087799072266,0.05046248435974121,0.000400543212890625,0.0006849765777587891
20250723_235538_969,7,25,25,-10.2,25.15843027264617,-77.38328704833984,-77.38328704833984,0.10340666770935059,0.15836763381958008,25,25,YOLO,1,32,0,25.15843027264617,0,[],0.10303759574890137,0.05043911933898926,0.05047941207885742,0.056748390197753906,0.0006945133209228516
20250723_235539_233,7,25,25,-10.2,25.176201410497157,-77.27368278503418,-77.27368278503418,0.10219931602478027,0.10199475288391113,25,25,YOLO,1,32,0,25.176201410497157,0,[],0.10188579559326172,0.05044293403625488,0.05045032501220703,0.00039505958557128906,0.0007021427154541016
20250723_235539_438,7,25,25,-10.2,25.085666051771014,-77.40371932983399,-77.40371932983399,0.10226655006408691,0.15830302238464355,25,25,YOLO,1,32,0,25.085666051771014,0,[],0.10196232795715332,0.0504298210144043,0.050418853759765625,0.05674314498901367,0.0007045269012451172
20250723_235539_701,7,25,25,-10.2,25.177018286689346,-77.30831184387208,-77.30831184387208,0.10248303413391113,0.10203313827514648,25,25,YOLO,1,32,0,25.177018286689346,0,[],0.10215926170349121,0.050467729568481445,0.05046391487121582,0.00040221214294433594,0.0006945133209228516
20250723_235539_907,7,25,25,-10.2,25.54928480195811,-76.94939193725585,-76.94939193725585,0.1050422191619873,0.15842509269714355,25,25,YOLO,1,32,0,25.54928480195811,0,[],0.104766845703125,0.0504603385925293,0.050466299057006836,0.05673480033874512,0.0007565021514892578
20250723_235540_172,7,25,25,-10.2,25.493765179333423,-77.04998626708985,-77.04998626708985,0.1037445068359375,0.10204386711120605,25,25,YOLO,1,32,0,25.493765179333423,0,[],0.10342741012573242,0.050466060638427734,0.050493717193603516,0.0004134178161621094,0.0006651878356933594
20250723_235540_379,7,26,26,-8.7,23.407424457173377,-78.98968620300293,-78.98968620300293,0.10219407081604004,0.1583542823791504,26,26,YOLO,1,32,0,23.407424457173377,0,[],0.10185837745666504,0.0504457950592041,0.05043935775756836,0.056757450103759766,0.0007050037384033203
20250723_235540_641,7,25,25,-10.2,23.354107586751752,-79.17530822753906,-79.17530822753906,0.10398578643798828,0.10199737548828125,25,25,YOLO,1,32,0,23.354107586751752,0,[],0.10363483428955078,0.05047464370727539,0.05043935775756836,0.000396728515625,0.0006818771362304688
20250723_235540_849,7,25,25,-10.2,25.444372544510202,-77.07383918762207,-77.07383918762207,0.1025838851928711,0.15837478637695312,25,25,YOLO,1,32,0,25.444372544510202,0,[],0.10227775573730469,0.05044126510620117,0.05045294761657715,0.05674171447753906,0.000732421875
20250723_235541_112,7,25,25,-10.2,25.390319516824675,-77.07793426513672,-77.07793426513672,0.10429215431213379,0.10205078125,25,25,YOLO,1,32,0,25.390319516824675,0,[],0.10397768020629883,0.050472259521484375,0.05046987533569336,0.0004031658172607422,0.0006992816925048828
20250723_235541_319,7,25,25,-10.2,24.99880583764663,-77.48418960571288,-77.48418960571288,0.10223650932312012,0.1583724021911621,25,25,YOLO,1,32,0,24.99880583764663,0,[],0.10195589065551758,0.050445556640625,0.05043435096740723,0.056745052337646484,0.0007405281066894531
20250723_235541_582,8,NO_RADIO,25,-10.2,25.072572043212517,-77.42764396667481,-77.42764396667481,0.10186219215393066,0.10199475288391113,25,,CenterFallback,1,32,0,,,[],0.10150551795959473,0.050499916076660156,0.05042123794555664,0.0003895759582519531,0.0006482601165771484
20250723_235541_787,8,25,25,-10.2,23.97793180447077,-78.47941780090332,-78.47941780090332,0.10193204879760742,0.15836024284362793,25,25,YOLO,1,32,0,23.97793180447077,0,[],0.10161447525024414,0.05045819282531738,0.0504457950592041,0.05675530433654785,0.0006940364837646484
20250723_235542_049,8,25,25,-10.2,23.8968951884778,-78.47941780090332,-78.47941780090332,0.10790371894836426,0.1020205020904541,25,25,YOLO,1,32,0,23.8968951884778,0,[],0.10753798484802246,0.050482988357543945,0.050428152084350586,0.0003829002380371094,0.0007214546203613281
20250723_235542_260,8,25,25,-10.2,23.775763727080246,-78.72037734985352,-78.72037734985352,0.10428524017333984,0.15875768661499023,25,25,YOLO,1,32,0,23.775763727080246,0,[],0.10399365425109863,0.050473928451538086,0.05045270919799805,0.0567631721496582,0.0010595321655273438
20250723_235542_527,8,25,25,-10.2,23.79091403619333,-78.60739860534667,-78.60739860534667,0.10313844680786133,0.10195446014404297,25,25,YOLO,1,32,0,23.79091403619333,0,[],0.10172104835510254,0.05039668083190918,0.05046439170837402,0.00038433074951171875,0.0007038116455078125
20250723_235542_732,8,25,25,-10.2,23.93886194672261,-78.43859405517578,-78.43859405517578,0.1038978099822998,0.1583702564239502,25,25,YOLO,1,32,0,23.93886194672261,0,[],0.1035768985748291,0.0504603385925293,0.05045318603515625,0.056739091873168945,0.0007107257843017578
20250723_235542_996,8,25,25,-10.2,24.056106394675368,-78.22390098571778,-78.22390098571778,0.10230684280395508,0.10204195976257324,25,25,YOLO,1,32,0,24.056106394675368,0,[],0.10197949409484863,0.05049395561218262,0.05046534538269043,0.00040149688720703125,0.0006747245788574219
20250723_235543_202,8,25,25,-10.2,24.097272183010503,-78.38901443481446,-78.38901443481446,0.09885525703430176,0.15836071968078613,25,25,YOLO,1,32,0,24.097272183010503,0,[],0.09849858283996582,0.05045723915100098,0.05048990249633789,0.05672621726989746,0.0006809234619140625
20250723_235543_461,8,25,25,-10.2,24.19300120969133,-78.39330253601074,-78.39330253601074,0.10300040245056152,0.10201573371887207,25,25,YOLO,1,32,0,24.19300120969133,0,[],0.10268139839172363,0.050473928451538086,0.05046844482421875,0.0003972053527832031,0.0006701946258544922
20250723_235543_667,8,25,25,-10.2,23.753486540397688,-78.79687118530273,-78.79687118530273,0.10113954544067383,0.15853643417358398,25,25,YOLO,1,32,0,23.753486540397688,0,[],0.10088467597961426,0.05051279067993164,0.050447940826416016,0.05678868293762207,0.0007801055908203125
20250723_235543_929,8,25,25,-10.2,23.902104820823794,-78.69003105163574,-78.69003105163574,0.10123062133789062,0.10207223892211914,25,25,YOLO,1,32,0,23.902104820823794,0,[],0.10089325904846191,0.05051898956298828,0.05044269561767578,0.0003879070281982422,0.0007164478302001953
20250723_235544_134,8,25,25,-10.2,24.273037322473115,-78.20620727539062,-78.20620727539062,0.10217952728271484,0.15840387344360352,25,25,YOLO,1,32,0,24.273037322473115,0,[],0.10181498527526855,0.05047774314880371,0.05047178268432617,0.05673027038574219,0.0007169246673583984
20250723_235544_396,8,25,25,-10.2,24.170217350662625,-78.19147415161133,-78.19147415161133,0.09958815574645996,0.10208535194396973,25,25,YOLO,1,32,0,24.170217350662625,0,[],0.09930205345153809,0.05045771598815918,0.05048537254333496,0.0004115104675292969,0.0007240772247314453
20250723_235544_599,8,NO_RADIO,25,-10.2,24.367016617482292,-78.0848834991455,-78.0848834991455,0.10045981407165527,0.15846538543701172,25,,CenterFallback,1,32,0,,,[],0.10013413429260254,0.05048871040344238,0.050443172454833984,0.056764841079711914,0.0007083415985107422
20250723_235544_860,8,NO_RADIO,25,-10.2,24.449826832293112,-77.95422973632813,-77.95422973632813,0.10347223281860352,0.10210537910461426,25,,CenterFallback,1,32,0,,,[],0.10310673713684082,0.05050468444824219,0.0505070686340332,0.0003986358642578125,0.0006628036499023438
20250723_235545_067,8,NO_RADIO,25,-10.2,24.287883010876627,-78.15516319274903,-78.15516319274903,0.10177111625671387,0.15843701362609863,25,,CenterFallback,1,32,0,,,[],0.10143065452575684,0.05046272277832031,0.0504460334777832,0.0567474365234375,0.0007266998291015625
20250723_235545_329,8,NO_RADIO,25,-10.2,24.2503472575724,-78.27327575683594,-78.27327575683594,0.10924077033996582,0.10210847854614258,25,,CenterFallback,1,32,0,,,[],0.10892033576965332,0.05047941207885742,0.050496816635131836,0.00039315223693847656,0.0007026195526123047
20250723_235545_542,9,NO_RADIO,25,-10.2,22.56372577142281,-79.93842506408691,-79.93842506408691,0.09980249404907227,0.15851664543151855,25,,CenterFallback,1,32,0,,,[],0.09948611259460449,0.05046272277832031,0.05047106742858887,0.05677008628845215,0.0007593631744384766
20250723_235545_802,9,24,24,-11.6,22.317802337915566,-80.17377471923828,-80.17377471923828,0.10400676727294922,0.10204887390136719,24,24,YOLO,1,32,0,22.317802337915566,0,[],0.1036524772644043,0.050490379333496094,0.05044150352478027,0.0003979206085205078,0.0007138252258300781
20250723_235546_009,9,NO_RADIO,24,-11.6,23.668642219606028,-78.70784721374511,-78.70784721374511,0.10259079933166504,0.15840673446655273,24,,CenterFallback,1,32,0,,,[],0.10228681564331055,0.050457000732421875,0.05048418045043945,0.05670452117919922,0.0007071495056152344
20250723_235546_272,9,NO_RADIO,24,-11.6,23.785218087163358,-78.71749992370606,-78.71749992370606,0.10216379165649414,0.1020512580871582,24,,CenterFallback,1,32,0,,,[],0.10180211067199707,0.05045199394226074,0.05048537254333496,0.00040340423583984375,0.0006690025329589844
20250723_235546_478,9,24,24,-11.6,23.518227029630552,-78.87511444091797,-78.87511444091797,0.10432243347167969,0.15839433670043945,24,24,YOLO,1,32,0,23.518227029630552,0,[],0.10405564308166504,0.05048346519470215,0.0504605770111084,0.05672812461853027,0.0007152557373046875
20250723_235546_742,9,NO_RADIO,24,-11.6,23.425983208525196,-79.0554744720459,-79.0554744720459,0.10323357582092285,0.10215926170349121,24,,CenterFallback,1,32,0,,,[],0.10288548469543457,0.050473928451538086,0.05051898956298828,0.00041222572326660156,0.000705718994140625
20250723_235546_949,9,24,24,-11.6,24.007502248991003,-78.51259117126465,-78.51259117126465,0.10402345657348633,0.1583390235900879,24,24,YOLO,1,32,0,24.007502248991003,0,[],0.10371518135070801,0.050476789474487305,0.05045366287231445,0.05672144889831543,0.0006806850433349609
20250723_235547_213,9,24,24,-11.6,24.055527584722043,-78.46780815124512,-78.46780815124512,0.10670328140258789,0.10204362869262695,24,24,YOLO,1,32,0,24.055527584722043,0,[],0.1063687801361084,0.05047750473022461,0.05046868324279785,0.0003981590270996094,0.0006935596466064453
20250723_235547_423,9,24,24,-11.6,23.730586844039763,-78.7971794128418,-78.7971794128418,0.10248923301696777,0.1584475040435791,24,24,YOLO,1,32,0,23.730586844039763,0,[],0.10223674774169922,0.05048823356628418,0.050492048263549805,0.05675458908081055,0.0007069110870361328
20250723_235547_686,9,24,24,-11.6,23.92833868950332,-78.62661743164062,-78.62661743164062,0.1030123233795166,0.10205698013305664,24,24,YOLO,1,32,0,23.92833868950332,0,[],0.10266256332397461,0.050470590591430664,0.05047035217285156,0.0004038810729980469,0.0007066726684570312
20250723_235547_892,9,24,24,-11.6,24.202997696170357,-78.20718688964844,-78.20718688964844,0.10284161567687988,0.15841102600097656,24,24,YOLO,1,32,0,24.202997696170357,0,[],0.10246562957763672,0.05048775672912598,0.0504908561706543,0.05672407150268555,0.0007007122039794922
20250723_235548_155,9,24,24,-11.6,24.125553896335617,-78.26121139526367,-78.26121139526367,0.10439395904541016,0.1020958423614502,24,24,YOLO,1,32,0,24.125553896335617,0,[],0.10404300689697266,0.05045795440673828,0.05047488212585449,0.00039267539978027344,0.0007641315460205078
20250723_235548_363,9,24,24,-11.6,24.257926277642383,-78.18148651123047,-78.18148651123047,0.10139060020446777,0.15829706192016602,24,24,YOLO,1,32,0,24.257926277642383,0,[],0.10100746154785156,0.05046391487121582,0.0503847599029541,0.05675482749938965,0.0006868839263916016
20250723_235548_625,9,24,24,-11.6,24.254890299015898,-78.09156494140625,-78.09156494140625,0.10765624046325684,0.10199618339538574,24,24,YOLO,1,32,0,24.254890299015898,0,[],0.10731649398803711,0.05045485496520996,0.05045437812805176,0.00039076805114746094,0.0006902217864990234
20250723_235548_836,9,23,23,-13.1,25.98104698785552,-76.43101387023925,-76.43101387023925,0.10208892822265625,0.158369779586792,23,23,YOLO,1,32,0,25.98104698785552,0,[],0.10173678398132324,0.05046534538269043,0.0504457950592041,0.05674910545349121,0.0007026195526123047
20250723_235549_098,9,23,23,-13.1,26.24334792900754,-76.31307945251464,-76.31307945251464,0.1030879020690918,0.10206389427185059,23,23,YOLO,1,32,0,26.24334792900754,0,[],0.1027078628540039,0.05045032501220703,0.050452470779418945,0.00039196014404296875,0.0007638931274414062
20250723_235549_305,9,24,24,-11.6,24.631719579355007,-77.89650077819825,-77.89650077819825,0.1009981632232666,0.15840530395507812,24,24,YOLO,1,32,0,24.631719579355007,0,[],0.10070395469665527,0.0504908561706543,0.05044984817504883,0.05669450759887695,0.0007634162902832031
20250723_235549_566,10,24,24,-11.6,24.432974372187033,-77.8973217010498,-77.8973217010498,0.10362458229064941,0.1020512580871582,24,24,YOLO,1,32,0,24.432974372187033,0,[],0.10329961776733398,0.05045914649963379,0.05047941207885742,0.0004012584686279297,0.0007059574127197266
20250723_235549_773,10,24,24,-11.6,21.750659373646158,-80.57320404052734,-80.57320404052734,0.10253357887268066,0.15836191177368164,24,24,YOLO,1,32,0,21.750659373646158,0,[],0.10216474533081055,0.05044674873352051,0.050447940826416016,0.0567471981048584,0.0007126331329345703
20250723_235550_035,10,24,24,-11.6,21.86914526589284,-80.65882301330566,-80.65882301330566,0.10330939292907715,0.10204124450683594,24,24,YOLO,1,32,0,21.86914526589284,0,[],0.10297870635986328,0.05044388771057129,0.05045056343078613,0.00041604042053222656,0.0007255077362060547
20250723_235550_242,10,24,24,-11.6,21.713189176056147,-80.70416259765625,-80.70416259765625,0.10042977333068848,0.15924334526062012,24,24,YOLO,1,32,0,21.713189176056147,0,[],0.10009884834289551,0.050505876541137695,0.0512545108795166,0.05678582191467285,0.0006902217864990234
20250723_235550_504,10,24,24,-11.6,21.417615797911722,-81.03233375549317,-81.03233375549317,0.10449099540710449,0.10202550888061523,24,24,YOLO,1,32,0,21.417615797911722,0,[],0.10415887832641602,0.050455331802368164,0.05047798156738281,0.0003986358642578125,0.0006883144378662109
20250723_235550_712,10,24,24,-11.6,21.87025108802115,-80.7110496520996,-80.7110496520996,0.10205531120300293,0.1585221290588379,24,24,YOLO,1,32,0,21.87025108802115,0,[],0.10173487663269043,0.05046558380126953,0.05055999755859375,0.05675339698791504,0.000736236572265625
20250723_235550_974,10,24,24,-11.6,21.502195398555344,-80.87621726989747,-80.87621726989747,0.10143828392028809,0.10201287269592285,24,24,YOLO,1,32,0,21.502195398555344,0,[],0.10107946395874023,0.05046415328979492,0.050476789474487305,0.0003991127014160156,0.000667572021484375
20250723_235551_179,10,24,24,-11.6,22.386671808464484,-79.95694007873536,-79.95694007873536,0.10346555709838867,0.15844130516052246,24,24,YOLO,1,32,0,22.386671808464484,0,[],0.1031179428100586,0.050452232360839844,0.050459861755371094,0.05672454833984375,0.000797271728515625
20250723_235551_442,10,24,24,-11.6,22.489098135402728,-79.92458839416504,-79.92458839416504,0.09999370574951172,0.10199093818664551,24,24,YOLO,1,32,0,22.489098135402728,0,[],0.09967470169067383,0.05046820640563965,0.05042672157287598,0.0003948211669921875,0.0006952285766601562
20250723_235551_646,10,24,24,-11.6,22.50109866186544,-80.05288162231446,-80.05288162231446,0.10241103172302246,0.15843939781188965,24,24,YOLO,1,32,0,22.50109866186544,0,[],0.10208368301391602,0.05044436454772949,0.050455570220947266,0.05679941177368164,0.0007336139678955078
20250723_235551_908,10,24,24,-11.6,22.583372355967143,-79.89158973693847,-79.89158973693847,0.09966421127319336,0.1020359992980957,24,24,YOLO,1,32,0,22.583372355967143,0,[],0.0993340015411377,0.050466060638427734,0.05045008659362793,0.0004169940948486328,0.0006983280181884766
20250723_235552_112,10,24,24,-11.6,22.446985013179045,-79.93341178894043,-79.93341178894043,0.10091328620910645,0.15839862823486328,24,24,YOLO,1,32,0,22.446985013179045,0,[],0.1006009578704834,0.050453901290893555,0.050455331802368164,0.05676889419555664,0.0007135868072509766
20250723_235552_373,10,24,24,-11.6,22.574577419706586,-79.93837509155273,-79.93837509155273,0.10203123092651367,0.10202336311340332,24,24,YOLO,1,32,0,22.574577419706586,0,[],0.1016688346862793,0.05044364929199219,0.050443410873413086,0.0004029273986816406,0.0007276535034179688
20250723_235552_578,10,23,23,-13.1,24.93450672806938,-77.64731101989746,-77.64731101989746,0.1043553352355957,0.15839505195617676,23,23,YOLO,1,32,0,24.93450672806938,0,[],0.1040487289428711,0.05048108100891113,0.05047273635864258,0.05673837661743164,0.0006964206695556641
20250723_235552_843,10,23,23,-13.1,24.916668472114836,-77.59604377746582,-77.59604377746582,0.10209441184997559,0.10208535194396973,23,23,YOLO,1,32,0,24.916668472114836,0,[],0.10177302360534668,0.05046892166137695,0.05050063133239746,0.0004038810729980469,0.0007054805755615234
20250723_235553_048,10,23,23,-13.1,24.68271725761052,-77.73302307128907,-77.73302307128907,0.10112833976745605,0.1583554744720459,23,23,YOLO,1,32,0,24.68271725761052,0,[],0.10080575942993164,0.05046224594116211,0.05044698715209961,0.05673646926879883,0.0007028579711914062
20250723_235553_310,10,23,23,-13.1,24.783274535926708,-77.767329788208,-77.767329788208,0.10271525382995605,0.1020348072052002,23,23,YOLO,1,32,0,24.783274535926708,0,[],0.10240483283996582,0.050458431243896484,0.050444841384887695,0.0004017353057861328,0.0007104873657226562
20250723_235553_516,11,23,23,-13.1,22.757493985104063,-79.67317199707031,-79.67317199707031,0.10273194313049316,0.15885448455810547,23,23,YOLO,1,32,0,22.757493985104063,0,[],0.10242128372192383,0.0505833625793457,0.05052328109741211,0.05674290657043457,0.000995635986328125
20250723_235553_779,11,23,23,-13.1,22.74089624335987,-79.74897956848145,-79.74897956848145,0.10360002517700195,0.10207891464233398,23,23,YOLO,1,32,0,22.74089624335987,0,[],0.10328793525695801,0.050457000732421875,0.0504908561706543,0.00039577484130859375,0.0007300376892089844
20250723_235553_986,11,23,23,-13.1,22.575330771854567,-79.90217475891113,-79.90217475891113,0.10252952575683594,0.15845036506652832,23,23,YOLO,1,32,0,22.575330771854567,0,[],0.10217952728271484,0.050482988357543945,0.05046725273132324,0.056746482849121094,0.0007476806640625
20250723_235554_249,11,23,23,-13.1,22.582112416020365,-79.84608535766601,-79.84608535766601,0.10362362861633301,0.10213851928710938,23,23,YOLO,1,32,0,22.582112416020365,0,[],0.10328054428100586,0.05047178268432617,0.05051016807556152,0.00041103363037109375,0.0007398128509521484
20250723_235554_456,11,23,23,-13.1,23.405861244627147,-79.06359405517578,-79.06359405517578,0.10306334495544434,0.15854334831237793,23,23,YOLO,1,32,0,23.405861244627147,0,[],0.10263872146606445,0.05048012733459473,0.0505070686340332,0.056793928146362305,0.0007545948028564453
20250723_235554_720,11,23,23,-13.1,23.88380374145845,-78.77223014831543,-78.77223014831543,0.1046595573425293,0.10215282440185547,23,23,YOLO,1,32,0,23.88380374145845,0,[],0.10389137268066406,0.05053234100341797,0.05049300193786621,0.0004086494445800781,0.0007126331329345703
20250723_235554_928,11,23,23,-13.1,23.989147665943975,-78.55013504028321,-78.55013504028321,0.10057616233825684,0.1584615707397461,23,23,YOLO,1,32,0,23.989147665943975,0,[],0.1002352237701416,0.05048251152038574,0.05051064491271973,0.056763648986816406,0.0006978511810302734
20250723_235555_189,11,23,23,-13.1,23.938140836975734,-78.49861869812011,-78.49861869812011,0.10377120971679688,0.1019442081451416,23,23,YOLO,1,32,0,23.938140836975734,0,[],0.10341262817382812,0.050444602966308594,0.05042719841003418,0.000400543212890625,0.0006659030914306641
20250723_235555_396,11,23,23,-13.1,23.031339610420986,-79.46774673461914,-79.46774673461914,0.10373663902282715,0.15842771530151367,23,23,YOLO,1,32,0,23.031339610420986,0,[],0.10341930389404297,0.05050230026245117,0.05047321319580078,0.05673551559448242,0.0007090568542480469
20250723_235555_660,11,23,23,-13.1,22.883451792071696,-79.5689151763916,-79.5689151763916,0.1040794849395752,0.10212850570678711,23,23,YOLO,1,32,0,22.883451792071696,0,[],0.10376620292663574,0.050481319427490234,0.050467491149902344,0.00040841102600097656,0.0007648468017578125
20250723_235555_868,11,23,23,-13.1,22.756386031960915,-79.7700756072998,-79.7700756072998,0.10285782814025879,0.1583080291748047,23,23,YOLO,1,32,0,22.756386031960915,0,[],0.10251593589782715,0.050385475158691406,0.05045962333679199,0.05674266815185547,0.0007140636444091797
20250723_235556_131,11,23,23,-13.1,23.05987840507018,-79.36966400146484,-79.36966400146484,0.10266566276550293,0.10207009315490723,23,23,YOLO,1,32,0,23.05987840507018,0,[],0.10233473777770996,0.05046844482421875,0.05051922798156738,0.00039958953857421875,0.0006768703460693359
20250723_235556_337,11,23,23,-13.1,23.421802562271424,-79.01896667480469,-79.01896667480469,0.10288238525390625,0.15842342376708984,23,23,YOLO,1,32,0,23.421802562271424,0,[],0.10254764556884766,0.05049252510070801,0.05046486854553223,0.05674862861633301,0.0007112026214599609
20250723_235556_600,11,22,22,-14.5,23.86952076121848,-78.71614036560058,-78.71614036560058,0.1063544750213623,0.10202956199645996,22,22,YOLO,1,32,0,23.86952076121848,0,[],0.10604643821716309,0.05050301551818848,0.05045795440673828,0.000396728515625,0.0006661415100097656
20250723_235556_810,11,NO_RADIO,22,-14.5,25.400268424196796,-77.00499229431152,-77.00499229431152,0.10325479507446289,0.15842080116271973,22,,CenterFallback,1,32,0,,,[],0.10297083854675293,0.050455570220947266,0.05048537254333496,0.05673861503601074,0.0006880760192871094
20250723_235557_073,11,22,22,-14.5,25.33046956878718,-77.13619346618653,-77.13619346618653,0.10418534278869629,0.10201835632324219,22,22,YOLO,1,32,0,25.33046956878718,0,[],0.103851318359375,0.05048203468322754,0.050432443618774414,0.0004074573516845703,0.0006906986236572266
20250723_235557_281,11,22,22,-14.5,24.51079928300544,-77.80040664672852,-77.80040664672852,0.10142755508422852,0.15836548805236816,22,22,YOLO,1,32,0,24.51079928300544,0,[],0.10111451148986816,0.050438642501831055,0.05045604705810547,0.05674481391906738,0.0007188320159912109
20250723_235557_542,12,22,22,-14.5,24.719932564421555,-77.7950439453125,-77.7950439453125,0.10410165786743164,0.10205960273742676,22,22,YOLO,1,32,0,24.719932564421555,0,[],0.10372161865234375,0.05048871040344238,0.0504612922668457,0.00040602684020996094,0.0006978511810302734
20250723_235557_750,12,23,23,-13.1,21.293624696340274,-81.03226928710937,-81.03226928710937,0.10508179664611816,0.15846705436706543,23,23,YOLO,1,32,0,21.293624696340274,0,[],0.10474300384521484,0.05047178268432617,0.05044054985046387,0.05682373046875,0.0007240772247314453
20250723_235558_015,12,23,23,-13.1,21.42149558684595,-80.9471435546875,-80.9471435546875,0.10309410095214844,0.10210537910461426,23,23,YOLO,1,32,0,21.42149558684595,0,[],0.10278201103210449,0.05043911933898926,0.05049252510070801,0.0004436969757080078,0.0007233619689941406
20250723_235558_222,12,22,22,-14.5,23.896609932791492,-78.64008026123047,-78.64008026123047,0.10170841217041016,0.15876269340515137,22,22,YOLO,1,32,0,23.896609932791492,0,[],0.10137677192687988,0.05046415328979492,0.050466299057006836,0.05674433708190918,0.0010800361633300781
20250723_235558_485,12,22,22,-14.5,23.99051436647045,-78.57522583007812,-78.57522583007812,0.10341238975524902,0.10195088386535645,22,22,YOLO,1,32,0,23.99051436647045,0,[],0.10272598266601562,0.05043292045593262,0.050443410873413086,0.0003886222839355469,0.0006806850433349609
20250723_235558_692,12,22,22,-14.5,24.072014071062952,-78.37382507324219,-78.37382507324219,0.10214757919311523,0.15837669372558594,22,22,YOLO,1,32,0,24.072014071062952,0,[],0.10182595252990723,0.0504460334777832,0.05047154426574707,0.05673527717590332,0.0007171630859375
20250723_235558_954,12,22,22,-14.5,24.05925191177036,-78.40820846557617,-78.40820846557617,0.10161995887756348,0.10211515426635742,22,22,YOLO,1,32,0,24.05925191177036,0,[],0.10126972198486328,0.05048322677612305,0.0505220890045166,0.0004010200500488281,0.0007030963897705078
20250723_235559_159,12,22,22,-14.5,24.324319530626767,-78.12341079711913,-78.12341079711913,0.10197901725769043,0.15842866897583008,22,22,YOLO,1,32,0,24.324319530626767,0,[],0.10164880752563477,0.05046510696411133,0.05046820640563965,0.05677008628845215,0.0007188320159912109
20250723_235559_421,12,22,22,-14.5,24.3951048147549,-78.12609100341797,-78.12609100341797,0.10223960876464844,0.10208535194396973,22,22,YOLO,1,32,0,24.3951048147549,0,[],0.10191750526428223,0.050482988357543945,0.050469160079956055,0.0004298686981201172,0.0006918907165527344
20250723_235559_627,12,23,23,-13.1,22.30828901179879,-80.20457458496094,-80.20457458496094,0.10454535484313965,0.15846014022827148,23,23,YOLO,1,32,0,22.30828901179879,0,[],0.10423135757446289,0.050488948822021484,0.050527095794677734,0.056729793548583984,0.0007064342498779297
20250723_235559_892,12,22,22,-14.5,22.291189916039627,-80.19881591796874,-80.19881591796874,0.1064155101776123,0.10201168060302734,22,22,YOLO,1,32,0,22.291189916039627,0,[],0.10610032081604004,0.050459861755371094,0.050461530685424805,0.0003948211669921875,0.0006897449493408203
20250723_235600_102,12,22,22,-14.5,24.179401211938938,-78.33741607666016,-78.33741607666016,0.10040760040283203,0.15845322608947754,22,22,YOLO,1,32,0,24.179401211938938,0,[],0.10005569458007812,0.05047202110290527,0.050460100173950195,0.056775569915771484,0.0007386207580566406
20250723_235600_363,12,22,22,-14.5,23.985533724619202,-78.34238777160644,-78.34238777160644,0.10314083099365234,0.10196590423583984,22,22,YOLO,1,32,0,23.985533724619202,0,[],0.10265445709228516,0.05046868324279785,0.050385236740112305,0.00039267539978027344,0.0007140636444091797
20250723_235600_569,12,21,21,-16.0,25.767606899713982,-76.72636566162109,-76.72636566162109,0.1241912841796875,0.15839624404907227,21,21,YOLO,1,32,0,25.767606899713982,0,[],0.12386369705200195,0.0504307746887207,0.05045628547668457,0.05677986145019531,0.0007224082946777344
20250723_235600_853,12,NO_RADIO,21,-16.0,25.61872892770633,-76.84092483520507,-76.84092483520507,0.10222172737121582,0.10206747055053711,21,,CenterFallback,1,32,0,,,[],0.10187554359436035,0.05045199394226074,0.05048489570617676,0.0004067420959472656,0.0006849765777587891
20250723_235601_059,12,21,21,-16.0,25.969502574429782,-76.47312622070312,-76.47312622070312,0.10137104988098145,0.15839791297912598,21,21,YOLO,1,32,0,25.969502574429782,0,[],0.10104060173034668,0.050461530685424805,0.05043959617614746,0.05672407150268555,0.0007655620574951172
20250723_235601_321,12,22,22,-14.5,26.069727659268764,-76.49653701782226,-76.49653701782226,0.10219192504882812,0.10229253768920898,22,22,YOLO,1,32,0,26.069727659268764,0,[],0.10183596611022949,0.05049324035644531,0.05055069923400879,0.0004134178161621094,0.0008296966552734375
20250723_235601_527,13,22,22,-14.5,22.776679130736966,-79.61421356201173,-79.61421356201173,0.10317397117614746,0.1583998203277588,22,22,YOLO,1,32,0,22.776679130736966,0,[],0.10280776023864746,0.05047726631164551,0.050454139709472656,0.05673956871032715,0.0007214546203613281
20250723_235601_790,13,22,22,-14.5,22.77363522996056,-79.74580917358398,-79.74580917358398,0.10308456420898438,0.10201263427734375,22,22,YOLO,1,32,0,22.77363522996056,0,[],0.10274076461791992,0.05046701431274414,0.050464630126953125,0.0003941059112548828,0.0006821155548095703
20250723_235601_997,13,22,22,-14.5,22.320374946316022,-80.05561828613281,-80.05561828613281,0.10375404357910156,0.15839743614196777,22,22,YOLO,1,32,0,22.320374946316022,0,[],0.10340166091918945,0.05047488212585449,0.05045366287231445,0.0567624568939209,0.0006990432739257812
20250723_235602_260,13,22,22,-14.5,22.367640447637285,-79.96537132263184,-79.96537132263184,0.1027231216430664,0.10215902328491211,22,22,YOLO,1,32,0,22.367640447637285,0,[],0.10235142707824707,0.05050468444824219,0.05046486854553223,0.0004055500030517578,0.0007779598236083984
20250723_235602_467,13,22,22,-14.5,22.186736809306637,-80.17377471923828,-80.17377471923828,0.10355305671691895,0.15841293334960938,22,22,YOLO,1,32,0,22.186736809306637,0,[],0.10326123237609863,0.05045747756958008,0.05043435096740723,0.05680060386657715,0.0007131099700927734
20250723_235602_730,13,22,22,-14.5,22.321390251113385,-80.14651298522949,-80.14651298522949,0.10274863243103027,0.10256195068359375,22,22,YOLO,1,32,0,22.321390251113385,0,[],0.10240030288696289,0.05050945281982422,0.05050039291381836,0.0005211830139160156,0.001024007797241211
20250723_235602_938,13,22,22,-14.5,22.1144850228563,-80.39983177185059,-80.39983177185059,0.10137200355529785,0.15850257873535156,22,22,YOLO,1,32,0,22.1144850228563,0,[],0.10054826736450195,0.050450801849365234,0.050470590591430664,0.05675029754638672,0.0008237361907958984
20250723_235603_199,13,22,22,-14.5,22.189262649507484,-80.29415893554688,-80.29415893554688,0.10129594802856445,0.10209918022155762,22,22,YOLO,1,32,0,22.189262649507484,0,[],0.10096883773803711,0.05048251152038574,0.05053114891052246,0.00039958953857421875,0.0006797313690185547
20250723_235603_404,13,22,22,-14.5,22.287187724798244,-79.99868545532226,-79.99868545532226,0.10307502746582031,0.15845346450805664,22,22,YOLO,1,32,0,22.287187724798244,0,[],0.10277128219604492,0.0505366325378418,0.05047607421875,0.05672430992126465,0.0007100105285644531
20250723_235603_667,13,22,22,-14.5,22.376272311169657,-80.10171470642089,-80.10171470642089,0.10415101051330566,0.10210466384887695,22,22,YOLO,1,32,0,22.376272311169657,0,[],0.10380816459655762,0.05049300193786621,0.0504612922668457,0.00040411949157714844,0.0007395744323730469
20250723_235603_875,13,22,22,-14.5,22.24136040893967,-80.22088508605957,-80.22088508605957,0.10245442390441895,0.15849041938781738,22,22,YOLO,1,32,0,22.24136040893967,0,[],0.1021881103515625,0.05052018165588379,0.050479888916015625,0.056790828704833984,0.0006921291351318359
20250723_235604_138,13,22,22,-14.5,22.11726277795026,-80.33604431152344,-80.33604431152344,0.10387587547302246,0.10207962989807129,22,22,YOLO,1,32,0,22.11726277795026,0,[],0.10351419448852539,0.05046558380126953,0.05046677589416504,0.0004017353057861328,0.0007405281066894531
20250723_235604_345,13,22,22,-14.5,22.0505601375651,-80.33791236877441,-80.33791236877441,0.10428977012634277,0.15868544578552246,22,22,YOLO,1,32,0,22.0505601375651,0,[],0.10399341583251953,0.05049538612365723,0.050511837005615234,0.05682182312011719,0.0008490085601806641
20250723_235604_610,13,21,21,-16.0,22.056879128442276,-80.2657024383545,-80.2657024383545,0.10273027420043945,0.1020808219909668,21,21,YOLO,1,32,0,22.056879128442276,0,[],0.10233020782470703,0.050485849380493164,0.05046558380126953,0.0003991127014160156,0.0007243156433105469
20250723_235604_817,13,21,21,-16.0,25.15432471560503,-77.27568817138672,-77.27568817138672,0.10437417030334473,0.15857863426208496,21,21,YOLO,1,32,0,25.15432471560503,0,[],0.10405540466308594,0.050545454025268555,0.05051398277282715,0.05679678916931152,0.0007154941558837891
20250723_235605_081,13,21,21,-16.0,25.117584715415674,-77.20021057128906,-77.20021057128906,0.10742688179016113,0.10230183601379395,21,21,YOLO,1,32,0,25.117584715415674,0,[],0.10707902908325195,0.05049490928649902,0.05051445960998535,0.0005612373352050781,0.00072479248046875
20250723_235605_293,13,21,21,-16.0,25.27159469098501,-77.2792308807373,-77.2792308807373,0.10231828689575195,0.15852689743041992,21,21,YOLO,1,32,0,25.27159469098501,0,[],0.10197949409484863,0.05045628547668457,0.05050349235534668,0.056763410568237305,0.0007960796356201172
20250723_235605_555,14,21,21,-16.0,25.29434210880082,-77.23053932189941,-77.23053932189941,0.10441279411315918,0.10219192504882812,21,21,YOLO,1,32,0,25.29434210880082,0,[],0.10405206680297852,0.05053210258483887,0.05049586296081543,0.00041031837463378906,0.0007469654083251953
20250723_235605_763,14,21,21,-16.0,23.065541888700608,-79.41214942932129,-79.41214942932129,0.10104227066040039,0.15856266021728516,21,21,YOLO,1,32,0,23.065541888700608,0,[],0.10067462921142578,0.05054211616516113,0.05054306983947754,0.05676007270812988,0.0007104873657226562
20250723_235606_025,14,21,21,-16.0,23.250399268871973,-79.26522483825684,-79.26522483825684,0.10510540008544922,0.10196185111999512,21,21,YOLO,1,32,0,23.250399268871973,0,[],0.10479044914245605,0.050438642501831055,0.05043911933898926,0.0004029273986816406,0.0006747245788574219
20250723_235606_233,14,21,21,-16.0,23.318368776407794,-79.23062324523926,-79.23062324523926,0.10303544998168945,0.1583423614501953,21,21,YOLO,1,32,0,23.318368776407794,0,[],0.10268759727478027,0.050451040267944336,0.05045819282531738,0.056733131408691406,0.0006930828094482422
20250723_235606_496,14,21,21,-16.0,23.48969667546423,-79.03055610656739,-79.03055610656739,0.10531949996948242,0.10204339027404785,21,21,YOLO,1,32,0,23.48969667546423,0,[],0.10498714447021484,0.05047106742858887,0.050473928451538086,0.00039768218994140625,0.0006954669952392578
20250723_235606_705,14,21,21,-16.0,23.593073188723977,-78.91063690185547,-78.91063690185547,0.10352134704589844,0.15844106674194336,21,21,YOLO,1,32,0,23.593073188723977,0,[],0.10316061973571777,0.05044889450073242,0.05050039291381836,0.056760311126708984,0.0007238388061523438
20250723_235606_969,14,21,21,-16.0,23.626763618251275,-78.82754898071289,-78.82754898071289,0.10658764839172363,0.10210800170898438,21,21,YOLO,1,32,0,23.626763618251275,0,[],0.1062157154083252,0.05053853988647461,0.050446271896362305,0.00041294097900390625,0.0007045269012451172
20250723_235607_179,14,21,21,-16.0,22.959261313510495,-79.5056583404541,-79.5056583404541,0.10313773155212402,0.15883231163024902,21,21,YOLO,1,32,0,22.959261313510495,0,[],0.10276317596435547,0.05058789253234863,0.05050396919250488,0.05695605278015137,0.0007774829864501953
20250723_235607_442,14,21,21,-16.0,23.01042657221582,-79.44187278747559,-79.44187278747559,0.10375165939331055,0.10203671455383301,21,21,YOLO,1,32,0,23.01042657221582,0,[],0.10340332984924316,0.050522804260253906,0.05042600631713867,0.000400543212890625,0.0006818771362304688
20250723_235607_650,14,21,21,-16.0,23.734458417236468,-78.68129920959473,-78.68129920959473,0.10466742515563965,0.1584787368774414,21,21,YOLO,1,32,0,23.734458417236468,0,[],0.10438227653503418,0.05044960975646973,0.05049324035644531,0.056778669357299805,0.0007505416870117188
20250723_235607_915,14,21,21,-16.0,23.9395152519849,-78.55969886779785,-78.55969886779785,0.10431146621704102,0.10202550888061523,21,21,YOLO,1,32,0,23.9395152519849,0,[],0.10399436950683594,0.05043339729309082,0.05047917366027832,0.0003952980041503906,0.0007123947143554688
20250723_235608_123,14,21,21,-16.0,24.39134420788936,-78.18265991210937,-78.18265991210937,0.10517644882202148,0.15839576721191406,21,21,YOLO,1,32,0,24.39134420788936,0,[],0.10486149787902832,0.05046200752258301,0.050475120544433594,0.05673384666442871,0.0007183551788330078
20250723_235608_388,14,21,21,-16.0,24.370614182804076,-78.06810455322265,-78.06810455322265,0.10406970977783203,0.10206985473632812,21,21,YOLO,1,32,0,24.370614182804076,0,[],0.10370540618896484,0.05044388771057129,0.05048227310180664,0.00040030479431152344,0.0007381439208984375
20250723_235608_595,14,20,20,-17.4,25.019914455861127,-77.47100563049317,-77.47100563049317,0.10345125198364258,0.15845108032226562,20,20,YOLO,1,32,0,25.019914455861127,0,[],0.10315155982971191,0.050481319427490234,0.0504608154296875,0.056775569915771484,0.0007274150848388672
20250723_235608_859,14,20,20,-17.4,24.88714693462221,-77.59101333618165,-77.59101333618165,0.10259652137756348,0.1020052433013916,20,20,YOLO,1,32,0,24.88714693462221,0,[],0.10222339630126953,0.05046391487121582,0.050447702407836914,0.0004146099090576172,0.0006732940673828125
20250723_235609_065,14,20,20,-17.4,24.081095302152974,-78.39436340332031,-78.39436340332031,0.1047976016998291,0.15836811065673828,20,20,YOLO,1,32,0,24.081095302152974,0,[],0.10448074340820312,0.050475120544433594,0.050452470779418945,0.056739091873168945,0.0006940364837646484
20250723_235609_330,14,20,20,-17.4,24.33484508686604,-78.23375549316407,-78.23375549316407,0.10000109672546387,0.10200977325439453,20,20,YOLO,1,32,0,24.33484508686604,0,[],0.09961915016174316,0.050463199615478516,0.0504612922668457,0.0003936290740966797,0.0006864070892333984
20250723_235609_534,15,20,20,-17.4,23.31884957489261,-79.13085594177247,-79.13085594177247,0.10090231895446777,0.15840601921081543,20,20,YOLO,1,32,0,23.31884957489261,0,[],0.10061216354370117,0.05046415328979492,0.050462961196899414,0.05672025680541992,0.0007517337799072266
20250723_235609_794,15,20,20,-17.4,23.48154551174312,-78.96799087524414,-78.96799087524414,0.10231852531433105,0.10201048851013184,20,20,YOLO,1,32,0,23.48154551174312,0,[],0.10199928283691406,0.0504603385925293,0.050443410873413086,0.00040030479431152344,0.0007016658782958984
20250723_235610_000,15,NO_RADIO,20,-17.4,23.668580067114632,-78.86557464599609,-78.86557464599609,0.09919619560241699,0.15835905075073242,20,,CenterFallback,1,32,0,,,[],0.09888529777526855,0.05045962333679199,0.05044198036193848,0.05671095848083496,0.0006945133209228516
20250723_235610_259,15,20,20,-17.4,23.634369866680828,-78.87511444091797,-78.87511444091797,0.10395073890686035,0.10208415985107422,20,20,YOLO,1,32,0,23.634369866680828,0,[],0.10362911224365234,0.050477027893066406,0.05045676231384277,0.0004057884216308594,0.0007386207580566406
20250723_235610_467,15,20,20,-17.4,23.500350979681542,-78.82754898071289,-78.82754898071289,0.10229825973510742,0.15839743614196777,20,20,YOLO,1,32,0,23.500350979681542,0,[],0.10197663307189941,0.050451040267944336,0.05048537254333496,0.056732177734375,0.0007221698760986328
20250723_235610_730,15,20,20,-17.4,23.624156482345498,-78.90647926330567,-78.90647926330567,0.12352514266967773,0.10204195976257324,20,20,YOLO,1,32,0,23.624156482345498,0,[],0.12318897247314453,0.050493717193603516,0.050461769104003906,0.000400543212890625,0.0006799697875976562
20250723_235610_957,15,20,20,-17.4,24.483943061868217,-78.06490440368653,-78.06490440368653,0.10317587852478027,0.15838098526000977,20,20,YOLO,1,32,0,24.483943061868217,0,[],0.10284972190856934,0.05045151710510254,0.05044269561767578,0.05676531791687012,0.0007140636444091797
20250723_235611_220,15,20,20,-17.4,24.25555789303641,-78.19614906311035,-78.19614906311035,0.09859800338745117,0.10204386711120605,20,20,YOLO,1,32,0,24.25555789303641,0,[],0.09826087951660156,0.05045938491821289,0.05047774314880371,0.0004029273986816406,0.0006988048553466797
20250723_235611_422,15,20,20,-17.4,24.208763229575396,-78.31193542480469,-78.31193542480469,0.09928441047668457,0.15841412544250488,20,20,YOLO,1,32,0,24.208763229575396,0,[],0.09896206855773926,0.05044841766357422,0.05050468444824219,0.05678391456604004,0.0006709098815917969
20250723_235611_682,15,20,20,-17.4,24.077268466557058,-78.49364776611328,-78.49364776611328,0.09999465942382812,0.10204076766967773,20,20,YOLO,1,32,0,24.077268466557058,0,[],0.09964799880981445,0.05045652389526367,0.05048060417175293,0.00040841102600097656,0.0006895065307617188
20250723_235611_885,15,20,20,-17.4,24.187248542141106,-78.31718292236329,-78.31718292236329,0.10332393646240234,0.15849018096923828,20,20,YOLO,1,32,0,24.187248542141106,0,[],0.10300135612487793,0.05046582221984863,0.05051279067993164,0.056786537170410156,0.0007169246673583984
20250723_235612_149,15,NO_RADIO,20,-17.4,23.733724433966728,-78.68129920959473,-78.68129920959473,0.10077309608459473,0.1020655632019043,20,,CenterFallback,1,32,0,,,[],0.10039734840393066,0.05045819282531738,0.050464630126953125,0.00040459632873535156,0.0006997585296630859
20250723_235612_353,15,20,20,-17.4,23.895182687939922,-78.48088836669922,-78.48088836669922,0.10167813301086426,0.15862512588500977,20,20,YOLO,1,32,0,23.895182687939922,0,[],0.10136008262634277,0.05046367645263672,0.050454139709472656,0.05681157112121582,0.0008885860443115234
20250723_235612_615,15,19,19,-18.9,23.88314046276163,-78.55984497070312,-78.55984497070312,0.10169434547424316,0.10209131240844727,19,19,YOLO,1,32,0,23.88314046276163,0,[],0.1013643741607666,0.050481319427490234,0.05048513412475586,0.00039649009704589844,0.0007226467132568359
20250723_235612_820,15,NO_RADIO,19,-18.9,26.052102039579566,-76.43466186523438,-76.43466186523438,0.10291552543640137,0.15845274925231934,19,,CenterFallback,1,32,0,,,[],0.1026153564453125,0.050477027893066406,0.050476789474487305,0.05672144889831543,0.0007231235504150391
20250723_235613_083,15,19,19,-18.9,25.925018393964407,-76.4855110168457,-76.4855110168457,0.10136961936950684,0.10199594497680664,19,19,YOLO,1,32,0,25.925018393964407,0,[],0.10102128982543945,0.05043506622314453,0.050466299057006836,0.0003993511199951172,0.0006895065307617188
20250723_235613_288,15,NO_RADIO,19,-18.9,25.086267894154517,-77.29695129394531,-77.29695129394531,0.10195612907409668,0.15836358070373535,19,,CenterFallback,1,32,0,,,[],0.1016998291015625,0.05045032501220703,0.05043458938598633,0.05673050880432129,0.0006973743438720703
20250723_235613_550,16,19,19,-18.9,25.100197735010042,-77.36334457397462,-77.36334457397462,0.10419678688049316,0.1020512580871582,19,19,YOLO,1,32,0,25.100197735010042,0,[],0.10386896133422852,0.05045771598815918,0.05047416687011719,0.0003917217254638672,0.0007212162017822266
20250723_235613_758,16,NO_RADIO,19,-18.9,24.694575698109517,-77.74570159912109,-77.74570159912109,0.10250115394592285,0.158494234085083,19,,CenterFallback,1,32,0,,,[],0.10214924812316895,0.05046725273132324,0.05050301551818848,0.05674862861633301,0.0007233619689941406
20250723_235614_021,16,19,19,-18.9,24.742815604888207,-77.75699348449707,-77.75699348449707,0.10604166984558105,0.10213732719421387,19,19,YOLO,1,32,0,24.742815604888207,0,[],0.10568404197692871,0.0504765510559082,0.05048489570617676,0.0003943443298339844,0.0007753372192382812
20250723_235614_230,16,19,19,-18.9,24.65657436372541,-77.8593578338623,-77.8593578338623,0.10186338424682617,0.15873098373413086,19,19,YOLO,1,32,0,24.65657436372541,0,[],0.10155558586120605,0.05045890808105469,0.05045676231384277,0.05675148963928223,0.0010554790496826172
20250723_235614_493,16,20,20,-17.4,24.791998511353057,-77.72384719848633,-77.72384719848633,0.1011054515838623,0.10205531120300293,20,20,YOLO,1,32,0,24.791998511353057,0,[],0.10068106651306152,0.05047249794006348,0.05047130584716797,0.0004298686981201172,0.0006759166717529297
20250723_235614_698,16,20,20,-17.4,22.164952055040573,-80.23355102539062,-80.23355102539062,0.10241889953613281,0.15838313102722168,20,20,YOLO,1,32,0,22.164952055040573,0,[],0.10210371017456055,0.050454139709472656,0.05048799514770508,0.05672049522399902,0.000713348388671875
20250723_235614_960,16,NO_RADIO,20,-17.4,22.186440228922578,-80.13515090942383,-80.13515090942383,0.10361862182617188,0.10208678245544434,20,,CenterFallback,1,32,0,,,[],0.10329484939575195,0.05048346519470215,0.05046868324279785,0.00039696693420410156,0.0007047653198242188
20250723_235615_168,16,NO_RADIO,20,-17.4,22.21915156312201,-80.1563777923584,-80.1563777923584,0.10180258750915527,0.15846920013427734,20,,CenterFallback,1,32,0,,,[],0.10146808624267578,0.05046367645263672,0.05047154426574707,0.05677914619445801,0.0007011890411376953
20250723_235615_429,16,19,19,-18.9,22.043298841822548,-80.36336517333984,-80.36336517333984,0.10562705993652344,0.10205793380737305,19,19,YOLO,1,32,0,22.043298841822548,0,[],0.10530543327331543,0.05047130584716797,0.050472259521484375,0.0003981590270996094,0.0007090568542480469
20250723_235615_639,16,19,19,-18.9,24.88530082067828,-77.65808334350587,-77.65808334350587,0.10465407371520996,0.15832257270812988,19,19,YOLO,1,32,0,24.88530082067828,0,[],0.10431647300720215,0.050445556640625,0.05045294761657715,0.056720733642578125,0.0006973743438720703
20250723_235615_903,16,NO_RADIO,19,-18.9,24.742952732220644,-77.63851928710938,-77.63851928710938,0.1020822525024414,0.10200881958007812,19,,CenterFallback,1,32,0,,,[],0.10176992416381836,0.050452470779418945,0.05042552947998047,0.00039315223693847656,0.0007004737854003906
20250723_235616_109,16,19,19,-18.9,24.8130208353559,-77.68740272521973,-77.68740272521973,0.10360574722290039,0.15844440460205078,19,19,YOLO,1,32,0,24.8130208353559,0,[],0.10328078269958496,0.05047750473022461,0.05044960975646973,0.05677914619445801,0.0007321834564208984
20250723_235616_372,16,19,19,-18.9,24.848395233976092,-77.66048774719238,-77.66048774719238,0.10309290885925293,0.10198640823364258,19,19,YOLO,1,32,0,24.848395233976092,0,[],0.10277271270751953,0.05046844482421875,0.05044960975646973,0.0003821849822998047,0.0006811618804931641
20250723_235616_579,16,19,19,-18.9,25.41095862905854,-76.993359375,-76.993359375,0.10251545906066895,0.15837645530700684,19,19,YOLO,1,32,0,25.41095862905854,0,[],0.1022343635559082,0.050477027893066406,0.05043363571166992,0.05677962303161621,0.0006792545318603516
20250723_235616_842,16,19,19,-18.9,25.36136870411306,-77.08386306762695,-77.08386306762695,0.10129618644714355,0.10205245018005371,19,19,YOLO,1,32,0,25.36136870411306,0,[],0.10096406936645508,0.0504300594329834,0.05046844482421875,0.0004048347473144531,0.0007433891296386719
20250723_235617_046,16,19,19,-18.9,25.05771820985055,-77.47604370117188,-77.47604370117188,0.10191202163696289,0.1583552360534668,19,19,YOLO,1,32,0,25.05771820985055,0,[],0.10159802436828613,0.05043959617614746,0.0504758358001709,0.056732177734375,0.0007011890411376953
20250723_235617_308,16,19,19,-18.9,24.895457451278475,-77.5678840637207,-77.5678840637207,0.10354161262512207,0.10202717781066895,19,19,YOLO,1,32,0,24.895457451278475,0,[],0.10318875312805176,0.0504608154296875,0.05043339729309082,0.0003848075866699219,0.0007429122924804688
20250723_235617_516,17,19,19,-18.9,23.541092894136156,-78.81811141967773,-78.81811141967773,0.10493922233581543,0.15846586227416992,19,19,YOLO,1,32,0,23.541092894136156,0,[],0.10462498664855957,0.05050253868103027,0.05046439170837402,0.0567777156829834,0.0007143020629882812
20250723_235617_781,17,19,19,-18.9,23.16485729062221,-79.15032768249512,-79.15032768249512,0.10198831558227539,0.1020040512084961,19,19,YOLO,1,32,0,23.16485729062221,0,[],0.10164213180541992,0.05046510696411133,0.050445556640625,0.00039505958557128906,0.0006926059722900391
20250723_235617_986,17,19,19,-18.9,23.62851360566178,-78.72052879333496,-78.72052879333496,0.10342860221862793,0.15831613540649414,19,19,YOLO,1,32,0,23.62851360566178,0,[],0.10311341285705566,0.050432682037353516,0.05042910575866699,0.05672335624694824,0.0007257461547851562
20250723_235618_249,17,19,19,-18.9,23.61560116957982,-78.83116607666015,-78.83116607666015,0.10243844985961914,0.10201525688171387,19,19,YOLO,1,32,0,23.61560116957982,0,[],0.10213112831115723,0.050469160079956055,0.05044889450073242,0.0004057884216308594,0.0006864070892333984
20250723_235618_455,17,19,19,-18.9,23.37237149471848,-79.02404136657715,-79.02404136657715,0.1039280891418457,0.158400297164917,19,19,YOLO,1,32,0,23.37237149471848,0,[],0.10361170768737793,0.05046510696411133,0.050450801849365234,0.05674123764038086,0.000736236572265625
20250723_235618_719,17,19,19,-18.9,23.25198111054165,-79.16773986816406,-79.16773986816406,0.10258340835571289,0.10204029083251953,19,19,YOLO,1,32,0,23.25198111054165,0,[],0.1022801399230957,0.05052447319030762,0.050400495529174805,0.0004036426544189453,0.0007066726684570312
20250723_235618_926,17,18,18,-20.3,25.234143309554682,-77.27349281311035,-77.27349281311035,0.10262203216552734,0.15871429443359375,18,18,YOLO,1,32,0,25.234143309554682,0,[],0.1023249626159668,0.05047488212585449,0.05047011375427246,0.05676102638244629,0.0010006427764892578
20250723_235619_189,17,18,18,-20.3,25.24280223758143,-77.24958305358886,-77.24958305358886,0.10362815856933594,0.10203790664672852,18,18,YOLO,1,32,0,25.24280223758143,0,[],0.1032705307006836,0.05045771598815918,0.0504755973815918,0.00040078163146972656,0.000698089599609375
20250723_235619_396,17,19,19,-18.9,23.52704692795234,-78.916064453125,-78.916064453125,0.1025846004486084,0.15842461585998535,19,19,YOLO,1,32,0,23.52704692795234,0,[],0.10223245620727539,0.05045151710510254,0.05046963691711426,0.056746721267700195,0.0007503032684326172
20250723_235619_658,17,19,19,-18.9,23.472519729006308,-79.02436637878418,-79.02436637878418,0.10328388214111328,0.10207414627075195,19,19,YOLO,1,32,0,23.472519729006308,0,[],0.10292267799377441,0.05044865608215332,0.05047798156738281,0.0004127025604248047,0.0007293224334716797
20250723_235619_866,17,19,19,-18.9,23.615691964391644,-78.937943649292,-78.937943649292,0.10200190544128418,0.15840625762939453,19,19,YOLO,1,32,0,23.615691964391644,0,[],0.1016535758972168,0.05044746398925781,0.050460100173950195,0.056754350662231445,0.0007379055023193359
20250723_235620_128,17,19,19,-18.9,23.46385725652594,-79.01819610595703,-79.01819610595703,0.1038370132446289,0.10197591781616211,19,19,YOLO,1,32,0,23.46385725652594,0,[],0.1034548282623291,0.05045127868652344,0.050418853759765625,0.00039958953857421875,0.0006995201110839844
20250723_235620_335,17,19,19,-18.9,23.306451589444052,-79.05802040100097,-79.05802040100097,0.10202336311340332,0.1583573818206787,19,19,YOLO,1,32,0,23.306451589444052,0,[],0.10170269012451172,0.05047345161437988,0.050451040267944336,0.05672764778137207,0.0006976127624511719
20250723_235620_597,17,18,18,-20.3,23.34291360251619,-79.15062026977539,-79.15062026977539,0.10336971282958984,0.10196447372436523,18,18,YOLO,1,32,0,23.34291360251619,0,[],0.10298037528991699,0.05044412612915039,0.0504305362701416,0.0003948211669921875,0.0006892681121826172
20250723_235620_804,17,18,18,-20.3,24.9197706585325,-77.59572219848633,-77.59572219848633,0.12822413444519043,0.15840482711791992,18,18,YOLO,1,32,0,24.9197706585325,0,[],0.12785911560058594,0.0504605770111084,0.05045342445373535,0.05676007270812988,0.0007238388061523438
20250723_235621_092,17,18,18,-20.3,25.017928452115072,-77.49831428527833,-77.49831428527833,0.10219883918762207,0.10206174850463867,18,18,YOLO,1,32,0,25.017928452115072,0,[],0.1018519401550293,0.050484657287597656,0.05045628547668457,0.00041294097900390625,0.0007026195526123047
20250723_235621_298,17,18,18,-20.3,25.20583902493337,-77.40595245361328,-77.40595245361328,0.1020355224609375,0.15832304954528809,18,18,YOLO,1,32,0,25.20583902493337,0,[],0.10171008110046387,0.05043601989746094,0.05044436454772949,0.05673694610595703,0.0006995201110839844
20250723_235621_560,18,18,18,-20.3,25.287238897543816,-77.27058029174805,-77.27058029174805,0.10160183906555176,0.10194945335388184,18,18,YOLO,1,32,0,25.287238897543816,0,[],0.10121917724609375,0.05046820640563965,0.050444841384887695,0.0003795623779296875,0.0006508827209472656
20250723_235621_765,18,18,18,-20.3,23.934556264839614,-78.55659446716308,-78.55659446716308,0.10254979133605957,0.15868830680847168,18,18,YOLO,1,32,0,23.934556264839614,0,[],0.10223722457885742,0.05053448677062988,0.050482749938964844,0.056733131408691406,0.0009303092956542969
20250723_235622_028,18,18,18,-20.3,23.816145637739723,-78.73873939514161,-78.73873939514161,0.1023709774017334,0.10206079483032227,18,18,YOLO,1,32,0,23.816145637739723,0,[],0.10197973251342773,0.05048203468322754,0.05046272277832031,0.0003993511199951172,0.0007107257843017578
20250723_235622_234,18,18,18,-20.3,23.998248047445713,-78.52652587890626,-78.52652587890626,0.10423588752746582,0.15883421897888184,18,18,YOLO,1,32,0,23.998248047445713,0,[],0.10391521453857422,0.05047035217285156,0.05042910575866699,0.05679607391357422,0.001130819320678711
20250723_235622_501,18,18,18,-20.3,23.845215731053955,-78.5864974975586,-78.5864974975586,0.10487866401672363,0.10257077217102051,18,18,YOLO,1,32,0,23.845215731053955,0,[],0.10364174842834473,0.0504603385925293,0.05099821090698242,0.0004069805145263672,0.0006990432739257812
20250723_235622_709,18,18,18,-20.3,23.913436719470283,-78.56760139465332,-78.56760139465332,0.10278606414794922,0.15841317176818848,18,18,YOLO,1,32,0,23.913436719470283,0,[],0.1024177074432373,0.05046582221984863,0.050470590591430664,0.05675983428955078,0.0007102489471435547
20250723_235622_972,18,18,18,-20.3,23.950686803432134,-78.58524551391602,-78.58524551391602,0.10406184196472168,0.10204458236694336,18,18,YOLO,1,32,0,23.950686803432134,0,[],0.10371732711791992,0.05047130584716797,0.05045676231384277,0.0004010200500488281,0.0007100105285644531
20250723_235623_179,18,18,18,-20.3,24.000931289710422,-78.42117691040039,-78.42117691040039,0.10239410400390625,0.15834283828735352,18,18,YOLO,1,32,0,24.000931289710422,0,[],0.10203218460083008,0.05044865608215332,0.05047106742858887,0.056732892990112305,0.0006830692291259766
20250723_235623_442,18,18,18,-20.3,24.148454107777667,-78.3395336151123,-78.3395336151123,0.10408544540405273,0.10194587707519531,18,18,YOLO,1,32,0,24.148454107777667,0,[],0.10373735427856445,0.05041146278381348,0.05046439170837402,0.0003960132598876953,0.0006687641143798828
20250723_235623_649,18,18,18,-20.3,24.362579459348098,-78.09537925720215,-78.09537925720215,0.10149955749511719,0.15837526321411133,18,18,YOLO,1,32,0,24.362579459348098,0,[],0.10116314888000488,0.05045962333679199,0.05046439170837402,0.05671572685241699,0.0007278919219970703
20250723_235623_911,18,18,18,-20.3,24.085711234532113,-78.30025100708008,-78.30025100708008,0.10899662971496582,0.10203266143798828,18,18,YOLO,1,32,0,24.085711234532113,0,[],0.10863947868347168,0.05044436454772949,0.05046248435974121,0.0004124641418457031,0.0007073879241943359
20250723_235624_123,18,18,18,-20.3,24.325563273641833,-78.07074661254883,-78.07074661254883,0.09946370124816895,0.15857338905334473,18,18,YOLO,1,32,0,24.325563273641833,0,[],0.09913229942321777,0.0505223274230957,0.050481319427490234,0.05675792694091797,0.0008053779602050781
20250723_235624_383,18,18,18,-20.3,24.274831702921546,-78.24683380126953,-78.24683380126953,0.10436511039733887,0.10207605361938477,18,18,YOLO,1,32,0,24.274831702921546,0,[],0.10403323173522949,0.05046224594116211,0.05046963691711426,0.00039577484130859375,0.0007410049438476562
20250723_235624_591,18,17,17,-21.8,25.446046403120064,-77.13653564453125,-77.13653564453125,0.10507464408874512,0.15843987464904785,17,17,YOLO,1,32,0,25.446046403120064,0,[],0.10477924346923828,0.050487518310546875,0.05047202110290527,0.05673384666442871,0.0007393360137939453
20250723_235624_856,18,17,17,-21.8,25.292023300297217,-77.14003639221191,-77.14003639221191,0.10329532623291016,0.10207629203796387,17,17,YOLO,1,32,0,25.292023300297217,0,[],0.10292840003967285,0.05044913291931152,0.05046844482421875,0.0004165172576904297,0.0007376670837402344
20250723_235625_063,18,17,17,-21.8,25.795854269199992,-76.65244827270507,-76.65244827270507,0.10241293907165527,0.15840792655944824,17,17,YOLO,1,32,0,25.795854269199992,0,[],0.10208797454833984,0.05045437812805176,0.05044293403625488,0.05678105354309082,0.0007216930389404297
20250723_235625_325,18,17,17,-21.8,25.95231800608191,-76.52664947509766,-76.52664947509766,0.10235142707824707,0.10197329521179199,17,17,YOLO,1,32,0,25.95231800608191,0,[],0.10198712348937988,0.05042839050292969,0.05046343803405762,0.0003998279571533203,0.0006766319274902344
20250723_235625_531,19,17,17,-21.8,24.300369573052777,-78.21356315612793,-78.21356315612793,0.10330820083618164,0.15851354598999023,17,17,YOLO,1,32,0,24.300369573052777,0,[],0.10300326347351074,0.05050373077392578,0.05048179626464844,0.05677294731140137,0.0007412433624267578
20250723_235625_795,19,17,17,-21.8,24.301263895554598,-78.1485107421875,-78.1485107421875,0.1040797233581543,0.10200262069702148,17,17,YOLO,1,32,0,24.301263895554598,0,[],0.10373592376708984,0.05045509338378906,0.05045056343078613,0.0004012584686279297,0.0006902217864990234
20250723_235626_002,19,17,17,-21.8,24.095924135410655,-78.45640754699707,-78.45640754699707,0.10236144065856934,0.15841388702392578,17,17,YOLO,1,32,0,24.095924135410655,0,[],0.10204458236694336,0.05045032501220703,0.05048871040344238,0.05674123764038086,0.0007262229919433594
20250723_235626_265,19,17,17,-21.8,24.081266041553135,-78.37662506103516,-78.37662506103516,0.10104823112487793,0.10274267196655273,17,17,YOLO,1,32,0,24.081266041553135,0,[],0.10068964958190918,0.05054354667663574,0.050512075424194336,0.00045943260192871094,0.0012202262878417969
20250723_235626_471,19,17,17,-21.8,23.850551785144035,-78.64019203186035,-78.64019203186035,0.1025235652923584,0.15911316871643066,17,17,YOLO,1,32,0,23.850551785144035,0,[],0.10174226760864258,0.05053997039794922,0.05045318603515625,0.05704617500305176,0.001066446304321289
20250723_235626_735,19,17,17,-21.8,23.99595056275642,-78.4952320098877,-78.4952320098877,0.10297107696533203,0.10215067863464355,17,17,YOLO,1,32,0,23.99595056275642,0,[],0.10256767272949219,0.05052542686462402,0.05052328109741211,0.0004096031188964844,0.0006866455078125
20250723_235626_942,19,17,17,-21.8,24.511275149832088,-78.01625328063965,-78.01625328063965,0.10219502449035645,0.15866494178771973,17,17,YOLO,1,32,0,24.511275149832088,0,[],0.10187053680419922,0.05051541328430176,0.0505213737487793,0.05685997009277344,0.0007574558258056641
20250723_235627_204,19,17,17,-21.8,24.51690692419278,-78.02151489257812,-78.02151489257812,0.10593533515930176,0.10224032402038574,17,17,YOLO,1,32,0,24.51690692419278,0,[],0.1055905818939209,0.0505983829498291,0.050505638122558594,0.00039696693420410156,0.0007319450378417969
20250723_235627_414,19,17,17,-21.8,24.50266803789566,-77.86536521911621,-77.86536521911621,0.10219478607177734,0.15863251686096191,17,17,YOLO,1,32,0,24.50266803789566,0,[],0.10186886787414551,0.050549983978271484,0.05046582221984863,0.05686163902282715,0.0007448196411132812
20250723_235627_676,19,NO_RADIO,17,-21.8,24.737867194007123,-77.80698165893554,-77.80698165893554,0.10142827033996582,0.1022942066192627,17,,CenterFallback,1,32,0,,,[],0.10104632377624512,0.05054354667663574,0.05048966407775879,0.0004124641418457031,0.0008082389831542969
20250723_235627_882,19,17,17,-21.8,24.65953154861309,-77.71370086669921,-77.71370086669921,0.10246586799621582,0.15936279296875,17,17,YOLO,1,32,0,24.65953154861309,0,[],0.1021270751953125,0.050470829010009766,0.05052900314331055,0.05761384963989258,0.0007376670837402344
20250723_235628_145,19,NO_RADIO,17,-21.8,24.68252759281897,-77.85659217834473,-77.85659217834473,0.10143494606018066,0.1020975112915039,17,,CenterFallback,1,32,0,,,[],0.10106873512268066,0.05047297477722168,0.05046677589416504,0.00039649009704589844,0.0007193088531494141
20250723_235628_350,19,18,18,-20.3,23.17790768957343,-79.32021942138672,-79.32021942138672,0.10303449630737305,0.15835118293762207,18,18,YOLO,1,32,0,23.17790768957343,0,[],0.1027073860168457,0.050452470779418945,0.05044865608215332,0.056742191314697266,0.0007009506225585938
20250723_235628_613,19,17,17,-21.8,22.995469961486947,-79.52578811645508,-79.52578811645508,0.10301852226257324,0.10203170776367188,17,17,YOLO,1,32,0,22.995469961486947,0,[],0.10265541076660156,0.05044245719909668,0.05048060417175293,0.00040650367736816406,0.0006961822509765625
20250723_235628_820,19,17,17,-21.8,24.17816597935449,-78.47558135986328,-78.47558135986328,0.10243082046508789,0.15874648094177246,17,17,YOLO,1,32,0,24.17816597935449,0,[],0.10210323333740234,0.05042576789855957,0.05048227310180664,0.05675697326660156,0.0010738372802734375
20250723_235629_083,19,17,17,-21.8,24.05042268255893,-78.46877059936523,-78.46877059936523,0.10212945938110352,0.10213017463684082,17,17,YOLO,1,32,0,24.05042268255893,0,[],0.1017904281616211,0.05049014091491699,0.050538063049316406,0.0004067420959472656,0.0006880760192871094
20250723_235629_289,19,17,17,-21.8,24.19708639277495,-78.30224227905273,-78.30224227905273,0.10068440437316895,0.158522367477417,17,17,YOLO,1,32,0,24.19708639277495,0,[],0.10033202171325684,0.05054068565368652,0.0504758358001709,0.05674266815185547,0.0007555484771728516
20250723_235629_550,20,17,17,-21.8,24.05862104743386,-78.45651473999024,-78.45651473999024,0.10209798812866211,0.10214447975158691,17,17,YOLO,1,32,0,24.05862104743386,0,[],0.10176968574523926,0.050550222396850586,0.05046725273132324,0.000392913818359375,0.0007159709930419922
20250723_235629_755,20,17,17,-21.8,22.78051301330632,-79.67270126342774,-79.67270126342774,0.10172677040100098,0.15836024284362793,17,17,YOLO,1,32,0,22.78051301330632,0,[],0.10142183303833008,0.05047202110290527,0.050454139709472656,0.05673336982727051,0.0006945133209228516
20250723_235630_017,20,17,17,-21.8,22.729317910531364,-79.7468147277832,-79.7468147277832,0.10050559043884277,0.10201692581176758,17,17,YOLO,1,32,0,22.729317910531364,0,[],0.10016179084777832,0.05043220520019531,0.05047869682312012,0.0004038810729980469,0.0006971359252929688
20250723_235630_221,20,17,17,-21.8,22.596154543328907,-79.86573448181153,-79.86573448181153,0.10290956497192383,0.15863037109375,17,17,YOLO,1,32,0,22.596154543328907,0,[],0.10257077217102051,0.05045509338378906,0.05045032501220703,0.05675315856933594,0.0009644031524658203
20250723_235630_486,20,17,17,-21.8,22.818656804499483,-79.66132888793945,-79.66132888793945,0.10383033752441406,0.10200881958007812,17,17,YOLO,1,32,0,22.818656804499483,0,[],0.10294747352600098,0.05045485496520996,0.05045008659362793,0.00039076805114746094,0.0007069110870361328
20250723_235630_693,20,17,17,-21.8,22.731181830303797,-79.73075103759766,-79.73075103759766,0.1017296314239502,0.15837407112121582,17,17,YOLO,1,32,0,22.731181830303797,0,[],0.10141444206237793,0.050457000732421875,0.0504150390625,0.05674290657043457,0.000751495361328125
20250723_235630_954,20,17,17,-21.8,22.53191178310894,-79.87968063354492,-79.87968063354492,0.12515473365783691,0.10200691223144531,17,17,YOLO,1,32,0,22.53191178310894,0,[],0.12480545043945312,0.05046272277832031,0.050432443618774414,0.00039839744567871094,0.0007083415985107422
20250723_235631_183,20,17,17,-21.8,22.814570463046792,-79.69543151855468,-79.69543151855468,0.10274553298950195,0.15837359428405762,17,17,YOLO,1,32,0,22.814570463046792,0,[],0.10244226455688477,0.050441741943359375,0.05045795440673828,0.056748390197753906,0.0007174015045166016
20250723_235631_446,20,17,17,-21.8,22.864500546267706,-79.67307739257812,-79.67307739257812,0.10033750534057617,0.10204648971557617,17,17,YOLO,1,32,0,22.864500546267706,0,[],0.10002255439758301,0.05047321319580078,0.05046844482421875,0.0003960132598876953,0.0007038116455078125
20250723_235631_650,20,17,17,-21.8,23.20099604213263,-79.3681655883789,-79.3681655883789,0.10225343704223633,0.15840840339660645,17,17,YOLO,1,32,0,23.20099604213263,0,[],0.10191464424133301,0.050444841384887695,0.05044078826904297,0.05680274963378906,0.0007140636444091797
20250723_235631_912,20,17,17,-21.8,23.285341746374,-79.25835151672364,-79.25835151672364,0.09721994400024414,0.10199666023254395,17,17,YOLO,1,32,0,23.285341746374,0,[],0.09688520431518555,0.05044913291931152,0.05043745040893555,0.00041675567626953125,0.0006880760192871094
20250723_235632_113,20,17,17,-21.8,23.009521271709133,-79.47698974609375,-79.47698974609375,0.1032412052154541,0.1583719253540039,17,17,YOLO,1,32,0,23.009521271709133,0,[],0.10289692878723145,0.05045938491821289,0.050443172454833984,0.05673575401306152,0.0007264614105224609
20250723_235632_376,20,17,17,-21.8,23.140256646937203,-79.44187278747559,-79.44187278747559,0.10221695899963379,0.1020052433013916,17,17,YOLO,1,32,0,23.140256646937203,0,[],0.10186934471130371,0.050473690032958984,0.05045151710510254,0.0003764629364013672,0.0006978511810302734
20250723_235632_582,20,16,16,-23.2,25.029143371327805,-77.30549087524415,-77.30549087524415,0.0988473892211914,0.1584329605102539,16,16,YOLO,1,32,0,25.029143371327805,0,[],0.09839987754821777,0.050489187240600586,0.0504603385925293,0.05672192573547363,0.0007543563842773438
20250723_235632_841,20,16,16,-23.2,24.94181214018596,-77.49822807312012,-77.49822807312012,0.1024467945098877,0.10199809074401855,16,16,YOLO,1,32,0,24.94181214018596,0,[],0.10216379165649414,0.05044150352478027,0.05045366287231445,0.0003993511199951172,0.0006968975067138672
20250723_235633_047,20,16,16,-23.2,25.010276802214648,-77.49822807312012,-77.49822807312012,0.1025691032409668,0.15841197967529297,16,16,YOLO,1,32,0,25.010276802214648,0,[],0.10222959518432617,0.050467491149902344,0.05046582221984863,0.05675506591796875,0.0007164478302001953
20250723_235633_309,20,16,16,-23.2,24.973556031836267,-77.5803466796875,-77.5803466796875,0.10464119911193848,0.10203146934509277,16,16,YOLO,1,32,0,24.973556031836267,0,[],0.10432195663452148,0.05044865608215332,0.050464630126953125,0.00041604042053222656,0.0006966590881347656
20250723_235633_518,21,16,16,-23.2,23.769871127572316,-78.78472747802735,-78.78472747802735,0.10123753547668457,0.1584913730621338,16,16,YOLO,1,32,0,23.769871127572316,0,[],0.10089588165283203,0.05048990249633789,0.05049872398376465,0.05678510665893555,0.0007116794586181641
20250723_235633_779,21,16,16,-23.2,23.773157861570255,-78.70425949096679,-78.70425949096679,0.10453033447265625,0.10202789306640625,16,16,YOLO,1,32,0,23.773157861570255,0,[],0.10419797897338867,0.05046534538269043,0.05047869682312012,0.00039696693420410156,0.0006816387176513672
20250723_235633_987,21,16,16,-23.2,23.417977607906124,-79.03271713256837,-79.03271713256837,0.1023557186126709,0.15845227241516113,16,16,YOLO,1,32,0,23.417977607906124,0,[],0.1020197868347168,0.05048632621765137,0.050504207611083984,0.05677676200866699,0.0006773471832275391
20250723_235634_249,21,16,16,-23.2,23.334968901694793,-79.03088111877442,-79.03088111877442,0.10339760780334473,0.10205364227294922,16,16,YOLO,1,32,0,23.334968901694793,0,[],0.10308098793029785,0.050467729568481445,0.05044698715209961,0.0004241466522216797,0.00070953369140625
20250723_235634_456,21,16,16,-23.2,24.534612576305364,-77.98185234069824,-77.98185234069824,0.10026121139526367,0.158461332321167,16,16,YOLO,1,32,0,24.534612576305364,0,[],0.0998845100402832,0.05053281784057617,0.050492048263549805,0.05673050880432129,0.0006995201110839844
20250723_235634_717,21,16,16,-23.2,24.503544045837472,-78.00788383483886,-78.00788383483886,0.1014409065246582,0.10246539115905762,16,16,YOLO,1,32,0,24.503544045837472,0,[],0.1010890007019043,0.050629377365112305,0.05053448677062988,0.00041604042053222656,0.0008795261383056641
20250723_235634_922,21,16,16,-23.2,24.349233488675395,-78.12503547668457,-78.12503547668457,0.1019449234008789,0.1584458351135254,16,16,YOLO,1,32,0,24.349233488675395,0,[],0.10162830352783203,0.050470829010009766,0.050447940826416016,0.05680537223815918,0.0007150173187255859
20250723_235635_184,21,16,16,-23.2,24.283857999225347,-78.2222770690918,-78.2222770690918,0.10270023345947266,0.1020357608795166,16,16,YOLO,1,32,0,24.283857999225347,0,[],0.10236358642578125,0.05043745040893555,0.05049753189086914,0.0003943443298339844,0.0007004737854003906
20250723_235635_390,21,16,16,-23.2,24.342719206325697,-78.01957702636719,-78.01957702636719,0.10125136375427246,0.15839481353759766,16,16,YOLO,1,32,0,24.342719206325697,0,[],0.10091137886047363,0.05050468444824219,0.05045652389526367,0.056710004806518555,0.0007169246673583984
20250723_235635_652,21,16,16,-23.2,24.338124719782726,-78.1286060333252,-78.1286060333252,0.10235977172851562,0.10201787948608398,16,16,YOLO,1,32,0,24.338124719782726,0,[],0.1020815372467041,0.05043458938598633,0.05045008659362793,0.00039458274841308594,0.000732421875
20250723_235635_858,21,16,16,-23.2,23.856928131150084,-78.42298698425293,-78.42298698425293,0.10194540023803711,0.1584608554840088,16,16,YOLO,1,32,0,23.856928131150084,0,[],0.10163354873657227,0.0504755973815918,0.05050539970397949,0.05675029754638672,0.0007226467132568359
20250723_235636_120,21,16,16,-23.2,23.912349432085776,-78.52196655273437,-78.52196655273437,0.10290765762329102,0.10203146934509277,16,16,YOLO,1,32,0,23.912349432085776,0,[],0.10258817672729492,0.05045914649963379,0.050469160079956055,0.0003991127014160156,0.0006983280181884766
20250723_235636_326,21,16,16,-23.2,23.735909107664767,-78.68667602539062,-78.68667602539062,0.10190200805664062,0.15840554237365723,16,16,YOLO,1,32,0,23.735909107664767,0,[],0.10155725479125977,0.050482988357543945,0.050455331802368164,0.05673861503601074,0.0007219314575195312
20250723_235636_588,21,NO_RADIO,16,-23.2,23.692345486311012,-78.76924018859863,-78.76924018859863,0.10021710395812988,0.10216450691223145,16,,CenterFallback,1,32,0,,,[],0.09988665580749512,0.05045580863952637,0.0504605770111084,0.0004200935363769531,0.0007867813110351562
20250723_235636_792,21,15,15,-24.7,25.37085357864042,-77.09042358398438,-77.09042358398438,0.10231232643127441,0.1583850383758545,15,15,YOLO,1,32,0,25.37085357864042,0,[],0.10196781158447266,0.05046558380126953,0.050460100173950195,0.05674147605895996,0.0007090568542480469
20250723_235637_054,21,15,15,-24.7,25.42647807931506,-77.08375930786133,-77.08375930786133,0.10285139083862305,0.1020510196685791,15,15,YOLO,1,32,0,25.42647807931506,0,[],0.10252976417541504,0.05049705505371094,0.05047035217285156,0.0003809928894042969,0.0006976127624511719
20250723_235637_261,21,15,15,-24.7,24.867219449455888,-77.5103530883789,-77.5103530883789,0.10134172439575195,0.15841293334960938,15,15,YOLO,1,32,0,24.867219449455888,0,[],0.10095787048339844,0.05050778388977051,0.05044293403625488,0.05676388740539551,0.0006918907165527344
20250723_235637_522,22,15,15,-24.7,24.987468277847327,-77.45266609191894,-77.45266609191894,0.10288476943969727,0.10202789306640625,15,15,YOLO,1,32,0,24.987468277847327,0,[],0.10255813598632812,0.05046224594116211,0.05045723915100098,0.0003845691680908203,0.0007193088531494141
20250723_235637_729,22,15,15,-24.7,23.72652691440794,-78.7176513671875,-78.7176513671875,0.10087323188781738,0.15842747688293457,15,15,YOLO,1,32,0,23.72652691440794,0,[],0.10055327415466309,0.050486087799072266,0.05047869682312012,0.056751251220703125,0.0007050037384033203
20250723_235637_989,22,15,15,-24.7,23.829936482943623,-78.66161727905273,-78.66161727905273,0.10097408294677734,0.10202336311340332,15,15,YOLO,1,32,0,23.829936482943623,0,[],0.10068631172180176,0.05045509338378906,0.05041933059692383,0.0004260540008544922,0.0007171630859375
20250723_235638_194,22,15,15,-24.7,23.63090576009735,-78.71753768920898,-78.71753768920898,0.10297060012817383,0.15867090225219727,15,15,YOLO,1,32,0,23.63090576009735,0,[],0.10266256332397461,0.05044913291931152,0.05041360855102539,0.05678057670593262,0.0010199546813964844
20250723_235638_459,22,15,15,-24.7,23.78380131258446,-78.64425086975098,-78.64425086975098,0.10441255569458008,0.10197591781616211,15,15,YOLO,1,32,0,23.78380131258446,0,[],0.10337615013122559,0.05045056343078613,0.05041956901550293,0.00039315223693847656,0.0007066726684570312
20250723_235638_666,22,15,15,-24.7,23.7351645600681,-78.68683013916015,-78.68683013916015,0.1020970344543457,0.15845894813537598,15,15,YOLO,1,32,0,23.7351645600681,0,[],0.10178947448730469,0.05048871040344238,0.050472259521484375,0.05675172805786133,0.00074005126953125
20250723_235638_928,22,15,15,-24.7,23.885977973333297,-78.60758323669434,-78.60758323669434,0.10149502754211426,0.10200834274291992,15,15,YOLO,1,32,0,23.885977973333297,0,[],0.1011497974395752,0.050466060638427734,0.050461530685424805,0.00038695335388183594,0.0006866455078125
20250723_235639_133,22,NO_RADIO,15,-24.7,23.90664328508754,-78.5423355102539,-78.5423355102539,0.09798765182495117,0.15842676162719727,15,,CenterFallback,1,32,0,,,[],0.09765028953552246,0.05045318603515625,0.0504608154296875,0.0567326545715332,0.0007259845733642578
20250723_235639_391,22,15,15,-24.7,23.865670662363414,-78.60743560791016,-78.60743560791016,0.10154438018798828,0.10202693939208984,15,15,YOLO,1,32,0,23.865670662363414,0,[],0.10123395919799805,0.05046391487121582,0.050461769104003906,0.0004031658172607422,0.0006921291351318359
20250723_235639_596,22,NO_RADIO,15,-24.7,24.27785132059192,-78.20620727539062,-78.20620727539062,0.10070443153381348,0.1583552360534668,15,,CenterFallback,1,32,0,,,[],0.10039424896240234,0.05040121078491211,0.050458431243896484,0.05674242973327637,0.0007007122039794922
20250723_235639_857,22,15,15,-24.7,24.513784362702268,-78.02898292541504,-78.02898292541504,0.10106539726257324,0.10199928283691406,15,15,YOLO,1,32,0,24.513784362702268,0,[],0.10073494911193848,0.05043363571166992,0.05047464370727539,0.0004057884216308594,0.0006792545318603516
20250723_235640_062,22,15,15,-24.7,24.77133699363722,-77.7601203918457,-77.7601203918457,0.10078310966491699,0.15837621688842773,15,15,YOLO,1,32,0,24.77133699363722,0,[],0.10047006607055664,0.05044221878051758,0.050481319427490234,0.05672144889831543,0.0007255077362060547
20250723_235640_322,22,15,15,-24.7,24.699545109849396,-77.82607688903809,-77.82607688903809,0.10173439979553223,0.10195493698120117,15,15,YOLO,1,32,0,24.699545109849396,0,[],0.10139346122741699,0.05042290687561035,0.050431251525878906,0.00039696693420410156,0.0006978511810302734
20250723_235640_528,22,14,14,-26.1,26.14923621798171,-76.38106651306153,-76.38106651306153,0.10115289688110352,0.15843629837036133,14,14,YOLO,1,32,0,26.14923621798171,0,[],0.10083365440368652,0.050445556640625,0.05046415328979492,0.05680227279663086,0.0007176399230957031
20250723_235640_789,22,14,14,-26.1,25.7123120083415,-76.7132080078125,-76.7132080078125,0.10255742073059082,0.1020050048828125,14,14,YOLO,1,32,0,25.7123120083415,0,[],0.10220551490783691,0.05045604705810547,0.050467491149902344,0.0003986358642578125,0.0006766319274902344
20250723_235640_995,22,14,14,-26.1,25.923321386821016,-76.55562591552734,-76.55562591552734,0.10301780700683594,0.15840840339660645,14,14,YOLO,1,32,0,25.923321386821016,0,[],0.10270071029663086,0.050466299057006836,0.050454139709472656,0.056763648986816406,0.0007174015045166016
20250723_235641_258,22,NO_RADIO,14,-26.1,25.871828058719245,-76.55516548156739,-76.55516548156739,0.10135316848754883,0.10214805603027344,14,,CenterFallback,1,32,0,,,[],0.10101723670959473,0.05048727989196777,0.050499677658081055,0.0004062652587890625,0.0007059574127197266
20250723_235641_463,23,14,14,-26.1,24.875315607801184,-77.55199661254883,-77.55199661254883,0.10003304481506348,0.15839219093322754,14,14,YOLO,1,32,0,24.875315607801184,0,[],0.09972333908081055,0.050458669662475586,0.05047941207885742,0.05674386024475098,0.0007028579711914062
20250723_235641_723,23,14,14,-26.1,24.646335875872296,-77.72258148193359,-77.72258148193359,0.10204696655273438,0.10206770896911621,14,14,YOLO,1,32,0,24.646335875872296,0,[],0.10170507431030273,0.050487518310546875,0.05047774314880371,0.0003974437713623047,0.0006985664367675781
20250723_235641_929,23,14,14,-26.1,25.01200367026391,-77.4080020904541,-77.4080020904541,0.10167193412780762,0.1583406925201416,14,14,YOLO,1,32,0,25.01200367026391,0,[],0.10132598876953125,0.050464630126953125,0.0504453182220459,0.056702375411987305,0.0007216930389404297
20250723_235642_190,23,NO_RADIO,14,-26.1,24.96454428788377,-77.49862861633301,-77.49862861633301,0.1033024787902832,0.10206842422485352,14,,CenterFallback,1,32,0,,,[],0.1029815673828125,0.05042862892150879,0.050464630126953125,0.0004029273986816406,0.000732421875
20250723_235642_397,23,14,14,-26.1,24.531750665731707,-77.84107666015625,-77.84107666015625,0.10212850570678711,0.15834474563598633,14,14,YOLO,1,32,0,24.531750665731707,0,[],0.10176873207092285,0.05044722557067871,0.05045676231384277,0.05671405792236328,0.0007197856903076172
20250723_235642_659,23,15,15,-24.7,24.614811247627003,-77.8661117553711,-77.8661117553711,0.1020193099975586,0.10210418701171875,15,15,YOLO,1,32,0,24.614811247627003,0,[],0.10170507431030273,0.05044198036193848,0.050455570220947266,0.0003974437713623047,0.0008029937744140625
20250723_235642_865,23,15,15,-24.7,22.55986133007194,-79.86627540588378,-79.86627540588378,0.10231804847717285,0.15871381759643555,15,15,YOLO,1,32,0,22.55986133007194,0,[],0.10197043418884277,0.050454139709472656,0.05046343803405762,0.0567777156829834,0.0010113716125488281
20250723_235643_128,23,15,15,-24.7,22.727350339894997,-79.79531517028809,-79.79531517028809,0.10176563262939453,0.10201334953308105,15,15,YOLO,1,32,0,22.727350339894997,0,[],0.10143375396728516,0.050458431243896484,0.05046796798706055,0.000385284423828125,0.0006959438323974609
20250723_235643_333,23,15,15,-24.7,22.453727761928576,-80.03092956542969,-80.03092956542969,0.10122942924499512,0.15845441818237305,15,15,YOLO,1,32,0,22.453727761928576,0,[],0.10089707374572754,0.05045962333679199,0.05045723915100098,0.05677914619445801,0.000751495361328125
20250723_235643_595,23,15,15,-24.7,22.295218138952634,-80.15537033081054,-80.15537033081054,0.1019279956817627,0.10202431678771973,15,15,YOLO,1,32,0,22.295218138952634,0,[],0.1016080379486084,0.05048036575317383,0.05046248435974121,0.00039458274841308594,0.0006816387176513672
20250723_235643_800,23,14,14,-26.1,25.047312923276834,-77.44346961975097,-77.44346961975097,0.10320758819580078,0.15839576721191406,14,14,YOLO,1,32,0,25.047312923276834,0,[],0.10286903381347656,0.0504610538482666,0.050435781478881836,0.05672717094421387,0.0007653236389160156
20250723_235644_063,23,14,14,-26.1,25.08949358626785,-77.45975151062012,-77.45975151062012,0.10294938087463379,0.10206317901611328,14,14,YOLO,1,32,0,25.08949358626785,0,[],0.1025996208190918,0.0504758358001709,0.05045175552368164,0.00039577484130859375,0.0007348060607910156
20250723_235644_270,23,15,15,-24.7,23.065706138392088,-79.37416152954101,-79.37416152954101,0.10322070121765137,0.15839052200317383,15,15,YOLO,1,32,0,23.065706138392088,0,[],0.10286879539489746,0.05048394203186035,0.050461530685424805,0.05672764778137207,0.0007073879241943359
20250723_235644_533,23,14,14,-26.1,22.86501049048519,-79.49562454223633,-79.49562454223633,0.10390377044677734,0.10216069221496582,14,14,YOLO,1,32,0,22.86501049048519,0,[],0.10356903076171875,0.05050802230834961,0.05048346519470215,0.000400543212890625,0.0007634162902832031
20250723_235644_741,23,14,14,-26.1,25.284316065880887,-77.15503120422363,-77.15503120422363,0.10119271278381348,0.15857195854187012,14,14,YOLO,1,32,0,25.284316065880887,0,[],0.10081744194030762,0.050571441650390625,0.0505218505859375,0.056714773178100586,0.0007512569427490234
20250723_235645_002,23,14,14,-26.1,25.23346966699745,-77.11971473693848,-77.11971473693848,0.10345149040222168,0.10200238227844238,14,14,YOLO,1,32,0,25.23346966699745,0,[],0.10315656661987305,0.05046892166137695,0.0504453182220459,0.0003979206085205078,0.0006854534149169922
20250723_235645_209,23,14,14,-26.1,24.77366343658518,-77.66447219848632,-77.66447219848632,0.10146069526672363,0.1584482192993164,14,14,YOLO,1,32,0,24.77366343658518,0,[],0.10110950469970703,0.05048847198486328,0.05048012733459473,0.056746482849121094,0.0007255077362060547
20250723_235645_471,24,14,14,-26.1,24.730381201722324,-77.60834999084473,-77.60834999084473,0.10415101051330566,0.10214042663574219,14,14,YOLO,1,32,0,24.730381201722324,0,[],0.10383844375610352,0.05058455467224121,0.0504453182220459,0.0003981590270996094,0.0007073879241943359
20250723_235645_678,24,14,14,-26.1,23.409360924624025,-79.03982658386231,-79.03982658386231,0.10121917724609375,0.1584336757659912,14,14,YOLO,1,32,0,23.409360924624025,0,[],0.10090875625610352,0.05045795440673828,0.050452470779418945,0.05676674842834473,0.0007498264312744141
20250723_235645_940,24,14,14,-26.1,23.53150516620802,-78.95993347167969,-78.95993347167969,0.10184645652770996,0.10208916664123535,14,14,YOLO,1,32,0,23.53150516620802,0,[],0.10154080390930176,0.050533294677734375,0.050452470779418945,0.00038504600524902344,0.0007123947143554688
20250723_235646_145,24,14,14,-26.1,23.79151367359445,-78.58594856262206,-78.58594856262206,0.10215401649475098,0.15872812271118164,14,14,YOLO,1,32,0,23.79151367359445,0,[],0.10182309150695801,0.05041933059692383,0.050435543060302734,0.05681180953979492,0.0010526180267333984
20250723_235646_408,24,14,14,-26.1,23.866146717702804,-78.65495796203614,-78.65495796203614,0.10190153121948242,0.10196304321289062,14,14,YOLO,1,32,0,23.866146717702804,0,[],0.10142326354980469,0.05044126510620117,0.05045151710510254,0.0003962516784667969,0.0006682872772216797
20250723_235646_614,24,14,14,-26.1,24.19190987140219,-78.33755493164062,-78.33755493164062,0.10263228416442871,0.15845894813537598,14,14,YOLO,1,32,0,24.19190987140219,0,[],0.1023104190826416,0.05044698715209961,0.0504758358001709,0.05680346488952637,0.0007252693176269531
20250723_235646_877,24,14,14,-26.1,24.06757492186783,-78.40796165466308,-78.40796165466308,0.10265469551086426,0.10199379920959473,14,14,YOLO,1,32,0,24.06757492186783,0,[],0.10229897499084473,0.05045771598815918,0.050444602966308594,0.00039315223693847656,0.0006933212280273438
20250723_235647_083,24,14,14,-26.1,24.457682202809025,-77.8457187652588,-77.8457187652588,0.1010582447052002,0.1583700180053711,14,14,YOLO,1,32,0,24.457682202809025,0,[],0.10074186325073242,0.05045771598815918,0.05046343803405762,0.056715965270996094,0.0007259845733642578
20250723_235647_344,24,14,14,-26.1,24.460754508296688,-78.01612434387206,-78.01612434387206,0.10397529602050781,0.10205554962158203,14,14,YOLO,1,32,0,24.460754508296688,0,[],0.10364484786987305,0.05045795440673828,0.050470829010009766,0.00040149688720703125,0.0007190704345703125
20250723_235647_551,24,14,14,-26.1,23.839484110952185,-78.6125415802002,-78.6125415802002,0.10289502143859863,0.1584932804107666,14,14,YOLO,1,32,0,23.839484110952185,0,[],0.10255813598632812,0.05046415328979492,0.05047726631164551,0.056755781173706055,0.000789642333984375
20250723_235647_814,24,14,14,-26.1,23.902222266950318,-78.51537170410157,-78.51537170410157,0.10326266288757324,0.10202789306640625,14,14,YOLO,1,32,0,23.902222266950318,0,[],0.10297060012817383,0.05047917366027832,0.0504298210144043,0.00039768218994140625,0.0007159709930419922
20250723_235648_021,24,14,14,-26.1,24.248263747681648,-78.25666770935058,-78.25666770935058,0.10235333442687988,0.1584455966949463,14,14,YOLO,1,32,0,24.248263747681648,0,[],0.10201239585876465,0.05048084259033203,0.050451040267944336,0.056726694107055664,0.0007796287536621094
20250723_235648_284,24,14,14,-26.1,24.299960584538837,-78.1712100982666,-78.1712100982666,0.10205316543579102,0.10208940505981445,14,14,YOLO,1,32,0,24.299960584538837,0,[],0.10168838500976562,0.05049777030944824,0.05045318603515625,0.00039887428283691406,0.0007338523864746094
20250723_235648_489,24,13,13,-27.6,24.750134564730587,-77.5103530883789,-77.5103530883789,0.10153603553771973,0.15839004516601562,13,13,YOLO,1,32,0,24.750134564730587,0,[],0.10119795799255371,0.050457000732421875,0.05046534538269043,0.05672717094421387,0.0007343292236328125
20250723_235648_751,24,13,13,-27.6,24.837198684899448,-77.57311782836913,-77.57311782836913,0.10215210914611816,0.10208344459533691,13,13,YOLO,1,32,0,24.837198684899448,0,[],0.10184025764465332,0.05043840408325195,0.050482988357543945,0.00040221214294433594,0.0007545948028564453
20250723_235648_957,24,13,13,-27.6,24.86431053390629,-77.66521415710449,-77.66521415710449,0.09856224060058594,0.15844130516052246,13,13,YOLO,1,32,0,24.86431053390629,0,[],0.09825682640075684,0.050458431243896484,0.05047774314880371,0.0567476749420166,0.0007500648498535156
20250723_235649_216,24,13,13,-27.6,24.70443599548915,-77.65021934509278,-77.65021934509278,0.09862470626831055,0.10205245018005371,13,13,YOLO,1,32,0,24.70443599548915,0,[],0.0982661247253418,0.050482749938964844,0.050438880920410156,0.0003962516784667969,0.0007290840148925781
20250723_235649_418,25,13,13,-27.6,23.779030997314408,-78.59127998352051,-78.59127998352051,0.10200357437133789,0.1583878993988037,13,13,YOLO,1,32,0,23.779030997314408,0,[],0.10162997245788574,0.05047011375427246,0.05046963691711426,0.05672717094421387,0.0007140636444091797
20250723_235649_680,25,13,13,-27.6,23.304911188806642,-79.12339782714844,-79.12339782714844,0.10181021690368652,0.10203313827514648,13,13,YOLO,1,32,0,23.304911188806642,0,[],0.10151934623718262,0.05043482780456543,0.05048346519470215,0.0003981590270996094,0.0007109642028808594
20250723_235649_885,25,13,13,-27.6,23.546351555205035,-78.90576858520508,-78.90576858520508,0.10091090202331543,0.15839552879333496,13,13,YOLO,1,32,0,23.546351555205035,0,[],0.10059833526611328,0.05046224594116211,0.050462961196899414,0.0567171573638916,0.0007462501525878906
20250723_235650_146,25,13,13,-27.6,23.57939493276666,-78.88483390808105,-78.88483390808105,0.10040044784545898,0.1020512580871582,13,13,YOLO,1,32,0,23.57939493276666,0,[],0.10003376007080078,0.0504298210144043,0.05051875114440918,0.0004012584686279297,0.0006966590881347656
20250723_235650_350,25,13,13,-27.6,23.528026412448796,-79.04781951904297,-79.04781951904297,0.10295796394348145,0.1584160327911377,13,13,YOLO,1,32,0,23.528026412448796,0,[],0.10261917114257812,0.050461769104003906,0.05048966407775879,0.056751251220703125,0.0007061958312988281
20250723_235650_613,25,13,13,-27.6,23.32927056215236,-79.04365615844726,-79.04365615844726,0.1006019115447998,0.10193014144897461,13,13,YOLO,1,32,0,23.32927056215236,0,[],0.10030698776245117,0.05043911933898926,0.05042910575866699,0.00037670135498046875,0.0006797313690185547
20250723_235650_817,25,13,13,-27.6,23.485006446342723,-78.81442947387696,-78.81442947387696,0.10207200050354004,0.15837621688842773,13,13,YOLO,1,32,0,23.485006446342723,0,[],0.10174703598022461,0.05048036575317383,0.05046486854553223,0.056714773178100586,0.0007090568542480469
20250723_235651_079,25,13,13,-27.6,23.410084767847025,-78.96602897644043,-78.96602897644043,0.10431432723999023,0.10203337669372559,13,13,YOLO,1,32,0,23.410084767847025,0,[],0.10404253005981445,0.050429582595825195,0.05043292045593262,0.0004036426544189453,0.0007622241973876953
20250723_235651_287,25,13,13,-27.6,23.31059780721138,-79.10098266601562,-79.10098266601562,0.10368466377258301,0.15848064422607422,13,13,YOLO,1,32,0,23.31059780721138,0,[],0.10331201553344727,0.050444602966308594,0.05045819282531738,0.05674386024475098,0.0008270740509033203
20250723_235651_551,25,13,13,-27.6,23.535087911557056,-79.01864166259766,-79.01864166259766,0.10252046585083008,0.1020207405090332,13,13,YOLO,1,32,0,23.535087911557056,0,[],0.10219049453735352,0.05043601989746094,0.05046343803405762,0.0003991127014160156,0.0007164478302001953
20250723_235651_757,25,13,13,-27.6,23.779097474703008,-78.68129920959473,-78.68129920959473,0.10146975517272949,0.15842556953430176,13,13,YOLO,1,32,0,23.779097474703008,0,[],0.10114073753356934,0.050458669662475586,0.05046653747558594,0.0567927360534668,0.0007009506225585938
20250723_235652_018,25,13,13,-27.6,23.732041448344773,-78.779341506958,-78.779341506958,0.10213756561279297,0.1020362377166748,13,13,YOLO,1,32,0,23.732041448344773,0,[],0.10182976722717285,0.050473928451538086,0.05045890808105469,0.0003962516784667969,0.000701904296875
20250723_235652_224,25,13,13,-27.6,23.45075600827691,-78.96085357666016,-78.96085357666016,0.09893918037414551,0.15835070610046387,13,13,YOLO,1,32,0,23.45075600827691,0,[],0.09864425659179688,0.05046868324279785,0.05044293403625488,0.05671572685241699,0.0007169246673583984
20250723_235652_483,25,12,12,-29.0,23.527616769022913,-78.78179931640625,-78.78179931640625,0.0876927375793457,0.1020650863647461,12,12,YOLO,1,32,0,23.527616769022913,0,[],0.08736944198608398,0.05048418045043945,0.050451040267944336,0.0003974437713623047,0.0007266998291015625
20250723_235652_674,25,12,12,-29.0,25.20329686743075,-77.2227684020996,-77.2227684020996,0.09919428825378418,0.15842485427856445,12,12,YOLO,1,32,0,25.20329686743075,0,[],0.09888815879821777,0.05047297477722168,0.0504450798034668,0.056769609451293945,0.0007309913635253906
20250723_235652_934,25,12,12,-29.0,25.15021707421613,-77.29686965942383,-77.29686965942383,0.10305380821228027,0.1020059585571289,12,12,YOLO,1,32,0,25.15021707421613,0,[],0.1027381420135498,0.05046200752258301,0.05044054985046387,0.0003986358642578125,0.0006985664367675781
20250723_235653_140,25,12,12,-29.0,25.318364634143535,-77.22582931518555,-77.22582931518555,0.10236406326293945,0.15839123725891113,12,12,YOLO,1,32,0,25.318364634143535,0,[],0.10205268859863281,0.05048012733459473,0.05045342445373535,0.05672883987426758,0.0007228851318359375
20250723_235653_403,25,12,12,-29.0,25.191339356854897,-77.26399192810058,-77.26399192810058,0.10376095771789551,0.10199189186096191,12,12,YOLO,1,32,0,25.191339356854897,0,[],0.10341095924377441,0.05044841766357422,0.05043339729309082,0.000392913818359375,0.0007107257843017578
20250723_235653_610,26,12,12,-29.0,24.44255697197994,-78.00605010986328,-78.00605010986328,0.10242247581481934,0.15848398208618164,12,12,YOLO,1,32,0,24.44255697197994,0,[],0.10209870338439941,0.0504610538482666,0.05047941207885742,0.056821584701538086,0.0007154941558837891
20250723_235653_872,26,12,12,-29.0,24.368841301116177,-78.12146949768066,-78.12146949768066,0.10332703590393066,0.10213041305541992,12,12,YOLO,1,32,0,24.368841301116177,0,[],0.10296392440795898,0.05047416687011719,0.05044269561767578,0.0004277229309082031,0.0007803440093994141
20250723_235654_079,26,12,12,-29.0,24.707309391810966,-77.7414321899414,-77.7414321899414,0.10318541526794434,0.15910601615905762,12,12,YOLO,1,32,0,24.707309391810966,0,[],0.10282683372497559,0.05051612854003906,0.05055499076843262,0.057190895080566406,0.0008323192596435547
20250723_235654_344,26,12,12,-29.0,24.928914250338963,-77.60787963867188,-77.60787963867188,0.1028141975402832,0.10204482078552246,12,12,YOLO,1,32,0,24.928914250338963,0,[],0.10231494903564453,0.05049610137939453,0.050463199615478516,0.0003948211669921875,0.0006844997406005859
20250723_235654_550,26,12,12,-29.0,24.948577347899842,-77.47604370117188,-77.47604370117188,0.10252737998962402,0.15865111351013184,12,12,YOLO,1,32,0,24.948577347899842,0,[],0.10219025611877441,0.05052781105041504,0.05056262016296387,0.05676460266113281,0.0007879734039306641
20250723_235654_813,26,12,12,-29.0,24.89810351297382,-77.59311752319336,-77.59311752319336,0.10361766815185547,0.1020514965057373,12,12,YOLO,1,32,0,24.89810351297382,0,[],0.10327816009521484,0.05046343803405762,0.05046701431274414,0.0004076957702636719,0.0007081031799316406
20250723_235655_020,26,12,12,-29.0,24.89439537182139,-77.60612487792969,-77.60612487792969,0.10119962692260742,0.15852808952331543,12,12,YOLO,1,32,0,24.89439537182139,0,[],0.1008455753326416,0.05051398277282715,0.05049562454223633,0.05678677558898926,0.0007240772247314453
20250723_235655_281,26,12,12,-29.0,24.94234674357901,-77.6096420288086,-77.6096420288086,0.09946823120117188,0.10217833518981934,12,12,YOLO,1,32,0,24.94234674357901,0,[],0.09914708137512207,0.050510406494140625,0.05047965049743652,0.0004394054412841797,0.0007436275482177734
20250723_235655_485,26,12,12,-29.0,25.057545648048432,-77.47055206298828,-77.47055206298828,0.09914541244506836,0.15836143493652344,12,12,YOLO,1,32,0,25.057545648048432,0,[],0.09881472587585449,0.05042767524719238,0.050458431243896484,0.056740760803222656,0.000728607177734375
20250723_235655_744,26,12,12,-29.0,25.00203499794985,-77.43550910949708,-77.43550910949708,0.10067510604858398,0.1020207405090332,12,12,YOLO,1,32,0,25.00203499794985,0,[],0.10036683082580566,0.050435781478881836,0.05045747756958008,0.0003943443298339844,0.0007274150848388672
20250723_235655_948,26,12,12,-29.0,24.727755888643998,-77.68536491394043,-77.68536491394043,0.10272860527038574,0.15845370292663574,12,12,YOLO,1,32,0,24.727755888643998,0,[],0.10236334800720215,0.050447940826416016,0.05045938491821289,0.05672192573547363,0.0008170604705810547
20250723_235656_211,26,12,12,-29.0,24.70880929199133,-77.7100601196289,-77.7100601196289,0.10486054420471191,0.10206437110900879,12,12,YOLO,1,32,0,24.70880929199133,0,[],0.10454678535461426,0.05046415328979492,0.050496578216552734,0.0004074573516845703,0.0006899833679199219
20250723_235656_419,26,12,12,-29.0,25.15143407717339,-77.38805618286133,-77.38805618286133,0.10301780700683594,0.15857338905334473,12,12,YOLO,1,32,0,25.15143407717339,0,[],0.10269713401794434,0.05042457580566406,0.05048179626464844,0.05681276321411133,0.00084686279296875
20250723_235656_683,26,11,11,-30.5,25.22975224328198,-77.30102996826172,-77.30102996826172,0.10460686683654785,0.10207343101501465,11,11,YOLO,1,32,0,25.22975224328198,0,[],0.10425472259521484,0.050452232360839844,0.05048823356628418,0.00040030479431152344,0.0007264614105224609
20250723_235656_891,26,12,12,-29.0,25.10828015152886,-77.39887657165528,-77.39887657165528,0.10290169715881348,0.15843749046325684,12,12,YOLO,1,32,0,25.10828015152886,0,[],0.10258984565734863,0.05045509338378906,0.05047035217285156,0.05673027038574219,0.0007746219635009766
20250723_235657_154,26,12,12,-29.0,25.151139666008262,-77.34103965759277,-77.34103965759277,0.10140872001647949,0.10226750373840332,12,12,YOLO,1,32,0,25.151139666008262,0,[],0.10105776786804199,0.050536155700683594,0.050518035888671875,0.0004057884216308594,0.0008008480072021484
20250723_235657_359,26,11,11,-30.5,25.549800252774943,-76.89966201782227,-76.89966201782227,0.10326099395751953,0.15835165977478027,11,11,YOLO,1,32,0,25.549800252774943,0,[],0.10290122032165527,0.050462961196899414,0.050446510314941406,0.05672335624694824,0.000713348388671875
20250723_235657_623,27,12,12,-29.0,25.050409425780032,-77.40628814697266,-77.40628814697266,0.10303711891174316,0.10204863548278809,12,12,YOLO,1,32,0,25.050409425780032,0,[],0.1027224063873291,0.050443410873413086,0.050473690032958984,0.0003981590270996094,0.0007276535034179688
20250723_235657_829,27,12,12,-29.0,23.880377400399,-78.51537170410157,-78.51537170410157,0.10274481773376465,0.15843939781188965,12,12,YOLO,1,32,0,23.880377400399,0,[],0.10242605209350586,0.05045461654663086,0.05045366287231445,0.056777238845825195,0.0007474422454833984
20250723_235658_092,27,12,12,-29.0,23.985029308381897,-78.5158790588379,-78.5158790588379,0.10368943214416504,0.10201621055603027,12,12,YOLO,1,32,0,23.985029308381897,0,[],0.1033942699432373,0.050473690032958984,0.050452470779418945,0.00040841102600097656,0.0006756782531738281
20250723_235658_299,27,12,12,-29.0,23.63038497022019,-78.87586097717285,-78.87586097717285,0.0868828296661377,0.1584186553955078,12,12,YOLO,1,32,0,23.63038497022019,0,[],0.0865635871887207,0.05048871040344238,0.05044746398925781,0.05674624443054199,0.0007290840148925781
20250723_235658_546,27,12,12,-29.0,23.782332221405227,-78.72645683288575,-78.72645683288575,0.1022481918334961,0.1020357608795166,12,12,YOLO,1,32,0,23.782332221405227,0,[],0.10191845893859863,0.050420522689819336,0.05049443244934082,0.0003993511199951172,0.0007150173187255859
20250723_235658_752,27,12,12,-29.0,24.103235721786035,-78.33755493164062,-78.33755493164062,0.10401225090026855,0.15842318534851074,12,12,YOLO,1,32,0,24.103235721786035,0,[],0.10370206832885742,0.0504758358001709,0.05044889450073242,0.056769371032714844,0.0007221698760986328
20250723_235659_016,27,12,12,-29.0,23.959253525329544,-78.54984397888184,-78.54984397888184,0.1037454605102539,0.10200285911560059,12,12,YOLO,1,32,0,23.959253525329544,0,[],0.10342764854431152,0.050435543060302734,0.05045890808105469,0.00040149688720703125,0.0007021427154541016
20250723_235659_223,27,12,12,-29.0,24.072688800886283,-78.32365036010742,-78.32365036010742,0.10308408737182617,0.15843486785888672,12,12,YOLO,1,32,0,24.072688800886283,0,[],0.1027212142944336,0.050451040267944336,0.05044150352478027,0.05672502517700195,0.0008087158203125
20250723_235659_486,27,12,12,-29.0,24.03979868597918,-78.42259941101074,-78.42259941101074,0.10280323028564453,0.10204005241394043,12,12,YOLO,1,32,0,24.03979868597918,0,[],0.10245585441589355,0.05046892166137695,0.050444841384887695,0.00039696693420410156,0.0007236003875732422
20250723_235659_693,27,12,12,-29.0,24.03123685234506,-78.4108901977539,-78.4108901977539,0.10302996635437012,0.15844416618347168,12,12,YOLO,1,32,0,24.03123685234506,0,[],0.10270857810974121,0.05049777030944824,0.05044722557067871,0.05677390098571777,0.0007185935974121094
20250723_235659_956,27,12,12,-29.0,24.122936167264825,-78.46798706054688,-78.46798706054688,0.1017148494720459,0.10205578804016113,12,12,YOLO,1,32,0,24.122936167264825,0,[],0.10137772560119629,0.05049943923950195,0.05043745040893555,0.0003955364227294922,0.0007162094116210938
20250723_235700_161,27,12,12,-29.0,24.37354417789645,-78.13377571105957,-78.13377571105957,0.10420107841491699,0.1584305763244629,12,12,YOLO,1,32,0,24.37354417789645,0,[],0.10387706756591797,0.05047488212585449,0.050515174865722656,0.05673623085021973,0.0006976127624511719
20250723_235700_425,27,12,12,-29.0,24.586758469171983,-77.81928749084473,-77.81928749084473,0.1022026538848877,0.10210824012756348,12,12,YOLO,1,32,0,24.586758469171983,0,[],0.10188770294189453,0.05048060417175293,0.050522804260253906,0.0003800392150878906,0.0007193088531494141
20250723_235700_631,27,11,11,-30.5,24.836245007661816,-77.58130989074706,-77.58130989074706,0.10376143455505371,0.1584007740020752,11,11,YOLO,1,32,0,24.836245007661816,0,[],0.10345029830932617,0.0504603385925293,0.05045795440673828,0.05674481391906738,0.0007317066192626953
20250723_235700_895,27,11,11,-30.5,24.85019985365541,-77.60550956726074,-77.60550956726074,0.10410857200622559,0.10194015502929688,11,11,YOLO,1,32,0,24.85019985365541,0,[],0.1037757396697998,0.05038571357727051,0.0504450798034668,0.000400543212890625,0.0007033348083496094
20250723_235701_103,27,11,11,-30.5,24.827946489132543,-77.70094604492188,-77.70094604492188,0.1014702320098877,0.158827543258667,11,11,YOLO,1,32,0,24.827946489132543,0,[],0.10113668441772461,0.05043768882751465,0.050455331802368164,0.05679154396057129,0.001134634017944336
20250723_235701_366,27,11,11,-30.5,24.70943493861739,-77.7100601196289,-77.7100601196289,0.10424685478210449,0.10264396667480469,11,11,YOLO,1,32,0,24.70943493861739,0,[],0.10386919975280762,0.050516366958618164,0.05053591728210449,0.0005793571472167969,0.0010061264038085938
20250723_235701_575,28,11,11,-30.5,23.616902758990605,-78.78488159179688,-78.78488159179688,0.10178756713867188,0.15845227241516113,11,11,YOLO,1,32,0,23.616902758990605,0,[],0.10134029388427734,0.050513505935668945,0.05045652389526367,0.056737422943115234,0.0007369518280029297
20250723_235701_837,28,11,11,-30.5,23.76005659890778,-78.72284736633301,-78.72284736633301,0.1069021224975586,0.10203170776367188,11,11,YOLO,1,32,0,23.76005659890778,0,[],0.10657453536987305,0.050454139709472656,0.050469398498535156,0.00040149688720703125,0.0007011890411376953
20250723_235702_048,28,11,11,-30.5,23.478763182146267,-79.1072811126709,-79.1072811126709,0.09944891929626465,0.15838098526000977,11,11,YOLO,1,32,0,23.478763182146267,0,[],0.09911370277404785,0.05044746398925781,0.05045342445373535,0.05674171447753906,0.0007314682006835938
20250723_235702_307,28,11,11,-30.5,23.38649792595895,-79.00213279724122,-79.00213279724122,0.10515761375427246,0.10199475288391113,11,11,YOLO,1,32,0,23.38649792595895,0,[],0.10482573509216309,0.050418853759765625,0.050452470779418945,0.000400543212890625,0.0007176399230957031
20250723_235702_516,28,11,11,-30.5,23.646117923783137,-78.7470932006836,-78.7470932006836,0.10329031944274902,0.15837430953979492,11,11,YOLO,1,32,0,23.646117923783137,0,[],0.10297369956970215,0.05044722557067871,0.05046200752258301,0.056738853454589844,0.0007193088531494141
20250723_235702_779,28,11,11,-30.5,24.076241105615622,-78.35760269165038,-78.35760269165038,0.10286474227905273,0.10202360153198242,11,11,YOLO,1,32,0,24.076241105615622,0,[],0.10252547264099121,0.050451040267944336,0.050441741943359375,0.0003917217254638672,0.0007338523864746094
20250723_235702_986,28,11,11,-30.5,24.155077424182593,-78.24669761657715,-78.24669761657715,0.10178852081298828,0.15835857391357422,11,11,YOLO,1,32,0,24.155077424182593,0,[],0.10145330429077148,0.05045437812805176,0.050409793853759766,0.0567784309387207,0.00070953369140625
20250723_235703_247,28,11,11,-30.5,24.12432882500299,-78.29994316101075,-78.29994316101075,0.10217475891113281,0.10221314430236816,11,11,YOLO,1,32,0,24.12432882500299,0,[],0.10185670852661133,0.050522565841674805,0.050490617752075195,0.00040650367736816406,0.0007872581481933594
20250723_235703_453,28,11,11,-30.5,24.371579496470872,-78.09445190429688,-78.09445190429688,0.10216021537780762,0.15833783149719238,11,11,YOLO,1,32,0,24.371579496470872,0,[],0.10182833671569824,0.05047202110290527,0.05040550231933594,0.056745290756225586,0.0007083415985107422
20250723_235703_715,28,11,11,-30.5,24.397120413513676,-78.06614379882812,-78.06614379882812,0.10104727745056152,0.10203862190246582,11,11,YOLO,1,32,0,24.397120413513676,0,[],0.1007392406463623,0.050443410873413086,0.05047798156738281,0.00041675567626953125,0.0006949901580810547
20250723_235703_920,28,11,11,-30.5,23.458450931972536,-78.9725788116455,-78.9725788116455,0.10291671752929688,0.15850305557250977,11,11,YOLO,1,32,0,23.458450931972536,0,[],0.10257363319396973,0.05046439170837402,0.050478219985961914,0.05675697326660156,0.0007951259613037109
20250723_235704_183,28,11,11,-30.5,23.452366037714725,-79.0375358581543,-79.0375358581543,0.1016228199005127,0.1019904613494873,11,11,YOLO,1,32,0,23.452366037714725,0,[],0.10129976272583008,0.050453901290893555,0.05045747756958008,0.00040030479431152344,0.0006730556488037109
20250723_235704_388,28,11,11,-30.5,23.874765372257002,-78.5656967163086,-78.5656967163086,0.09766960144042969,0.1584000587463379,11,11,YOLO,1,32,0,23.874765372257002,0,[],0.09733343124389648,0.050467729568481445,0.05047488212585449,0.05675363540649414,0.0006978511810302734
20250723_235704_646,28,10,10,-31.9,23.90517938157754,-78.5510425567627,-78.5510425567627,0.09731149673461914,0.10203361511230469,10,10,YOLO,1,32,0,23.90517938157754,0,[],0.09700703620910645,0.050446271896362305,0.05044984817504883,0.0004000663757324219,0.0007317066192626953
20250723_235704_847,28,10,10,-31.9,25.63914426061558,-76.84407806396484,-76.84407806396484,0.10393309593200684,0.15836000442504883,10,10,YOLO,1,32,0,25.63914426061558,0,[],0.10356426239013672,0.050457000732421875,0.050443410873413086,0.05672860145568848,0.0007238388061523438
20250723_235705_111,28,10,10,-31.9,25.869852458468216,-76.68005599975587,-76.68005599975587,0.10512590408325195,0.10204100608825684,10,10,YOLO,1,32,0,25.869852458468216,0,[],0.10481667518615723,0.05045366287231445,0.05047750473022461,0.0004012584686279297,0.0007035732269287109
20250723_235705_319,28,10,10,-31.9,25.33332241222108,-77.15956115722656,-77.15956115722656,0.10167479515075684,0.15836858749389648,10,10,YOLO,1,32,0,25.33332241222108,0,[],0.10135674476623535,0.05046558380126953,0.05046439170837402,0.05674028396606445,0.0006916522979736328
20250723_235705_581,29,NO_RADIO,10,-31.9,25.447341633021352,-77.13558959960938,-77.13558959960938,0.10177850723266602,0.10204911231994629,10,,CenterFallback,1,32,0,,,[],0.10138583183288574,0.05044126510620117,0.050435781478881836,0.00039076805114746094,0.0007445812225341797
20250723_235705_786,29,NO_RADIO,10,-31.9,24.650176379440694,-77.81953353881836,-77.81953353881836,0.10107421875,0.15845465660095215,10,,CenterFallback,1,32,0,,,[],0.10074853897094727,0.05045914649963379,0.0504755973815918,0.05672502517700195,0.0007421970367431641
20250723_235706_048,29,NO_RADIO,10,-31.9,24.515683611826333,-77.84001922607422,-77.84001922607422,0.10057282447814941,0.1020510196685791,10,,CenterFallback,1,32,0,,,[],0.10025548934936523,0.05045461654663086,0.050459861755371094,0.00039267539978027344,0.0007061958312988281
20250723_235706_252,29,11,11,-30.5,22.358630753197133,-80.13636093139648,-80.13636093139648,0.10355782508850098,0.15839195251464844,11,11,YOLO,1,32,0,22.358630753197133,0,[],0.10322332382202148,0.050461769104003906,0.05045914649963379,0.05673670768737793,0.0007274150848388672
20250723_235706_515,29,11,11,-30.5,22.295121182638482,-80.18066787719727,-80.18066787719727,0.10248541831970215,0.10202145576477051,11,11,YOLO,1,32,0,22.295121182638482,0,[],0.10216569900512695,0.05046963691711426,0.05046200752258301,0.0004024505615234375,0.0006821155548095703
20250723_235706_721,29,10,10,-31.9,24.902338406455016,-77.67629051208496,-77.67629051208496,0.10096383094787598,0.15846586227416992,10,10,YOLO,1,32,0,24.902338406455016,0,[],0.10065960884094238,0.0504610538482666,0.05049753189086914,0.056752920150756836,0.0007476806640625
20250723_235706_982,29,10,10,-31.9,25.038653435419192,-77.36326141357422,-77.36326141357422,0.1025857925415039,0.10202908515930176,10,10,YOLO,1,32,0,25.038653435419192,0,[],0.10229253768920898,0.05042600631713867,0.05045652389526367,0.00039768218994140625,0.0007433891296386719
20250723_235707_189,29,10,10,-31.9,24.78627656898159,-77.70828857421876,-77.70828857421876,0.10289692878723145,0.15837931632995605,10,10,YOLO,1,32,0,24.78627656898159,0,[],0.10253715515136719,0.05044269561767578,0.05045676231384277,0.056749582290649414,0.0007236003875732422
20250723_235707_451,29,10,10,-31.9,24.826414728572132,-77.59381866455078,-77.59381866455078,0.10262823104858398,0.10204148292541504,10,10,YOLO,1,32,0,24.826414728572132,0,[],0.10232353210449219,0.050458431243896484,0.050482749938964844,0.00039196014404296875,0.0007026195526123047
20250723_235707_658,29,11,11,-30.5,22.89550618120326,-79.49200096130372,-79.49200096130372,0.10111403465270996,0.15845394134521484,11,11,YOLO,1,32,0,22.89550618120326,0,[],0.10079073905944824,0.0504457950592041,0.050475358963012695,0.05673789978027344,0.0007884502410888672
20250723_235707_919,29,NO_RADIO,11,-30.5,22.94412773721963,-79.51143913269043,-79.51143913269043,0.10244178771972656,0.10211539268493652,11,,CenterFallback,1,32,0,,,[],0.10207724571228027,0.050499916076660156,0.0504605770111084,0.0003972053527832031,0.0007166862487792969
20250723_235708_125,29,NO_RADIO,11,-30.5,23.06559874626582,-79.46797180175781,-79.46797180175781,0.1005702018737793,0.15843701362609863,11,,CenterFallback,1,32,0,,,[],0.10025310516357422,0.0504460334777832,0.05046844482421875,0.05674886703491211,0.0007200241088867188
20250723_235708_385,29,10,10,-31.9,22.779221456827187,-79.47698974609375,-79.47698974609375,0.10302114486694336,0.10203027725219727,10,10,YOLO,1,32,0,22.779221456827187,0,[],0.10266375541687012,0.05044198036193848,0.05045652389526367,0.00039839744567871094,0.0007266998291015625
20250723_235708_592,29,10,10,-31.9,24.743772352020912,-77.80301666259766,-77.80301666259766,0.10430788993835449,0.1583414077758789,10,10,YOLO,1,32,0,24.743772352020912,0,[],0.10399818420410156,0.050435543060302734,0.050440311431884766,0.05676102638244629,0.0006983280181884766
20250723_235708_856,29,10,10,-31.9,24.701547014332405,-77.66630821228027,-77.66630821228027,0.1063539981842041,0.10205507278442383,10,10,YOLO,1,32,0,24.701547014332405,0,[],0.10599613189697266,0.05048012733459473,0.05045175552368164,0.00040459632873535156,0.0007135868072509766
20250723_235709_066,29,10,10,-31.9,24.563612978671856,-77.88578796386719,-77.88578796386719,0.10240530967712402,0.1584181785583496,10,10,YOLO,1,32,0,24.563612978671856,0,[],0.10205483436584473,0.05045771598815918,0.0504910945892334,0.05673980712890625,0.0007236003875732422
20250723_235709_329,29,10,10,-31.9,24.649912867614873,-77.82657127380371,-77.82657127380371,0.1026453971862793,0.10206413269042969,10,10,YOLO,1,32,0,24.649912867614873,0,[],0.10231161117553711,0.05045747756958008,0.05047321319580078,0.0004100799560546875,0.0007181167602539062
20250723_235709_535,30,9,9,-33.4,24.676995190011908,-77.72369651794433,-77.72369651794433,0.10180807113647461,0.1584920883178711,9,9,YOLO,1,32,0,24.676995190011908,0,[],0.10145306587219238,0.050467491149902344,0.05049538612365723,0.05678915977478027,0.0007336139678955078
20250723_235709_797,30,10,10,-31.9,24.545411018082092,-77.91036071777344,-77.91036071777344,0.10239267349243164,0.10204863548278809,10,10,YOLO,1,32,0,24.545411018082092,0,[],0.10205411911010742,0.05049586296081543,0.0504302978515625,0.0003914833068847656,0.0007262229919433594
20250723_235710_003,30,10,10,-31.9,23.6649929993942,-78.80335922241211,-78.80335922241211,0.10173225402832031,0.158583402633667,10,10,YOLO,1,32,0,23.6649929993942,0,[],0.10140109062194824,0.05050396919250488,0.0504612922668457,0.05675816535949707,0.0008518695831298828
20250723_235710_265,30,10,10,-31.9,23.8522543511384,-78.6209487915039,-78.6209487915039,0.10245490074157715,0.10211372375488281,10,10,YOLO,1,32,0,23.8522543511384,0,[],0.10164165496826172,0.0504765510559082,0.05049705505371094,0.00039649009704589844,0.0007374286651611328
20250723_235710_471,30,10,10,-31.9,23.658817903160553,-78.7625717163086,-78.7625717163086,0.10265016555786133,0.15872955322265625,10,10,YOLO,1,32,0,23.658817903160553,0,[],0.10231709480285645,0.05045938491821289,0.05047106742858887,0.05675458908081055,0.0010364055633544922
20250723_235710_735,30,10,10,-31.9,23.525067704833646,-78.83946113586425,-78.83946113586425,0.10359930992126465,0.10199666023254395,10,10,YOLO,1,32,0,23.525067704833646,0,[],0.10332560539245605,0.05046224594116211,0.050431013107299805,0.00041675567626953125,0.0006816387176513672
20250723_235710_942,30,10,10,-31.9,24.06974314654211,-78.44354820251465,-78.44354820251465,0.10233497619628906,0.15827679634094238,10,10,YOLO,1,32,0,24.06974314654211,0,[],0.10199284553527832,0.050412893295288086,0.05041646957397461,0.05673336982727051,0.0007059574127197266
20250723_235711_204,30,10,10,-31.9,23.971413123165007,-78.46748657226563,-78.46748657226563,0.10545825958251953,0.10209894180297852,10,10,YOLO,1,32,0,23.971413123165007,0,[],0.10513854026794434,0.05046510696411133,0.05050826072692871,0.0004055500030517578,0.0007138252258300781
20250723_235711_413,30,10,10,-31.9,23.570440057282056,-78.88530616760254,-78.88530616760254,0.10212850570678711,0.1583237648010254,10,10,YOLO,1,32,0,23.570440057282056,0,[],0.10181188583374023,0.05044388771057129,0.05040931701660156,0.056737661361694336,0.0007259845733642578
20250723_235711_675,30,10,10,-31.9,23.763360759508174,-78.70392036437988,-78.70392036437988,0.102783203125,0.10207605361938477,10,10,YOLO,1,32,0,23.763360759508174,0,[],0.1024789810180664,0.05043315887451172,0.05050373077392578,0.0003941059112548828,0.0007398128509521484
20250723_235711_882,30,10,10,-31.9,23.626196555064936,-78.7176513671875,-78.7176513671875,0.10234260559082031,0.1584012508392334,10,10,YOLO,1,32,0,23.626196555064936,0,[],0.10200762748718262,0.05046844482421875,0.050469398498535156,0.05676698684692383,0.0006895065307617188
20250723_235712_144,30,10,10,-31.9,23.577347496839792,-78.87586097717285,-78.87586097717285,0.10434174537658691,0.10199809074401855,10,10,YOLO,1,32,0,23.577347496839792,0,[],0.10400533676147461,0.0504457950592041,0.05044245719909668,0.00040030479431152344,0.0007038116455078125
20250723_235712_352,30,10,10,-31.9,23.293738312248195,-79.23531379699708,-79.23531379699708,0.09885692596435547,0.15851092338562012,10,10,YOLO,1,32,0,23.293738312248195,0,[],0.09854984283447266,0.05049252510070801,0.05048727989196777,0.05677938461303711,0.0007445812225341797
20250723_235712_611,30,8,8,-34.8,23.401144928308952,-79.13052253723144,-79.13052253723144,0.10189652442932129,0.10197019577026367,8,8,YOLO,1,32,0,23.401144928308952,0,[],0.1015775203704834,0.05044722557067871,0.05040454864501953,0.000396728515625,0.0007169246673583984
20250723_235712_816,30,8,8,-34.8,25.373552993996157,-76.96053123474121,-76.96053123474121,0.10338568687438965,0.15845417976379395,8,8,YOLO,1,32,0,25.373552993996157,0,[],0.10306239128112793,0.05048990249633789,0.05047488212585449,0.05675101280212402,0.000732421875
20250723_235713_080,30,9,9,-33.4,25.28250760795595,-77.10810279846191,-77.10810279846191,0.10535168647766113,0.10202527046203613,9,9,YOLO,1,32,0,25.28250760795595,0,[],0.10502338409423828,0.05043935775756836,0.0504755973815918,0.0004000663757324219,0.0007042884826660156
20250723_235713_289,30,9,9,-33.4,25.108160839887645,-77.38521575927734,-77.38521575927734,0.10256338119506836,0.15841078758239746,9,9,YOLO,1,32,0,25.108160839887645,0,[],0.10223817825317383,0.050460100173950195,0.050482988357543945,0.056715965270996094,0.0007450580596923828
20250723_235713_551,31,9,9,-33.4,25.33415806648837,-77.19925041198731,-77.19925041198731,0.10452842712402344,0.10201883316040039,9,9,YOLO,1,32,0,25.33415806648837,0,[],0.10410380363464355,0.05043482780456543,0.050429582595825195,0.00039649009704589844,0.0007526874542236328
20250723_235713_759,31,9,9,-33.4,23.731472441919692,-78.67484512329102,-78.67484512329102,0.10201478004455566,0.15839672088623047,9,9,YOLO,1,32,0,23.731472441919692,0,[],0.1016697883605957,0.050475358963012695,0.050510406494140625,0.05669450759887695,0.0007097721099853516
20250723_235714_021,31,9,9,-33.4,23.86196938632834,-78.5673454284668,-78.5673454284668,0.1044163703918457,0.10205435752868652,9,9,YOLO,1,32,0,23.86196938632834,0,[],0.10414409637451172,0.05049920082092285,0.05044984817504883,0.0004017353057861328,0.0006983280181884766
20250723_235714_230,31,9,9,-33.4,24.19148310410148,-78.33929061889648,-78.33929061889648,0.10262131690979004,0.15841937065124512,9,9,YOLO,1,32,0,24.19148310410148,0,[],0.10227036476135254,0.050484418869018555,0.05045676231384277,0.05676007270812988,0.0007112026214599609
20250723_235714_492,31,9,9,-33.4,24.2657147101813,-78.25683784484863,-78.25683784484863,0.10333466529846191,0.10214400291442871,9,9,YOLO,1,32,0,24.2657147101813,0,[],0.10303139686584473,0.050461530685424805,0.05050539970397949,0.0004038810729980469,0.0007679462432861328
20250723_235714_699,31,9,9,-33.4,24.651597518884458,-77.76316108703614,-77.76316108703614,0.10197830200195312,0.15843558311462402,9,9,YOLO,1,32,0,24.651597518884458,0,[],0.10163140296936035,0.05045509338378906,0.05048394203186035,0.05677151679992676,0.0007176399230957031
20250723_235714_961,31,9,9,-33.4,24.65871115577066,-77.72505264282226,-77.72505264282226,0.10483121871948242,0.10206317901611328,9,9,YOLO,1,32,0,24.65871115577066,0,[],0.10452747344970703,0.05050492286682129,0.050440311431884766,0.0004019737243652344,0.0007088184356689453
20250723_235715_170,31,9,9,-33.4,24.615667812873127,-77.94191551208496,-77.94191551208496,0.10403656959533691,0.15841078758239746,9,9,YOLO,1,32,0,24.615667812873127,0,[],0.10370254516601562,0.05045938491821289,0.050446510314941406,0.05678725242614746,0.00070953369140625
20250723_235715_434,31,9,9,-33.4,24.58587555647553,-77.85363502502442,-77.85363502502442,0.10317707061767578,0.1020040512084961,9,9,YOLO,1,32,0,24.58587555647553,0,[],0.10282325744628906,0.0504457950592041,0.05047488212585449,0.00039386749267578125,0.0006835460662841797
20250723_235715_641,31,9,9,-33.4,24.782483288569523,-77.757808303833,-77.757808303833,0.10209274291992188,0.1583878993988037,9,9,YOLO,1,32,0,24.782483288569523,0,[],0.1017911434173584,0.050436973571777344,0.05044293403625488,0.056745290756225586,0.0007548332214355469
20250723_235715_903,31,9,9,-33.4,24.678896865526113,-77.76316108703614,-77.76316108703614,0.1044912338256836,0.1020205020904541,9,9,YOLO,1,32,0,24.678896865526113,0,[],0.10414314270019531,0.05045723915100098,0.0504148006439209,0.00039839744567871094,0.0007448196411132812
20250723_235716_111,31,9,9,-33.4,24.897780405992194,-77.63851928710938,-77.63851928710938,0.1044464111328125,0.1583542823791504,9,9,YOLO,1,32,0,24.897780405992194,0,[],0.10413408279418945,0.050469398498535156,0.05044198036193848,0.0567317008972168,0.0007050037384033203
20250723_235716_375,31,9,9,-33.4,24.62460853217769,-77.80028419494629,-77.80028419494629,0.1017920970916748,0.10200953483581543,9,9,YOLO,1,32,0,24.62460853217769,0,[],0.10144400596618652,0.05047202110290527,0.05043840408325195,0.0004029273986816406,0.0006909370422363281
20250723_235716_581,31,8,8,-34.8,25.086667779621038,-77.52579269409179,-77.52579269409179,0.1022956371307373,0.15845608711242676,8,8,YOLO,1,32,0,25.086667779621038,0,[],0.10192251205444336,0.050504446029663086,0.05046224594116211,0.05676627159118652,0.0007162094116210938
20250723_235716_843,31,8,8,-34.8,25.315955081621183,-77.25293502807617,-77.25293502807617,0.10307002067565918,0.10193538665771484,8,8,YOLO,1,32,0,25.315955081621183,0,[],0.10272216796875,0.050418853759765625,0.050452470779418945,0.0003857612609863281,0.0006730556488037109
20250723_235717_049,31,8,8,-34.8,24.863691342656594,-77.57326316833496,-77.57326316833496,0.12501144409179688,0.15840649604797363,8,8,YOLO,1,32,0,24.863691342656594,0,[],0.1247551441192627,0.05044269561767578,0.0504453182220459,0.05678749084472656,0.0007240772247314453
20250723_235717_334,31,8,8,-34.8,24.749926479154126,-77.73822174072265,-77.73822174072265,0.1000983715057373,0.10201382637023926,8,8,YOLO,1,32,0,24.749926479154126,0,[],0.09981274604797363,0.0504603385925293,0.05042624473571777,0.0003948211669921875,0.0007255077362060547
20250723_235717_538,32,8,8,-34.8,24.037557306322483,-78.5418628692627,-78.5418628692627,0.1010584831237793,0.15840387344360352,8,8,YOLO,1,32,0,24.037557306322483,0,[],0.10074782371520996,0.050466060638427734,0.05047202110290527,0.056745290756225586,0.0007128715515136719
20250723_235717_799,32,8,8,-34.8,23.9864268974424,-78.45772743225098,-78.45772743225098,0.10099625587463379,0.10200381278991699,8,8,YOLO,1,32,0,23.9864268974424,0,[],0.10064959526062012,0.05046796798706055,0.050438880920410156,0.0003962516784667969,0.0006959438323974609
20250723_235718_004,32,8,8,-34.8,23.852825494986647,-78.64741859436035,-78.64741859436035,0.09609246253967285,0.15848135948181152,8,8,YOLO,1,32,0,23.852825494986647,0,[],0.09576964378356934,0.05049848556518555,0.05051302909851074,0.05674028396606445,0.0007233619689941406
20250723_235718_260,32,8,8,-34.8,24.071864842229132,-78.45797729492188,-78.45797729492188,0.1039586067199707,0.1020658016204834,8,8,YOLO,1,32,0,24.071864842229132,0,[],0.10358858108520508,0.05051875114440918,0.050470590591430664,0.0003924369812011719,0.0006794929504394531
20250723_235718_467,32,8,8,-34.8,23.80262978541323,-78.64547729492188,-78.64547729492188,0.10174798965454102,0.15846037864685059,8,8,YOLO,1,32,0,23.80262978541323,0,[],0.10144567489624023,0.05048966407775879,0.05045890808105469,0.05673933029174805,0.0007646083831787109
20250723_235718_729,32,NO_RADIO,8,-34.8,23.784128182330505,-78.66295776367187,-78.66295776367187,0.1009223461151123,0.10208368301391602,8,,CenterFallback,1,32,0,,,[],0.10059142112731934,0.050455570220947266,0.0504910945892334,0.0004029273986816406,0.0006957054138183594
20250723_235718_934,32,8,8,-34.8,24.024889620875328,-78.37344017028809,-78.37344017028809,0.10131096839904785,0.15871548652648926,8,8,YOLO,1,32,0,24.024889620875328,0,[],0.10099530220031738,0.05044889450073242,0.0504450798034668,0.05672860145568848,0.0010848045349121094
20250723_235719_196,32,8,8,-34.8,24.04477026487494,-78.41096115112305,-78.41096115112305,0.10021471977233887,0.1020498275756836,8,8,YOLO,1,32,0,24.04477026487494,0,[],0.09985661506652832,0.05045723915100098,0.05047941207885742,0.0003864765167236328,0.0007216930389404297
20250723_235719_400,32,NO_RADIO,8,-34.8,24.18916165699467,-78.20341339111329,-78.20341339111329,0.10120272636413574,0.1584463119506836,8,,CenterFallback,1,32,0,,,[],0.10092926025390625,0.05046439170837402,0.05044841766357422,0.05679059028625488,0.0006921291351318359
20250723_235719_661,32,8,8,-34.8,24.2659067684573,-78.24683380126953,-78.24683380126953,0.10493779182434082,0.10210394859313965,8,8,YOLO,1,32,0,24.2659067684573,0,[],0.10460519790649414,0.0504915714263916,0.05048394203186035,0.0004048347473144531,0.0007164478302001953
20250723_235719_870,32,8,8,-34.8,24.00223613505105,-78.42939834594726,-78.42939834594726,0.10111570358276367,0.15847253799438477,8,8,YOLO,1,32,0,24.00223613505105,0,[],0.10076189041137695,0.05045747756958008,0.050452470779418945,0.056791067123413086,0.0007638931274414062
20250723_235720_131,32,8,8,-34.8,24.10918522141411,-78.32375679016113,-78.32375679016113,0.10022878646850586,0.10201621055603027,8,8,YOLO,1,32,0,24.10918522141411,0,[],0.09988141059875488,0.05048203468322754,0.050440073013305664,0.0003895759582519531,0.000698089599609375
20250723_235720_335,32,8,8,-34.8,24.597834102998817,-77.8026180267334,-77.8026180267334,0.10126924514770508,0.15841984748840332,8,8,YOLO,1,32,0,24.597834102998817,0,[],0.10092759132385254,0.050460100173950195,0.05043792724609375,0.05674004554748535,0.0007750988006591797
20250723_235720_596,32,7,7,-36.3,24.394728223421538,-78.01119766235351,-78.01119766235351,0.10246396064758301,0.10199809074401855,7,7,YOLO,1,32,0,24.394728223421538,0,[],0.10211324691772461,0.050472259521484375,0.0504302978515625,0.00039196014404296875,0.0006978511810302734
20250723_235720_802,32,7,7,-36.3,26.240560767644283,-76.29748344421387,-76.29748344421387,0.10155248641967773,0.15844488143920898,7,7,YOLO,1,32,0,26.240560767644283,0,[],0.10120439529418945,0.050507545471191406,0.050463199615478516,0.05671858787536621,0.0007481575012207031
20250723_235721_064,32,7,7,-36.3,26.039951211940974,-76.37288093566895,-76.37288093566895,0.10516715049743652,0.10201573371887207,7,7,YOLO,1,32,0,26.039951211940974,0,[],0.10483694076538086,0.050462961196899414,0.05043625831604004,0.0003924369812011719,0.0007188320159912109
20250723_235721_273,32,7,7,-36.3,25.86590292647567,-76.70883369445801,-76.70883369445801,0.10233402252197266,0.15854954719543457,7,7,YOLO,1,32,0,25.86590292647567,0,[],0.10201478004455566,0.05045127868652344,0.050482749938964844,0.05675840377807617,0.0008494853973388672
20250723_235721_536,33,7,7,-36.3,25.9468098750378,-76.5850830078125,-76.5850830078125,0.10246849060058594,0.10261821746826172,7,7,YOLO,1,32,0,25.9468098750378,0,[],0.10204029083251953,0.05057525634765625,0.050519704818725586,0.0004115104675292969,0.0011043548583984375
20250723_235721_744,33,7,7,-36.3,25.192752573397897,-77.41187438964843,-77.41187438964843,0.10248923301696777,0.15865874290466309,7,7,YOLO,1,32,0,25.192752573397897,0,[],0.10188674926757812,0.05058598518371582,0.05050230026245117,0.05679464340209961,0.0007684230804443359
20250723_235722_006,33,7,7,-36.3,25.306585006850213,-77.29253234863282,-77.29253234863282,0.10207080841064453,0.10215497016906738,7,7,YOLO,1,32,0,25.306585006850213,0,[],0.10169768333435059,0.05048799514770508,0.05051708221435547,0.00041794776916503906,0.00072479248046875
20250723_235722_212,33,7,7,-36.3,25.456495681699053,-76.92803268432617,-76.92803268432617,0.10265493392944336,0.15885066986083984,7,7,YOLO,1,32,0,25.456495681699053,0,[],0.10234475135803223,0.050537109375,0.05046391487121582,0.05674433708190918,0.0010967254638671875
20250723_235722_476,33,8,8,-34.8,25.452385731670518,-77.0774154663086,-77.0774154663086,0.10419392585754395,0.10251426696777344,8,8,YOLO,1,32,0,25.452385731670518,0,[],0.10381126403808594,0.0505518913269043,0.05051231384277344,0.0004143714904785156,0.0010292530059814453
20250723_235722_685,33,8,8,-34.8,23.304577509322982,-79.17013168334961,-79.17013168334961,0.10330319404602051,0.1589646339416504,8,8,YOLO,1,32,0,23.304577509322982,0,[],0.10294246673583984,0.05070209503173828,0.050604820251464844,0.05675983428955078,0.0008783340454101562
20250723_235722_949,33,8,8,-34.8,23.087260414050604,-79.3646484375,-79.3646484375,0.1026763916015625,0.1022484302520752,8,8,YOLO,1,32,0,23.087260414050604,0,[],0.10228753089904785,0.05052757263183594,0.05048823356628418,0.0004436969757080078,0.0007832050323486328
20250723_235723_155,33,8,8,-34.8,23.431237790169078,-79.0554744720459,-79.0554744720459,0.09980607032775879,0.15854287147521973,8,8,YOLO,1,32,0,23.431237790169078,0,[],0.09942245483398438,0.05055546760559082,0.05046963691711426,0.05676412582397461,0.0007462501525878906
20250723_235723_415,33,8,8,-34.8,23.345491559299205,-79.09461402893066,-79.09461402893066,0.10055661201477051,0.10198211669921875,8,8,YOLO,1,32,0,23.345491559299205,0,[],0.1002354621887207,0.05045509338378906,0.05043935775756836,0.0003955364227294922,0.0006866455078125
20250723_235723_619,33,8,8,-34.8,23.26137073345319,-79.14321365356446,-79.14321365356446,0.10155653953552246,0.15848040580749512,8,8,YOLO,1,32,0,23.26137073345319,0,[],0.10120868682861328,0.050473928451538086,0.05046868324279785,0.05682110786437988,0.0007102489471435547
20250723_235723_881,33,8,8,-34.8,23.48409037055893,-78.98980712890625,-78.98980712890625,0.10407757759094238,0.10200166702270508,8,8,YOLO,1,32,0,23.48409037055893,0,[],0.10376143455505371,0.05045914649963379,0.050440311431884766,0.0003974437713623047,0.0006988048553466797
20250723_235724_089,33,7,7,-36.3,25.96740072224506,-76.59867057800292,-76.59867057800292,0.10182476043701172,0.15874600410461426,7,7,YOLO,1,32,0,25.96740072224506,0,[],0.10150790214538574,0.05054306983947754,0.05049920082092285,0.056791067123413086,0.0009052753448486328
20250723_235724_351,33,8,8,-34.8,25.783968616893432,-76.6143840789795,-76.6143840789795,0.1047520637512207,0.10211706161499023,8,8,YOLO,1,32,0,25.783968616893432,0,[],0.10437726974487305,0.050496578216552734,0.050473928451538086,0.00041031837463378906,0.0007305145263671875
20250723_235724_560,33,7,7,-36.3,25.758206359556794,-76.66348686218262,-76.66348686218262,0.10239791870117188,0.1592271327972412,7,7,YOLO,1,32,0,25.758206359556794,0,[],0.10199356079101562,0.05063676834106445,0.051018714904785156,0.05677342414855957,0.0007910728454589844
20250723_235724_823,33,7,7,-36.3,25.701711912949648,-76.74343643188476,-76.74343643188476,0.10389566421508789,0.10207414627075195,7,7,YOLO,1,32,0,25.701711912949648,0,[],0.10350465774536133,0.050445556640625,0.05045771598815918,0.0003979206085205078,0.0007669925689697266
20250723_235725_030,33,7,7,-36.3,25.778849834936693,-76.7200927734375,-76.7200927734375,0.10202956199645996,0.15835833549499512,7,7,YOLO,1,32,0,25.778849834936693,0,[],0.10168719291687012,0.050435781478881836,0.050458669662475586,0.05673050880432129,0.0007269382476806641
20250723_235725_292,33,7,7,-36.3,25.827515277877595,-76.6736557006836,-76.6736557006836,0.10426545143127441,0.10210728645324707,7,7,YOLO,1,32,0,25.827515277877595,0,[],0.10395526885986328,0.05047297477722168,0.050470590591430664,0.0004353523254394531,0.0007221698760986328
20250723_235725_500,34,7,7,-36.3,24.342748739666035,-78.02151489257812,-78.02151489257812,0.10469341278076172,0.15845894813537598,7,7,YOLO,1,32,0,24.342748739666035,0,[],0.10435271263122559,0.05051231384277344,0.05043196678161621,0.0567777156829834,0.0007295608520507812
20250723_235725_765,34,7,7,-36.3,24.29181071180757,-78.16913681030273,-78.16913681030273,0.10224294662475586,0.10203099250793457,7,7,YOLO,1,32,0,24.29181071180757,0,[],0.10190057754516602,0.05048990249633789,0.050469398498535156,0.00039505958557128906,0.0006721019744873047
20250723_235725_971,34,7,7,-36.3,24.250236198510322,-78.18775520324706,-78.18775520324706,0.10116171836853027,0.15840625762939453,7,7,YOLO,1,32,0,24.250236198510322,0,[],0.1008293628692627,0.05045771598815918,0.050425052642822266,0.056774139404296875,0.0007426738739013672
20250723_235726_232,34,7,7,-36.3,24.26414725301815,-78.18711738586425,-78.18711738586425,0.10305190086364746,0.1020669937133789,7,7,YOLO,1,32,0,24.26414725301815,0,[],0.10273623466491699,0.05046820640563965,0.05045437812805176,0.0003955364227294922,0.0007417201995849609
20250723_235726_439,34,7,7,-36.3,24.54664023687647,-77.94134559631348,-77.94134559631348,0.09750580787658691,0.15872907638549805,7,7,YOLO,1,32,0,24.54664023687647,0,[],0.09719610214233398,0.05046725273132324,0.050437211990356445,0.056741952896118164,0.001074075698852539
20250723_235726_697,34,7,7,-36.3,24.58577899345977,-77.81279678344727,-77.81279678344727,0.10040020942687988,0.10211515426635742,7,7,YOLO,1,32,0,24.58577899345977,0,[],0.09983658790588379,0.0504758358001709,0.05049419403076172,0.0004086494445800781,0.0007307529449462891
20250723_235726_901,34,7,7,-36.3,24.788298038455125,-77.70018501281739,-77.70018501281739,0.10242915153503418,0.15841078758239746,7,7,YOLO,1,32,0,24.788298038455125,0,[],0.10208654403686523,0.050469160079956055,0.05046844482421875,0.05672621726989746,0.0007402896881103516
20250723_235727_164,34,7,7,-36.3,24.66067088002373,-77.82629432678223,-77.82629432678223,0.1267998218536377,0.10202693939208984,7,7,YOLO,1,32,0,24.66067088002373,0,[],0.12648534774780273,0.05045270919799805,0.05045962333679199,0.0003952980041503906,0.0007128715515136719
20250723_235727_394,34,7,7,-36.3,24.390632862610545,-77.94470977783203,-77.94470977783203,0.10245847702026367,0.158447265625,7,7,YOLO,1,32,0,24.390632862610545,0,[],0.1021430492401123,0.05047345161437988,0.050467729568481445,0.05675983428955078,0.0007398128509521484
20250723_235727_657,34,7,7,-36.3,24.437293345253124,-78.10563659667969,-78.10563659667969,0.10183286666870117,0.1022028923034668,7,7,YOLO,1,32,0,24.437293345253124,0,[],0.1015160083770752,0.050438642501831055,0.05068182945251465,0.00037789344787597656,0.0006988048553466797
20250723_235727_862,34,7,7,-36.3,24.07315829357853,-78.3395336151123,-78.3395336151123,0.10322237014770508,0.15837574005126953,7,7,YOLO,1,32,0,24.07315829357853,0,[],0.10290694236755371,0.0504300594329834,0.050429582595825195,0.05675983428955078,0.0007498264312744141
20250723_235728_126,34,7,7,-36.3,24.10225085692734,-78.4231990814209,-78.4231990814209,0.10164117813110352,0.10208249092102051,7,7,YOLO,1,32,0,24.10225085692734,0,[],0.10127615928649902,0.05047869682312012,0.05043911933898926,0.000392913818359375,0.0007665157318115234
20250723_235728_331,34,7,7,-36.3,24.45995932181711,-77.98351745605468,-77.98351745605468,0.10471034049987793,0.1584157943725586,7,7,YOLO,1,32,0,24.45995932181711,0,[],0.10435342788696289,0.050489187240600586,0.050415754318237305,0.05677533149719238,0.0007231235504150391
20250723_235728_596,34,6,6,-37.7,24.827124860411033,-77.66503601074218,-77.66503601074218,0.1030728816986084,0.10208559036254883,6,6,YOLO,1,32,0,24.827124860411033,0,[],0.10276389122009277,0.050455331802368164,0.05047798156738281,0.0004012584686279297,0.000743865966796875
20250723_235728_802,34,6,6,-37.7,25.286479573438,-77.13403511047363,-77.13403511047363,0.10130882263183594,0.15834450721740723,6,6,YOLO,1,32,0,25.286479573438,0,[],0.10099101066589355,0.050412654876708984,0.05045437812805176,0.05672597885131836,0.0007450580596923828
20250723_235729_063,34,6,6,-37.7,25.37648079210794,-77.02927894592285,-77.02927894592285,0.10350656509399414,0.10207462310791016,6,6,YOLO,1,32,0,25.37648079210794,0,[],0.10323691368103027,0.050467729568481445,0.05047273635864258,0.0003981590270996094,0.0007297992706298828
20250723_235729_271,34,6,6,-37.7,25.079821015489557,-77.435791015625,-77.435791015625,0.10132098197937012,0.15845465660095215,6,6,YOLO,1,32,0,25.079821015489557,0,[],0.10097169876098633,0.050481319427490234,0.050434112548828125,0.056791067123413086,0.0007412433624267578
20250723_235729_532,35,6,6,-37.7,25.133263142646086,-77.40142059326172,-77.40142059326172,0.10048842430114746,0.10207223892211914,6,6,YOLO,1,32,0,25.133263142646086,0,[],0.10017538070678711,0.0504605770111084,0.050463199615478516,0.0004012584686279297,0.0007414817810058594
20250723_235729_736,35,6,6,-37.7,24.139999134652157,-78.33686141967773,-78.33686141967773,0.10078024864196777,0.15848541259765625,6,6,YOLO,1,32,0,24.139999134652157,0,[],0.10048222541809082,0.050467491149902344,0.05049777030944824,0.05682063102722168,0.0006921291351318359
20250723_235729_997,35,6,6,-37.7,24.2104219826697,-78.32074241638183,-78.32074241638183,0.10319113731384277,0.10202884674072266,6,6,YOLO,1,32,0,24.2104219826697,0,[],0.10287594795227051,0.05044126510620117,0.05045652389526367,0.00040078163146972656,0.0007245540618896484
20250723_235730_204,35,6,6,-37.7,24.29531106988898,-78.19275703430176,-78.19275703430176,0.10395550727844238,0.1584634780883789,6,6,YOLO,1,32,0,24.29531106988898,0,[],0.10363173484802246,0.05045199394226074,0.05049252510070801,0.056757211685180664,0.0007545948028564453
20250723_235730_468,35,6,6,-37.7,24.375265608228062,-78.05470924377441,-78.05470924377441,0.09993314743041992,0.10198616981506348,6,6,YOLO,1,32,0,24.375265608228062,0,[],0.09962296485900879,0.05045723915100098,0.05045032501220703,0.0003981590270996094,0.0006749629974365234
20250723_235730_671,35,6,6,-37.7,24.330815051112964,-78.09117202758789,-78.09117202758789,0.10075974464416504,0.1584300994873047,6,6,YOLO,1,32,0,24.330815051112964,0,[],0.10043954849243164,0.050444841384887695,0.05047917366027832,0.05678224563598633,0.0007169246673583984
20250723_235730_932,35,6,6,-37.7,24.32178121284619,-78.11160278320312,-78.11160278320312,0.10324311256408691,0.10202288627624512,6,6,YOLO,1,32,0,24.32178121284619,0,[],0.10291624069213867,0.0504610538482666,0.05044960975646973,0.0003921985626220703,0.0007135868072509766
20250723_235731_139,35,6,6,-37.7,24.44260613228022,-78.0282699584961,-78.0282699584961,0.10181498527526855,0.15835189819335938,6,6,YOLO,1,32,0,24.44260613228022,0,[],0.10148310661315918,0.050455570220947266,0.050444602966308594,0.0567324161529541,0.0007114410400390625
20250723_235731_401,35,6,6,-37.7,24.39274574820928,-78.03911666870117,-78.03911666870117,0.10508060455322266,0.1020059585571289,6,6,YOLO,1,32,0,24.39274574820928,0,[],0.10479283332824707,0.05044269561767578,0.05046439170837402,0.0003972053527832031,0.0006961822509765625
20250723_235731_609,35,6,6,-37.7,24.55160019939477,-77.81024055480957,-77.81024055480957,0.1027061939239502,0.15842270851135254,6,6,YOLO,1,32,0,24.55160019939477,0,[],0.10235929489135742,0.05046582221984863,0.05045032501220703,0.05675148963928223,0.0007481575012207031
20250723_235731_872,35,6,6,-37.7,24.46052340537169,-77.96250915527344,-77.96250915527344,0.10287785530090332,0.10204839706420898,6,6,YOLO,1,32,0,24.46052340537169,0,[],0.10251069068908691,0.05044269561767578,0.05045652389526367,0.00039958953857421875,0.0007443428039550781
20250723_235732_079,35,6,6,-37.7,24.645999672991792,-77.85093269348144,-77.85093269348144,0.10249900817871094,0.15841984748840332,6,6,YOLO,1,32,0,24.645999672991792,0,[],0.10218596458435059,0.05045819282531738,0.0504605770111084,0.05674409866333008,0.0007464885711669922
20250723_235732_341,35,6,6,-37.7,24.799967448366786,-77.7140609741211,-77.7140609741211,0.10084915161132812,0.10203695297241211,6,6,YOLO,1,32,0,24.799967448366786,0,[],0.10051465034484863,0.050470829010009766,0.05047488212585449,0.0003972053527832031,0.0006885528564453125
20250723_235732_546,35,5,5,-39.2,25.28028732110934,-77.11687850952148,-77.11687850952148,0.10256195068359375,0.1584634780883789,5,5,YOLO,1,32,0,25.28028732110934,0,[],0.10219192504882812,0.05048108100891113,0.05044817924499512,0.05676913261413574,0.0007579326629638672
20250723_235732_809,35,5,5,-39.2,25.251533058638756,-77.12380409240723,-77.12380409240723,0.09328579902648926,0.10207939147949219,5,5,YOLO,1,32,0,25.251533058638756,0,[],0.09299731254577637,0.05044388771057129,0.05048871040344238,0.00040721893310546875,0.0007336139678955078
20250723_235733_006,35,5,5,-39.2,25.304697089433134,-77.09248771667481,-77.09248771667481,0.09833836555480957,0.15841460227966309,5,5,YOLO,1,32,0,25.304697089433134,0,[],0.09799695014953613,0.05043458938598633,0.05044388771057129,0.056795358657836914,0.0007333755493164062
20250723_235733_264,35,5,5,-39.2,25.42914512365573,-77.13327484130859,-77.13327484130859,0.1082603931427002,0.10204482078552246,5,5,YOLO,1,32,0,25.42914512365573,0,[],0.10791802406311035,0.05045056343078613,0.05045056343078613,0.0003962516784667969,0.0007419586181640625
20250723_235733_476,36,5,5,-39.2,24.114812843839616,-78.30038795471191,-78.30038795471191,0.10201025009155273,0.15842199325561523,5,5,YOLO,1,32,0,24.114812843839616,0,[],0.10167837142944336,0.05047440528869629,0.050493478775024414,0.05672883987426758,0.0007185935974121094
20250723_235733_738,36,6,6,-37.7,24.285376236558704,-78.23572463989258,-78.23572463989258,0.10159826278686523,0.10207462310791016,6,6,YOLO,1,32,0,24.285376236558704,0,[],0.10128068923950195,0.050466060638427734,0.0504608154296875,0.0004165172576904297,0.0007250308990478516
20250723_235733_943,36,6,6,-37.7,23.355885581306367,-79.08223571777344,-79.08223571777344,0.10245704650878906,0.15845370292663574,6,6,YOLO,1,32,0,23.355885581306367,0,[],0.10212922096252441,0.050459861755371094,0.05047035217285156,0.05675792694091797,0.0007574558258056641
20250723_235734_205,36,6,6,-37.7,23.338925245716666,-79.1382381439209,-79.1382381439209,0.10401058197021484,0.10218572616577148,6,6,YOLO,1,32,0,23.338925245716666,0,[],0.10368919372558594,0.05056142807006836,0.05048990249633789,0.0003981590270996094,0.0007302761077880859
20250723_235734_413,36,5,5,-39.2,24.543191461298463,-77.89383430480957,-77.89383430480957,0.10335803031921387,0.15881633758544922,5,5,YOLO,1,32,0,24.543191461298463,0,[],0.10302186012268066,0.050462961196899414,0.05045342445373535,0.05679583549499512,0.0010952949523925781
20250723_235734_678,36,5,5,-39.2,24.492905900271055,-77.87943840026855,-77.87943840026855,0.10380935668945312,0.10207343101501465,5,5,YOLO,1,32,0,24.492905900271055,0,[],0.10326886177062988,0.05044841766357422,0.05045938491821289,0.00040602684020996094,0.0007543563842773438
20250723_235734_885,36,5,5,-39.2,24.205511331818954,-78.395064163208,-78.395064163208,0.10553288459777832,0.15841245651245117,5,5,YOLO,1,32,0,24.205511331818954,0,[],0.10518431663513184,0.05044436454772949,0.05045127868652344,0.05676865577697754,0.0007417201995849609
20250723_235735_151,36,5,5,-39.2,24.170012230579076,-78.28825149536134,-78.28825149536134,0.10123586654663086,0.10218024253845215,5,5,YOLO,1,32,0,24.170012230579076,0,[],0.10086894035339355,0.05047273635864258,0.05045962333679199,0.00040030479431152344,0.0008418560028076172
20250723_235735_356,36,5,5,-39.2,24.82882804930061,-77.70276756286621,-77.70276756286621,0.10058736801147461,0.1584615707397461,5,5,YOLO,1,32,0,24.82882804930061,0,[],0.10026860237121582,0.050547122955322266,0.05046391487121582,0.05673646926879883,0.0007081031799316406
20250723_235735_617,36,5,5,-39.2,24.803351700702308,-77.6711654663086,-77.6711654663086,0.09896731376647949,0.10206747055053711,5,5,YOLO,1,32,0,24.803351700702308,0,[],0.09864568710327148,0.050443172454833984,0.05053853988647461,0.0003895759582519531,0.0006902217864990234
20250723_235735_819,36,5,5,-39.2,24.745064134216307,-77.72258148193359,-77.72258148193359,0.10181593894958496,0.15852952003479004,5,5,YOLO,1,32,0,24.745064134216307,0,[],0.10149335861206055,0.05053448677062988,0.0505216121673584,0.056764841079711914,0.0007009506225585938
20250723_235736_081,36,5,5,-39.2,24.788116563880493,-77.73897590637208,-77.73897590637208,0.10405659675598145,0.10198187828063965,5,5,YOLO,1,32,0,24.788116563880493,0,[],0.10374140739440918,0.050446271896362305,0.05044078826904297,0.0003974437713623047,0.000690460205078125
20250723_235736_289,36,5,5,-39.2,24.49054883438704,-77.96492996215821,-77.96492996215821,0.10185670852661133,0.15843701362609863,5,5,YOLO,1,32,0,24.49054883438704,0,[],0.10153412818908691,0.050462961196899414,0.050469398498535156,0.05676770210266113,0.0007302761077880859
20250723_235736_551,36,5,5,-39.2,24.611774043372407,-78.03342018127441,-78.03342018127441,0.10300326347351074,0.10208320617675781,5,5,YOLO,1,32,0,24.611774043372407,0,[],0.10269284248352051,0.05047917366027832,0.05047917366027832,0.0003955364227294922,0.0007131099700927734
20250723_235736_757,36,5,5,-39.2,24.86936056669623,-77.55884552001953,-77.55884552001953,0.10228419303894043,0.15839600563049316,5,5,YOLO,1,32,0,24.86936056669623,0,[],0.10193419456481934,0.050412893295288086,0.05049538612365723,0.05675649642944336,0.0007245540618896484
20250723_235737_019,36,5,5,-39.2,24.65867057881009,-77.77364349365234,-77.77364349365234,0.10482096672058105,0.10198688507080078,5,5,YOLO,1,32,0,24.65867057881009,0,[],0.10451388359069824,0.050441741943359375,0.05047965049743652,0.0003993511199951172,0.0006611347198486328
20250723_235737_228,36,5,5,-39.2,24.50981202263341,-77.92423248291016,-77.92423248291016,0.10166430473327637,0.15836691856384277,5,5,YOLO,1,32,0,24.50981202263341,0,[],0.1013791561126709,0.05044364929199219,0.05045294761657715,0.05674099922180176,0.0007219314575195312
20250723_235737_489,37,4,4,-40.6,24.39330183500698,-78.1514060974121,-78.1514060974121,0.10459685325622559,0.10200929641723633,4,4,YOLO,1,32,0,24.39330183500698,0,[],0.10428261756896973,0.050438642501831055,0.05046534538269043,0.00038361549377441406,0.0007164478302001953
20250723_235737_697,37,5,5,-39.2,23.755277221097074,-78.72801094055175,-78.72801094055175,0.10542583465576172,0.15844345092773438,5,5,YOLO,1,32,0,23.755277221097074,0,[],0.10506629943847656,0.05047774314880371,0.050417184829711914,0.05679011344909668,0.0007507801055908203
20250723_235737_963,37,5,5,-39.2,23.57508448097036,-78.85300827026367,-78.85300827026367,0.10583138465881348,0.10204434394836426,5,5,YOLO,1,32,0,23.57508448097036,0,[],0.10550189018249512,0.05047869682312012,0.05045461654663086,0.0004131793975830078,0.0006916522979736328
20250723_235738_172,37,5,5,-39.2,23.375351600789543,-79.13482055664062,-79.13482055664062,0.10206246376037598,0.15840697288513184,5,5,YOLO,1,32,0,23.375351600789543,0,[],0.1017298698425293,0.05044674873352051,0.050466299057006836,0.05673694610595703,0.0007500648498535156
20250723_235738_434,37,5,5,-39.2,22.66804105583539,-79.76148986816406,-79.76148986816406,0.10226559638977051,0.10205459594726562,5,5,YOLO,1,32,0,22.66804105583539,0,[],0.10190176963806152,0.05048012733459473,0.050462961196899414,0.00039768218994140625,0.0007081031799316406
20250723_235738_640,37,5,5,-39.2,23.880250694905186,-78.52490234375,-78.52490234375,0.09929776191711426,0.15839195251464844,5,5,YOLO,1,32,0,23.880250694905186,0,[],0.09898757934570312,0.05046844482421875,0.05044126510620117,0.05671834945678711,0.0007574558258056641
20250723_235738_900,37,5,5,-39.2,23.789344418480567,-78.6033374786377,-78.6033374786377,0.10024309158325195,0.10204958915710449,5,5,YOLO,1,32,0,23.789344418480567,0,[],0.0998830795288086,0.050438880920410156,0.05045819282531738,0.0003972053527832031,0.0007493495941162109
20250723_235739_103,37,5,5,-39.2,24.03426556156741,-78.37239379882813,-78.37239379882813,0.10131406784057617,0.15857458114624023,5,5,YOLO,1,32,0,24.03426556156741,0,[],0.1009988784790039,0.05047607421875,0.05047440528869629,0.05677032470703125,0.00084686279296875
20250723_235739_365,37,5,5,-39.2,24.00417944590643,-78.37102508544922,-78.37102508544922,0.1037282943725586,0.10202598571777344,5,5,YOLO,1,32,0,24.00417944590643,0,[],0.10338854789733887,0.05046272277832031,0.05045032501220703,0.00040030479431152344,0.0007073879241943359
20250723_235739_572,37,5,5,-39.2,23.9123374582,-78.53920936584473,-78.53920936584473,0.1027383804321289,0.15845131874084473,5,5,YOLO,1,32,0,23.9123374582,0,[],0.10239338874816895,0.050475120544433594,0.050436973571777344,0.05679965019226074,0.0007336139678955078
20250723_235739_835,37,5,5,-39.2,24.04887184014231,-78.49861869812011,-78.49861869812011,0.10308480262756348,0.10201501846313477,5,5,YOLO,1,32,0,24.04887184014231,0,[],0.10276222229003906,0.05046367645263672,0.05042672157287598,0.0004062652587890625,0.0007123947143554688
20250723_235740_042,37,5,5,-39.2,23.685188970840613,-78.72702293395996,-78.72702293395996,0.10215640068054199,0.15839529037475586,5,5,YOLO,1,32,0,23.685188970840613,0,[],0.10184216499328613,0.050478458404541016,0.05045819282531738,0.05672430992126465,0.0007276535034179688
20250723_235740_304,37,5,5,-39.2,23.95133123538625,-78.37368507385254,-78.37368507385254,0.10414266586303711,0.10200119018554688,5,5,YOLO,1,32,0,23.95133123538625,0,[],0.10381340980529785,0.05046582221984863,0.05043959617614746,0.00039267539978027344,0.0006973743438720703
20250723_235740_512,37,4,4,-40.6,24.93162625599122,-77.50779838562012,-77.50779838562012,0.10162711143493652,0.1583847999572754,4,4,YOLO,1,32,0,24.93162625599122,0,[],0.10130023956298828,0.05045294761657715,0.0504457950592041,0.0567622184753418,0.0007178783416748047
20250723_235740_773,37,4,4,-40.6,25.040791304653197,-77.48667984008789,-77.48667984008789,0.10222196578979492,0.10201692581176758,4,4,YOLO,1,32,0,25.040791304653197,0,[],0.10190892219543457,0.05046963691711426,0.0504612922668457,0.0003955364227294922,0.0006854534149169922
20250723_235740_979,37,4,4,-40.6,24.72503961472158,-77.74570159912109,-77.74570159912109,0.10162734985351562,0.1584010124206543,4,4,YOLO,1,32,0,24.72503961472158,0,[],0.10126805305480957,0.050493478775024414,0.050426483154296875,0.05674910545349121,0.0007245540618896484
20250723_235741_241,37,4,4,-40.6,24.82492037185669,-77.62152366638183,-77.62152366638183,0.10149812698364258,0.10204887390136719,4,4,YOLO,1,32,0,24.82492037185669,0,[],0.10116171836853027,0.05047440528869629,0.05049014091491699,0.00040030479431152344,0.0006785392761230469
20250723_235741_446,38,4,4,-40.6,22.830741243731154,-79.56877670288085,-79.56877670288085,0.10375404357910156,0.15835022926330566,4,4,YOLO,1,32,0,22.830741243731154,0,[],0.10341072082519531,0.05041217803955078,0.05043506622314453,0.056746482849121094,0.0007498264312744141
20250723_235741_709,38,4,4,-40.6,22.8072333616838,-79.64676094055176,-79.64676094055176,0.10410881042480469,0.10207986831665039,4,4,YOLO,1,32,0,22.8072333616838,0,[],0.1037900447845459,0.05048394203186035,0.050469398498535156,0.0003974437713623047,0.0007240772247314453
20250723_235741_917,38,4,4,-40.6,23.561171917463795,-78.91590614318848,-78.91590614318848,0.10275149345397949,0.15850138664245605,4,4,YOLO,1,32,0,23.561171917463795,0,[],0.10242056846618652,0.05045461654663086,0.050449371337890625,0.05671572685241699,0.0008752346038818359
20250723_235742_180,38,4,4,-40.6,23.652276135430327,-78.85179328918457,-78.85179328918457,0.10415267944335938,0.10204029083251953,4,4,YOLO,1,32,0,23.652276135430327,0,[],0.10381245613098145,0.050458431243896484,0.05047273635864258,0.0003991127014160156,0.0007035732269287109
20250723_235742_388,38,4,4,-40.6,23.399409778286028,-79.0554744720459,-79.0554744720459,0.1017310619354248,0.15842342376708984,4,4,YOLO,1,32,0,23.399409778286028,0,[],0.1014254093170166,0.05044198036193848,0.05047035217285156,0.056756019592285156,0.0007479190826416016
20250723_235742_650,38,4,4,-40.6,23.354912041737848,-79.11030998229981,-79.11030998229981,0.10277771949768066,0.10202813148498535,4,4,YOLO,1,32,0,23.354912041737848,0,[],0.10243439674377441,0.050444841384887695,0.05042529106140137,0.00041675567626953125,0.0007345676422119141
20250723_235742_856,38,4,4,-40.6,23.713827500063587,-78.66217498779297,-78.66217498779297,0.10284090042114258,0.1588742733001709,4,4,YOLO,1,32,0,23.713827500063587,0,[],0.10248970985412598,0.05045437812805176,0.05048179626464844,0.05676412582397461,0.0011653900146484375
20250723_235743_121,38,4,4,-40.6,23.728358415627227,-78.71360206604004,-78.71360206604004,0.10683131217956543,0.1020514965057373,4,4,YOLO,1,32,0,23.728358415627227,0,[],0.10583186149597168,0.05047011375427246,0.05044984817504883,0.0003781318664550781,0.0007479190826416016
20250723_235743_331,38,4,4,-40.6,23.287088577534973,-79.18695411682128,-79.18695411682128,0.10453200340270996,0.15835905075073242,4,4,YOLO,1,32,0,23.287088577534973,0,[],0.10421204566955566,0.050443410873413086,0.05045270919799805,0.05672144889831543,0.0007345676422119141
20250723_235743_595,38,4,4,-40.6,23.19823796008552,-79.34012603759766,-79.34012603759766,0.10453414916992188,0.10200309753417969,4,4,YOLO,1,32,0,23.19823796008552,0,[],0.10418701171875,0.05043530464172363,0.050444841384887695,0.0003974437713623047,0.0007200241088867188
20250723_235743_803,38,4,4,-40.6,23.56246759418383,-78.8631462097168,-78.8631462097168,0.10436630249023438,0.158355712890625,4,4,YOLO,1,32,0,23.56246759418383,0,[],0.10401463508605957,0.0504300594329834,0.05044269561767578,0.056723594665527344,0.0007517337799072266
20250723_235744_068,38,4,4,-40.6,23.53684919384233,-78.82731666564942,-78.82731666564942,0.1052556037902832,0.10205602645874023,4,4,YOLO,1,32,0,23.53684919384233,0,[],0.10490250587463379,0.05045938491821289,0.05047917366027832,0.00039386749267578125,0.0007178783416748047
20250723_235744_276,38,4,4,-40.6,23.416221559989538,-79.03055610656739,-79.03055610656739,0.10219454765319824,0.15843486785888672,4,4,YOLO,1,32,0,23.416221559989538,0,[],0.10189604759216309,0.05044722557067871,0.050453901290893555,0.05673789978027344,0.0007891654968261719
20250723_235744_539,38,3,3,-42.1,23.57557756577401,-78.91582679748535,-78.91582679748535,0.10738015174865723,0.1020660400390625,3,3,YOLO,1,32,0,23.57557756577401,0,[],0.10707449913024902,0.05045580863952637,0.05045366287231445,0.00040602684020996094,0.000743865966796875
20250723_235744_750,38,3,3,-42.1,24.391540678651083,-77.94711608886719,-77.94711608886719,0.10338854789733887,0.15834927558898926,3,3,YOLO,1,32,0,24.391540678651083,0,[],0.10309314727783203,0.050460100173950195,0.050452470779418945,0.05672430992126465,0.0007052421569824219
20250723_235745_013,38,3,3,-42.1,24.454841016824574,-78.03875961303712,-78.03875961303712,0.10363459587097168,0.10207271575927734,3,3,YOLO,1,32,0,24.454841016824574,0,[],0.10330367088317871,0.05051732063293457,0.05045938491821289,0.00039196014404296875,0.0006973743438720703
20250723_235745_220,38,3,3,-42.1,24.329230247073454,-78.10534057617187,-78.10534057617187,0.10151457786560059,0.15839004516601562,3,3,YOLO,1,32,0,24.329230247073454,0,[],0.10117197036743164,0.050455331802368164,0.05044698715209961,0.05675768852233887,0.0007224082946777344
20250723_235745_482,39,3,3,-42.1,24.275629201117553,-78.16877021789551,-78.16877021789551,0.10359811782836914,0.10205984115600586,3,3,YOLO,1,32,0,24.275629201117553,0,[],0.10326480865478516,0.05045962333679199,0.05046796798706055,0.0003986358642578125,0.0007276535034179688
20250723_235745_689,39,3,3,-42.1,23.552875554938552,-78.86537857055664,-78.86537857055664,0.10174202919006348,0.15848445892333984,3,3,YOLO,1,32,0,23.552875554938552,0,[],0.10140299797058105,0.05044817924499512,0.05049538612365723,0.05675554275512695,0.0007784366607666016
20250723_235745_951,39,3,3,-42.1,23.5671353227157,-78.84956817626953,-78.84956817626953,0.10364079475402832,0.102081298828125,3,3,YOLO,1,32,0,23.5671353227157,0,[],0.10330486297607422,0.05044221878051758,0.05048775672912598,0.0004074573516845703,0.0007386207580566406
20250723_235746_158,39,3,3,-42.1,23.620623698744552,-78.76559448242188,-78.76559448242188,0.10225653648376465,0.15848231315612793,3,3,YOLO,1,32,0,23.620623698744552,0,[],0.10193443298339844,0.05046415328979492,0.05048775672912598,0.05679678916931152,0.0007266998291015625
20250723_235746_421,39,3,3,-42.1,23.587360944721425,-78.8333839416504,-78.8333839416504,0.10285377502441406,0.1020212173461914,3,3,YOLO,1,32,0,23.587360944721425,0,[],0.10256218910217285,0.05044722557067871,0.05046510696411133,0.00039887428283691406,0.0007052421569824219
20250723_235746_627,39,3,3,-42.1,24.04837169333331,-78.47529525756836,-78.47529525756836,0.10258078575134277,0.15853476524353027,3,3,YOLO,1,32,0,24.04837169333331,0,[],0.1022484302520752,0.050436973571777344,0.05044269561767578,0.0567784309387207,0.0008692741394042969
20250723_235746_890,39,3,3,-42.1,23.91764407941953,-78.53968086242676,-78.53968086242676,0.1034693717956543,0.1020512580871582,3,3,YOLO,1,32,0,23.91764407941953,0,[],0.10313057899475098,0.050447940826416016,0.05050230026245117,0.0003895759582519531,0.0007059574127197266
20250723_235747_097,39,3,3,-42.1,23.954733916855844,-78.56858978271484,-78.56858978271484,0.10200619697570801,0.15839481353759766,3,3,YOLO,1,32,0,23.954733916855844,0,[],0.10169291496276855,0.05046677589416504,0.050454139709472656,0.056714773178100586,0.0007526874542236328
20250723_235747_359,39,3,3,-42.1,24.03565658026993,-78.45529899597167,-78.45529899597167,0.10157966613769531,0.10204076766967773,3,3,YOLO,1,32,0,24.03565658026993,0,[],0.10123682022094727,0.050444602966308594,0.05044889450073242,0.0004036426544189453,0.0007379055023193359
20250723_235747_564,39,3,3,-42.1,23.93878685253759,-78.51519050598145,-78.51519050598145,0.12908554077148438,0.15846776962280273,3,3,YOLO,1,32,0,23.93878685253759,0,[],0.12877917289733887,0.05047154426574707,0.05044198036193848,0.05677437782287598,0.0007729530334472656
20250723_235747_853,39,3,3,-42.1,23.96624950458832,-78.49887084960938,-78.49887084960938,0.10336136817932129,0.1021273136138916,3,3,YOLO,1,32,0,23.96624950458832,0,[],0.10303211212158203,0.05046868324279785,0.05044817924499512,0.0004150867462158203,0.0007891654968261719
20250723_235748_060,39,3,3,-42.1,23.94912212882234,-78.45326232910156,-78.45326232910156,0.10083484649658203,0.15840983390808105,3,3,YOLO,1,32,0,23.94912212882234,0,[],0.10048103332519531,0.050455331802368164,0.0504603385925293,0.056763410568237305,0.0007233619689941406
20250723_235748_321,39,3,3,-42.1,24.22787929421125,-78.25211029052734,-78.25211029052734,0.10043168067932129,0.10199356079101562,3,3,YOLO,1,32,0,24.22787929421125,0,[],0.10008835792541504,0.05045008659362793,0.05045008659362793,0.00038886070251464844,0.0006990432739257812
20250723_235748_525,39,2,2,-43.5,24.851961346458282,-77.69299621582032,-77.69299621582032,0.0991513729095459,0.1584758758544922,2,2,YOLO,1,32,0,24.851961346458282,0,[],0.09885287284851074,0.05045175552368164,0.05045318603515625,0.05681276321411133,0.0007524490356445312
20250723_235748_784,39,2,2,-43.5,24.890672443135415,-77.63840141296387,-77.63840141296387,0.09932470321655273,0.10201501846313477,2,2,YOLO,1,32,0,24.890672443135415,0,[],0.09900903701782227,0.05047321319580078,0.0504307746887207,0.0004096031188964844,0.0006949901580810547
20250723_235748_987,39,2,2,-43.5,24.933978031425923,-77.6217586517334,-77.6217586517334,0.10099649429321289,0.15845608711242676,2,2,YOLO,1,32,0,24.933978031425923,0,[],0.10065984725952148,0.05045723915100098,0.050469398498535156,0.05676436424255371,0.0007576942443847656
20250723_235749_248,39,2,2,-43.5,24.89053851447119,-77.7224308013916,-77.7224308013916,0.1039435863494873,0.10210990905761719,2,2,YOLO,1,32,0,24.89053851447119,0,[],0.10357379913330078,0.05046534538269043,0.05047154426574707,0.0004017353057861328,0.0007643699645996094
20250723_235749_456,40,2,2,-43.5,23.835543619570217,-78.55637550354004,-78.55637550354004,0.10250568389892578,0.15848731994628906,2,2,YOLO,1,32,0,23.835543619570217,0,[],0.10216283798217773,0.050479888916015625,0.05048680305480957,0.056758880615234375,0.00075531005859375
20250723_235749_719,40,3,3,-42.1,23.929858628113863,-78.5673454284668,-78.5673454284668,0.1045064926147461,0.10204458236694336,3,3,YOLO,1,32,0,23.929858628113863,0,[],0.10420060157775879,0.05045962333679199,0.05045628547668457,0.00039267539978027344,0.0007297992706298828
20250723_235749_927,40,3,3,-42.1,23.02288570845876,-79.4921817779541,-79.4921817779541,0.10512900352478027,0.1583559513092041,3,3,YOLO,1,32,0,23.02288570845876,0,[],0.10479354858398438,0.05047154426574707,0.05045652389526367,0.056696176528930664,0.00072479248046875
20250723_235750_192,40,3,3,-42.1,23.05621223873318,-79.38497161865234,-79.38497161865234,0.10729002952575684,0.10220813751220703,3,3,YOLO,1,32,0,23.05621223873318,0,[],0.10696530342102051,0.050466060638427734,0.050542354583740234,0.00040411949157714844,0.0007901191711425781
20250723_235750_403,40,3,3,-42.1,23.514025122356145,-78.88424491882324,-78.88424491882324,0.10265874862670898,0.1584336757659912,3,3,YOLO,1,32,0,23.514025122356145,0,[],0.10233736038208008,0.050501346588134766,0.05045151710510254,0.05674123764038086,0.0007326602935791016
20250723_235750_666,40,3,3,-42.1,23.455875583285348,-78.93523216247559,-78.93523216247559,0.10553312301635742,0.10207200050354004,3,3,YOLO,1,32,0,23.455875583285348,0,[],0.10517454147338867,0.050472259521484375,0.05044865608215332,0.00040268898010253906,0.0007421970367431641
20250723_235750_875,40,3,3,-42.1,23.41894485962476,-78.94241142272949,-78.94241142272949,0.10197091102600098,0.1587660312652588,3,3,YOLO,1,32,0,23.41894485962476,0,[],0.10164737701416016,0.050458431243896484,0.05046677589416504,0.05677223205566406,0.00106048583984375
20250723_235751_138,40,3,3,-42.1,23.47026138048183,-78.96799087524414,-78.96799087524414,0.1024019718170166,0.10202813148498535,3,3,YOLO,1,32,0,23.47026138048183,0,[],0.10158276557922363,0.050469160079956055,0.05046558380126953,0.0004000663757324219,0.0006866455078125
20250723_235751_344,40,3,3,-42.1,23.23140756135267,-79.14041404724121,-79.14041404724121,0.10190296173095703,0.15842342376708984,3,3,YOLO,1,32,0,23.23140756135267,0,[],0.10158443450927734,0.05043816566467285,0.05045342445373535,0.05675101280212402,0.0007739067077636719
20250723_235751_606,40,3,3,-42.1,23.251876129934146,-79.25131454467774,-79.25131454467774,0.10556340217590332,0.10215377807617188,3,3,YOLO,1,32,0,23.251876129934146,0,[],0.10522866249084473,0.05048179626464844,0.05048561096191406,0.0004413127899169922,0.0007383823394775391
20250723_235751_815,40,2,2,-43.5,24.26929415944828,-78.0990592956543,-78.0990592956543,0.10228824615478516,0.15842866897583008,2,2,YOLO,1,32,0,24.26929415944828,0,[],0.10181999206542969,0.05048346519470215,0.05044984817504883,0.0567629337310791,0.0007257461547851562
20250723_235752_078,40,3,3,-42.1,24.234974559691025,-78.2626724243164,-78.2626724243164,0.10281896591186523,0.10202407836914062,3,3,YOLO,1,32,0,24.234974559691025,0,[],0.10250401496887207,0.05043339729309082,0.05044746398925781,0.0004012584686279297,0.0007367134094238281
20250723_235752_284,40,3,3,-42.1,23.128496629435276,-79.36970825195313,-79.36970825195313,0.10219311714172363,0.15860772132873535,3,3,YOLO,1,32,0,23.128496629435276,0,[],0.10183572769165039,0.050501346588134766,0.0505068302154541,0.05673933029174805,0.0008540153503417969
20250723_235752_547,40,2,2,-43.5,23.061515575419122,-79.24870796203614,-79.24870796203614,0.10506558418273926,0.10196328163146973,2,2,YOLO,1,32,0,23.061515575419122,0,[],0.10476231575012207,0.05043530464172363,0.05041646957397461,0.00039315223693847656,0.0007123947143554688
20250723_235752_755,40,2,2,-43.5,24.113468382980756,-78.37312545776368,-78.37312545776368,0.10306024551391602,0.15849995613098145,2,2,YOLO,1,32,0,24.113468382980756,0,[],0.10271215438842773,0.05049419403076172,0.05047917366027832,0.05678963661193848,0.0007309913635253906
20250723_235753_018,40,2,2,-43.5,24.074747308784126,-78.42330474853516,-78.42330474853516,0.10255789756774902,0.10205197334289551,2,2,YOLO,1,32,0,24.074747308784126,0,[],0.10220050811767578,0.050476789474487305,0.05047941207885742,0.00040030479431152344,0.0006902217864990234
20250723_235753_224,40,2,2,-43.5,23.611596117681827,-78.80212593078613,-78.80212593078613,0.09777379035949707,0.15868306159973145,2,2,YOLO,1,32,0,23.611596117681827,0,[],0.09744858741760254,0.050475120544433594,0.050498008728027344,0.05681610107421875,0.0008766651153564453
20250723_235753_483,41,2,2,-43.5,23.633093434699276,-78.775883102417,-78.775883102417,0.10104656219482422,0.10215044021606445,2,2,YOLO,1,32,0,23.633093434699276,0,[],0.10067105293273926,0.05053448677062988,0.050469398498535156,0.00042128562927246094,0.0007193088531494141
20250723_235753_687,41,2,2,-43.5,23.01083102812362,-79.46774673461914,-79.46774673461914,0.10184764862060547,0.1584463119506836,2,2,YOLO,1,32,0,23.01083102812362,0,[],0.10145950317382812,0.05050969123840332,0.05044221878051758,0.05675172805786133,0.0007352828979492188
20250723_235753_949,41,2,2,-43.5,23.169883489546137,-79.33557929992676,-79.33557929992676,0.09975838661193848,0.10222578048706055,2,2,YOLO,1,32,0,23.169883489546137,0,[],0.09936070442199707,0.050580739974975586,0.050490617752075195,0.00041174888610839844,0.0007367134094238281
20250723_235754_153,41,2,2,-43.5,23.011130011178878,-79.44102478027344,-79.44102478027344,0.0999135971069336,0.1586000919342041,2,2,YOLO,1,32,0,23.011130011178878,0,[],0.0994112491607666,0.05051136016845703,0.050542593002319336,0.056784629821777344,0.0007531642913818359
20250723_235754_413,41,2,2,-43.5,22.94571103225873,-79.48801612854004,-79.48801612854004,0.1037142276763916,0.10285568237304688,2,2,YOLO,1,32,0,22.94571103225873,0,[],0.10333824157714844,0.051126718521118164,0.050536155700683594,0.0004227161407470703,0.0007641315460205078
20250723_235754_621,41,2,2,-43.5,23.20499667091049,-79.3319034576416,-79.3319034576416,0.09929418563842773,0.15870404243469238,2,2,YOLO,1,32,0,23.20499667091049,0,[],0.09897422790527344,0.0505678653717041,0.050504446029663086,0.05676388740539551,0.0008568763732910156
20250723_235754_881,41,2,2,-43.5,23.266691519554158,-79.10069313049317,-79.10069313049317,0.10518169403076172,0.10272908210754395,2,2,YOLO,1,32,0,23.266691519554158,0,[],0.10482287406921387,0.05071234703063965,0.05084586143493652,0.0003783702850341797,0.0007867813110351562
20250723_235755_091,41,2,2,-43.5,23.277396177745786,-79.30041389465332,-79.30041389465332,0.10283064842224121,0.15843486785888672,2,2,YOLO,1,32,0,23.277396177745786,0,[],0.10248923301696777,0.05048513412475586,0.050444602966308594,0.05673980712890625,0.0007586479187011719
20250723_235755_354,41,2,2,-43.5,23.252386947728468,-79.25131454467774,-79.25131454467774,0.10387015342712402,0.10213732719421387,2,2,YOLO,1,32,0,23.252386947728468,0,[],0.10355067253112793,0.050470829010009766,0.05049467086791992,0.00039958953857421875,0.0007660388946533203
20250723_235755_561,41,2,2,-43.5,23.230487103414106,-79.22444152832031,-79.22444152832031,0.1046755313873291,0.15839695930480957,2,2,YOLO,1,32,0,23.230487103414106,0,[],0.1043548583984375,0.0504457950592041,0.0504612922668457,0.05672931671142578,0.0007534027099609375
20250723_235755_826,41,2,2,-43.5,23.344682407955958,-79.20031661987305,-79.20031661987305,0.10241293907165527,0.10220146179199219,2,2,YOLO,1,32,0,23.344682407955958,0,[],0.10211062431335449,0.05050253868103027,0.0505063533782959,0.0004119873046875,0.0007736682891845703
20250723_235756_032,41,2,2,-43.5,23.613198401790044,-78.72041511535645,-78.72041511535645,0.10100817680358887,0.15856146812438965,2,2,YOLO,1,32,0,23.613198401790044,0,[],0.1006937026977539,0.05048489570617676,0.05047965049743652,0.056740522384643555,0.0008480548858642578
20250723_235756_293,41,2,2,-43.5,23.56043434356637,-78.90667724609375,-78.90667724609375,0.10083723068237305,0.10213947296142578,2,2,YOLO,1,32,0,23.56043434356637,0,[],0.10048151016235352,0.050523996353149414,0.050508975982666016,0.00039386749267578125,0.0007061958312988281
20250723_235756_498,41,1,1,-45.0,24.13684840881575,-78.22958755493164,-78.22958755493164,0.1043248176574707,0.15853476524353027,1,1,YOLO,1,32,0,24.13684840881575,0,[],0.10400772094726562,0.050519704818725586,0.0504910945892334,0.05673336982727051,0.0007832050323486328
20250723_235756_762,41,1,1,-45.0,24.229616653442505,-78.32074241638183,-78.32074241638183,0.10624027252197266,0.10218501091003418,1,1,YOLO,1,32,0,24.229616653442505,0,[],0.10587954521179199,0.05055356025695801,0.05047488212585449,0.0003998279571533203,0.0007505416870117188
20250723_235756_972,41,1,1,-45.0,24.067986896114846,-78.37634506225587,-78.37634506225587,0.10186624526977539,0.15844273567199707,1,1,YOLO,1,32,0,24.067986896114846,0,[],0.10157942771911621,0.050438880920410156,0.0504610538482666,0.05673098564147949,0.0008037090301513672
20250723_235757_234,41,1,1,-45.0,23.96495814271023,-78.51519050598145,-78.51519050598145,0.1059117317199707,0.10202789306640625,1,1,YOLO,1,32,0,23.96495814271023,0,[],0.10561609268188477,0.050473928451538086,0.050447702407836914,0.0003986358642578125,0.000701904296875
20250723_235757_444,42,1,1,-45.0,23.400968588745258,-79.07049407958985,-79.07049407958985,0.09953546524047852,0.15844249725341797,1,1,YOLO,1,32,0,23.400968588745258,0,[],0.09919500350952148,0.050482988357543945,0.05049586296081543,0.056746482849121094,0.0007100105285644531
20250723_235757_703,42,1,1,-45.0,23.38175438860017,-79.09767150878906,-79.09767150878906,0.1263284683227539,0.1020512580871582,1,1,YOLO,1,32,0,23.38175438860017,0,[],0.12598705291748047,0.05047893524169922,0.05045199394226074,0.00039196014404296875,0.0007228851318359375
20250723_235757_933,42,1,1,-45.0,23.16824320152064,-79.2961238861084,-79.2961238861084,0.10086488723754883,0.15839028358459473,1,1,YOLO,1,32,0,23.16824320152064,0,[],0.10053038597106934,0.05045032501220703,0.05048251152038574,0.05672287940979004,0.000728607177734375
20250723_235758_194,42,1,1,-45.0,22.896018269333737,-79.58670692443847,-79.58670692443847,0.1044471263885498,0.10210347175598145,1,1,YOLO,1,32,0,22.896018269333737,0,[],0.10415816307067871,0.050452232360839844,0.05049252510070801,0.0003993511199951172,0.0007534027099609375
20250723_235758_402,42,1,1,-45.0,23.680301643587185,-78.8396556854248,-78.8396556854248,0.10186767578125,0.1584157943725586,1,1,YOLO,1,32,0,23.680301643587185,0,[],0.10158514976501465,0.05047965049743652,0.05046415328979492,0.05672645568847656,0.0007381439208984375
20250723_235758_664,42,1,1,-45.0,23.803243470226533,-78.72728843688965,-78.72728843688965,0.09865021705627441,0.10220003128051758,1,1,YOLO,1,32,0,23.803243470226533,0,[],0.09831786155700684,0.050440073013305664,0.05048370361328125,0.00041866302490234375,0.0008502006530761719
20250723_235758_867,42,1,1,-45.0,23.661867419265292,-78.77726364135742,-78.77726364135742,0.09706664085388184,0.15840983390808105,1,1,YOLO,1,32,0,23.661867419265292,0,[],0.09675741195678711,0.05048322677612305,0.05044746398925781,0.05672955513000488,0.0007433891296386719
20250723_235759_124,42,1,1,-45.0,23.56692494160579,-78.87339210510254,-78.87339210510254,0.10151124000549316,0.1024940013885498,1,1,YOLO,1,32,0,23.56692494160579,0,[],0.10115408897399902,0.05091452598571777,0.05046582221984863,0.0004010200500488281,0.0007061958312988281
20250723_235759_329,42,1,1,-45.0,23.479213376380983,-79.0381866455078,-79.0381866455078,0.10202527046203613,0.15833616256713867,1,1,YOLO,1,32,0,23.479213376380983,0,[],0.10170507431030273,0.050438880920410156,0.05045676231384277,0.05671191215515137,0.0007226467132568359
20250723_235759_591,42,1,1,-45.0,23.419231656244136,-78.95124053955078,-78.95124053955078,0.10229325294494629,0.10209894180297852,1,1,YOLO,1,32,0,23.419231656244136,0,[],0.10197257995605469,0.05045199394226074,0.05049562454223633,0.00043773651123046875,0.0007069110870361328
20250723_235759_797,42,1,1,-45.0,23.23458018844046,-79.23856086730957,-79.23856086730957,0.10151171684265137,0.15847134590148926,1,1,YOLO,1,32,0,23.23458018844046,0,[],0.10117387771606445,0.050457000732421875,0.050460100173950195,0.056791067123413086,0.0007569789886474609
20250723_235800_059,42,1,1,-45.0,23.18734187940005,-79.2039134979248,-79.2039134979248,0.1048884391784668,0.10210609436035156,1,1,YOLO,1,32,0,23.18734187940005,0,[],0.10452485084533691,0.05047869682312012,0.05048680305480957,0.0004076957702636719,0.0007276535034179688
20250723_235800_267,42,1,1,-45.0,23.714426989400934,-78.79412841796875,-78.79412841796875,0.10449647903442383,0.15840721130371094,1,1,YOLO,1,32,0,23.714426989400934,0,[],0.1041567325592041,0.050453901290893555,0.05045270919799805,0.056772708892822266,0.000720977783203125
20250723_235800_532,42,1,1,-45.0,23.607907211960125,-78.85250091552734,-78.85250091552734,0.088897705078125,0.10207700729370117,1,1,YOLO,1,32,0,23.607907211960125,0,[],0.08853292465209961,0.050429582595825195,0.050473928451538086,0.00042128562927246094,0.0007457733154296875
20250723_235800_724,42,1,1,-45.0,23.416234858466993,-78.96634826660156,-78.96634826660156,0.09865307807922363,0.1584630012512207,1,1,YOLO,1,32,0,23.416234858466993,0,[],0.09835577011108398,0.05045795440673828,0.050496816635131836,0.05674457550048828,0.0007565021514892578
20250723_235800_983,42,1,1,-45.0,23.182093543737864,-79.26488189697265,-79.26488189697265,0.10266542434692383,0.10205864906311035,1,1,YOLO,1,32,0,23.182093543737864,0,[],0.10233521461486816,0.05050349235534668,0.05044245719909668,0.00040221214294433594,0.0007042884826660156
20250723_235801_189,42,1,1,-45.0,23.07958657730454,-79.2939552307129,-79.2939552307129,0.10211348533630371,0.15865850448608398,1,1,YOLO,1,32,0,23.07958657730454,0,[],0.10179400444030762,0.05051684379577637,0.05050778388977051,0.05676102638244629,0.0008645057678222656
20250723_235801_452,43,1,1,-45.0,23.11332042807865,-79.3726692199707,-79.3726692199707,0.10403656959533691,0.10210490226745605,1,1,YOLO,1,32,0,23.11332042807865,0,[],0.1036531925201416,0.05052781105041504,0.05045914649963379,0.0003848075866699219,0.0007274150848388672
20250723_235801_660,43,1,1,-45.0,22.75815503856367,-79.7697380065918,-79.7697380065918,0.10126256942749023,0.15852141380310059,1,1,YOLO,1,32,0,22.75815503856367,0,[],0.10094213485717773,0.05044436454772949,0.05048418045043945,0.05681324005126953,0.0007727146148681641
20250723_235801_921,43,1,1,-45.0,22.741996281985706,-79.72176513671874,-79.72176513671874,0.10293793678283691,0.10207056999206543,1,1,YOLO,1,32,0,22.741996281985706,0,[],0.10261845588684082,0.05045032501220703,0.05047273635864258,0.00040078163146972656,0.0007410049438476562
20250723_235802_127,43,1,1,-45.0,22.65067459543195,-79.91454315185547,-79.91454315185547,0.10153627395629883,0.15846538543701172,1,1,YOLO,1,32,0,22.65067459543195,0,[],0.10122847557067871,0.050508737564086914,0.05043959617614746,0.05676078796386719,0.0007500648498535156
20250723_235802_389,43,1,1,-45.0,22.530653930301284,-79.90352210998535,-79.90352210998535,0.10341191291809082,0.10197782516479492,1,1,YOLO,1,32,0,22.530653930301284,0,[],0.1030731201171875,0.05043196678161621,0.05043745040893555,0.0003924369812011719,0.0007107257843017578
20250723_235802_596,43,1,1,-45.0,22.50521428549412,-79.95694007873536,-79.95694007873536,0.10212254524230957,0.1583857536315918,1,1,YOLO,1,32,0,22.50521428549412,0,[],0.10184407234191895,0.05046486854553223,0.05044674873352051,0.05672049522399902,0.0007476806640625
20250723_235802_858,43,1,1,-45.0,22.696530364490727,-79.79686546325684,-79.79686546325684,0.10240697860717773,0.10200357437133789,1,1,YOLO,1,32,0,22.696530364490727,0,[],0.10204935073852539,0.05044698715209961,0.050461530685424805,0.0004000663757324219,0.0006892681121826172
20250723_235803_064,43,1,1,-45.0,22.54167853601976,-79.77548751831054,-79.77548751831054,0.10289812088012695,0.15840744972229004,1,1,YOLO,1,32,0,22.54167853601976,0,[],0.10253357887268066,0.050485849380493164,0.05046725273132324,0.05672097206115723,0.0007264614105224609
20250723_235803_327,43,1,1,-45.0,22.5879386441772,-79.89163970947266,-79.89163970947266,0.10260677337646484,0.10209798812866211,1,1,YOLO,1,32,0,22.5879386441772,0,[],0.10225129127502441,0.050492286682128906,0.050466060638427734,0.0004019737243652344,0.0007202625274658203
20250723_235803_534,43,1,1,-45.0,22.493878990903028,-79.86573448181153,-79.86573448181153,0.09184908866882324,0.15838003158569336,1,1,YOLO,1,32,0,22.493878990903028,0,[],0.09150862693786621,0.050457000732421875,0.05046367645263672,0.056752920150756836,0.0006997585296630859
20250723_235803_785,43,1,1,-45.0,22.318190845646754,-80.03996353149414,-80.03996353149414,0.09855866432189941,0.10211658477783203,1,1,YOLO,1,32,0,22.318190845646754,0,[],0.09822201728820801,0.05048370361328125,0.05049848556518555,0.0004143714904785156,0.0007138252258300781
20250723_235803_988,43,1,1,-45.0,22.29312659040066,-80.18960571289062,-80.18960571289062,0.10091900825500488,0.15833210945129395,1,1,YOLO,1,32,0,22.29312659040066,0,[],0.10063910484313965,0.05042886734008789,0.050455570220947266,0.05672955513000488,0.0007116794586181641
20250723_235804_248,43,1,1,-45.0,22.185908060667813,-80.18119812011719,-80.18119812011719,0.1019287109375,0.10201811790466309,1,1,YOLO,1,32,0,22.185908060667813,0,[],0.10160088539123535,0.050475358963012695,0.05046844482421875,0.0003905296325683594,0.0006775856018066406
20250723_235804_454,43,1,1,-45.0,22.175560965322177,-80.2760555267334,-80.2760555267334,0.10428214073181152,0.15852665901184082,1,1,YOLO,1,32,0,22.175560965322177,0,[],0.1040046215057373,0.05049610137939453,0.050466299057006836,0.056772708892822266,0.0007803440093994141
20250723_235804_718,43,1,1,-45.0,22.218855183036425,-80.20388221740723,-80.20388221740723,0.10263705253601074,0.10203242301940918,1,1,YOLO,1,32,0,22.218855183036425,0,[],0.10231852531433105,0.05044913291931152,0.05046844482421875,0.00041484832763671875,0.0006933212280273438
20250723_235804_924,43,1,1,-45.0,22.97997688122726,-79.41825370788574,-79.41825370788574,0.10026836395263672,0.15848684310913086,1,1,YOLO,1,32,0,22.97997688122726,0,[],0.09991574287414551,0.05045771598815918,0.050459861755371094,0.0567629337310791,0.0007987022399902344
20250723_235805_185,43,1,1,-45.0,22.995388342855648,-79.43882942199707,-79.43882942199707,0.10323095321655273,0.10203695297241211,1,1,YOLO,1,32,0,22.995388342855648,0,[],0.10288858413696289,0.050432682037353516,0.05047035217285156,0.00040411949157714844,0.0007226467132568359
20250723_235805_392,44,1,1,-45.0,22.49427319902621,-79.93837509155273,-79.93837509155273,0.1023099422454834,0.15834975242614746,1,1,YOLO,1,32,0,22.49427319902621,0,[],0.10196828842163086,0.050445556640625,0.05039811134338379,0.056798696517944336,0.0007011890411376953
20250723_235805_654,44,1,1,-45.0,21.84878430039413,-80.53617095947266,-80.53617095947266,0.10608434677124023,0.1020193099975586,1,1,YOLO,1,32,0,21.84878430039413,0,[],0.10574865341186523,0.050478219985961914,0.05042099952697754,0.00039958953857421875,0.0007140636444091797
20250723_235805_864,44,1,1,-45.0,21.245533253954235,-81.23413314819337,-81.23413314819337,0.10223674774169922,0.1584017276763916,1,1,YOLO,1,32,0,21.245533253954235,0,[],0.10185432434082031,0.050493478775024414,0.05045771598815918,0.056722402572631836,0.0007216930389404297
20250723_235806_126,44,1,1,-45.0,21.216977949290595,-81.20217590332031,-81.20217590332031,0.10648488998413086,0.1020514965057373,1,1,YOLO,1,32,0,21.216977949290595,0,[],0.10614490509033203,0.050443172454833984,0.05044984817504883,0.00041961669921875,0.0007336139678955078
20250723_235806_336,44,1,1,-45.0,21.32398714504835,-80.99253540039062,-80.99253540039062,0.10379958152770996,0.15842270851135254,1,1,YOLO,1,32,0,21.32398714504835,0,[],0.10350990295410156,0.05046391487121582,0.05047726631164551,0.05675959587097168,0.0007150173187255859
20250723_235806_600,44,1,1,-45.0,21.394986685088654,-81.02149696350098,-81.02149696350098,0.1078946590423584,0.10200142860412598,1,1,YOLO,1,32,0,21.394986685088654,0,[],0.10758256912231445,0.05047917366027832,0.05044960975646973,0.00039124488830566406,0.0006763935089111328
20250723_235806_812,44,1,1,-45.0,21.965951684475414,-80.41594467163085,-80.41594467163085,0.10707712173461914,0.15846490859985352,1,1,YOLO,1,32,0,21.965951684475414,0,[],0.10675883293151855,0.050432443618774414,0.0504453182220459,0.05671858787536621,0.0008623600006103516
20250723_235807_079,44,1,1,-45.0,21.933653398582237,-80.43655891418457,-80.43655891418457,0.10735392570495605,0.10208988189697266,1,1,YOLO,1,32,0,21.933653398582237,0,[],0.1070718765258789,0.05046510696411133,0.050470590591430664,0.0004000663757324219,0.0007483959197998047
20250723_235807_290,44,1,1,-45.0,21.712956823565904,-80.76300201416015,-80.76300201416015,0.10831737518310547,0.15902185440063477,1,1,YOLO,1,32,0,21.712956823565904,0,[],0.10801529884338379,0.05051374435424805,0.05102896690368652,0.05672883987426758,0.000743865966796875
20250723_235807_559,44,1,1,-45.0,21.394085509766555,-80.95183563232422,-80.95183563232422,0.10623002052307129,0.10207128524780273,1,1,YOLO,1,32,0,21.394085509766555,0,[],0.1059272289276123,0.05048179626464844,0.050449371337890625,0.0004012584686279297,0.0007326602935791016
20250723_235807_768,44,1,1,-45.0,21.227327772287836,-81.16766738891602,-81.16766738891602,0.12891554832458496,0.15836834907531738,1,1,YOLO,1,32,0,21.227327772287836,0,[],0.12862062454223633,0.05044436454772949,0.0504612922668457,0.05671095848083496,0.0007443428039550781
20250723_235808_057,44,1,1,-45.0,21.246163066021666,-81.23548316955566,-81.23548316955566,0.10660338401794434,0.10204672813415527,1,1,YOLO,1,32,0,21.246163066021666,0,[],0.10625672340393066,0.050459861755371094,0.05047321319580078,0.0003991127014160156,0.0007088184356689453
20250723_235808_268,44,1,1,-45.0,21.399914448847568,-81.02149696350098,-81.02149696350098,0.10635828971862793,0.1584024429321289,1,1,YOLO,1,32,0,21.399914448847568,0,[],0.10605430603027344,0.050455331802368164,0.05045366287231445,0.05676150321960449,0.0007257461547851562
20250723_235808_534,44,1,1,-45.0,21.296161933518505,-81.23413314819337,-81.23413314819337,0.10607385635375977,0.10204434394836426,1,1,YOLO,1,32,0,21.296161933518505,0,[],0.10576391220092773,0.05046963691711426,0.05044984817504883,0.00039577484130859375,0.0007236003875732422
20250723_235808_744,44,1,1,-45.0,21.88213593159675,-80.60920677185058,-80.60920677185058,0.1058204174041748,0.15842747688293457,1,1,YOLO,1,32,0,21.88213593159675,0,[],0.10551166534423828,0.050443172454833984,0.05046892166137695,0.0567474365234375,0.0007612705230712891
20250723_235809_009,44,1,1,-45.0,21.869756998747334,-80.51273307800292,-80.51273307800292,0.1066746711730957,0.10205292701721191,1,1,YOLO,1,32,0,21.869756998747334,0,[],0.10634398460388184,0.05048704147338867,0.05042839050292969,0.00040078163146972656,0.0007295608520507812
20250723_235809_220,44,1,1,-45.0,22.13630540388918,-80.39877357482911,-80.39877357482911,0.10580134391784668,0.15841412544250488,1,1,YOLO,1,32,0,22.13630540388918,0,[],0.10543465614318848,0.05049014091491699,0.050453901290893555,0.056757450103759766,0.0007050037384033203
20250723_235809_486,45,1,1,-45.0,21.93017094266439,-80.42244720458984,-80.42244720458984,0.1071159839630127,0.1020822525024414,1,1,YOLO,1,32,0,21.93017094266439,0,[],0.10679483413696289,0.05046868324279785,0.05046510696411133,0.0003981590270996094,0.0007455348968505859
20250723_235809_696,45,1,1,-45.0,20.345605530072206,-82.03495025634766,-82.03495025634766,0.1056051254272461,0.1584453582763672,1,1,YOLO,1,32,0,20.345605530072206,0,[],0.10530447959899902,0.05044269561767578,0.0504915714263916,0.05675506591796875,0.0007493495941162109
20250723_235809_962,45,1,1,-45.0,20.46076024070149,-81.92386474609376,-81.92386474609376,0.10695242881774902,0.10205531120300293,1,1,YOLO,1,32,0,20.46076024070149,0,[],0.10660338401794434,0.050446271896362305,0.050493478775024414,0.000408172607421875,0.0007011890411376953
20250723_235810_173,45,1,1,-45.0,20.31590611818237,-82.04300956726074,-82.04300956726074,0.1074213981628418,0.1583693027496338,1,1,YOLO,1,32,0,20.31590611818237,0,[],0.10711145401000977,0.05045723915100098,0.05047297477722168,0.056740522384643555,0.0006923675537109375
20250723_235810_440,45,1,1,-45.0,20.368831423042607,-82.12829246520997,-82.12829246520997,0.10692358016967773,0.10212135314941406,1,1,YOLO,1,32,0,20.368831423042607,0,[],0.10660505294799805,0.05045008659362793,0.05050492286682129,0.0003960132598876953,0.0007655620574951172
20250723_235810_651,45,1,1,-45.0,20.17051201594583,-82.19910430908203,-82.19910430908203,0.10658907890319824,0.15836668014526367,1,1,YOLO,1,32,0,20.17051201594583,0,[],0.10625886917114258,0.05044674873352051,0.05046200752258301,0.056726694107055664,0.0007240772247314453
20250723_235810_917,45,1,1,-45.0,20.392458669506127,-82.03495025634766,-82.03495025634766,0.10714077949523926,0.10206198692321777,1,1,YOLO,1,32,0,20.392458669506127,0,[],0.10684895515441895,0.05048203468322754,0.05045795440673828,0.0003921985626220703,0.0007226467132568359
20250723_235811_128,45,1,1,-45.0,20.332845662789452,-82.00091552734375,-82.00091552734375,0.10655760765075684,0.15850305557250977,1,1,YOLO,1,32,0,20.332845662789452,0,[],0.10623955726623535,0.050444841384887695,0.050473928451538086,0.05672907829284668,0.0008485317230224609
20250723_235811_395,45,1,1,-45.0,20.410128370690416,-81.99671516418456,-81.99671516418456,0.10766029357910156,0.10202670097351074,1,1,YOLO,1,32,0,20.410128370690416,0,[],0.10731768608093262,0.05044364929199219,0.05047011375427246,0.00039005279541015625,0.0007178783416748047
20250723_235811_606,45,1,1,-45.0,20.791416994584907,-81.6368797302246,-81.6368797302246,0.10671544075012207,0.1583852767944336,1,1,YOLO,1,32,0,20.791416994584907,0,[],0.10641169548034668,0.050441741943359375,0.05042552947998047,0.05675220489501953,0.0007600784301757812
20250723_235811_873,45,1,1,-45.0,20.64076290424147,-81.87677764892578,-81.87677764892578,0.10599851608276367,0.10204362869262695,1,1,YOLO,1,32,0,20.64076290424147,0,[],0.10566067695617676,0.05047154426574707,0.0504307746887207,0.0004000663757324219,0.0007355213165283203
20250723_235812_082,45,1,1,-45.0,20.897416169319,-81.44086875915528,-81.44086875915528,0.10821342468261719,0.15846991539001465,1,1,YOLO,1,32,0,20.897416169319,0,[],0.10783505439758301,0.05045962333679199,0.05049729347229004,0.05673384666442871,0.0007715225219726562
20250723_235812_351,45,1,1,-45.0,20.749183195721443,-81.52549057006836,-81.52549057006836,0.10559272766113281,0.10199666023254395,1,1,YOLO,1,32,0,20.749183195721443,0,[],0.1052241325378418,0.0504610538482666,0.05043315887451172,0.0003960132598876953,0.0007016658782958984
20250723_235812_560,45,1,1,-45.0,20.228370963073047,-82.31894416809082,-82.31894416809082,0.10640645027160645,0.15834736824035645,1,1,YOLO,1,32,0,20.228370963073047,0,[],0.10610604286193848,0.050447702407836914,0.05042576789855957,0.056735992431640625,0.0007307529449462891
20250723_235812_826,45,1,1,-45.0,20.271533430490635,-82.18535537719727,-82.18535537719727,0.12742924690246582,0.10201597213745117,1,1,YOLO,1,32,0,20.271533430490635,0,[],0.12709665298461914,0.05039715766906738,0.050444602966308594,0.00039887428283691406,0.0007691383361816406
20250723_235813_057,45,1,1,-45.0,19.99159937295711,-82.44953155517578,-82.44953155517578,0.10751223564147949,0.15846824645996094,1,1,YOLO,1,32,0,19.99159937295711,0,[],0.10720658302307129,0.05045914649963379,0.05045628547668457,0.0567936897277832,0.0007517337799072266
20250723_235813_325,45,1,1,-45.0,20.156535933451167,-82.28004531860351,-82.28004531860351,0.10641598701477051,0.10212111473083496,1,1,YOLO,1,32,0,20.156535933451167,0,[],0.10610151290893555,0.0504755973815918,0.050469398498535156,0.00040221214294433594,0.0007684230804443359
20250723_235813_535,46,1,1,-45.0,18.47303182753666,-83.88284835815429,-83.88284835815429,0.10552239418029785,0.1584455966949463,1,1,YOLO,1,32,0,18.47303182753666,0,[],0.10515737533569336,0.050482749938964844,0.05046439170837402,0.05676007270812988,0.0007317066192626953
20250723_235813_800,46,1,1,-45.0,18.577405438936125,-83.83050193786622,-83.83050193786622,0.10711193084716797,0.10213375091552734,1,1,YOLO,1,32,0,18.577405438936125,0,[],0.10675621032714844,0.05051136016845703,0.05046844482421875,0.0004024505615234375,0.0007460117340087891
20250723_235814_011,46,1,1,-45.0,18.47416539113499,-83.95832824707031,-83.95832824707031,0.10524940490722656,0.15838265419006348,1,1,YOLO,1,32,0,18.47416539113499,0,[],0.10491538047790527,0.050461769104003906,0.050452470779418945,0.05672645568847656,0.0007345676422119141
20250723_235814_276,46,1,1,-45.0,18.36397574756944,-83.95072937011719,-83.95072937011719,0.10564422607421875,0.10201549530029297,1,1,YOLO,1,32,0,18.36397574756944,0,[],0.10532021522521973,0.050453901290893555,0.05045175552368164,0.00040221214294433594,0.0007021427154541016
20250723_235814_486,46,1,1,-45.0,18.744162423572632,-83.5916519165039,-83.5916519165039,0.10776519775390625,0.1584014892578125,1,1,YOLO,1,32,0,18.744162423572632,0,[],0.10744810104370117,0.050467729568481445,0.05045938491821289,0.05672454833984375,0.0007426738739013672
20250723_235814_753,46,1,1,-45.0,18.787741857338716,-83.5628734588623,-83.5628734588623,0.10602140426635742,0.10206365585327148,1,1,YOLO,1,32,0,18.787741857338716,0,[],0.10570645332336426,0.05046343803405762,0.050457000732421875,0.0003962516784667969,0.0007414817810058594
20250723_235814_963,46,1,1,-45.0,19.086655450530657,-83.31154289245606,-83.31154289245606,0.10757732391357422,0.1584489345550537,1,1,YOLO,1,32,0,19.086655450530657,0,[],0.10729718208312988,0.05047035217285156,0.05046200752258301,0.05674624443054199,0.000762939453125
20250723_235815_231,46,1,1,-45.0,18.916759285399692,-83.53417205810547,-83.53417205810547,0.10796999931335449,0.10201478004455566,1,1,YOLO,1,32,0,18.916759285399692,0,[],0.10761165618896484,0.0504610538482666,0.05045056343078613,0.0003876686096191406,0.0007102489471435547
20250723_235815_442,46,1,1,-45.0,18.973988410978734,-83.46000518798829,-83.46000518798829,0.10734319686889648,0.15848755836486816,1,1,YOLO,1,32,0,18.973988410978734,0,[],0.10702323913574219,0.05043911933898926,0.05042839050292969,0.05678725242614746,0.0008263587951660156
20250723_235815_710,46,1,1,-45.0,18.959693468017548,-83.40032196044922,-83.40032196044922,0.10715651512145996,0.10209393501281738,1,1,YOLO,1,32,0,18.959693468017548,0,[],0.10682082176208496,0.050462961196899414,0.05050349235534668,0.0004012584686279297,0.0007202625274658203
20250723_235815_921,46,1,1,-45.0,18.696539790402,-83.62672424316406,-83.62672424316406,0.10740232467651367,0.1584155559539795,1,1,YOLO,1,32,0,18.696539790402,0,[],0.10705447196960449,0.050477027893066406,0.05044698715209961,0.05675077438354492,0.0007333755493164062
20250723_235816_188,46,1,1,-45.0,18.983715797616597,-83.48128509521484,-83.48128509521484,0.1050419807434082,0.10207390785217285,1,1,YOLO,1,32,0,18.983715797616597,0,[],0.10475444793701172,0.05045938491821289,0.05047154426574707,0.0004093647003173828,0.0007281303405761719
20250723_235816_397,46,1,1,-45.0,18.878017428598085,-83.39898872375488,-83.39898872375488,0.10486721992492676,0.15837812423706055,1,1,YOLO,1,32,0,18.878017428598085,0,[],0.10452628135681152,0.05046367645263672,0.05045270919799805,0.05672502517700195,0.0007300376892089844
20250723_235816_662,46,NO_RADIO,1,-45.0,18.776626061446436,-83.53508529663085,-83.53508529663085,0.10518932342529297,0.10222768783569336,1,,CenterFallback,1,32,0,,,[],0.10483598709106445,0.050461530685424805,0.0504908561706543,0.00041985511779785156,0.0008149147033691406
20250723_235816_871,46,NO_RADIO,1,-45.0,18.376490985277513,-84.01148681640625,-84.01148681640625,0.10398340225219727,0.15853452682495117,1,,CenterFallback,1,32,0,,,[],0.10364747047424316,0.05043292045593262,0.050489187240600586,0.05673933029174805,0.0008187294006347656
20250723_235817_135,46,1,1,-45.0,18.389244379360733,-84.08429718017578,-84.08429718017578,0.10693812370300293,0.10199546813964844,1,1,YOLO,1,32,0,18.389244379360733,0,[],0.10658931732177734,0.05045628547668457,0.050420522689819336,0.0004038810729980469,0.0007097721099853516
20250723_235817_346,47,1,1,-45.0,18.48350217931109,-83.79424285888672,-83.79424285888672,0.10756659507751465,0.15842556953430176,1,1,YOLO,1,32,0,18.48350217931109,0,[],0.10722613334655762,0.0504765510559082,0.05047345161437988,0.0567471981048584,0.0007216930389404297
20250723_235817_613,47,1,1,-45.0,17.241524345634218,-85.02415466308594,-85.02415466308594,0.10732197761535645,0.10202789306640625,1,1,YOLO,1,32,0,17.241524345634218,0,[],0.10697388648986816,0.050489187240600586,0.0504150390625,0.0003921985626220703,0.0007259845733642578
20250723_235817_824,47,NO_RADIO,1,-45.0,17.24970441777475,-85.11579132080078,-85.11579132080078,0.13016295433044434,0.15861845016479492,1,,CenterFallback,1,32,0,,,[],0.12978291511535645,0.0504758358001709,0.0504918098449707,0.056801557540893555,0.0007948875427246094
20250723_235818_114,47,1,1,-45.0,17.463839641113168,-84.78474426269531,-84.78474426269531,0.10757970809936523,0.10194993019104004,1,1,YOLO,1,32,0,17.463839641113168,0,[],0.10722732543945312,0.05039238929748535,0.05044412612915039,0.0004010200500488281,0.0007076263427734375
20250723_235818_326,47,1,1,-45.0,18.15151017496747,-84.33114624023438,-84.33114624023438,0.10693478584289551,0.1584639549255371,1,1,YOLO,1,32,0,18.15151017496747,0,[],0.10658860206604004,0.050469160079956055,0.05045127868652344,0.05678272247314453,0.0007529258728027344
20250723_235818_593,47,1,1,-45.0,18.35400384918698,-84.01957702636719,-84.01957702636719,0.10848760604858398,0.10205793380737305,1,1,YOLO,1,32,0,18.35400384918698,0,[],0.10817408561706543,0.05047321319580078,0.05048060417175293,0.0003981590270996094,0.0007002353668212891
20250723_235818_805,47,1,1,-45.0,17.873027492642706,-84.48857879638672,-84.48857879638672,0.10933828353881836,0.15838861465454102,1,1,YOLO,1,32,0,17.873027492642706,0,[],0.10898709297180176,0.05045604705810547,0.05043220520019531,0.056739091873168945,0.0007545948028564453
20250723_235819_074,47,1,1,-45.0,18.01631969734987,-84.4771499633789,-84.4771499633789,0.10742902755737305,0.10205721855163574,1,1,YOLO,1,32,0,18.01631969734987,0,[],0.10709691047668457,0.050454139709472656,0.050452232360839844,0.0004038810729980469,0.0007410049438476562
20250723_235819_285,47,1,1,-45.0,16.793482350656063,-85.3886329650879,-85.3886329650879,0.10682153701782227,0.15844225883483887,1,1,YOLO,1,32,0,16.793482350656063,0,[],0.10648632049560547,0.05045747756958008,0.05046343803405762,0.056783437728881836,0.0007317066192626953
20250723_235819_552,47,1,1,-45.0,17.166630526136558,-85.20738563537599,-85.20738563537599,0.10881471633911133,0.10207295417785645,1,1,YOLO,1,32,0,17.166630526136558,0,[],0.10848283767700195,0.05050182342529297,0.05045270919799805,0.0003998279571533203,0.000713348388671875
20250723_235819_764,47,NO_RADIO,1,-45.0,18.122013834755535,-84.19860725402832,-84.19860725402832,0.1044149398803711,0.15848517417907715,1,,CenterFallback,1,32,0,,,[],0.10403251647949219,0.05048012733459473,0.05044436454772949,0.056763648986816406,0.0007340908050537109
20250723_235820_029,47,1,1,-45.0,18.099223472658338,-84.39750595092774,-84.39750595092774,0.10678410530090332,0.10202527046203613,1,1,YOLO,1,32,0,18.099223472658338,0,[],0.10643649101257324,0.05044960975646973,0.0504610538482666,0.0003979206085205078,0.0007112026214599609
20250723_235820_239,47,NO_RADIO,1,-45.0,18.212505731195435,-84.10508575439454,-84.10508575439454,0.10502958297729492,0.15844321250915527,1,,CenterFallback,1,32,0,,,[],0.10476183891296387,0.050457000732421875,0.05048871040344238,0.056734323501586914,0.0007112026214599609
20250723_235820_504,47,1,1,-45.0,18.215645934228576,-84.03488998413086,-84.03488998413086,0.10664200782775879,0.10205078125,1,1,YOLO,1,32,0,18.215645934228576,0,[],0.1063070297241211,0.05046987533569336,0.05045676231384277,0.0004055500030517578,0.0007121562957763672
20250723_235820_715,47,1,1,-45.0,17.817949483456786,-84.55567512512208,-84.55567512512208,0.10699009895324707,0.15845632553100586,1,1,YOLO,1,32,0,17.817949483456786,0,[],0.10666966438293457,0.05047750473022461,0.05048537254333496,0.05675697326660156,0.0007293224334716797
20250723_235820_982,47,1,1,-45.0,17.705873104274858,-84.67473754882812,-84.67473754882812,0.10659265518188477,0.10206723213195801,1,1,YOLO,1,32,0,17.705873104274858,0,[],0.10624217987060547,0.0504457950592041,0.05048108100891113,0.00039768218994140625,0.000736236572265625
20250723_235821_192,47,NO_RADIO,1,-45.0,18.065276103565154,-84.29431037902832,-84.29431037902832,0.10422277450561523,0.1584768295288086,1,,CenterFallback,1,32,0,,,[],0.10387849807739258,0.05047941207885742,0.050440073013305664,0.056761980056762695,0.0007398128509521484
20250723_235821_456,48,NO_RADIO,1,-45.0,17.873578192814662,-84.59157218933106,-84.59157218933106,0.10455560684204102,0.10207223892211914,1,,CenterFallback,1,32,0,,,[],0.10417842864990234,0.05047893524169922,0.05044889450073242,0.00039696693420410156,0.0007131099700927734
20250723_235821_664,48,1,1,-45.0,15.690982852384508,-86.73099136352539,-86.73099136352539,0.10633158683776855,0.15848016738891602,1,1,YOLO,1,32,0,15.690982852384508,0,[],0.10599875450134277,0.050452232360839844,0.050473928451538086,0.05678153038024902,0.0007658004760742188
20250723_235821_931,48,1,1,-45.0,15.845293529910279,-86.62296295166016,-86.62296295166016,0.10599374771118164,0.10203003883361816,1,1,YOLO,1,32,0,15.845293529910279,0,[],0.10568118095397949,0.05045795440673828,0.05044102668762207,0.0004036426544189453,0.0007219314575195312
20250723_235822_140,48,NO_RADIO,1,-45.0,15.718072255394944,-86.5257797241211,-86.5257797241211,0.10438847541809082,0.15844368934631348,1,,CenterFallback,1,32,0,,,[],0.10407805442810059,0.050457000732421875,0.050453901290893555,0.05674433708190918,0.0007345676422119141
20250723_235822_405,48,1,1,-45.0,15.77694405042699,-86.45248908996582,-86.45248908996582,0.10946774482727051,0.10213732719421387,1,1,YOLO,1,32,0,15.77694405042699,0,[],0.10912895202636719,0.05047011375427246,0.05050206184387207,0.0004069805145263672,0.0007517337799072266
20250723_235822_618,48,NO_RADIO,1,-45.0,16.016149776826623,-86.22502136230469,-86.22502136230469,0.10454750061035156,0.1585218906402588,1,,CenterFallback,1,32,0,,,[],0.10415506362915039,0.05044746398925781,0.050429582595825195,0.05676150321960449,0.0008292198181152344
20250723_235822_883,48,NO_RADIO,1,-45.0,15.827725092660629,-86.38086814880371,-86.38086814880371,0.12660574913024902,0.10204648971557617,1,,CenterFallback,1,32,0,,,[],0.12629961967468262,0.05045437812805176,0.050459861755371094,0.0003941059112548828,0.0007007122039794922
20250723_235823_113,48,NO_RADIO,1,-45.0,15.693589989949018,-86.72980041503907,-86.72980041503907,0.10518598556518555,0.15846586227416992,1,,CenterFallback,1,32,0,,,[],0.10482144355773926,0.05045819282531738,0.050449371337890625,0.05675196647644043,0.0007507801055908203
20250723_235823_378,48,1,1,-45.0,15.6912189861864,-86.65042533874512,-86.65042533874512,0.10747504234313965,0.10219240188598633,1,1,YOLO,1,32,0,15.6912189861864,0,[],0.10715055465698242,0.0505220890045166,0.05049419403076172,0.0004050731658935547,0.0007650852203369141
20250723_235823_589,48,1,1,-45.0,15.753366699001589,-86.50727996826171,-86.50727996826171,0.10239481925964355,0.15837407112121582,1,1,YOLO,1,32,0,15.753366699001589,0,[],0.10206222534179688,0.050443172454833984,0.05044221878051758,0.05674028396606445,0.0007407665252685547
20250723_235823_852,48,NO_RADIO,1,-45.0,15.598768873978088,-86.68898010253906,-86.68898010253906,0.10104155540466309,0.10205888748168945,1,,CenterFallback,1,32,0,,,[],0.10073661804199219,0.050454139709472656,0.05044960975646973,0.0003952980041503906,0.0007236003875732422
20250723_235824_056,48,NO_RADIO,1,-45.0,16.145757485140308,-86.12810516357422,-86.12810516357422,0.10135340690612793,0.1585073471069336,1,,CenterFallback,1,32,0,,,[],0.10104107856750488,0.0504910945892334,0.050467491149902344,0.05673050880432129,0.0007658004760742188
20250723_235824_318,48,1,1,-45.0,16.131799102471092,-86.2552261352539,-86.2552261352539,0.08572173118591309,0.10199642181396484,1,1,YOLO,1,32,0,16.131799102471092,0,[],0.0853877067565918,0.05043363571166992,0.05045294761657715,0.00042128562927246094,0.0006821155548095703
20250723_235824_507,48,1,1,-45.0,16.062503115408674,-86.29627838134766,-86.29627838134766,0.09763789176940918,0.15836524963378906,1,1,YOLO,1,32,0,16.062503115408674,0,[],0.09732389450073242,0.05044984817504883,0.05047726631164551,0.056711435317993164,0.0007202625274658203
20250723_235824_764,48,1,1,-45.0,15.913779506721454,-86.36385459899903,-86.36385459899903,0.10424280166625977,0.1021890640258789,1,1,YOLO,1,32,0,15.913779506721454,0,[],0.10382461547851562,0.050531625747680664,0.05048537254333496,0.0004124641418457031,0.0007534027099609375
20250723_235824_973,48,NO_RADIO,1,-45.0,15.737915598205532,-86.43072509765625,-86.43072509765625,0.10175752639770508,0.15842509269714355,1,,CenterFallback,1,32,0,,,[],0.10139012336730957,0.05044364929199219,0.050412654876708984,0.05677676200866699,0.000732421875
20250723_235825_234,48,1,1,-45.0,15.736263162025779,-86.42849769592286,-86.42849769592286,0.10511493682861328,0.1020345687866211,1,1,YOLO,1,32,0,15.736263162025779,0,[],0.10479378700256348,0.05045366287231445,0.05044412612915039,0.00039124488830566406,0.0007395744323730469
20250723_235825_443,49,1,1,-45.0,14.496041103571812,-87.91625213623047,-87.91625213623047,0.10200715065002441,0.15854334831237793,1,1,YOLO,1,32,0,14.496041103571812,0,[],0.10168170928955078,0.05053520202636719,0.0504915714263916,0.05678081512451172,0.0007290840148925781
20250723_235825_705,49,1,1,-45.0,14.240774986634193,-87.99864921569824,-87.99864921569824,0.10215926170349121,0.10202455520629883,1,1,YOLO,1,32,0,14.240774986634193,0,[],0.10184597969055176,0.05040693283081055,0.05046224594116211,0.00039315223693847656,0.0007562637329101562
20250723_235825_911,49,1,1,-45.0,14.144077197164862,-88.06142730712891,-88.06142730712891,0.10309314727783203,0.15845918655395508,1,1,YOLO,1,32,0,14.144077197164862,0,[],0.1027531623840332,0.05047273635864258,0.05044269561767578,0.056768178939819336,0.0007686614990234375
20250723_235826_174,49,1,1,-45.0,13.475799470046084,-87.30570983886719,-87.30570983886719,0.1045987606048584,0.26798367500305176,1,1,OffsetCorrected,2,1,-45.0,15.005646220993867,0,[],0.1042795181274414,0.05044412612915039,0.05042695999145508,0.0003979206085205078,0.0007739067077636719
20250723_235826_548,49,1,1,-45.0,15.052305688151364,-87.26726875305175,-87.26726875305175,0.10071849822998047,0.10198116302490234,1,1,YOLO,1,1,-45.0,15.052305688151364,0,[],0.10039186477661133,0.05044746398925781,0.050437211990356445,0.00039887428283691406,0.0006911754608154297
20250723_235826_752,49,1,1,-45.0,15.233556313286329,-87.16003646850587,-87.16003646850587,0.10287261009216309,0.15838241577148438,1,1,YOLO,1,1,-45.0,15.233556313286329,0,[],0.10254168510437012,0.050438880920410156,0.05046439170837402,0.0567476749420166,0.00072479248046875
20250723_235827_015,49,1,1,-45.0,15.26096430791803,-87.05021820068359,-87.05021820068359,0.10206794738769531,0.10216045379638672,1,1,YOLO,1,1,-45.0,15.26096430791803,0,[],0.10175085067749023,0.05050849914550781,0.05049443244934082,0.00041866302490234375,0.0007319450378417969
20250723_235827_221,49,1,1,-45.0,14.863590900669791,-87.30543594360351,-87.30543594360351,0.10204648971557617,0.15880632400512695,1,1,YOLO,1,1,-45.0,14.863590900669791,0,[],0.10170340538024902,0.050504207611083984,0.050479888916015625,0.05675315856933594,0.0010607242584228516
20250723_235827_484,49,1,1,-45.0,15.046857581260468,-87.34974670410156,-87.34974670410156,0.1027226448059082,0.10214996337890625,1,1,YOLO,1,1,-45.0,15.046857581260468,0,[],0.10236001014709473,0.0504763126373291,0.050530195236206055,0.000408172607421875,0.0007293224334716797
20250723_235827_691,49,1,1,-45.0,14.549462317571667,-87.69506072998047,-87.69506072998047,0.10292649269104004,0.15856671333312988,1,1,YOLO,1,1,-45.0,14.549462317571667,0,[],0.10259699821472168,0.0505063533782959,0.050498247146606445,0.05678224563598633,0.0007724761962890625
20250723_235827_954,49,1,1,-45.0,14.488801383919466,-87.85895500183105,-87.85895500183105,0.12569236755371094,0.10218977928161621,1,1,YOLO,1,1,-45.0,14.488801383919466,0,[],0.12530016899108887,0.05051541328430176,0.0505070686340332,0.00042629241943359375,0.0007352828979492188
20250723_235828_183,49,1,1,-45.0,14.272909541414336,-88.06142730712891,-88.06142730712891,0.10270094871520996,0.15862011909484863,1,1,YOLO,1,1,-45.0,14.272909541414336,0,[],0.10235452651977539,0.05049896240234375,0.05051827430725098,0.05680036544799805,0.0007958412170410156
20250723_235828_446,49,NO_RADIO,1,-45.0,14.122624259248468,-88.23394355773927,-88.23394355773927,0.09993267059326172,0.1024320125579834,1,,CenterFallback,1,32,0,,,[],0.09958410263061523,0.05047750473022461,0.05048036575317383,0.0005764961242675781,0.0008459091186523438
20250723_235828_650,49,1,1,-45.0,14.490385735396416,-87.72451057434083,-87.72451057434083,0.10242700576782227,0.1583843231201172,1,1,YOLO,1,32,0,14.490385735396416,0,[],0.10205745697021484,0.05045914649963379,0.05042862892150879,0.05674433708190918,0.0007450580596923828
20250723_235828_913,49,1,1,-45.0,14.398345905144552,-87.80947341918946,-87.80947341918946,0.10503745079040527,0.10204243659973145,1,1,YOLO,1,32,0,14.398345905144552,0,[],0.1046903133392334,0.05047154426574707,0.050447702407836914,0.0004181861877441406,0.0006997585296630859
20250723_235829_121,49,1,1,-45.0,14.120738560568938,-88.16930389404297,-88.16930389404297,0.10282135009765625,0.15840959548950195,1,1,YOLO,1,32,0,14.120738560568938,0,[],0.10249733924865723,0.050485849380493164,0.05043959617614746,0.05675053596496582,0.0007269382476806641
20250723_235829_384,50,1,1,-45.0,14.266071532731601,-87.99159355163575,-87.99159355163575,0.10241413116455078,0.10207009315490723,1,1,YOLO,1,32,0,14.266071532731601,0,[],0.10206747055053711,0.05046343803405762,0.05045175552368164,0.00040531158447265625,0.000743865966796875
20250723_235829_590,50,1,1,-45.0,11.997264869718379,-89.84275360107422,-89.84275360107422,0.1011052131652832,0.26125335693359375,1,1,OffsetFailed,2,1,-45.0,12.19333198099659,-1,[],0.10079669952392578,0.05053281784057617,0.05047607421875,0.05667471885681152,0.0007331371307373047
20250723_235829_954,50,1,1,-45.0,11.848000916577703,-90.23462677001953,-90.23462677001953,0.10373544692993164,0.2612640857696533,1,1,OffsetFailed,2,1,-45.0,12.037575132483411,-1,[],0.10336709022521973,0.050504446029663086,0.0505223274230957,0.05678915977478027,0.0007421970367431641
20250723_235830_321,50,1,1,-45.0,11.99758811144362,-90.0145492553711,-90.0145492553711,0.10276198387145996,0.2610344886779785,1,1,OffsetFailed,2,1,-45.0,12.167942047695902,-1,[],0.10240507125854492,0.05045199394226074,0.05048394203186035,0.05672264099121094,0.0007379055023193359
20250723_235830_686,50,1,1,-45.0,12.307231546755446,-90.05561828613281,-90.05561828613281,0.10006284713745117,0.26105189323425293,1,1,OffsetFailed,2,1,-45.0,12.193955227949374,0,[],0.09971356391906738,0.05046820640563965,0.05051612854003906,0.05668973922729492,0.0007302761077880859
20250723_235831_049,50,1,1,-45.0,12.35715858626861,-90.0145492553711,-90.0145492553711,0.10535001754760742,0.2611813545227051,1,1,OffsetFailed,2,1,-45.0,12.201683956911111,0,[],0.10502743721008301,0.05045580863952637,0.050440073013305664,0.056735992431640625,0.0007395744323730469
20250723_235831_417,50,1,1,-45.0,12.037970688043472,-90.0247802734375,-90.0247802734375,0.10170817375183105,0.2609751224517822,1,1,OffsetFailed,2,1,-45.0,12.038263007491707,-1,[],0.10137009620666504,0.0504307746887207,0.050435781478881836,0.056737661361694336,0.0007939338684082031
20250723_235831_781,50,1,1,-45.0,12.045020556355297,-90.0145492553711,-90.0145492553711,0.10297179222106934,0.2611668109893799,1,1,OffsetFailed,2,1,-45.0,12.194392395628554,-1,[],0.10261201858520508,0.05044269561767578,0.05048823356628418,0.056752920150756836,0.0007333755493164062
20250723_235832_147,50,1,1,-45.0,12.394232537780908,-89.76631164550781,-89.76631164550781,0.10167670249938965,0.26102399826049805,1,1,OffsetFailed,2,1,-45.0,12.502656549196715,0,[],0.10132288932800293,0.05044245719909668,0.05042862892150879,0.05674600601196289,0.0007722377777099609
20250723_235832_511,50,1,1,-45.0,12.551264103766414,-89.51325988769531,-89.51325988769531,0.1033775806427002,0.2615535259246826,1,1,OffsetFailed,2,1,-45.0,12.50273288947092,0,[],0.10303902626037598,0.05045008659362793,0.05043745040893555,0.05676078796386719,0.000858306884765625
20250723_235832_879,50,1,1,-45.0,12.837874968565544,-89.36996459960938,-89.36996459960938,0.09871768951416016,0.2611229419708252,1,1,OffsetFailed,2,1,-45.0,12.78212296462975,0,[],0.0982050895690918,0.05043482780456543,0.05048179626464844,0.05675983428955078,0.0007457733154296875
20250723_235833_240,51,1,1,-45.0,12.954165190000126,-89.30874633789062,-89.30874633789062,0.09874749183654785,0.2611091136932373,1,1,OffsetFailed,2,1,-45.0,12.867408111622751,0,[],0.09839153289794922,0.05048251152038574,0.050443172454833984,0.056760311126708984,0.0007212162017822266
20250723_235833_602,51,1,1,-45.0,10.536646064301806,-91.4554443359375,-91.4554443359375,0.10203313827514648,0.2613983154296875,1,1,OffsetFailed,2,1,-45.0,10.70027516359471,0,[],0.10171365737915039,0.05043816566467285,0.05048418045043945,0.05672812461853027,0.0008172988891601562
20250723_235833_967,51,NO_RADIO,1,-45.0,10.771977027873163,-91.44122314453125,-91.44122314453125,0.10237932205200195,0.1584327220916748,1,,CenterFallback,1,32,0,,,[],0.1020517349243164,0.050466060638427734,0.050451040267944336,0.05673360824584961,0.0007288455963134766
20250723_235834_229,51,1,1,-45.0,10.962693968653198,-91.0214973449707,-91.0214973449707,0.10341787338256836,0.26789402961730957,1,1,OffsetFailed,2,1,-45.0,11.046884690717974,-1,[],0.10311388969421387,0.05043601989746094,0.05045962333679199,0.0003955364227294922,0.0007452964782714844
20250723_235834_602,51,1,1,-45.0,11.367640168487142,-90.7815170288086,-90.7815170288086,0.10240626335144043,0.2679271697998047,1,1,OffsetFailed,2,1,-45.0,11.367825097961287,-1,[],0.1020820140838623,0.05043792724609375,0.05043363571166992,0.00039315223693847656,0.000732421875
20250723_235834_974,51,1,1,-45.0,11.623055684249465,-90.70956459045411,-90.70956459045411,0.10451269149780273,0.2678098678588867,1,1,OffsetFailed,2,1,-45.0,11.54916725010402,-1,[],0.10419297218322754,0.050461769104003906,0.050443410873413086,0.0003979206085205078,0.0008132457733154297
20250723_235835_348,51,1,1,-45.0,11.596434837234185,-90.62818145751953,-90.62818145751953,0.10152697563171387,0.2688100337982178,1,1,OffsetFailed,2,1,-45.0,11.534312585281356,-1,[],0.10124063491821289,0.05045485496520996,0.05047488212585449,0.0004000663757324219,0.0006992816925048828
20250723_235835_720,51,1,1,-45.0,11.723495693230944,-90.67255249023438,-90.67255249023438,0.10007047653198242,0.2684011459350586,1,1,OffsetFailed,2,1,-45.0,11.534690277638092,-1,[],0.09975075721740723,0.05047154426574707,0.05045294761657715,0.000408172607421875,0.0007903575897216797
20250723_235836_090,51,1,1,-45.0,11.491336381189555,-91.0214973449707,-91.0214973449707,0.10124802589416504,0.2690885066986084,1,1,OffsetFailed,2,1,-45.0,11.258303991860856,-1,[],0.10097360610961914,0.05048084259033203,0.05047607421875,0.00039887428283691406,0.0007822513580322266
20250723_235836_462,51,1,1,-45.0,11.50454941272136,-91.07141189575195,-91.07141189575195,0.10117602348327637,0.2690279483795166,1,1,OffsetFailed,2,1,-45.0,11.113262051730928,-1,[],0.10084056854248047,0.05047321319580078,0.050432443618774414,0.0003993511199951172,0.0007729530334472656
20250723_235836_834,51,1,1,-45.0,11.178357648717295,-90.72097282409668,-90.72097282409668,0.10058474540710449,0.2679622173309326,1,1,OffsetFailed,2,1,-45.0,11.178400419386122,-1,[],0.10021257400512695,0.05045938491821289,0.05044221878051758,0.0004050731658935547,0.0007352828979492188
20250723_235837_204,52,1,1,-45.0,10.963274023171223,-91.4554443359375,-91.4554443359375,0.10236024856567383,0.2680675983428955,1,1,OffsetFailed,2,1,-45.0,10.860235757701446,-1,[],0.10203051567077637,0.05047726631164551,0.050436973571777344,0.00039649009704589844,0.0007355213165283203
20250723_235837_576,52,1,1,-45.0,10.265440353515814,-92.21520233154297,-92.21520233154297,0.09831881523132324,0.268021821975708,1,1,OffsetFailed,2,1,-45.0,9.934624455465851,0,[],0.0979928970336914,0.05045342445373535,0.050452470779418945,0.000408172607421875,0.0007219314575195312
20250723_235837_944,52,1,1,-45.0,9.934604799106765,-92.1965919494629,-92.1965919494629,0.10175538063049316,0.2685110569000244,1,1,OffsetFailed,2,1,-45.0,9.891560849837091,0,[],0.1014394760131836,0.05045056343078613,0.05048084259033203,0.0004024505615234375,0.0007250308990478516
20250723_235838_316,52,1,1,-45.0,9.93498236642435,-92.12873191833496,-92.12873191833496,0.10217833518981934,0.26827454566955566,1,1,OffsetFailed,2,1,-45.0,9.998971495520777,0,[],0.1017770767211914,0.050452470779418945,0.05047249794006348,0.00040078163146972656,0.0007088184356689453
20250723_235838_688,52,1,1,-45.0,9.934939738560345,-91.91856498718262,-91.91856498718262,0.10271120071411133,0.26778078079223633,1,1,OffsetFailed,2,1,-45.0,10.325457978618658,0,[],0.10243058204650879,0.0503995418548584,0.05047273635864258,0.0004050731658935547,0.0007061958312988281
20250723_235839_060,52,1,1,-45.0,10.325518737179436,-91.67446899414062,-91.67446899414062,0.10219144821166992,0.2682380676269531,1,1,OffsetFailed,2,1,-45.0,10.403606909823566,0,[],0.10185885429382324,0.05043435096740723,0.05042624473571777,0.0003917217254638672,0.0007562637329101562
20250723_235839_432,52,1,1,-45.0,10.32545013462908,-91.68946838378906,-91.68946838378906,0.10260844230651855,0.26770901679992676,1,1,OffsetFailed,2,1,-45.0,10.15699091920034,0,[],0.10212254524230957,0.050444841384887695,0.050447702407836914,0.00039887428283691406,0.0007090568542480469
20250723_235839_804,52,1,1,-45.0,10.06174055194245,-92.46029663085938,-92.46029663085938,0.10572314262390137,0.26866626739501953,1,1,OffsetFailed,2,1,-45.0,9.759237007493724,0,[],0.10533428192138672,0.05050015449523926,0.05047130584716797,0.0004038810729980469,0.0007174015045166016
20250723_235840_180,52,1,1,-45.0,9.998677594402707,-92.40239715576172,-92.40239715576172,0.10312604904174805,0.26941633224487305,1,1,OffsetFailed,2,1,-45.0,9.825585263710167,0,[],0.10282135009765625,0.050472259521484375,0.050458669662475586,0.0004050731658935547,0.0007479190826416016
20250723_235840_554,52,1,1,-45.0,9.934331789255225,-92.06598663330078,-92.06598663330078,0.1022491455078125,0.2684643268585205,1,1,OffsetFailed,2,1,-45.0,9.998432055831984,0,[],0.10196280479431152,0.050479888916015625,0.050475358963012695,0.0003960132598876953,0.000728607177734375
20250723_235840_927,52,1,1,-45.0,10.061578291027303,-91.58552551269531,-91.58552551269531,0.10172247886657715,0.2677581310272217,1,1,OffsetFailed,2,1,-45.0,10.402688785850358,0,[],0.10116791725158691,0.05046367645263672,0.05046987533569336,0.00040602684020996094,0.0007588863372802734
20250723_235841_298,53,1,1,-45.0,10.484866561202537,-92.75736236572266,-92.75736236572266,0.10064840316772461,0.26970624923706055,1,1,OffsetFailed,2,1,-45.0,9.38497834581905,0,[],0.10031890869140625,0.050450801849365234,0.05046868324279785,0.00039839744567871094,0.0007255077362060547
20250723_235841_670,53,1,1,-45.0,9.43362646035962,-92.60627746582031,-92.60627746582031,0.1005396842956543,0.2695643901824951,1,1,OffsetFailed,2,1,-45.0,9.759174321733425,0,[],0.10014891624450684,0.05045151710510254,0.0504910945892334,0.0004055500030517578,0.0007441043853759766
20250723_235842_042,53,1,1,-45.0,9.385517532002495,-92.60627746582031,-92.60627746582031,0.10030627250671387,0.26812052726745605,1,1,OffsetFailed,2,1,-45.0,9.553154480812424,0,[],0.10002017021179199,0.05044388771057129,0.05044817924499512,0.0004074573516845703,0.0007014274597167969
20250723_235842_412,53,1,1,-45.0,9.385496654317109,-92.6426284790039,-92.6426284790039,0.10170531272888184,0.2686350345611572,1,1,OffsetFailed,2,1,-45.0,9.433986888070933,0,[],0.10139656066894531,0.05047345161437988,0.050479888916015625,0.00039958953857421875,0.000751495361328125
20250723_235842_784,53,1,1,-45.0,9.457864456449968,-92.6426284790039,-92.6426284790039,0.08702683448791504,0.270183801651001,1,1,OffsetFailed,2,1,-45.0,9.185713945105789,0,[],0.08666729927062988,0.0505220890045166,0.05043506622314453,0.0004012584686279297,0.0007512569427490234
20250723_235843_143,53,1,1,-45.0,9.385664618840877,-92.478271484375,-92.478271484375,0.10106921195983887,0.2682356834411621,1,1,OffsetFailed,2,1,-45.0,9.553166621774295,0,[],0.10074424743652344,0.050589561462402344,0.05045819282531738,0.00042629241943359375,0.0007152557373046875
20250723_235843_514,53,1,1,-45.0,9.553152992944945,-93.03507995605469,-93.03507995605469,0.10204148292541504,0.2682492733001709,1,1,OffsetFailed,2,1,-45.0,9.16044874302942,0,[],0.10173225402832031,0.05043339729309082,0.05044245719909668,0.00038695335388183594,0.0007624626159667969
20250723_235843_886,53,1,1,-45.0,9.274410774408139,-92.64356231689453,-92.64356231689453,0.10036110877990723,0.2680976390838623,1,1,OffsetFailed,2,1,-45.0,9.458722769050695,0,[],0.10002303123474121,0.05046248435974121,0.05045747756958008,0.00039458274841308594,0.0007894039154052734
20250723_235844_255,53,1,1,-45.0,9.759941540808057,-92.75449867248535,-92.75449867248535,0.10143589973449707,0.2689974308013916,1,1,OffsetFailed,2,1,-45.0,9.434684780859925,0,[],0.1011359691619873,0.05047440528869629,0.05045437812805176,0.0003941059112548828,0.0007250308990478516
20250723_235844_628,53,1,1,-45.0,9.386492332410555,-92.40239715576172,-92.40239715576172,0.10352730751037598,0.2688925266265869,1,1,OffsetFailed,2,1,-45.0,9.554007242914508,0,[],0.10322141647338867,0.05045318603515625,0.05042743682861328,0.0004074573516845703,0.0007691383361816406
20250723_235845_002,53,1,1,-45.0,9.807043436473663,-92.42454528808594,-92.42454528808594,0.10041475296020508,0.2711942195892334,1,1,OffsetFailed,2,1,-45.0,9.5543384057234,0,[],0.10008454322814941,0.05044817924499512,0.050454139709472656,0.00039124488830566406,0.0007319450378417969
20250723_235845_375,54,1,1,-45.0,9.554264204074983,-92.77661895751953,-92.77661895751953,0.10637831687927246,0.26874804496765137,1,1,OffsetFailed,2,1,-45.0,9.187274062015717,0,[],0.10605430603027344,0.05042099952697754,0.050451040267944336,0.0004010200500488281,0.00074005126953125
20250723_235845_751,54,1,1,-45.0,9.187511012249075,-93.180908203125,-93.180908203125,0.10233902931213379,0.2681112289428711,1,1,OffsetFailed,2,1,-45.0,8.9241827615526,0,[],0.10198688507080078,0.050469398498535156,0.050478458404541016,0.0003979206085205078,0.0007190704345703125
20250723_235846_124,54,1,1,-45.0,9.187626228452459,-92.77661895751953,-92.77661895751953,0.10015535354614258,0.2682759761810303,1,1,OffsetFailed,2,1,-45.0,9.26327688267881,0,[],0.09978842735290527,0.05047345161437988,0.05049490928649902,0.0003979206085205078,0.0007843971252441406
20250723_235846_493,54,NO_RADIO,1,-45.0,9.459601017767966,-92.478271484375,-92.478271484375,0.10078930854797363,0.1020662784576416,1,,CenterFallback,1,32,0,,,[],0.10049057006835938,0.05044722557067871,0.05042624473571777,0.0003936290740966797,0.0007569789886474609
20250723_235846_698,54,1,1,-45.0,9.387020693739487,-92.62395515441895,-92.62395515441895,0.10117006301879883,0.2608504295349121,1,1,OffsetFailed,2,1,-45.0,9.263720509159043,0,[],0.10085940361022949,0.05042076110839844,0.05042219161987305,0.05671882629394531,0.0007238388061523438
20250723_235847_062,54,NO_RADIO,1,-45.0,9.187817196200427,-92.85452270507812,-92.85452270507812,0.10138487815856934,0.15854191780090332,1,,CenterFallback,1,32,0,,,[],0.10102581977844238,0.05045437812805176,0.0504610538482666,0.056757450103759766,0.0008172988891601562
20250723_235847_323,54,NO_RADIO,1,-45.0,9.187880130005425,-92.70008850097656,-92.70008850097656,0.10116362571716309,0.10206937789916992,1,,CenterFallback,1,32,0,,,[],0.10085010528564453,0.05040740966796875,0.050454139709472656,0.0003979206085205078,0.0007700920104980469
20250723_235847_528,54,1,1,-45.0,9.263862387928995,-92.6426284790039,-92.6426284790039,0.10189938545227051,0.261293888092041,1,1,OffsetFailed,2,1,-45.0,9.387771284460811,0,[],0.10155034065246582,0.05041074752807617,0.05045580863952637,0.05674171447753906,0.0007464885711669922
20250723_235847_893,54,NO_RADIO,1,-45.0,9.031969233762453,-93.11781311035156,-93.11781311035156,0.09840869903564453,0.15849041938781738,1,,CenterFallback,1,32,0,,,[],0.098052978515625,0.0504608154296875,0.05046963691711426,0.05676531791687012,0.0007395744323730469
20250723_235848_151,54,NO_RADIO,1,-45.0,9.43642313488563,-92.42454528808594,-92.42454528808594,0.10174727439880371,0.10212945938110352,1,,CenterFallback,1,32,0,,,[],0.10140490531921387,0.05046820640563965,0.05047726631164551,0.00039577484130859375,0.0007469654083251953
20250723_235848_357,54,1,1,-45.0,9.195883185581167,-92.478271484375,-92.478271484375,0.10383915901184082,0.26104283332824707,1,1,OffsetFailed,2,1,-45.0,9.555695395354846,0,[],0.10346341133117676,0.05046892166137695,0.05047345161437988,0.05672264099121094,0.0007290840148925781
20250723_235848_723,54,NO_RADIO,1,-45.0,9.162699745337022,-93.11367645263672,-93.11367645263672,0.10212516784667969,0.1588749885559082,1,,CenterFallback,1,32,0,,,[],0.1018073558807373,0.050455331802368164,0.05047321319580078,0.0567469596862793,0.0011110305786132812
20250723_235848_987,54,1,1,-45.0,9.436822538474814,-92.91387939453125,-92.91387939453125,0.10383462905883789,0.282440185546875,1,1,OffsetFailed,2,1,-45.0,9.188709033706942,0,[],0.10341572761535645,0.05044865608215332,0.05051922798156738,0.0004107952117919922,0.0007359981536865234
20250723_235849_374,55,NO_RADIO,1,-45.0,9.196194610172896,-92.85452270507812,-92.85452270507812,0.09732389450073242,0.10209107398986816,1,,CenterFallback,1,32,0,,,[],0.09693765640258789,0.050473928451538086,0.05046844482421875,0.0003972053527832031,0.0007135868072509766
20250723_235849_575,55,NO_RADIO,1,-45.0,9.196253548725196,-92.64356231689453,-92.64356231689453,0.10156464576721191,0.15845036506652832,1,,CenterFallback,1,32,0,,,[],0.10124778747558594,0.0504145622253418,0.050461769104003906,0.05680727958679199,0.0007147789001464844
20250723_235849_837,55,NO_RADIO,1,-45.0,9.188683258522587,-92.85452270507812,-92.85452270507812,0.10122942924499512,0.10209536552429199,1,,CenterFallback,1,32,0,,,[],0.10088682174682617,0.05044913291931152,0.05046224594116211,0.0003941059112548828,0.0007505416870117188
20250723_235850_042,55,NO_RADIO,1,-45.0,9.264724881517154,-92.8506275177002,-92.8506275177002,0.09999608993530273,0.15844416618347168,1,,CenterFallback,1,32,0,,,[],0.0997164249420166,0.050451040267944336,0.050441741943359375,0.05675101280212402,0.0007467269897460938
20250723_235850_302,55,NO_RADIO,1,-45.0,9.188539199490137,-92.85452270507812,-92.85452270507812,0.10503244400024414,0.10207438468933105,1,,CenterFallback,1,32,0,,,[],0.10471677780151367,0.050455331802368164,0.05045032501220703,0.0003991127014160156,0.0007305145263671875
20250723_235850_511,55,NO_RADIO,1,-45.0,9.18856742949383,-92.85452270507812,-92.85452270507812,0.1005561351776123,0.15840816497802734,1,,CenterFallback,1,32,0,,,[],0.10024189949035645,0.05046534538269043,0.05046844482421875,0.05670928955078125,0.0007107257843017578
20250723_235850_771,55,NO_RADIO,1,-45.0,9.393442130234163,-92.75736236572266,-92.75736236572266,0.10341715812683105,0.10210585594177246,1,,CenterFallback,1,32,0,,,[],0.1030893325805664,0.05045199394226074,0.05047154426574707,0.00040459632873535156,0.0007379055023193359
20250723_235850_978,55,NO_RADIO,1,-45.0,9.277106299561126,-92.9109115600586,-92.9109115600586,0.10074925422668457,0.1584484577178955,1,,CenterFallback,1,32,0,,,[],0.10042500495910645,0.05044198036193848,0.050447940826416016,0.05676150321960449,0.0007188320159912109
20250723_235851_239,55,NO_RADIO,1,-45.0,9.032496418849774,-92.9109115600586,-92.9109115600586,0.10078954696655273,0.10210967063903809,1,,CenterFallback,1,32,0,,,[],0.10045218467712402,0.05045819282531738,0.05048394203186035,0.0004010200500488281,0.0007290840148925781
20250723_235851_443,55,NO_RADIO,1,-45.0,9.393275643517185,-92.70008850097656,-92.70008850097656,0.09961199760437012,0.1584913730621338,1,,CenterFallback,1,32,0,,,[],0.09930133819580078,0.05046677589416504,0.05043482780456543,0.056778907775878906,0.0007579326629638672
20250723_235851_703,55,NO_RADIO,1,-45.0,9.437100323967755,-92.64356231689453,-92.64356231689453,0.10067939758300781,0.10212421417236328,1,,CenterFallback,1,32,0,,,[],0.10034680366516113,0.050440311431884766,0.0505061149597168,0.0004093647003173828,0.0007221698760986328
20250723_235851_907,55,NO_RADIO,1,-45.0,9.439722332618885,-92.70008850097656,-92.70008850097656,0.10197925567626953,0.15841412544250488,1,,CenterFallback,1,32,0,,,[],0.10168647766113281,0.05041909217834473,0.05045914649963379,0.05674123764038086,0.0007441043853759766
20250723_235852_169,55,NO_RADIO,1,-45.0,9.43731168549921,-92.69726219177247,-92.69726219177247,0.10223865509033203,0.10208725929260254,1,,CenterFallback,1,32,0,,,[],0.10192322731018066,0.0504605770111084,0.050459861755371094,0.0004088878631591797,0.0007169246673583984
20250723_235852_375,55,NO_RADIO,1,-45.0,9.189018009717188,-92.77661895751953,-92.77661895751953,0.10419678688049316,0.15851259231567383,1,,CenterFallback,1,32,0,,,[],0.10387516021728516,0.05049705505371094,0.050466299057006836,0.056737422943115234,0.0007586479187011719
20250723_235852_640,55,1,1,-45.0,9.461249652395608,-91.62976837158203,-91.62976837158203,0.10201644897460938,0.26788783073425293,1,1,OffsetFailed,2,2,-43.5,10.406203923108734,1,[],0.10172390937805176,0.05047774314880371,0.05044054985046387,0.00039005279541015625,0.0007314682006835938
20250723_235853_011,55,1,1,-45.0,10.269223346153112,-91.62976837158203,-91.62976837158203,0.10183930397033691,0.2686009407043457,1,1,OffsetFailed,2,2,-43.5,10.539650945899751,1,[],0.10150527954101562,0.05047130584716797,0.050466060638427734,0.00039839744567871094,0.0007009506225585938
20250723_235853_383,56,1,1,-45.0,10.269219160573897,-91.95116729736328,-91.95116729736328,0.1009068489074707,0.2694966793060303,1,1,OffsetFailed,2,3,-42.1,10.065734240128634,2,[],0.10056567192077637,0.05044674873352051,0.050454139709472656,0.0003917217254638672,0.0007114410400390625
20250723_235853_755,56,1,1,-45.0,10.14866775947172,-92.06598663330078,-92.06598663330078,0.10003972053527832,0.2684669494628906,1,1,OffsetFailed,2,3,-42.1,10.148725759742717,2,[],0.09969282150268555,0.050487518310546875,0.05047178268432617,0.0003974437713623047,0.0007228851318359375
20250723_235854_125,56,1,1,-45.0,10.002958375797604,-92.14871215820312,-92.14871215820312,0.10614824295043945,0.2682516574859619,1,1,OffsetFailed,2,3,-42.1,9.895691211402607,2,[],0.10575556755065918,0.05052614212036133,0.05051136016845703,0.0003962516784667969,0.0007388591766357422
20250723_235854_501,56,1,1,-45.0,10.00310095847361,-91.81137084960938,-91.81137084960938,0.0985558032989502,0.26979494094848633,1,1,OffsetFailed,2,3,-42.1,10.32977071166141,2,[],0.09821510314941406,0.05046391487121582,0.050518035888671875,0.00041103363037109375,0.0007669925689697266
20250723_235854_872,56,NO_RADIO,1,-45.0,10.407785366202688,-91.58406295776368,-91.58406295776368,0.10122990608215332,0.10240006446838379,1,,CenterFallback,1,32,0,,,[],0.10090804100036621,0.05057048797607422,0.050520896911621094,0.00043201446533203125,0.00083160400390625
20250723_235855_077,56,NO_RADIO,1,-45.0,9.438764237578297,-92.75736236572266,-92.75736236572266,0.1010897159576416,0.15839409828186035,1,,CenterFallback,1,32,0,,,[],0.10073566436767578,0.050444841384887695,0.050444602966308594,0.056725263595581055,0.0007269382476806641
20250723_235855_338,56,NO_RADIO,1,-45.0,9.198386224409859,-92.77661895751953,-92.77661895751953,0.10014128684997559,0.10210871696472168,1,,CenterFallback,1,32,0,,,[],0.09977841377258301,0.05045652389526367,0.05048060417175293,0.00040078163146972656,0.0007328987121582031
20250723_235855_542,56,1,1,-45.0,9.198242199663667,-92.06598663330078,-92.06598663330078,0.09826469421386719,0.26111316680908203,1,1,OffsetFailed,2,2,-43.5,9.939866593907013,1,[],0.09796428680419922,0.05044698715209961,0.05044221878051758,0.05674338340759277,0.0007266998291015625
20250723_235855_903,56,1,1,-45.0,9.034943843375743,-92.19911193847656,-92.19911193847656,0.1010749340057373,0.26096034049987793,1,1,OffsetFailed,2,2,-43.5,9.897158853060233,1,[],0.10071992874145508,0.05045032501220703,0.050473690032958984,0.05672812461853027,0.0007128715515136719
20250723_235856_267,56,1,1,-45.0,9.191055327059473,-92.31904602050781,-92.31904602050781,0.10130715370178223,0.2610816955566406,1,1,OffsetFailed,2,2,-43.5,9.558531348529755,1,[],0.10098147392272949,0.05045652389526367,0.050418853759765625,0.05673098564147949,0.0007526874542236328
20250723_235856_630,56,1,1,-45.0,9.191631514857093,-91.87053565979004,-91.87053565979004,0.10259246826171875,0.2612581253051758,1,1,OffsetFailed,2,2,-43.5,10.40900781230863,1,[],0.10224652290344238,0.050451040267944336,0.05048322677612305,0.05674481391906738,0.0007331371307373047
20250723_235856_996,56,1,1,-45.0,9.191756506377573,-92.77661895751953,-92.77661895751953,0.09981989860534668,0.26907777786254883,1,1,OffsetFailed,2,2,-43.5,9.267292694828427,1,[],0.09949874877929688,0.050447702407836914,0.05045890808105469,0.05676126480102539,0.0011034011840820312
20250723_235857_366,57,1,1,-45.0,9.191326290399317,-93.24492645263672,-93.24492645263672,0.10284590721130371,0.26111412048339844,1,1,OffsetFailed,2,4,-40.6,8.589680890008808,3,[],0.10250568389892578,0.0504610538482666,0.05046248435974121,0.056749582290649414,0.0007970333099365234
20250723_235857_732,57,NO_RADIO,1,-45.0,9.035666547733342,-93.11781311035156,-93.11781311035156,0.10135412216186523,0.15855717658996582,1,,CenterFallback,1,32,0,,,[],0.10101318359375,0.05047130584716797,0.05049705505371094,0.056765079498291016,0.0007660388946533203
20250723_235857_993,57,NO_RADIO,1,-45.0,8.9825773867653,-92.85452270507812,-92.85452270507812,0.10080742835998535,0.1021108627319336,1,,CenterFallback,1,32,0,,,[],0.1004791259765625,0.05047297477722168,0.05044889450073242,0.0003962516784667969,0.0007526874542236328
20250723_235858_198,57,NO_RADIO,1,-45.0,9.191818753315829,-92.77661895751953,-92.77661895751953,0.09989547729492188,0.15843963623046875,1,,CenterFallback,1,32,0,,,[],0.09957313537597656,0.05043458938598633,0.05048418045043945,0.05671834945678711,0.0007512569427490234
20250723_235858_458,57,NO_RADIO,1,-45.0,9.166340307676393,-92.91387939453125,-92.91387939453125,0.10115694999694824,0.10221028327941895,1,,CenterFallback,1,32,0,,,[],0.10081720352172852,0.05046510696411133,0.05047917366027832,0.0004055500030517578,0.0008263587951660156
20250723_235858_663,57,NO_RADIO,1,-45.0,9.396682533504531,-92.75736236572266,-92.75736236572266,0.12404608726501465,0.1587226390838623,1,,CenterFallback,1,32,0,,,[],0.12371706962585449,0.05053520202636719,0.05053091049194336,0.056772470474243164,0.0008261203765869141
20250723_235858_947,57,1,1,-45.0,9.166671069745718,-95.6165771484375,-95.6165771484375,0.10365462303161621,0.2691168785095215,1,1,OffsetFailed,2,4,-40.6,6.381970836654602,3,[],0.10328364372253418,0.05052995681762695,0.05048203468322754,0.00040078163146972656,0.0007615089416503906
20250723_235859_322,57,1,1,-45.0,6.430726380109718,-93.11781311035156,-93.11781311035156,0.10142159461975098,0.2779700756072998,1,1,OffsetFailed,2,1,-45.0,9.049922111217583,0,[],0.10108375549316406,0.050496816635131836,0.05050301551818848,0.0004189014434814453,0.0011112689971923828
20250723_235859_703,57,1,1,-45.0,9.192690841148561,-95.76765441894531,-95.76765441894531,0.10305356979370117,0.2710585594177246,1,1,OffsetFailed,2,4,-40.6,6.182761212508666,3,[],0.10268330574035645,0.05052900314331055,0.050513505935668945,0.0004184246063232422,0.0007145404815673828
20250723_235900_079,57,1,1,-45.0,6.027138806728701,-92.70008850097656,-92.70008850097656,0.10114145278930664,0.26917171478271484,1,1,OffsetFailed,2,1,-45.0,9.19341260808848,0,[],0.10074615478515625,0.05054616928100586,0.05054044723510742,0.0004258155822753906,0.0008060932159423828
20250723_235900_451,57,1,1,-45.0,9.269641330615912,-95.76765441894531,-95.76765441894531,0.10092544555664062,0.26944446563720703,1,1,OffsetFailed,2,4,-40.6,6.183684880670967,3,[],0.1006174087524414,0.05045056343078613,0.050420522689819336,0.00039696693420410156,0.0006983280181884766
20250723_235900_823,57,1,1,-45.0,6.1839869927691495,-93.11781311035156,-93.11781311035156,0.10342860221862793,0.2688789367675781,1,1,OffsetFailed,2,1,-45.0,8.985163661683458,0,[],0.10310673713684082,0.0504460334777832,0.05045366287231445,0.0004012584686279297,0.0007243156433105469
20250723_235901_197,58,1,1,-45.0,9.168544564187329,-95.9241714477539,-95.9241714477539,0.10359597206115723,0.2691206932067871,1,1,OffsetFailed,2,4,-40.6,6.184244965552139,3,[],0.10325002670288086,0.05053234100341797,0.05049848556518555,0.00042366981506347656,0.0011072158813476562
20250723_235901_572,58,1,1,-45.0,6.184521924690998,-92.85452270507812,-92.85452270507812,0.10193157196044922,0.27008485794067383,1,1,OffsetFailed,2,1,-45.0,8.931708413495215,0,[],0.10154080390930176,0.05050921440124512,0.050462961196899414,0.00043582916259765625,0.0009751319885253906
20250723_235901_945,58,1,1,-45.0,9.16950479570906,-95.65199050903321,-95.65199050903321,0.09777069091796875,0.268512487411499,1,1,OffsetFailed,2,6,-37.7,6.185157752497403,5,[],0.09746003150939941,0.05045056343078613,0.05046582221984863,0.0004107952117919922,0.0008592605590820312
20250723_235902_313,58,1,1,-45.0,6.1854984889300795,-93.03507995605469,-93.03507995605469,0.09919261932373047,0.2692394256591797,1,1,OffsetFailed,2,1,-45.0,9.039624905294659,0,[],0.09885692596435547,0.05047464370727539,0.050431013107299805,0.00040268898010253906,0.0007371902465820312
20250723_235902_683,58,1,1,-45.0,9.039770060873252,-95.65199050903321,-95.65199050903321,0.1018979549407959,0.2685253620147705,1,1,OffsetFailed,2,6,-37.7,6.385557626973323,5,[],0.1015927791595459,0.050454139709472656,0.050475120544433594,0.0003986358642578125,0.0006961822509765625
20250723_235903_055,58,1,1,-45.0,6.385888395491207,-92.14871215820312,-92.14871215820312,0.10425853729248047,0.268204927444458,1,1,OffsetFailed,2,2,-43.5,9.582133615405652,1,[],0.10387754440307617,0.050453901290893555,0.050538063049316406,0.0004227161407470703,0.0008058547973632812
20250723_235903_429,58,1,1,-45.0,9.56355011412063,-94.71480560302734,-94.71480560302734,0.10129928588867188,0.2688474655151367,1,1,OffsetFailed,2,7,-36.3,7.266089705770014,6,[],0.10096430778503418,0.05043792724609375,0.05047750473022461,0.000408172607421875,0.0007016658782958984
20250723_235903_801,58,1,1,-45.0,6.935343910926065,-92.46029663085938,-92.46029663085938,0.10337471961975098,0.26927661895751953,1,1,OffsetFailed,2,2,-43.5,9.747786471798506,1,[],0.1030886173248291,0.05043435096740723,0.05051422119140625,0.0004222393035888672,0.0010781288146972656
20250723_235904_175,58,1,1,-45.0,9.77000373235461,-94.96305084228516,-94.96305084228516,0.1023855209350586,0.2677438259124756,1,1,OffsetFailed,2,7,-36.3,7.145051834361212,6,[],0.10207176208496094,0.050510406494140625,0.05045032501220703,0.000400543212890625,0.0007421970367431641
20250723_235904_547,58,NO_RADIO,1,-45.0,7.062583725925421,-94.96146011352539,-94.96146011352539,0.10098457336425781,0.10218119621276855,1,,CenterFallback,1,32,0,,,[],0.10062050819396973,0.05044817924499512,0.05048775672912598,0.0004134178161621094,0.0007956027984619141
20250723_235904_752,58,1,1,-45.0,9.17362731903512,-93.42042541503906,-93.42042541503906,0.10117268562316895,0.26151514053344727,1,1,OffsetFailed,2,6,-37.7,8.53586668248468,5,[],0.10083365440368652,0.050513505935668945,0.05045366287231445,0.05673527717590332,0.0007457733154296875
20250723_235905_116,58,1,1,-45.0,9.196820931131086,-92.75736236572266,-92.75736236572266,0.09975290298461914,0.2713477611541748,1,1,OffsetFailed,2,6,-37.7,9.19662021409431,5,[],0.09943079948425293,0.050455331802368164,0.05044388771057129,0.05676627159118652,0.0010738372802734375
20250723_235905_489,59,1,1,-45.0,8.597938160320723,-93.99395751953125,-93.99395751953125,0.10579347610473633,0.2610626220703125,1,1,OffsetFailed,2,9,-33.4,8.032131399300312,8,[],0.10547232627868652,0.0504603385925293,0.0504457950592041,0.056784629821777344,0.0007765293121337891
20250723_235905_857,59,1,1,-45.0,8.739960049712892,-93.99395751953125,-93.99395751953125,0.10230588912963867,0.26102542877197266,1,1,OffsetFailed,2,9,-33.4,8.228451246969172,8,[],0.1019906997680664,0.05046272277832031,0.05043816566467285,0.05672597885131836,0.0007600784301757812
20250723_235906_222,59,1,1,-45.0,8.85207083206781,-93.62672424316406,-93.62672424316406,0.1055440902709961,0.2609853744506836,1,1,OffsetFailed,2,9,-33.4,8.47691217389037,8,[],0.10519242286682129,0.050443410873413086,0.05046272277832031,0.056710243225097656,0.0007696151733398438
20250723_235906_590,59,NO_RADIO,1,-45.0,8.85245242582991,-93.180908203125,-93.180908203125,0.09960675239562988,0.15842771530151367,1,,CenterFallback,1,32,0,,,[],0.09929323196411133,0.05045461654663086,0.05042600631713867,0.05675220489501953,0.0007429122924804688
20250723_235906_850,59,NO_RADIO,1,-45.0,9.172443130666565,-93.17775344848633,-93.17775344848633,0.10054326057434082,0.10201811790466309,1,,CenterFallback,1,32,0,,,[],0.10022139549255371,0.05044889450073242,0.05040335655212402,0.0003941059112548828,0.000732421875
20250723_235907_054,59,1,1,-45.0,9.172521680116233,-93.99395751953125,-93.99395751953125,0.10208320617675781,0.26120638847351074,1,1,OffsetFailed,2,10,-31.9,8.033115364892723,9,[],0.10176324844360352,0.050507545471191406,0.050445556640625,0.0567324161529541,0.0008060932159423828
20250723_235907_419,59,NO_RADIO,1,-45.0,8.625538512183567,-93.28813934326172,-93.28813934326172,0.09652137756347656,0.15854287147521973,1,,CenterFallback,1,32,0,,,[],0.09616804122924805,0.050522565841674805,0.05043435096740723,0.05676722526550293,0.0007650852203369141
20250723_235907_675,59,NO_RADIO,1,-45.0,8.852258478998962,-93.11367645263672,-93.11367645263672,0.10198831558227539,0.10213136672973633,1,,CenterFallback,1,32,0,,,[],0.1016688346862793,0.05045437812805176,0.05044841766357422,0.00041222572326660156,0.0007753372192382812
20250723_235907_881,59,1,1,-45.0,8.852467221468245,-93.24492645263672,-93.24492645263672,0.1018524169921875,0.2609982490539551,1,1,OffsetFailed,2,9,-33.4,8.85272882360627,8,[],0.10151553153991699,0.05045032501220703,0.05043148994445801,0.0567166805267334,0.0007908344268798828
20250723_235908_246,59,1,1,-45.0,8.93506626893084,-94.01957702636719,-94.01957702636719,0.09865570068359375,0.26107001304626465,1,1,OffsetFailed,2,9,-33.4,8.033427708591717,8,[],0.09834671020507812,0.050473928451538086,0.05046987533569336,0.05673360824584961,0.000766754150390625
20250723_235908_607,59,NO_RADIO,1,-45.0,9.042753191671267,-92.85452270507812,-92.85452270507812,0.10131645202636719,0.15855646133422852,1,,CenterFallback,1,32,0,,,[],0.10098409652709961,0.050447702407836914,0.05048060417175293,0.05680441856384277,0.0007662773132324219
20250723_235908_868,59,1,1,-45.0,8.853034851046857,-93.79424285888672,-93.79424285888672,0.10290312767028809,0.2677183151245117,1,1,OffsetFailed,2,9,-33.4,8.261338101299614,8,[],0.10252571105957031,0.05047106742858887,0.05047345161437988,0.0004093647003173828,0.0007383823394775391
20250723_235909_241,59,NO_RADIO,1,-45.0,8.229926986152776,-94.01957702636719,-94.01957702636719,0.10052633285522461,0.10208511352539062,1,,CenterFallback,1,32,0,,,[],0.10024166107177734,0.05046391487121582,0.0504610538482666,0.00039768218994140625,0.0007221698760986328
20250723_235909_445,60,NO_RADIO,1,-45.0,8.538208788829735,-93.62672424316406,-93.62672424316406,0.10118627548217773,0.15844202041625977,1,,CenterFallback,1,32,0,,,[],0.10086297988891602,0.05043292045593262,0.050441741943359375,0.05674290657043457,0.0007698535919189453
20250723_235909_706,60,NO_RADIO,1,-45.0,8.597494742925875,-93.61753158569337,-93.61753158569337,0.10215353965759277,0.1021127700805664,1,,CenterFallback,1,32,0,,,[],0.10188841819763184,0.05049705505371094,0.05047965049743652,0.00038743019104003906,0.0007030963897705078
20250723_235909_912,60,1,1,-45.0,8.544327586871646,-94.92041473388673,-94.92041473388673,0.10356760025024414,0.26111412048339844,1,1,OffsetFailed,2,13,-27.6,6.895175619472127,12,[],0.10324788093566895,0.050507545471191406,0.05048727989196777,0.05672883987426758,0.0007522106170654297
20250723_235910_278,60,1,1,-45.0,8.544494683476884,-93.79424285888672,-93.79424285888672,0.10463428497314453,0.26116275787353516,1,1,OffsetFailed,2,13,-27.6,8.03462684801714,12,[],0.10425972938537598,0.05049729347229004,0.050481557846069336,0.056723833084106445,0.0008225440979003906
20250723_235910_646,60,NO_RADIO,1,-45.0,8.854334941081632,-93.180908203125,-93.180908203125,0.10113167762756348,0.15847349166870117,1,,CenterFallback,1,32,0,,,[],0.10081243515014648,0.050452232360839844,0.05046272277832031,0.056732177734375,0.0007717609405517578
20250723_235910_907,60,NO_RADIO,1,-45.0,8.50901178965566,-93.62672424316406,-93.62672424316406,0.10063314437866211,0.10213780403137207,1,,CenterFallback,1,32,0,,,[],0.10033583641052246,0.0504453182220459,0.050485849380493164,0.00040149688720703125,0.0007653236389160156
20250723_235911_111,60,NO_RADIO,1,-45.0,8.74250121332851,-93.180908203125,-93.180908203125,0.10090827941894531,0.1585245132446289,1,,CenterFallback,1,32,0,,,[],0.10057353973388672,0.05044293403625488,0.0504450798034668,0.0567479133605957,0.0008325576782226562
20250723_235911_372,60,1,1,-45.0,8.742502079039241,-94.96305084228516,-94.96305084228516,0.10415792465209961,0.28048157691955566,1,1,OffsetFailed,2,13,-27.6,6.895827661605381,12,[],0.10382080078125,0.05040478706359863,0.050490617752075195,0.0003952980041503906,0.0007288455963134766
20250723_235911_758,60,1,1,-45.0,6.763736661109903,-96.04537200927734,-96.04537200927734,0.10117459297180176,0.26961541175842285,1,1,OffsetFailed,2,4,-40.6,6.050062361963796,3,[],0.10086846351623535,0.050478458404541016,0.0504612922668457,0.00040721893310546875,0.0007650852203369141
20250723_235912_131,60,NO_RADIO,1,-45.0,6.390324565939267,-95.76765441894531,-95.76765441894531,0.10066699981689453,0.10211896896362305,1,,CenterFallback,1,32,0,,,[],0.10032081604003906,0.05046224594116211,0.050466060638427734,0.00040149688720703125,0.00075531005859375
20250723_235912_335,60,NO_RADIO,1,-45.0,8.937676488929853,-93.11781311035156,-93.11781311035156,0.10062670707702637,0.15880179405212402,1,,CenterFallback,1,32,0,,,[],0.10031366348266602,0.050475358963012695,0.05046343803405762,0.05671501159667969,0.0010783672332763672
20250723_235912_597,60,NO_RADIO,1,-45.0,9.04487449722653,-92.91387939453125,-92.91387939453125,0.10178279876708984,0.10212540626525879,1,,CenterFallback,1,32,0,,,[],0.10140347480773926,0.050467491149902344,0.050466299057006836,0.0004024505615234375,0.0007331371307373047
20250723_235912_802,60,1,1,-45.0,8.628537028197627,-94.1500015258789,-94.1500015258789,0.1030268669128418,0.2609834671020508,1,1,OffsetFailed,2,13,-27.6,7.724821960982723,12,[],0.1027066707611084,0.05044078826904297,0.05046367645263672,0.05671882629394531,0.0007359981536865234
20250723_235913_168,60,NO_RADIO,1,-45.0,8.743823260520017,-93.180908203125,-93.180908203125,0.10184526443481445,0.15849828720092773,1,,CenterFallback,1,32,0,,,[],0.10151147842407227,0.05046796798706055,0.05046486854553223,0.056737661361694336,0.0007746219635009766
20250723_235913_430,61,NO_RADIO,1,-45.0,8.938169908834197,-93.180908203125,-93.180908203125,0.1014406681060791,0.1021425724029541,1,,CenterFallback,1,32,0,,,[],0.10109615325927734,0.050458669662475586,0.050478458404541016,0.0004069805145263672,0.0007600784301757812
20250723_235913_635,61,NO_RADIO,1,-45.0,8.628881942162707,-93.37588500976562,-93.37588500976562,0.10092568397521973,0.1586456298828125,1,,CenterFallback,1,32,0,,,[],0.1005852222442627,0.05051565170288086,0.05046200752258301,0.056801795959472656,0.0008122920989990234
20250723_235913_896,61,NO_RADIO,1,-45.0,8.264277849003435,-93.91798400878906,-93.91798400878906,0.10201454162597656,0.10211491584777832,1,,CenterFallback,1,32,0,,,[],0.10169219970703125,0.050473690032958984,0.0504765510559082,0.00040459632873535156,0.0007255077362060547
20250723_235914_102,61,NO_RADIO,1,-45.0,8.232132583493197,-93.99395751953125,-93.99395751953125,0.10178399085998535,0.15889358520507812,1,,CenterFallback,1,32,0,,,[],0.10143446922302246,0.050514936447143555,0.05046987533569336,0.05677390098571777,0.0010600090026855469
20250723_235914_365,61,NO_RADIO,1,-45.0,8.48048775134022,-93.62672424316406,-93.62672424316406,0.10133695602416992,0.10207486152648926,1,,CenterFallback,1,32,0,,,[],0.1008608341217041,0.050458431243896484,0.0504603385925293,0.00039076805114746094,0.0007257461547851562
20250723_235914_569,61,NO_RADIO,1,-45.0,8.264136624928767,-93.72166442871094,-93.72166442871094,0.09847903251647949,0.1584782600402832,1,,CenterFallback,1,32,0,,,[],0.09811711311340332,0.050436973571777344,0.05042529106140137,0.05676770210266113,0.000797271728515625
20250723_235914_828,61,NO_RADIO,1,-45.0,8.232255792114358,-93.74571990966797,-93.74571990966797,0.09971499443054199,0.1020967960357666,1,,CenterFallback,1,32,0,,,[],0.09937453269958496,0.050466060638427734,0.05045819282531738,0.0003986358642578125,0.0007376670837402344
20250723_235915_031,61,NO_RADIO,1,-45.0,8.264026000679237,-93.79424285888672,-93.79424285888672,0.10156679153442383,0.1585686206817627,1,,CenterFallback,1,32,0,,,[],0.10122132301330566,0.050478458404541016,0.05045008659362793,0.05673718452453613,0.0008504390716552734
20250723_235915_293,61,NO_RADIO,1,-45.0,8.264244020056708,-93.99395751953125,-93.99395751953125,0.10057282447814941,0.10215449333190918,1,,CenterFallback,1,32,0,,,[],0.1002500057220459,0.05046796798706055,0.050482988357543945,0.0004017353057861328,0.0007584095001220703
20250723_235915_498,61,NO_RADIO,1,-45.0,8.285596902635945,-93.72166442871094,-93.72166442871094,0.10151147842407227,0.15845084190368652,1,,CenterFallback,1,32,0,,,[],0.10123634338378906,0.05044150352478027,0.05047154426574707,0.05672717094421387,0.0007562637329101562
20250723_235915_759,61,NO_RADIO,1,-45.0,8.480528232052222,-93.72166442871094,-93.72166442871094,0.1052248477935791,0.10227322578430176,1,,CenterFallback,1,32,0,,,[],0.10485148429870605,0.05050325393676758,0.05047321319580078,0.0004057884216308594,0.0008537769317626953
20250723_235915_968,61,NO_RADIO,1,-45.0,8.51054867390053,-93.91798400878906,-93.91798400878906,0.09849119186401367,0.1584928035736084,1,,CenterFallback,1,32,0,,,[],0.09817957878112793,0.050454139709472656,0.05048966407775879,0.05674290657043457,0.0007555484771728516
20250723_235916_227,61,NO_RADIO,1,-45.0,8.232400595353454,-93.79181671142578,-93.79181671142578,0.10013318061828613,0.10231471061706543,1,,CenterFallback,1,32,0,,,[],0.09979391098022461,0.05047798156738281,0.05049419403076172,0.00040268898010253906,0.0008988380432128906
20250723_235916_431,61,NO_RADIO,1,-45.0,8.540594021582308,-93.41819839477539,-93.41819839477539,0.10051608085632324,0.1584174633026123,1,,CenterFallback,1,32,0,,,[],0.10019445419311523,0.05046963691711426,0.050440073013305664,0.05671548843383789,0.0007424354553222656
20250723_235916_691,61,NO_RADIO,1,-45.0,8.2644295810544,-93.79424285888672,-93.79424285888672,0.10163283348083496,0.10213565826416016,1,,CenterFallback,1,32,0,,,[],0.1013333797454834,0.05046248435974121,0.05047416687011719,0.00041866302490234375,0.0007371902465820312
20250723_235916_897,61,NO_RADIO,1,-45.0,8.510853628702577,-93.62672424316406,-93.62672424316406,0.1018834114074707,0.15857315063476562,1,,CenterFallback,1,32,0,,,[],0.10158562660217285,0.0504453182220459,0.05045509338378906,0.05677294731140137,0.0008463859558105469
20250723_235917_159,61,NO_RADIO,1,-45.0,8.264703975211688,-93.74571990966797,-93.74571990966797,0.10249781608581543,0.1022791862487793,1,,CenterFallback,1,32,0,,,[],0.10215306282043457,0.05046224594116211,0.05045962333679199,0.00040602684020996094,0.0009012222290039062
20250723_235917_365,62,NO_RADIO,1,-45.0,7.969759399660944,-94.01957702636719,-94.01957702636719,0.10082793235778809,0.15854883193969727,1,,CenterFallback,1,32,0,,,[],0.10047769546508789,0.05047345161437988,0.05047798156738281,0.05674457550048828,0.0007998943328857422
20250723_235917_626,62,NO_RADIO,1,-45.0,7.761419263247873,-94.01957702636719,-94.01957702636719,0.1022648811340332,0.10212874412536621,1,,CenterFallback,1,32,0,,,[],0.10193824768066406,0.050507307052612305,0.05046200752258301,0.0003974437713623047,0.0007269382476806641
20250723_235917_832,62,NO_RADIO,1,-45.0,7.7614207244448465,-94.25724792480469,-94.25724792480469,0.10022974014282227,0.1584930419921875,1,,CenterFallback,1,32,0,,,[],0.09990119934082031,0.05046224594116211,0.05044198036193848,0.0567936897277832,0.0007355213165283203
20250723_235918_092,62,NO_RADIO,1,-45.0,7.866693549614141,-94.1500015258789,-94.1500015258789,0.10168862342834473,0.10210084915161133,1,,CenterFallback,1,32,0,,,[],0.10139703750610352,0.050462961196899414,0.05045938491821289,0.00039839744567871094,0.0007417201995849609
20250723_235918_298,62,NO_RADIO,1,-45.0,7.970015879347514,-94.01957702636719,-94.01957702636719,0.10049557685852051,0.1585090160369873,1,,CenterFallback,1,32,0,,,[],0.10014843940734863,0.05046868324279785,0.05043292045593262,0.056710004806518555,0.0008437633514404297
20250723_235918_559,62,NO_RADIO,1,-45.0,7.8671999546592275,-94.14348030090332,-94.14348030090332,0.10159587860107422,0.10219264030456543,1,,CenterFallback,1,32,0,,,[],0.10126590728759766,0.05046892166137695,0.05048036575317383,0.0004076957702636719,0.0007603168487548828
20250723_235918_764,62,NO_RADIO,1,-45.0,7.867449397873884,-94.01957702636719,-94.01957702636719,0.10226559638977051,0.15858793258666992,1,,CenterFallback,1,32,0,,,[],0.1019282341003418,0.05046844482421875,0.050484657287597656,0.0568089485168457,0.0007729530334472656
20250723_235919_026,62,NO_RADIO,1,-45.0,7.726232328441611,-94.25724792480469,-94.25724792480469,0.10235023498535156,0.10211610794067383,1,,CenterFallback,1,32,0,,,[],0.10201859474182129,0.05048394203186035,0.05046796798706055,0.0003917217254638672,0.0007343292236328125
20250723_235919_232,62,NO_RADIO,1,-45.0,7.867409255876382,-94.14348030090332,-94.14348030090332,0.10157036781311035,0.1585090160369873,1,,CenterFallback,1,32,0,,,[],0.1012566089630127,0.050452232360839844,0.05050086975097656,0.05676436424255371,0.0007371902465820312
20250723_235919_494,62,NO_RADIO,1,-45.0,7.867393747422426,-94.33944702148438,-94.33944702148438,0.10040736198425293,0.10210156440734863,1,,CenterFallback,1,32,0,,,[],0.10008764266967773,0.05043649673461914,0.05046486854553223,0.0004029273986816406,0.0007562637329101562
20250723_235919_698,62,NO_RADIO,1,-45.0,7.867573673653766,-93.99395751953125,-93.99395751953125,0.10072445869445801,0.15849614143371582,1,,CenterFallback,1,32,0,,,[],0.10041975975036621,0.05043315887451172,0.05050945281982422,0.05673789978027344,0.0007627010345458984
20250723_235919_959,62,NO_RADIO,1,-45.0,7.8676607840572075,-94.25724792480469,-94.25724792480469,0.10128092765808105,0.10215234756469727,1,,CenterFallback,1,32,0,,,[],0.1009531021118164,0.05046844482421875,0.05043959617614746,0.00038695335388183594,0.0008232593536376953
20250723_235920_164,62,NO_RADIO,1,-45.0,7.867554388762443,-94.33944702148438,-94.33944702148438,0.09980130195617676,0.15862059593200684,1,,CenterFallback,1,32,0,,,[],0.09947466850280762,0.050444602966308594,0.05056428909301758,0.056787729263305664,0.0007677078247070312
20250723_235920_424,62,NO_RADIO,1,-45.0,7.867624300151263,-94.01957702636719,-94.01957702636719,0.10312843322753906,0.10221385955810547,1,,CenterFallback,1,32,0,,,[],0.10281181335449219,0.050475358963012695,0.05054640769958496,0.00039386749267578125,0.0007565021514892578
20250723_235920_631,62,NO_RADIO,1,-45.0,8.037974282458507,-93.99395751953125,-93.99395751953125,0.10174560546875,0.15847539901733398,1,,CenterFallback,1,32,0,,,[],0.10137701034545898,0.050432443618774414,0.050434112548828125,0.05675816535949707,0.000789642333984375
20250723_235920_893,62,NO_RADIO,1,-45.0,7.867840359844038,-94.33944702148438,-94.33944702148438,0.10179901123046875,0.10219240188598633,1,,CenterFallback,1,32,0,,,[],0.10149240493774414,0.05048871040344238,0.050445556640625,0.0004131793975830078,0.0007739067077636719
20250723_235921_098,62,NO_RADIO,1,-45.0,7.8678680955571565,-94.01957702636719,-94.01957702636719,0.10135364532470703,0.15849781036376953,1,,CenterFallback,1,32,0,,,[],0.10101652145385742,0.05045318603515625,0.05045795440673828,0.056760549545288086,0.0007700920104980469
20250723_235921_360,63,NO_RADIO,1,-45.0,7.762196413672285,-94.3353370666504,-94.3353370666504,0.1008310317993164,0.10211038589477539,1,,CenterFallback,1,32,0,,,[],0.10054659843444824,0.05045032501220703,0.05048513412475586,0.0004017353057861328,0.0007348060607910156
20250723_235921_565,63,63,63,45.0,7.151529833721469,-95.15899658203125,-95.15899658203125,0.10220670700073242,0.2617044448852539,63,63,OffsetFailed,2,50,26.1,7.068885104469629,-13,[],0.10185527801513672,0.05047178268432617,0.05046892166137695,0.05673861503601074,0.0007977485656738281
20250723_235921_931,63,63,63,45.0,6.898709898434561,-95.14919929504396,-95.14919929504396,0.10195422172546387,0.26100993156433105,63,63,OffsetFailed,2,49,24.7,6.941942561048975,-14,[],0.10153722763061523,0.05047869682312012,0.05048346519470215,0.05673670768737793,0.0007755756378173828
20250723_235922_295,63,NO_RADIO,63,45.0,7.543374545794649,-94.6549072265625,-94.6549072265625,0.0983572006225586,0.1584780216217041,63,,CenterFallback,1,32,0,,,[],0.09799695014953613,0.050438642501831055,0.050462961196899414,0.0567624568939209,0.0007605552673339844
20250723_235922_554,63,NO_RADIO,63,45.0,7.272975649411109,-94.68475341796875,-94.68475341796875,0.10206174850463867,0.10215902328491211,63,,CenterFallback,1,32,0,,,[],0.10173439979553223,0.050464630126953125,0.05050182342529297,0.0003917217254638672,0.0007662773132324219
20250723_235922_760,63,NO_RADIO,63,45.0,6.942178339967313,-94.93123626708984,-94.93123626708984,0.09851431846618652,0.15854573249816895,63,,CenterFallback,1,32,0,,,[],0.0981590747833252,0.05049705505371094,0.0504605770111084,0.05674338340759277,0.0007915496826171875
20250723_235923_018,63,63,63,45.0,7.430014887483111,-95.4295696258545,-95.4295696258545,0.09916448593139648,0.26928091049194336,63,63,OffsetFailed,2,50,26.1,6.441878621010687,-13,[],0.09885001182556152,0.050455331802368164,0.05047893524169922,0.0003974437713623047,0.0007307529449462891
20250723_235923_388,63,NO_RADIO,63,45.0,6.811938216963583,-95.32933807373047,-95.32933807373047,0.09399223327636719,0.10205221176147461,63,,CenterFallback,1,32,0,,,[],0.09368515014648438,0.05047178268432617,0.05044221878051758,0.0003981590270996094,0.0007004737854003906
20250723_235923_586,63,NO_RADIO,63,45.0,7.430525331262544,-94.6549072265625,-94.6549072265625,0.10162734985351562,0.15845394134521484,63,,CenterFallback,1,32,0,,,[],0.10131573677062988,0.050444602966308594,0.05051422119140625,0.05671572685241699,0.0007255077362060547
20250723_235923_847,63,63,63,45.0,7.274003940307352,-95.65385437011719,-95.65385437011719,0.10166239738464355,0.2695121765136719,63,63,OffsetFailed,2,50,26.1,6.194207712508458,-13,[],0.10132360458374023,0.050451040267944336,0.05047154426574707,0.00040411949157714844,0.0007522106170654297
20250723_235924_220,63,NO_RADIO,63,45.0,6.393998701325231,-95.65385437011719,-95.65385437011719,0.10283541679382324,0.10222411155700684,63,,CenterFallback,1,32,0,,,[],0.10252690315246582,0.05049777030944824,0.050470829010009766,0.0004000663757324219,0.0008177757263183594
20250723_235924_427,63,NO_RADIO,63,45.0,7.070723999744445,-94.96146011352539,-94.96146011352539,0.10083246231079102,0.15847015380859375,63,,CenterFallback,1,32,0,,,[],0.10046553611755371,0.05044722557067871,0.050458431243896484,0.05675983428955078,0.0007505416870117188
20250723_235924_688,63,NO_RADIO,63,45.0,7.0707118131723234,-94.93123626708984,-94.93123626708984,0.10210537910461426,0.10198760032653809,63,,CenterFallback,1,32,0,,,[],0.10175490379333496,0.050449371337890625,0.05043148994445801,0.0003845691680908203,0.0006902217864990234
20250723_235924_893,63,NO_RADIO,63,45.0,7.431062729991027,-94.59435501098633,-94.59435501098633,0.10171198844909668,0.15852594375610352,63,,CenterFallback,1,32,0,,,[],0.10140776634216309,0.05044889450073242,0.05045628547668457,0.05679512023925781,0.0007729530334472656
20250723_235925_155,63,NO_RADIO,63,45.0,7.4310250324699325,-94.68475341796875,-94.68475341796875,0.10049200057983398,0.1020822525024414,63,,CenterFallback,1,32,0,,,[],0.10019040107727051,0.050459861755371094,0.05044126510620117,0.00039839744567871094,0.0007410049438476562
20250723_235925_359,64,NO_RADIO,63,45.0,7.2745666524188835,-94.68475341796875,-94.68475341796875,0.09798121452331543,0.15853238105773926,63,,CenterFallback,1,32,0,,,[],0.09764409065246582,0.0504763126373291,0.050459861755371094,0.05674266815185547,0.0008020401000976562
20250723_235925_618,64,NO_RADIO,63,45.0,7.442427874993072,-94.56656646728516,-94.56656646728516,0.09729552268981934,0.10228896141052246,63,,CenterFallback,1,32,0,,,[],0.09701418876647949,0.05047941207885742,0.05047726631164551,0.00039958953857421875,0.0008921623229980469
20250723_235925_819,64,NO_RADIO,63,45.0,7.582167063348521,-94.45152282714844,-94.45152282714844,0.10304832458496094,0.15840363502502441,63,,CenterFallback,1,32,0,,,[],0.10271906852722168,0.05045270919799805,0.0504460334777832,0.05670762062072754,0.0007424354553222656
20250723_235926_082,64,NO_RADIO,63,45.0,7.544763634171275,-94.59581756591797,-94.59581756591797,0.10161900520324707,0.10211443901062012,63,,CenterFallback,1,32,0,,,[],0.10127949714660645,0.05042576789855957,0.05050826072692871,0.0003991127014160156,0.0007491111755371094
20250723_235926_287,64,NO_RADIO,63,45.0,7.274688628094367,-94.68326110839844,-94.68326110839844,0.10024380683898926,0.1584639549255371,63,,CenterFallback,1,32,0,,,[],0.0999751091003418,0.05047249794006348,0.050444841384887695,0.056756019592285156,0.0007390975952148438
20250723_235926_547,64,NO_RADIO,63,45.0,7.431507905366303,-94.59581756591797,-94.59581756591797,0.10315990447998047,0.10213184356689453,63,,CenterFallback,1,32,0,,,[],0.10284113883972168,0.05045962333679199,0.050469398498535156,0.0004019737243652344,0.0007648468017578125
20250723_235926_754,64,NO_RADIO,63,45.0,7.431455406190651,-94.56656646728516,-94.56656646728516,0.10156083106994629,0.15848469734191895,63,,CenterFallback,1,32,0,,,[],0.1012880802154541,0.05047154426574707,0.05048656463623047,0.056725263595581055,0.0007472038269042969
20250723_235927_016,64,NO_RADIO,63,45.0,7.275003586447653,-94.68475341796875,-94.68475341796875,0.10250377655029297,0.10203289985656738,63,,CenterFallback,1,32,0,,,[],0.10215187072753906,0.05044984817504883,0.05044960975646973,0.00039577484130859375,0.0007009506225585938
20250723_235927_222,64,NO_RADIO,63,45.0,7.443072389121696,-94.33944702148438,-94.33944702148438,0.1010439395904541,0.15848469734191895,63,,CenterFallback,1,32,0,,,[],0.1007382869720459,0.050455570220947266,0.05045652389526367,0.056766510009765625,0.0007548332214355469
20250723_235927_483,64,NO_RADIO,63,45.0,7.58297019834302,-94.56081428527833,-94.56081428527833,0.10195326805114746,0.10210132598876953,63,,CenterFallback,1,32,0,,,[],0.10161995887756348,0.05045008659362793,0.05047416687011719,0.00039124488830566406,0.0007464885711669922
20250723_235927_689,64,NO_RADIO,63,45.0,7.431907290523569,-94.68475341796875,-94.68475341796875,0.10126161575317383,0.1584615707397461,63,,CenterFallback,1,32,0,,,[],0.10095858573913574,0.050435781478881836,0.05047321319580078,0.056722164154052734,0.0007767677307128906
20250723_235927_950,64,NO_RADIO,63,45.0,7.545443905746993,-94.59581756591797,-94.59581756591797,0.1058356761932373,0.10216903686523438,63,,CenterFallback,1,32,0,,,[],0.1054835319519043,0.05045294761657715,0.05048179626464844,0.0004038810729980469,0.000789642333984375
20250723_235928_159,64,NO_RADIO,63,45.0,7.275277153019687,-94.68475341796875,-94.68475341796875,0.1002657413482666,0.1585392951965332,63,,CenterFallback,1,32,0,,,[],0.0999608039855957,0.05044913291931152,0.0505218505859375,0.056760311126708984,0.0007541179656982422
20250723_235928_420,64,NO_RADIO,63,45.0,7.431503037375634,-94.68475341796875,-94.68475341796875,0.10137486457824707,0.1020820140838623,63,,CenterFallback,1,32,0,,,[],0.1010751724243164,0.05044102668762207,0.05046534538269043,0.0004153251647949219,0.0007224082946777344
20250723_235928_625,64,NO_RADIO,63,45.0,7.431434502419307,-94.56656646728516,-94.56656646728516,0.10247659683227539,0.158494234085083,63,,CenterFallback,1,32,0,,,[],0.10213184356689453,0.05048632621765137,0.05043435096740723,0.05676984786987305,0.0007493495941162109
20250723_235928_887,64,NO_RADIO,63,45.0,7.153868227791534,-94.68475341796875,-94.68475341796875,0.10304522514343262,0.10221409797668457,63,,CenterFallback,1,32,0,,,[],0.10271906852722168,0.050485849380493164,0.05050158500671387,0.00038123130798339844,0.0008060932159423828
20250723_235929_094,64,NO_RADIO,63,45.0,7.0713309088852725,-94.93123626708984,-94.93123626708984,0.10045742988586426,0.1584794521331787,63,,CenterFallback,1,32,0,,,[],0.10014629364013672,0.05047416687011719,0.05045723915100098,0.0567319393157959,0.0007624626159667969
20250723_235929_355,65,NO_RADIO,63,45.0,7.545843855781129,-94.59581756591797,-94.59581756591797,0.09941911697387695,0.10211706161499023,63,,CenterFallback,1,32,0,,,[],0.099090576171875,0.050454139709472656,0.050512075424194336,0.000385284423828125,0.0007266998291015625
20250723_235929_558,65,NO_RADIO,63,45.0,7.275461658232217,-94.68475341796875,-94.68475341796875,0.10169482231140137,0.1584944725036621,63,,CenterFallback,1,32,0,,,[],0.1013631820678711,0.0504605770111084,0.050469398498535156,0.05676746368408203,0.0007431507110595703
20250723_235929_820,65,NO_RADIO,63,45.0,7.275367841320616,-94.68475341796875,-94.68475341796875,0.10380291938781738,0.10215139389038086,63,,CenterFallback,1,32,0,,,[],0.1034848690032959,0.05045485496520996,0.050493478775024414,0.0003948211669921875,0.0007615089416503906
20250723_235930_027,65,NO_RADIO,63,45.0,6.944353407606599,-94.96305084228516,-94.96305084228516,0.10179615020751953,0.15845847129821777,63,,CenterFallback,1,32,0,,,[],0.10147571563720703,0.0504453182220459,0.05046439170837402,0.05674099922180176,0.0007512569427490234
20250723_235930_289,65,NO_RADIO,63,45.0,6.901471551882111,-95.15899658203125,-95.15899658203125,0.10228157043457031,0.1022498607635498,63,,CenterFallback,1,32,0,,,[],0.10196304321289062,0.05047440528869629,0.05051612854003906,0.0004088878631591797,0.0008130073547363281
20250723_235930_495,65,NO_RADIO,63,45.0,6.9447221021050325,-95.15899658203125,-95.15899658203125,0.104766845703125,0.15873336791992188,63,,CenterFallback,1,32,0,,,[],0.1044454574584961,0.05054283142089844,0.05050778388977051,0.05680274963378906,0.0008187294006347656
20250723_235930_760,65,NO_RADIO,63,45.0,7.1546220238214175,-94.68475341796875,-94.68475341796875,0.10342812538146973,0.1022024154663086,63,,CenterFallback,1,32,0,,,[],0.10301733016967773,0.050475358963012695,0.050504207611083984,0.0004105567932128906,0.0007662773132324219
20250723_235930_968,65,NO_RADIO,63,45.0,7.071944468827155,-94.71330299377442,-94.71330299377442,0.1031029224395752,0.15867877006530762,63,,CenterFallback,1,32,0,,,[],0.10277128219604492,0.050498008728027344,0.0505061149597168,0.056786537170410156,0.0008337497711181641
20250723_235931_231,65,NO_RADIO,63,45.0,7.276053951238481,-94.68475341796875,-94.68475341796875,0.09998583793640137,0.10223531723022461,63,,CenterFallback,1,32,0,,,[],0.09959650039672852,0.05053091049194336,0.05047130584716797,0.0004277229309082031,0.0007686614990234375
20250723_235931_435,65,NO_RADIO,63,45.0,7.276210478861103,-94.71480560302734,-94.71480560302734,0.10080552101135254,0.15900707244873047,63,,CenterFallback,1,32,0,,,[],0.10044670104980469,0.05052065849304199,0.05053138732910156,0.056707143783569336,0.001177072525024414
20250723_235931_697,65,NO_RADIO,63,45.0,7.072346510342101,-94.93123626708984,-94.93123626708984,0.10200190544128418,0.10229206085205078,63,,CenterFallback,1,32,0,,,[],0.10163259506225586,0.05060291290283203,0.0505216121673584,0.0004134178161621094,0.0007174015045166016
20250723_235931_903,65,NO_RADIO,63,45.0,7.5465468633127415,-94.44591903686523,-94.44591903686523,0.10062956809997559,0.15868043899536133,63,,CenterFallback,1,32,0,,,[],0.1002962589263916,0.05052018165588379,0.05051994323730469,0.0567631721496582,0.0008249282836914062
20250723_235932_164,65,NO_RADIO,63,45.0,7.27629369770321,-94.68475341796875,-94.68475341796875,0.1024312973022461,0.10218405723571777,63,,CenterFallback,1,32,0,,,[],0.10205531120300293,0.05046415328979492,0.05046224594116211,0.00039696693420410156,0.0008170604705810547
20250723_235932_370,65,NO_RADIO,63,45.0,7.432547744994835,-94.59581756591797,-94.59581756591797,0.10164117813110352,0.1585068702697754,63,,CenterFallback,1,32,0,,,[],0.10130071640014648,0.0504765510559082,0.05047154426574707,0.0567479133605957,0.0007560253143310547
20250723_235932_632,65,NO_RADIO,63,45.0,7.0721939830039275,-94.93123626708984,-94.93123626708984,0.10181355476379395,0.10213828086853027,63,,CenterFallback,1,32,0,,,[],0.10147571563720703,0.050475120544433594,0.05048418045043945,0.0003981590270996094,0.0007443428039550781
20250723_235932_837,65,NO_RADIO,63,45.0,6.945226821186566,-94.93123626708984,-94.93123626708984,0.10189604759216309,0.15920662879943848,63,,CenterFallback,1,32,0,,,[],0.10154223442077637,0.05048537254333496,0.05052661895751953,0.0568082332611084,0.0013079643249511719
20250723_235933_101,65,NO_RADIO,63,45.0,7.432652715856705,-94.68475341796875,-94.68475341796875,0.10706043243408203,0.10247588157653809,63,,CenterFallback,1,32,0,,,[],0.10665154457092285,0.050466299057006836,0.050429582595825195,0.0004420280456542969,0.0010874271392822266
20250723_235933_313,66,NO_RADIO,63,45.0,7.276335144829645,-94.68475341796875,-94.68475341796875,0.10152935981750488,0.159013032913208,63,,CenterFallback,1,32,0,,,[],0.1011810302734375,0.050615787506103516,0.05079388618469238,0.05676388740539551,0.0007836818695068359
20250723_235933_575,66,NO_RADIO,63,45.0,7.072502697968616,-94.92041473388673,-94.92041473388673,0.10274100303649902,0.1021730899810791,63,,CenterFallback,1,32,0,,,[],0.10239076614379883,0.050443172454833984,0.050544023513793945,0.00039887428283691406,0.0007476806640625
20250723_235933_781,66,NO_RADIO,63,45.0,6.902310638456569,-95.43484497070312,-95.43484497070312,0.10061335563659668,0.15850234031677246,63,,CenterFallback,1,32,0,,,[],0.10034584999084473,0.05043506622314453,0.05047321319580078,0.05671811103820801,0.0008227825164794922
20250723_235934_042,66,NO_RADIO,63,45.0,7.155498578702407,-94.96305084228516,-94.96305084228516,0.10345959663391113,0.10224175453186035,63,,CenterFallback,1,32,0,,,[],0.10312604904174805,0.05048990249633789,0.05051875114440918,0.0003955364227294922,0.0007948875427246094
20250723_235934_249,66,NO_RADIO,63,45.0,6.945711479442053,-94.96305084228516,-94.96305084228516,0.10133552551269531,0.1585390567779541,63,,CenterFallback,1,32,0,,,[],0.10103559494018555,0.05048322677612305,0.05047011375427246,0.05676579475402832,0.0007681846618652344
20250723_235934_511,66,NO_RADIO,63,45.0,6.902696349963051,-95.32933807373047,-95.32933807373047,0.10229992866516113,0.10207390785217285,63,,CenterFallback,1,32,0,,,[],0.10196423530578613,0.05046200752258301,0.05044436454772949,0.00039505958557128906,0.0007355213165283203
20250723_235934_717,66,NO_RADIO,63,45.0,7.1558213064087965,-94.68475341796875,-94.68475341796875,0.1029052734375,0.15863990783691406,63,,CenterFallback,1,32,0,,,[],0.10254931449890137,0.050525665283203125,0.05051589012145996,0.05673861503601074,0.0008029937744140625
20250723_235934_980,66,NO_RADIO,63,45.0,6.90295224451809,-95.4295696258545,-95.4295696258545,0.10310077667236328,0.1021583080291748,63,,CenterFallback,1,32,0,,,[],0.10275411605834961,0.050453901290893555,0.05050802230834961,0.00040793418884277344,0.0007505416870117188
20250723_235935_187,66,NO_RADIO,63,45.0,6.946296004443809,-95.2263412475586,-95.2263412475586,0.10508918762207031,0.15849685668945312,63,,CenterFallback,1,32,0,,,[],0.10475349426269531,0.050450801849365234,0.050459861755371094,0.05675554275512695,0.0007772445678710938
20250723_235935_452,66,NO_RADIO,63,45.0,6.90328468152029,-95.15899658203125,-95.15899658203125,0.10221362113952637,0.10216069221496582,63,,CenterFallback,1,32,0,,,[],0.1018822193145752,0.050458669662475586,0.05048656463623047,0.0003962516784667969,0.0007784366607666016
20250723_235935_658,66,NO_RADIO,63,45.0,7.156379530164685,-94.59581756591797,-94.59581756591797,0.10336112976074219,0.15859675407409668,63,,CenterFallback,1,32,0,,,[],0.10306262969970703,0.050470590591430664,0.05047464370727539,0.05682206153869629,0.0007736682891845703
20250723_235935_921,66,NO_RADIO,63,45.0,7.277503555168593,-94.68475341796875,-94.68475341796875,0.10121679306030273,0.10216021537780762,63,,CenterFallback,1,32,0,,,[],0.10096502304077148,0.0504913330078125,0.05049443244934082,0.0003941059112548828,0.0007464885711669922
20250723_235936_126,66,NO_RADIO,63,45.0,6.903432129868364,-95.32933807373047,-95.32933807373047,0.10164880752563477,0.15848684310913086,63,,CenterFallback,1,32,0,,,[],0.1013331413269043,0.05045270919799805,0.05044126510620117,0.05676889419555664,0.0007696151733398438
20250723_235936_388,66,NO_RADIO,63,45.0,6.946818111769801,-95.15899658203125,-95.15899658203125,0.1033945083618164,0.10214948654174805,63,,CenterFallback,1,32,0,,,[],0.10305380821228027,0.05047893524169922,0.05044698715209961,0.00044035911560058594,0.0007483959197998047
20250723_235936_595,66,NO_RADIO,63,45.0,6.947192373923599,-95.15899658203125,-95.15899658203125,0.10053420066833496,0.15846586227416992,63,,CenterFallback,1,32,0,,,[],0.10024428367614746,0.05043363571166992,0.05046582221984863,0.056740760803222656,0.0007734298706054688
20250723_235936_855,66,NO_RADIO,63,45.0,6.816435315607123,-95.43484497070312,-95.43484497070312,0.10256457328796387,0.10216808319091797,63,,CenterFallback,1,32,0,,,[],0.10221672058105469,0.05045366287231445,0.05048513412475586,0.0003981590270996094,0.0007960796356201172
20250723_235937_062,66,NO_RADIO,63,45.0,7.27855722448011,-94.68475341796875,-94.68475341796875,0.10266733169555664,0.15840792655944824,63,,CenterFallback,1,32,0,,,[],0.1023409366607666,0.05045056343078613,0.05044078826904297,0.056714773178100586,0.0007503032684326172
20250723_235937_324,67,NO_RADIO,63,45.0,7.294300391543288,-94.6549072265625,-94.6549072265625,0.10094761848449707,0.10200643539428711,63,,CenterFallback,1,32,0,,,[],0.10059905052185059,0.050449371337890625,0.050421714782714844,0.00039505958557128906,0.00070953369140625
20250723_235937_529,67,NO_RADIO,63,45.0,6.947470123908971,-95.15899658203125,-95.15899658203125,0.10172796249389648,0.15842700004577637,63,,CenterFallback,1,32,0,,,[],0.10138177871704102,0.05045032501220703,0.05044293403625488,0.056676626205444336,0.000804901123046875
20250723_235937_791,67,NO_RADIO,63,45.0,7.07463018000503,-94.96305084228516,-94.96305084228516,0.10288262367248535,0.10210609436035156,63,,CenterFallback,1,32,0,,,[],0.10254478454589844,0.050499677658081055,0.050440311431884766,0.0003933906555175781,0.0007340908050537109
20250723_235937_998,67,NO_RADIO,63,45.0,6.825324561515416,-95.32933807373047,-95.32933807373047,0.10255241394042969,0.15888214111328125,63,,CenterFallback,1,32,0,,,[],0.10221552848815918,0.05045127868652344,0.05039811134338379,0.05674433708190918,0.0012154579162597656
20250723_235938_261,67,NO_RADIO,63,45.0,6.904426044293118,-95.15899658203125,-95.15899658203125,0.10325956344604492,0.10214066505432129,63,,CenterFallback,1,32,0,,,[],0.10285663604736328,0.05048966407775879,0.0504758358001709,0.0003993511199951172,0.0007407665252685547
20250723_235938_468,67,NO_RADIO,63,45.0,6.90450314801015,-95.15899658203125,-95.15899658203125,0.1014406681060791,0.15847420692443848,63,,CenterFallback,1,32,0,,,[],0.10106897354125977,0.05047106742858887,0.050444841384887695,0.05673837661743164,0.0007641315460205078
20250723_235938_730,67,NO_RADIO,63,45.0,6.947836104191097,-95.15899658203125,-95.15899658203125,0.10258865356445312,0.10218310356140137,63,,CenterFallback,1,32,0,,,[],0.10225248336791992,0.05047416687011719,0.050461530685424805,0.0004019737243652344,0.0008027553558349609
20250723_235938_936,67,NO_RADIO,63,45.0,6.947871244165924,-95.32933807373047,-95.32933807373047,0.10354042053222656,0.1585836410522461,63,,CenterFallback,1,32,0,,,[],0.10324430465698242,0.05044269561767578,0.05047297477722168,0.056754350662231445,0.0008537769317626953
20250723_235939_200,67,NO_RADIO,63,45.0,6.772411301845722,-95.32933807373047,-95.32933807373047,0.10311508178710938,0.10209894180297852,63,,CenterFallback,1,32,0,,,[],0.10277748107910156,0.05044817924499512,0.05045151710510254,0.00039768218994140625,0.0007567405700683594
20250723_235939_407,67,NO_RADIO,63,45.0,6.816975620401649,-95.32933807373047,-95.32933807373047,0.1026463508605957,0.1584641933441162,63,,CenterFallback,1,32,0,,,[],0.10235023498535156,0.05045962333679199,0.05045628547668457,0.056745052337646484,0.0007526874542236328
20250723_235939_669,67,NO_RADIO,63,45.0,6.447324498448609,-95.43484497070312,-95.43484497070312,0.10282111167907715,0.10206031799316406,63,,CenterFallback,1,32,0,,,[],0.10251450538635254,0.0504302978515625,0.05049467086791992,0.0003955364227294922,0.0007076263427734375
20250723_235939_876,67,NO_RADIO,63,45.0,6.948078699128388,-95.15899658203125,-95.15899658203125,0.10178136825561523,0.1584470272064209,63,,CenterFallback,1,32,0,,,[],0.1014554500579834,0.05044960975646973,0.0504603385925293,0.05671572685241699,0.0007665157318115234
20250723_235940_138,67,NO_RADIO,63,45.0,6.905087677660035,-95.32933807373047,-95.32933807373047,0.10166525840759277,0.10215020179748535,63,,CenterFallback,1,32,0,,,[],0.10136818885803223,0.05046224594116211,0.050493478775024414,0.0004031658172607422,0.0007431507110595703
20250723_235940_343,67,NO_RADIO,63,45.0,7.075380388638848,-95.15899658203125,-95.15899658203125,0.10071325302124023,0.15857696533203125,63,,CenterFallback,1,32,0,,,[],0.10043191909790039,0.05046248435974121,0.05046820640563965,0.05679678916931152,0.0007956027984619141
20250723_235940_604,67,NO_RADIO,63,45.0,6.905122598829507,-95.32933807373047,-95.32933807373047,0.1007547378540039,0.10217118263244629,63,,CenterFallback,1,32,0,,,[],0.10049104690551758,0.05049896240234375,0.050458669662475586,0.0004096031188964844,0.0007576942443847656
20250723_235940_809,67,NO_RADIO,63,45.0,6.905341652859647,-95.32418823242188,-95.32418823242188,0.10172581672668457,0.15849685668945312,63,,CenterFallback,1,32,0,,,[],0.10139679908752441,0.05045342445373535,0.050490617752075195,0.056752920150756836,0.0007462501525878906
20250723_235941_070,67,NO_RADIO,63,45.0,6.909796414769957,-94.96305084228516,-94.96305084228516,0.1023869514465332,0.10211396217346191,63,,CenterFallback,1,32,0,,,[],0.10204911231994629,0.050454139709472656,0.05043792724609375,0.0004017353057861328,0.0007839202880859375
20250723_235941_276,68,NO_RADIO,63,45.0,6.90571322991417,-95.15899658203125,-95.15899658203125,0.1015315055847168,0.1586475372314453,63,,CenterFallback,1,32,0,,,[],0.10115885734558105,0.05048561096191406,0.050431251525878906,0.05679130554199219,0.0008766651153564453
20250723_235941_538,68,NO_RADIO,63,45.0,6.448304653992182,-95.32933807373047,-95.32933807373047,0.10154938697814941,0.10228848457336426,63,,CenterFallback,1,32,0,,,[],0.10123181343078613,0.05044269561767578,0.050512075424194336,0.00042891502380371094,0.0008652210235595703
20250723_235941_744,68,NO_RADIO,63,45.0,6.818180591188678,-95.32933807373047,-95.32933807373047,0.1030731201171875,0.158585786819458,63,,CenterFallback,1,32,0,,,[],0.10269880294799805,0.050499916076660156,0.05047917366027832,0.05674910545349121,0.0008041858673095703
20250723_235942_007,68,NO_RADIO,63,45.0,6.905969914001389,-95.15899658203125,-95.15899658203125,0.10182476043701172,0.10215997695922852,63,,CenterFallback,1,32,0,,,[],0.10149192810058594,0.050492048263549805,0.05045819282531738,0.00040030479431152344,0.0007669925689697266
20250723_235942_212,68,NO_RADIO,63,45.0,6.906176971541498,-95.15899658203125,-95.15899658203125,0.10072994232177734,0.15857267379760742,63,,CenterFallback,1,32,0,,,[],0.10041141510009766,0.050499916076660156,0.05046224594116211,0.0567779541015625,0.0007326602935791016
20250723_235942_473,68,NO_RADIO,63,45.0,6.906293813178763,-95.32418823242188,-95.32418823242188,0.09991693496704102,0.10218977928161621,63,,CenterFallback,1,32,0,,,[],0.09956908226013184,0.05045747756958008,0.050498247146606445,0.0004029273986816406,0.0007910728454589844
20250723_235942_677,68,NO_RADIO,63,45.0,7.159439077123025,-94.68475341796875,-94.68475341796875,0.1016993522644043,0.15846800804138184,63,,CenterFallback,1,32,0,,,[],0.10137462615966797,0.050431251525878906,0.05045127868652344,0.05672311782836914,0.0008103847503662109
20250723_235942_939,68,NO_RADIO,63,45.0,6.818762061663961,-95.2263412475586,-95.2263412475586,0.10797762870788574,0.10207462310791016,63,,CenterFallback,1,32,0,,,[],0.10764598846435547,0.05045771598815918,0.05042600631713867,0.00039958953857421875,0.0007476806640625
20250723_235943_151,68,NO_RADIO,63,45.0,6.9496399982187995,-95.15899658203125,-95.15899658203125,0.10216474533081055,0.1584475040435791,63,,CenterFallback,1,32,0,,,[],0.10182690620422363,0.05045676231384277,0.05044412612915039,0.05674338340759277,0.0007507801055908203
20250723_235943_413,68,NO_RADIO,63,45.0,6.906558455902029,-95.32933807373047,-95.32933807373047,0.10168218612670898,0.1021263599395752,63,,CenterFallback,1,32,0,,,[],0.10137367248535156,0.05046224594116211,0.05046439170837402,0.00040459632873535156,0.0007588863372802734
20250723_235943_618,68,NO_RADIO,63,45.0,6.774361408638271,-95.32933807373047,-95.32933807373047,0.10048341751098633,0.15929126739501953,63,,CenterFallback,1,32,0,,,[],0.10017609596252441,0.05044889450073242,0.05124163627624512,0.0567624568939209,0.0007834434509277344
20250723_235943_880,68,NO_RADIO,63,45.0,7.0770289225218335,-94.96305084228516,-94.96305084228516,0.10231399536132812,0.10210919380187988,63,,CenterFallback,1,32,0,,,[],0.10197854042053223,0.050458431243896484,0.050454139709472656,0.00039649009704589844,0.0007658004760742188
20250723_235944_086,68,NO_RADIO,63,45.0,6.774629019882369,-95.4705810546875,-95.4705810546875,0.10200786590576172,0.15856337547302246,63,,CenterFallback,1,32,0,,,[],0.10167694091796875,0.050490379333496094,0.05051589012145996,0.056737661361694336,0.0007677078247070312
20250723_235944_348,68,NO_RADIO,63,45.0,6.950250799549977,-95.15899658203125,-95.15899658203125,0.10202765464782715,0.10219931602478027,63,,CenterFallback,1,32,0,,,[],0.10170483589172363,0.050484657287597656,0.05049538612365723,0.0004341602325439453,0.0007460117340087891
20250723_235944_554,68,NO_RADIO,63,45.0,6.81940001762635,-95.32933807373047,-95.32933807373047,0.10144877433776855,0.15857696533203125,63,,CenterFallback,1,32,0,,,[],0.10112428665161133,0.05044436454772949,0.05046558380126953,0.05676007270812988,0.0008082389831542969
20250723_235944_815,68,NO_RADIO,63,45.0,6.819542358597204,-95.32933807373047,-95.32933807373047,0.09912753105163574,0.10207867622375488,63,,CenterFallback,1,32,0,,,[],0.09880566596984863,0.05044841766357422,0.05045962333679199,0.0003986358642578125,0.0007326602935791016
20250723_235945_018,68,NO_RADIO,63,45.0,6.4501569989085965,-95.32933807373047,-95.32933807373047,0.10054588317871094,0.15847539901733398,63,,CenterFallback,1,32,0,,,[],0.10016679763793945,0.05043649673461914,0.05043768882751465,0.056732177734375,0.0008180141448974609
20250723_235945_279,68,NO_RADIO,63,45.0,6.775770505997954,-95.43484497070312,-95.43484497070312,0.10267758369445801,0.10214519500732422,63,,CenterFallback,1,32,0,,,[],0.10233235359191895,0.05050349235534668,0.0504302978515625,0.00039958953857421875,0.0007712841033935547
20250723_235945_485,69,NO_RADIO,63,45.0,6.77583683678904,-95.4705810546875,-95.4705810546875,0.10225033760070801,0.15854930877685547,63,,CenterFallback,1,32,0,,,[],0.1019442081451416,0.050490617752075195,0.050469398498535156,0.0567324161529541,0.0008041858673095703
20250723_235945_748,69,NO_RADIO,63,45.0,6.908363180394517,-95.32933807373047,-95.32933807373047,0.10351085662841797,0.10214567184448242,63,,CenterFallback,1,32,0,,,[],0.1031806468963623,0.05048251152038574,0.05047774314880371,0.00039649009704589844,0.0007464885711669922
20250723_235945_955,69,NO_RADIO,63,45.0,6.908565238776333,-95.4295696258545,-95.4295696258545,0.10263442993164062,0.15895986557006836,63,,CenterFallback,1,32,0,,,[],0.10230159759521484,0.050458669662475586,0.05046963691711426,0.05675005912780762,0.0012078285217285156
20250723_235946_219,69,NO_RADIO,63,45.0,6.776360965125548,-95.32933807373047,-95.32933807373047,0.10192489624023438,0.10212397575378418,63,,CenterFallback,1,32,0,,,[],0.10147762298583984,0.050501346588134766,0.05045270919799805,0.0003895759582519531,0.0007412433624267578
20250723_235946_424,69,NO_RADIO,63,45.0,6.913272723318286,-95.15899658203125,-95.15899658203125,0.10249924659729004,0.1585710048675537,63,,CenterFallback,1,32,0,,,[],0.10221457481384277,0.050470829010009766,0.05045771598815918,0.05675220489501953,0.0008385181427001953
20250723_235946_687,69,NO_RADIO,63,45.0,7.0793887819330195,-94.93123626708984,-94.93123626708984,0.10344672203063965,0.1020963191986084,63,,CenterFallback,1,32,0,,,[],0.10311484336853027,0.05043506622314453,0.050461530685424805,0.00041103363037109375,0.0007476806640625
20250723_235946_894,69,NO_RADIO,63,45.0,6.777033837404716,-95.4705810546875,-95.4705810546875,0.1011197566986084,0.15851926803588867,63,,CenterFallback,1,32,0,,,[],0.10080695152282715,0.05050206184387207,0.050459861755371094,0.05671429634094238,0.0007922649383544922
20250723_235947_155,69,NO_RADIO,63,45.0,6.909361795066715,-94.96305084228516,-94.96305084228516,0.1031789779663086,0.1020820140838623,63,,CenterFallback,1,32,0,,,[],0.10283565521240234,0.05044960975646973,0.05045127868652344,0.0003857612609863281,0.0007550716400146484
20250723_235947_362,69,NO_RADIO,63,45.0,6.909455881903369,-95.32418823242188,-95.32418823242188,0.10223770141601562,0.1584773063659668,63,,CenterFallback,1,32,0,,,[],0.10192394256591797,0.05046367645263672,0.05046391487121582,0.056719303131103516,0.0007762908935546875
20250723_235947_625,69,NO_RADIO,63,45.0,6.952721682484892,-95.15899658203125,-95.15899658203125,0.10191988945007324,0.10201668739318848,63,,CenterFallback,1,32,0,,,[],0.10163235664367676,0.05045151710510254,0.050399065017700195,0.00039005279541015625,0.0007393360137939453
20250723_235947_830,69,NO_RADIO,63,45.0,7.080039815028698,-94.96305084228516,-94.96305084228516,0.10093212127685547,0.15851593017578125,63,,CenterFallback,1,32,0,,,[],0.10059475898742676,0.050481557846069336,0.050438642501831055,0.05676555633544922,0.0007762908935546875
20250723_235948_091,69,NO_RADIO,63,45.0,6.909943324802924,-95.22297401428223,-95.22297401428223,0.10407042503356934,0.1021111011505127,63,,CenterFallback,1,32,0,,,[],0.10373759269714355,0.05045890808105469,0.05045032501220703,0.0003941059112548828,0.00077056884765625
20250723_235948_299,69,NO_RADIO,63,45.0,6.777904414947372,-95.43484497070312,-95.43484497070312,0.10265755653381348,0.15848326683044434,63,,CenterFallback,1,32,0,,,[],0.10233664512634277,0.05044698715209961,0.05047464370727539,0.05674266815185547,0.0007658004760742188
20250723_235948_562,69,NO_RADIO,63,45.0,7.080689270302955,-94.68475341796875,-94.68475341796875,0.10314321517944336,0.10211443901062012,63,,CenterFallback,1,32,0,,,[],0.1028127670288086,0.05044126510620117,0.050459861755371094,0.0003962516784667969,0.0007793903350830078
20250723_235948_769,69,NO_RADIO,63,45.0,6.910566624152253,-95.15899658203125,-95.15899658203125,0.10160136222839355,0.15863537788391113,63,,CenterFallback,1,32,0,,,[],0.10128426551818848,0.05049395561218262,0.050458431243896484,0.056723833084106445,0.0009071826934814453
20250723_235949_031,69,NO_RADIO,63,45.0,6.910825819199346,-95.15899658203125,-95.15899658203125,0.10162997245788574,0.10213971138000488,63,,CenterFallback,1,32,0,,,[],0.10129952430725098,0.05044054985046387,0.050466060638427734,0.00042557716369628906,0.0007708072662353516
20250723_235949_236,69,NO_RADIO,63,45.0,7.081383685648788,-95.15899658203125,-95.15899658203125,0.10258936882019043,0.1585557460784912,63,,CenterFallback,1,32,0,,,[],0.10224246978759766,0.05047917366027832,0.05046963691711426,0.05674910545349121,0.0008037090301513672
20250723_235949_499,70,NO_RADIO,63,45.0,6.911184434200408,-95.15899658203125,-95.15899658203125,0.10130429267883301,0.10199570655822754,63,,CenterFallback,1,32,0,,,[],0.1009683609008789,0.050406694412231445,0.05045294761657715,0.00037932395935058594,0.0007243156433105469
20250723_235949_704,70,NO_RADIO,63,45.0,6.823618030624104,-95.32933807373047,-95.32933807373047,0.10184335708618164,0.15849804878234863,63,,CenterFallback,1,32,0,,,[],0.10150742530822754,0.05044722557067871,0.05048227310180664,0.05675387382507324,0.0007593631744384766
20250723_235949_965,70,NO_RADIO,63,45.0,6.911453682365135,-95.15899658203125,-95.15899658203125,0.10097455978393555,0.10216808319091797,63,,CenterFallback,1,32,0,,,[],0.10064411163330078,0.05044722557067871,0.0504755973815918,0.0003998279571533203,0.0007984638214111328
20250723_235950_170,70,NO_RADIO,63,45.0,6.82393196025653,-95.22297401428223,-95.22297401428223,0.1003117561340332,0.15859007835388184,63,,CenterFallback,1,32,0,,,[],0.09995579719543457,0.05049633979797363,0.050455331802368164,0.056760311126708984,0.0008268356323242188
20250723_235950_431,70,NO_RADIO,63,45.0,6.824155511112963,-95.32933807373047,-95.32933807373047,0.10103249549865723,0.10225367546081543,63,,CenterFallback,1,32,0,,,[],0.10068702697753906,0.05047488212585449,0.05048322677612305,0.00043082237243652344,0.0008218288421630859
20250723_235950_636,70,NO_RADIO,63,45.0,6.487012619682275,-95.43484497070312,-95.43484497070312,0.10140061378479004,0.15860652923583984,63,,CenterFallback,1,32,0,,,[],0.10107588768005371,0.0504460334777832,0.05049848556518555,0.05678868293762207,0.0008215904235839844
20250723_235950_897,70,NO_RADIO,63,45.0,6.912212532133452,-95.15899658203125,-95.15899658203125,0.10230374336242676,0.10211801528930664,63,,CenterFallback,1,32,0,,,[],0.1019585132598877,0.05047249794006348,0.050460100173950195,0.0003991127014160156,0.0007507801055908203
20250723_235951_103,70,NO_RADIO,63,45.0,6.406255496923322,-95.60927734375001,-95.60927734375001,0.10181903839111328,0.15868520736694336,63,,CenterFallback,1,32,0,,,[],0.10144782066345215,0.050458431243896484,0.0504605770111084,0.0567779541015625,0.0009315013885498047
20250723_235951_365,70,NO_RADIO,63,45.0,6.455068064711554,-95.43484497070312,-95.43484497070312,0.1015629768371582,0.10214877128601074,63,,CenterFallback,1,32,0,,,[],0.10121822357177734,0.05046844482421875,0.05046796798706055,0.0004048347473144531,0.0007674694061279297
20250723_235951_571,70,NO_RADIO,63,45.0,6.780720965457505,-95.32933807373047,-95.32933807373047,0.09961962699890137,0.15844106674194336,63,,CenterFallback,1,32,0,,,[],0.09930753707885742,0.05039668083190918,0.05043816566467285,0.05673575401306152,0.00081634521484375
20250723_235951_830,70,NO_RADIO,63,45.0,6.95640169322327,-94.93123626708984,-94.93123626708984,0.10207128524780273,0.10209965705871582,63,,CenterFallback,1,32,0,,,[],0.10172724723815918,0.050446510314941406,0.05050039291381836,0.00039458274841308594,0.0007112026214599609
20250723_235952_036,70,NO_RADIO,63,45.0,6.455819374811497,-95.43484497070312,-95.43484497070312,0.10098814964294434,0.1583871841430664,63,,CenterFallback,1,32,0,,,[],0.10068893432617188,0.05043506622314453,0.05043506622314453,0.05672264099121094,0.0007419586181640625
20250723_235952_297,70,NO_RADIO,63,45.0,6.456008506962448,-95.6165771484375,-95.6165771484375,0.10132408142089844,0.10218381881713867,63,,CenterFallback,1,32,0,,,[],0.10101556777954102,0.050453901290893555,0.05048680305480957,0.00039577484130859375,0.0008130073547363281
20250723_235952_502,70,NO_RADIO,63,45.0,6.781610566299378,-95.6165771484375,-95.6165771484375,0.10254859924316406,0.15853214263916016,63,,CenterFallback,1,32,0,,,[],0.1022336483001709,0.05047202110290527,0.05049729347229004,0.056735992431640625,0.0007722377777099609
20250723_235952_765,70,NO_RADIO,63,45.0,6.957138454023209,-95.32933807373047,-95.32933807373047,0.10146903991699219,0.10214996337890625,63,,CenterFallback,1,32,0,,,[],0.10115838050842285,0.050459861755371094,0.05048251152038574,0.0003917217254638672,0.0007781982421875
20250723_235952_970,70,NO_RADIO,63,45.0,6.781861943547398,-95.43484497070312,-95.43484497070312,0.1013331413269043,0.15836334228515625,63,,CenterFallback,1,32,0,,,[],0.10100412368774414,0.05046391487121582,0.05044412612915039,0.056647539138793945,0.000751495361328125
20250723_235953_231,70,NO_RADIO,63,45.0,6.826518951127568,-95.32933807373047,-95.32933807373047,0.10169005393981934,0.10208868980407715,63,,CenterFallback,1,32,0,,,[],0.10135507583618164,0.050463199615478516,0.050454139709472656,0.00039649009704589844,0.0007405281066894531
20250723_235953_437,71,NO_RADIO,63,45.0,6.408436064375991,-95.76196441650391,-95.76196441650391,0.10026717185974121,0.15845751762390137,63,,CenterFallback,1,32,0,,,[],0.09995603561401367,0.05046558380126953,0.05044984817504883,0.056719303131103516,0.0007712841033935547
20250723_235953_697,71,NO_RADIO,63,45.0,6.782586998547373,-95.43484497070312,-95.43484497070312,0.10163068771362305,0.10214972496032715,63,,CenterFallback,1,32,0,,,[],0.10128450393676758,0.05044412612915039,0.050469160079956055,0.0004012584686279297,0.0007891654968261719
20250723_235953_902,71,NO_RADIO,63,45.0,6.45755833039307,-95.43484497070312,-95.43484497070312,0.10243630409240723,0.15889859199523926,63,,CenterFallback,1,32,0,,,[],0.10210561752319336,0.0504755973815918,0.05045461654663086,0.0567626953125,0.0011210441589355469
20250723_235954_167,71,NO_RADIO,63,45.0,6.209536512898609,-95.6165771484375,-95.6165771484375,0.10328054428100586,0.10295510292053223,63,,CenterFallback,1,32,0,,,[],0.1024312973022461,0.05052971839904785,0.050597429275512695,0.0006313323974609375,0.0011391639709472656
20250723_235954_374,71,NO_RADIO,63,45.0,6.783273199938009,-95.32933807373047,-95.32933807373047,0.1022944450378418,0.15869855880737305,63,,CenterFallback,1,32,0,,,[],0.10191464424133301,0.05051231384277344,0.05050158500671387,0.05675339698791504,0.0008730888366699219
20250723_235954_637,71,NO_RADIO,63,45.0,6.4097367220445705,-95.4705810546875,-95.4705810546875,0.10319113731384277,0.10232090950012207,63,,CenterFallback,1,32,0,,,[],0.10286116600036621,0.050504207611083984,0.05052757263183594,0.00041794776916503906,0.0008299350738525391
20250723_235954_844,71,NO_RADIO,63,45.0,6.783616885282626,-95.32933807373047,-95.32933807373047,0.10155820846557617,0.1585228443145752,63,,CenterFallback,1,32,0,,,[],0.1012125015258789,0.05049586296081543,0.05049610137939453,0.056719064712524414,0.0007529258728027344
20250723_235955_106,71,NO_RADIO,63,45.0,6.915957705764683,-95.15899658203125,-95.15899658203125,0.10126209259033203,0.10220742225646973,63,,CenterFallback,1,32,0,,,[],0.10093021392822266,0.050507545471191406,0.05050349235534668,0.00040411949157714844,0.0007536411285400391
20250723_235955_311,71,NO_RADIO,63,45.0,6.458634926549308,-95.6165771484375,-95.6165771484375,0.10239791870117188,0.15844011306762695,63,,CenterFallback,1,32,0,,,[],0.10207939147949219,0.050444841384887695,0.050438880920410156,0.05673789978027344,0.0007655620574951172
20250723_235955_573,71,NO_RADIO,63,45.0,6.784140193989543,-95.43484497070312,-95.43484497070312,0.10533404350280762,0.10212326049804688,63,,CenterFallback,1,32,0,,,[],0.10501885414123535,0.05045318603515625,0.05047941207885742,0.00039649009704589844,0.0007503032684326172
20250723_235955_783,71,NO_RADIO,63,45.0,6.784346420763939,-95.32933807373047,-95.32933807373047,0.10239744186401367,0.15857410430908203,63,,CenterFallback,1,32,0,,,[],0.10205435752868652,0.05047774314880371,0.050447702407836914,0.05678367614746094,0.0008127689361572266
20250723_235956_045,71,NO_RADIO,63,45.0,6.784494612503039,-95.43484497070312,-95.43484497070312,0.10325312614440918,0.10210323333740234,63,,CenterFallback,1,32,0,,,[],0.10294270515441895,0.05043435096740723,0.05046820640563965,0.00039768218994140625,0.0007643699645996094
20250723_235956_252,71,NO_RADIO,63,45.0,6.459337737496043,-95.43484497070312,-95.43484497070312,0.10240292549133301,0.15851783752441406,63,,CenterFallback,1,32,0,,,[],0.10202169418334961,0.050481319427490234,0.05046868324279785,0.0567169189453125,0.0007984638214111328
20250723_235956_515,71,NO_RADIO,63,45.0,6.459633463318596,-95.4295696258545,-95.4295696258545,0.10253763198852539,0.1021280288696289,63,,CenterFallback,1,32,0,,,[],0.10222434997558594,0.0504608154296875,0.0504457950592041,0.00039267539978027344,0.0007963180541992188
20250723_235956_721,71,NO_RADIO,63,45.0,6.459824388135814,-95.6165771484375,-95.6165771484375,0.10037541389465332,0.15845060348510742,63,,CenterFallback,1,32,0,,,[],0.10003304481506348,0.050470590591430664,0.050445556640625,0.056732177734375,0.0007510185241699219
20250723_235956_981,71,NO_RADIO,63,45.0,6.7853136576998025,-95.6165771484375,-95.6165771484375,0.10128974914550781,0.10212588310241699,63,,CenterFallback,1,32,0,,,[],0.1009833812713623,0.050461769104003906,0.050484657287597656,0.00039124488830566406,0.0007407665252685547
20250723_235957_186,71,NO_RADIO,63,45.0,6.460133697293131,-95.32933807373047,-95.32933807373047,0.10161161422729492,0.15851998329162598,63,,CenterFallback,1,32,0,,,[],0.10125946998596191,0.05043625831604004,0.05043840408325195,0.0568242073059082,0.0007686614990234375
20250723_235957_448,72,NO_RADIO,63,45.0,6.917783690170609,-95.15899658203125,-95.15899658203125,0.10181021690368652,0.10210466384887695,63,,CenterFallback,1,32,0,,,[],0.10146045684814453,0.05047178268432617,0.05044984817504883,0.0003960132598876953,0.0007534027099609375
20250723_235957_653,72,NO_RADIO,63,45.0,6.056281376458045,-96.12810516357422,-96.12810516357422,0.10196328163146973,0.15843772888183594,63,,CenterFallback,1,32,0,,,[],0.1016077995300293,0.050462961196899414,0.05044269561767578,0.05672812461853027,0.0007510185241699219
20250723_235957_915,72,NO_RADIO,63,45.0,6.212670912246168,-95.76196441650391,-95.76196441650391,0.10157179832458496,0.1020808219909668,63,,CenterFallback,1,32,0,,,[],0.10124850273132324,0.050469160079956055,0.05043649673461914,0.0003981590270996094,0.0007417201995849609
20250723_235958_121,72,NO_RADIO,63,45.0,6.786372797579418,-95.32933807373047,-95.32933807373047,0.10213994979858398,0.15865159034729004,63,,CenterFallback,1,32,0,,,[],0.10181379318237305,0.050479888916015625,0.05045318603515625,0.05672335624694824,0.0009324550628662109
20250723_235958_383,72,NO_RADIO,63,45.0,6.412775243740327,-95.65199050903321,-95.65199050903321,0.10290360450744629,0.10212111473083496,63,,CenterFallback,1,32,0,,,[],0.10257863998413086,0.05046987533569336,0.05046868324279785,0.0003955364227294922,0.0007529258728027344
20250723_235958_590,72,NO_RADIO,63,45.0,6.213382686971784,-95.76765441894531,-95.76765441894531,0.10182690620422363,0.15843844413757324,63,,CenterFallback,1,32,0,,,[],0.10146951675415039,0.05045461654663086,0.05043220520019531,0.05672764778137207,0.0007719993591308594
20250723_235958_851,72,NO_RADIO,63,45.0,6.413393761764652,-95.6165771484375,-95.6165771484375,0.10276460647583008,0.10207819938659668,63,,CenterFallback,1,32,0,,,[],0.10245060920715332,0.05046343803405762,0.05045747756958008,0.0003838539123535156,0.0007412433624267578
20250723_235959_058,72,NO_RADIO,63,45.0,6.413568125503858,-95.6165771484375,-95.6165771484375,0.10163712501525879,0.15847110748291016,63,,CenterFallback,1,32,0,,,[],0.10130620002746582,0.05045795440673828,0.05046486854553223,0.05674147605895996,0.000751495361328125
20250723_235959_320,72,NO_RADIO,63,45.0,6.413769764111407,-95.43484497070312,-95.43484497070312,0.09952783584594727,0.1021566390991211,63,,CenterFallback,1,32,0,,,[],0.09918022155761719,0.05045771598815918,0.05046248435974121,0.00040078163146972656,0.0007991790771484375
20250723_235959_523,72,NO_RADIO,63,45.0,6.414007426021968,-95.65385437011719,-95.65385437011719,0.10157942771911621,0.15848469734191895,63,,CenterFallback,1,32,0,,,[],0.10123658180236816,0.050423383712768555,0.0504763126373291,0.05676889419555664,0.0007653236389160156
20250723_235959_784,72,NO_RADIO,63,45.0,6.214587028674202,-95.76765441894531,-95.76765441894531,0.10277342796325684,0.10218548774719238,63,,CenterFallback,1,32,0,,,[],0.10243725776672363,0.05046248435974121,0.05047416687011719,0.0004031658172607422,0.0008075237274169922
20250723_235959_991,72,NO_RADIO,63,45.0,6.419398757839616,-95.65199050903321,-95.65199050903321,0.10176444053649902,0.15843582153320312,63,,CenterFallback,1,32,0,,,[],0.10139870643615723,0.05044054985046387,0.05047178268432617,0.05672287940979004,0.0007493495941162109
20250724_000000_253,72,NO_RADIO,63,45.0,6.215069414433643,-95.65385437011719,-95.65385437011719,0.10325098037719727,0.10265922546386719,63,,CenterFallback,1,32,0,,,[],0.10291194915771484,0.05045127868652344,0.05051827430725098,0.0004935264587402344,0.001138448715209961
20250724_000000_461,72,NO_RADIO,63,45.0,6.833331060919903,-95.43484497070312,-95.43484497070312,0.1057736873626709,0.15861272811889648,63,,CenterFallback,1,32,0,,,[],0.10538291931152344,0.05045652389526367,0.050528526306152344,0.056737422943115234,0.0008361339569091797
20250724_000000_727,72,NO_RADIO,63,45.0,6.415105097433184,-95.65385437011719,-95.65385437011719,0.1084296703338623,0.10219120979309082,63,,CenterFallback,1,32,0,,,[],0.10808157920837402,0.050467491149902344,0.05047345161437988,0.00044608116149902344,0.0007607936859130859
20250724_000000_939,72,NO_RADIO,63,45.0,6.415364188045345,-95.65385437011719,-95.65385437011719,0.10545706748962402,0.15862441062927246,63,,CenterFallback,1,32,0,,,[],0.10514497756958008,0.05049443244934082,0.050481319427490234,0.056769609451293945,0.0008268356323242188
20250724_000001_205,72,NO_RADIO,63,45.0,6.415645141878059,-95.6165771484375,-95.6165771484375,0.10613536834716797,0.1023247241973877,63,,CenterFallback,1,32,0,,,[],0.10580110549926758,0.05048823356628418,0.050531864166259766,0.00040459632873535156,0.0008463859558105469
20250724_000001_421,73,NO_RADIO,63,45.0,6.415898127490422,-95.65385437011719,-95.65385437011719,0.11046838760375977,0.15850424766540527,63,,CenterFallback,1,32,0,,,[],0.10449576377868652,0.050464630126953125,0.05044388771057129,0.056754350662231445,0.0007874965667724609
20250724_000001_686,73,NO_RADIO,63,45.0,6.464811174713674,-95.43484497070312,-95.43484497070312,0.10622262954711914,0.10211634635925293,63,,CenterFallback,1,32,0,,,[],0.10589480400085449,0.05047798156738281,0.050417184829711914,0.0003974437713623047,0.0007708072662353516
20250724_000001_895,73,NO_RADIO,63,45.0,6.790285478768254,-95.32933807373047,-95.32933807373047,0.1055147647857666,0.1589488983154297,63,,CenterFallback,1,32,0,,,[],0.10518980026245117,0.05046677589416504,0.0504612922668457,0.05677151679992676,0.0011718273162841797
20250724_000002_163,73,NO_RADIO,63,45.0,6.416770825276842,-95.6165771484375,-95.6165771484375,0.10562872886657715,0.10257244110107422,63,,CenterFallback,1,32,0,,,[],0.1046147346496582,0.050510406494140625,0.050516366958618164,0.00041365623474121094,0.0010836124420166016
20250724_000002_372,73,NO_RADIO,63,45.0,6.7908134567543925,-95.32933807373047,-95.32933807373047,0.10656285285949707,0.1586458683013916,63,,CenterFallback,1,32,0,,,[],0.10621333122253418,0.05051422119140625,0.050516605377197266,0.05675315856933594,0.0008082389831542969
20250724_000002_639,73,NO_RADIO,63,45.0,6.217704329802132,-95.9241714477539,-95.9241714477539,0.10958290100097656,0.10230398178100586,63,,CenterFallback,1,32,0,,,[],0.10918879508972168,0.05052447319030762,0.05053234100341797,0.00040435791015625,0.00080108642578125
20250724_000002_852,73,NO_RADIO,63,45.0,6.218091815523053,-95.76765441894531,-95.76765441894531,0.10448980331420898,0.1589038372039795,63,,CenterFallback,1,32,0,,,[],0.10410833358764648,0.05047917366027832,0.05052351951599121,0.056764841079711914,0.0010669231414794922
20250724_000003_119,73,NO_RADIO,63,45.0,6.218403399656012,-95.76765441894531,-95.76765441894531,0.10344505310058594,0.10225558280944824,63,,CenterFallback,1,32,0,,,[],0.102569580078125,0.05052900314331055,0.05048537254333496,0.00041937828063964844,0.0007829666137695312
20250724_000003_325,73,NO_RADIO,63,45.0,6.2186589883177845,-95.76765441894531,-95.76765441894531,0.09884238243103027,0.15865492820739746,63,,CenterFallback,1,32,0,,,[],0.09849882125854492,0.05051684379577637,0.05047106742858887,0.0567936897277832,0.0008070468902587891
20250724_000003_585,73,NO_RADIO,63,45.0,6.218847952275183,-95.76765441894531,-95.76765441894531,0.10364508628845215,0.10216331481933594,63,,CenterFallback,1,32,0,,,[],0.10327315330505371,0.05046558380126953,0.05048322677612305,0.00039958953857421875,0.0007710456848144531
20250724_000003_792,73,NO_RADIO,63,45.0,6.219243521968565,-95.9241714477539,-95.9241714477539,0.10155344009399414,0.15851974487304688,63,,CenterFallback,1,32,0,,,[],0.10122370719909668,0.05046868324279785,0.05045890808105469,0.056734561920166016,0.0008051395416259766
20250724_000004_054,73,NO_RADIO,63,45.0,6.467769790810394,-95.6165771484375,-95.6165771484375,0.1040196418762207,0.10212874412536621,63,,CenterFallback,1,32,0,,,[],0.10370445251464844,0.05046439170837402,0.050481557846069336,0.00041413307189941406,0.0007197856903076172
20250724_000004_262,73,NO_RADIO,63,45.0,6.467931851904922,-95.43484497070312,-95.43484497070312,0.10208296775817871,0.15856361389160156,63,,CenterFallback,1,32,0,,,[],0.10175204277038574,0.05049276351928711,0.05045914649963379,0.05674600601196289,0.0008153915405273438
20250724_000004_524,73,NO_RADIO,63,45.0,6.4196708553439805,-95.60927734375001,-95.60927734375001,0.1021261215209961,0.10221695899963379,63,,CenterFallback,1,32,0,,,[],0.10178875923156738,0.050485849380493164,0.0505061149597168,0.0004029273986816406,0.0007839202880859375
20250724_000004_730,73,NO_RADIO,63,45.0,6.468426179262721,-95.4705810546875,-95.4705810546875,0.10077238082885742,0.15871214866638184,63,,CenterFallback,1,32,0,,,[],0.10041427612304688,0.05052661895751953,0.05050015449523926,0.05674934387207031,0.0008807182312011719
20250724_000004_991,73,NO_RADIO,63,45.0,6.468568380653181,-95.32933807373047,-95.32933807373047,0.10245752334594727,0.1022953987121582,63,,CenterFallback,1,32,0,,,[],0.10207414627075195,0.050539493560791016,0.050540924072265625,0.00042366981506347656,0.0007503032684326172
20250724_000005_197,73,NO_RADIO,63,45.0,6.468823231050806,-95.6165771484375,-95.6165771484375,0.10176753997802734,0.1584780216217041,63,,CenterFallback,1,32,0,,,[],0.10140705108642578,0.05045032501220703,0.050481319427490234,0.05672907829284668,0.0007646083831787109
20250724_000005_459,74,NO_RADIO,63,45.0,6.469074472483854,-95.6165771484375,-95.6165771484375,0.10407662391662598,0.10224056243896484,63,,CenterFallback,1,32,0,,,[],0.1038048267364502,0.05047607421875,0.050488948822021484,0.00040268898010253906,0.0007953643798828125
20250724_000005_667,74,NO_RADIO,63,45.0,6.065191027337278,-96.04537200927734,-96.04537200927734,0.10262107849121094,0.15859508514404297,63,,CenterFallback,1,32,0,,,[],0.10228443145751953,0.05043816566467285,0.05051159858703613,0.05680227279663086,0.0007865428924560547
20250724_000005_930,74,NO_RADIO,63,45.0,6.469607924791589,-95.43484497070312,-95.43484497070312,0.1049656867980957,0.10217070579528809,63,,CenterFallback,1,32,0,,,[],0.10465860366821289,0.05046653747558594,0.05046200752258301,0.00040221214294433594,0.0008034706115722656
20250724_000006_138,74,NO_RADIO,63,45.0,5.963910187783583,-96.12810516357422,-96.12810516357422,0.10282492637634277,0.15852785110473633,63,,CenterFallback,1,32,0,,,[],0.10251021385192871,0.05043387413024902,0.05049610137939453,0.056746482849121094,0.0007970333099365234
20250724_000006_401,74,NO_RADIO,63,45.0,6.22219609403345,-96.04537200927734,-96.04537200927734,0.09771990776062012,0.10229277610778809,63,,CenterFallback,1,32,0,,,[],0.09736776351928711,0.05047941207885742,0.05049014091491699,0.00040268898010253906,0.0008718967437744141
20250724_000006_603,74,63,63,45.0,6.01316961430004,-95.65385437011719,-95.65385437011719,0.10257077217102051,0.2615840435028076,63,63,OffsetFailed,2,54,31.9,6.4710198741346545,-9,[],0.10226631164550781,0.05043601989746094,0.05048251152038574,0.056739091873168945,0.0008602142333984375
20250724_000006_969,74,NO_RADIO,63,45.0,6.222983407619793,-95.6165771484375,-95.6165771484375,0.1006166934967041,0.15850090980529785,63,,CenterFallback,1,32,0,,,[],0.10029029846191406,0.050469160079956055,0.05045175552368164,0.05672478675842285,0.0008027553558349609
20250724_000007_229,74,NO_RADIO,63,45.0,6.223178148273149,-95.76765441894531,-95.76765441894531,0.10232067108154297,0.10212588310241699,63,,CenterFallback,1,32,0,,,[],0.10199952125549316,0.05047774314880371,0.05045580863952637,0.0003962516784667969,0.0007545948028564453
20250724_000007_435,74,NO_RADIO,63,45.0,6.223417826608653,-95.43484497070312,-95.43484497070312,0.10225796699523926,0.1587831974029541,63,,CenterFallback,1,32,0,,,[],0.10190248489379883,0.050446271896362305,0.050571441650390625,0.05676770210266113,0.0009331703186035156
20250724_000007_698,74,NO_RADIO,63,45.0,6.472024265505155,-95.65199050903321,-95.65199050903321,0.10285568237304688,0.10213041305541992,63,,CenterFallback,1,32,0,,,[],0.10254216194152832,0.05045604705810547,0.050473690032958984,0.0004012584686279297,0.0007653236389160156
20250724_000007_905,74,NO_RADIO,63,45.0,6.223918894766086,-95.76765441894531,-95.76765441894531,0.1023712158203125,0.15852952003479004,63,,CenterFallback,1,32,0,,,[],0.10204434394836426,0.05044198036193848,0.05049467086791992,0.0567479133605957,0.0007448196411132812
20250724_000008_167,74,NO_RADIO,63,45.0,6.224163710689595,-95.9241714477539,-95.9241714477539,0.10301423072814941,0.10222220420837402,63,,CenterFallback,1,32,0,,,[],0.10270071029663086,0.05048060417175293,0.050504446029663086,0.0004200935363769531,0.0007770061492919922
20250724_000008_374,74,NO_RADIO,63,45.0,6.224421632835302,-95.6165771484375,-95.6165771484375,0.10258197784423828,0.1584186553955078,63,,CenterFallback,1,32,0,,,[],0.10224366188049316,0.05043220520019531,0.050432443618774414,0.056745052337646484,0.0007579326629638672
20250724_000008_637,74,NO_RADIO,63,45.0,6.472864436756225,-95.43484497070312,-95.43484497070312,0.10234546661376953,0.10222244262695312,63,,CenterFallback,1,32,0,,,[],0.1020357608795166,0.050431013107299805,0.05050992965698242,0.0004050731658935547,0.0008389949798583984
20250724_000008_843,74,NO_RADIO,63,45.0,6.068947354112211,-96.12810516357422,-96.12810516357422,0.1016836166381836,0.1584324836730957,63,,CenterFallback,1,32,0,,,[],0.10138106346130371,0.050461530685424805,0.05042552947998047,0.05673956871032715,0.0007529258728027344
20250724_000009_105,74,NO_RADIO,63,45.0,6.225297256054745,-95.76765441894531,-95.76765441894531,0.10220003128051758,0.10226273536682129,63,,CenterFallback,1,32,0,,,[],0.1018218994140625,0.05051589012145996,0.05046510696411133,0.0003948211669921875,0.0008454322814941406
20250724_000009_311,75,NO_RADIO,63,45.0,6.225540455993652,-95.9241714477539,-95.9241714477539,0.10152626037597656,0.1585381031036377,63,,CenterFallback,1,32,0,,,[],0.1011819839477539,0.050484657287597656,0.05042123794555664,0.05674910545349121,0.0008275508880615234
20250724_000009_572,75,NO_RADIO,63,45.0,6.225667246231424,-95.65385437011719,-95.65385437011719,0.10430574417114258,0.10213041305541992,63,,CenterFallback,1,32,0,,,[],0.10398125648498535,0.05045151710510254,0.050452232360839844,0.0003948211669921875,0.0007965564727783203
20250724_000009_780,75,NO_RADIO,63,45.0,6.4256500866275985,-95.65385437011719,-95.65385437011719,0.10220146179199219,0.15854334831237793,63,,CenterFallback,1,32,0,,,[],0.10185074806213379,0.05046367645263672,0.050454139709472656,0.05675172805786133,0.0008203983306884766
20250724_000010_043,75,NO_RADIO,63,45.0,6.226216987431727,-95.76765441894531,-95.76765441894531,0.10195589065551758,0.10206151008605957,63,,CenterFallback,1,32,0,,,[],0.10163235664367676,0.05042219161987305,0.05045294761657715,0.0003895759582519531,0.0007596015930175781
20250724_000010_248,75,NO_RADIO,63,45.0,6.799958119355523,-95.2263412475586,-95.2263412475586,0.12704801559448242,0.15883326530456543,63,,CenterFallback,1,32,0,,,[],0.12673091888427734,0.0504603385925293,0.05046820640563965,0.05673933029174805,0.0010993480682373047
20250724_000010_536,75,NO_RADIO,63,45.0,6.017458521785059,-96.25521850585938,-96.25521850585938,0.1020040512084961,0.10213613510131836,63,,CenterFallback,1,32,0,,,[],0.10155224800109863,0.05046534538269043,0.050493478775024414,0.0003981590270996094,0.0007426738739013672
20250724_000010_742,75,NO_RADIO,63,45.0,6.800532649632416,-95.46879425048829,-95.46879425048829,0.10261774063110352,0.15855026245117188,63,,CenterFallback,1,32,0,,,[],0.10236454010009766,0.05051374435424805,0.0504755973815918,0.05672907829284668,0.0007660388946533203
20250724_000011_005,75,NO_RADIO,63,45.0,6.227334658239897,-95.6165771484375,-95.6165771484375,0.10208582878112793,0.10209298133850098,63,,CenterFallback,1,32,0,,,[],0.10175228118896484,0.05044150352478027,0.050478219985961914,0.00039768218994140625,0.0007388591766357422
20250724_000011_211,75,NO_RADIO,63,45.0,6.227605715707384,-95.65385437011719,-95.65385437011719,0.09746146202087402,0.1585383415222168,63,,CenterFallback,1,32,0,,,[],0.09713983535766602,0.050459861755371094,0.05047249794006348,0.05680656433105469,0.0007421970367431641
20250724_000011_468,75,NO_RADIO,63,45.0,6.427469331652446,-95.65385437011719,-95.65385437011719,0.10099101066589355,0.1020352840423584,63,,CenterFallback,1,32,0,,,[],0.10067319869995117,0.05044412612915039,0.05043840408325195,0.0003986358642578125,0.0007216930389404297
20250724_000011_673,75,NO_RADIO,63,45.0,6.228059949650472,-95.76196441650391,-95.76196441650391,0.1043708324432373,0.15851426124572754,63,,CenterFallback,1,32,0,,,[],0.10402894020080566,0.05047774314880371,0.05049014091491699,0.056752920150756836,0.0007405281066894531
20250724_000011_937,75,NO_RADIO,63,45.0,6.427966301651338,-95.6165771484375,-95.6165771484375,0.10287046432495117,0.10208678245544434,63,,CenterFallback,1,32,0,,,[],0.10255908966064453,0.05044436454772949,0.050436973571777344,0.0003974437713623047,0.0007669925689697266
20250724_000012_144,75,NO_RADIO,63,45.0,6.2285223239800445,-95.91634559631349,-95.91634559631349,0.10178923606872559,0.1584763526916504,63,,CenterFallback,1,32,0,,,[],0.10150361061096191,0.05047249794006348,0.0504612922668457,0.05674004554748535,0.0007503032684326172
20250724_000012_406,75,NO_RADIO,63,45.0,6.228756415353416,-96.04537200927734,-96.04537200927734,0.10016894340515137,0.10212135314941406,63,,CenterFallback,1,32,0,,,[],0.09984183311462402,0.05045604705810547,0.05045485496520996,0.0004036426544189453,0.0007643699645996094
20250724_000012_609,75,NO_RADIO,63,45.0,6.428743618936693,-95.65385437011719,-95.65385437011719,0.10125303268432617,0.15863275527954102,63,,CenterFallback,1,32,0,,,[],0.1009364128112793,0.05050182342529297,0.05043292045593262,0.056742191314697266,0.0009000301361083984
20250724_000012_871,75,NO_RADIO,63,45.0,6.229308184511268,-95.9241714477539,-95.9241714477539,0.10162091255187988,0.10215282440185547,63,,CenterFallback,1,32,0,,,[],0.10124373435974121,0.05047726631164551,0.050484657287597656,0.0004355907440185547,0.0007164478302001953
20250724_000013_076,75,NO_RADIO,63,45.0,6.477751564678542,-95.65385437011719,-95.65385437011719,0.10037374496459961,0.15845561027526855,63,,CenterFallback,1,32,0,,,[],0.1000523567199707,0.05045580863952637,0.05047750473022461,0.056725263595581055,0.0007436275482177734
20250724_000013_337,76,NO_RADIO,63,45.0,6.229792743651089,-96.04537200927734,-96.04537200927734,0.10246872901916504,0.10214591026306152,63,,CenterFallback,1,32,0,,,[],0.1022043228149414,0.050435781478881836,0.05050349235534668,0.0004029273986816406,0.0007681846618652344
