Timestamp,Boresight,Jetson Detection,Rx Beam Index,Rx Beam Angle,Initial SNR (dB),Initial Max Power (dBm),Max Power (dBm),YOLO Time (s),Beam Sweep Time (s),Rx Beam Index (YOLO Predicted),Rx Beam Index (Selected),Adjustment Method,Beams Checked in Search,Adjusted Beam Index,Adjusted Beam Angle,SNR (dB),Offset Error,Beam Offset History,Received Jetson inference Time,Set TX Beam Time (s),Set RX Beam Time (s),Stabilize Beam Time (s),Measure SNR Time (s)
20250724_002616_567,-65,NO_RADIO,32,0,6.973316955566418,-96.43071746826172,-96.43071746826172,0.1256544589996338,0.10247468948364258,32,,CenterFallback,1,32,0,,,[],0.1252152919769287,0.0504918098449707,0.05051565170288086,0.00045871734619140625,0.0009577274322509766
20250724_002616_800,-65,NO_RADIO,32,0,7.062311768828991,-96.43071746826172,-96.43071746826172,0.10124802589416504,0.1564779281616211,32,,CenterFallback,1,32,0,,,[],0.10082030296325684,0.050513267517089844,0.05050063133239746,0.054727792739868164,0.0006783008575439453
20250724_002617_059,-65,NO_RADIO,32,0,7.054722357082824,-96.75601196289062,-96.75601196289062,0.10088515281677246,0.10197734832763672,32,,CenterFallback,1,32,0,,,[],0.10052967071533203,0.05045199394226074,0.05049300193786621,0.0003941059112548828,0.000606536865234375
20250724_002617_264,-65,NO_RADIO,32,0,7.123140498054667,-96.43071746826172,-96.43071746826172,0.1006014347076416,0.1585369110107422,32,,CenterFallback,1,32,0,,,[],0.10028529167175293,0.05051469802856445,0.05047130584716797,0.056821346282958984,0.0006783008575439453
20250724_002617_525,-64,NO_RADIO,32,0,6.57799283759077,-97.00424194335938,-97.00424194335938,0.10108089447021484,0.1020975112915039,32,,CenterFallback,1,32,0,,,[],0.10071945190429688,0.05048489570617676,0.0504918098449707,0.00039839744567871094,0.0006840229034423828
20250724_002617_729,-64,NO_RADIO,32,0,6.62636601232802,-97.00424194335938,-97.00424194335938,0.10074090957641602,0.15842318534851074,32,,CenterFallback,1,32,0,,,[],0.10041046142578125,0.050519704818725586,0.05049443244934082,0.056682586669921875,0.0006730556488037109
20250724_002617_990,-64,NO_RADIO,32,0,6.81613134249551,-96.75601196289062,-96.75601196289062,0.10218405723571777,0.10200977325439453,32,,CenterFallback,1,32,0,,,[],0.10185599327087402,0.05047297477722168,0.05044913291931152,0.0004131793975830078,0.0006406307220458984
20250724_002618_196,-64,NO_RADIO,32,0,7.126263981230295,-96.38617706298828,-96.38617706298828,0.10072493553161621,0.15845155715942383,32,,CenterFallback,1,32,0,,,[],0.100341796875,0.050499677658081055,0.05048084259033203,0.056720733642578125,0.0006983280181884766
20250724_002618_457,-63,NO_RADIO,32,0,7.463791964360595,-96.25521850585938,-96.25521850585938,0.1002202033996582,0.10199451446533203,32,,CenterFallback,1,32,0,,,[],0.0998997688293457,0.050447702407836914,0.05048823356628418,0.00038242340087890625,0.0006392002105712891
20250724_002618_661,-63,NO_RADIO,32,0,7.172236114328257,-96.25521850585938,-96.25521850585938,0.09971904754638672,0.1584467887878418,32,,CenterFallback,1,32,0,,,[],0.09936285018920898,0.050469160079956055,0.05048561096191406,0.05678057670593262,0.0006580352783203125
20250724_002618_921,-63,NO_RADIO,32,0,7.103015755162431,-96.43071746826172,-96.43071746826172,0.10096883773803711,0.10202908515930176,32,,CenterFallback,1,32,0,,,[],0.10058760643005371,0.050445556640625,0.050462961196899414,0.00039887428283691406,0.0006868839263916016
20250724_002619_125,-63,NO_RADIO,32,0,6.822587225784034,-96.43071746826172,-96.43071746826172,0.10041022300720215,0.15833687782287598,32,,CenterFallback,1,32,0,,,[],0.10005617141723633,0.0504758358001709,0.050399065017700195,0.05673718452453613,0.0006697177886962891
20250724_002619_386,-62,63,63,45.0,6.799552304443537,-92.64356231689453,-92.64356231689453,0.10509014129638672,0.2806673049926758,63,63,OffsetFailed,2,62,43.5,10.797733932016115,-1,[],0.10478377342224121,0.05048060417175293,0.050461769104003906,0.000396728515625,0.0006451606750488281
20250724_002619_773,-62,NO_RADIO,63,45.0,10.669474605299143,-92.77661895751953,-92.77661895751953,0.10059070587158203,0.1022341251373291,63,,CenterFallback,1,32,0,,,[],0.10024595260620117,0.050482749938964844,0.050637245178222656,0.0003998279571533203,0.0006797313690185547
20250724_002619_977,-62,63,63,45.0,11.96883198548852,-91.34230194091796,-91.34230194091796,0.09700489044189453,0.2608506679534912,63,63,OffsetFailed,2,63,45.0,11.95060637228221,1,[],0.0966484546661377,0.05048036575317383,0.0504605770111084,0.05673623085021973,0.0006542205810546875
20250724_002620_337,-61,63,63,45.0,12.56841959292133,-90.43257141113281,-90.43257141113281,0.10057806968688965,0.26113033294677734,63,63,OffsetFailed,2,63,45.0,12.860294929711714,1,[],0.10025882720947266,0.05074453353881836,0.05041646957397461,0.05672860145568848,0.0006709098815917969
20250724_002620_700,-61,63,63,45.0,13.234476689929878,-90.23462677001953,-90.23462677001953,0.10023283958435059,0.26091432571411133,63,63,OffsetFailed,2,63,45.0,13.210144278785279,0,[],0.09989643096923828,0.0504460334777832,0.050431251525878906,0.05678153038024902,0.0006716251373291016
20250724_002621_063,-61,63,63,45.0,13.104189142135652,-90.05561828613281,-90.05561828613281,0.10251975059509277,0.2612011432647705,63,63,OffsetFailed,2,63,45.0,13.353792663952404,0,[],0.10217523574829102,0.0504918098449707,0.05049586296081543,0.056725502014160156,0.0006780624389648438
20250724_002621_428,-60,63,63,45.0,14.504293599739455,-89.03116607666016,-89.03116607666016,0.10145163536071777,0.15839624404907227,63,63,YOLO,1,63,45.0,14.504293599739455,0,[],0.10116696357727051,0.05044245719909668,0.050534725189208984,0.05673933029174805,0.0006728172302246094
20250724_002621_690,-60,63,63,45.0,14.596024991854804,-88.90271759033203,-88.90271759033203,0.10261392593383789,0.10201668739318848,63,63,YOLO,1,63,45.0,14.596024991854804,0,[],0.10226917266845703,0.05048203468322754,0.05048942565917969,0.0004024505615234375,0.0006375312805175781
20250724_002621_896,-60,63,63,45.0,14.886795865600291,-88.6641616821289,-88.6641616821289,0.10156035423278809,0.15836000442504883,63,63,YOLO,1,63,45.0,14.886795865600291,0,[],0.1012105941772461,0.050475358963012695,0.050498008728027344,0.056728363037109375,0.0006515979766845703
20250724_002622_158,-60,63,63,45.0,14.680884445531674,-88.62651329040527,-88.62651329040527,0.10487508773803711,0.1020815372467041,63,63,YOLO,1,63,45.0,14.680884445531674,0,[],0.10456347465515137,0.05047249794006348,0.05051422119140625,0.0003943443298339844,0.0006940364837646484
20250724_002622_366,-59,63,63,45.0,16.030920303220242,-87.57687377929688,-87.57687377929688,0.09791278839111328,0.1583542823791504,63,63,YOLO,1,63,45.0,16.030920303220242,0,[],0.09755229949951172,0.050457000732421875,0.05047917366027832,0.05672335624694824,0.0006883144378662109
20250724_002622_624,-59,63,63,45.0,16.01615586710804,-87.26211547851562,-87.26211547851562,0.09152960777282715,0.10201716423034668,63,63,YOLO,1,63,45.0,16.01615586710804,0,[],0.09121537208557129,0.050479888916015625,0.0504755973815918,0.00040793418884277344,0.0006480216979980469
20250724_002622_819,-59,63,63,45.0,16.59594443959874,-86.73194885253906,-86.73194885253906,0.09458398818969727,0.15836143493652344,63,63,YOLO,1,63,45.0,16.59594443959874,0,[],0.09427905082702637,0.05048036575317383,0.05045270919799805,0.056746721267700195,0.0006754398345947266
20250724_002623_074,-59,NO_RADIO,63,45.0,16.632584102436795,-86.8045425415039,-86.8045425415039,0.09534692764282227,0.10211396217346191,63,,CenterFallback,1,32,0,,,[],0.09499216079711914,0.05051898956298828,0.05047297477722168,0.00041604042053222656,0.0006673336029052734
20250724_002623_273,-58,NO_RADIO,63,45.0,16.608272723166408,-87.0042495727539,-87.0042495727539,0.10084295272827148,0.15837812423706055,63,,CenterFallback,1,32,0,,,[],0.1005094051361084,0.050473928451538086,0.05043959617614746,0.056717634201049805,0.000698089599609375
20250724_002623_534,-58,NO_RADIO,63,45.0,16.745412933695107,-86.86671295166016,-86.86671295166016,0.10063600540161133,0.10205864906311035,63,,CenterFallback,1,32,0,,,[],0.10023117065429688,0.05045485496520996,0.05040407180786133,0.00040078163146972656,0.0007565021514892578
20250724_002623_738,-58,63,63,45.0,18.340192628317368,-85.11579132080078,-85.11579132080078,0.10179805755615234,0.15836668014526367,63,63,YOLO,1,32,0,18.340192628317368,0,[],0.10148262977600098,0.05046868324279785,0.050431013107299805,0.056798458099365234,0.0006628036499023438
20250724_002624_000,-58,NO_RADIO,63,45.0,18.2780647443424,-85.20940399169922,-85.20940399169922,0.10149240493774414,0.10214543342590332,63,,CenterFallback,1,32,0,,,[],0.10115814208984375,0.05054211616516113,0.05048513412475586,0.0004010200500488281,0.0006780624389648438
20250724_002624_205,-58,NO_RADIO,63,45.0,18.24244344432357,-85.11562614440918,-85.11562614440918,0.10265135765075684,0.1584455966949463,63,,CenterFallback,1,32,0,,,[],0.10232329368591309,0.050467729568481445,0.050486087799072266,0.056774139404296875,0.00066375732421875
20250724_002624_468,-57,63,63,45.0,18.420990004321624,-85.07627868652344,-85.07627868652344,0.10571742057800293,0.10197901725769043,63,63,YOLO,1,32,0,18.420990004321624,0,[],0.1053464412689209,0.05051851272583008,0.050443172454833984,0.00038170814514160156,0.0006306171417236328
20250724_002624_677,-57,63,63,45.0,20.01706022144765,-83.48037910461426,-83.48037910461426,0.1007072925567627,0.15837645530700684,63,63,YOLO,1,32,0,20.01706022144765,0,[],0.10039067268371582,0.05047917366027832,0.05049610137939453,0.056737661361694336,0.0006575584411621094
20250724_002624_938,-57,63,63,45.0,19.97134862303696,-83.49720764160156,-83.49720764160156,0.10173463821411133,0.10193824768066406,63,63,YOLO,1,32,0,19.97134862303696,0,[],0.10139703750610352,0.05041384696960449,0.05049586296081543,0.00039958953857421875,0.0006241798400878906
20250724_002625_143,-57,63,63,45.0,19.73184706718314,-83.74089050292969,-83.74089050292969,0.10112929344177246,0.1583423614501953,63,63,YOLO,1,32,0,19.73184706718314,0,[],0.10079455375671387,0.05047011375427246,0.05048084259033203,0.05672335624694824,0.0006623268127441406
20250724_002625_405,-56,63,63,45.0,19.538078888748643,-83.90945358276367,-83.90945358276367,0.10302209854125977,0.10207581520080566,63,63,YOLO,1,32,0,19.538078888748643,0,[],0.10269498825073242,0.05052542686462402,0.05046510696411133,0.00040721893310546875,0.0006735324859619141
20250724_002625_611,-56,NO_RADIO,63,45.0,20.65572962213129,-82.7785415649414,-82.7785415649414,0.10104107856750488,0.1584794521331787,63,,CenterFallback,1,32,0,,,[],0.10070252418518066,0.050486087799072266,0.05051016807556152,0.0567319393157959,0.0006973743438720703
20250724_002625_873,-56,NO_RADIO,63,45.0,20.407222485464843,-83.02413482666016,-83.02413482666016,0.10122060775756836,0.10197997093200684,63,,CenterFallback,1,32,0,,,[],0.10081362724304199,0.05043387413024902,0.050455570220947266,0.0003979206085205078,0.0006597042083740234
20250724_002626_078,-56,63,63,45.0,20.394781586546202,-82.94345474243164,-82.94345474243164,0.10119318962097168,0.15841007232666016,63,63,YOLO,1,32,0,20.394781586546202,0,[],0.10088157653808594,0.05049014091491699,0.05047774314880371,0.0567474365234375,0.0006880760192871094
20250724_002626_339,-55,NO_RADIO,63,45.0,20.460662708516622,-82.92754135131835,-82.92754135131835,0.10118484497070312,0.10205197334289551,63,,CenterFallback,1,32,0,,,[],0.1008613109588623,0.05048537254333496,0.0504910945892334,0.0003979206085205078,0.0006399154663085938
20250724_002626_544,-55,63,63,45.0,21.377108974694295,-82.0215446472168,-82.0215446472168,0.10188817977905273,0.15835189819335938,63,63,YOLO,1,32,0,21.377108974694295,0,[],0.10155415534973145,0.05046796798706055,0.05048084259033203,0.05672621726989746,0.0006709098815917969
20250724_002626_806,-55,63,63,45.0,21.673687338179704,-81.76984405517578,-81.76984405517578,0.10388588905334473,0.10205984115600586,63,63,YOLO,1,32,0,21.673687338179704,0,[],0.10353803634643555,0.050496578216552734,0.05049443244934082,0.0004031658172607422,0.0006606578826904297
20250724_002627_013,-55,63,63,45.0,21.580141418873538,-81.73865089416503,-81.73865089416503,0.1017446517944336,0.15844941139221191,63,63,YOLO,1,32,0,21.580141418873538,0,[],0.10140013694763184,0.050544023513793945,0.05048084259033203,0.05673623085021973,0.0006816387176513672
20250724_002627_275,-55,63,63,45.0,21.664859343337156,-81.78817672729492,-81.78817672729492,0.10383963584899902,0.10209321975708008,63,63,YOLO,1,32,0,21.664859343337156,0,[],0.1034708023071289,0.05051898956298828,0.05051589012145996,0.0003974437713623047,0.0006558895111083984
20250724_002627_483,-54,NO_RADIO,63,45.0,22.69048478196173,-80.71933670043946,-80.71933670043946,0.1009986400604248,0.1584780216217041,63,,CenterFallback,1,32,0,,,[],0.10067510604858398,0.05047297477722168,0.05052304267883301,0.05675816535949707,0.0006635189056396484
20250724_002627_744,-54,63,63,45.0,22.771201366529482,-80.60920677185058,-80.60920677185058,0.10165190696716309,0.10206031799316406,63,63,YOLO,1,32,0,22.771201366529482,0,[],0.10129714012145996,0.050482749938964844,0.05052351951599121,0.00040149688720703125,0.0006473064422607422
20250724_002627_949,-54,63,63,45.0,22.37627055769103,-80.99747009277344,-80.99747009277344,0.0990898609161377,0.15844321250915527,63,63,YOLO,1,32,0,22.37627055769103,0,[],0.09875369071960449,0.05054283142089844,0.05048966407775879,0.05674266815185547,0.0006623268127441406
20250724_002628_208,-54,63,63,45.0,22.382334145548114,-80.95132865905762,-80.95132865905762,0.10035037994384766,0.10196471214294434,63,63,YOLO,1,32,0,22.382334145548114,0,[],0.09999775886535645,0.05048394203186035,0.0504460334777832,0.0003981590270996094,0.0006306171417236328
20250724_002628_412,-53,63,63,45.0,23.07681717939832,-80.23866081237793,-80.23866081237793,0.10161948204040527,0.15837717056274414,63,63,YOLO,1,32,0,23.07681717939832,0,[],0.10126113891601562,0.05046367645263672,0.05048561096191406,0.05675697326660156,0.0006642341613769531
20250724_002628_674,-53,NO_RADIO,63,45.0,22.97170064795648,-80.36324691772461,-80.36324691772461,0.10089349746704102,0.10221266746520996,63,,CenterFallback,1,32,0,,,[],0.10052108764648438,0.05052375793457031,0.05050039291381836,0.0003998279571533203,0.0007452964782714844
20250724_002628_879,-53,NO_RADIO,63,45.0,23.114662301039388,-80.39398002624512,-80.39398002624512,0.10080170631408691,0.15848803520202637,63,,CenterFallback,1,32,0,,,[],0.10048937797546387,0.050472259521484375,0.0504918098449707,0.05679750442504883,0.0006561279296875
20250724_002629_139,-53,63,63,45.0,22.91015866239914,-80.42643585205079,-80.42643585205079,0.10329627990722656,0.10200238227844238,63,63,YOLO,1,32,0,22.91015866239914,0,[],0.10299301147460938,0.05046725273132324,0.05047178268432617,0.00039649009704589844,0.0006608963012695312
20250724_002629_346,-52,63,63,45.0,23.390181014660413,-80.04011726379395,-80.04011726379395,0.10118222236633301,0.1583421230316162,63,63,YOLO,1,32,0,23.390181014660413,0,[],0.10081744194030762,0.05047202110290527,0.05047345161437988,0.056734561920166016,0.0006556510925292969
20250724_002629_607,-52,NO_RADIO,63,45.0,23.533968557256813,-79.85824012756348,-79.85824012756348,0.1005105972290039,0.10202312469482422,63,,CenterFallback,1,32,0,,,[],0.10019421577453613,0.050475120544433594,0.05044913291931152,0.0003979206085205078,0.0006649494171142578
20250724_002629_811,-52,NO_RADIO,63,45.0,23.79817469028336,-79.74167366027832,-79.74167366027832,0.10177922248840332,0.1583249568939209,63,,CenterFallback,1,32,0,,,[],0.10142111778259277,0.050481319427490234,0.050414323806762695,0.05672907829284668,0.0006487369537353516
20250724_002630_073,-52,NO_RADIO,63,45.0,23.54004464972283,-79.64628372192382,-79.64628372192382,0.1010732650756836,0.1020972728729248,63,,CenterFallback,1,32,0,,,[],0.10072636604309082,0.050501108169555664,0.050501108169555664,0.00039649009704589844,0.0006630420684814453
20250724_002630_278,-51,NO_RADIO,63,45.0,23.50892890982273,-79.86929206848144,-79.86929206848144,0.10133886337280273,0.15868806838989258,63,,CenterFallback,1,32,0,,,[],0.10102009773254395,0.05053400993347168,0.05063319206237793,0.05673861503601074,0.0007236003875732422
20250724_002630_540,-51,NO_RADIO,63,45.0,23.86634803285206,-79.5357063293457,-79.5357063293457,0.10246944427490234,0.10200214385986328,63,,CenterFallback,1,32,0,,,[],0.10213637351989746,0.050472259521484375,0.050417184829711914,0.00040149688720703125,0.0006742477416992188
20250724_002630_746,-51,63,63,45.0,24.32954408557967,-78.87586097717285,-78.87586097717285,0.10386204719543457,0.1583552360534668,63,63,YOLO,1,32,0,24.32954408557967,0,[],0.10353302955627441,0.05045771598815918,0.050470590591430664,0.056760549545288086,0.0006597042083740234
20250724_002631_010,-51,63,63,45.0,24.353675506360133,-79.01750869750977,-79.01750869750977,0.10100245475769043,0.10213232040405273,63,63,YOLO,1,32,0,24.353675506360133,0,[],0.10064840316772461,0.05053234100341797,0.05047965049743652,0.00039267539978027344,0.0007221698760986328
20250724_002631_215,-51,63,63,45.0,24.096058542055573,-79.2013729095459,-79.2013729095459,0.1038200855255127,0.15846037864685059,63,63,YOLO,1,32,0,24.096058542055573,0,[],0.10346674919128418,0.05054330825805664,0.050498247146606445,0.05676698684692383,0.0006451606750488281
20250724_002631_479,-50,63,63,45.0,24.07180803981838,-79.25178527832031,-79.25178527832031,0.10187411308288574,0.10205626487731934,63,63,YOLO,1,32,0,24.07180803981838,0,[],0.10153985023498535,0.05047345161437988,0.05052018165588379,0.00040221214294433594,0.0006539821624755859
20250724_002631_684,-50,63,63,45.0,24.50866976886826,-78.88483390808105,-78.88483390808105,0.10156846046447754,0.15838098526000977,63,63,YOLO,1,32,0,24.50866976886826,0,[],0.10124802589416504,0.05052042007446289,0.05043172836303711,0.05674862861633301,0.0006747245788574219
20250724_002631_946,-50,63,63,45.0,24.665003213215428,-78.7206802368164,-78.7206802368164,0.10199546813964844,0.10192513465881348,63,63,YOLO,1,32,0,24.665003213215428,0,[],0.10162997245788574,0.050475358963012695,0.050411224365234375,0.00040221214294433594,0.0006310939788818359
20250724_002632_152,-50,NO_RADIO,63,45.0,24.288552655583203,-79.0441047668457,-79.0441047668457,0.10103535652160645,0.15916132926940918,63,,CenterFallback,1,32,0,,,[],0.10068631172180176,0.05050349235534668,0.050490379333496094,0.05677080154418945,0.0013442039489746094
20250724_002632_413,-49,63,63,45.0,24.34882226628916,-79.04161529541015,-79.04161529541015,0.10144400596618652,0.10201263427734375,63,63,YOLO,1,32,0,24.34882226628916,0,[],0.10110282897949219,0.05047726631164551,0.05045914649963379,0.0004055500030517578,0.0006647109985351562
20250724_002632_618,-49,NO_RADIO,63,45.0,24.51661457795892,-78.87432975769043,-78.87432975769043,0.10030913352966309,0.15849947929382324,63,,CenterFallback,1,32,0,,,[],0.10002994537353516,0.05050778388977051,0.050478219985961914,0.056774139404296875,0.0006866455078125
20250724_002632_879,-49,NO_RADIO,63,45.0,24.343776905558258,-78.98932342529297,-78.98932342529297,0.10103750228881836,0.1020514965057373,63,,CenterFallback,1,32,0,,,[],0.10066819190979004,0.05048179626464844,0.05046415328979492,0.00039505958557128906,0.0006699562072753906
20250724_002633_084,-49,NO_RADIO,63,45.0,24.61530933008035,-78.83365631103516,-78.83365631103516,0.10181450843811035,0.15842032432556152,63,,CenterFallback,1,32,0,,,[],0.10149693489074707,0.05049705505371094,0.05046677589416504,0.056716203689575195,0.0006871223449707031
20250724_002633_346,-48,NO_RADIO,63,45.0,24.413933496573378,-78.82898712158203,-78.82898712158203,0.1006932258605957,0.10207605361938477,63,,CenterFallback,1,32,0,,,[],0.10034894943237305,0.050461769104003906,0.0504915714263916,0.00040149688720703125,0.0006785392761230469
20250724_002633_550,-48,63,63,45.0,24.632015875941107,-78.72637977600098,-78.72637977600098,0.09928703308105469,0.15835094451904297,63,63,YOLO,1,32,0,24.632015875941107,0,[],0.09891200065612793,0.050473928451538086,0.05047750473022461,0.05673933029174805,0.0006544589996337891
20250724_002633_809,-48,63,63,45.0,24.572321545292894,-78.75189971923828,-78.75189971923828,0.10376930236816406,0.10200071334838867,63,63,YOLO,1,32,0,24.572321545292894,0,[],0.10342526435852051,0.05048513412475586,0.050476789474487305,0.0003955364227294922,0.0006377696990966797
20250724_002634_017,-48,63,63,45.0,24.342115529856343,-78.96443824768066,-78.96443824768066,0.10186958312988281,0.15839242935180664,63,63,YOLO,1,32,0,24.342115529856343,0,[],0.10153031349182129,0.0504755973815918,0.050482749938964844,0.05677223205566406,0.0006544589996337891
20250724_002634_278,-48,63,63,45.0,24.415498628158346,-78.80084686279297,-78.80084686279297,0.10245323181152344,0.10205674171447754,63,63,YOLO,1,32,0,24.415498628158346,0,[],0.10212326049804688,0.05046486854553223,0.050462961196899414,0.0003998279571533203,0.0007226467132568359
20250724_002634_485,-47,63,63,45.0,24.285787626553585,-78.87511444091797,-78.87511444091797,0.1017611026763916,0.15918850898742676,63,63,YOLO,1,32,0,24.285787626553585,0,[],0.10142350196838379,0.05053210258483887,0.05051374435424805,0.05701279640197754,0.0011229515075683594
20250724_002634_748,-47,63,63,45.0,24.29509350726191,-78.99061584472656,-78.99061584472656,0.10621428489685059,0.1027677059173584,63,63,YOLO,1,32,0,24.29509350726191,0,[],0.10576748847961426,0.05057668685913086,0.05069255828857422,0.000431060791015625,0.0010600090026855469
20250724_002634_959,-47,63,63,45.0,24.179001071870758,-79.13085594177247,-79.13085594177247,0.10011792182922363,0.158522367477417,63,63,YOLO,1,32,0,24.179001071870758,0,[],0.09953904151916504,0.05055737495422363,0.05051755905151367,0.056745290756225586,0.0006947517395019531
20250724_002635_219,-47,63,63,45.0,24.13593424395529,-79.2013729095459,-79.2013729095459,0.10413718223571777,0.10219073295593262,63,63,YOLO,1,32,0,24.13593424395529,0,[],0.10379719734191895,0.050542593002319336,0.05052924156188965,0.0004100799560546875,0.0007038116455078125
20250724_002635_427,-46,NO_RADIO,63,45.0,23.767157494241786,-79.57228469848633,-79.57228469848633,0.09991717338562012,0.158613920211792,63,,CenterFallback,1,32,0,,,[],0.09961223602294922,0.050531864166259766,0.05050086975097656,0.056801557540893555,0.0007150173187255859
20250724_002635_688,-46,NO_RADIO,63,45.0,23.75879003322727,-79.50597381591797,-79.50597381591797,0.10170984268188477,0.10242819786071777,63,,CenterFallback,1,32,0,,,[],0.10133171081542969,0.05079007148742676,0.05048942565917969,0.00042057037353515625,0.0006835460662841797
20250724_002635_893,-46,NO_RADIO,63,45.0,23.59195692010276,-79.72945518493653,-79.72945518493653,0.09999608993530273,0.15868020057678223,63,,CenterFallback,1,32,0,,,[],0.09967374801635742,0.05058026313781738,0.05053091049194336,0.056726932525634766,0.0007684230804443359
20250724_002636_154,-46,NO_RADIO,63,45.0,23.623656374942755,-79.68949699401855,-79.68949699401855,0.10181593894958496,0.10219097137451172,63,,CenterFallback,1,32,0,,,[],0.1014246940612793,0.050562381744384766,0.05048727989196777,0.0004096031188964844,0.0006937980651855469
20250724_002636_360,-45,NO_RADIO,63,45.0,22.724798579338568,-80.40699882507325,-80.40699882507325,0.10158944129943848,0.1584932804107666,63,,CenterFallback,1,32,0,,,[],0.10123109817504883,0.05049443244934082,0.050435543060302734,0.05684638023376465,0.0006639957427978516
20250724_002636_621,-45,63,63,45.0,22.694822128461666,-80.49466018676758,-80.49466018676758,0.10291314125061035,0.10207176208496094,63,63,YOLO,1,32,0,22.694822128461666,0,[],0.10253405570983887,0.05046224594116211,0.0504910945892334,0.0003986358642578125,0.0007140636444091797
20250724_002636_828,-45,63,63,45.0,22.803320263863654,-80.40962219238281,-80.40962219238281,0.1029350757598877,0.1592721939086914,63,63,YOLO,1,32,0,22.803320263863654,0,[],0.10262322425842285,0.050499916076660156,0.05050325393676758,0.05759787559509277,0.0006656646728515625
20250724_002637_092,-45,63,63,45.0,22.95791069244514,-80.34325485229492,-80.34325485229492,0.10212945938110352,0.10213613510131836,63,63,YOLO,1,32,0,22.95791069244514,0,[],0.10182547569274902,0.05054330825805664,0.05053138732910156,0.0004305839538574219,0.0006253719329833984
20250724_002637_298,-44,63,63,45.0,22.67804998385334,-80.60235595703125,-80.60235595703125,0.10119247436523438,0.15871691703796387,63,63,YOLO,1,32,0,22.67804998385334,0,[],0.10082769393920898,0.05051851272583008,0.05048394203186035,0.05673503875732422,0.0009720325469970703
20250724_002637_560,-44,63,63,45.0,22.254369754569836,-81.0487678527832,-81.0487678527832,0.10314249992370605,0.10417842864990234,63,63,YOLO,1,32,0,22.254369754569836,0,[],0.10277700424194336,0.05057525634765625,0.05229592323303223,0.0004322528839111328,0.0008690357208251953
20250724_002637_769,-44,62,62,43.5,22.146438802450277,-81.02214050292969,-81.02214050292969,0.10224580764770508,0.15843701362609863,62,62,YOLO,1,32,0,22.146438802450277,0,[],0.1017599105834961,0.05049920082092285,0.05048775672912598,0.05676126480102539,0.0006823539733886719
20250724_002638_031,-44,62,62,43.5,22.08094975815213,-81.06944198608399,-81.06944198608399,0.10111665725708008,0.10205078125,62,62,YOLO,1,32,0,22.08094975815213,0,[],0.10077476501464844,0.05048084259033203,0.050462961196899414,0.0003998279571533203,0.0007014274597167969
20250724_002638_236,-44,63,63,45.0,21.658049076151045,-81.57790069580078,-81.57790069580078,0.10177159309387207,0.15840840339660645,63,63,YOLO,1,32,0,21.658049076151045,0,[],0.1014394760131836,0.05046224594116211,0.050492048263549805,0.05680036544799805,0.0006470680236816406
20250724_002638_498,-43,62,62,43.5,21.54886079422181,-81.57819366455078,-81.57819366455078,0.09912562370300293,0.10200715065002441,62,62,YOLO,1,32,0,21.54886079422181,0,[],0.09878420829772949,0.05047273635864258,0.05050802230834961,0.0004000663757324219,0.0006203651428222656
20250724_002638_701,-43,62,62,43.5,21.055572464809956,-82.10531883239746,-82.10531883239746,0.1007540225982666,0.15835118293762207,62,62,YOLO,1,32,0,21.055572464809956,0,[],0.10041522979736328,0.05046534538269043,0.05043339729309082,0.05674004554748535,0.0007059574127197266
20250724_002638_962,-43,62,62,43.5,21.07165626492082,-82.29081153869629,-82.29081153869629,0.10104179382324219,0.1020040512084961,62,62,YOLO,1,32,0,21.07165626492082,0,[],0.10074424743652344,0.05047416687011719,0.05048036575317383,0.0003974437713623047,0.0006468296051025391
20250724_002639_166,-43,62,62,43.5,21.1068796943582,-82.18055725097656,-82.18055725097656,0.10024905204772949,0.1583566665649414,62,62,YOLO,1,32,0,21.1068796943582,0,[],0.09993433952331543,0.0504605770111084,0.05046367645263672,0.05675315856933594,0.0006725788116455078
20250724_002639_426,-42,61,61,42.1,21.261893146077583,-82.03495025634766,-82.03495025634766,0.10058283805847168,0.10201215744018555,61,61,YOLO,1,32,0,21.261893146077583,0,[],0.10023856163024902,0.05051732063293457,0.050436973571777344,0.00039958953857421875,0.0006537437438964844
20250724_002639_631,-42,61,61,42.1,21.429684727612468,-81.82530212402344,-81.82530212402344,0.1004948616027832,0.15839433670043945,61,61,YOLO,1,32,0,21.429684727612468,0,[],0.10015225410461426,0.05049896240234375,0.05046892166137695,0.056749820709228516,0.0006694793701171875
20250724_002639_891,-42,61,61,42.1,21.33649489871101,-81.81291961669922,-81.81291961669922,0.10392618179321289,0.1020512580871582,61,61,YOLO,1,32,0,21.33649489871101,0,[],0.10360360145568848,0.05046987533569336,0.0504758358001709,0.00038051605224609375,0.0007202625274658203
20250724_002640_099,-42,61,61,42.1,21.718703000091836,-81.4797134399414,-81.4797134399414,0.10048460960388184,0.15836381912231445,61,61,YOLO,1,32,0,21.718703000091836,0,[],0.10013341903686523,0.05051445960998535,0.050478219985961914,0.05672001838684082,0.0006453990936279297
20250724_002640_359,-41,61,61,42.1,21.68294657429783,-81.35549926757812,-81.35549926757812,0.10608792304992676,0.10237550735473633,61,61,YOLO,1,32,0,21.68294657429783,0,[],0.10573673248291016,0.05045819282531738,0.05056595802307129,0.0004069805145263672,0.0009386539459228516
20250724_002640_570,-41,60,60,40.6,21.726493674738165,-81.50340843200684,-81.50340843200684,0.10243749618530273,0.15834522247314453,60,60,YOLO,1,32,0,21.726493674738165,0,[],0.10210394859313965,0.05047798156738281,0.05047154426574707,0.056737661361694336,0.0006504058837890625
20250724_002640_832,-41,60,60,40.6,21.752955239532042,-81.33440170288085,-81.33440170288085,0.1064298152923584,0.10198593139648438,60,60,YOLO,1,32,0,21.752955239532042,0,[],0.10608530044555664,0.050458669662475586,0.05049610137939453,0.0004062652587890625,0.0006191730499267578
20250724_002641_042,-41,60,60,40.6,21.83586406794302,-81.47313499450684,-81.47313499450684,0.1020817756652832,0.1585073471069336,60,60,YOLO,1,32,0,21.83586406794302,0,[],0.10176730155944824,0.05056905746459961,0.05048871040344238,0.056754112243652344,0.0006892681121826172
20250724_002641_304,-41,60,60,40.6,21.840590266762447,-81.37620964050294,-81.37620964050294,0.10387206077575684,0.10203433036804199,60,60,YOLO,1,32,0,21.840590266762447,0,[],0.10355210304260254,0.050478458404541016,0.0504605770111084,0.000408172607421875,0.0006814002990722656
20250724_002641_512,-40,60,60,40.6,20.45023350614632,-82.76283416748046,-82.76283416748046,0.10380721092224121,0.15844130516052246,60,60,YOLO,1,32,0,20.45023350614632,0,[],0.10341954231262207,0.05051088333129883,0.05051016807556152,0.05672121047973633,0.0006923675537109375
20250724_002641_776,-40,60,60,40.6,20.221389112073027,-82.94385528564453,-82.94385528564453,0.10368561744689941,0.10199594497680664,60,60,YOLO,1,32,0,20.221389112073027,0,[],0.10333800315856934,0.05046534538269043,0.0504915714263916,0.00039649009704589844,0.0006375312805175781
20250724_002641_983,-40,60,60,40.6,20.52304644033083,-82.78627014160156,-82.78627014160156,0.10076141357421875,0.1583695411682129,60,60,YOLO,1,32,0,20.52304644033083,0,[],0.10043764114379883,0.050484418869018555,0.05047178268432617,0.056738853454589844,0.0006673336029052734
20250724_002642_244,-40,60,60,40.6,20.3223729292788,-82.87935295104981,-82.87935295104981,0.10388803482055664,0.10202455520629883,60,60,YOLO,1,32,0,20.3223729292788,0,[],0.10347270965576172,0.05044364929199219,0.05045723915100098,0.00042819976806640625,0.0006895065307617188
20250724_002642_451,-39,59,59,39.2,21.903831696615825,-81.34959030151367,-81.34959030151367,0.1019277572631836,0.1584000587463379,59,59,YOLO,1,32,0,21.903831696615825,0,[],0.10158729553222656,0.05044984817504883,0.05050539970397949,0.05678892135620117,0.0006499290466308594
20250724_002642_713,-39,59,59,39.2,21.858364179171843,-81.5199966430664,-81.5199966430664,0.10362839698791504,0.10202550888061523,59,59,YOLO,1,32,0,21.858364179171843,0,[],0.10331559181213379,0.05048108100891113,0.050482988357543945,0.00039839744567871094,0.0006582736968994141
20250724_002642_921,-39,59,59,39.2,21.840748197551406,-81.33440170288085,-81.33440170288085,0.10175156593322754,0.15839838981628418,59,59,YOLO,1,32,0,21.840748197551406,0,[],0.10140514373779297,0.05046248435974121,0.05048060417175293,0.05677056312561035,0.0006783008575439453
20250724_002643_183,-39,59,59,39.2,21.707515071713132,-81.61260299682617,-81.61260299682617,0.08673572540283203,0.10197806358337402,59,59,YOLO,1,32,0,21.707515071713132,0,[],0.08641386032104492,0.05046439170837402,0.050484418869018555,0.0004010200500488281,0.000621795654296875
20250724_002643_373,-38,59,59,39.2,20.230708572640424,-83.0085391998291,-83.0085391998291,0.0973660945892334,0.15830302238464355,59,59,YOLO,1,32,0,20.230708572640424,0,[],0.09705281257629395,0.05045652389526367,0.05043292045593262,0.05673933029174805,0.0006678104400634766
20250724_002643_630,-38,58,58,37.7,19.995973525227853,-83.18090057373047,-83.18090057373047,0.1035456657409668,0.10198783874511719,58,58,YOLO,1,32,0,19.995973525227853,0,[],0.10322284698486328,0.05048036575317383,0.05047869682312012,0.0003933906555175781,0.0006303787231445312
20250724_002643_837,-38,58,58,37.7,22.16863844203391,-81.03233375549317,-81.03233375549317,0.1009981632232666,0.15841269493103027,58,58,YOLO,1,32,0,22.16863844203391,0,[],0.10065150260925293,0.050490379333496094,0.050458669662475586,0.0567476749420166,0.0007088184356689453
20250724_002644_098,-38,58,58,37.7,22.303376803999825,-80.98288497924804,-80.98288497924804,0.1019589900970459,0.10198020935058594,58,58,YOLO,1,32,0,22.303376803999825,0,[],0.10161185264587402,0.05047178268432617,0.05047798156738281,0.0003955364227294922,0.0006291866302490234
20250724_002644_304,-37,58,58,37.7,21.374971352287673,-81.89454498291016,-81.89454498291016,0.10365009307861328,0.1586141586303711,58,58,YOLO,1,32,0,21.374971352287673,0,[],0.10332798957824707,0.05047154426574707,0.05045270919799805,0.05676412582397461,0.0009191036224365234
20250724_002644_568,-37,58,58,37.7,20.70539597730047,-82.41014671325684,-82.41014671325684,0.10138821601867676,0.1020805835723877,58,58,YOLO,1,32,0,20.70539597730047,0,[],0.10092282295227051,0.0505061149597168,0.05048561096191406,0.00039958953857421875,0.0006830692291259766
20250724_002644_773,-37,58,58,37.7,20.403001063539108,-82.80100517272949,-82.80100517272949,0.10244965553283691,0.15836691856384277,58,58,YOLO,1,32,0,20.403001063539108,0,[],0.10216164588928223,0.05049610137939453,0.050463199615478516,0.05672454833984375,0.0006768703460693359
20250724_002645_036,-37,58,58,37.7,20.31776429974255,-83.01056671142578,-83.01056671142578,0.10439610481262207,0.10205507278442383,58,58,YOLO,1,32,0,20.31776429974255,0,[],0.10408711433410645,0.050460100173950195,0.05049633979797363,0.0003979206085205078,0.0006949901580810547
20250724_002645_244,-37,58,58,37.7,20.2411488243102,-83.02484893798828,-83.02484893798828,0.10310173034667969,0.15833616256713867,58,58,YOLO,1,32,0,20.2411488243102,0,[],0.10275983810424805,0.05049014091491699,0.05046439170837402,0.05672454833984375,0.0006508827209472656
20250724_002645_507,-36,57,57,36.3,19.811382590333707,-83.29432907104493,-83.29432907104493,0.10437726974487305,0.10196852684020996,57,57,YOLO,1,32,0,19.811382590333707,0,[],0.1040658950805664,0.050458431243896484,0.05046272277832031,0.0004031658172607422,0.0006392002105712891
20250724_002645_715,-36,57,57,36.3,19.80579672390769,-83.44287109375,-83.44287109375,0.10370635986328125,0.15856361389160156,57,57,YOLO,1,32,0,19.80579672390769,0,[],0.10337185859680176,0.05056309700012207,0.0505671501159668,0.05675315856933594,0.0006716251373291016
20250724_002645_979,-36,57,57,36.3,19.762812917515376,-83.40924072265625,-83.40924072265625,0.10365009307861328,0.10204648971557617,57,57,YOLO,1,32,0,19.762812917515376,0,[],0.10331320762634277,0.050482749938964844,0.05049562454223633,0.0003955364227294922,0.0006666183471679688
20250724_002646_186,-36,57,57,36.3,19.844895596719567,-83.24900703430175,-83.24900703430175,0.10186123847961426,0.1582961082458496,57,57,YOLO,1,32,0,19.844895596719567,0,[],0.10153746604919434,0.050420522689819336,0.05044984817504883,0.05673956871032715,0.0006794929504394531
20250724_002646_448,-35,56,56,34.8,19.86928993032015,-83.37034111022949,-83.37034111022949,0.09976053237915039,0.10200834274291992,56,56,YOLO,1,32,0,19.86928993032015,0,[],0.09943866729736328,0.05047106742858887,0.0504913330078125,0.0003962516784667969,0.0006439685821533203
20250724_002646_651,-35,56,56,34.8,22.04144073960512,-81.16799850463867,-81.16799850463867,0.09998035430908203,0.15838241577148438,56,56,YOLO,1,32,0,22.04144073960512,0,[],0.09965324401855469,0.050496578216552734,0.05041956901550293,0.056760311126708984,0.0006990432739257812
20250724_002646_911,-35,56,56,34.8,21.914021844481994,-81.24402122497558,-81.24402122497558,0.09961891174316406,0.1020805835723877,56,56,YOLO,1,32,0,21.914021844481994,0,[],0.09931683540344238,0.05049490928649902,0.050460100173950195,0.00039887428283691406,0.0007202625274658203
20250724_002647_114,-35,56,56,34.8,22.089621785371918,-81.13381271362304,-81.13381271362304,0.10222697257995605,0.15839362144470215,56,56,YOLO,1,32,0,22.089621785371918,0,[],0.1018986701965332,0.050473928451538086,0.05046701431274414,0.05673837661743164,0.0007078647613525391
20250724_002647_377,-34,56,56,34.8,22.178592423885135,-81.05830917358398,-81.05830917358398,0.10421180725097656,0.10199117660522461,56,56,YOLO,1,32,0,22.178592423885135,0,[],0.10385990142822266,0.05049443244934082,0.05044865608215332,0.0004012584686279297,0.0006415843963623047
20250724_002647_584,-34,55,55,33.4,23.055262661118064,-80.2206184387207,-80.2206184387207,0.10170602798461914,0.15848016738891602,55,55,YOLO,1,32,0,23.055262661118064,0,[],0.10136723518371582,0.05048489570617676,0.05051422119140625,0.05678081512451172,0.0006940364837646484
20250724_002647_846,-34,55,55,33.4,22.98988382488568,-80.23456573486328,-80.23456573486328,0.1016838550567627,0.10195279121398926,55,55,YOLO,1,32,0,22.98988382488568,0,[],0.10136675834655762,0.05045151710510254,0.05043935775756836,0.00039505958557128906,0.0006616115570068359
20250724_002648_052,-34,55,55,33.4,22.71414269208296,-80.51754722595214,-80.51754722595214,0.10189962387084961,0.1583390235900879,55,55,YOLO,1,32,0,22.71414269208296,0,[],0.1015615463256836,0.05048370361328125,0.050450801849365234,0.056731224060058594,0.0006661415100097656
20250724_002648_313,-33,55,55,33.4,22.80233834364641,-80.44563217163086,-80.44563217163086,0.1056063175201416,0.10202145576477051,55,55,YOLO,1,32,0,22.80233834364641,0,[],0.10527205467224121,0.05048251152038574,0.05043745040893555,0.0003886222839355469,0.0007076263427734375
20250724_002648_523,-33,55,55,33.4,21.141981468623754,-82.01384735107422,-82.01384735107422,0.10133028030395508,0.1584300994873047,55,55,YOLO,1,32,0,21.141981468623754,0,[],0.10101485252380371,0.0505068302154541,0.050461769104003906,0.056745290756225586,0.0007102489471435547
20250724_002648_784,-33,55,55,33.4,20.99712858400629,-82.23406066894532,-82.23406066894532,0.10609555244445801,0.10200858116149902,55,55,YOLO,1,32,0,20.99712858400629,0,[],0.10574126243591309,0.05043387413024902,0.050496816635131836,0.0004038810729980469,0.0006685256958007812
20250724_002648_994,-33,55,55,33.4,21.334704685181975,-81.71508026123047,-81.71508026123047,0.10273289680480957,0.15838050842285156,55,55,YOLO,1,32,0,21.334704685181975,0,[],0.10240674018859863,0.05047726631164551,0.050473690032958984,0.05673503875732422,0.0006880760192871094
20250724_002649_257,-33,55,55,33.4,21.336922451311906,-81.74481430053712,-81.74481430053712,0.10168910026550293,0.10209131240844727,55,55,YOLO,1,32,0,21.336922451311906,0,[],0.10136246681213379,0.050438642501831055,0.05048251152038574,0.00047087669372558594,0.0006930828094482422
20250724_002649_462,-32,54,54,31.9,21.06132628702865,-82.1970859527588,-82.1970859527588,0.10319042205810547,0.15834951400756836,54,54,YOLO,1,32,0,21.06132628702865,0,[],0.10283684730529785,0.05047345161437988,0.05047774314880371,0.05673789978027344,0.0006535053253173828
20250724_002649_725,-32,54,54,31.9,21.195317247158656,-82.10665435791016,-82.10665435791016,0.10273385047912598,0.10198760032653809,54,54,YOLO,1,32,0,21.195317247158656,0,[],0.10241317749023438,0.050461530685424805,0.050475120544433594,0.00039649009704589844,0.0006489753723144531
20250724_002649_931,-32,54,54,31.9,20.657840370136228,-82.57346687316894,-82.57346687316894,0.10156393051147461,0.15831613540649414,54,54,YOLO,1,32,0,20.657840370136228,0,[],0.10124874114990234,0.05046343803405762,0.05044198036193848,0.0567166805267334,0.0006854534149169922
20250724_002650_193,-32,54,54,31.9,20.757381281201916,-82.31903076171875,-82.31903076171875,0.10159516334533691,0.10199904441833496,54,54,YOLO,1,32,0,20.757381281201916,0,[],0.10123014450073242,0.050455570220947266,0.050484657287597656,0.0003979206085205078,0.0006549358367919922
20250724_002650_398,-31,54,54,31.9,18.828147123482026,-84.37708930969238,-84.37708930969238,0.10048961639404297,0.15832090377807617,54,54,YOLO,1,32,0,18.828147123482026,0,[],0.1001424789428711,0.05047249794006348,0.05042290687561035,0.056722164154052734,0.0006964206695556641
20250724_002650_659,-31,53,53,30.5,18.77351026955779,-84.3216396331787,-84.3216396331787,0.10033893585205078,0.10210728645324707,53,53,YOLO,1,32,0,18.77351026955779,0,[],0.10001063346862793,0.0505213737487793,0.05045366287231445,0.0004119873046875,0.0007145404815673828
20250724_002650_863,-31,53,53,30.5,22.255956776656348,-80.93973541259766,-80.93973541259766,0.09908533096313477,0.15844011306762695,53,53,YOLO,1,32,0,22.255956776656348,0,[],0.09869718551635742,0.050469398498535156,0.050499916076660156,0.056751251220703125,0.0007123947143554688
20250724_002651_122,-31,53,53,30.5,22.298990654856738,-81.03368797302247,-81.03368797302247,0.10828685760498047,0.10191512107849121,53,53,YOLO,1,32,0,22.298990654856738,0,[],0.10795211791992188,0.05045294761657715,0.0504145622253418,0.0003924369812011719,0.0006504058837890625
20250724_002651_334,-30,53,53,30.5,20.114505281624844,-83.00995635986328,-83.00995635986328,0.09883761405944824,0.1583390235900879,53,53,YOLO,1,32,0,20.114505281624844,0,[],0.09853148460388184,0.050473928451538086,0.05045962333679199,0.05672025680541992,0.0006785392761230469
20250724_002651_592,-30,53,53,30.5,18.38918514835349,-84.63946838378907,-84.63946838378907,0.10158967971801758,0.10205650329589844,53,53,YOLO,1,32,0,18.38918514835349,0,[],0.10125970840454102,0.05048990249633789,0.0505218505859375,0.0003993511199951172,0.0006406307220458984
20250724_002651_798,-30,53,53,30.5,19.80748537524201,-83.24900703430175,-83.24900703430175,0.10153889656066895,0.15842103958129883,53,53,YOLO,1,32,0,19.80748537524201,0,[],0.10117220878601074,0.05048799514770508,0.05051851272583008,0.0567326545715332,0.0006744861602783203
20250724_002652_060,-30,53,53,30.5,19.854310091481054,-83.42938232421875,-83.42938232421875,0.10507464408874512,0.10203123092651367,53,53,YOLO,1,32,0,19.854310091481054,0,[],0.10475420951843262,0.05048871040344238,0.05047321319580078,0.00039696693420410156,0.000667572021484375
20250724_002652_268,-29,53,53,30.5,20.087452035112534,-83.02484893798828,-83.02484893798828,0.10413360595703125,0.15844464302062988,53,53,YOLO,1,32,0,20.087452035112534,0,[],0.10380029678344727,0.05054879188537598,0.05048561096191406,0.05675768852233887,0.0006461143493652344
20250724_002652_533,-29,52,52,29.0,18.540796904411067,-84.5661376953125,-84.5661376953125,0.10190939903259277,0.10201430320739746,52,52,YOLO,1,32,0,18.540796904411067,0,[],0.10158967971801758,0.05045747756958008,0.05049014091491699,0.0003948211669921875,0.0006659030914306641
20250724_002652_738,-29,52,52,29.0,22.214291784750515,-81.00888442993164,-81.00888442993164,0.10174012184143066,0.15830779075622559,52,52,YOLO,1,32,0,22.214291784750515,0,[],0.10142135620117188,0.05047297477722168,0.050452470779418945,0.05672121047973633,0.0006544589996337891
20250724_002653_000,-29,52,52,29.0,22.389721944014184,-80.8721134185791,-80.8721134185791,0.10519552230834961,0.10202383995056152,52,52,YOLO,1,32,0,22.389721944014184,0,[],0.10486960411071777,0.050479888916015625,0.050513505935668945,0.00040030479431152344,0.0006246566772460938
20250724_002653_209,-29,52,52,29.0,22.21302101135963,-80.98288497924804,-80.98288497924804,0.10260248184204102,0.1583561897277832,52,52,YOLO,1,32,0,22.21302101135963,0,[],0.10223984718322754,0.050458431243896484,0.05048322677612305,0.05673050880432129,0.0006773471832275391
20250724_002653_471,-28,51,51,27.6,22.016929964198113,-80.98250350952148,-80.98250350952148,0.1007084846496582,0.10225200653076172,51,51,YOLO,1,32,0,22.016929964198113,0,[],0.10036087036132812,0.050710201263427734,0.050504207611083984,0.00038933753967285156,0.0006427764892578125
20250724_002653_676,-28,52,52,29.0,20.050113202910126,-83.1915054321289,-83.1915054321289,0.10238194465637207,0.1583857536315918,52,52,YOLO,1,32,0,20.050113202910126,0,[],0.10206985473632812,0.050475358963012695,0.050473928451538086,0.05676674842834473,0.0006635189056396484
20250724_002653_938,-28,51,51,27.6,20.08766984847233,-83.1303482055664,-83.1303482055664,0.10361671447753906,0.10202932357788086,51,51,YOLO,1,32,0,20.08766984847233,0,[],0.10329031944274902,0.05045819282531738,0.05045771598815918,0.0004248619079589844,0.0006816387176513672
20250724_002654_145,-28,51,51,27.6,23.37267156080304,-79.93832473754883,-79.93832473754883,0.10221385955810547,0.15859556198120117,51,51,YOLO,1,32,0,23.37267156080304,0,[],0.10182619094848633,0.0505518913269043,0.050522565841674805,0.05674552917480469,0.0007681846618652344
20250724_002654_408,-27,50,50,26.1,23.547457600366982,-79.64426651000977,-79.64426651000977,0.10149168968200684,0.10207939147949219,50,50,YOLO,1,32,0,23.547457600366982,0,[],0.10116457939147949,0.0505068302154541,0.05052995681762695,0.00039649009704589844,0.0006396770477294922
20250724_002654_614,-27,51,51,27.6,21.67805855778866,-81.5199966430664,-81.5199966430664,0.10278677940368652,0.1585376262664795,51,51,YOLO,1,32,0,21.67805855778866,0,[],0.10242009162902832,0.050600528717041016,0.05047321319580078,0.05674433708190918,0.0007131099700927734
20250724_002654_877,-27,51,51,27.6,21.791571105627597,-81.38685684204101,-81.38685684204101,0.10170722007751465,0.10219764709472656,51,51,YOLO,1,32,0,21.791571105627597,0,[],0.10132908821105957,0.0504913330078125,0.05053234100341797,0.0004336833953857422,0.0007343292236328125
20250724_002655_082,-27,51,51,27.6,21.964820247680933,-81.33308258056641,-81.33308258056641,0.10222291946411133,0.15847468376159668,51,51,YOLO,1,32,0,21.964820247680933,0,[],0.10187983512878418,0.050545692443847656,0.050425052642822266,0.05676674842834473,0.0007295608520507812
20250724_002655_345,-26,51,51,27.6,21.852830593304034,-81.26734161376953,-81.26734161376953,0.10268807411193848,0.10201692581176758,51,51,YOLO,1,32,0,21.852830593304034,0,[],0.10236144065856934,0.05052018165588379,0.05042314529418945,0.0004100799560546875,0.0006563663482666016
20250724_002655_551,-26,50,50,26.1,21.175253349652223,-82.00229034423828,-82.00229034423828,0.0892031192779541,0.15845513343811035,50,50,YOLO,1,32,0,21.175253349652223,0,[],0.08890843391418457,0.050499916076660156,0.05051159858703613,0.056768178939819336,0.0006692409515380859
20250724_002655_800,-26,50,50,26.1,21.083145214536287,-82.11352081298828,-82.11352081298828,0.10265994071960449,0.10197257995605469,50,50,YOLO,1,32,0,21.083145214536287,0,[],0.10238337516784668,0.050478458404541016,0.050443172454833984,0.00039649009704589844,0.0006492137908935547
20250724_002656_007,-26,50,50,26.1,20.9572247726382,-82.24079513549805,-82.24079513549805,0.10751056671142578,0.15842056274414062,50,50,YOLO,1,32,0,20.9572247726382,0,[],0.10718822479248047,0.0504908561706543,0.05048680305480957,0.05678153038024902,0.0006544589996337891
20250724_002656_274,-26,50,50,26.1,21.214606451522087,-82.01328163146972,-82.01328163146972,0.10336875915527344,0.10202193260192871,50,50,YOLO,1,32,0,21.214606451522087,0,[],0.10303568840026855,0.050460100173950195,0.05047965049743652,0.0004458427429199219,0.000621795654296875
20250724_002656_481,-25,49,49,24.7,22.3717884939754,-80.67669677734375,-80.67669677734375,0.10138130187988281,0.1583549976348877,49,49,YOLO,1,32,0,22.3717884939754,0,[],0.10105538368225098,0.050475358963012695,0.05048227310180664,0.056725263595581055,0.0006649494171142578
20250724_002656_742,-25,49,49,24.7,22.260808541053166,-80.85131454467773,-80.85131454467773,0.10157251358032227,0.10196185111999512,49,49,YOLO,1,32,0,22.260808541053166,0,[],0.101226806640625,0.05047035217285156,0.050459861755371094,0.0003962516784667969,0.0006299018859863281
20250724_002656_947,-25,49,49,24.7,22.190591825292458,-81.0285873413086,-81.0285873413086,0.10201144218444824,0.15830421447753906,49,49,YOLO,1,32,0,22.190591825292458,0,[],0.10169649124145508,0.05042624473571777,0.05048346519470215,0.0567164421081543,0.0006709098815917969
20250724_002657_209,-25,49,49,24.7,22.229475309127693,-80.92534980773925,-80.92534980773925,0.10331535339355469,0.1021883487701416,49,49,YOLO,1,32,0,22.229475309127693,0,[],0.10299158096313477,0.05058026313781738,0.05051565170288086,0.0003981590270996094,0.0006883144378662109
20250724_002657_417,-24,49,49,24.7,20.702626411123205,-82.48899993896484,-82.48899993896484,0.10429501533508301,0.15836787223815918,49,49,YOLO,1,32,0,20.702626411123205,0,[],0.10399484634399414,0.05048227310180664,0.05048823356628418,0.05674624443054199,0.0006449222564697266
20250724_002657_681,-24,49,49,24.7,20.795793742473265,-82.49252548217774,-82.49252548217774,0.10255694389343262,0.10197830200195312,49,49,YOLO,1,32,0,20.795793742473265,0,[],0.10222315788269043,0.05044412612915039,0.050470590591430664,0.00038909912109375,0.0006692409515380859
20250724_002657_887,-24,49,49,24.7,20.545121321894783,-82.7400894165039,-82.7400894165039,0.10068154335021973,0.15836882591247559,49,49,YOLO,1,32,0,20.545121321894783,0,[],0.10035157203674316,0.05046367645263672,0.05050778388977051,0.05672764778137207,0.0006630420684814453
20250724_002658_148,-24,49,49,24.7,20.48126656798547,-82.6933578491211,-82.6933578491211,0.10356998443603516,0.10207390785217285,49,49,YOLO,1,32,0,20.48126656798547,0,[],0.10321831703186035,0.050519704818725586,0.05048871040344238,0.00040841102600097656,0.0006508827209472656
20250724_002658_355,-23,48,48,23.2,22.043452860680034,-81.18067169189453,-81.18067169189453,0.10129189491271973,0.15831780433654785,48,48,YOLO,1,32,0,22.043452860680034,0,[],0.10091996192932129,0.05047607421875,0.05048394203186035,0.05669355392456055,0.0006573200225830078
20250724_002658_616,-23,48,48,23.2,21.97552061444948,-81.17479858398437,-81.17479858398437,0.09067225456237793,0.10199880599975586,48,48,YOLO,1,32,0,21.97552061444948,0,[],0.09035992622375488,0.050455331802368164,0.05049753189086914,0.0003974437713623047,0.0006442070007324219
20250724_002658_810,-23,48,48,23.2,21.88091153980534,-81.33690452575684,-81.33690452575684,0.09958529472351074,0.15842819213867188,48,48,YOLO,1,32,0,21.88091153980534,0,[],0.09923386573791504,0.05051112174987793,0.050481319427490234,0.05675101280212402,0.0006778240203857422
20250724_002659_070,-23,48,48,23.2,21.9121197640159,-81.23447303771972,-81.23447303771972,0.10180211067199707,0.10201430320739746,48,48,YOLO,1,32,0,21.9121197640159,0,[],0.10146045684814453,0.05047273635864258,0.05048012733459473,0.0004029273986816406,0.0006535053253173828
20250724_002659_275,-22,48,48,23.2,22.318631539255364,-80.88114433288574,-80.88114433288574,0.10044622421264648,0.1586604118347168,48,48,YOLO,1,32,0,22.318631539255364,0,[],0.1001138687133789,0.05048084259033203,0.050463199615478516,0.05676150321960449,0.0009474754333496094
20250724_002659_537,-22,47,47,21.8,20.55510161621649,-82.48683815002441,-82.48683815002441,0.1032867431640625,0.10204911231994629,47,47,YOLO,1,32,0,20.55510161621649,0,[],0.10284829139709473,0.050470590591430664,0.05051302909851074,0.00040340423583984375,0.0006568431854248047
20250724_002659_743,-22,47,47,21.8,20.586437984939508,-82.61324424743653,-82.61324424743653,0.09962105751037598,0.15832781791687012,47,47,YOLO,1,32,0,20.586437984939508,0,[],0.09926319122314453,0.05045652389526367,0.050429582595825195,0.05677652359008789,0.0006585121154785156
20250724_002700_003,-22,47,47,21.8,20.423960106785145,-82.68607368469239,-82.68607368469239,0.1049504280090332,0.10204434394836426,47,47,YOLO,1,32,0,20.423960106785145,0,[],0.10462164878845215,0.05047798156738281,0.050495147705078125,0.00040411949157714844,0.0006606578826904297
20250724_002700_212,-22,47,47,21.8,20.23774970504755,-82.83813743591308,-82.83813743591308,0.1036839485168457,0.1585087776184082,47,47,YOLO,1,32,0,20.23774970504755,0,[],0.10329961776733398,0.050531625747680664,0.05055713653564453,0.056735992431640625,0.0006766319274902344
20250724_002700_475,-21,47,47,21.8,20.36726529925096,-82.84274291992188,-82.84274291992188,0.10007739067077637,0.1020052433013916,47,47,YOLO,1,32,0,20.36726529925096,0,[],0.09973359107971191,0.0504765510559082,0.05047917366027832,0.0003924369812011719,0.0006513595581054688
20250724_002700_679,-21,47,47,21.8,18.205151505367937,-84.98129386901856,-84.98129386901856,0.10055899620056152,0.15842437744140625,47,47,YOLO,1,32,0,18.205151505367937,0,[],0.10024738311767578,0.05048799514770508,0.0504913330078125,0.05674290657043457,0.0006935596466064453
20250724_002700_940,-21,47,47,21.8,18.003957496113657,-85.37474060058594,-85.37474060058594,0.09886980056762695,0.10239839553833008,47,47,YOLO,1,32,0,18.003957496113657,0,[],0.09854459762573242,0.05046987533569336,0.05050992965698242,0.0004131793975830078,0.0009987354278564453
20250724_002701_143,-21,47,47,21.8,17.69813749346568,-85.37403945922851,-85.37403945922851,0.09886026382446289,0.15838265419006348,47,47,YOLO,1,32,0,17.69813749346568,0,[],0.09852814674377441,0.05050063133239746,0.05044746398925781,0.05677223205566406,0.0006568431854248047
20250724_002701_402,-20,46,46,20.3,18.063665459052913,-85.15900421142578,-85.15900421142578,0.09068489074707031,0.10202789306640625,46,46,YOLO,1,32,0,18.063665459052913,0,[],0.09034943580627441,0.050492048263549805,0.05048966407775879,0.0004010200500488281,0.0006399154663085938
20250724_002701_597,-20,46,46,20.3,17.73968859362496,-85.32933807373047,-85.32933807373047,0.09819579124450684,0.15828657150268555,46,46,YOLO,1,32,0,17.73968859362496,0,[],0.09786677360534668,0.05044698715209961,0.05045676231384277,0.05672740936279297,0.0006492137908935547
20250724_002701_855,-20,46,46,20.3,17.69480320389046,-85.41300544738769,-85.41300544738769,0.10185599327087402,0.1021735668182373,46,46,YOLO,1,32,0,17.69480320389046,0,[],0.10149502754211426,0.05058574676513672,0.05051589012145996,0.0003993511199951172,0.0006673336029052734
20250724_002702_060,-20,46,46,20.3,18.141378582346476,-84.89446487426758,-84.89446487426758,0.10258769989013672,0.15841889381408691,46,46,YOLO,1,32,0,18.141378582346476,0,[],0.10227060317993164,0.05047965049743652,0.050466299057006836,0.056775569915771484,0.0006911754608154297
20250724_002702_323,-19,46,46,20.3,18.33137637490171,-84.74811553955078,-84.74811553955078,0.10401129722595215,0.10203886032104492,46,46,YOLO,1,32,0,18.33137637490171,0,[],0.10367250442504883,0.0505063533782959,0.05044913291931152,0.0004062652587890625,0.0006711483001708984
20250724_002702_531,-19,45,45,18.9,19.501107055645207,-83.7336654663086,-83.7336654663086,0.10236358642578125,0.15837550163269043,45,45,YOLO,1,32,0,19.501107055645207,0,[],0.10204935073852539,0.05049538612365723,0.050486087799072266,0.056752920150756836,0.0006341934204101562
20250724_002702_793,-19,45,45,18.9,19.58557308761587,-83.60728607177734,-83.60728607177734,0.1065523624420166,0.10192012786865234,45,45,YOLO,1,32,0,19.58557308761587,0,[],0.10617566108703613,0.05045199394226074,0.05039858818054199,0.00040078163146972656,0.0006620883941650391
20250724_002703_003,-19,45,45,18.9,20.555596084072008,-82.62673950195312,-82.62673950195312,0.10072708129882812,0.15836334228515625,45,45,YOLO,1,32,0,20.555596084072008,0,[],0.10036373138427734,0.05048418045043945,0.0504457950592041,0.0567469596862793,0.00067901611328125
20250724_002703_264,-19,45,45,18.9,20.57396401816196,-82.66599006652832,-82.66599006652832,0.10476350784301758,0.10200881958007812,45,45,YOLO,1,32,0,20.57396401816196,0,[],0.10445499420166016,0.050487518310546875,0.05045056343078613,0.0004048347473144531,0.0006601810455322266
20250724_002703_472,-18,44,44,17.4,20.733456573669102,-82.5090103149414,-82.5090103149414,0.09867715835571289,0.15840888023376465,44,44,YOLO,1,32,0,20.733456573669102,0,[],0.09833717346191406,0.050454139709472656,0.05049395561218262,0.05673694610595703,0.0007174015045166016
20250724_002703_731,-18,44,44,17.4,20.626373099195533,-82.47763404846191,-82.47763404846191,0.10298013687133789,0.10253047943115234,44,44,YOLO,1,32,0,20.626373099195533,0,[],0.10263919830322266,0.050542593002319336,0.050512075424194336,0.0004980564117431641,0.0009717941284179688
20250724_002703_940,-18,44,44,17.4,20.900798854589965,-82.27548179626464,-82.27548179626464,0.10443329811096191,0.15831899642944336,44,44,YOLO,1,32,0,20.900798854589965,0,[],0.10307621955871582,0.05046248435974121,0.050455331802368164,0.05674242973327637,0.0006527900695800781
20250724_002704_203,-18,44,44,17.4,21.11372904040566,-82.13369750976562,-82.13369750976562,0.10249948501586914,0.10196495056152344,44,44,YOLO,1,32,0,21.11372904040566,0,[],0.1021878719329834,0.050469398498535156,0.05044984817504883,0.00040221214294433594,0.000637054443359375
20250724_002704_409,-17,44,44,17.4,18.922943342452626,-84.20060729980469,-84.20060729980469,0.10194659233093262,0.15856361389160156,44,44,YOLO,1,32,0,18.922943342452626,0,[],0.10165190696716309,0.05050802230834961,0.05048942565917969,0.05673336982727051,0.0008256435394287109
20250724_002704_677,-17,44,44,17.4,18.83418517800787,-84.37834167480469,-84.37834167480469,0.10782885551452637,0.10210800170898438,44,44,YOLO,1,32,0,18.83418517800787,0,[],0.10234427452087402,0.050530195236206055,0.05049848556518555,0.0004050731658935547,0.0006694793701171875
20250724_002704_883,-17,44,44,17.4,18.512285449201343,-84.65982551574707,-84.65982551574707,0.10092878341674805,0.1583256721496582,44,44,YOLO,1,32,0,18.512285449201343,0,[],0.10065317153930664,0.050444841384887695,0.05045890808105469,0.056742191314697266,0.0006737709045410156
20250724_002705_144,-17,44,44,17.4,18.4701897152336,-84.77249145507812,-84.77249145507812,0.10066723823547363,0.10196924209594727,44,44,YOLO,1,32,0,18.4701897152336,0,[],0.10032892227172852,0.050461530685424805,0.05047965049743652,0.0003991127014160156,0.0006232261657714844
20250724_002705_348,-16,44,44,17.4,15.983401374531041,-87.09198760986328,-87.09198760986328,0.09898710250854492,0.15839409828186035,44,44,YOLO,1,32,0,15.983401374531041,0,[],0.09867358207702637,0.050507545471191406,0.050484418869018555,0.05671882629394531,0.0006768703460693359
20250724_002705_607,-16,43,43,16.0,15.558460780318939,-87.3975986480713,-87.3975986480713,0.10111856460571289,0.10198307037353516,43,43,YOLO,1,32,0,15.558460780318939,0,[],0.10080599784851074,0.050458431243896484,0.05046701431274414,0.000392913818359375,0.0006597042083740234
20250724_002705_812,-16,43,43,16.0,19.5322640546553,-83.61207885742188,-83.61207885742188,0.1017613410949707,0.1584160327911377,43,43,YOLO,1,32,0,19.5322640546553,0,[],0.10144615173339844,0.050451040267944336,0.05048966407775879,0.05675077438354492,0.0007178783416748047
20250724_002706_074,-16,43,43,16.0,19.75419902541745,-83.41986618041992,-83.41986618041992,0.10702824592590332,0.1019902229309082,43,43,YOLO,1,32,0,19.75419902541745,0,[],0.10674929618835449,0.050469398498535156,0.05045342445373535,0.0003986358642578125,0.0006639957427978516
20250724_002706_284,-15,43,43,16.0,20.284363102452218,-82.91387176513672,-82.91387176513672,0.10235476493835449,0.15835809707641602,43,43,YOLO,1,32,0,20.284363102452218,0,[],0.10209226608276367,0.050450801849365234,0.05042147636413574,0.0567774772644043,0.0007011890411376953
20250724_002706_547,-15,42,42,14.5,18.343960302904932,-84.88394165039062,-84.88394165039062,0.10271716117858887,0.10203814506530762,42,42,YOLO,1,32,0,18.343960302904932,0,[],0.1024017333984375,0.05047035217285156,0.050485849380493164,0.0004019737243652344,0.0006744861602783203
20250724_002706_753,-15,42,42,14.5,20.780148165974424,-82.49270629882812,-82.49270629882812,0.10265350341796875,0.15872883796691895,42,42,YOLO,1,32,0,20.780148165974424,0,[],0.10232877731323242,0.050644874572753906,0.05069756507873535,0.056725502014160156,0.0006544589996337891
20250724_002707_016,-15,42,42,14.5,20.80312030771421,-82.32233581542968,-82.32233581542968,0.10337352752685547,0.1019444465637207,42,42,YOLO,1,32,0,20.80312030771421,0,[],0.10303401947021484,0.05046272277832031,0.05045270919799805,0.00038170814514160156,0.0006413459777832031
20250724_002707_223,-15,42,42,14.5,22.06279743171133,-81.17533111572266,-81.17533111572266,0.10204195976257324,0.15841341018676758,42,42,YOLO,1,32,0,22.06279743171133,0,[],0.10172557830810547,0.05052351951599121,0.05047869682312012,0.056754350662231445,0.0006456375122070312
20250724_002707_485,-14,42,42,14.5,21.785203111810844,-81.3119571685791,-81.3119571685791,0.10199356079101562,0.10198807716369629,42,42,YOLO,1,32,0,21.785203111810844,0,[],0.10164475440979004,0.05048990249633789,0.05044865608215332,0.0003979206085205078,0.0006465911865234375
20250724_002707_690,-14,42,42,14.5,17.70049689464105,-85.5333194732666,-85.5333194732666,0.10277462005615234,0.15834474563598633,42,42,YOLO,1,32,0,17.70049689464105,0,[],0.10247015953063965,0.05046272277832031,0.05048346519470215,0.05674290657043457,0.00064849853515625
20250724_002707_953,-14,42,42,14.5,17.903657452623264,-85.24572219848633,-85.24572219848633,0.10032010078430176,0.10202693939208984,42,42,YOLO,1,32,0,17.903657452623264,0,[],0.10002899169921875,0.050446271896362305,0.05047774314880371,0.0004055500030517578,0.0006911754608154297
20250724_002708_157,-14,42,42,14.5,17.988220297949113,-84.95843048095703,-84.95843048095703,0.10434794425964355,0.1584174633026123,42,42,YOLO,1,32,0,17.988220297949113,0,[],0.10401558876037598,0.050450801849365234,0.05049586296081543,0.056799888610839844,0.0006647109985351562
20250724_002708_422,-13,41,41,13.1,17.998417327266296,-85.15900421142578,-85.15900421142578,0.1014699935913086,0.1020054817199707,41,41,YOLO,1,32,0,17.998417327266296,0,[],0.10116076469421387,0.05047154426574707,0.05045652389526367,0.0004038810729980469,0.0006680488586425781
20250724_002708_627,-13,41,41,13.1,18.082592010402692,-85.05112762451172,-85.05112762451172,0.09238696098327637,0.15836310386657715,41,41,YOLO,1,32,0,18.082592010402692,0,[],0.0920255184173584,0.05050325393676758,0.05046391487121582,0.05674147605895996,0.0006477832794189453
20250724_002708_879,-13,41,41,13.1,18.237719738650128,-84.9089454650879,-84.9089454650879,0.10341095924377441,0.10191512107849121,41,41,YOLO,1,32,0,18.237719738650128,0,[],0.1030733585357666,0.05043935775756836,0.050431251525878906,0.0003905296325683594,0.0006489753723144531
20250724_002709_086,-13,41,41,13.1,19.541924107129034,-83.61207885742188,-83.61207885742188,0.10181522369384766,0.15834879875183105,41,41,YOLO,1,32,0,19.541924107129034,0,[],0.10148882865905762,0.05046796798706055,0.05046701431274414,0.056752920150756836,0.0006554126739501953
20250724_002709_348,-12,41,41,13.1,19.51068902397293,-83.62672424316406,-83.62672424316406,0.10206317901611328,0.10199451446533203,41,41,YOLO,1,32,0,19.51068902397293,0,[],0.1017770767211914,0.05046224594116211,0.05047202110290527,0.0004112720489501953,0.0006430149078369141
20250724_002709_554,-12,40,40,11.6,21.656514179099602,-81.58551788330078,-81.58551788330078,0.1022803783416748,0.15833044052124023,40,40,YOLO,1,32,0,21.656514179099602,0,[],0.1019587516784668,0.0504910945892334,0.050436973571777344,0.05672192573547363,0.0006737709045410156
20250724_002709_816,-12,40,40,11.6,21.695086946414335,-81.53736877441406,-81.53736877441406,0.10278868675231934,0.10205245018005371,40,40,YOLO,1,32,0,21.695086946414335,0,[],0.10250067710876465,0.05050945281982422,0.050452470779418945,0.00039696693420410156,0.0006885528564453125
20250724_002710_022,-12,40,40,11.6,21.553687392448097,-81.66548156738281,-81.66548156738281,0.10298657417297363,0.15828275680541992,40,40,YOLO,1,32,0,21.553687392448097,0,[],0.10267257690429688,0.050429344177246094,0.050467729568481445,0.0567317008972168,0.0006477832794189453
20250724_002710_285,-12,40,40,11.6,21.34151585586359,-81.89454498291016,-81.89454498291016,0.10274720191955566,0.10206484794616699,40,40,YOLO,1,32,0,21.34151585586359,0,[],0.10239052772521973,0.0504758358001709,0.05047273635864258,0.00040531158447265625,0.0007059574127197266
20250724_002710_492,-11,39,39,10.2,22.41984121600261,-80.86148071289062,-80.86148071289062,0.10091090202331543,0.15838146209716797,39,39,YOLO,1,32,0,22.41984121600261,0,[],0.10056543350219727,0.050533294677734375,0.05044221878051758,0.05672621726989746,0.0006732940673828125
20250724_002710_753,-11,39,39,10.2,22.567619915671116,-80.6746753692627,-80.6746753692627,0.10612249374389648,0.10214614868164062,39,39,YOLO,1,32,0,22.567619915671116,0,[],0.10572385787963867,0.05050325393676758,0.05045509338378906,0.00041413307189941406,0.0007677078247070312
20250724_002710_962,-11,39,39,10.2,23.06966711635458,-80.1563777923584,-80.1563777923584,0.09943532943725586,0.15831780433654785,39,39,YOLO,1,32,0,23.06966711635458,0,[],0.09909534454345703,0.05045485496520996,0.05045604705810547,0.05673718452453613,0.0006623268127441406
20250724_002711_222,-11,39,39,10.2,23.188324778646873,-80.12277297973633,-80.12277297973633,0.10273551940917969,0.10201621055603027,39,39,YOLO,1,32,0,23.188324778646873,0,[],0.10239386558532715,0.05047607421875,0.05045938491821289,0.00040078163146972656,0.0006744861602783203
20250724_002711_428,-10,39,39,10.2,20.215668432689114,-83.04317893981934,-83.04317893981934,0.10253119468688965,0.15889573097229004,39,39,YOLO,1,32,0,20.215668432689114,0,[],0.10217738151550293,0.05052757263183594,0.05052661895751953,0.056752681732177734,0.0010797977447509766
20250724_002711_692,-10,39,39,10.2,19.818080286051128,-83.19097518920898,-83.19097518920898,0.10481071472167969,0.10251688957214355,39,39,YOLO,1,32,0,19.818080286051128,0,[],0.10444307327270508,0.050623178482055664,0.05060863494873047,0.0004401206970214844,0.0008351802825927734
20250724_002711_901,-10,39,39,10.2,20.44539391423301,-82.7610076904297,-82.7610076904297,0.09983134269714355,0.15855765342712402,39,39,YOLO,1,32,0,20.44539391423301,0,[],0.09944033622741699,0.050549983978271484,0.05050969123840332,0.056757211685180664,0.0007338523864746094
20250724_002712_162,-10,39,39,10.2,20.491882266574223,-82.49424324035644,-82.49424324035644,0.1043386459350586,0.10220479965209961,39,39,YOLO,1,32,0,20.491882266574223,0,[],0.10395407676696777,0.05055689811706543,0.05051374435424805,0.0004100799560546875,0.0007185935974121094
20250724_002712_370,-9,38,38,8.7,21.163245585217226,-82.06597900390625,-82.06597900390625,0.10459399223327637,0.15845274925231934,38,38,YOLO,1,32,0,21.163245585217226,0,[],0.10423874855041504,0.05046248435974121,0.05047035217285156,0.05674338340759277,0.0007693767547607422
20250724_002712_635,-9,38,38,8.7,21.07608998510227,-82.11352081298828,-82.11352081298828,0.10259246826171875,0.10193181037902832,38,38,YOLO,1,32,0,21.07608998510227,0,[],0.10223269462585449,0.05043745040893555,0.05045199394226074,0.0004031658172607422,0.0006330013275146484
20250724_002712_841,-9,38,38,8.7,20.80705971188472,-82.40606880187988,-82.40606880187988,0.0986182689666748,0.15841317176818848,38,38,YOLO,1,32,0,20.80705971188472,0,[],0.09831643104553223,0.05049848556518555,0.05047869682312012,0.0567779541015625,0.0006511211395263672
20250724_002713_099,-9,38,38,8.7,20.631511184790043,-82.48728942871094,-82.48728942871094,0.10021495819091797,0.10197877883911133,38,38,YOLO,1,32,0,20.631511184790043,0,[],0.09992527961730957,0.05047440528869629,0.05045795440673828,0.00039887428283691406,0.0006413459777832031
20250724_002713_303,-8,38,38,8.7,20.1801036249705,-82.99947700500488,-82.99947700500488,0.0997931957244873,0.15843439102172852,38,38,YOLO,1,32,0,20.1801036249705,0,[],0.09943175315856934,0.0504605770111084,0.05047130584716797,0.056772708892822266,0.0007238388061523438
20250724_002713_563,-8,38,38,8.7,18.86405522617177,-84.35260162353515,-84.35260162353515,0.10311031341552734,0.10195374488830566,38,38,YOLO,1,32,0,18.86405522617177,0,[],0.10275912284851074,0.05046653747558594,0.05046248435974121,0.00038886070251464844,0.000629425048828125
20250724_002713_770,-8,37,37,7.3,22.018928216127406,-81.24144096374512,-81.24144096374512,0.10256433486938477,0.15842175483703613,37,37,YOLO,1,32,0,22.018928216127406,0,[],0.10225915908813477,0.05048561096191406,0.05046200752258301,0.05679774284362793,0.0006690025329589844
20250724_002714_032,-8,38,38,8.7,22.01579807818689,-81.21819190979004,-81.21819190979004,0.10548973083496094,0.10196685791015625,38,38,YOLO,1,32,0,22.01579807818689,0,[],0.10516047477722168,0.05046987533569336,0.05044698715209961,0.0004000663757324219,0.0006442070007324219
20250724_002714_241,-8,38,38,8.7,19.748912943998576,-83.32083129882812,-83.32083129882812,0.10152697563171387,0.1582803726196289,38,38,YOLO,1,32,0,19.748912943998576,0,[],0.10120058059692383,0.05045294761657715,0.05046796798706055,0.05671429634094238,0.0006380081176757812
20250724_002714_503,-7,37,37,7.3,18.600202597191313,-84.63665618896485,-84.63665618896485,0.09920048713684082,0.10199642181396484,37,37,YOLO,1,32,0,18.600202597191313,0,[],0.09889483451843262,0.05046987533569336,0.0504913330078125,0.0003859996795654297,0.0006434917449951172
20250724_002714_706,-7,37,37,7.3,18.92405103755742,-84.15795135498047,-84.15795135498047,0.10173940658569336,0.15842556953430176,37,37,YOLO,1,32,0,18.92405103755742,0,[],0.1014103889465332,0.05050373077392578,0.050421714782714844,0.056797027587890625,0.0006954669952392578
20250724_002714_967,-7,37,37,7.3,18.991266722421443,-84.22115898132324,-84.22115898132324,0.10185074806213379,0.10201191902160645,37,37,YOLO,1,32,0,18.991266722421443,0,[],0.10151195526123047,0.050461769104003906,0.050504446029663086,0.0003974437713623047,0.0006420612335205078
20250724_002715_173,-7,37,37,7.3,18.13888562843374,-85.1106773376465,-85.1106773376465,0.10355329513549805,0.15839266777038574,37,37,YOLO,1,32,0,18.13888562843374,0,[],0.10324645042419434,0.05046701431274414,0.0504608154296875,0.05676984786987305,0.0006880760192871094
20250724_002715_436,-6,36,36,5.8,18.136686447030286,-85.01121520996094,-85.01121520996094,0.10365033149719238,0.10197949409484863,36,36,YOLO,1,32,0,18.136686447030286,0,[],0.10330510139465332,0.05046224594116211,0.05045890808105469,0.0003898143768310547,0.0006639957427978516
20250724_002715_644,-6,36,36,5.8,21.43040980813477,-81.81291961669922,-81.81291961669922,0.1025390625,0.15838098526000977,36,36,YOLO,1,32,0,21.43040980813477,0,[],0.10223221778869629,0.05043482780456543,0.050478458404541016,0.05678677558898926,0.0006740093231201172
20250724_002715_906,-6,36,36,5.8,21.396497773895675,-81.80002861022949,-81.80002861022949,0.10277605056762695,0.10198473930358887,36,36,YOLO,1,32,0,21.396497773895675,0,[],0.10246562957763672,0.05046272277832031,0.05048084259033203,0.0003993511199951172,0.000637054443359375
20250724_002716_112,-6,36,36,5.8,21.689443051254642,-81.57709770202636,-81.57709770202636,0.10182404518127441,0.15839862823486328,36,36,YOLO,1,32,0,21.689443051254642,0,[],0.10149025917053223,0.05047893524169922,0.05045199394226074,0.05678367614746094,0.0006766319274902344
20250724_002716_374,-5,36,36,5.8,21.68093700173688,-81.45679206848145,-81.45679206848145,0.10526227951049805,0.1019585132598877,36,36,YOLO,1,32,0,21.68093700173688,0,[],0.1049344539642334,0.05044698715209961,0.0504763126373291,0.00039696693420410156,0.0006327629089355469
20250724_002716_583,-5,35,35,4.4,20.36281414707969,-82.96679496765137,-82.96679496765137,0.10253167152404785,0.15827059745788574,35,35,YOLO,1,32,0,20.36281414707969,0,[],0.10223007202148438,0.05045461654663086,0.0504148006439209,0.05673480033874512,0.0006597042083740234
20250724_002716_845,-5,35,35,4.4,20.09185035158957,-83.11572265625,-83.11572265625,0.10444498062133789,0.10198640823364258,35,35,YOLO,1,32,0,20.09185035158957,0,[],0.10412979125976562,0.05044984817504883,0.05046701431274414,0.00039839744567871094,0.0006670951843261719
20250724_002717_053,-5,36,36,5.8,19.221093160617087,-83.83099365234375,-83.83099365234375,0.1028592586517334,0.15836739540100098,36,36,YOLO,1,32,0,19.221093160617087,0,[],0.10255026817321777,0.050466060638427734,0.0504763126373291,0.05675554275512695,0.0006628036499023438
20250724_002717_316,-4,36,36,5.8,19.365469878592464,-83.89007568359375,-83.89007568359375,0.10210919380187988,0.10207891464233398,36,36,YOLO,1,32,0,19.365469878592464,0,[],0.10179924964904785,0.050452232360839844,0.050539255142211914,0.0004019737243652344,0.0006799697875976562
20250724_002717_522,-4,35,35,4.4,16.97530027467296,-85.92358207702637,-85.92358207702637,0.08863592147827148,0.15836548805236816,35,35,YOLO,1,32,0,16.97530027467296,0,[],0.08835172653198242,0.05044913291931152,0.05047154426574707,0.05674600601196289,0.0006916522979736328
20250724_002717_771,-4,35,35,4.4,17.01667554528899,-86.12768783569337,-86.12768783569337,0.1017765998840332,0.10207438468933105,35,35,YOLO,1,32,0,17.01667554528899,0,[],0.1014404296875,0.050490617752075195,0.05048847198486328,0.00042510032653808594,0.0006647109985351562
20250724_002717_976,-4,35,35,4.4,17.2523819771866,-85.86482238769531,-85.86482238769531,0.10117483139038086,0.15840649604797363,35,35,YOLO,1,32,0,17.2523819771866,0,[],0.10091376304626465,0.050444841384887695,0.05048847198486328,0.05678677558898926,0.0006804466247558594
20250724_002718_237,-4,34,34,2.9,17.57930852929786,-85.54662322998047,-85.54662322998047,0.10154867172241211,0.1020195484161377,34,34,YOLO,1,32,0,17.57930852929786,0,[],0.10123610496520996,0.050467491149902344,0.0504765510559082,0.000400543212890625,0.0006685256958007812
20250724_002718_442,-3,34,34,2.9,19.55752441973638,-83.63788604736328,-83.63788604736328,0.1016225814819336,0.1582944393157959,34,34,YOLO,1,32,0,19.55752441973638,0,[],0.10131263732910156,0.05045509338378906,0.050438880920410156,0.05672454833984375,0.0006697177886962891
20250724_002718_704,-3,34,34,2.9,19.317438170680347,-83.85579948425293,-83.85579948425293,0.10300135612487793,0.10201025009155273,34,34,YOLO,1,32,0,19.317438170680347,0,[],0.10267853736877441,0.05047464370727539,0.05046439170837402,0.00039958953857421875,0.0006663799285888672
20250724_002718_910,-3,34,34,2.9,19.710875365068063,-83.45639038085938,-83.45639038085938,0.1003563404083252,0.15831446647644043,34,34,YOLO,1,32,0,19.710875365068063,0,[],0.10004925727844238,0.050444841384887695,0.05044865608215332,0.056735992431640625,0.0006778240203857422
20250724_002719_171,-3,34,34,2.9,17.98603906772533,-85.15900421142578,-85.15900421142578,0.10141944885253906,0.1020510196685791,34,34,YOLO,1,32,0,17.98603906772533,0,[],0.10111355781555176,0.05050539970397949,0.050449371337890625,0.00040721893310546875,0.000682830810546875
20250724_002719_376,-2,33,33,1.5,21.15275559876757,-82.1314525604248,-82.1314525604248,0.10231471061706543,0.15840458869934082,33,33,YOLO,1,32,0,21.15275559876757,0,[],0.1020500659942627,0.050461530685424805,0.050482988357543945,0.05681777000427246,0.0006365776062011719
20250724_002719_638,-2,33,33,1.5,20.891942792345574,-82.4206356048584,-82.4206356048584,0.10409760475158691,0.10195636749267578,33,33,YOLO,1,32,0,20.891942792345574,0,[],0.10378384590148926,0.05046820640563965,0.0504612922668457,0.0003838539123535156,0.0006368160247802734
20250724_002719_846,-2,33,33,1.5,20.773123407583057,-82.42364959716797,-82.42364959716797,0.10178422927856445,0.1583118438720703,33,33,YOLO,1,32,0,20.773123407583057,0,[],0.10146021842956543,0.050447702407836914,0.050454139709472656,0.05672621726989746,0.0006771087646484375
20250724_002720_107,-2,33,33,1.5,20.69389536351352,-82.50819511413575,-82.50819511413575,0.10027408599853516,0.10199594497680664,33,33,YOLO,1,32,0,20.69389536351352,0,[],0.09993720054626465,0.05047345161437988,0.05044746398925781,0.0003972053527832031,0.0006732940673828125
20250724_002720_311,-1,33,33,1.5,19.324827325310693,-83.74571228027344,-83.74571228027344,0.10085773468017578,0.15841984748840332,33,33,YOLO,1,32,0,19.324827325310693,0,[],0.10052871704101562,0.050490379333496094,0.05049848556518555,0.05674600601196289,0.0006785392761230469
20250724_002720_572,-1,33,33,1.5,17.87856242982751,-85.01121520996094,-85.01121520996094,0.10418510437011719,0.1020045280456543,33,33,YOLO,1,32,0,17.87856242982751,0,[],0.10386443138122559,0.050458669662475586,0.05046796798706055,0.00040340423583984375,0.0006682872772216797
20250724_002720_780,-1,33,33,1.5,18.67764643873096,-84.60698699951172,-84.60698699951172,0.0996561050415039,0.15838241577148438,33,33,YOLO,1,32,0,18.67764643873096,0,[],0.09933018684387207,0.05048227310180664,0.05048060417175293,0.056746482849121094,0.0006666183471679688
20250724_002721_040,-1,33,33,1.5,18.865261536710378,-84.17829856872558,-84.17829856872558,0.10023379325866699,0.10198450088500977,33,33,YOLO,1,32,0,18.865261536710378,0,[],0.09990048408508301,0.05046677589416504,0.050476789474487305,0.00038623809814453125,0.0006501674652099609
20250724_002721_244,0,33,33,1.5,19.653533628122233,-83.575146484375,-83.575146484375,0.10349345207214355,0.15836596488952637,33,33,YOLO,1,32,0,19.653533628122233,0,[],0.1031792163848877,0.050496816635131836,0.050455570220947266,0.05674147605895996,0.0006663799285888672
20250724_002721_507,0,32,32,0,18.15318838642594,-84.93076095581054,-84.93076095581054,0.1013493537902832,0.10197830200195312,32,32,YOLO,1,32,0,18.15318838642594,0,[],0.10099053382873535,0.050440073013305664,0.050466060638427734,0.0003914833068847656,0.0006754398345947266
20250724_002721_712,0,32,32,0,20.054180260721978,-83.08038330078125,-83.08038330078125,0.10155081748962402,0.15871930122375488,32,32,YOLO,1,32,0,20.054180260721978,0,[],0.10123753547668457,0.050496578216552734,0.050502777099609375,0.05674290657043457,0.00096893310546875
20250724_002721_974,0,32,32,0,19.98741300905796,-83.09811897277832,-83.09811897277832,0.10529160499572754,0.10196781158447266,32,32,YOLO,1,32,0,19.98741300905796,0,[],0.10489654541015625,0.050461530685424805,0.05044412612915039,0.00040030479431152344,0.0006561279296875
20250724_002722_183,0,32,32,0,19.751924510315277,-83.44253349304199,-83.44253349304199,0.10219240188598633,0.158430814743042,32,32,YOLO,1,32,0,19.751924510315277,0,[],0.10185503959655762,0.050458431243896484,0.05049538612365723,0.05678153038024902,0.0006880760192871094
20250724_002722_445,1,31,31,-1.5,19.9648112178499,-83.14083862304688,-83.14083862304688,0.10620784759521484,0.10196542739868164,31,31,YOLO,1,32,0,19.9648112178499,0,[],0.10586357116699219,0.05045795440673828,0.05045270919799805,0.0004012584686279297,0.0006480216979980469
20250724_002722_655,1,31,31,-1.5,20.462169691693646,-82.92005577087403,-82.92005577087403,0.09984064102172852,0.15843629837036133,31,31,YOLO,1,32,0,20.462169691693646,0,[],0.09952592849731445,0.0504915714263916,0.050476789474487305,0.056758880615234375,0.0007021427154541016
20250724_002722_915,1,NO_RADIO,31,-1.5,20.116030744953008,-83.08245086669922,-83.08245086669922,0.10259461402893066,0.10203003883361816,31,,CenterFallback,1,32,0,,,[],0.10228824615478516,0.05046892166137695,0.050452232360839844,0.00039958953857421875,0.00066375732421875
20250724_002723_121,1,31,31,-1.5,21.716467158188138,-81.43952026367188,-81.43952026367188,0.10184526443481445,0.15837669372558594,31,31,YOLO,1,32,0,21.716467158188138,0,[],0.10152745246887207,0.0504457950592041,0.05047416687011719,0.056738853454589844,0.0007112026214599609
20250724_002723_383,2,31,31,-1.5,21.585105340819013,-81.5966869354248,-81.5966869354248,0.08756613731384277,0.10198473930358887,31,31,YOLO,1,32,0,21.585105340819013,0,[],0.08724856376647949,0.050463199615478516,0.050485849380493164,0.0003993511199951172,0.0006306171417236328
20250724_002723_574,2,30,30,-2.9,21.806986517414742,-81.32748222351074,-81.32748222351074,0.09590792655944824,0.1583855152130127,30,30,YOLO,1,32,0,21.806986517414742,0,[],0.09557008743286133,0.050455570220947266,0.050455570220947266,0.05677056312561035,0.0006964206695556641
20250724_002723_830,2,30,30,-2.9,21.904866405696012,-81.28914642333984,-81.28914642333984,0.09975910186767578,0.1020054817199707,30,30,YOLO,1,32,0,21.904866405696012,0,[],0.0994563102722168,0.05039691925048828,0.05049014091491699,0.0003833770751953125,0.0007297992706298828
20250724_002724_034,2,31,31,-1.5,16.742330298789753,-86.35967254638672,-86.35967254638672,0.1031196117401123,0.15845465660095215,31,31,YOLO,1,32,0,16.742330298789753,0,[],0.10275459289550781,0.05048489570617676,0.05052924156188965,0.05676531791687012,0.0006682872772216797
20250724_002724_297,3,31,31,-1.5,16.747612055611555,-86.38507194519043,-86.38507194519043,0.10547947883605957,0.10192751884460449,31,31,YOLO,1,32,0,16.747612055611555,0,[],0.10514020919799805,0.05048036575317383,0.05040740966796875,0.00039839744567871094,0.0006361007690429688
20250724_002724_506,3,30,30,-2.9,19.68560030163404,-83.54532623291016,-83.54532623291016,0.10315489768981934,0.15828967094421387,30,30,YOLO,1,32,0,19.68560030163404,0,[],0.10278034210205078,0.0504610538482666,0.05045199394226074,0.05668163299560547,0.0006873607635498047
20250724_002724_769,3,30,30,-2.9,19.380818779616035,-83.70249938964844,-83.70249938964844,0.10172843933105469,0.1020195484161377,30,30,YOLO,1,32,0,19.380818779616035,0,[],0.10137557983398438,0.05049252510070801,0.050473928451538086,0.00039076805114746094,0.0006563663482666016
20250724_002724_974,3,30,30,-2.9,19.667207558207593,-83.5518928527832,-83.5518928527832,0.10194182395935059,0.15836739540100098,30,30,YOLO,1,32,0,19.667207558207593,0,[],0.10162711143493652,0.05048179626464844,0.050488948822021484,0.0567324161529541,0.0006575584411621094
20250724_002725_236,3,30,30,-2.9,19.631182580418752,-83.4553768157959,-83.4553768157959,0.10146617889404297,0.10192227363586426,30,30,YOLO,1,32,0,19.631182580418752,0,[],0.10116720199584961,0.05045485496520996,0.0504150390625,0.00039768218994140625,0.0006482601165771484
20250724_002725_441,4,29,29,-4.4,19.631889605427958,-83.62637214660644,-83.62637214660644,0.10180330276489258,0.1583397388458252,29,29,YOLO,1,32,0,19.631889605427958,0,[],0.10149073600769043,0.05045127868652344,0.05044388771057129,0.05673861503601074,0.0006988048553466797
20250724_002725_703,4,29,29,-4.4,19.986815618801813,-83.28759727478027,-83.28759727478027,0.10218930244445801,0.10209822654724121,29,29,YOLO,1,32,0,19.986815618801813,0,[],0.1018669605255127,0.05048179626464844,0.050459861755371094,0.0004086494445800781,0.0007419586181640625
20250724_002725_909,4,29,29,-4.4,21.380414218688557,-81.79995193481446,-81.79995193481446,0.09757709503173828,0.15839219093322754,29,29,YOLO,1,32,0,21.380414218688557,0,[],0.09721803665161133,0.0504910945892334,0.05047273635864258,0.05672121047973633,0.0007009506225585938
20250724_002726_166,4,29,29,-4.4,21.3404544413561,-82.00043182373047,-82.00043182373047,0.10399174690246582,0.10205340385437012,29,29,YOLO,1,32,0,21.3404544413561,0,[],0.10366272926330566,0.05048346519470215,0.05048799514770508,0.0004036426544189453,0.0006730556488037109
20250724_002726_374,5,NO_RADIO,29,-4.4,18.67534190723117,-84.48857879638672,-84.48857879638672,0.10186958312988281,0.15835785865783691,29,,CenterFallback,1,32,0,,,[],0.10153865814208984,0.05045890808105469,0.05043768882751465,0.05672478675842285,0.0006866455078125
20250724_002726_636,5,28,28,-5.8,18.34005929129316,-84.84819107055664,-84.84819107055664,0.10426211357116699,0.1020810604095459,28,28,YOLO,1,32,0,18.34005929129316,0,[],0.10393047332763672,0.050501108169555664,0.05049586296081543,0.00040030479431152344,0.0006775856018066406
20250724_002726_844,5,28,28,-5.8,21.388006697967015,-81.7692325592041,-81.7692325592041,0.10190653800964355,0.15835332870483398,28,28,YOLO,1,32,0,21.388006697967015,0,[],0.10155367851257324,0.05043911933898926,0.050478458404541016,0.05675101280212402,0.0006768703460693359
20250724_002727_106,5,28,28,-5.8,21.51929503337408,-81.8939968109131,-81.8939968109131,0.10460710525512695,0.10198545455932617,28,28,YOLO,1,32,0,21.51929503337408,0,[],0.10428118705749512,0.0504755973815918,0.050470829010009766,0.0003962516784667969,0.0006384849548339844
20250724_002727_314,6,28,28,-5.8,19.270878668304817,-84.1018081665039,-84.1018081665039,0.09994316101074219,0.15831327438354492,28,28,YOLO,1,32,0,19.270878668304817,0,[],0.0996706485748291,0.05045819282531738,0.05046224594116211,0.05674386024475098,0.0006420612335205078
20250724_002727_574,6,28,28,-5.8,18.545822763220897,-84.68475341796875,-84.68475341796875,0.10193896293640137,0.1019601821899414,28,28,YOLO,1,32,0,18.545822763220897,0,[],0.10163331031799316,0.05045461654663086,0.05045628547668457,0.00039839744567871094,0.0006449222564697266
20250724_002727_780,6,28,28,-5.8,17.866573918041553,-85.24674224853516,-85.24674224853516,0.10235810279846191,0.15839242935180664,28,28,YOLO,1,32,0,17.866573918041553,0,[],0.10204243659973145,0.05046343803405762,0.050441741943359375,0.056780338287353516,0.0007007122039794922
20250724_002728_042,6,28,28,-5.8,17.960434711315614,-85.32933807373047,-85.32933807373047,0.10230016708374023,0.10204410552978516,28,28,YOLO,1,32,0,17.960434711315614,0,[],0.10198783874511719,0.050473928451538086,0.05047035217285156,0.0003981590270996094,0.0006959438323974609
20250724_002728_248,7,28,28,-5.8,18.073668041777665,-85.08612823486328,-85.08612823486328,0.10387802124023438,0.15839910507202148,28,28,YOLO,1,32,0,18.073668041777665,0,[],0.10353255271911621,0.05048370361328125,0.05046868324279785,0.05677294731140137,0.000667572021484375
20250724_002728_512,7,27,27,-7.3,16.006961632537724,-87.11210784912109,-87.11210784912109,0.10438179969787598,0.10200071334838867,27,27,YOLO,1,32,0,16.006961632537724,0,[],0.10409712791442871,0.05045890808105469,0.05047035217285156,0.00039649009704589844,0.0006701946258544922
20250724_002728_720,7,27,27,-7.3,20.013669593566036,-83.11540946960449,-83.11540946960449,0.10241508483886719,0.15837454795837402,27,27,YOLO,1,32,0,20.013669593566036,0,[],0.10207200050354004,0.050481557846069336,0.05047607421875,0.056749582290649414,0.0006597042083740234
20250724_002728_982,7,27,27,-7.3,19.82003357324095,-83.29432907104493,-83.29432907104493,0.10168266296386719,0.10207414627075195,27,27,YOLO,1,32,0,19.82003357324095,0,[],0.10133528709411621,0.05047130584716797,0.050507545471191406,0.0004036426544189453,0.0006864070892333984
20250724_002729_187,7,27,27,-7.3,20.01240928556784,-83.06272659301757,-83.06272659301757,0.10079431533813477,0.1586446762084961,27,27,YOLO,1,32,0,20.01240928556784,0,[],0.1004781723022461,0.05045127868652344,0.05046272277832031,0.0567781925201416,0.0009438991546630859
20250724_002729_449,8,NO_RADIO,27,-7.3,20.19784645972598,-83.00965194702148,-83.00965194702148,0.09655213356018066,0.1020808219909668,27,,CenterFallback,1,32,0,,,[],0.0961761474609375,0.05046820640563965,0.05048513412475586,0.0003986358642578125,0.00069427490234375
20250724_002729_649,8,27,27,-7.3,17.88062815014203,-85.16836853027344,-85.16836853027344,0.1035621166229248,0.15849566459655762,27,27,YOLO,1,32,0,17.88062815014203,0,[],0.10324883460998535,0.05051279067993164,0.05053901672363281,0.05676555633544922,0.0006709098815917969
20250724_002729_913,8,26,26,-8.7,17.818473429893913,-85.35932235717773,-85.35932235717773,0.10203719139099121,0.10215330123901367,26,26,YOLO,1,32,0,17.818473429893913,0,[],0.10154294967651367,0.05050921440124512,0.05052900314331055,0.0004165172576904297,0.0006926059722900391
20250724_002730_119,8,27,27,-7.3,17.359103661971247,-85.90013885498047,-85.90013885498047,0.10128259658813477,0.15852594375610352,27,27,YOLO,1,32,0,17.359103661971247,0,[],0.1008908748626709,0.050530195236206055,0.05049562454223633,0.05673074722290039,0.0007622241973876953
20250724_002730_381,9,26,26,-8.7,17.502021432486984,-85.66886138916016,-85.66886138916016,0.10348320007324219,0.10215306282043457,26,26,YOLO,1,32,0,17.502021432486984,0,[],0.10313010215759277,0.050566673278808594,0.05050849914550781,0.00042438507080078125,0.0006465911865234375
20250724_002730_588,9,25,25,-10.2,22.39769426078462,-80.87596817016602,-80.87596817016602,0.10113024711608887,0.1586287021636963,25,25,YOLO,1,32,0,22.39769426078462,0,[],0.10072135925292969,0.05049705505371094,0.05044412612915039,0.05670809745788574,0.0009706020355224609
20250724_002730_850,9,25,25,-10.2,22.25155103482234,-80.84728317260742,-80.84728317260742,0.10141706466674805,0.10207414627075195,25,25,YOLO,1,32,0,22.25155103482234,0,[],0.10103201866149902,0.05052614212036133,0.05047464370727539,0.00041031837463378906,0.0006558895111083984
20250724_002731_055,9,25,25,-10.2,22.655270192446338,-80.49814987182617,-80.49814987182617,0.0984506607055664,0.16039180755615234,25,25,YOLO,1,32,0,22.655270192446338,0,[],0.0980987548828125,0.05119657516479492,0.05136871337890625,0.05676913261413574,0.0010495185852050781
20250724_002731_316,10,25,25,-10.2,22.931102544319344,-80.35500679016113,-80.35500679016113,0.1055452823638916,0.1021568775177002,25,25,YOLO,1,32,0,22.931102544319344,0,[],0.10518574714660645,0.05056881904602051,0.050514936447143555,0.0003998279571533203,0.0006678104400634766
20250724_002731_526,10,25,25,-10.2,19.9236732316609,-83.19957962036133,-83.19957962036133,0.10265350341796875,0.1583266258239746,25,25,YOLO,1,32,0,19.9236732316609,0,[],0.10233068466186523,0.050437211990356445,0.05048704147338867,0.0567169189453125,0.0006792545318603516
20250724_002731_788,10,25,25,-10.2,19.97290808270428,-83.24900703430175,-83.24900703430175,0.1044306755065918,0.10196566581726074,25,25,YOLO,1,32,0,19.97290808270428,0,[],0.10414004325866699,0.05044746398925781,0.0504765510559082,0.0003998279571533203,0.0006361007690429688
20250724_002731_996,10,25,25,-10.2,21.09166805222179,-82.03324851989747,-82.03324851989747,0.10111546516418457,0.15828227996826172,25,25,YOLO,1,32,0,21.09166805222179,0,[],0.1008005142211914,0.05041933059692383,0.050467729568481445,0.05672597885131836,0.0006630420684814453
20250724_002732_257,10,25,25,-10.2,21.29688648605837,-82.0404899597168,-82.0404899597168,0.10193920135498047,0.10208630561828613,25,25,YOLO,1,32,0,21.29688648605837,0,[],0.10163140296936035,0.050508737564086914,0.05047941207885742,0.0004253387451171875,0.0006661415100097656
20250724_002732_463,11,NO_RADIO,25,-10.2,17.48246529536324,-85.6645450592041,-85.6645450592041,0.10100984573364258,0.15878725051879883,25,,CenterFallback,1,32,0,,,[],0.10068321228027344,0.05051016807556152,0.05043625831604004,0.056760311126708984,0.0010082721710205078
20250724_002732_725,11,NO_RADIO,25,-10.2,17.49897090312247,-85.70831184387207,-85.70831184387207,0.10211730003356934,0.10273194313049316,25,,CenterFallback,1,32,0,,,[],0.10173654556274414,0.05066251754760742,0.05091571807861328,0.00040841102600097656,0.0007059574127197266
20250724_002732_932,11,24,24,-11.6,20.056911058100624,-83.07966003417968,-83.07966003417968,0.10159778594970703,0.15839624404907227,24,24,YOLO,1,32,0,20.056911058100624,0,[],0.10126447677612305,0.05044150352478027,0.05050373077392578,0.05674386024475098,0.0007007122039794922
20250724_002733_193,11,24,24,-11.6,20.21889924780622,-82.8630802154541,-82.8630802154541,0.10195779800415039,0.10205316543579102,24,24,YOLO,1,32,0,20.21889924780622,0,[],0.10162949562072754,0.050481557846069336,0.05047488212585449,0.0004036426544189453,0.0006866455078125
20250724_002733_399,12,24,24,-11.6,18.220607529632076,-84.90594482421875,-84.90594482421875,0.10282421112060547,0.15838885307312012,24,24,YOLO,1,32,0,18.220607529632076,0,[],0.1025388240814209,0.05046725273132324,0.05047750473022461,0.05676150321960449,0.0006768703460693359
20250724_002733_662,12,24,24,-11.6,18.08430994064389,-85.07627868652344,-85.07627868652344,0.10420799255371094,0.10202741622924805,24,24,YOLO,1,32,0,18.08430994064389,0,[],0.10390233993530273,0.05048227310180664,0.050438642501831055,0.0004067420959472656,0.0006937980651855469
20250724_002733_870,12,24,24,-11.6,17.988955212083653,-85.08563575744628,-85.08563575744628,0.10321521759033203,0.15831542015075684,24,24,YOLO,1,32,0,17.988955212083653,0,[],0.1028757095336914,0.05046391487121582,0.05043959617614746,0.05674409866333008,0.0006611347198486328
20250724_002734_133,12,NO_RADIO,24,-11.6,17.882886684950734,-85.19473190307617,-85.19473190307617,0.10126233100891113,0.10198640823364258,24,,CenterFallback,1,32,0,,,[],0.10091471672058105,0.050447940826416016,0.05045914649963379,0.00040793418884277344,0.0006320476531982422
20250724_002734_338,13,24,24,-11.6,16.661896780370313,-86.45070190429688,-86.45070190429688,0.09622049331665039,0.15843605995178223,24,24,YOLO,1,32,0,16.661896780370313,0,[],0.09590268135070801,0.05048942565917969,0.050482749938964844,0.05678224563598633,0.000675201416015625
20250724_002734_594,13,23,23,-13.1,16.0992504248548,-87.00246849060059,-87.00246849060059,0.09739351272583008,0.10198807716369629,23,23,YOLO,1,32,0,16.0992504248548,0,[],0.09706997871398926,0.05047726631164551,0.05046653747558594,0.00039768218994140625,0.0006401538848876953
20250724_002734_795,13,23,23,-13.1,19.301816159012617,-83.74547119140625,-83.74547119140625,0.10292434692382812,0.15838384628295898,23,23,YOLO,1,32,0,19.301816159012617,0,[],0.10264945030212402,0.0504910945892334,0.050455331802368164,0.05675029754638672,0.0006809234619140625
20250724_002735_058,13,23,23,-13.1,19.38512035553444,-83.90995330810547,-83.90995330810547,0.10499262809753418,0.10207724571228027,23,23,YOLO,1,32,0,19.38512035553444,0,[],0.10468697547912598,0.050533294677734375,0.05045771598815918,0.00041747093200683594,0.0006632804870605469
20250724_002735_267,14,23,23,-13.1,19.875489177234883,-83.35355491638184,-83.35355491638184,0.10228562355041504,0.1583244800567627,23,23,YOLO,1,32,0,19.875489177234883,0,[],0.10194277763366699,0.05050373077392578,0.05044054985046387,0.05671525001525879,0.0006580352783203125
20250724_002735_529,14,22,22,-14.5,17.12090807718883,-86.04129028320312,-86.04129028320312,0.10459661483764648,0.10197210311889648,22,22,YOLO,1,32,0,17.12090807718883,0,[],0.10427379608154297,0.050461530685424805,0.05044674873352051,0.00041675567626953125,0.0006415843963623047
20250724_002735_737,14,22,22,-14.5,20.388188683886895,-82.70957946777344,-82.70957946777344,0.10191798210144043,0.15836477279663086,22,22,YOLO,1,32,0,20.388188683886895,0,[],0.10159134864807129,0.0504755973815918,0.050440073013305664,0.05675625801086426,0.0006847381591796875
20250724_002735_999,14,22,22,-14.5,20.470069407584646,-82.6717300415039,-82.6717300415039,0.10052251815795898,0.10195302963256836,22,22,YOLO,1,32,0,20.470069407584646,0,[],0.10017967224121094,0.05043387413024902,0.05044889450073242,0.00039958953857421875,0.0006651878356933594
20250724_002736_203,14,22,22,-14.5,20.898476475265355,-82.32233581542968,-82.32233581542968,0.10250592231750488,0.15833020210266113,22,22,YOLO,1,32,0,20.898476475265355,0,[],0.10219645500183105,0.05044698715209961,0.05046534538269043,0.05674242973327637,0.0006666183471679688
20250724_002736_465,15,21,21,-16.0,21.175702359004134,-82.03495025634766,-82.03495025634766,0.10281538963317871,0.10201740264892578,21,21,YOLO,1,32,0,21.175702359004134,0,[],0.10246491432189941,0.05048346519470215,0.05045294761657715,0.0004253387451171875,0.0006504058837890625
20250724_002736_672,15,21,21,-16.0,22.062140966165316,-81.23934631347656,-81.23934631347656,0.09881258010864258,0.15868115425109863,21,21,YOLO,1,32,0,22.062140966165316,0,[],0.09846735000610352,0.05044984817504883,0.050435543060302734,0.05678749084472656,0.0010004043579101562
20250724_002736_931,15,21,21,-16.0,21.620217366505884,-81.68870315551757,-81.68870315551757,0.09987568855285645,0.10198450088500977,21,21,YOLO,1,32,0,21.620217366505884,0,[],0.09944438934326172,0.05046677589416504,0.050450801849365234,0.00040721893310546875,0.0006542205810546875
20250724_002737_135,15,22,22,-14.5,19.41465950582203,-83.83837890625,-83.83837890625,0.09920930862426758,0.1582787036895752,22,22,YOLO,1,32,0,19.41465950582203,0,[],0.09885382652282715,0.05046677589416504,0.050405263900756836,0.05672192573547363,0.0006785392761230469
20250724_002737_394,16,21,21,-16.0,19.356201114147993,-83.80156707763672,-83.80156707763672,0.10435056686401367,0.10192108154296875,21,21,YOLO,1,32,0,19.356201114147993,0,[],0.10407853126525879,0.050435543060302734,0.05046677589416504,0.0003986358642578125,0.0006146430969238281
20250724_002737_602,16,21,21,-16.0,20.601532035420604,-82.6248779296875,-82.6248779296875,0.10059165954589844,0.15839815139770508,21,21,YOLO,1,32,0,20.601532035420604,0,[],0.10028862953186035,0.050445556640625,0.05049872398376465,0.05675482749938965,0.0006918907165527344
20250724_002737_863,16,21,21,-16.0,20.577652300740823,-82.62673950195312,-82.62673950195312,0.10367465019226074,0.10198760032653809,21,21,YOLO,1,32,0,20.577652300740823,0,[],0.1033318042755127,0.0504758358001709,0.05047345161437988,0.0003917217254638672,0.0006415843963623047
20250724_002738_070,16,21,21,-16.0,20.97284377745231,-82.28262138366699,-82.28262138366699,0.10045456886291504,0.15838313102722168,21,21,YOLO,1,32,0,20.97284377745231,0,[],0.1001434326171875,0.05044913291931152,0.050473928451538086,0.056738853454589844,0.0007145404815673828
20250724_002738_331,17,21,21,-16.0,20.896966001721722,-82.25617370605468,-82.25617370605468,0.10337948799133301,0.10199165344238281,21,21,YOLO,1,32,0,20.896966001721722,0,[],0.103057861328125,0.05048227310180664,0.0504302978515625,0.00039958953857421875,0.0006735324859619141
20250724_002738_537,17,20,20,-17.4,20.873392091646338,-82.31027488708496,-82.31027488708496,0.10282659530639648,0.15841126441955566,20,20,YOLO,1,32,0,20.873392091646338,0,[],0.10247540473937988,0.05045318603515625,0.05045342445373535,0.0568084716796875,0.0006887912750244141
20250724_002738_800,17,20,20,-17.4,21.00217150695859,-82.27513847351074,-82.27513847351074,0.10332322120666504,0.10197949409484863,20,20,YOLO,1,32,0,21.00217150695859,0,[],0.10298728942871094,0.05045771598815918,0.05047178268432617,0.0003986358642578125,0.0006456375122070312
20250724_002739_007,17,20,20,-17.4,21.173101454059264,-82.08667602539063,-82.08667602539063,0.1021430492401123,0.15834879875183105,20,20,YOLO,1,32,0,21.173101454059264,0,[],0.10176205635070801,0.05045723915100098,0.050461530685424805,0.05675768852233887,0.0006659030914306641
20250724_002739_269,17,20,20,-17.4,21.091974952291167,-82.06540603637696,-82.06540603637696,0.10017967224121094,0.10206890106201172,20,20,YOLO,1,32,0,21.091974952291167,0,[],0.09989166259765625,0.050528526306152344,0.05047464370727539,0.000400543212890625,0.0006589889526367188
20250724_002739_473,18,19,19,-18.9,21.437173111415547,-81.78825378417969,-81.78825378417969,0.0997927188873291,0.1582944393157959,19,19,YOLO,1,32,0,21.437173111415547,0,[],0.09949445724487305,0.05045962333679199,0.05043649673461914,0.056732177734375,0.0006597042083740234
20250724_002739_733,18,19,19,-18.9,21.919215258408485,-81.36413688659668,-81.36413688659668,0.10083961486816406,0.10201787948608398,19,19,YOLO,1,32,0,21.919215258408485,0,[],0.10053348541259766,0.050461530685424805,0.05045485496520996,0.00039696693420410156,0.0006985664367675781
20250724_002739_937,18,NO_RADIO,19,-18.9,22.899833369534576,-80.3610897064209,-80.3610897064209,0.10159778594970703,0.15841889381408691,19,,CenterFallback,1,32,0,,,[],0.10126042366027832,0.050478458404541016,0.0504605770111084,0.056738853454589844,0.0006887912750244141
20250724_002740_199,18,NO_RADIO,19,-18.9,23.013341083631303,-80.22389221191406,-80.22389221191406,0.10045766830444336,0.10209131240844727,19,,CenterFallback,1,32,0,,,[],0.10013937950134277,0.05048394203186035,0.05048227310180664,0.00041031837463378906,0.0006773471832275391
20250724_002740_403,19,19,19,-18.9,19.991562921080643,-83.28759727478027,-83.28759727478027,0.10423946380615234,0.1584465503692627,19,19,YOLO,1,32,0,19.991562921080643,0,[],0.10391736030578613,0.0504765510559082,0.050476789474487305,0.056795597076416016,0.0006899833679199219
20250724_002740_667,19,19,19,-18.9,19.624878016630475,-83.45639038085938,-83.45639038085938,0.1036374568939209,0.10214042663574219,19,19,YOLO,1,32,0,19.624878016630475,0,[],0.10332417488098145,0.05051279067993164,0.05054807662963867,0.0003941059112548828,0.0006794929504394531
20250724_002740_875,19,19,19,-18.9,20.3869617660755,-82.7561092376709,-82.7561092376709,0.10221743583679199,0.1583395004272461,19,19,YOLO,1,32,0,20.3869617660755,0,[],0.10186553001403809,0.050441741943359375,0.05051398277282715,0.056713104248046875,0.0006644725799560547
20250724_002741_137,19,19,19,-18.9,20.60197434615479,-82.56417694091797,-82.56417694091797,0.1041405200958252,0.10196375846862793,19,19,YOLO,1,32,0,20.60197434615479,0,[],0.10380339622497559,0.05041813850402832,0.05051064491271973,0.0004055500030517578,0.0006239414215087891
20250724_002741_345,20,18,18,-20.3,22.166479043454245,-81.17940330505371,-81.17940330505371,0.10600161552429199,0.15835332870483398,18,18,YOLO,1,32,0,22.166479043454245,0,[],0.10569643974304199,0.050476789474487305,0.050441741943359375,0.056748390197753906,0.0006783008575439453
20250724_002741_611,20,18,18,-20.3,21.83274019449442,-81.47770729064942,-81.47770729064942,0.09066629409790039,0.1020355224609375,18,18,YOLO,1,32,0,21.83274019449442,0,[],0.0902872085571289,0.05050182342529297,0.050486087799072266,0.0004050731658935547,0.0006372928619384766
20250724_002741_805,20,18,18,-20.3,21.303443427169256,-81.83889808654786,-81.83889808654786,0.09953045845031738,0.1582813262939453,18,18,YOLO,1,32,0,21.303443427169256,0,[],0.09919285774230957,0.05045437812805176,0.050455570220947266,0.05672097206115723,0.0006425380706787109
20250724_002742_064,20,18,18,-20.3,21.72181010652801,-81.58149108886718,-81.58149108886718,0.10196185111999512,0.10194134712219238,18,18,YOLO,1,32,0,21.72181010652801,0,[],0.10159993171691895,0.050460100173950195,0.05044889450073242,0.00038433074951171875,0.0006427764892578125
20250724_002742_270,21,18,18,-20.3,22.067303332979733,-81.13817596435547,-81.13817596435547,0.10092759132385254,0.15844464302062988,18,18,YOLO,1,32,0,22.067303332979733,0,[],0.1005866527557373,0.05049872398376465,0.050458669662475586,0.05671834945678711,0.0007622241973876953
20250724_002742_531,21,17,17,-21.8,21.099389703518142,-82.06540603637696,-82.06540603637696,0.10235190391540527,0.10190272331237793,17,17,YOLO,1,32,0,21.099389703518142,0,[],0.10201621055603027,0.050427913665771484,0.050440073013305664,0.0004000663757324219,0.0006291866302490234
20250724_002742_737,21,17,17,-21.8,22.03567539177665,-81.24035949707032,-81.24035949707032,0.09925365447998047,0.15834426879882812,17,17,YOLO,1,32,0,22.03567539177665,0,[],0.09893012046813965,0.05048942565917969,0.05044364929199219,0.05673336982727051,0.0006718635559082031
20250724_002742_996,21,17,17,-21.8,22.04030094101016,-81.13837432861328,-81.13837432861328,0.10350370407104492,0.1020193099975586,17,17,YOLO,1,32,0,22.04030094101016,0,[],0.10322141647338867,0.05045914649963379,0.05047321319580078,0.0004189014434814453,0.0006620883941650391
20250724_002743_203,21,17,17,-21.8,22.116211632886362,-81.11172103881836,-81.11172103881836,0.10305666923522949,0.1583726406097412,17,17,YOLO,1,32,0,22.116211632886362,0,[],0.10271883010864258,0.05046892166137695,0.05048203468322754,0.05675005912780762,0.0006654262542724609
20250724_002743_466,22,17,17,-21.8,22.057825401549977,-81.19231643676758,-81.19231643676758,0.10270285606384277,0.1020517349243164,17,17,YOLO,1,32,0,22.057825401549977,0,[],0.10231375694274902,0.05043458938598633,0.05049633979797363,0.0004119873046875,0.0007033348083496094
20250724_002743_672,22,17,17,-21.8,19.27480673838386,-83.99394989013672,-83.99394989013672,0.10063004493713379,0.1583561897277832,17,17,YOLO,1,32,0,19.27480673838386,0,[],0.10030150413513184,0.050470829010009766,0.050478458404541016,0.056732892990112305,0.0006678104400634766
20250724_002743_933,22,16,16,-23.2,19.443741147066845,-83.74547119140625,-83.74547119140625,0.1010274887084961,0.10204219818115234,16,16,YOLO,1,32,0,19.443741147066845,0,[],0.10071349143981934,0.05045914649963379,0.05049896240234375,0.0004088878631591797,0.0006694793701171875
20250724_002744_138,22,17,17,-21.8,20.007921723911366,-83.02484893798828,-83.02484893798828,0.10251903533935547,0.1587989330291748,17,17,YOLO,1,32,0,20.007921723911366,0,[],0.10219621658325195,0.05047607421875,0.05050492286682129,0.056769371032714844,0.0010406970977783203
20250724_002744_401,23,16,16,-23.2,20.13059159152685,-83.16567726135254,-83.16567726135254,0.10237765312194824,0.10201907157897949,16,16,YOLO,1,32,0,20.13059159152685,0,[],0.10201859474182129,0.05051374435424805,0.05044674873352051,0.0003993511199951172,0.0006539821624755859
20250724_002744_607,23,16,16,-23.2,19.325892038533425,-83.95794830322265,-83.95794830322265,0.10105180740356445,0.15838408470153809,16,16,YOLO,1,32,0,19.325892038533425,0,[],0.10073471069335938,0.050438880920410156,0.05044388771057129,0.05681419372558594,0.0006783008575439453
20250724_002744_868,23,16,16,-23.2,19.557933362011056,-83.63788604736328,-83.63788604736328,0.10153913497924805,0.10196757316589355,16,16,YOLO,1,32,0,19.557933362011056,0,[],0.10123419761657715,0.0504913330078125,0.05045151710510254,0.00039458274841308594,0.0006251335144042969
20250724_002745_073,23,16,16,-23.2,21.485699972467344,-81.69659957885742,-81.69659957885742,0.1037602424621582,0.15832948684692383,16,16,YOLO,1,32,0,21.485699972467344,0,[],0.10340499877929688,0.05046582221984863,0.0504298210144043,0.0567629337310791,0.0006639957427978516
20250724_002745_337,24,16,16,-23.2,21.477851381190362,-81.77129364013672,-81.77129364013672,0.1042795181274414,0.10192394256591797,16,16,YOLO,1,32,0,21.477851381190362,0,[],0.10396575927734375,0.05042433738708496,0.05044984817504883,0.0003981590270996094,0.0006468296051025391
20250724_002745_545,24,15,15,-24.7,21.349272094848345,-81.83858757019043,-81.83858757019043,0.10194802284240723,0.1583113670349121,15,15,YOLO,1,32,0,21.349272094848345,0,[],0.10165739059448242,0.05043530464172363,0.050467729568481445,0.05673480033874512,0.0006678104400634766
20250724_002745_807,24,15,15,-24.7,21.40071684815041,-81.83120193481446,-81.83120193481446,0.10212063789367676,0.10195040702819824,15,15,YOLO,1,32,0,21.40071684815041,0,[],0.10176539421081543,0.05046534538269043,0.050428152084350586,0.0003974437713623047,0.0006535053253173828
20250724_002746_012,24,15,15,-24.7,22.65785336880394,-80.58688240051269,-80.58688240051269,0.10112476348876953,0.15837812423706055,15,15,YOLO,1,32,0,22.65785336880394,0,[],0.10074353218078613,0.050461769104003906,0.05044126510620117,0.0567631721496582,0.0007052421569824219
20250724_002746_273,24,15,15,-24.7,22.65923045657283,-80.53353385925293,-80.53353385925293,0.10183119773864746,0.10207056999206543,15,15,YOLO,1,32,0,22.65923045657283,0,[],0.10147953033447266,0.05048346519470215,0.05048489570617676,0.0004031658172607422,0.0006930828094482422
20250724_002746_479,25,14,14,-26.1,22.923718417629658,-80.29055938720703,-80.29055938720703,0.10103440284729004,0.1583402156829834,14,14,YOLO,1,32,0,22.923718417629658,0,[],0.10069632530212402,0.050451040267944336,0.050487518310546875,0.05672717094421387,0.000667572021484375
20250724_002746_740,25,14,14,-26.1,23.157296352042053,-80.11900329589844,-80.11900329589844,0.10318207740783691,0.1020958423614502,14,14,YOLO,1,32,0,23.157296352042053,0,[],0.10285305976867676,0.050487518310546875,0.050467491149902344,0.0004191398620605469,0.0007162094116210938
20250724_002746_947,25,14,14,-26.1,23.517510012185994,-79.76148986816406,-79.76148986816406,0.10037350654602051,0.15836834907531738,14,14,YOLO,1,32,0,23.517510012185994,0,[],0.10001826286315918,0.05044722557067871,0.05046558380126953,0.05676412582397461,0.0006844997406005859
20250724_002747_207,25,14,14,-26.1,23.504211631475542,-79.74224853515625,-79.74224853515625,0.1027824878692627,0.10193395614624023,14,14,YOLO,1,32,0,23.504211631475542,0,[],0.1024484634399414,0.050451040267944336,0.0504307746887207,0.00040221214294433594,0.0006449222564697266
20250724_002747_413,26,14,14,-26.1,20.76782634757241,-82.55379524230958,-82.55379524230958,0.10010337829589844,0.15833139419555664,14,14,YOLO,1,32,0,20.76782634757241,0,[],0.09975719451904297,0.050444841384887695,0.05047416687011719,0.0567479133605957,0.0006577968597412109
20250724_002747_673,26,13,13,-27.6,20.47871348524393,-82.60442352294922,-82.60442352294922,0.10262823104858398,0.10197329521179199,13,13,YOLO,1,32,0,20.47871348524393,0,[],0.10230469703674316,0.050478458404541016,0.0504763126373291,0.00037741661071777344,0.0006351470947265625
20250724_002747_880,26,14,14,-26.1,20.61671405415686,-82.43495903015136,-82.43495903015136,0.1007533073425293,0.15835809707641602,14,14,YOLO,1,32,0,20.61671405415686,0,[],0.10044145584106445,0.050452232360839844,0.050455331802368164,0.05678892135620117,0.0006546974182128906
20250724_002748_140,26,14,14,-26.1,20.663658344722066,-82.48728942871094,-82.48728942871094,0.09908270835876465,0.10199522972106934,14,14,YOLO,1,32,0,20.663658344722066,0,[],0.09873437881469727,0.050479888916015625,0.05045819282531738,0.0003783702850341797,0.0006728172302246094
20250724_002748_343,27,13,13,-27.6,21.232329164731766,-81.93768539428712,-81.93768539428712,0.10025429725646973,0.15831875801086426,13,13,YOLO,1,32,0,21.232329164731766,0,[],0.09992170333862305,0.05040788650512695,0.05043983459472656,0.056766510009765625,0.0006995201110839844
20250724_002748_603,27,13,13,-27.6,21.04509438971415,-82.0647533416748,-82.0647533416748,0.10143351554870605,0.1019902229309082,13,13,YOLO,1,32,0,21.04509438971415,0,[],0.10111355781555176,0.050452470779418945,0.0504608154296875,0.0003986358642578125,0.0006723403930664062
20250724_002748_808,27,13,13,-27.6,21.09442363816683,-82.1453628540039,-82.1453628540039,0.10314083099365234,0.15834331512451172,13,13,YOLO,1,32,0,21.09442363816683,0,[],0.10281109809875488,0.05048704147338867,0.0504765510559082,0.05669689178466797,0.0006761550903320312
20250724_002749_071,27,13,13,-27.6,21.209807787753604,-82.04146575927734,-82.04146575927734,0.10208892822265625,0.10195159912109375,13,13,YOLO,1,32,0,21.209807787753604,0,[],0.10174369812011719,0.050428152084350586,0.05047035217285156,0.0003981590270996094,0.0006494522094726562
20250724_002749_277,28,13,13,-27.6,20.372448923854876,-82.91267967224121,-82.91267967224121,0.10149264335632324,0.15832996368408203,13,13,YOLO,1,32,0,20.372448923854876,0,[],0.10116267204284668,0.05046534538269043,0.050447940826416016,0.05672407150268555,0.0006849765777587891
20250724_002749_538,28,12,12,-29.0,19.49747174615905,-83.61207885742188,-83.61207885742188,0.09946990013122559,0.10199618339538574,12,12,YOLO,1,32,0,19.49747174615905,0,[],0.09914183616638184,0.05047249794006348,0.050475358963012695,0.0004100799560546875,0.0006330013275146484
20250724_002749_741,28,13,13,-27.6,19.599178020370402,-83.61266326904297,-83.61266326904297,0.1027688980102539,0.15851855278015137,13,13,YOLO,1,32,0,19.599178020370402,0,[],0.1024484634399414,0.050444602966308594,0.05050325393676758,0.0567779541015625,0.0007824897766113281
20250724_002750_004,28,13,13,-27.6,20.06486938831688,-83.12589225769044,-83.12589225769044,0.10348987579345703,0.10227704048156738,13,13,YOLO,1,32,0,20.06486938831688,0,[],0.1031193733215332,0.05050969123840332,0.05045199394226074,0.0004696846008300781,0.0008397102355957031
20250724_002750_212,28,NO_RADIO,13,-27.6,20.10080317660143,-83.16483650207519,-83.16483650207519,0.10061025619506836,0.15846610069274902,13,,CenterFallback,1,32,0,,,[],0.10025167465209961,0.050515174865722656,0.0504765510559082,0.05672883987426758,0.0006911754608154297
20250724_002750_473,29,11,11,-30.5,19.663716120468237,-83.56321907043457,-83.56321907043457,0.10007333755493164,0.10200142860412598,11,11,YOLO,1,32,0,19.663716120468237,0,[],0.09975361824035645,0.0504608154296875,0.05048108100891113,0.0004038810729980469,0.0006482601165771484
20250724_002750_676,29,11,11,-30.5,22.697305863647983,-80.58274917602539,-80.58274917602539,0.10183525085449219,0.15840721130371094,11,11,YOLO,1,32,0,22.697305863647983,0,[],0.1015312671661377,0.05050206184387207,0.05047130584716797,0.05675864219665527,0.0006682872772216797
20250724_002750_938,29,11,11,-30.5,23.15007690461684,-80.08880500793457,-80.08880500793457,0.10476255416870117,0.1019289493560791,11,11,YOLO,1,32,0,23.15007690461684,0,[],0.10441899299621582,0.05046272277832031,0.05040335655212402,0.00039696693420410156,0.000659942626953125
20250724_002751_146,29,11,11,-30.5,23.476329026021332,-79.84244689941406,-79.84244689941406,0.1027383804321289,0.15835022926330566,11,11,YOLO,1,32,0,23.476329026021332,0,[],0.1024019718170166,0.05045199394226074,0.050478458404541016,0.05677676200866699,0.0006380081176757812
20250724_002751_409,30,11,11,-30.5,23.58480858931138,-79.64821510314941,-79.64821510314941,0.10132598876953125,0.10195016860961914,11,11,YOLO,1,32,0,23.58480858931138,0,[],0.10103917121887207,0.05045676231384277,0.05046272277832031,0.000392913818359375,0.00063323974609375
20250724_002751_614,30,11,11,-30.5,20.583261926203747,-82.776611328125,-82.776611328125,0.10304141044616699,0.1585676670074463,11,11,YOLO,1,32,0,20.583261926203747,0,[],0.10275125503540039,0.050444841384887695,0.05041670799255371,0.056737422943115234,0.0009613037109375
20250724_002751_878,30,11,11,-30.5,20.707525051163714,-82.52146339416504,-82.52146339416504,0.10519886016845703,0.10202789306640625,11,11,YOLO,1,32,0,20.707525051163714,0,[],0.10470819473266602,0.05047440528869629,0.05041360855102539,0.0003936290740966797,0.0007405281066894531
20250724_002752_087,30,11,11,-30.5,21.15690663016332,-82.12771224975586,-82.12771224975586,0.10287046432495117,0.15836119651794434,11,11,YOLO,1,32,0,21.15690663016332,0,[],0.1025390625,0.05048680305480957,0.050490617752075195,0.056713104248046875,0.0006644725799560547
20250724_002752_350,31,10,10,-31.9,21.08429657016579,-82.27513847351074,-82.27513847351074,0.10252141952514648,0.10207581520080566,10,10,YOLO,1,32,0,21.08429657016579,0,[],0.10217428207397461,0.05053830146789551,0.05046987533569336,0.00038909912109375,0.0006711483001708984
20250724_002752_556,31,10,10,-31.9,22.493988407593122,-80.74458847045898,-80.74458847045898,0.10149121284484863,0.15831446647644043,10,10,YOLO,1,32,0,22.493988407593122,0,[],0.10116410255432129,0.05045127868652344,0.05045032501220703,0.05675220489501953,0.0006544589996337891
20250724_002752_817,31,10,10,-31.9,22.574802873309338,-80.74501113891601,-80.74501113891601,0.1029052734375,0.10216808319091797,10,10,YOLO,1,32,0,22.574802873309338,0,[],0.10260391235351562,0.05053091049194336,0.05048632621765137,0.0003991127014160156,0.0007455348968505859
20250724_002753_024,31,10,10,-31.9,21.89380662996652,-81.3001937866211,-81.3001937866211,0.10086870193481445,0.15828824043273926,10,10,YOLO,1,32,0,21.89380662996652,0,[],0.10056924819946289,0.05044865608215332,0.05041956901550293,0.05673980712890625,0.0006747245788574219
20250724_002753_285,31,11,11,-30.5,22.13487258605059,-81.07327423095703,-81.07327423095703,0.1020808219909668,0.10202503204345703,11,11,YOLO,1,32,0,22.13487258605059,0,[],0.10176467895507812,0.05045652389526367,0.050445556640625,0.00040268898010253906,0.0007135868072509766
20250724_002753_490,32,9,9,-33.4,23.601423432150852,-79.68949699401855,-79.68949699401855,0.10227322578430176,0.15830111503601074,9,9,YOLO,1,32,0,23.601423432150852,0,[],0.1019740104675293,0.05043172836303711,0.050420284271240234,0.056729793548583984,0.0007126331329345703
20250724_002753_753,32,9,9,-33.4,23.562924605860857,-79.61723823547364,-79.61723823547364,0.10124349594116211,0.10203385353088379,9,9,YOLO,1,32,0,23.562924605860857,0,[],0.10088825225830078,0.050484418869018555,0.05051445960998535,0.0003917217254638672,0.0006375312805175781
20250724_002753_957,32,10,10,-31.9,21.708938940835708,-81.48515663146972,-81.48515663146972,0.10260772705078125,0.1583864688873291,10,10,YOLO,1,32,0,21.708938940835708,0,[],0.10230255126953125,0.05044221878051758,0.05049538612365723,0.05676841735839844,0.0006725788116455078
20250724_002754_220,32,10,10,-31.9,21.681513871379465,-81.49110870361328,-81.49110870361328,0.10142064094543457,0.10213065147399902,10,10,YOLO,1,32,0,21.681513871379465,0,[],0.10106658935546875,0.050550222396850586,0.05049920082092285,0.0003998279571533203,0.0006756782531738281
20250724_002754_425,33,9,9,-33.4,22.028995056381547,-81.19834899902344,-81.19834899902344,0.08842349052429199,0.15860867500305176,9,9,YOLO,1,32,0,22.028995056381547,0,[],0.08810710906982422,0.05052542686462402,0.050559282302856445,0.056777000427246094,0.0007398128509521484
20250724_002754_674,33,9,9,-33.4,22.173564333068086,-81.02149696350098,-81.02149696350098,0.10164570808410645,0.10237812995910645,9,9,YOLO,1,32,0,22.173564333068086,0,[],0.10129332542419434,0.05050969123840332,0.05052471160888672,0.0004115104675292969,0.0009255409240722656
20250724_002754_881,33,9,9,-33.4,22.45626751645426,-80.73420715332031,-80.73420715332031,0.10301709175109863,0.1589353084564209,9,9,YOLO,1,32,0,22.45626751645426,0,[],0.10186433792114258,0.05050253868103027,0.05069994926452637,0.056732892990112305,0.0009913444519042969
20250724_002755_145,33,9,9,-33.4,22.649356890807397,-80.68115997314453,-80.68115997314453,0.10259318351745605,0.10194158554077148,9,9,YOLO,1,32,0,22.649356890807397,0,[],0.10224342346191406,0.05044102668762207,0.05044221878051758,0.00040459632873535156,0.0006473064422607422
20250724_002755_351,34,8,8,-34.8,21.43223714875893,-81.8206558227539,-81.8206558227539,0.10308074951171875,0.15841245651245117,8,8,YOLO,1,32,0,21.43223714875893,0,[],0.10276484489440918,0.05040764808654785,0.05049753189086914,0.0568079948425293,0.0006933212280273438
20250724_002755_614,34,8,8,-34.8,21.160197188185066,-82.09360313415527,-82.09360313415527,0.09997129440307617,0.10203027725219727,8,8,YOLO,1,32,0,21.160197188185066,0,[],0.09965825080871582,0.05045580863952637,0.050447702407836914,0.0004086494445800781,0.0007119178771972656
20250724_002755_818,34,8,8,-34.8,22.26906210029088,-81.02149696350098,-81.02149696350098,0.10083818435668945,0.1583268642425537,8,8,YOLO,1,32,0,22.26906210029088,0,[],0.10051178932189941,0.0504610538482666,0.05047249794006348,0.056714534759521484,0.0006721019744873047
20250724_002756_078,34,8,8,-34.8,22.375352691498065,-80.98365020751953,-80.98365020751953,0.10251402854919434,0.10197877883911133,8,8,YOLO,1,32,0,22.375352691498065,0,[],0.10216665267944336,0.05043649673461914,0.05045890808105469,0.00041604042053222656,0.0006611347198486328
20250724_002756_285,35,8,8,-34.8,21.8728168530275,-81.44086875915528,-81.44086875915528,0.10148835182189941,0.1583871841430664,8,8,YOLO,1,32,0,21.8728168530275,0,[],0.10116219520568848,0.05048680305480957,0.05044698715209961,0.056761741638183594,0.0006849765777587891
20250724_002756_546,35,7,7,-36.3,20.49827261449326,-82.67144775390625,-82.67144775390625,0.10136032104492188,0.10197639465332031,7,7,YOLO,1,32,0,20.49827261449326,0,[],0.10105133056640625,0.05045127868652344,0.05048775672912598,0.0003972053527832031,0.0006341934204101562
20250724_002756_751,35,7,7,-36.3,23.729799746038765,-79.46225852966309,-79.46225852966309,0.10161924362182617,0.1583874225616455,7,7,YOLO,1,32,0,23.729799746038765,0,[],0.1012716293334961,0.05048322677612305,0.05046868324279785,0.05672860145568848,0.0007007122039794922
20250724_002757_013,35,8,8,-34.8,23.807575708669972,-79.4409351348877,-79.4409351348877,0.10161232948303223,0.10202693939208984,8,8,YOLO,1,32,0,23.807575708669972,0,[],0.10127830505371094,0.050446510314941406,0.050512075424194336,0.0003986358642578125,0.00066375732421875
20250724_002757_218,35,8,8,-34.8,20.384473689786688,-82.90084228515624,-82.90084228515624,0.1028296947479248,0.15837645530700684,8,8,YOLO,1,32,0,20.384473689786688,0,[],0.10250735282897949,0.05046701431274414,0.05046892166137695,0.05674600601196289,0.0006875991821289062
20250724_002757_481,36,7,7,-36.3,19.414426791277634,-83.79180145263672,-83.79180145263672,0.09829568862915039,0.10204553604125977,7,7,YOLO,1,32,0,19.414426791277634,0,[],0.09800291061401367,0.05048537254333496,0.05046415328979492,0.0004055500030517578,0.0006847381591796875
20250724_002757_683,36,7,7,-36.3,22.576518965065077,-80.49723854064942,-80.49723854064942,0.10235953330993652,0.15839052200317383,7,7,YOLO,1,32,0,22.576518965065077,0,[],0.10205435752868652,0.05049920082092285,0.05047011375427246,0.056745052337646484,0.0006704330444335938
20250724_002757_945,36,7,7,-36.3,22.54313403510062,-80.78058166503907,-80.78058166503907,0.10396075248718262,0.10206198692321777,7,7,YOLO,1,32,0,22.54313403510062,0,[],0.10364437103271484,0.05048727989196777,0.05049729347229004,0.00040030479431152344,0.0006711483001708984
20250724_002758_153,36,7,7,-36.3,22.33676867987947,-80.9471435546875,-80.9471435546875,0.09644436836242676,0.1583576202392578,7,7,YOLO,1,32,0,22.33676867987947,0,[],0.09607982635498047,0.05050802230834961,0.050457000732421875,0.056731224060058594,0.0006535053253173828
20250724_002758_409,37,6,6,-37.7,22.018901248821734,-81.29916572570801,-81.29916572570801,0.09976410865783691,0.10193848609924316,6,6,YOLO,1,32,0,22.018901248821734,0,[],0.09943222999572754,0.05045032501220703,0.05045270919799805,0.00039386749267578125,0.0006361007690429688
20250724_002758_612,37,6,6,-37.7,22.951719318126763,-80.27214431762695,-80.27214431762695,0.10284113883972168,0.15830111503601074,6,6,YOLO,1,32,0,22.951719318126763,0,[],0.10254430770874023,0.05044960975646973,0.05043816566467285,0.05672860145568848,0.0006787776947021484
20250724_002758_875,37,6,6,-37.7,22.87176361885706,-80.31600189208984,-80.31600189208984,0.10209488868713379,0.10195565223693848,6,6,YOLO,1,32,0,22.87176361885706,0,[],0.10178256034851074,0.05044698715209961,0.050445556640625,0.00040435791015625,0.0006532669067382812
20250724_002759_081,37,6,6,-37.7,22.93298276757949,-80.34182815551758,-80.34182815551758,0.1009666919708252,0.15831947326660156,6,6,YOLO,1,32,0,22.93298276757949,0,[],0.10062074661254883,0.050460100173950195,0.050450801849365234,0.05673384666442871,0.0006678104400634766
20250724_002759_342,38,5,5,-39.2,22.86542824217679,-80.44540710449219,-80.44540710449219,0.10256123542785645,0.10193181037902832,5,5,YOLO,1,32,0,22.86542824217679,0,[],0.10224318504333496,0.05044221878051758,0.05042529106140137,0.0003941059112548828,0.0006651878356933594
20250724_002759_548,38,5,5,-39.2,22.364069214208726,-80.8010482788086,-80.8010482788086,0.10031986236572266,0.15881133079528809,5,5,YOLO,1,32,0,22.364069214208726,0,[],0.09997725486755371,0.050511837005615234,0.050484657287597656,0.05682039260864258,0.0009856224060058594
20250724_002759_809,38,5,5,-39.2,22.488875966294415,-80.69022712707519,-80.69022712707519,0.1016533374786377,0.10207581520080566,5,5,YOLO,1,32,0,22.488875966294415,0,[],0.10128092765808105,0.050493717193603516,0.05049943923950195,0.00042176246643066406,0.0006542205810546875
20250724_002800_014,38,5,5,-39.2,22.761567330079657,-80.45286560058594,-80.45286560058594,0.10208296775817871,0.1583867073059082,5,5,YOLO,1,32,0,22.761567330079657,0,[],0.10174798965454102,0.050484657287597656,0.05043935775756836,0.05677533149719238,0.0006811618804931641
20250724_002800_276,38,5,5,-39.2,22.709931489669984,-80.41348266601562,-80.41348266601562,0.10373735427856445,0.10203289985656738,5,5,YOLO,1,32,0,22.709931489669984,0,[],0.10342025756835938,0.05050158500671387,0.050484418869018555,0.0004019737243652344,0.0006387233734130859
20250724_002800_483,39,5,5,-39.2,20.785757103468285,-82.42382698059082,-82.42382698059082,0.0994269847869873,0.1584322452545166,5,5,YOLO,1,32,0,20.785757103468285,0,[],0.09911131858825684,0.05050992965698242,0.050496816635131836,0.056741952896118164,0.0006766319274902344
20250724_002800_743,39,5,5,-39.2,20.892030818048298,-82.41014671325684,-82.41014671325684,0.10247182846069336,0.10206341743469238,5,5,YOLO,1,32,0,20.892030818048298,0,[],0.10213112831115723,0.05047750473022461,0.05049419403076172,0.0004031658172607422,0.0006823539733886719
20250724_002800_949,39,5,5,-39.2,20.975674906300185,-82.23380584716797,-82.23380584716797,0.10069990158081055,0.15836548805236816,5,5,YOLO,1,32,0,20.975674906300185,0,[],0.10035514831542969,0.050463199615478516,0.05045652389526367,0.05677199363708496,0.0006668567657470703
20250724_002801_210,39,5,5,-39.2,20.986820568559565,-82.16007347106934,-82.16007347106934,0.10077571868896484,0.10212469100952148,5,5,YOLO,1,32,0,20.986820568559565,0,[],0.10042548179626465,0.05049729347229004,0.050514936447143555,0.0004057884216308594,0.0006999969482421875
20250724_002801_415,40,4,4,-40.6,20.969741264196543,-82.34945793151856,-82.34945793151856,0.10120320320129395,0.15839290618896484,4,4,YOLO,1,32,0,20.969741264196543,0,[],0.1008307933807373,0.05047154426574707,0.05048680305480957,0.05672717094421387,0.0006999969482421875
20250724_002801_676,40,4,4,-40.6,20.945319073738887,-82.27582550048828,-82.27582550048828,0.1016533374786377,0.1021125316619873,4,4,YOLO,1,32,0,20.945319073738887,0,[],0.1013174057006836,0.05049848556518555,0.05049848556518555,0.00041866302490234375,0.0006911754608154297
20250724_002801_881,40,4,4,-40.6,21.357863903693755,-81.78617553710937,-81.78617553710937,0.10139656066894531,0.15843629837036133,4,4,YOLO,1,32,0,21.357863903693755,0,[],0.10103869438171387,0.05048513412475586,0.050490379333496094,0.05677461624145508,0.0006794929504394531
20250724_002802_143,40,4,4,-40.6,21.3274341645657,-81.87677764892578,-81.87677764892578,0.1030275821685791,0.1021122932434082,4,4,YOLO,1,32,0,21.3274341645657,0,[],0.1026926040649414,0.05048871040344238,0.050493478775024414,0.0004153251647949219,0.0007083415985107422
20250724_002802_350,41,3,3,-42.1,22.41752334327876,-80.90610466003417,-80.90610466003417,0.10179686546325684,0.15882229804992676,3,3,YOLO,1,32,0,22.41752334327876,0,[],0.10146808624267578,0.05057835578918457,0.050531864166259766,0.056741952896118164,0.0009632110595703125
20250724_002802_613,41,3,3,-42.1,22.0122172808006,-81.16846389770508,-81.16846389770508,0.1035013198852539,0.10210680961608887,3,3,YOLO,1,32,0,22.0122172808006,0,[],0.10310006141662598,0.05051779747009277,0.05050301551818848,0.0004096031188964844,0.0006697177886962891
20250724_002802_820,41,3,3,-42.1,22.45317760752313,-80.84889869689941,-80.84889869689941,0.10089373588562012,0.15848135948181152,3,3,YOLO,1,32,0,22.45317760752313,0,[],0.10054326057434082,0.05050182342529297,0.05046558380126953,0.05675244331359863,0.0007543563842773438
20250724_002803_081,41,3,3,-42.1,22.5946536469272,-80.61642456054688,-80.61642456054688,0.10071277618408203,0.10204195976257324,3,3,YOLO,1,32,0,22.5946536469272,0,[],0.10037779808044434,0.05046582221984863,0.05049324035644531,0.00040268898010253906,0.0006742477416992188
20250724_002803_286,42,3,3,-42.1,22.248048317948005,-80.92654418945312,-80.92654418945312,0.10076117515563965,0.15858006477355957,3,3,YOLO,1,32,0,22.248048317948005,0,[],0.10041093826293945,0.05051922798156738,0.050662994384765625,0.05672454833984375,0.0006661415100097656
20250724_002803_546,42,2,2,-43.5,20.83671633676842,-82.34945793151856,-82.34945793151856,0.1022481918334961,0.10200929641723633,2,2,YOLO,1,32,0,20.83671633676842,0,[],0.10192251205444336,0.050467491149902344,0.05045127868652344,0.00041556358337402344,0.0006687641143798828
20250724_002803_752,42,2,2,-43.5,22.21106411115605,-80.99381713867187,-80.99381713867187,0.10078740119934082,0.1582937240600586,2,2,YOLO,1,32,0,22.21106411115605,0,[],0.10045981407165527,0.050452232360839844,0.05043959617614746,0.05673813819885254,0.0006570816040039062
20250724_002804_013,42,2,2,-43.5,22.091032422759483,-81.20748710632324,-81.20748710632324,0.10058331489562988,0.10243058204650879,2,2,YOLO,1,32,0,22.091032422759483,0,[],0.10025906562805176,0.05067253112792969,0.05045366287231445,0.00044274330139160156,0.0008549690246582031
20250724_002804_218,42,2,2,-43.5,22.42812827682171,-80.72450370788575,-80.72450370788575,0.10245561599731445,0.1584608554840088,2,2,YOLO,1,32,0,22.42812827682171,0,[],0.10183453559875488,0.05048632621765137,0.0504913330078125,0.05677652359008789,0.0006990432739257812
20250724_002804_481,43,2,2,-43.5,22.478172329723492,-80.80221519470214,-80.80221519470214,0.10639166831970215,0.10215878486633301,2,2,YOLO,1,32,0,22.478172329723492,0,[],0.10605883598327637,0.0505673885345459,0.05052804946899414,0.0004029273986816406,0.0006558895111083984
20250724_002804_691,43,2,2,-43.5,21.118757182978115,-82.03495025634766,-82.03495025634766,0.10174965858459473,0.15841937065124512,2,2,YOLO,1,32,0,21.118757182978115,0,[],0.10142302513122559,0.0504612922668457,0.050462961196899414,0.05675029754638672,0.0007381439208984375
20250724_002804_953,43,2,2,-43.5,20.88669196306755,-82.16191902160645,-82.16191902160645,0.10420370101928711,0.10200166702270508,2,2,YOLO,1,32,0,20.88669196306755,0,[],0.10387444496154785,0.05046725273132324,0.05047440528869629,0.00041103363037109375,0.0006444454193115234
20250724_002805_161,43,2,2,-43.5,21.471741073242953,-81.920849609375,-81.920849609375,0.10195064544677734,0.1584177017211914,2,2,YOLO,1,32,0,21.471741073242953,0,[],0.10162186622619629,0.05045771598815918,0.05048561096191406,0.05674600601196289,0.0007207393646240234
20250724_002805_423,44,1,1,-45.0,21.464865025625926,-81.78817672729492,-81.78817672729492,0.10190200805664062,0.10213136672973633,1,1,YOLO,1,32,0,21.464865025625926,0,[],0.10152721405029297,0.05048489570617676,0.05048561096191406,0.00043129920959472656,0.0007224082946777344
20250724_002805_628,44,1,1,-45.0,22.2270630744992,-80.93973541259766,-80.93973541259766,0.10107731819152832,0.1584165096282959,1,1,YOLO,1,32,0,22.2270630744992,0,[],0.10070514678955078,0.05047774314880371,0.05047750473022461,0.05676102638244629,0.00069427490234375
20250724_002805_889,44,1,1,-45.0,22.15707116558103,-80.93973541259766,-80.93973541259766,0.10261297225952148,0.10207533836364746,1,1,YOLO,1,32,0,22.15707116558103,0,[],0.10228323936462402,0.05048990249633789,0.05048537254333496,0.000392913818359375,0.0007009506225585938
20250724_002806_096,44,1,1,-45.0,21.886772199241875,-81.19298553466797,-81.19298553466797,0.10081219673156738,0.15834403038024902,1,1,YOLO,1,32,0,21.886772199241875,0,[],0.10048770904541016,0.05047726631164551,0.05045962333679199,0.05673575401306152,0.0006654262542724609
20250724_002806_357,45,1,1,-45.0,21.956677481977806,-81.2347412109375,-81.2347412109375,0.10070133209228516,0.10204339027404785,1,1,YOLO,1,32,0,21.956677481977806,0,[],0.10037016868591309,0.050501346588134766,0.05048632621765137,0.0003879070281982422,0.0006620883941650391
20250724_002806_561,45,1,1,-45.0,20.823882948397383,-82.39200630187989,-82.39200630187989,0.10243892669677734,0.15845465660095215,1,1,YOLO,1,32,0,20.823882948397383,0,[],0.10215234756469727,0.050481557846069336,0.050473690032958984,0.056764841079711914,0.0007283687591552734
20250724_002806_823,45,1,1,-45.0,20.917762579520343,-82.27488136291504,-82.27488136291504,0.10161256790161133,0.10284829139709473,1,1,YOLO,1,32,0,20.917762579520343,0,[],0.10126996040344238,0.05053138732910156,0.05126833915710449,0.00040411949157714844,0.0006389617919921875
20250724_002807_030,45,1,1,-45.0,20.901188784634286,-82.38027153015136,-82.38027153015136,0.10059905052185059,0.15833377838134766,1,1,YOLO,1,32,0,20.901188784634286,0,[],0.100250244140625,0.050467729568481445,0.05046367645263672,0.05672645568847656,0.0006699562072753906
20250724_002807_290,46,1,1,-45.0,20.97350267848512,-82.2620849609375,-82.2620849609375,0.09851980209350586,0.10203003883361816,1,1,YOLO,1,32,0,20.97350267848512,0,[],0.09821414947509766,0.050496816635131836,0.05042219161987305,0.0004138946533203125,0.0006921291351318359
20250724_002807_492,46,1,1,-45.0,19.090503857855538,-84.18936958312989,-84.18936958312989,0.10265064239501953,0.1583552360534668,1,1,YOLO,1,32,0,19.090503857855538,0,[],0.10237574577331543,0.05043196678161621,0.050436973571777344,0.05674004554748535,0.0007395744323730469
20250724_002807_755,46,1,1,-45.0,18.886069321803618,-84.37820205688476,-84.37820205688476,0.1008460521697998,0.10197234153747559,1,1,YOLO,1,32,0,18.886069321803618,0,[],0.10051774978637695,0.050481319427490234,0.05044293403625488,0.00040030479431152344,0.0006411075592041016
20250724_002807_959,46,1,1,-45.0,18.946587416704403,-84.25724029541016,-84.25724029541016,0.10325241088867188,0.15847563743591309,1,1,YOLO,1,32,0,18.946587416704403,0,[],0.10292887687683105,0.0504460334777832,0.05046534538269043,0.0567927360534668,0.0007646083831787109
20250724_002808_222,46,1,1,-45.0,18.988007879189013,-84.296919631958,-84.296919631958,0.10149598121643066,0.1020200252532959,1,1,YOLO,1,32,0,18.988007879189013,0,[],0.10114932060241699,0.05048966407775879,0.05047917366027832,0.0003921985626220703,0.0006537437438964844
20250724_002808_428,47,1,1,-45.0,17.880969951959145,-85.29008827209472,-85.29008827209472,0.10221052169799805,0.15834689140319824,1,1,YOLO,1,32,0,17.880969951959145,0,[],0.1018838882446289,0.0504913330078125,0.050447940826416016,0.0567479133605957,0.0006539821624755859
20250724_002808_690,47,1,1,-45.0,17.808294511460957,-85.19590759277344,-85.19590759277344,0.10463428497314453,0.10200691223144531,1,1,YOLO,1,32,0,17.808294511460957,0,[],0.1042778491973877,0.05045437812805176,0.050484418869018555,0.00040221214294433594,0.0006604194641113281
20250724_002808_898,47,1,1,-45.0,18.00821936488171,-85.17222595214844,-85.17222595214844,0.10269808769226074,0.15842247009277344,1,1,YOLO,1,32,0,18.00821936488171,0,[],0.10239124298095703,0.0504755973815918,0.050478219985961914,0.05675172805786133,0.0007100105285644531
20250724_002809_161,47,1,1,-45.0,17.891295220591658,-85.32170257568359,-85.32170257568359,0.10240864753723145,0.10218954086303711,1,1,YOLO,1,32,0,17.891295220591658,0,[],0.10208845138549805,0.05051302909851074,0.05049300193786621,0.0004169940948486328,0.0007569789886474609
20250724_002809_367,48,1,1,-45.0,16.61323825542027,-86.585453414917,-86.585453414917,0.10184693336486816,0.15857696533203125,1,1,YOLO,1,32,0,16.61323825542027,0,[],0.10153079032897949,0.05045962333679199,0.05043983459472656,0.05672335624694824,0.0009458065032958984
20250724_002809_629,48,1,1,-45.0,16.328189326502113,-86.73651504516602,-86.73651504516602,0.10077047348022461,0.10206198692321777,1,1,YOLO,1,32,0,16.328189326502113,0,[],0.10042428970336914,0.05049848556518555,0.05047798156738281,0.0004038810729980469,0.0006759166717529297
20250724_002809_833,48,1,1,-45.0,16.275182065533585,-86.98591918945313,-86.98591918945313,0.10034465789794922,0.15837502479553223,1,1,YOLO,1,32,0,16.275182065533585,0,[],0.1000063419342041,0.050473690032958984,0.050470829010009766,0.05674147605895996,0.0006821155548095703
20250724_002810_094,48,1,1,-45.0,16.133231002875874,-87.0042495727539,-87.0042495727539,0.10106348991394043,0.10201048851013184,1,1,YOLO,1,32,0,16.133231002875874,0,[],0.1007075309753418,0.05045628547668457,0.050476789474487305,0.00039577484130859375,0.0006763935089111328
20250724_002810_299,49,1,1,-45.0,15.492903525845833,-87.64592361450195,-87.64592361450195,0.10162472724914551,0.15841436386108398,1,1,YOLO,1,32,0,15.492903525845833,0,[],0.10129499435424805,0.05047440528869629,0.05045294761657715,0.05678844451904297,0.0006916522979736328
20250724_002810_560,49,1,1,-45.0,14.868612402405333,-88.31021614074707,-88.31021614074707,0.10337090492248535,0.1020050048828125,1,1,YOLO,1,32,0,14.868612402405333,0,[],0.10307979583740234,0.050472259521484375,0.05048346519470215,0.00040221214294433594,0.0006422996520996094
20250724_002810_767,49,1,1,-45.0,14.582530539773671,-88.62688446044922,-88.62688446044922,0.10202932357788086,0.15845465660095215,1,1,YOLO,1,32,0,14.582530539773671,0,[],0.10167765617370605,0.05047893524169922,0.050504207611083984,0.05680203437805176,0.0006628036499023438
20250724_002811_029,49,1,1,-45.0,14.531248844845138,-88.48088836669922,-88.48088836669922,0.10630393028259277,0.10206365585327148,1,1,YOLO,1,32,0,14.531248844845138,0,[],0.10598325729370117,0.05046439170837402,0.050478458404541016,0.0004336833953857422,0.0006823539733886719
20250724_002811_239,50,1,1,-45.0,15.319987046621705,-87.69356842041016,-87.69356842041016,0.10215520858764648,0.15841031074523926,1,1,YOLO,1,32,0,15.319987046621705,0,[],0.10183048248291016,0.05046367645263672,0.05046701431274414,0.056795358657836914,0.0006778240203857422
20250724_002811_502,50,1,1,-45.0,13.990544264191769,-88.9906234741211,-88.9906234741211,0.10068869590759277,0.10200214385986328,1,1,YOLO,1,32,0,13.990544264191769,0,[],0.10034894943237305,0.05045580863952637,0.0504908561706543,0.00039958953857421875,0.0006513595581054688
20250724_002811_706,50,1,1,-45.0,12.41500455343278,-90.70956459045411,-90.70956459045411,0.10106778144836426,0.26123666763305664,1,1,OffsetFailed,2,1,-45.0,12.372573512513057,0,[],0.10075497627258301,0.050447702407836914,0.050478219985961914,0.05669689178466797,0.0007090568542480469
20250724_002812_070,50,1,1,-45.0,12.930307981807516,-90.02426872253417,-90.02426872253417,0.1025700569152832,0.2610905170440674,1,1,OffsetFailed,2,1,-45.0,12.930510415763905,0,[],0.1022181510925293,0.05051827430725098,0.050444841384887695,0.056792259216308594,0.0006840229034423828
20250724_002812_435,51,1,1,-45.0,11.356719993277437,-91.92092895507812,-91.92092895507812,0.10117053985595703,0.2609367370605469,1,1,OffsetFailed,2,1,-45.0,10.882841419513568,0,[],0.10084724426269531,0.05046248435974121,0.05044150352478027,0.05678844451904297,0.0006992816925048828
20250724_002812_799,51,1,1,-45.0,11.375056220598069,-91.80602798461915,-91.80602798461915,0.10615253448486328,0.2609233856201172,1,1,OffsetFailed,2,1,-45.0,11.223221762199813,0,[],0.10584592819213867,0.05045151710510254,0.0504603385925293,0.056738853454589844,0.0007061958312988281
20250724_002813_167,51,NO_RADIO,1,-45.0,10.96586350064797,-91.99850769042969,-91.99850769042969,0.09993672370910645,0.15851044654846191,1,,CenterFallback,1,32,0,,,[],0.09959030151367188,0.050470590591430664,0.0504612922668457,0.0568232536315918,0.0007016658782958984
20250724_002813_427,52,1,1,-45.0,11.24990924027027,-92.77661895751953,-92.77661895751953,0.10211777687072754,0.26804471015930176,1,1,OffsetFailed,2,1,-45.0,10.280427836496372,0,[],0.10178256034851074,0.05047178268432617,0.05045366287231445,0.00040149688720703125,0.0007219314575195312
20250724_002813_799,52,NO_RADIO,1,-45.0,10.084125088853838,-92.85452270507812,-92.85452270507812,0.10176682472229004,0.10198378562927246,1,,CenterFallback,1,32,0,,,[],0.10138654708862305,0.050446510314941406,0.05046415328979492,0.00037407875061035156,0.0006635189056396484
20250724_002814_004,52,1,1,-45.0,9.982064381880804,-92.77661895751953,-92.77661895751953,0.10109090805053711,0.2609713077545166,1,1,OffsetFailed,2,1,-45.0,10.27950065753383,0,[],0.10072922706604004,0.0504763126373291,0.05044841766357422,0.05678701400756836,0.0006887912750244141
20250724_002814_368,53,NO_RADIO,1,-45.0,9.549484417292234,-93.28597869873047,-93.28597869873047,0.09643912315368652,0.1587533950805664,1,,CenterFallback,1,32,0,,,[],0.09607720375061035,0.05046796798706055,0.050488948822021484,0.05676102638244629,0.0009636878967285156
20250724_002814_625,53,NO_RADIO,1,-45.0,9.435002532919455,-93.28813934326172,-93.28813934326172,0.10204124450683594,0.10203385353088379,1,,CenterFallback,1,32,0,,,[],0.10168814659118652,0.05046844482421875,0.05044698715209961,0.00039124488830566406,0.0006923675537109375
20250724_002814_831,53,1,1,-45.0,9.745372501165505,-93.24492645263672,-93.24492645263672,0.10298490524291992,0.26102232933044434,1,1,OffsetFailed,2,1,-45.0,9.798978783350776,0,[],0.10262918472290039,0.05045723915100098,0.050467491149902344,0.05677032470703125,0.0006814002990722656
20250724_002815_197,54,1,1,-45.0,9.744356629900139,-92.85452270507812,-92.85452270507812,0.10165762901306152,0.26100730895996094,1,1,OffsetFailed,2,1,-45.0,9.981126848287914,0,[],0.10131287574768066,0.050453901290893555,0.05051612854003906,0.05675172805786133,0.0006892681121826172
20250724_002815_561,54,1,1,-45.0,9.5507719230134,-92.75736236572266,-92.75736236572266,0.10225081443786621,0.2612724304199219,1,1,OffsetFailed,2,2,-43.5,10.00916135904248,1,[],0.1019444465637207,0.050460100173950195,0.05045819282531738,0.05680060386657715,0.0007894039154052734
20250724_002815_926,54,NO_RADIO,1,-45.0,9.746142222089262,-93.180908203125,-93.180908203125,0.10066962242126465,0.1584174633026123,1,,CenterFallback,1,32,0,,,[],0.1003422737121582,0.05047130584716797,0.05044674873352051,0.05673027038574219,0.0007193088531494141
20250724_002816_187,55,1,1,-45.0,9.29220343455708,-92.31904602050781,-92.31904602050781,0.10176515579223633,0.2687520980834961,1,1,OffsetFailed,2,2,-43.5,10.583118523294118,1,[],0.10143256187438965,0.05046248435974121,0.050467491149902344,0.00040721893310546875,0.0006759166717529297
20250724_002816_559,55,1,1,-45.0,10.65133174426748,-92.00091552734375,-92.00091552734375,0.09829998016357422,0.26800990104675293,1,1,OffsetFailed,2,2,-43.5,10.717537538660793,1,[],0.0980074405670166,0.05050253868103027,0.050452232360839844,0.0003924369812011719,0.0006506443023681641
20250724_002816_927,55,NO_RADIO,1,-45.0,10.760447981244226,-91.68871841430663,-91.68871841430663,0.10089707374572754,0.10210156440734863,1,,CenterFallback,1,32,0,,,[],0.10054564476013184,0.05047488212585449,0.05048489570617676,0.00040721893310546875,0.0006983280181884766
20250724_002817_131,55,NO_RADIO,1,-45.0,9.320239680978972,-93.3537826538086,-93.3537826538086,0.10003113746643066,0.15841102600097656,1,,CenterFallback,1,32,0,,,[],0.09972310066223145,0.05043148994445801,0.050452232360839844,0.0567777156829834,0.0006947517395019531
20250724_002817_391,56,1,1,-45.0,9.293085169057974,-92.40239715576172,-92.40239715576172,0.1015622615814209,0.268338680267334,1,1,OffsetFailed,2,3,-42.1,10.292522852149972,2,[],0.10123300552368164,0.0504918098449707,0.05044364929199219,0.0003879070281982422,0.0006744861602783203
20250724_002817_763,56,1,1,-45.0,10.3785043160849,-96.25521850585938,-96.25521850585938,0.10293841361999512,0.26944637298583984,1,1,OffsetFailed,2,4,-40.6,6.738652475016579,3,[],0.10262107849121094,0.050452470779418945,0.05041170120239258,0.00039839744567871094,0.0006775856018066406
20250724_002818_137,57,1,1,-45.0,6.401167135728954,-93.180908203125,-93.180908203125,0.09688472747802734,0.2697148323059082,1,1,OffsetFailed,2,1,-45.0,9.55506227296479,0,[],0.09656953811645508,0.05042123794555664,0.05046725273132324,0.0004031658172607422,0.00067901611328125
20250724_002818_506,57,NO_RADIO,1,-45.0,9.555707324533557,-93.03507995605469,-93.03507995605469,0.09995341300964355,0.10202956199645996,1,,CenterFallback,1,32,0,,,[],0.09911608695983887,0.05042839050292969,0.05049896240234375,0.00040602684020996094,0.0006561279296875
20250724_002818_709,57,NO_RADIO,1,-45.0,9.414030531359288,-93.35050048828126,-93.35050048828126,0.10075688362121582,0.1584625244140625,1,,CenterFallback,1,32,0,,,[],0.10043454170227051,0.05049729347229004,0.05047488212585449,0.05677390098571777,0.0006642341613769531
20250724_002818_970,57,NO_RADIO,1,-45.0,9.668050201867118,-93.28813934326172,-93.28813934326172,0.10143661499023438,0.10199499130249023,1,,CenterFallback,1,32,0,,,[],0.10112380981445312,0.050454139709472656,0.05046987533569336,0.00038504600524902344,0.0006468296051025391
20250724_002819_175,57,NO_RADIO,1,-45.0,9.67538034988074,-93.24172554016114,-93.24172554016114,0.09996294975280762,0.1585235595703125,1,,CenterFallback,1,32,0,,,[],0.09963870048522949,0.050554752349853516,0.05045914649963379,0.056791067123413086,0.0006673336029052734
20250724_002819_435,58,NO_RADIO,1,-45.0,9.35251770704339,-93.62672424316406,-93.62672424316406,0.09895920753479004,0.10204100608825684,1,,CenterFallback,1,32,0,,,[],0.09864926338195801,0.050458431243896484,0.050470829010009766,0.0004000663757324219,0.0006737709045410156
20250724_002819_638,58,NO_RADIO,1,-45.0,9.451744941737644,-93.44174880981446,-93.44174880981446,0.1241765022277832,0.15848278999328613,1,,CenterFallback,1,32,0,,,[],0.1237800121307373,0.05045437812805176,0.05049920082092285,0.05675864219665527,0.0007090568542480469
20250724_002819_922,58,1,1,-45.0,9.44027619351617,-94.71480560302734,-94.71480560302734,0.10286664962768555,0.2681760787963867,1,1,OffsetFailed,2,8,-34.8,7.879259631307448,7,[],0.10249114036560059,0.050477027893066406,0.050469160079956055,0.00039649009704589844,0.0006837844848632812
20250724_002820_295,59,1,1,-45.0,7.7521408696488265,-96.43071746826172,-96.43071746826172,0.10203790664672852,0.2684171199798584,1,1,OffsetFailed,2,6,-37.7,6.283526713330815,5,[],0.10174989700317383,0.05044698715209961,0.05044889450073242,0.0003972053527832031,0.0006647109985351562
20250724_002820_667,59,1,1,-45.0,6.350459697933417,-92.9109115600586,-92.9109115600586,0.10254931449890137,0.26781773567199707,1,1,OffsetFailed,2,2,-43.5,9.990676445630243,1,[],0.10221028327941895,0.05048704147338867,0.05050230026245117,0.0004036426544189453,0.0006952285766601562
20250724_002821_039,59,NO_RADIO,1,-45.0,10.015839328215222,-92.77661895751953,-92.77661895751953,0.1007845401763916,0.10199832916259766,1,,CenterFallback,1,32,0,,,[],0.10046935081481934,0.05044913291931152,0.05043530464172363,0.00039768218994140625,0.0006716251373291016
20250724_002821_243,60,1,1,-45.0,9.444289102941454,-93.99395751953125,-93.99395751953125,0.10173773765563965,0.2612497806549072,1,1,OffsetFailed,2,16,-23.2,8.852194960896355,15,[],0.10139203071594238,0.05045366287231445,0.05069851875305176,0.05673694610595703,0.0007970333099365234
20250724_002821_608,60,1,1,-45.0,8.852397610679915,-93.79181671142578,-93.79181671142578,0.09879684448242188,0.2643303871154785,1,1,OffsetFailed,2,15,-24.7,9.048395472201562,14,[],0.09849953651428223,0.050438880920410156,0.050568342208862305,0.05678224563598633,0.0008308887481689453
20250724_002821_972,60,NO_RADIO,1,-45.0,8.85311408558698,-93.99395751953125,-93.99395751953125,0.09786319732666016,0.15844035148620605,1,,CenterFallback,1,32,0,,,[],0.09750986099243164,0.05045771598815918,0.05048418045043945,0.0567479133605957,0.0006990432739257812
20250724_002822_230,61,1,1,-45.0,8.682731505532644,-95.9241714477539,-95.9241714477539,0.10353922843933105,0.2693138122558594,1,1,OffsetFailed,2,14,-26.1,7.008043032753633,13,[],0.10319066047668457,0.050479888916015625,0.05044078826904297,0.00040149688720703125,0.000698089599609375
20250724_002822_605,61,1,1,-45.0,7.00952009843995,-95.15899658203125,-95.15899658203125,0.10258197784423828,0.2677268981933594,1,1,OffsetFailed,2,8,-34.8,7.628521739670845,7,[],0.10228395462036133,0.05049633979797363,0.05045652389526367,0.0004703998565673828,0.0007128715515136719
20250724_002822_977,61,1,1,-45.0,7.720514920274596,-96.43071746826172,-96.43071746826172,0.10050606727600098,0.2678065299987793,1,1,OffsetFailed,2,15,-24.7,6.350053697053298,14,[],0.10016894340515137,0.05044698715209961,0.05045175552368164,0.00039839744567871094,0.0006611347198486328
20250724_002823_347,62,1,1,-45.0,6.350733298052191,-96.43071746826172,-96.43071746826172,0.09942078590393066,0.26886749267578125,1,1,OffsetFailed,2,6,-37.7,6.352085596997156,5,[],0.09912300109863281,0.05049586296081543,0.050470829010009766,0.0004067420959472656,0.0007424354553222656
20250724_002823_717,62,1,1,-45.0,6.804523298486544,-96.38617706298828,-96.38617706298828,0.10132455825805664,0.2691690921783447,1,1,OffsetFailed,2,11,-30.5,6.353935484880765,10,[],0.10096359252929688,0.05051684379577637,0.050447940826416016,0.0004031658172607422,0.0006921291351318359
20250724_002824_089,62,1,1,-45.0,6.757847740930174,-95.9241714477539,-95.9241714477539,0.09701848030090332,0.26955318450927734,1,1,OffsetFailed,2,10,-31.9,7.015475001112321,9,[],0.09672355651855469,0.05040240287780762,0.05045747756958008,0.0004017353057861328,0.0006394386291503906
20250724_002824_457,63,NO_RADIO,1,-45.0,7.01626473466645,-95.9241714477539,-95.9241714477539,0.09721946716308594,0.10205316543579102,1,,CenterFallback,1,32,0,,,[],0.09687352180480957,0.05043387413024902,0.05048704147338867,0.0003993511199951172,0.0006935596466064453
20250724_002824_658,63,1,1,-45.0,7.975501434903265,-96.25521850585938,-96.25521850585938,0.1248006820678711,0.2608482837677002,1,1,OffsetFailed,2,27,-7.3,6.75442805953611,26,[],0.12449812889099121,0.050462961196899414,0.050472259521484375,0.05672121047973633,0.0007233619689941406
20250724_002825_045,63,1,1,-45.0,7.894794438695371,-95.32933807373047,-95.32933807373047,0.10062599182128906,0.2609739303588867,1,1,OffsetFailed,2,27,-7.3,7.267940261754717,26,[],0.10035252571105957,0.050453901290893555,0.05048561096191406,0.05676841735839844,0.0006642341613769531
20250724_002825_408,64,1,1,-45.0,7.594092658704369,-96.25521850585938,-96.25521850585938,0.09824275970458984,0.2608816623687744,1,1,OffsetFailed,2,29,-4.4,6.42038411209991,28,[],0.097900390625,0.050435543060302734,0.050447940826416016,0.05672097206115723,0.0007259845733642578
20250724_002825_769,64,NO_RADIO,1,-45.0,7.596373605434252,-95.32933807373047,-95.32933807373047,0.09833979606628418,0.15843987464904785,1,,CenterFallback,1,32,0,,,[],0.09797453880310059,0.05047464370727539,0.05045008659362793,0.05677151679992676,0.0006859302520751953
20250724_002826_027,64,NO_RADIO,1,-45.0,7.271509890688193,-95.4705810546875,-95.4705810546875,0.10021328926086426,0.10204482078552246,1,,CenterFallback,1,32,0,,,[],0.09988546371459961,0.05046582221984863,0.0504908561706543,0.000396728515625,0.0006582736968994141
20250724_002826_231,65,NO_RADIO,1,-45.0,7.271771952032623,-95.4295696258545,-95.4295696258545,0.1005086898803711,0.1587824821472168,1,,CenterFallback,1,32,0,,,[],0.10015630722045898,0.05045890808105469,0.05049490928649902,0.056754350662231445,0.0010018348693847656
20250724_002826_493,65,NO_RADIO,1,-45.0,7.72970394141916,-95.15899658203125,-95.15899658203125,0.1012418270111084,0.10211348533630371,1,,CenterFallback,1,32,0,,,[],0.10083961486816406,0.05043959617614746,0.05047917366027832,0.00040435791015625,0.0007474422454833984
20250724_002826_698,65,NO_RADIO,1,-45.0,7.024250369421651,-95.76765441894531,-95.76765441894531,0.09616279602050781,0.15839052200317383,1,,CenterFallback,1,32,0,,,[],0.09584760665893555,0.0504460334777832,0.05046200752258301,0.056748390197753906,0.0006809234619140625
20250724_002826_954,65,NO_RADIO,1,-45.0,7.0447112699314545,-95.76765441894531,-95.76765441894531,0.09633445739746094,0.10213589668273926,1,,CenterFallback,1,32,0,,,[],0.09601807594299316,0.05044102668762207,0.05046272277832031,0.0003993511199951172,0.0007879734039306641
20250724_002827_154,65,NO_RADIO,1,-45.0,7.598640513427185,-95.46879425048829,-95.46879425048829,0.10035967826843262,0.15853524208068848,1,,CenterFallback,1,32,0,,,[],0.10000252723693848,0.05045628547668457,0.05047178268432617,0.056720733642578125,0.0008358955383300781
20250724_002827_415,66,NO_RADIO,1,-45.0,7.025949175408044,-95.6165771484375,-95.6165771484375,0.1030726432800293,0.10202765464782715,1,,CenterFallback,1,32,0,,,[],0.1027536392211914,0.05046343803405762,0.05046415328979492,0.00040149688720703125,0.00066375732421875
20250724_002827_621,66,NO_RADIO,1,-45.0,6.870272866227737,-96.25521850585938,-96.25521850585938,0.10080718994140625,0.15843749046325684,1,,CenterFallback,1,32,0,,,[],0.10046052932739258,0.05044746398925781,0.05047130584716797,0.05673527717590332,0.0007314682006835938
20250724_002827_882,66,NO_RADIO,1,-45.0,6.823255431756991,-95.9241714477539,-95.9241714477539,0.10271477699279785,0.10198473930358887,1,,CenterFallback,1,32,0,,,[],0.1023716926574707,0.05043148994445801,0.05043649673461914,0.00039887428283691406,0.0006799697875976562
20250724_002828_089,66,NO_RADIO,1,-45.0,7.228050513574161,-95.65385437011719,-95.65385437011719,0.09957051277160645,0.1583404541015625,1,,CenterFallback,1,32,0,,,[],0.09927225112915039,0.050469160079956055,0.05043959617614746,0.05670022964477539,0.0006792545318603516
20250724_002828_348,67,NO_RADIO,1,-45.0,6.765878423423715,-96.25521850585938,-96.25521850585938,0.0996251106262207,0.10204410552978516,1,,CenterFallback,1,32,0,,,[],0.09931707382202148,0.05047106742858887,0.050458669662475586,0.00039887428283691406,0.0006771087646484375
20250724_002828_551,67,NO_RADIO,1,-45.0,6.765767036439485,-96.12810516357422,-96.12810516357422,0.10061526298522949,0.15840363502502441,1,,CenterFallback,1,32,0,,,[],0.10027265548706055,0.05046439170837402,0.050451040267944336,0.05676984786987305,0.0006663799285888672
20250724_002828_812,67,NO_RADIO,1,-45.0,7.030178268499512,-95.76196441650391,-95.76196441650391,0.1030724048614502,0.1020975112915039,1,,CenterFallback,1,32,0,,,[],0.10274505615234375,0.05046796798706055,0.05048060417175293,0.0004277229309082031,0.0006773471832275391
20250724_002829_019,67,NO_RADIO,1,-45.0,6.429052893096198,-96.29843139648438,-96.29843139648438,0.10104084014892578,0.15842342376708984,1,,CenterFallback,1,32,0,,,[],0.10075521469116211,0.0504300594329834,0.05044436454772949,0.05675029754638672,0.0007421970367431641
20250724_002829_280,68,NO_RADIO,1,-45.0,6.76763434208128,-96.24886283874513,-96.24886283874513,0.1016232967376709,0.10195064544677734,1,,CenterFallback,1,32,0,,,[],0.10131287574768066,0.05047297477722168,0.050431251525878906,0.0003845691680908203,0.0006327629089355469
20250724_002829_485,68,NO_RADIO,1,-45.0,6.088404064585717,-96.43071746826172,-96.43071746826172,0.09949159622192383,0.15846729278564453,1,,CenterFallback,1,32,0,,,[],0.09916043281555176,0.050473928451538086,0.05045795440673828,0.05676603317260742,0.0007176399230957031
20250724_002829_745,68,NO_RADIO,1,-45.0,6.769867140443907,-95.9241714477539,-95.9241714477539,0.1017756462097168,0.10204863548278809,1,,CenterFallback,1,32,0,,,[],0.10143709182739258,0.05047011375427246,0.050443410873413086,0.0003979206085205078,0.0006930828094482422
20250724_002829_950,68,NO_RADIO,1,-45.0,6.770960465404983,-96.25521850585938,-96.25521850585938,0.10016942024230957,0.15846037864685059,1,,CenterFallback,1,32,0,,,[],0.0998542308807373,0.0504612922668457,0.05048108100891113,0.05677008628845215,0.0006949901580810547
20250724_002830_210,68,NO_RADIO,1,-45.0,6.771994420520841,-96.29843139648438,-96.29843139648438,0.1026756763458252,0.10203361511230469,1,,CenterFallback,1,32,0,,,[],0.10235214233398438,0.050478458404541016,0.0504605770111084,0.0004019737243652344,0.0006532669067382812
20250724_002830_417,69,NO_RADIO,1,-45.0,6.772897638108304,-96.25521850585938,-96.25521850585938,0.10114145278930664,0.15839290618896484,1,,CenterFallback,1,32,0,,,[],0.10080838203430176,0.05046367645263672,0.050458431243896484,0.05674433708190918,0.0006716251373291016
20250724_002830_678,69,NO_RADIO,1,-45.0,6.880872121343586,-96.04537200927734,-96.04537200927734,0.10197830200195312,0.1021127700805664,1,,CenterFallback,1,32,0,,,[],0.10158228874206543,0.05050039291381836,0.05050301551818848,0.0003991127014160156,0.0006697177886962891
20250724_002830_883,69,NO_RADIO,1,-45.0,6.774732221748337,-96.43071746826172,-96.43071746826172,0.10035490989685059,0.15843725204467773,1,,CenterFallback,1,32,0,,,[],0.1000516414642334,0.05044889450073242,0.05047154426574707,0.05677962303161621,0.0006847381591796875
20250724_002831_144,69,NO_RADIO,1,-45.0,6.379378620489902,-96.29843139648438,-96.29843139648438,0.10171771049499512,0.10198855400085449,1,,CenterFallback,1,32,0,,,[],0.1013953685760498,0.05045819282531738,0.050469398498535156,0.00037860870361328125,0.0006501674652099609
20250724_002831_349,70,NO_RADIO,1,-45.0,6.439171921264347,-96.29843139648438,-96.29843139648438,0.10028958320617676,0.15849685668945312,1,,CenterFallback,1,32,0,,,[],0.09992289543151855,0.05047941207885742,0.05052065849304199,0.05677366256713867,0.0006721019744873047
20250724_002831_609,70,NO_RADIO,1,-45.0,6.440073260832847,-96.29843139648438,-96.29843139648438,0.10234403610229492,0.10210633277893066,1,,CenterFallback,1,32,0,,,[],0.10206818580627441,0.05048012733459473,0.05047345161437988,0.0004050731658935547,0.0007076263427734375
20250724_002831_815,70,NO_RADIO,1,-45.0,6.381873541205195,-96.43071746826172,-96.43071746826172,0.1012732982635498,0.15842008590698242,1,,CenterFallback,1,32,0,,,[],0.10099935531616211,0.05047893524169922,0.050470829010009766,0.05675864219665527,0.0006601810455322266
20250724_002832_077,70,NO_RADIO,1,-45.0,6.834031584948491,-96.29843139648438,-96.29843139648438,0.10124325752258301,0.10209226608276367,1,,CenterFallback,1,32,0,,,[],0.10089325904846191,0.05048966407775879,0.05048632621765137,0.0004055500030517578,0.0006718635559082031
20250724_002832_282,71,NO_RADIO,1,-45.0,6.441874539410051,-96.29843139648438,-96.29843139648438,0.10055279731750488,0.1585981845855713,1,,CenterFallback,1,32,0,,,[],0.10022616386413574,0.05048942565917969,0.05050349235534668,0.05678129196166992,0.0007672309875488281
20250724_002832_542,71,NO_RADIO,1,-45.0,6.4430337858339755,-96.29843139648438,-96.29843139648438,0.10497879981994629,0.1020050048828125,1,,CenterFallback,1,32,0,,,[],0.10467219352722168,0.05041980743408203,0.050432682037353516,0.0004181861877441406,0.0006768703460693359
20250724_002832_751,71,NO_RADIO,1,-45.0,6.782020314226571,-96.12810516357422,-96.12810516357422,0.10037612915039062,0.1584024429321289,1,,CenterFallback,1,32,0,,,[],0.10008525848388672,0.050457000732421875,0.05046701431274414,0.056726932525634766,0.0007009506225585938
20250724_002833_011,71,NO_RADIO,1,-45.0,6.782194231265436,-96.12810516357422,-96.12810516357422,0.1017310619354248,0.10205841064453125,1,,CenterFallback,1,32,0,,,[],0.10140204429626465,0.05048871040344238,0.05047154426574707,0.0004029273986816406,0.0006601810455322266
20250724_002833_217,71,NO_RADIO,1,-45.0,6.38615292882227,-96.7397472381592,-96.7397472381592,0.1007382869720459,0.1586153507232666,1,,CenterFallback,1,32,0,,,[],0.10040760040283203,0.050513267517089844,0.05053448677062988,0.0567781925201416,0.0007312297821044922
20250724_002833_478,72,NO_RADIO,1,-45.0,6.445837095360844,-96.29843139648438,-96.29843139648438,0.10142827033996582,0.10219311714172363,1,,CenterFallback,1,32,0,,,[],0.1011042594909668,0.050492048263549805,0.050539255142211914,0.0004203319549560547,0.0007026195526123047
20250724_002833_683,72,NO_RADIO,1,-45.0,6.446708491653553,-96.29843139648438,-96.29843139648438,0.0999763011932373,0.15894651412963867,1,,CenterFallback,1,32,0,,,[],0.09962105751037598,0.05054664611816406,0.05054640769958496,0.05679607391357422,0.0009846687316894531
20250724_002833_945,72,NO_RADIO,1,-45.0,6.447689491044258,-96.29843139648438,-96.29843139648438,0.1020803451538086,0.10241460800170898,1,,CenterFallback,1,32,0,,,[],0.10155510902404785,0.050538063049316406,0.05045604705810547,0.00040793418884277344,0.0009713172912597656
20250724_002834_151,72,NO_RADIO,1,-45.0,6.786959840492997,-96.12810516357422,-96.12810516357422,0.10125970840454102,0.15861177444458008,1,,CenterFallback,1,32,0,,,[],0.10091638565063477,0.05053520202636719,0.05053114891052246,0.05675697326660156,0.0007255077362060547
20250724_002834_413,73,NO_RADIO,1,-45.0,6.330916637633052,-96.75601196289062,-96.75601196289062,0.09982132911682129,0.10232901573181152,1,,CenterFallback,1,32,0,,,[],0.09947943687438965,0.05050230026245117,0.05052351951599121,0.0004475116729736328,0.0008122920989990234
20250724_002834_617,73,NO_RADIO,1,-45.0,6.450620159159698,-96.38617706298828,-96.38617706298828,0.1006917953491211,0.15891027450561523,1,,CenterFallback,1,32,0,,,[],0.10022759437561035,0.05055069923400879,0.05050992965698242,0.0567934513092041,0.000985860824584961
20250724_002834_879,73,NO_RADIO,1,-45.0,7.0532117307589886,-95.9241714477539,-95.9241714477539,0.10100364685058594,0.10203790664672852,1,,CenterFallback,1,32,0,,,[],0.10063052177429199,0.05048370361328125,0.050441741943359375,0.00039649009704589844,0.0006797313690185547
20250724_002835_083,73,NO_RADIO,1,-45.0,6.452174733355122,-96.42849044799804,-96.42849044799804,0.10074043273925781,0.15842103958129883,1,,CenterFallback,1,32,0,,,[],0.10044741630554199,0.05051708221435547,0.050453901290893555,0.05672955513000488,0.0006687641143798828
20250724_002835_344,74,NO_RADIO,1,-45.0,6.085829782173263,-96.7397472381592,-96.7397472381592,0.10156106948852539,0.10204672813415527,1,,CenterFallback,1,32,0,,,[],0.1012568473815918,0.05048727989196777,0.050458669662475586,0.000392913818359375,0.0006670951843261719
20250724_002835_549,74,NO_RADIO,1,-45.0,6.454243763106334,-96.38617706298828,-96.38617706298828,0.10007548332214355,0.1584763526916504,1,,CenterFallback,1,32,0,,,[],0.09977412223815918,0.050435543060302734,0.05050468444824219,0.05677485466003418,0.0007035732269287109
20250724_002835_810,74,NO_RADIO,1,-45.0,6.336524587833281,-96.38617706298828,-96.38617706298828,0.08854818344116211,0.10226082801818848,1,,CenterFallback,1,32,0,,,[],0.08820700645446777,0.05049848556518555,0.05054450035095215,0.0004239082336425781,0.0007410049438476562
20250724_002836_002,74,NO_RADIO,1,-45.0,6.337645639936312,-96.80453491210938,-96.80453491210938,0.1024165153503418,0.15909147262573242,1,,CenterFallback,1,32,0,,,[],0.10204291343688965,0.050536155700683594,0.05052018165588379,0.056818485260009766,0.0011217594146728516
20250724_002836_266,74,NO_RADIO,1,-45.0,6.457483107445938,-96.29843139648438,-96.29843139648438,0.10350465774536133,0.10210585594177246,1,,CenterFallback,1,32,0,,,[],0.10312056541442871,0.05050039291381836,0.05046963691711426,0.00040721893310546875,0.0006887912750244141
20250724_002836_473,75,NO_RADIO,1,-45.0,6.39946504441653,-96.75601196289062,-96.75601196289062,0.10416603088378906,0.1584463119506836,1,,CenterFallback,1,32,0,,,[],0.10382413864135742,0.0504608154296875,0.05047965049743652,0.056734323501586914,0.0007102489471435547
20250724_002836_737,75,NO_RADIO,1,-45.0,6.798040386002867,-96.29627075195313,-96.29627075195313,0.10460162162780762,0.10210061073303223,1,,CenterFallback,1,32,0,,,[],0.10426568984985352,0.050501108169555664,0.05041933059692383,0.0004105567932128906,0.0007319450378417969
20250724_002836_945,75,NO_RADIO,1,-45.0,6.460351206894643,-96.25521850585938,-96.25521850585938,0.10412073135375977,0.1584019660949707,1,,CenterFallback,1,32,0,,,[],0.10381555557250977,0.05044841766357422,0.05045890808105469,0.05674862861633301,0.0006926059722900391
20250724_002837_209,75,NO_RADIO,1,-45.0,6.460997216634439,-96.42849044799804,-96.42849044799804,0.1031653881072998,0.10216808319091797,1,,CenterFallback,1,32,0,,,[],0.10283899307250977,0.05053281784057617,0.05049562454223633,0.00040268898010253906,0.0007026195526123047
20250724_002837_416,76,NO_RADIO,1,-45.0,6.403164562930229,-96.43071746826172,-96.43071746826172,0.10602545738220215,0.1585371494293213,1,,CenterFallback,1,32,0,,,[],0.10571169853210449,0.05048513412475586,0.05044221878051758,0.05673527717590332,0.0008213520050048828
