Timestamp,Boresight,Jetson Detection,Rx Beam Index,Rx Beam Angle,Initial SNR (dB),Initial Max Power (dBm),Max Power (dBm),YOLO Time (s),Beam Sweep Time (s),Rx Beam Index (YOLO Predicted),Rx Beam Index (Selected),Adjustment Method,Beams Checked in Search,Adjusted Beam Index,Adjusted Beam Angle,SNR (dB),Offset Error,Beam Offset History
20250721_013800_432,-32,NO_RADIO,51,27.6,20.2947617201108,-82.60331344604492,-82.60331344604492,0.0920705795288086,0.1581454277038574,51,,CenterFallback,1,32,0.0,,,[0]
20250721_013800_683,-32,NO_RADIO,51,27.6,20.47367488414747,-82.41032409667969,-82.41032409667969,0.08931565284729,0.1017014980316162,51,,CenterFallback,1,32,0.0,,,[0]
20250721_013800_876,-32,NO_RADIO,51,27.6,20.656934110000563,-82.18055725097656,-82.18055725097656,0.0974066257476806,0.1582202911376953,51,,CenterFallback,1,32,0.0,,,[0]
20250721_013801_133,-32,NO_RADIO,51,27.6,20.63079487256169,-82.14002494812011,-82.14002494812011,0.090301513671875,0.1017932891845703,51,,CenterFallback,1,32,0.0,,,[0]
20250721_013801_327,-32,NO_RADIO,51,27.6,20.715326097997405,-82.06597900390625,-82.06597900390625,0.0964448451995849,0.1581611633300781,51,,CenterFallback,1,32,0.0,,,[0]
20250721_013801_583,-32,NO_RADIO,51,27.6,20.811854168429637,-82.04146575927734,-82.04146575927734,0.0909075736999511,0.1016643047332763,51,,CenterFallback,1,32,0.0,,,[0]
20250721_013801_777,-32,NO_RADIO,51,27.6,20.751013634275598,-82.2347412109375,-82.2347412109375,0.0902397632598877,0.1580677032470703,51,,CenterFallback,1,32,0.0,,,[0]
20250721_013802_026,-32,NO_RADIO,51,27.6,20.506898485142287,-82.28262138366699,-82.28262138366699,0.0890586376190185,0.1017234325408935,51,,CenterFallback,1,32,0.0,,,[0]
20250721_013802_219,-32,NO_RADIO,51,27.6,20.66626207816944,-82.21594924926758,-82.21594924926758,0.0885760784149169,0.1581447124481201,51,,CenterFallback,1,32,0.0,,,[0]
20250721_013802_467,-32,NO_RADIO,51,27.6,20.753401681796603,-82.10548400878906,-82.10548400878906,0.0893504619598388,0.1017136573791503,51,,CenterFallback,1,32,0.0,,,[0]
20250721_013802_659,-32,NO_RADIO,51,27.6,20.620942963929963,-82.23542213439941,-82.23542213439941,0.0989167690277099,0.1580927371978759,51,,CenterFallback,1,32,0.0,,,[0]
20250721_013802_918,-32,NO_RADIO,51,27.6,20.67471545419052,-82.21408615112304,-82.21408615112304,0.0923583507537841,0.1017470359802246,51,,CenterFallback,1,32,0.0,,,[0]
20250721_013803_113,-32,NO_RADIO,51,27.6,20.784366183197264,-82.1403579711914,-82.1403579711914,0.0952930450439453,0.1580667495727539,51,,CenterFallback,1,32,0.0,,,[0]
20250721_013803_368,-32,NO_RADIO,51,27.6,20.71049306119308,-82.14787101745605,-82.14787101745605,0.089935302734375,0.1017758846282959,51,,CenterFallback,1,32,0.0,,,[0]
20250721_013803_561,-32,NO_RADIO,51,27.6,20.70351342588404,-82.21408615112304,-82.21408615112304,0.0954158306121826,0.1581077575683593,51,,CenterFallback,1,32,0.0,,,[0]
20250721_013803_816,-32,NO_RADIO,51,27.6,20.626294028935376,-82.25694274902344,-82.25694274902344,0.0896565914154052,0.1016550064086914,51,,CenterFallback,1,32,0.0,,,[0]
20250721_013804_009,-32,NO_RADIO,51,27.6,20.43411511155462,-82.38027153015136,-82.38027153015136,0.085533857345581,0.1581015586853027,51,,CenterFallback,1,32,0.0,,,[0]
20250721_013804_254,-32,NO_RADIO,51,27.6,20.389177989817867,-82.41014671325684,-82.41014671325684,0.0914676189422607,0.1018409729003906,51,,CenterFallback,1,32,0.0,,,[0]
20250721_013804_449,-31,NO_RADIO,51,27.6,20.430474061339453,-82.46019172668457,-82.46019172668457,0.0950021743774414,0.158233642578125,51,,CenterFallback,1,32,0.0,,,[0]
20250721_013804_704,-31,NO_RADIO,51,27.6,20.318286286513512,-82.47826385498047,-82.47826385498047,0.0869197845458984,0.1017088890075683,51,,CenterFallback,1,32,0.0,,,[0]
20250721_013804_894,-31,51,51,27.6,20.2392588667408,-82.61324424743653,-82.61324424743653,0.093203067779541,0.1581685543060302,51,51.0,YOLO,1,32,0.0,20.2392588667408,0.0,"[0, 0]"
20250721_013805_147,-31,NO_RADIO,51,27.6,20.324274069465048,-82.42364959716797,-82.42364959716797,0.0960364341735839,0.1017282009124755,51,,CenterFallback,1,32,0.0,,,"[0, 0]"
20250721_013805_346,-31,51,51,27.6,20.480148632868435,-82.4065990447998,-82.4065990447998,0.0966041088104248,0.1582396030426025,51,51.0,YOLO,1,32,0.0,20.480148632868435,0.0,"[0, 0, 0]"
20250721_013805_602,-31,NO_RADIO,51,27.6,20.57335125039232,-82.32233581542968,-82.32233581542968,0.0892951488494873,0.1017210483551025,51,,CenterFallback,1,32,0.0,,,"[0, 0, 0]"
20250721_013805_795,-31,NO_RADIO,51,27.6,20.39962841967896,-82.3116554260254,-82.3116554260254,0.0902018547058105,0.158128023147583,51,,CenterFallback,1,32,0.0,,,"[0, 0, 0]"
20250721_013806_044,-31,NO_RADIO,51,27.6,20.4083659056556,-82.37454528808594,-82.37454528808594,0.0887403488159179,0.1016852855682373,51,,CenterFallback,1,32,0.0,,,"[0, 0, 0]"
20250721_013806_236,-31,NO_RADIO,51,27.6,20.590247234890725,-82.28099060058594,-82.28099060058594,0.091588020324707,0.1581552028656005,51,,CenterFallback,1,32,0.0,,,"[0, 0, 0]"
20250721_013806_487,-31,NO_RADIO,51,27.6,20.55483365030595,-82.28073234558106,-82.28073234558106,0.0931932926177978,0.1017727851867675,51,,CenterFallback,1,32,0.0,,,"[0, 0, 0]"
20250721_013806_684,-31,NO_RADIO,51,27.6,20.39107610644781,-82.45051231384278,-82.45051231384278,0.0934424400329589,0.1580817699432373,51,,CenterFallback,1,32,0.0,,,"[0, 0, 0]"
20250721_013806_937,-31,NO_RADIO,51,27.6,20.20399081869759,-82.52355194091797,-82.52355194091797,0.090123176574707,0.1017267704010009,51,,CenterFallback,1,32,0.0,,,"[0, 0, 0]"
20250721_013807_130,-31,NO_RADIO,51,27.6,20.436577966178632,-82.40882148742676,-82.40882148742676,0.0976314544677734,0.158182144165039,51,,CenterFallback,1,32,0.0,,,"[0, 0, 0]"
20250721_013807_387,-31,51,51,27.6,20.36835685580421,-82.51628112792969,-82.51628112792969,0.09983491897583,0.1017704010009765,51,51.0,YOLO,1,32,0.0,20.36835685580421,0.0,"[0, 0, 0, 0]"
20250721_013807_590,-31,NO_RADIO,51,27.6,20.48278525534008,-82.29089736938477,-82.29089736938477,0.1002631187438964,0.1581737995147705,51,,CenterFallback,1,32,0.0,,,"[0, 0, 0, 0]"
20250721_013807_850,-31,NO_RADIO,51,27.6,20.482728040376344,-82.3778060913086,-82.3778060913086,0.0916039943695068,0.1016674041748046,51,,CenterFallback,1,32,0.0,,,"[0, 0, 0, 0]"
20250721_013808_045,-31,NO_RADIO,51,27.6,20.582326572980307,-82.10457649230958,-82.10457649230958,0.0889430046081543,0.1581072807312011,51,,CenterFallback,1,32,0.0,,,"[0, 0, 0, 0]"
20250721_013808_293,-31,NO_RADIO,51,27.6,20.57236059465771,-82.23431549072265,-82.23431549072265,0.0936272144317627,0.1017708778381347,51,,CenterFallback,1,32,0.0,,,"[0, 0, 0, 0]"
20250721_013808_490,-30,NO_RADIO,51,27.6,19.72084606506357,-83.12972106933594,-83.12972106933594,0.1184394359588623,0.1582663059234619,51,,CenterFallback,1,32,0.0,,,"[0, 0, 0, 0]"
20250721_013808_768,-30,51,51,27.6,19.783149138954983,-83.08234748840331,-83.08234748840331,0.0900671482086181,0.1017382144927978,51,51.0,YOLO,1,32,0.0,19.783149138954983,0.0,"[0, 0, 0, 0, 0]"
20250721_013808_962,-30,51,51,27.6,19.589636719246315,-83.17973823547364,-83.17973823547364,0.232135534286499,0.1582067012786865,51,51.0,YOLO,1,32,0.0,19.589636719246315,0.0,"[0, 0, 0, 0, 0, 0]"
20250721_013809_353,-30,51,51,27.6,19.616438011984343,-83.2330150604248,-83.2330150604248,0.0913774967193603,0.1018352508544921,51,51.0,YOLO,1,32,0.0,19.616438011984343,0.0,"[0, 0, 0, 0, 0, 0, 0]"
20250721_013809_548,-30,51,51,27.6,19.575541052998236,-83.21012306213379,-83.21012306213379,0.0989537239074707,0.1581823825836181,51,51.0,YOLO,1,32,0.0,19.575541052998236,0.0,"[0, 0, 0, 0, 0, 0, 0, 0]"
20250721_013809_807,-30,51,51,27.6,19.5733411429712,-83.29432907104493,-83.29432907104493,0.092111587524414,0.1017518043518066,51,51.0,YOLO,1,32,0.0,19.5733411429712,0.0,"[0, 0, 0, 0, 0, 0, 0, 0, 0]"
20250721_013810_002,-30,51,51,27.6,19.913589112335785,-82.82514190673828,-82.82514190673828,0.0940847396850586,0.1582541465759277,51,51.0,YOLO,1,32,0.0,19.913589112335785,0.0,"[0, 0, 0, 0, 0, 0, 0, 0, 0, 0]"
20250721_013810_256,-30,50,50,26.1,19.71715170206238,-83.10800514221191,-83.10800514221191,0.0946722030639648,0.1017639636993408,50,50.0,YOLO,1,32,0.0,19.71715170206238,0.0,"[0, 0, 0, 0, 0, 0, 0, 0, 0, 0]"
20250721_013810_454,-30,51,51,27.6,19.69128466761853,-83.19097518920898,-83.19097518920898,0.0927135944366455,0.1581087112426757,51,51.0,YOLO,1,32,0.0,19.69128466761853,0.0,"[0, 0, 0, 0, 0, 0, 0, 0, 0, 0]"
20250721_013810_706,-30,50,50,26.1,19.75451005269072,-83.12930374145508,-83.12930374145508,0.092961311340332,0.1017453670501709,50,50.0,YOLO,1,32,0.0,19.75451005269072,0.0,"[0, 0, 0, 0, 0, 0, 0, 0, 0, 0]"
20250721_013810_902,-30,50,50,26.1,20.768206330563487,-82.06597900390625,-82.06597900390625,0.0991039276123046,0.1581475734710693,50,50.0,YOLO,1,32,0.0,20.768206330563487,0.0,"[0, 0, 0, 0, 0, 0, 0, 0, 0, 0]"
20250721_013811_161,-30,50,50,26.1,20.639401209050504,-82.08692245483398,-82.08692245483398,0.0951404571533203,0.101663589477539,50,50.0,YOLO,1,32,0.0,20.639401209050504,0.0,"[0, 0, 0, 0, 0, 0, 0, 0, 0, 0]"
20250721_013811_359,-30,50,50,26.1,20.329751280970186,-82.4020809173584,-82.4020809173584,0.1029701232910156,0.1582205295562744,50,50.0,YOLO,1,32,0.0,20.329751280970186,0.0,"[0, 0, 0, 0, 0, 0, 0, 0, 0, 0]"
20250721_013811_622,-30,50,50,26.1,20.3953128532788,-82.38027153015136,-82.38027153015136,0.0963144302368164,0.1017475128173828,50,50.0,YOLO,1,32,0.0,20.3953128532788,0.0,"[0, 0, 0, 0, 0, 0, 0, 0, 0, 0]"
20250721_013811_821,-30,50,50,26.1,20.32157632544626,-82.52519340515137,-82.52519340515137,0.0912501811981201,0.1581244468688964,50,50.0,YOLO,1,32,0.0,20.32157632544626,0.0,"[0, 0, 0, 0, 0, 0, 0, 0, 0, 0]"
20250721_013812_072,-30,51,51,27.6,20.24742814993634,-82.42364959716797,-82.42364959716797,0.0904803276062011,0.1017899513244628,51,51.0,YOLO,1,32,0.0,20.24742814993634,0.0,"[0, 0, 0, 0, 0, 0, 0, 0, 0, 0]"
20250721_013812_266,-30,51,51,27.6,19.555577265920903,-83.18090057373047,-83.18090057373047,0.0997002124786377,0.1581363677978515,51,51.0,YOLO,1,32,0.0,19.555577265920903,0.0,"[0, 0, 0, 0, 0, 0, 0, 0, 0, 0]"
20250721_013812_525,-29,50,50,26.1,19.75569184724172,-83.19065742492675,-83.19065742492675,0.0952880382537841,0.1018078327178955,50,50.0,YOLO,1,32,0.0,19.75569184724172,0.0,"[0, 0, 0, 0, 0, 0, 0, 0, 0, 0]"
20250721_013812_724,-29,50,50,26.1,19.770752022535973,-83.02484893798828,-83.02484893798828,0.0951848030090332,0.1581268310546875,50,50.0,YOLO,1,32,0.0,19.770752022535973,0.0,"[0, 0, 0, 0, 0, 0, 0, 0, 0, 0]"
20250721_013812_978,-29,50,50,26.1,20.18971428357422,-82.48899993896484,-82.48899993896484,0.1023097038269043,0.1017239093780517,50,50.0,YOLO,1,32,0.0,20.18971428357422,0.0,"[0, 0, 0, 0, 0, 0, 0, 0, 0, 0]"
20250721_013813_184,-29,50,50,26.1,19.763045402053805,-82.90133666992188,-82.90133666992188,0.1009540557861328,0.1581020355224609,50,50.0,YOLO,1,32,0.0,19.763045402053805,0.0,"[0, 0, 0, 0, 0, 0, 0, 0, 0, 0]"
20250721_013813_444,-29,50,50,26.1,19.91787693835681,-82.78598022460938,-82.78598022460938,0.0891177654266357,0.1017029285430908,50,50.0,YOLO,1,32,0.0,19.91787693835681,0.0,"[0, 0, 0, 0, 0, 0, 0, 0, 0, 0]"
20250721_013813_637,-29,50,50,26.1,20.33990418186056,-82.46539840698242,-82.46539840698242,0.0960080623626709,0.1581032276153564,50,50.0,YOLO,1,32,0.0,20.33990418186056,0.0,"[0, 0, 0, 0, 0, 0, 0, 0, 0, 0]"
20250721_013813_892,-29,50,50,26.1,20.179048977787303,-82.45122756958008,-82.45122756958008,0.0910837650299072,0.1017379760742187,50,50.0,YOLO,1,32,0.0,20.179048977787303,0.0,"[0, 0, 0, 0, 0, 0, 0, 0, 0, 0]"
20250721_013814_087,-29,50,50,26.1,20.16508829930642,-82.58923797607422,-82.58923797607422,0.0953004360198974,0.1584541797637939,50,50.0,YOLO,1,32,0.0,20.16508829930642,0.0,"[0, 0, 0, 0, 0, 0, 0, 0, 0, 0]"
20250721_013814_343,-29,50,50,26.1,19.980007379829004,-82.88201942443848,-82.88201942443848,0.0872304439544677,0.1017975807189941,50,50.0,YOLO,1,32,0.0,19.980007379829004,0.0,"[0, 0, 0, 0, 0, 0, 0, 0, 0, 0]"
20250721_013814_533,-29,50,50,26.1,20.194969756722145,-82.53604240417481,-82.53604240417481,0.097062349319458,0.1581170558929443,50,50.0,YOLO,1,32,0.0,20.194969756722145,0.0,"[0, 0, 0, 0, 0, 0, 0, 0, 0, 0]"
20250721_013814_790,-29,50,50,26.1,20.146881070727773,-82.7171859741211,-82.7171859741211,0.0928938388824462,0.1016771793365478,50,50.0,YOLO,1,32,0.0,20.146881070727773,0.0,"[0, 0, 0, 0, 0, 0, 0, 0, 0, 0]"
20250721_013814_986,-29,50,50,26.1,20.321597571159984,-82.43495903015136,-82.43495903015136,0.0947198867797851,0.1581449508666992,50,50.0,YOLO,1,32,0.0,20.321597571159984,0.0,"[0, 0, 0, 0, 0, 0, 0, 0, 0, 0]"
20250721_013815_240,-29,50,50,26.1,20.1171751137839,-82.7091049194336,-82.7091049194336,0.0933859348297119,0.1017651557922363,50,50.0,YOLO,1,32,0.0,20.1171751137839,0.0,"[0, 0, 0, 0, 0, 0, 0, 0, 0, 0]"
20250721_013815_437,-29,50,50,26.1,19.80240385062068,-82.9271427154541,-82.9271427154541,0.0894591808319091,0.1581490039825439,50,50.0,YOLO,1,32,0.0,19.80240385062068,0.0,"[0, 0, 0, 0, 0, 0, 0, 0, 0, 0]"
20250721_013815_686,-29,50,50,26.1,19.79750992252401,-82.88577384948731,-82.88577384948731,0.0952644348144531,0.1017816066741943,50,50.0,YOLO,1,32,0.0,19.79750992252401,0.0,"[0, 0, 0, 0, 0, 0, 0, 0, 0, 0]"
20250721_013815_885,-29,50,50,26.1,20.219375296863177,-82.52282485961913,-82.52282485961913,0.0917680263519287,0.1581885814666748,50,50.0,YOLO,1,32,0.0,20.219375296863177,0.0,"[0, 0, 0, 0, 0, 0, 0, 0, 0, 0]"
20250721_013816_136,-29,50,50,26.1,20.14633593352333,-82.68579139709473,-82.68579139709473,0.0974564552307128,0.1017045974731445,50,50.0,YOLO,1,32,0.0,20.14633593352333,0.0,"[0, 0, 0, 0, 0, 0, 0, 0, 0, 0]"
20250721_013816_336,-29,50,50,26.1,20.29511586107894,-82.42961120605469,-82.42961120605469,0.0961966514587402,0.1581389904022216,50,50.0,YOLO,1,32,0.0,20.29511586107894,0.0,"[0, 0, 0, 0, 0, 0, 0, 0, 0, 0]"
20250721_013816_592,-28,50,50,26.1,20.23876670369212,-82.42444877624511,-82.42444877624511,0.0954184532165527,0.1016831398010253,50,50.0,YOLO,1,32,0.0,20.23876670369212,0.0,"[0, 0, 0, 0, 0, 0, 0, 0, 0, 0]"
20250721_013816_791,-28,50,50,26.1,19.071606250842123,-83.63847351074219,-83.63847351074219,0.1009299755096435,0.1581714153289795,50,50.0,YOLO,1,32,0.0,19.071606250842123,0.0,"[0, 0, 0, 0, 0, 0, 0, 0, 0, 0]"
20250721_013817_051,-28,49,49,24.7,19.11177544966812,-83.60635604858399,-83.60635604858399,0.0913171768188476,0.1016576290130615,49,49.0,YOLO,1,32,0.0,19.11177544966812,0.0,"[0, 0, 0, 0, 0, 0, 0, 0, 0, 0]"
20250721_013817_246,-28,49,49,24.7,19.804262954666623,-82.98062705993652,-82.98062705993652,0.1030580997467041,0.1582229137420654,49,49.0,YOLO,1,32,0.0,19.804262954666623,0.0,"[0, 0, 0, 0, 0, 0, 0, 0, 0, 0]"
20250721_013817_508,-28,49,49,24.7,19.947334180865013,-82.77584075927734,-82.77584075927734,0.0889739990234375,0.1017231941223144,49,49.0,YOLO,1,32,0.0,19.947334180865013,0.0,"[0, 0, 0, 0, 0, 0, 0, 0, 0, 0]"
20250721_013817_701,-28,49,49,24.7,20.08965475951393,-82.60618476867675,-82.60618476867675,0.0936739444732666,0.1581232547760009,49,49.0,YOLO,1,32,0.0,20.08965475951393,0.0,"[0, 0, 0, 0, 0, 0, 0, 0, 0, 0]"
20250721_013817_954,-28,49,49,24.7,20.2887014048718,-82.62673950195312,-82.62673950195312,0.0943396091461181,0.1018073558807373,49,49.0,YOLO,1,32,0.0,20.2887014048718,0.0,"[0, 0, 0, 0, 0, 0, 0, 0, 0, 0]"
20250721_013818_152,-28,49,49,24.7,19.99127077050096,-82.83255653381347,-82.83255653381347,0.0957083702087402,0.1581406593322754,49,49.0,YOLO,1,32,0.0,19.99127077050096,0.0,"[0, 0, 0, 0, 0, 0, 0, 0, 0, 0]"
20250721_013818_407,-28,50,50,26.1,19.847251140639656,-82.92164535522461,-82.92164535522461,0.0923421382904052,0.1019282341003418,50,50.0,YOLO,1,32,0.0,19.847251140639656,0.0,"[0, 0, 0, 0, 0, 0, 0, 0, 0, 0]"
20250721_013818_603,-28,50,50,26.1,19.56246828780897,-83.27686500549316,-83.27686500549316,0.0999152660369873,0.1581850051879882,50,50.0,YOLO,1,32,0.0,19.56246828780897,0.0,"[0, 0, 0, 0, 0, 0, 0, 0, 0, 0]"
20250721_013818_862,-28,50,50,26.1,19.64936998903613,-83.08234748840331,-83.08234748840331,0.0919902324676513,0.1017699241638183,50,50.0,YOLO,1,32,0.0,19.64936998903613,0.0,"[0, 0, 0, 0, 0, 0, 0, 0, 0, 0]"
20250721_013819_057,-28,50,50,26.1,19.19873134515126,-83.56321907043457,-83.56321907043457,0.097712755203247,0.1581325531005859,50,50.0,YOLO,1,32,0.0,19.19873134515126,0.0,"[0, 0, 0, 0, 0, 0, 0, 0, 0, 0]"
20250721_013819_315,-28,50,50,26.1,19.19047594994133,-83.61968231201172,-83.61968231201172,0.0912332534790039,0.1018083095550537,50,50.0,YOLO,1,32,0.0,19.19047594994133,0.0,"[0, 0, 0, 0, 0, 0, 0, 0, 0, 0]"
20250721_013819_509,-28,50,50,26.1,19.039937243765,-83.72621536254883,-83.72621536254883,0.0909328460693359,0.1581931114196777,50,50.0,YOLO,1,32,0.0,19.039937243765,0.0,"[0, 0, 0, 0, 0, 0, 0, 0, 0, 0]"
20250721_013819_760,-28,49,49,24.7,19.0489792360747,-83.7206916809082,-83.7206916809082,0.0921645164489746,0.1017100811004638,49,49.0,YOLO,1,32,0.0,19.0489792360747,0.0,"[0, 0, 0, 0, 0, 0, 0, 0, 0, 0]"
20250721_013819_955,-28,49,49,24.7,19.80185821623303,-82.94385528564453,-82.94385528564453,0.0931169986724853,0.1580860614776611,49,49.0,YOLO,1,32,0.0,19.80185821623303,0.0,"[0, 0, 0, 0, 0, 0, 0, 0, 0, 0]"
20250721_013820_208,-28,49,49,24.7,19.845043742140746,-82.87895927429199,-82.87895927429199,0.0929369926452636,0.101799726486206,49,49.0,YOLO,1,32,0.0,19.845043742140746,0.0,"[0, 0, 0, 0, 0, 0, 0, 0, 0, 0]"
20250721_013820_404,-27,50,50,26.1,19.323418667758038,-83.4553768157959,-83.4553768157959,0.1002335548400878,0.1581199169158935,50,50.0,YOLO,1,32,0.0,19.323418667758038,0.0,"[0, 0, 0, 0, 0, 0, 0, 0, 0, 0]"
20250721_013820_664,-27,50,50,26.1,18.5594839308647,-84.18990325927734,-84.18990325927734,0.0917360782623291,0.1016538143157959,50,50.0,YOLO,1,32,0.0,18.5594839308647,0.0,"[0, 0, 0, 0, 0, 0, 0, 0, 0, 0]"
20250721_013820_859,-27,49,49,24.7,19.318594148957388,-83.32039413452148,-83.32039413452148,0.1004173755645752,0.1581559181213379,49,49.0,YOLO,1,32,0.0,19.318594148957388,0.0,"[0, 0, 0, 0, 0, 0, 0, 0, 0, 0]"
20250721_013821_119,-27,49,49,24.7,19.47771094349073,-83.23171920776367,-83.23171920776367,0.0873122215270996,0.1016988754272461,49,49.0,YOLO,1,32,0.0,19.47771094349073,0.0,"[0, 0, 0, 0, 0, 0, 0, 0, 0, 0]"
20250721_013821_309,-27,49,49,24.7,19.716220725515853,-83.00995635986328,-83.00995635986328,0.0989398956298828,0.1581699848175048,49,49.0,YOLO,1,32,0.0,19.716220725515853,0.0,"[0, 0, 0, 0, 0, 0, 0, 0, 0, 0]"
20250721_013821_568,-27,49,49,24.7,19.777554273580108,-83.01056671142578,-83.01056671142578,0.0944724082946777,0.1018614768981933,49,49.0,YOLO,1,32,0.0,19.777554273580108,0.0,"[0, 0, 0, 0, 0, 0, 0, 0, 0, 0]"
20250721_013821_765,-27,49,49,24.7,19.4314311524805,-83.38841438293457,-83.38841438293457,0.0904920101165771,0.1581511497497558,49,49.0,YOLO,1,32,0.0,19.4314311524805,0.0,"[0, 0, 0, 0, 0, 0, 0, 0, 0, 0]"
20250721_013822_015,-27,49,49,24.7,19.493544784155205,-83.17973823547364,-83.17973823547364,0.1011872291564941,0.1018207073211669,49,49.0,YOLO,1,32,0.0,19.493544784155205,0.0,"[0, 0, 0, 0, 0, 0, 0, 0, 0, 0]"
20250721_013822_220,-27,49,49,24.7,19.297770000583935,-83.45639038085938,-83.45639038085938,0.0923759937286377,0.1581389904022216,49,49.0,YOLO,1,32,0.0,19.297770000583935,0.0,"[0, 0, 0, 0, 0, 0, 0, 0, 0, 0]"
20250721_013822_472,-27,49,49,24.7,19.36386967059292,-83.42680358886719,-83.42680358886719,0.0918724536895752,0.1017255783081054,49,49.0,YOLO,1,32,0.0,19.36386967059292,0.0,"[0, 0, 0, 0, 0, 0, 0, 0, 0, 0]"
20250721_013822_667,-27,49,49,24.7,19.36831357566585,-83.34937286376953,-83.34937286376953,0.1021895408630371,0.1580715179443359,49,49.0,YOLO,1,32,0.0,19.36831357566585,0.0,"[0, 0, 0, 0, 0, 0, 0, 0, 0, 0]"
20250721_013822_929,-27,49,49,24.7,19.366922760610976,-83.23419189453125,-83.23419189453125,0.0902800559997558,0.1017837524414062,49,49.0,YOLO,1,32,0.0,19.366922760610976,0.0,"[0, 0, 0, 0, 0, 0, 0, 0, 0, 0]"
20250721_013823_122,-27,49,49,24.7,19.654223943122545,-83.03507995605469,-83.03507995605469,0.0898301601409912,0.1580724716186523,49,49.0,YOLO,1,32,0.0,19.654223943122545,0.0,"[0, 0, 0, 0, 0, 0, 0, 0, 0, 0]"
20250721_013823_372,-27,49,49,24.7,19.62011082544716,-83.11738815307618,-83.11738815307618,0.0932216644287109,0.1020138263702392,49,49.0,YOLO,1,32,0.0,19.62011082544716,0.0,"[0, 0, 0, 0, 0, 0, 0, 0, 0, 0]"
20250721_013823_568,-27,49,49,24.7,19.46796108136401,-83.18428840637208,-83.18428840637208,0.0998690128326416,0.1580760478973388,49,49.0,YOLO,1,32,0.0,19.46796108136401,0.0,"[0, 0, 0, 0, 0, 0, 0, 0, 0, 0]"
20250721_013823_828,-27,49,49,24.7,19.609806144052072,-82.92144584655762,-82.92144584655762,0.0889525413513183,0.1018049716949462,49,49.0,YOLO,1,32,0.0,19.609806144052072,0.0,"[0, 0, 0, 0, 0, 0, 0, 0, 0, 0]"
20250721_013824_020,-27,49,49,24.7,19.38671013610777,-83.18026580810547,-83.18026580810547,0.1016716957092285,0.1583223342895507,49,49.0,YOLO,1,32,0.0,19.38671013610777,0.0,"[0, 0, 0, 0, 0, 0, 0, 0, 0, 0]"
20250721_013824_282,-27,49,49,24.7,19.477789986666394,-83.2250820159912,-83.2250820159912,0.090545654296875,0.102466344833374,49,49.0,YOLO,1,32,0.0,19.477789986666394,0.0,"[0, 0, 0, 0, 0, 0, 0, 0, 0, 0]"
20250721_013824_476,-26,49,49,24.7,18.347531931502047,-84.33114624023438,-84.33114624023438,0.1005294322967529,0.1582198143005371,49,49.0,YOLO,1,32,0.0,18.347531931502047,0.0,"[0, 0, 0, 0, 0, 0, 0, 0, 0, 0]"
20250721_013824_736,-26,49,49,24.7,18.26890410266111,-84.34497833251953,-84.34497833251953,0.0887219905853271,0.1018593311309814,49,49.0,YOLO,1,32,0.0,18.26890410266111,0.0,"[0, 0, 0, 0, 0, 0, 0, 0, 0, 0]"
20250721_013824_928,-26,48,48,23.2,19.966904274925,-82.78588371276855,-82.78588371276855,0.0994174480438232,0.1584720611572265,48,48.0,YOLO,1,32,0.0,19.966904274925,0.0,"[0, 0, 0, 0, 0, 0, 0, 0, 0, 0]"
20250721_013825_188,-26,48,48,23.2,19.968528923890062,-82.77844505310058,-82.77844505310058,0.0819346904754638,0.1021502017974853,48,48.0,YOLO,1,32,0.0,19.968528923890062,0.0,"[0, 0, 0, 0, 0, 0, 0, 0, 0, 0]"
20250721_013825_374,-26,48,48,23.2,19.664537374944143,-83.00028762817382,-83.00028762817382,0.0937864780426025,0.1587774753570556,48,48.0,YOLO,1,32,0.0,19.664537374944143,0.0,"[0, 0, 0, 0, 0, 0, 0, 0, 0, 0]"
20250721_013825_628,-26,48,48,23.2,19.762047937855694,-82.94385528564453,-82.94385528564453,0.0912425518035888,0.1020674705505371,48,48.0,YOLO,1,32,0.0,19.762047937855694,0.0,"[0, 0, 0, 0, 0, 0, 0, 0, 0, 0]"
20250721_013825_823,-26,48,48,23.2,19.93125576815484,-82.82514190673828,-82.82514190673828,0.0979771614074707,0.1584558486938476,48,48.0,YOLO,1,32,0.0,19.93125576815484,0.0,"[0, 0, 0, 0, 0, 0, 0, 0, 0, 0]"
20250721_013826_081,-26,48,48,23.2,19.708655248055862,-83.01056671142578,-83.01056671142578,0.0834529399871826,0.1021449565887451,48,48.0,YOLO,1,32,0.0,19.708655248055862,0.0,"[0, 0, 0, 0, 0, 0, 0, 0, 0, 0]"
20250721_013826_268,-26,48,48,23.2,20.27085078701711,-82.37850952148438,-82.37850952148438,0.0986213684082031,0.1584522724151611,48,48.0,YOLO,1,32,0.0,20.27085078701711,0.0,"[0, 0, 0, 0, 0, 0, 0, 0, 0, 0]"
20250721_013826_527,-26,48,48,23.2,20.180861015674125,-82.40322875976562,-82.40322875976562,0.0900049209594726,0.1018359661102294,48,48.0,YOLO,1,32,0.0,20.180861015674125,0.0,"[0, 0, 0, 0, 0, 0, 0, 0, 0, 0]"
20250721_013826_720,-26,48,48,23.2,19.639566171493318,-83.08038330078125,-83.08038330078125,0.0975329875946044,0.1580736637115478,48,48.0,YOLO,1,32,0.0,19.639566171493318,0.0,"[0, 0, 0, 0, 0, 0, 0, 0, 0, 0]"
20250721_013826_977,-26,48,48,23.2,19.661988774103094,-83.06591796875,-83.06591796875,0.0916054248809814,0.1017200946807861,48,48.0,YOLO,1,32,0.0,19.661988774103094,0.0,"[0, 0, 0, 0, 0, 0, 0, 0, 0, 0]"
20250721_013827_172,-26,48,48,23.2,19.952430359344262,-82.66956329345703,-82.66956329345703,0.0987207889556884,0.1581852436065673,48,48.0,YOLO,1,32,0.0,19.952430359344262,0.0,"[0, 0, 0, 0, 0, 0, 0, 0, 0, 0]"
20250721_013827_430,-26,48,48,23.2,19.93709669982761,-82.70778121948243,-82.70778121948243,0.0887329578399658,0.1019959449768066,48,48.0,YOLO,1,32,0.0,19.93709669982761,0.0,"[0, 0, 0, 0, 0, 0, 0, 0, 0, 0]"
20250721_013827_623,-26,48,48,23.2,19.6086847330202,-82.96800231933594,-82.96800231933594,0.0931334495544433,0.1584737300872802,48,48.0,YOLO,1,32,0.0,19.6086847330202,0.0,"[0, 0, 0, 0, 0, 0, 0, 0, 0, 0]"
20250721_013827_876,-26,48,48,23.2,19.8121843404722,-82.96719665527344,-82.96719665527344,0.0924768447875976,0.1019625663757324,48,48.0,YOLO,1,32,0.0,19.8121843404722,0.0,"[0, 0, 0, 0, 0, 0, 0, 0, 0, 0]"
20250721_013828_072,-26,48,48,23.2,19.555525089971056,-83.14629364013672,-83.14629364013672,0.0924024581909179,0.1581974029541015,48,48.0,YOLO,1,32,0.0,19.555525089971056,0.0,"[0, 0, 0, 0, 0, 0, 0, 0, 0, 0]"
20250721_013828_324,-26,48,48,23.2,19.491936278189957,-83.31208801269531,-83.31208801269531,0.0919721126556396,0.1018064022064209,48,48.0,YOLO,1,32,0.0,19.491936278189957,0.0,"[0, 0, 0, 0, 0, 0, 0, 0, 0, 0]"
20250721_013828_519,-25,48,48,23.2,19.097904878455992,-83.5628734588623,-83.5628734588623,0.0924341678619384,0.1580939292907714,48,48.0,YOLO,1,32,0.0,19.097904878455992,0.0,"[0, 0, 0, 0, 0, 0, 0, 0, 0, 0]"
20250721_013828_771,-25,48,48,23.2,19.06583373034742,-83.61968231201172,-83.61968231201172,0.0927705764770507,0.1017048358917236,48,48.0,YOLO,1,32,0.0,19.06583373034742,0.0,"[0, 0, 0, 0, 0, 0, 0, 0, 0, 0]"
20250721_013828_967,-25,47,47,21.8,19.474410911094157,-83.17422828674316,-83.17422828674316,0.0964152812957763,0.1581478118896484,47,47.0,YOLO,1,32,0.0,19.474410911094157,0.0,"[0, 0, 0, 0, 0, 0, 0, 0, 0, 0]"
20250721_013829_223,-25,47,47,21.8,19.414649876793035,-83.23043899536133,-83.23043899536133,0.093660831451416,0.1017470359802246,47,47.0,YOLO,1,32,0.0,19.414649876793035,0.0,"[0, 0, 0, 0, 0, 0, 0, 0, 0, 0]"
20250721_013829_420,-25,47,47,21.8,19.536441865082608,-83.23118476867675,-83.23118476867675,0.0867478847503662,0.1581404209136963,47,47.0,YOLO,1,32,0.0,19.536441865082608,0.0,"[0, 0, 0, 0, 0, 0, 0, 0, 0, 0]"
20250721_013829_666,-25,47,47,21.8,19.611651978919355,-83.15712776184083,-83.15712776184083,0.0907216072082519,0.1016845703125,47,47.0,YOLO,1,32,0.0,19.611651978919355,0.0,"[0, 0, 0, 0, 0, 0, 0, 0, 0, 0]"
20250721_013829_860,-25,47,47,21.8,19.41772377740226,-83.28813934326172,-83.28813934326172,0.0989696979522705,0.1582527160644531,47,47.0,YOLO,1,32,0.0,19.41772377740226,0.0,"[0, 0, 0, 0, 0, 0, 0, 0, 0, 0]"
20250721_013830_119,-25,47,47,21.8,19.245079236856512,-83.40924072265625,-83.40924072265625,0.0911717414855957,0.1017322540283203,47,47.0,YOLO,1,32,0.0,19.245079236856512,0.0,"[0, 0, 0, 0, 0, 0, 0, 0, 0, 0]"
20250721_013830_313,-25,47,47,21.8,19.63209794480713,-83.15628852844239,-83.15628852844239,0.0926508903503418,0.1582119464874267,47,47.0,YOLO,1,32,0.0,19.63209794480713,0.0,"[0, 0, 0, 0, 0, 0, 0, 0, 0, 0]"
20250721_013830_565,-25,47,47,21.8,19.77418067204208,-83.00028762817382,-83.00028762817382,0.0894472599029541,0.1017298698425293,47,47.0,YOLO,1,32,0.0,19.77418067204208,0.0,"[0, 0, 0, 0, 0, 0, 0, 0, 0, 0]"
20250721_013830_758,-25,47,47,21.8,19.65760598807377,-83.16567726135254,-83.16567726135254,0.0977261066436767,0.158198595046997,47,47.0,YOLO,1,32,0.0,19.65760598807377,0.0,"[0, 0, 0, 0, 0, 0, 0, 0, 0, 0]"
20250721_013831_015,-25,47,47,21.8,19.597984580765527,-83.11540946960449,-83.11540946960449,0.0838472843170166,0.1017546653747558,47,47.0,YOLO,1,32,0.0,19.597984580765527,0.0,"[0, 0, 0, 0, 0, 0, 0, 0, 0, 0]"
20250721_013831_202,-25,47,47,21.8,19.34063517798002,-83.32083129882812,-83.32083129882812,0.1003966331481933,0.1581594944000244,47,47.0,YOLO,1,32,0.0,19.34063517798002,0.0,"[0, 0, 0, 0, 0, 0, 0, 0, 0, 0]"
20250721_013831_462,-25,47,47,21.8,19.360662353670705,-83.37576675415039,-83.37576675415039,0.0926432609558105,0.1018092632293701,47,47.0,YOLO,1,32,0.0,19.360662353670705,0.0,"[0, 0, 0, 0, 0, 0, 0, 0, 0, 0]"
20250721_013831_658,-25,47,47,21.8,19.327053962081592,-83.28813934326172,-83.28813934326172,0.0929079055786132,0.1581218242645263,47,47.0,YOLO,1,32,0.0,19.327053962081592,0.0,"[0, 0, 0, 0, 0, 0, 0, 0, 0, 0]"
20250721_013831_911,-25,47,47,21.8,19.57497194178174,-83.11572265625,-83.11572265625,0.0956175327301025,0.1017961502075195,47,47.0,YOLO,1,32,0.0,19.57497194178174,0.0,"[0, 0, 0, 0, 0, 0, 0, 0, 0, 0]"
20250721_013832_110,-25,47,47,21.8,19.76048992800588,-82.88014221191406,-82.88014221191406,0.0912721157073974,0.1581220626831054,47,47.0,YOLO,1,32,0.0,19.76048992800588,0.0,"[0, 0, 0, 0, 0, 0, 0, 0, 0, 0]"
20250721_013832_361,-25,47,47,21.8,19.74194929668009,-82.88607025146484,-82.88607025146484,0.0904989242553711,0.1018195152282714,47,47.0,YOLO,1,32,0.0,19.74194929668009,0.0,"[0, 0, 0, 0, 0, 0, 0, 0, 0, 0]"
20250721_013832_554,-24,47,47,21.8,18.56611382755304,-84.03244018554688,-84.03244018554688,0.0900835990905761,0.158125638961792,47,47.0,YOLO,1,32,0.0,18.56611382755304,0.0,"[0, 0, 0, 0, 0, 0, 0, 0, 0, 0]"
20250721_013832_804,-24,47,47,21.8,18.367269257617394,-84.24518394470215,-84.24518394470215,0.0915310382843017,0.1019272804260253,47,47.0,YOLO,1,32,0.0,18.367269257617394,0.0,"[0, 0, 0, 0, 0, 0, 0, 0, 0, 0]"
20250721_013832_999,-24,47,47,21.8,18.97135283827791,-83.68497505187989,-83.68497505187989,0.0919282436370849,0.1582260131835937,47,47.0,YOLO,1,32,0.0,18.97135283827791,0.0,"[0, 0, 0, 0, 0, 0, 0, 0, 0, 0]"
20250721_013833_251,-24,47,47,21.8,18.721630040866472,-83.90922737121582,-83.90922737121582,0.0909872055053711,0.1017878055572509,47,47.0,YOLO,1,32,0.0,18.721630040866472,0.0,"[0, 0, 0, 0, 0, 0, 0, 0, 0, 0]"
20250721_013833_445,-24,47,47,21.8,18.736320147561045,-83.97101593017578,-83.97101593017578,0.0985701084136962,0.1582415103912353,47,47.0,YOLO,1,32,0.0,18.736320147561045,0.0,"[0, 0, 0, 0, 0, 0, 0, 0, 0, 0]"
20250721_013833_703,-24,47,47,21.8,18.71147783500368,-83.95022430419922,-83.95022430419922,0.0927116870880127,0.1017818450927734,47,47.0,YOLO,1,32,0.0,18.71147783500368,0.0,"[0, 0, 0, 0, 0, 0, 0, 0, 0, 0]"
20250721_013833_899,-24,47,47,21.8,18.92280355672804,-83.79180145263672,-83.79180145263672,0.0958800315856933,0.1581106185913086,47,47.0,YOLO,1,32,0.0,18.92280355672804,0.0,"[0, 0, 0, 0, 0, 0, 0, 0, 0, 0]"
20250721_013834_155,-24,47,47,21.8,18.587960846916687,-83.99394989013672,-83.99394989013672,0.0912826061248779,0.1017484664916992,47,47.0,YOLO,1,32,0.0,18.587960846916687,0.0,"[0, 0, 0, 0, 0, 0, 0, 0, 0, 0]"
20250721_013834_349,-24,47,47,21.8,19.186241682367736,-83.44737243652344,-83.44737243652344,0.092569351196289,0.1581392288208007,47,47.0,YOLO,1,32,0.0,19.186241682367736,0.0,"[0, 0, 0, 0, 0, 0, 0, 0, 0, 0]"
20250721_013834_601,-24,47,47,21.8,19.05069245270312,-83.66918182373047,-83.66918182373047,0.0952010154724121,0.1017134189605712,47,47.0,YOLO,1,32,0.0,19.05069245270312,0.0,"[0, 0, 0, 0, 0, 0, 0, 0, 0, 0]"
20250721_013834_800,-24,47,47,21.8,18.82895165852689,-83.82214736938477,-83.82214736938477,0.089212417602539,0.1586520671844482,47,47.0,YOLO,1,32,0.0,18.82895165852689,0.0,"[0, 0, 0, 0, 0, 0, 0, 0, 0, 0]"
20250721_013835_049,-24,47,47,21.8,18.8932416172035,-83.79412078857422,-83.79412078857422,0.0913262367248535,0.1017961502075195,47,47.0,YOLO,1,32,0.0,18.8932416172035,0.0,"[0, 0, 0, 0, 0, 0, 0, 0, 0, 0]"
20250721_013835_244,-24,47,47,21.8,18.88603644363637,-83.88284835815429,-83.88284835815429,0.1017684936523437,0.158191442489624,47,47.0,YOLO,1,32,0.0,18.88603644363637,0.0,"[0, 0, 0, 0, 0, 0, 0, 0, 0, 0]"
20250721_013835_505,-24,47,47,21.8,18.78211585917813,-83.8376407623291,-83.8376407623291,0.0928378105163574,0.1018180847167968,47,47.0,YOLO,1,32,0.0,18.78211585917813,0.0,"[0, 0, 0, 0, 0, 0, 0, 0, 0, 0]"
20250721_013835_701,-24,46,46,20.3,19.84478920038373,-82.78037528991699,-82.78037528991699,0.0981554985046386,0.1580402851104736,46,46.0,YOLO,1,32,0.0,19.84478920038373,0.0,"[0, 0, 0, 0, 0, 0, 0, 0, 0, 0]"
20250721_013835_959,-24,47,47,21.8,19.94741369439041,-82.76302642822266,-82.76302642822266,0.0923428535461425,0.1017360687255859,47,47.0,YOLO,1,32,0.0,19.94741369439041,0.0,"[0, 0, 0, 0, 0, 0, 0, 0, 0, 0]"
20250721_013836_154,-24,47,47,21.8,18.92083967636725,-83.67667007446289,-83.67667007446289,0.0932085514068603,0.1580328941345214,47,47.0,YOLO,1,32,0.0,18.92083967636725,0.0,"[0, 0, 0, 0, 0, 0, 0, 0, 0, 0]"
20250721_013836_407,-24,47,47,21.8,18.984147883764564,-83.62497062683106,-83.62497062683106,0.0936765670776367,0.1017372608184814,47,47.0,YOLO,1,32,0.0,18.984147883764564,0.0,"[0, 0, 0, 0, 0, 0, 0, 0, 0, 0]"
20250721_013836_604,-23,47,47,21.8,17.616384572534784,-85.1113338470459,-85.1113338470459,0.0897612571716308,0.1581065654754638,47,47.0,YOLO,1,32,0.0,17.616384572534784,0.0,"[0, 0, 0, 0, 0, 0, 0, 0, 0, 0]"
20250721_013836_853,-23,46,46,20.3,17.768713452745203,-84.8304988861084,-84.8304988861084,0.0934364795684814,0.1017284393310546,46,46.0,YOLO,1,32,0.0,17.768713452745203,0.0,"[0, 0, 0, 0, 0, 0, 0, 0, 0, 0]"
20250721_013837_050,-23,46,46,20.3,18.818222267966632,-83.85950660705566,-83.85950660705566,0.1018481254577636,0.158132791519165,46,46.0,YOLO,1,32,0.0,18.818222267966632,0.0,"[0, 0, 0, 0, 0, 0, 0, 0, 0, 0]"
20250721_013837_311,-23,46,46,20.3,18.823989180250365,-83.8606185913086,-83.8606185913086,0.0906367301940918,0.1016900539398193,46,46.0,YOLO,1,32,0.0,18.823989180250365,0.0,"[0, 0, 0, 0, 0, 0, 0, 0, 0, 0]"
20250721_013837_505,-23,46,46,20.3,19.025840483878227,-83.73306465148926,-83.73306465148926,0.1017484664916992,0.1581823825836181,46,46.0,YOLO,1,32,0.0,19.025840483878227,0.0,"[0, 0, 0, 0, 0, 0, 0, 0, 0, 0]"
20250721_013837_767,-23,46,46,20.3,19.022343069204027,-83.54532623291016,-83.54532623291016,0.0934870243072509,0.1018342971801757,46,46.0,YOLO,1,32,0.0,19.022343069204027,0.0,"[0, 0, 0, 0, 0, 0, 0, 0, 0, 0]"
20250721_013837_963,-23,46,46,20.3,19.1327400165404,-83.59397888183594,-83.59397888183594,0.1004917621612548,0.1581320762634277,46,46.0,YOLO,1,32,0.0,19.1327400165404,0.0,"[0, 0, 0, 0, 0, 0, 0, 0, 0, 0]"
20250721_013838_223,-23,46,46,20.3,19.174479369954557,-83.54532623291016,-83.54532623291016,0.0911176204681396,0.1017529964447021,46,46.0,YOLO,1,32,0.0,19.174479369954557,0.0,"[0, 0, 0, 0, 0, 0, 0, 0, 0, 0]"
20250721_013838_418,-23,46,46,20.3,18.86678561421617,-83.81134796142578,-83.81134796142578,0.1034092903137207,0.1582198143005371,46,46.0,YOLO,1,32,0.0,18.86678561421617,0.0,"[0, 0, 0, 0, 0, 0, 0, 0, 0, 0]"
20250721_013838_681,-23,46,46,20.3,18.703943982926603,-83.99394989013672,-83.99394989013672,0.0900983810424804,0.1016898155212402,46,46.0,YOLO,1,32,0.0,18.703943982926603,0.0,"[0, 0, 0, 0, 0, 0, 0, 0, 0, 0]"
20250721_013838_874,-23,46,46,20.3,19.31712066124697,-83.44253349304199,-83.44253349304199,0.0901281833648681,0.1580958366394043,46,46.0,YOLO,1,32,0.0,19.31712066124697,0.0,"[0, 0, 0, 0, 0, 0, 0, 0, 0, 0]"
20250721_013839_124,-23,46,46,20.3,18.90943085489215,-83.50782279968261,-83.50782279968261,0.098154067993164,0.1016747951507568,46,46.0,YOLO,1,32,0.0,18.90943085489215,0.0,"[0, 0, 0, 0, 0, 0, 0, 0, 0, 0]"
20250721_013839_325,-23,46,46,20.3,19.374833213117427,-83.34926261901856,-83.34926261901856,0.096193790435791,0.1582803726196289,46,46.0,YOLO,1,32,0.0,19.374833213117427,0.0,"[0, 0, 0, 0, 0, 0, 0, 0, 0, 0]"
20250721_013839_581,-23,46,46,20.3,19.315128083348128,-83.44737243652344,-83.44737243652344,0.1005394458770752,0.1018426418304443,46,46.0,YOLO,1,32,0.0,19.315128083348128,0.0,"[0, 0, 0, 0, 0, 0, 0, 0, 0, 0]"
20250721_013839_785,-23,46,46,20.3,19.09606012654308,-83.42680358886719,-83.42680358886719,0.0964810848236084,0.158168077468872,46,46.0,YOLO,1,32,0.0,19.09606012654308,0.0,"[0, 0, 0, 0, 0, 0, 0, 0, 0, 0]"
20250721_013840_041,-23,46,46,20.3,19.17676486732374,-83.51455917358399,-83.51455917358399,0.0944786071777343,0.1018807888031005,46,46.0,YOLO,1,32,0.0,19.17676486732374,0.0,"[0, 0, 0, 0, 0, 0, 0, 0, 0, 0]"
20250721_013840_239,-23,46,46,20.3,19.187867813522946,-83.53417205810547,-83.53417205810547,0.0996303558349609,0.1582043170928955,46,46.0,YOLO,1,32,0.0,19.187867813522946,0.0,"[0, 0, 0, 0, 0, 0, 0, 0, 0, 0]"
20250721_013840_498,-22,46,46,20.3,19.178551308064385,-83.48004035949707,-83.48004035949707,0.0903503894805908,0.101785659790039,46,46.0,YOLO,1,32,0.0,19.178551308064385,0.0,"[0, 0, 0, 0, 0, 0, 0, 0, 0, 0]"
20250721_013840_691,-22,46,46,20.3,17.356011362460933,-85.23601722717285,-85.23601722717285,0.1035208702087402,0.1582918167114257,46,46.0,YOLO,1,32,0.0,17.356011362460933,0.0,"[0, 0, 0, 0, 0, 0, 0, 0, 0, 0]"
20250721_013840_955,-22,45,45,18.9,17.43281448959806,-85.1113338470459,-85.1113338470459,0.0918543338775634,0.1017889976501464,45,45.0,YOLO,1,32,0.0,17.43281448959806,0.0,"[0, 0, 0, 0, 0, 0, 0, 0, 0, 0]"
20250721_013841_150,-22,45,45,18.9,19.482363660531107,-83.18058280944824,-83.18058280944824,0.1010370254516601,0.1582155227661132,45,45.0,YOLO,1,32,0.0,19.482363660531107,0.0,"[0, 0, 0, 0, 0, 0, 0, 0, 0, 0]"
20250721_013841_411,-22,45,45,18.9,19.181983317228458,-83.43578224182129,-83.43578224182129,0.0920512676239013,0.1017553806304931,45,45.0,YOLO,1,32,0.0,19.181983317228458,0.0,"[0, 0, 0, 0, 0, 0, 0, 0, 0, 0]"
20250721_013841_606,-22,45,45,18.9,19.468332398354026,-83.18492317199707,-83.18492317199707,0.0925803184509277,0.158128023147583,45,45.0,YOLO,1,32,0.0,19.468332398354026,0.0,"[0, 0, 0, 0, 0, 0, 0, 0, 0, 0]"
20250721_013841_858,-22,45,45,18.9,19.47840528070552,-83.23419189453125,-83.23419189453125,0.0910155773162841,0.1017267704010009,45,45.0,YOLO,1,32,0.0,19.47840528070552,0.0,"[0, 0, 0, 0, 0, 0, 0, 0, 0, 0]"
20250721_013842_052,-22,45,45,18.9,19.7159614233735,-83.01056671142578,-83.01056671142578,0.1032071113586425,0.1581149101257324,45,45.0,YOLO,1,32,0.0,19.7159614233735,0.0,"[0, 0, 0, 0, 0, 0, 0, 0, 0, 0]"
20250721_013842_315,-22,45,45,18.9,19.652574867675668,-83.01667785644531,-83.01667785644531,0.0923779010772705,0.1018347740173339,45,45.0,YOLO,1,32,0.0,19.652574867675668,0.0,"[0, 0, 0, 0, 0, 0, 0, 0, 0, 0]"
20250721_013842_511,-22,45,45,18.9,19.365725446966792,-83.23408432006836,-83.23408432006836,0.0983445644378662,0.1582005023956298,45,45.0,YOLO,1,32,0.0,19.365725446966792,0.0,"[0, 0, 0, 0, 0, 0, 0, 0, 0, 0]"
20250721_013842_769,-22,45,45,18.9,19.2490636124422,-83.35355491638184,-83.35355491638184,0.0938889980316162,0.1017305850982666,45,45.0,YOLO,1,32,0.0,19.2490636124422,0.0,"[0, 0, 0, 0, 0, 0, 0, 0, 0, 0]"
20250721_013842_966,-22,45,45,18.9,19.647755397022763,-83.01056671142578,-83.01056671142578,0.0960278511047363,0.1581366062164306,45,45.0,YOLO,1,32,0.0,19.647755397022763,0.0,"[0, 0, 0, 0, 0, 0, 0, 0, 0, 0]"
20250721_013843_222,-22,45,45,18.9,19.72979230892028,-83.14681816101074,-83.14681816101074,0.0884559154510498,0.1017475128173828,45,45.0,YOLO,1,32,0.0,19.72979230892028,0.0,"[0, 0, 0, 0, 0, 0, 0, 0, 0, 0]"
20250721_013843_413,-22,45,45,18.9,19.899516908707923,-82.82514190673828,-82.82514190673828,0.0901515483856201,0.1580877304077148,45,45.0,YOLO,1,32,0.0,19.899516908707923,0.0,"[0, 0, 0, 0, 0, 0, 0, 0, 0, 0]"
20250721_013843_663,-22,45,45,18.9,19.7242105845168,-82.88014221191406,-82.88014221191406,0.0912809371948242,0.1017005443572998,45,45.0,YOLO,1,32,0.0,19.7242105845168,0.0,"[0, 0, 0, 0, 0, 0, 0, 0, 0, 0]"
20250721_013843_857,-22,45,45,18.9,19.39084585268685,-83.28759727478027,-83.28759727478027,0.1004791259765625,0.1580808162689209,45,45.0,YOLO,1,32,0.0,19.39084585268685,0.0,"[0, 0, 0, 0, 0, 0, 0, 0, 0, 0]"
20250721_013844_117,-22,45,45,18.9,19.47515791836223,-83.11780548095703,-83.11780548095703,0.0928213596343994,0.1017220020294189,45,45.0,YOLO,1,32,0.0,19.47515791836223,0.0,"[0, 0, 0, 0, 0, 0, 0, 0, 0, 0]"
20250721_013844_313,-22,45,45,18.9,19.782160075821395,-82.93584442138672,-82.93584442138672,0.0988490581512451,0.1582067012786865,45,45.0,YOLO,1,32,0.0,19.782160075821395,0.0,"[0, 0, 0, 0, 0, 0, 0, 0, 0, 0]"
20250721_013844_572,-21,45,45,18.9,19.830012889889005,-82.86386489868164,-82.86386489868164,0.0939466953277587,0.1017680168151855,45,45.0,YOLO,1,32,0.0,19.830012889889005,0.0,"[0, 0, 0, 0, 0, 0, 0, 0, 0, 0]"
20250721_013844_769,-21,45,45,18.9,18.164614522589304,-84.3228759765625,-84.3228759765625,0.0924060344696044,0.1581966876983642,45,45.0,YOLO,1,32,0.0,18.164614522589304,0.0,"[0, 0, 0, 0, 0, 0, 0, 0, 0, 0]"
20250721_013845_021,-21,44,44,17.4,18.132198242037163,-84.39750595092774,-84.39750595092774,0.0973210334777832,0.1017088890075683,44,44.0,YOLO,1,32,0.0,18.132198242037163,0.0,"[0, 0, 0, 0, 0, 0, 0, 0, 0, 0]"
20250721_013845_222,-21,44,44,17.4,19.91847134368831,-82.7091049194336,-82.7091049194336,0.101452350616455,0.1582064628601074,44,44.0,YOLO,1,32,0.0,19.91847134368831,0.0,"[0, 0, 0, 0, 0, 0, 0, 0, 0, 0]"
20250721_013845_483,-21,45,45,18.9,20.23788140193737,-82.44997787475586,-82.44997787475586,0.0856225490570068,0.1018421649932861,45,45.0,YOLO,1,32,0.0,20.23788140193737,0.0,"[0, 0, 0, 0, 0, 0, 0, 0, 0, 0]"
20250721_013845_672,-21,45,45,18.9,18.82405249146383,-83.85715103149414,-83.85715103149414,0.0938940048217773,0.1581513881683349,45,45.0,YOLO,1,32,0.0,18.82405249146383,0.0,"[0, 0, 0, 0, 0, 0, 0, 0, 0, 0]"
20250721_013845_925,-21,45,45,18.9,18.5339235110023,-84.0399185180664,-84.0399185180664,0.0894932746887207,0.1016788482666015,45,45.0,YOLO,1,32,0.0,18.5339235110023,0.0,"[0, 0, 0, 0, 0, 0, 0, 0, 0, 0]"
20250721_013846_118,-21,45,45,18.9,18.557470969096457,-84.14684677124023,-84.14684677124023,0.094592809677124,0.1581439971923828,45,45.0,YOLO,1,32,0.0,18.557470969096457,0.0,"[0, 0, 0, 0, 0, 0, 0, 0, 0, 0]"
20250721_013846_372,-21,45,45,18.9,18.633036779861627,-84.1500015258789,-84.1500015258789,0.0939600467681884,0.1017675399780273,45,45.0,YOLO,1,32,0.0,18.633036779861627,0.0,"[0, 0, 0, 0, 0, 0, 0, 0, 0, 0]"
20250721_013846_569,-21,45,45,18.9,18.72664232773585,-83.87799835205078,-83.87799835205078,0.0967030525207519,0.1580941677093505,45,45.0,YOLO,1,32,0.0,18.72664232773585,0.0,"[0, 0, 0, 0, 0, 0, 0, 0, 0, 0]"
20250721_013846_826,-21,45,45,18.9,18.71461107405689,-83.99280319213867,-83.99280319213867,0.089609146118164,0.1017484664916992,45,45.0,YOLO,1,32,0.0,18.71461107405689,0.0,"[0, 0, 0, 0, 0, 0, 0, 0, 0, 0]"
20250721_013847_018,-21,45,45,18.9,18.891162298766204,-83.77003746032715,-83.77003746032715,0.0927519798278808,0.1581838130950927,45,45.0,YOLO,1,32,0.0,18.891162298766204,0.0,"[0, 0, 0, 0, 0, 0, 0, 0, 0, 0]"
20250721_013847_271,-21,45,45,18.9,18.57935456239707,-84.07231979370117,-84.07231979370117,0.096543550491333,0.1018376350402832,45,45.0,YOLO,1,32,0.0,18.57935456239707,0.0,"[0, 0, 0, 0, 0, 0, 0, 0, 0, 0]"
20250721_013847_471,-21,44,44,17.4,20.2243463896003,-82.40545082092285,-82.40545082092285,0.0902092456817627,0.1582214832305908,44,44.0,YOLO,1,32,0.0,20.2243463896003,0.0,"[0, 0, 0, 0, 0, 0, 0, 0, 0, 0]"
20250721_013847_721,-21,44,44,17.4,20.2762205349344,-82.61780891418456,-82.61780891418456,0.0896604061126709,0.1018624305725097,44,44.0,YOLO,1,32,0.0,20.2762205349344,0.0,"[0, 0, 0, 0, 0, 0, 0, 0, 0, 0]"
20250721_013847_914,-21,44,44,17.4,20.083384615735326,-82.63874893188478,-82.63874893188478,0.0911767482757568,0.1582083702087402,44,44.0,YOLO,1,32,0.0,20.083384615735326,0.0,"[0, 0, 0, 0, 0, 0, 0, 0, 0, 0]"
20250721_013848_164,-21,44,44,17.4,20.25899209403389,-82.4513168334961,-82.4513168334961,0.0905420780181884,0.1016812324523925,44,44.0,YOLO,1,32,0.0,20.25899209403389,0.0,"[0, 0, 0, 0, 0, 0, 0, 0, 0, 0]"
20250721_013848_358,-21,44,44,17.4,19.886254333793303,-82.78627014160156,-82.78627014160156,0.1016948223114013,0.1581902503967285,44,44.0,YOLO,1,32,0.0,19.886254333793303,0.0,"[0, 0, 0, 0, 0, 0, 0, 0, 0, 0]"
20250721_013848_619,-20,44,44,17.4,19.733319503847724,-82.92144584655762,-82.92144584655762,0.0946764945983886,0.1018660068511962,44,44.0,YOLO,1,32,0.0,19.733319503847724,0.0,"[0, 0, 0, 0, 0, 0, 0, 0, 0, 0]"
20250721_013848_817,-20,44,44,17.4,18.755533499120105,-83.91797637939453,-83.91797637939453,0.0989606380462646,0.1581180095672607,44,44.0,YOLO,1,32,0.0,18.755533499120105,0.0,"[0, 0, 0, 0, 0, 0, 0, 0, 0, 0]"
20250721_013849_076,-20,43,43,16.0,19.37170220380203,-83.26777572631836,-83.26777572631836,0.0941135883331298,0.1017525196075439,43,43.0,YOLO,1,32,0.0,19.37170220380203,0.0,"[0, 0, 0, 0, 0, 0, 0, 0, 0, 0]"
20250721_013849_273,-20,44,44,17.4,19.661960148970905,-82.8643569946289,-82.8643569946289,0.0937793254852294,0.1582355499267578,44,44.0,YOLO,1,32,0.0,19.661960148970905,0.0,"[0, 0, 0, 0, 0, 0, 0, 0, 0, 0]"
20250721_013849_527,-20,44,44,17.4,19.711522290283625,-82.9011386871338,-82.9011386871338,0.0872299671173095,0.1017544269561767,44,44.0,YOLO,1,32,0.0,19.711522290283625,0.0,"[0, 0, 0, 0, 0, 0, 0, 0, 0, 0]"
20250721_013849_717,-20,44,44,17.4,19.84486080368877,-82.82319831848145,-82.82319831848145,0.0994539260864257,0.1581733226776123,44,44.0,YOLO,1,32,0.0,19.84486080368877,0.0,"[0, 0, 0, 0, 0, 0, 0, 0, 0, 0]"
20250721_013849_976,-20,44,44,17.4,19.71959210919205,-82.91766242980957,-82.91766242980957,0.0904948711395263,0.1017062664031982,44,44.0,YOLO,1,32,0.0,19.71959210919205,0.0,"[0, 0, 0, 0, 0, 0, 0, 0, 0, 0]"
20250721_013850_170,-20,44,44,17.4,19.54408759563516,-83.14031410217285,-83.14031410217285,0.1014986038208007,0.1581847667694091,44,44.0,YOLO,1,32,0.0,19.54408759563516,0.0,"[0, 0, 0, 0, 0, 0, 0, 0, 0, 0]"
20250721_013850_431,-20,44,44,17.4,19.450703262761166,-83.30053329467773,-83.30053329467773,0.090118408203125,0.1018061637878418,44,44.0,YOLO,1,32,0.0,19.450703262761166,0.0,"[0, 0, 0, 0, 0, 0, 0, 0, 0, 0]"
20250721_013850_624,-20,44,44,17.4,19.64928340735661,-82.84784126281738,-82.84784126281738,0.092365026473999,0.1581151485443115,44,44.0,YOLO,1,32,0.0,19.64928340735661,0.0,"[0, 0, 0, 0, 0, 0, 0, 0, 0, 0]"
20250721_013850_876,-20,44,44,17.4,19.728912808295743,-82.91387176513672,-82.91387176513672,0.0928544998168945,0.1017405986785888,44,44.0,YOLO,1,32,0.0,19.728912808295743,0.0,"[0, 0, 0, 0, 0, 0, 0, 0, 0, 0]"
20250721_013851_073,-20,44,44,17.4,19.6298784794712,-83.08234748840331,-83.08234748840331,0.093935489654541,0.1582899093627929,44,44.0,YOLO,1,32,0.0,19.6298784794712,0.0,"[0, 0, 0, 0, 0, 0, 0, 0, 0, 0]"
20250721_013851_326,-20,44,44,17.4,19.716157888472797,-82.93414878845215,-82.93414878845215,0.0945851802825927,0.1017670631408691,44,44.0,YOLO,1,32,0.0,19.716157888472797,0.0,"[0, 0, 0, 0, 0, 0, 0, 0, 0, 0]"
20250721_013851_524,-20,44,44,17.4,19.19847562007064,-83.34794578552246,-83.34794578552246,0.0911493301391601,0.1581499576568603,44,44.0,YOLO,1,32,0.0,19.19847562007064,0.0,"[0, 0, 0, 0, 0, 0, 0, 0, 0, 0]"
20250721_013851_775,-20,44,44,17.4,19.159444737526115,-83.37576675415039,-83.37576675415039,0.0946688652038574,0.1017599105834961,44,44.0,YOLO,1,32,0.0,19.159444737526115,0.0,"[0, 0, 0, 0, 0, 0, 0, 0, 0, 0]"
20250721_013851_973,-20,44,44,17.4,19.362173306862417,-83.30053329467773,-83.30053329467773,0.0931012630462646,0.1581616401672363,44,44.0,YOLO,1,32,0.0,19.362173306862417,0.0,"[0, 0, 0, 0, 0, 0, 0, 0, 0, 0]"
20250721_013852_226,-20,44,44,17.4,19.417214778954477,-83.17233543395996,-83.17233543395996,0.0926532745361328,0.101733922958374,44,44.0,YOLO,1,32,0.0,19.417214778954477,0.0,"[0, 0, 0, 0, 0, 0, 0, 0, 0, 0]"
20250721_013852_421,-19,44,44,17.4,19.716239964075527,-82.98143272399902,-82.98143272399902,0.0968909263610839,0.1580893993377685,44,44.0,YOLO,1,32,0.0,19.716239964075527,0.0,"[0, 0, 0, 0, 0, 0, 0, 0, 0, 0]"
20250721_013852_678,-19,44,44,17.4,18.29010715075711,-84.29512901306153,-84.29512901306153,0.0921347141265869,0.1017448902130127,44,44.0,YOLO,1,32,0.0,18.29010715075711,0.0,"[0, 0, 0, 0, 0, 0, 0, 0, 0, 0]"
20250721_013852_873,-19,43,43,16.0,19.04150551641496,-83.5916519165039,-83.5916519165039,0.095322847366333,0.1582403182983398,43,43.0,YOLO,1,32,0.0,19.04150551641496,0.0,"[0, 0, 0, 0, 0, 0, 0, 0, 0, 0]"
20250721_013853_128,-19,43,43,16.0,19.09338732417922,-83.50862121582031,-83.50862121582031,0.0962576866149902,0.101724624633789,43,43.0,YOLO,1,32,0.0,19.09338732417922,0.0,"[0, 0, 0, 0, 0, 0, 0, 0, 0, 0]"
20250721_013853_328,-19,43,43,16.0,19.21267849380419,-83.53508529663085,-83.53508529663085,0.095280647277832,0.1582720279693603,43,43.0,YOLO,1,32,0.0,19.21267849380419,0.0,"[0, 0, 0, 0, 0, 0, 0, 0, 0, 0]"
20250721_013853_583,-19,43,43,16.0,19.53475369033549,-83.19755744934082,-83.19755744934082,0.0908505916595459,0.1018047332763671,43,43.0,YOLO,1,32,0.0,19.53475369033549,0.0,"[0, 0, 0, 0, 0, 0, 0, 0, 0, 0]"
20250721_013853_777,-19,43,43,16.0,19.42615966725012,-83.14031410217285,-83.14031410217285,0.0982501506805419,0.1581509113311767,43,43.0,YOLO,1,32,0.0,19.42615966725012,0.0,"[0, 0, 0, 0, 0, 0, 0, 0, 0, 0]"
20250721_013854_035,-19,43,43,16.0,19.426998026796923,-83.19755744934082,-83.19755744934082,0.0873982906341552,0.1017901897430419,43,43.0,YOLO,1,32,0.0,19.426998026796923,0.0,"[0, 0, 0, 0, 0, 0, 0, 0, 0, 0]"
20250721_013854_225,-19,43,43,16.0,19.7042555439169,-82.91387176513672,-82.91387176513672,0.1014652252197265,0.1586520671844482,43,43.0,YOLO,1,32,0.0,19.7042555439169,0.0,"[0, 0, 0, 0, 0, 0, 0, 0, 0, 0]"
20250721_013854_488,-19,43,43,16.0,19.758041238325305,-82.89002990722656,-82.89002990722656,0.0902254581451416,0.1023085117340087,43,43.0,YOLO,1,32,0.0,19.758041238325305,0.0,"[0, 0, 0, 0, 0, 0, 0, 0, 0, 0]"
20250721_013854_682,-19,43,43,16.0,19.81678136281201,-82.86386489868164,-82.86386489868164,0.0943865776062011,0.1581404209136963,43,43.0,YOLO,1,32,0.0,19.81678136281201,0.0,"[0, 0, 0, 0, 0, 0, 0, 0, 0, 0]"
20250721_013854_936,-19,43,43,16.0,19.826972720502823,-82.92144584655762,-82.92144584655762,0.0980947017669677,0.1018235683441162,43,43.0,YOLO,1,32,0.0,19.826972720502823,0.0,"[0, 0, 0, 0, 0, 0, 0, 0, 0, 0]"
20250721_013855_137,-19,43,43,16.0,19.65311844570779,-82.98143997192383,-82.98143997192383,0.0978872776031494,0.1582410335540771,43,43.0,YOLO,1,32,0.0,19.65311844570779,0.0,"[0, 0, 0, 0, 0, 0, 0, 0, 0, 0]"
20250721_013855_395,-19,43,43,16.0,19.492188839734325,-83.06581497192383,-83.06581497192383,0.091806411743164,0.1018064022064209,43,43.0,YOLO,1,32,0.0,19.492188839734325,0.0,"[0, 0, 0, 0, 0, 0, 0, 0, 0, 0]"
20250721_013855_590,-19,43,43,16.0,19.22198437056912,-83.42680358886719,-83.42680358886719,0.1002173423767089,0.1582217216491699,43,43.0,YOLO,1,32,0.0,19.22198437056912,0.0,"[0, 0, 0, 0, 0, 0, 0, 0, 0, 0]"
20250721_013855_850,-19,43,43,16.0,19.15559472643143,-83.41986618041992,-83.41986618041992,0.0910680294036865,0.101853609085083,43,43.0,YOLO,1,32,0.0,19.15559472643143,0.0,"[0, 0, 0, 0, 0, 0, 0, 0, 0, 0]"
20250721_013856_044,-19,43,43,16.0,19.438718982938735,-83.30053329467773,-83.30053329467773,0.099261999130249,0.1581754684448242,43,43.0,YOLO,1,32,0.0,19.438718982938735,0.0,"[0, 0, 0, 0, 0, 0, 0, 0, 0, 0]"
20250721_013856_303,-19,43,43,16.0,19.62618513296198,-83.01637229919433,-83.01637229919433,0.0921342372894287,0.1019203662872314,43,43.0,YOLO,1,32,0.0,19.62618513296198,0.0,"[0, 0, 0, 0, 0, 0, 0, 0, 0, 0]"
20250721_013856_499,-18,43,43,16.0,18.30638612569227,-84.27315101623535,-84.27315101623535,0.0897519588470459,0.1584162712097168,43,43.0,YOLO,1,32,0.0,18.30638612569227,0.0,"[0, 0, 0, 0, 0, 0, 0, 0, 0, 0]"
20250721_013856_749,-18,43,43,16.0,18.085926306232267,-84.37554931640625,-84.37554931640625,0.0932264328002929,0.1021661758422851,43,43.0,YOLO,1,32,0.0,18.085926306232267,0.0,"[0, 0, 0, 0, 0, 0, 0, 0, 0, 0]"
20250721_013856_945,-18,42,42,14.5,19.89791574479807,-82.80100517272949,-82.80100517272949,0.0911147594451904,0.1585280895233154,42,42.0,YOLO,1,32,0.0,19.89791574479807,0.0,"[0, 0, 0, 0, 0, 0, 0, 0, 0, 0]"
20250721_013857_197,-18,42,42,14.5,19.722704750190616,-82.80654258728028,-82.80654258728028,0.0932679176330566,0.1020650863647461,42,42.0,YOLO,1,32,0.0,19.722704750190616,0.0,"[0, 0, 0, 0, 0, 0, 0, 0, 0, 0]"
20250721_013857_394,-18,42,42,14.5,19.653624603487813,-82.80100517272949,-82.80100517272949,0.0971429347991943,0.1586101055145263,42,42.0,YOLO,1,32,0.0,19.653624603487813,0.0,"[0, 0, 0, 0, 0, 0, 0, 0, 0, 0]"
20250721_013857_651,-18,42,42,14.5,19.63011154773099,-83.04913787841797,-83.04913787841797,0.0841784477233886,0.1020340919494628,42,42.0,YOLO,1,32,0.0,19.63011154773099,0.0,"[0, 0, 0, 0, 0, 0, 0, 0, 0, 0]"
20250721_013857_839,-18,42,42,14.5,19.82172467933887,-82.78598022460938,-82.78598022460938,0.0927214622497558,0.1585757732391357,42,42.0,YOLO,1,32,0.0,19.82172467933887,0.0,"[0, 0, 0, 0, 0, 0, 0, 0, 0, 0]"
20250721_013858_092,-18,42,42,14.5,19.833390232015876,-82.91327476501465,-82.91327476501465,0.0957734584808349,0.1018562316894531,42,42.0,YOLO,1,32,0.0,19.833390232015876,0.0,"[0, 0, 0, 0, 0, 0, 0, 0, 0, 0]"
20250721_013858_291,-18,42,42,14.5,19.60664846374557,-83.03067626953126,-83.03067626953126,0.0916593074798584,0.1580786705017089,42,42.0,YOLO,1,32,0.0,19.60664846374557,0.0,"[0, 0, 0, 0, 0, 0, 0, 0, 0, 0]"
20250721_013858_542,-18,43,43,16.0,19.648964530678285,-82.87895927429199,-82.87895927429199,0.0898244380950927,0.1017987728118896,43,43.0,YOLO,1,32,0.0,19.648964530678285,0.0,"[0, 0, 0, 0, 0, 0, 0, 0, 0, 0]"
20250721_013858_735,-18,43,43,16.0,18.43696311313849,-84.28911361694335,-84.28911361694335,0.0988304615020752,0.1581819057464599,43,43.0,YOLO,1,32,0.0,18.43696311313849,0.0,"[0, 0, 0, 0, 0, 0, 0, 0, 0, 0]"
20250721_013858_994,-18,42,42,14.5,18.363115317327257,-84.20262336730957,-84.20262336730957,0.0932328701019287,0.1020934581756591,42,42.0,YOLO,1,32,0.0,18.363115317327257,0.0,"[0, 0, 0, 0, 0, 0, 0, 0, 0, 0]"
20250721_013859_190,-18,42,42,14.5,19.6938110028548,-82.96689529418946,-82.96689529418946,0.0943491458892822,0.1584048271179199,42,42.0,YOLO,1,32,0.0,19.6938110028548,0.0,"[0, 0, 0, 0, 0, 0, 0, 0, 0, 0]"
20250721_013859_445,-18,42,42,14.5,19.617670437003756,-82.98154067993164,-82.98154067993164,0.1015820503234863,0.1022121906280517,42,42.0,YOLO,1,32,0.0,19.617670437003756,0.0,"[0, 0, 0, 0, 0, 0, 0, 0, 0, 0]"
20250721_013859_650,-18,42,42,14.5,19.817920390374116,-82.91766242980957,-82.91766242980957,0.0916733741760253,0.1582858562469482,42,42.0,YOLO,1,32,0.0,19.817920390374116,0.0,"[0, 0, 0, 0, 0, 0, 0, 0, 0, 0]"
20250721_013859_902,-18,42,42,14.5,19.818654818635054,-83.00965194702148,-83.00965194702148,0.0874574184417724,0.1018157005310058,42,42.0,YOLO,1,32,0.0,19.818654818635054,0.0,"[0, 0, 0, 0, 0, 0, 0, 0, 0, 0]"
20250721_013900_093,-18,42,42,14.5,20.016645923579944,-82.78037528991699,-82.78037528991699,0.1031436920166015,0.1582121849060058,42,42.0,YOLO,1,32,0.0,20.016645923579944,0.0,"[0, 0, 0, 0, 0, 0, 0, 0, 0, 0]"
20250721_013900_355,-18,42,42,14.5,19.88518932299324,-82.72671508789062,-82.72671508789062,0.0922398567199707,0.1017765998840332,42,42.0,YOLO,1,32,0.0,19.88518932299324,0.0,"[0, 0, 0, 0, 0, 0, 0, 0, 0, 0]"
20250721_013900_551,-17,42,42,14.5,18.9714954050593,-83.66776390075684,-83.66776390075684,0.0968327522277832,0.1581132411956787,42,42.0,YOLO,1,32,0.0,18.9714954050593,0.0,"[0, 0, 0, 0, 0, 0, 0, 0, 0, 0]"
20250721_013900_807,-17,42,42,14.5,19.10693793172834,-83.45593948364258,-83.45593948364258,0.0911011695861816,0.1017615795135498,42,42.0,YOLO,1,32,0.0,19.10693793172834,0.0,"[0, 0, 0, 0, 0, 0, 0, 0, 0, 0]"
20250721_013901_001,-17,42,42,14.5,17.939211956752075,-84.5958251953125,-84.5958251953125,0.0973472595214843,0.1581525802612304,42,42.0,YOLO,1,32,0.0,17.939211956752075,0.0,"[0, 0, 0, 0, 0, 0, 0, 0, 0, 0]"
20250721_013901_258,-17,42,42,14.5,18.801339276563127,-83.79180145263672,-83.79180145263672,0.0934600830078125,0.1017894744873046,42,42.0,YOLO,1,32,0.0,18.801339276563127,0.0,"[0, 0, 0, 0, 0, 0, 0, 0, 0, 0]"
20250721_013901_455,-17,42,42,14.5,19.332547616465007,-83.35355491638184,-83.35355491638184,0.0985050201416015,0.1581356525421142,42,42.0,YOLO,1,32,0.0,19.332547616465007,0.0,"[0, 0, 0, 0, 0, 0, 0, 0, 0, 0]"
20250721_013901_713,-17,42,42,14.5,19.249679257521635,-83.44287109375,-83.44287109375,0.0921645164489746,0.1018533706665039,42,42.0,YOLO,1,32,0.0,19.249679257521635,0.0,"[0, 0, 0, 0, 0, 0, 0, 0, 0, 0]"
20250721_013901_909,-17,42,42,14.5,19.052806851972747,-83.5929328918457,-83.5929328918457,0.0894477367401123,0.1582221984863281,42,42.0,YOLO,1,32,0.0,19.052806851972747,0.0,"[0, 0, 0, 0, 0, 0, 0, 0, 0, 0]"
20250721_013902_158,-17,42,42,14.5,19.04840992980307,-83.5916519165039,-83.5916519165039,0.0972673892974853,0.1016919612884521,42,42.0,YOLO,1,32,0.0,19.04840992980307,0.0,"[0, 0, 0, 0, 0, 0, 0, 0, 0, 0]"
20250721_013902_358,-17,42,42,14.5,18.97213252894804,-83.57259597778321,-83.57259597778321,0.0936410427093505,0.1582109928131103,42,42.0,YOLO,1,32,0.0,18.97213252894804,0.0,"[0, 0, 0, 0, 0, 0, 0, 0, 0, 0]"
20250721_013902_612,-17,42,42,14.5,18.960652215393356,-83.64070587158203,-83.64070587158203,0.0819051265716552,0.1018264293670654,42,42.0,YOLO,1,32,0.0,18.960652215393356,0.0,"[0, 0, 0, 0, 0, 0, 0, 0, 0, 0]"
20250721_013902_797,-17,42,42,14.5,18.98680438474142,-83.6289493560791,-83.6289493560791,0.0921673774719238,0.1582317352294922,42,42.0,YOLO,1,32,0.0,18.98680438474142,0.0,"[0, 0, 0, 0, 0, 0, 0, 0, 0, 0]"
20250721_013903_049,-17,42,42,14.5,18.87185145026721,-83.70166511535645,-83.70166511535645,0.0904171466827392,0.1017968654632568,42,42.0,YOLO,1,32,0.0,18.87185145026721,0.0,"[0, 0, 0, 0, 0, 0, 0, 0, 0, 0]"
20250721_013903_242,-17,42,42,14.5,18.87712713589343,-83.79424285888672,-83.79424285888672,0.0994405746459961,0.158210277557373,42,42.0,YOLO,1,32,0.0,18.87712713589343,0.0,"[0, 0, 0, 0, 0, 0, 0, 0, 0, 0]"
20250721_013903_502,-17,42,42,14.5,18.97349061670458,-83.62672424316406,-83.62672424316406,0.0948340892791748,0.1018164157867431,42,42.0,YOLO,1,32,0.0,18.97349061670458,0.0,"[0, 0, 0, 0, 0, 0, 0, 0, 0, 0]"
20250721_013903_700,-17,42,42,14.5,18.8796173024313,-83.74330139160156,-83.74330139160156,0.1009387969970703,0.1581215858459472,42,42.0,YOLO,1,32,0.0,18.8796173024313,0.0,"[0, 0, 0, 0, 0, 0, 0, 0, 0, 0]"
20250721_013903_960,-17,42,42,14.5,18.97289607695427,-83.68581352233886,-83.68581352233886,0.0909531116485595,0.1017720699310302,42,42.0,YOLO,1,32,0.0,18.97289607695427,0.0,"[0, 0, 0, 0, 0, 0, 0, 0, 0, 0]"
20250721_013904_154,-17,42,42,14.5,19.106814584120457,-83.49720764160156,-83.49720764160156,0.0982797145843505,0.1581332683563232,42,42.0,YOLO,1,32,0.0,19.106814584120457,0.0,"[0, 0, 0, 0, 0, 0, 0, 0, 0, 0]"
20250721_013904_412,-17,42,42,14.5,19.1864906538829,-83.40032196044922,-83.40032196044922,0.0915358066558837,0.1017491817474365,42,42.0,YOLO,1,32,0.0,19.1864906538829,0.0,"[0, 0, 0, 0, 0, 0, 0, 0, 0, 0]"
20250721_013904_607,-16,42,42,14.5,17.86432596880418,-84.76091003417969,-84.76091003417969,0.0923197269439697,0.1580913066864013,42,42.0,YOLO,1,32,0.0,17.86432596880418,0.0,"[0, 0, 0, 0, 0, 0, 0, 0, 0, 0]"
20250721_013904_859,-16,41,41,13.1,17.99329001074483,-84.63503646850586,-84.63503646850586,0.0912108421325683,0.1017777919769287,41,41.0,YOLO,1,32,0.0,17.99329001074483,0.0,"[0, 0, 0, 0, 0, 0, 0, 0, 0, 0]"
20250721_013905_053,-16,41,41,13.1,19.398311830341427,-83.31208801269531,-83.31208801269531,0.096604585647583,0.1581654548645019,41,41.0,YOLO,1,32,0.0,19.398311830341427,0.0,"[0, 0, 0, 0, 0, 0, 0, 0, 0, 0]"
20250721_013905_310,-16,41,41,13.1,19.247782279846888,-83.42680358886719,-83.42680358886719,0.0926253795623779,0.1017258167266845,41,41.0,YOLO,1,32,0.0,19.247782279846888,0.0,"[0, 0, 0, 0, 0, 0, 0, 0, 0, 0]"
20250721_013905_506,-16,41,41,13.1,19.59899905269367,-83.10113525390625,-83.10113525390625,0.0922574996948242,0.158104658126831,41,41.0,YOLO,1,32,0.0,19.59899905269367,0.0,"[0, 0, 0, 0, 0, 0, 0, 0, 0, 0]"
20250721_013905_757,-16,41,41,13.1,19.41590797077835,-83.2250820159912,-83.2250820159912,0.0936231613159179,0.1018078327178955,41,41.0,YOLO,1,32,0.0,19.41590797077835,0.0,"[0, 0, 0, 0, 0, 0, 0, 0, 0, 0]"
20250721_013905_954,-16,41,41,13.1,19.141192455749533,-83.51547241210938,-83.51547241210938,0.0876252651214599,0.1581149101257324,41,41.0,YOLO,1,32,0.0,19.141192455749533,0.0,"[0, 0, 0, 0, 0, 0, 0, 0, 0, 0]"
20250721_013906_201,-16,41,41,13.1,19.332382537787023,-83.27686500549316,-83.27686500549316,0.0910477638244628,0.1017274856567382,41,41.0,YOLO,1,32,0.0,19.332382537787023,0.0,"[0, 0, 0, 0, 0, 0, 0, 0, 0, 0]"
20250721_013906_396,-16,41,41,13.1,19.139818867120056,-83.3736644744873,-83.3736644744873,0.0904161930084228,0.1581358909606933,41,41.0,YOLO,1,32,0.0,19.139818867120056,0.0,"[0, 0, 0, 0, 0, 0, 0, 0, 0, 0]"
20250721_013906_646,-16,41,41,13.1,19.29003328014676,-83.24922180175781,-83.24922180175781,0.0923786163330078,0.1017816066741943,41,41.0,YOLO,1,32,0.0,19.29003328014676,0.0,"[0, 0, 0, 0, 0, 0, 0, 0, 0, 0]"
20250721_013906_841,-16,41,41,13.1,19.13941180386796,-83.46282653808593,-83.46282653808593,0.0930635929107666,0.1581878662109375,41,41.0,YOLO,1,32,0.0,19.13941180386796,0.0,"[0, 0, 0, 0, 0, 0, 0, 0, 0, 0]"
20250721_013907_094,-16,41,41,13.1,19.0485503644519,-83.54532623291016,-83.54532623291016,0.0924863815307617,0.1017045974731445,41,41.0,YOLO,1,32,0.0,19.0485503644519,0.0,"[0, 0, 0, 0, 0, 0, 0, 0, 0, 0]"
20250721_013907_290,-16,41,41,13.1,19.396104876665877,-83.31154289245606,-83.31154289245606,0.0927028656005859,0.1581759452819824,41,41.0,YOLO,1,32,0.0,19.396104876665877,0.0,"[0, 0, 0, 0, 0, 0, 0, 0, 0, 0]"
20250721_013907_542,-16,41,41,13.1,19.533650614413943,-83.21065521240234,-83.21065521240234,0.0918529033660888,0.1017096042633056,41,41.0,YOLO,1,32,0.0,19.533650614413943,0.0,"[0, 0, 0, 0, 0, 0, 0, 0, 0, 0]"
20250721_013907_737,-16,41,41,13.1,19.393364593431983,-83.42624435424804,-83.42624435424804,0.1010873317718505,0.1580278873443603,41,41.0,YOLO,1,32,0.0,19.393364593431983,0.0,"[0, 0, 0, 0, 0, 0, 0, 0, 0, 0]"
20250721_013907_998,-16,41,41,13.1,19.284154085103424,-83.43611907958984,-83.43611907958984,0.0892415046691894,0.1018347740173339,41,41.0,YOLO,1,32,0.0,19.284154085103424,0.0,"[0, 0, 0, 0, 0, 0, 0, 0, 0, 0]"
20250721_013908_190,-16,41,41,13.1,18.98151556412506,-83.72621536254883,-83.72621536254883,0.0987403392791748,0.1581740379333496,41,41.0,YOLO,1,32,0.0,18.98151556412506,0.0,"[0, 0, 0, 0, 0, 0, 0, 0, 0, 0]"
20250721_013908_449,-15,41,41,13.1,19.00419761595096,-83.6782054901123,-83.6782054901123,0.0958497524261474,0.1018068790435791,41,41.0,YOLO,1,32,0.0,19.00419761595096,0.0,"[0, 0, 0, 0, 0, 0, 0, 0, 0, 0]"
20250721_013908_648,-15,41,41,13.1,17.86867188415289,-84.77127265930176,-84.77127265930176,0.0934479236602783,0.158118724822998,41,41.0,YOLO,1,32,0.0,17.86867188415289,0.0,"[0, 0, 0, 0, 0, 0, 0, 0, 0, 0]"
20250721_013908_901,-15,40,40,11.6,18.195474289540755,-84.48857879638672,-84.48857879638672,0.089353322982788,0.1017677783966064,40,40.0,YOLO,1,32,0.0,18.195474289540755,0.0,"[0, 0, 0, 0, 0, 0, 0, 0, 0, 0]"
20250721_013909_093,-15,40,40,11.6,20.127637998615967,-82.47826385498047,-82.47826385498047,0.0951385498046875,0.1580622196197509,40,40.0,YOLO,1,32,0.0,20.127637998615967,0.0,"[0, 0, 0, 0, 0, 0, 0, 0, 0, 0]"
20250721_013909_348,-15,40,40,11.6,19.96745759282642,-82.82514190673828,-82.82514190673828,0.2305572032928466,0.1019067764282226,40,40.0,YOLO,1,32,0.0,19.96745759282642,0.0,"[0, 0, 0, 0, 0, 0, 0, 0, 0, 0]"
20250721_013909_682,-15,41,41,13.1,18.233463571302835,-84.37443656921387,-84.37443656921387,0.0933864116668701,0.1583354473114013,41,41.0,YOLO,1,32,0.0,18.233463571302835,0.0,"[0, 0, 0, 0, 0, 0, 0, 0, 0, 0]"
20250721_013909_935,-15,41,41,13.1,18.37717471733532,-84.35260162353515,-84.35260162353515,0.0948059558868408,0.1016693115234375,41,41.0,YOLO,1,32,0.0,18.37717471733532,0.0,"[0, 0, 0, 0, 0, 0, 0, 0, 0, 0]"
20250721_013910_133,-15,41,41,13.1,18.52218162281271,-84.01867904663087,-84.01867904663087,0.0969810485839843,0.1582293510437011,41,41.0,YOLO,1,32,0.0,18.52218162281271,0.0,"[0, 0, 0, 0, 0, 0, 0, 0, 0, 0]"
20250721_013910_390,-15,41,41,13.1,18.416685646186,-84.24477996826172,-84.24477996826172,0.0928809642791748,0.1017858982086181,41,41.0,YOLO,1,32,0.0,18.416685646186,0.0,"[0, 0, 0, 0, 0, 0, 0, 0, 0, 0]"
20250721_013910_586,-15,41,41,13.1,18.521706054596564,-84.03488998413086,-84.03488998413086,0.0904860496520996,0.158074140548706,41,41.0,YOLO,1,32,0.0,18.521706054596564,0.0,"[0, 0, 0, 0, 0, 0, 0, 0, 0, 0]"
20250721_013910_836,-15,41,41,13.1,18.691736721604958,-84.01097526550294,-84.01097526550294,0.0928871631622314,0.1017520427703857,41,41.0,YOLO,1,32,0.0,18.691736721604958,0.0,"[0, 0, 0, 0, 0, 0, 0, 0, 0, 0]"
20250721_013911_032,-15,41,41,13.1,18.75342859445536,-83.87527923583984,-83.87527923583984,0.0970029830932617,0.1581470966339111,41,41.0,YOLO,1,32,0.0,18.75342859445536,0.0,"[0, 0, 0, 0, 0, 0, 0, 0, 0, 0]"
20250721_013911_288,-15,41,41,13.1,18.65489425093125,-83.95631065368653,-83.95631065368653,0.0937955379486084,0.1017260551452636,41,41.0,YOLO,1,32,0.0,18.65489425093125,0.0,"[0, 0, 0, 0, 0, 0, 0, 0, 0, 0]"
20250721_013911_485,-15,41,41,13.1,18.64270642016397,-83.91045379638672,-83.91045379638672,0.099963903427124,0.1581454277038574,41,41.0,YOLO,1,32,0.0,18.64270642016397,0.0,"[0, 0, 0, 0, 0, 0, 0, 0, 0, 0]"
20250721_013911_745,-15,41,41,13.1,18.63101233749134,-83.93949546813965,-83.93949546813965,0.0963184833526611,0.1024477481842041,41,41.0,YOLO,1,32,0.0,18.63101233749134,0.0,"[0, 0, 0, 0, 0, 0, 0, 0, 0, 0]"
20250721_013911_946,-15,41,41,13.1,18.539815064872545,-83.95794830322265,-83.95794830322265,0.0930523872375488,0.158215045928955,41,41.0,YOLO,1,32,0.0,18.539815064872545,0.0,"[0, 0, 0, 0, 0, 0, 0, 0, 0, 0]"
20250721_013912_199,-15,41,41,13.1,18.54525981903612,-84.03978958129883,-84.03978958129883,0.0955953598022461,0.1018309593200683,41,41.0,YOLO,1,32,0.0,18.54525981903612,0.0,"[0, 0, 0, 0, 0, 0, 0, 0, 0, 0]"
20250721_013912_397,-14,41,41,13.1,18.281481556973617,-84.2571044921875,-84.2571044921875,0.0924344062805175,0.158144474029541,41,41.0,YOLO,1,32,0.0,18.281481556973617,0.0,"[0, 0, 0, 0, 0, 0, 0, 0, 0, 0]"
20250721_013912_650,-14,41,41,13.1,16.167280053738736,-83.34926261901856,-83.34926261901856,0.0909709930419921,0.5295829772949219,41,40.0,NeighborSearch,2,41,13.1,19.263291057687468,-1.0,"[0, 0, 0, 0, 0, 0, 0, 0, 0, -1]"
20250721_013913_272,-14,39,39,10.2,19.38374902880834,-83.35355491638184,-83.35355491638184,0.0970642566680908,0.1016817092895507,39,39.0,YOLO,1,41,13.1,19.38374902880834,0.0,"[0, 0, 0, 0, 0, 0, 0, 0, -1, 0]"
20250721_013913_472,-14,39,39,10.2,20.212876505122168,-82.53567771911621,-82.53567771911621,0.0932285785675048,0.158191442489624,39,39.0,YOLO,1,41,13.1,20.212876505122168,0.0,"[0, 0, 0, 0, 0, 0, 0, -1, 0, 0]"
20250721_013913_725,-14,40,40,11.6,20.24639942713938,-82.47826385498047,-82.47826385498047,0.0929911136627197,0.1016392707824707,40,40.0,YOLO,1,41,13.1,20.24639942713938,0.0,"[0, 0, 0, 0, 0, 0, -1, 0, 0, 0]"
20250721_013913_921,-14,40,40,11.6,19.54706175533101,-83.07966003417968,-83.07966003417968,0.0941431522369384,0.1582076549530029,40,40.0,YOLO,1,41,13.1,19.54706175533101,0.0,"[0, 0, 0, 0, 0, -1, 0, 0, 0, 0]"
20250721_013914_175,-14,40,40,11.6,19.591096315475298,-83.04328155517578,-83.04328155517578,0.0957963466644287,0.1017324924468994,40,40.0,YOLO,1,41,13.1,19.591096315475298,0.0,"[0, 0, 0, 0, -1, 0, 0, 0, 0, 0]"
20250721_013914_374,-14,40,40,11.6,19.54151590977497,-83.17370071411133,-83.17370071411133,0.0958876609802246,0.1582157611846923,40,40.0,YOLO,1,41,13.1,19.54151590977497,0.0,"[0, 0, 0, -1, 0, 0, 0, 0, 0, 0]"
20250721_013914_629,-14,40,40,11.6,19.560936983589517,-83.06437606811524,-83.06437606811524,0.0892808437347412,0.1017398834228515,40,40.0,YOLO,1,41,13.1,19.560936983589517,0.0,"[0, 0, -1, 0, 0, 0, 0, 0, 0, 0]"
20250721_013914_822,-14,40,40,11.6,19.53202454996,-83.06581497192383,-83.06581497192383,0.0998852252960205,0.1581733226776123,40,40.0,YOLO,1,41,13.1,19.53202454996,0.0,"[0, -1, 0, 0, 0, 0, 0, 0, 0, 0]"
20250721_013915_081,-14,40,40,11.6,19.46710642109524,-83.21001625061035,-83.21001625061035,0.0907974243164062,0.1017112731933593,40,40.0,YOLO,1,41,13.1,19.46710642109524,0.0,"[-1, 0, 0, 0, 0, 0, 0, 0, 0, 0]"
20250721_013915_275,-14,40,40,11.6,19.34860050418544,-83.23171920776367,-83.23171920776367,0.0966830253601074,0.1581032276153564,40,40.0,YOLO,1,41,13.1,19.34860050418544,0.0,"[0, 0, 0, 0, 0, 0, 0, 0, 0, 0]"
20250721_013915_531,-14,40,40,11.6,19.414971705100967,-83.1915054321289,-83.1915054321289,0.0946798324584961,0.1018257141113281,40,40.0,YOLO,1,41,13.1,19.414971705100967,0.0,"[0, 0, 0, 0, 0, 0, 0, 0, 0, 0]"
20250721_013915_729,-14,40,40,11.6,19.34778648922413,-83.24900703430175,-83.24900703430175,0.0945615768432617,0.1581125259399414,40,40.0,YOLO,1,41,13.1,19.34778648922413,0.0,"[0, 0, 0, 0, 0, 0, 0, 0, 0, 0]"
20250721_013915_983,-14,40,40,11.6,19.415730255166764,-83.24438972473145,-83.24438972473145,0.0915875434875488,0.1019046306610107,40,40.0,YOLO,1,41,13.1,19.415730255166764,0.0,"[0, 0, 0, 0, 0, 0, 0, 0, 0, 0]"
20250721_013916_178,-14,40,40,11.6,19.33174023876981,-83.29999122619628,-83.29999122619628,0.0997960567474365,0.1582210063934326,40,40.0,YOLO,1,41,13.1,19.33174023876981,0.0,"[0, 0, 0, 0, 0, 0, 0, 0, 0, 0]"
20250721_013916_438,-13,39,39,10.2,19.376864645648112,-83.14629364013672,-83.14629364013672,0.0922422409057617,0.1017317771911621,39,39.0,YOLO,1,41,13.1,19.376864645648112,0.0,"[0, 0, 0, 0, 0, 0, 0, 0, 0, 0]"
20250721_013916_633,-13,40,40,11.6,18.02827699619029,-84.5958251953125,-84.5958251953125,0.1026334762573242,0.1581032276153564,40,40.0,YOLO,1,41,13.1,18.02827699619029,0.0,"[0, 0, 0, 0, 0, 0, 0, 0, 0, 0]"
20250721_013916_895,-13,39,39,10.2,18.149642864135515,-84.35260162353515,-84.35260162353515,0.0923562049865722,0.10184907913208,39,39.0,YOLO,1,41,13.1,18.149642864135515,0.0,"[0, 0, 0, 0, 0, 0, 0, 0, 0, 0]"
20250721_013917_091,-13,39,39,10.2,19.82310305735368,-82.84225311279297,-82.84225311279297,0.0989537239074707,0.1581437587738037,39,39.0,YOLO,1,41,13.1,19.82310305735368,0.0,"[0, 0, 0, 0, 0, 0, 0, 0, 0, 0]"
20250721_013917_350,-13,39,39,10.2,19.70386372882612,-82.90094108581543,-82.90094108581543,0.0909898281097412,0.1018590927124023,39,39.0,YOLO,1,41,13.1,19.70386372882612,0.0,"[0, 0, 0, 0, 0, 0, 0, 0, 0, 0]"
20250721_013917_544,-13,39,39,10.2,19.93754186696482,-82.58222198486328,-82.58222198486328,0.0995733737945556,0.1580843925476074,39,39.0,YOLO,1,41,13.1,19.93754186696482,0.0,"[0, 0, 0, 0, 0, 0, 0, 0, 0, 0]"
20250721_013917_803,-13,39,39,10.2,20.04241125675523,-82.6248779296875,-82.6248779296875,0.092463731765747,0.1018478870391845,39,39.0,YOLO,1,41,13.1,20.04241125675523,0.0,"[0, 0, 0, 0, 0, 0, 0, 0, 0, 0]"
20250721_013917_999,-13,39,39,10.2,19.961515369811835,-82.76014442443848,-82.76014442443848,0.0997252464294433,0.158219575881958,39,39.0,YOLO,1,41,13.1,19.961515369811835,0.0,"[0, 0, 0, 0, 0, 0, 0, 0, 0, 0]"
20250721_013918_258,-13,39,39,10.2,19.77938647269777,-82.92784118652344,-82.92784118652344,0.089059829711914,0.1017792224884033,39,39.0,YOLO,1,41,13.1,19.77938647269777,0.0,"[0, 0, 0, 0, 0, 0, 0, 0, 0, 0]"
20250721_013918_451,-13,39,39,10.2,19.825987719803564,-82.84274291992188,-82.84274291992188,0.096271276473999,0.1581180095672607,39,39.0,YOLO,1,41,13.1,19.825987719803564,0.0,"[0, 0, 0, 0, 0, 0, 0, 0, 0, 0]"
20250721_013918_706,-13,39,39,10.2,19.790733371791237,-82.73215827941894,-82.73215827941894,0.0940613746643066,0.1017005443572998,39,39.0,YOLO,1,41,13.1,19.790733371791237,0.0,"[0, 0, 0, 0, 0, 0, 0, 0, 0, 0]"
20250721_013918_904,-13,39,39,10.2,19.855520644218814,-82.83813743591308,-82.83813743591308,0.0966444015502929,0.1581628322601318,39,39.0,YOLO,1,41,13.1,19.855520644218814,0.0,"[0, 0, 0, 0, 0, 0, 0, 0, 0, 0]"
20250721_013919_160,-13,39,39,10.2,19.874019091376468,-82.72472076416015,-82.72472076416015,0.0922672748565673,0.1016681194305419,39,39.0,YOLO,1,41,13.1,19.874019091376468,0.0,"[0, 0, 0, 0, 0, 0, 0, 0, 0, 0]"
20250721_013919_355,-13,39,39,10.2,19.81746744124524,-82.82514190673828,-82.82514190673828,0.1013696193695068,0.1581881046295166,39,39.0,YOLO,1,41,13.1,19.81746744124524,0.0,"[0, 0, 0, 0, 0, 0, 0, 0, 0, 0]"
20250721_013919_616,-13,39,39,10.2,19.78013960835536,-82.86386489868164,-82.86386489868164,0.0886135101318359,0.1016643047332763,39,39.0,YOLO,1,41,13.1,19.78013960835536,0.0,"[0, 0, 0, 0, 0, 0, 0, 0, 0, 0]"
20250721_013919_808,-13,39,39,10.2,19.90197457272073,-82.77593688964843,-82.77593688964843,0.0940761566162109,0.1582145690917968,39,39.0,YOLO,1,41,13.1,19.90197457272073,0.0,"[0, 0, 0, 0, 0, 0, 0, 0, 0, 0]"
20250721_013920_062,-13,39,39,10.2,19.956183506494227,-82.66391792297364,-82.66391792297364,0.0886256694793701,0.1016957759857177,39,39.0,YOLO,1,41,13.1,19.956183506494227,0.0,"[0, 0, 0, 0, 0, 0, 0, 0, 0, 0]"
20250721_013920_253,-13,39,39,10.2,19.920563986927306,-82.72623863220215,-82.72623863220215,0.0968656539916992,0.1582226753234863,39,39.0,YOLO,1,41,13.1,19.920563986927306,0.0,"[0, 0, 0, 0, 0, 0, 0, 0, 0, 0]"
20250721_013920_510,-12,39,39,10.2,19.78935327072398,-82.8545150756836,-82.8545150756836,0.0926177501678466,0.1017341613769531,39,39.0,YOLO,1,41,13.1,19.78935327072398,0.0,"[0, 0, 0, 0, 0, 0, 0, 0, 0, 0]"
20250721_013920_706,-12,39,39,10.2,18.76106880579667,-83.89944610595703,-83.89944610595703,0.1032054424285888,0.1580870151519775,39,39.0,YOLO,1,41,13.1,18.76106880579667,0.0,"[0, 0, 0, 0, 0, 0, 0, 0, 0, 0]"
20250721_013920_969,-12,38,38,8.7,18.593467556609028,-83.96949653625488,-83.96949653625488,0.0837552547454834,0.1017737388610839,38,38.0,YOLO,1,41,13.1,18.593467556609028,0.0,"[0, 0, 0, 0, 0, 0, 0, 0, 0, 0]"
20250721_013921_156,-12,38,38,8.7,19.916215215129483,-82.88201942443848,-82.88201942443848,0.0886268615722656,0.1581525802612304,38,38.0,YOLO,1,41,13.1,19.916215215129483,0.0,"[0, 0, 0, 0, 0, 0, 0, 0, 0, 0]"
20250721_013921_404,-12,38,38,8.7,19.78629465471729,-82.70008850097656,-82.70008850097656,0.0887732505798339,0.101813793182373,38,38.0,YOLO,1,41,13.1,19.78629465471729,0.0,"[0, 0, 0, 0, 0, 0, 0, 0, 0, 0]"
20250721_013921_596,-12,38,38,8.7,20.371117474152697,-82.3116554260254,-82.3116554260254,0.0966458320617675,0.1581873893737793,38,38.0,YOLO,1,41,13.1,20.371117474152697,0.0,"[0, 0, 0, 0, 0, 0, 0, 0, 0, 0]"
20250721_013921_852,-12,38,38,8.7,20.23023733002884,-82.24156188964844,-82.24156188964844,0.0846428871154785,0.1017320156097412,38,38.0,YOLO,1,41,13.1,20.23023733002884,0.0,"[0, 0, 0, 0, 0, 0, 0, 0, 0, 0]"
20250721_013922_040,-12,38,38,8.7,20.49983718928607,-82.0330867767334,-82.0330867767334,0.0957262516021728,0.1581571102142334,38,38.0,YOLO,1,41,13.1,20.49983718928607,0.0,"[0, 0, 0, 0, 0, 0, 0, 0, 0, 0]"
20250721_013922_295,-12,38,38,8.7,20.464682606990397,-82.24130592346191,-82.24130592346191,0.0903894901275634,0.1017742156982421,38,38.0,YOLO,1,41,13.1,20.464682606990397,0.0,"[0, 0, 0, 0, 0, 0, 0, 0, 0, 0]"
20250721_013922_489,-12,38,38,8.7,20.30062066830078,-82.3737564086914,-82.3737564086914,0.0978460311889648,0.158177375793457,38,38.0,YOLO,1,41,13.1,20.30062066830078,0.0,"[0, 0, 0, 0, 0, 0, 0, 0, 0, 0]"
20250721_013922_746,-12,39,39,10.2,20.51890131102688,-82.1487045288086,-82.1487045288086,0.0931501388549804,0.1017515659332275,39,39.0,YOLO,1,41,13.1,20.51890131102688,0.0,"[0, 0, 0, 0, 0, 0, 0, 0, 0, 0]"
20250721_013922_943,-12,39,39,10.2,19.119382637968695,-83.49208450317383,-83.49208450317383,0.096515417098999,0.1581177711486816,39,39.0,YOLO,1,41,13.1,19.119382637968695,0.0,"[0, 0, 0, 0, 0, 0, 0, 0, 0, 0]"
20250721_013923_199,-12,38,38,8.7,18.974603734724184,-83.6009750366211,-83.6009750366211,0.0912768840789794,0.1017544269561767,38,38.0,YOLO,1,41,13.1,18.974603734724184,0.0,"[0, 0, 0, 0, 0, 0, 0, 0, 0, 0]"
20250721_013923_393,-12,38,38,8.7,19.83142257807802,-82.72585830688476,-82.72585830688476,0.1011953353881836,0.1581571102142334,38,38.0,YOLO,1,41,13.1,19.83142257807802,0.0,"[0, 0, 0, 0, 0, 0, 0, 0, 0, 0]"
20250721_013923_654,-12,38,38,8.7,19.86258707348138,-82.82514190673828,-82.82514190673828,0.0898623466491699,0.1016979217529296,38,38.0,YOLO,1,41,13.1,19.86258707348138,0.0,"[0, 0, 0, 0, 0, 0, 0, 0, 0, 0]"
20250721_013923_847,-12,38,38,8.7,20.215896362943056,-82.47826385498047,-82.47826385498047,0.0964212417602539,0.158116340637207,38,38.0,YOLO,1,41,13.1,20.215896362943056,0.0,"[0, 0, 0, 0, 0, 0, 0, 0, 0, 0]"
20250721_013924_103,-12,38,38,8.7,20.22486976481646,-82.4513168334961,-82.4513168334961,0.0886940956115722,0.1017279624938964,38,38.0,YOLO,1,41,13.1,20.22486976481646,0.0,"[0, 0, 0, 0, 0, 0, 0, 0, 0, 0]"
20250721_013924_295,-12,38,38,8.7,20.196021989033014,-82.45024490356445,-82.45024490356445,0.0994479656219482,0.158135175704956,38,38.0,YOLO,1,41,13.1,20.196021989033014,0.0,"[0, 0, 0, 0, 0, 0, 0, 0, 0, 0]"
20250721_013924_554,-11,38,38,8.7,20.16074021249604,-82.51591758728027,-82.51591758728027,0.0928144454956054,0.1018111705780029,38,38.0,YOLO,1,41,13.1,20.16074021249604,0.0,"[0, 0, 0, 0, 0, 0, 0, 0, 0, 0]"
20250721_013924_750,-11,38,38,8.7,19.05271409151335,-83.5916519165039,-83.5916519165039,0.0922563076019287,0.1581475734710693,38,38.0,YOLO,1,41,13.1,19.05271409151335,0.0,"[0, 0, 0, 0, 0, 0, 0, 0, 0, 0]"
20250721_013925_002,-11,38,38,8.7,19.1182891164934,-83.5716724395752,-83.5716724395752,0.0909492969512939,0.1018390655517578,38,38.0,YOLO,1,41,13.1,19.1182891164934,0.0,"[0, 0, 0, 0, 0, 0, 0, 0, 0, 0]"
20250721_013925_196,-11,38,38,8.7,18.88987135767401,-83.62672424316406,-83.62672424316406,0.1014947891235351,0.1581935882568359,38,38.0,YOLO,1,41,13.1,18.88987135767401,0.0,"[0, 0, 0, 0, 0, 0, 0, 0, 0, 0]"
20250721_013925_457,-11,38,38,8.7,18.837257081397155,-83.77148323059082,-83.77148323059082,0.0924239158630371,0.1017868518829345,38,38.0,YOLO,1,41,13.1,18.837257081397155,0.0,"[0, 0, 0, 0, 0, 0, 0, 0, 0, 0]"
20250721_013925_653,-11,38,38,8.7,19.253398658352737,-83.45571441650391,-83.45571441650391,0.0960826873779296,0.1581606864929199,38,38.0,YOLO,1,41,13.1,19.253398658352737,0.0,"[0, 0, 0, 0, 0, 0, 0, 0, 0, 0]"
20250721_013925_909,-11,38,38,8.7,19.145566256653154,-83.54532623291016,-83.54532623291016,0.0885772705078125,0.1018135547637939,38,38.0,YOLO,1,41,13.1,19.145566256653154,0.0,"[0, 0, 0, 0, 0, 0, 0, 0, 0, 0]"
20250721_013926_101,-11,38,38,8.7,19.36799808876448,-83.30053329467773,-83.30053329467773,0.0995547771453857,0.1581065654754638,38,38.0,YOLO,1,41,13.1,19.36799808876448,0.0,"[0, 0, 0, 0, 0, 0, 0, 0, 0, 0]"
20250721_013926_360,-11,38,38,8.7,19.38366847304148,-83.11770133972168,-83.11770133972168,0.0904352664947509,0.101839542388916,38,38.0,YOLO,1,41,13.1,19.38366847304148,0.0,"[0, 0, 0, 0, 0, 0, 0, 0, 0, 0]"
20250721_013926_554,-11,38,38,8.7,19.717209953051423,-82.88983192443848,-82.88983192443848,0.0972988605499267,0.1582181453704834,38,38.0,YOLO,1,41,13.1,19.717209953051423,0.0,"[0, 0, 0, 0, 0, 0, 0, 0, 0, 0]"
20250721_013926_811,-11,38,38,8.7,19.63185948950276,-82.99227142333984,-82.99227142333984,0.0949923992156982,0.1018679141998291,38,38.0,YOLO,1,41,13.1,19.63185948950276,0.0,"[0, 0, 0, 0, 0, 0, 0, 0, 0, 0]"
20250721_013927_009,-11,38,38,8.7,19.24470358932713,-83.37266311645507,-83.37266311645507,0.100682258605957,0.158128023147583,38,38.0,YOLO,1,41,13.1,19.24470358932713,0.0,"[0, 0, 0, 0, 0, 0, 0, 0, 0, 0]"
20250721_013927_270,-11,38,38,8.7,19.194720644917908,-83.42624435424804,-83.42624435424804,0.092376708984375,0.1019568443298339,38,38.0,YOLO,1,41,13.1,19.194720644917908,0.0,"[0, 0, 0, 0, 0, 0, 0, 0, 0, 0]"
20250721_013927_465,-11,38,38,8.7,18.83343952556382,-83.73330497741699,-83.73330497741699,0.1019279956817627,0.1581947803497314,38,38.0,YOLO,1,41,13.1,18.83343952556382,0.0,"[0, 0, 0, 0, 0, 0, 0, 0, 0, 0]"
20250721_013927_727,-11,38,38,8.7,18.847873138051654,-83.77148323059082,-83.77148323059082,0.0915093421936035,0.1019861698150634,38,38.0,YOLO,1,41,13.1,18.847873138051654,0.0,"[0, 0, 0, 0, 0, 0, 0, 0, 0, 0]"
20250721_013927_922,-11,38,38,8.7,19.18698573477674,-83.45639038085938,-83.45639038085938,0.0969769954681396,0.1582865715026855,38,38.0,YOLO,1,41,13.1,19.18698573477674,0.0,"[0, 0, 0, 0, 0, 0, 0, 0, 0, 0]"
20250721_013928_179,-11,38,38,8.7,19.36077236103145,-83.25138092041016,-83.25138092041016,0.0860347747802734,0.1021027565002441,38,38.0,YOLO,1,41,13.1,19.36077236103145,0.0,"[0, 0, 0, 0, 0, 0, 0, 0, 0, 0]"
20250721_013928_368,-10,38,38,8.7,19.51944721504121,-83.2337631225586,-83.2337631225586,0.0891740322113037,0.1586003303527832,38,38.0,YOLO,1,41,13.1,19.51944721504121,0.0,"[0, 0, 0, 0, 0, 0, 0, 0, 0, 0]"
20250721_013928_618,-10,38,38,8.7,18.517773830249865,-84.04276275634766,-84.04276275634766,0.093229055404663,0.1020584106445312,38,38.0,YOLO,1,41,13.1,18.517773830249865,0.0,"[0, 0, 0, 0, 0, 0, 0, 0, 0, 0]"
20250721_013928_815,-10,37,37,7.3,18.898810142602255,-83.75537109375,-83.75537109375,0.0901758670806884,0.1586008071899414,37,37.0,YOLO,1,41,13.1,18.898810142602255,0.0,"[0, 0, 0, 0, 0, 0, 0, 0, 0, 0]"
20250721_013929_065,-10,37,37,7.3,18.94650772288256,-83.60763587951661,-83.60763587951661,0.0911493301391601,0.1022381782531738,37,37.0,YOLO,1,41,13.1,18.94650772288256,0.0,"[0, 0, 0, 0, 0, 0, 0, 0, 0, 0]"
20250721_013929_260,-10,37,37,7.3,19.77263874911121,-82.86386489868164,-82.86386489868164,0.0948486328125,0.1589570045471191,37,37.0,YOLO,1,41,13.1,19.77263874911121,0.0,"[0, 0, 0, 0, 0, 0, 0, 0, 0, 0]"
20250721_013929_516,-10,37,37,7.3,19.775006323585217,-82.77777061462402,-82.77777061462402,0.0917549133300781,0.1022496223449707,37,37.0,YOLO,1,41,13.1,19.775006323585217,0.0,"[0, 0, 0, 0, 0, 0, 0, 0, 0, 0]"
20250721_013929_712,-10,37,37,7.3,19.648065974666693,-82.99805526733398,-82.99805526733398,0.1002149581909179,0.1583149433135986,37,37.0,YOLO,1,41,13.1,19.648065974666693,0.0,"[0, 0, 0, 0, 0, 0, 0, 0, 0, 0]"
20250721_013929_972,-10,37,37,7.3,19.57157025716471,-83.02484893798828,-83.02484893798828,0.0899655818939209,0.1017189025878906,37,37.0,YOLO,1,41,13.1,19.57157025716471,0.0,"[0, 0, 0, 0, 0, 0, 0, 0, 0, 0]"
20250721_013930_165,-10,37,37,7.3,19.250237132537592,-83.2330150604248,-83.2330150604248,0.098909854888916,0.1581628322601318,37,37.0,YOLO,1,41,13.1,19.250237132537592,0.0,"[0, 0, 0, 0, 0, 0, 0, 0, 0, 0]"
20250721_013930_423,-10,37,37,7.3,19.354053420931663,-83.23171920776367,-83.23171920776367,0.0924055576324462,0.1017780303955078,37,37.0,YOLO,1,41,13.1,19.354053420931663,0.0,"[0, 0, 0, 0, 0, 0, 0, 0, 0, 0]"
20250721_013930_619,-10,37,37,7.3,19.60204451446765,-82.94385528564453,-82.94385528564453,0.0971531867980957,0.158642292022705,37,37.0,YOLO,1,41,13.1,19.60204451446765,0.0,"[0, 0, 0, 0, 0, 0, 0, 0, 0, 0]"
20250721_013930_877,-10,37,37,7.3,19.446551460831927,-83.19990539550781,-83.19990539550781,0.0888810157775878,0.1021294593811035,37,37.0,YOLO,1,41,13.1,19.446551460831927,0.0,"[0, 0, 0, 0, 0, 0, 0, 0, 0, 0]"
20250721_013931_069,-10,37,37,7.3,19.249580813042314,-83.35377502441406,-83.35377502441406,0.102341890335083,0.1583232879638672,37,37.0,YOLO,1,41,13.1,19.249580813042314,0.0,"[0, 0, 0, 0, 0, 0, 0, 0, 0, 0]"
20250721_013931_331,-10,37,37,7.3,19.20520125547368,-83.30325851440429,-83.30325851440429,0.0905561447143554,0.1017954349517822,37,37.0,YOLO,1,41,13.1,19.20520125547368,0.0,"[0, 0, 0, 0, 0, 0, 0, 0, 0, 0]"
20250721_013931_525,-10,37,37,7.3,19.189981032978025,-83.3927505493164,-83.3927505493164,0.0934925079345703,0.1581158638000488,37,37.0,YOLO,1,41,13.1,19.189981032978025,0.0,"[0, 0, 0, 0, 0, 0, 0, 0, 0, 0]"
20250721_013931_778,-10,37,37,7.3,19.287161548825765,-83.27729797363281,-83.27729797363281,0.0922186374664306,0.1017634868621826,37,37.0,YOLO,1,41,13.1,19.287161548825765,0.0,"[0, 0, 0, 0, 0, 0, 0, 0, 0, 0]"
20250721_013931_974,-10,37,37,7.3,19.30602518970015,-83.41986618041992,-83.41986618041992,0.0895721912384033,0.158074140548706,37,37.0,YOLO,1,41,13.1,19.30602518970015,0.0,"[0, 0, 0, 0, 0, 0, 0, 0, 0, 0]"
20250721_013932_223,-10,37,37,7.3,19.24165771233933,-83.30053329467773,-83.30053329467773,0.0879931449890136,0.1017522811889648,37,37.0,YOLO,1,41,13.1,19.24165771233933,0.0,"[0, 0, 0, 0, 0, 0, 0, 0, 0, 0]"
20250721_013932_414,-9,37,37,7.3,18.487122044785707,-84.17829856872558,-84.17829856872558,0.1005654335021972,0.1585001945495605,37,37.0,YOLO,1,41,13.1,18.487122044785707,0.0,"[0, 0, 0, 0, 0, 0, 0, 0, 0, 0]"
20250721_013932_675,-9,37,37,7.3,18.15605884256044,-84.59157218933106,-84.59157218933106,0.0936255455017089,0.1018745899200439,37,37.0,YOLO,1,41,13.1,18.15605884256044,0.0,"[0, 0, 0, 0, 0, 0, 0, 0, 0, 0]"
20250721_013932_872,-9,36,36,5.8,19.778470037564844,-82.65856170654297,-82.65856170654297,0.0881619453430175,0.1581916809082031,36,36.0,YOLO,1,41,13.1,19.778470037564844,0.0,"[0, 0, 0, 0, 0, 0, 0, 0, 0, 0]"
20250721_013933_120,-9,36,36,5.8,19.845744891686124,-82.78627014160156,-82.78627014160156,0.0930871963500976,0.1017100811004638,36,36.0,YOLO,1,41,13.1,19.845744891686124,0.0,"[0, 0, 0, 0, 0, 0, 0, 0, 0, 0]"
20250721_013933_316,-9,36,36,5.8,20.112287556387276,-82.49243545532227,-82.49243545532227,0.0985360145568847,0.1581711769104004,36,36.0,YOLO,1,41,13.1,20.112287556387276,0.0,"[0, 0, 0, 0, 0, 0, 0, 0, 0, 0]"
20250721_013933_574,-9,36,36,5.8,20.015530021451568,-82.60618476867675,-82.60618476867675,0.0964212417602539,0.1017966270446777,36,36.0,YOLO,1,41,13.1,20.015530021451568,0.0,"[0, 0, 0, 0, 0, 0, 0, 0, 0, 0]"
20250721_013933_774,-9,36,36,5.8,19.75074135073376,-82.90133666992188,-82.90133666992188,0.0959715843200683,0.1583061218261718,36,36.0,YOLO,1,41,13.1,19.75074135073376,0.0,"[0, 0, 0, 0, 0, 0, 0, 0, 0, 0]"
20250721_013934_030,-9,36,36,5.8,19.64552165408655,-83.03456840515136,-83.03456840515136,0.0902860164642334,0.101722240447998,36,36.0,YOLO,1,41,13.1,19.64552165408655,0.0,"[0, 0, 0, 0, 0, 0, 0, 0, 0, 0]"
20250721_013934_223,-9,36,36,5.8,20.138862050767216,-82.49252548217774,-82.49252548217774,0.0993182659149169,0.1582152843475341,36,36.0,YOLO,1,41,13.1,20.138862050767216,0.0,"[0, 0, 0, 0, 0, 0, 0, 0, 0, 0]"
20250721_013934_482,-9,36,36,5.8,19.942198843153008,-82.62571640014649,-82.62571640014649,0.0814809799194336,0.1016921997070312,36,36.0,YOLO,1,41,13.1,19.942198843153008,0.0,"[0, 0, 0, 0, 0, 0, 0, 0, 0, 0]"
20250721_013934_667,-9,36,36,5.8,19.854826301762785,-82.73168182373047,-82.73168182373047,0.0999937057495117,0.1580722332000732,36,36.0,YOLO,1,41,13.1,19.854826301762785,0.0,"[0, 0, 0, 0, 0, 0, 0, 0, 0, 0]"
20250721_013934_926,-9,36,36,5.8,19.646206409670512,-82.96689529418946,-82.96689529418946,0.0921497344970703,0.1017370223999023,36,36.0,YOLO,1,41,13.1,19.646206409670512,0.0,"[0, 0, 0, 0, 0, 0, 0, 0, 0, 0]"
20250721_013935_122,-9,36,36,5.8,19.59774726287208,-82.94305458068848,-82.94305458068848,0.094034194946289,0.1581306457519531,36,36.0,YOLO,1,41,13.1,19.59774726287208,0.0,"[0, 0, 0, 0, 0, 0, 0, 0, 0, 0]"
20250721_013935_375,-9,36,36,5.8,19.66864128233377,-83.03067626953126,-83.03067626953126,0.0935368537902832,0.1019296646118164,36,36.0,YOLO,1,41,13.1,19.66864128233377,0.0,"[0, 0, 0, 0, 0, 0, 0, 0, 0, 0]"
20250721_013935_572,-9,36,36,5.8,19.782483966218194,-82.79955940246582,-82.79955940246582,0.0985352993011474,0.1581566333770752,36,36.0,YOLO,1,41,13.1,19.782483966218194,0.0,"[0, 0, 0, 0, 0, 0, 0, 0, 0, 0]"
20250721_013935_830,-9,36,36,5.8,19.95909958890809,-82.65480041503906,-82.65480041503906,0.0905654430389404,0.1017291545867919,36,36.0,YOLO,1,41,13.1,19.95909958890809,0.0,"[0, 0, 0, 0, 0, 0, 0, 0, 0, 0]"
20250721_013936_024,-9,36,36,5.8,19.944803853695248,-82.84254684448243,-82.84254684448243,0.0981538295745849,0.1580963134765625,36,36.0,YOLO,1,41,13.1,19.944803853695248,0.0,"[0, 0, 0, 0, 0, 0, 0, 0, 0, 0]"
20250721_013936_282,-9,36,36,5.8,19.87303507745014,-82.69439697265625,-82.69439697265625,0.093846321105957,0.1017680168151855,36,36.0,YOLO,1,41,13.1,19.87303507745014,0.0,"[0, 0, 0, 0, 0, 0, 0, 0, 0, 0]"
20250721_013936_479,-8,36,36,5.8,19.04874388916372,-83.54532623291016,-83.54532623291016,0.0949571132659912,0.1582295894622802,36,36.0,YOLO,1,41,13.1,19.04874388916372,0.0,"[0, 0, 0, 0, 0, 0, 0, 0, 0, 0]"
20250721_013936_734,-8,36,36,5.8,19.230565949414824,-83.40846061706543,-83.40846061706543,0.0889124870300293,0.1017258167266845,36,36.0,YOLO,1,41,13.1,19.230565949414824,0.0,"[0, 0, 0, 0, 0, 0, 0, 0, 0, 0]"
20250721_013936_926,-8,35,35,4.4,19.66209355630862,-82.9969425201416,-82.9969425201416,0.0967993736267089,0.1581461429595947,35,35.0,YOLO,1,41,13.1,19.66209355630862,0.0,"[0, 0, 0, 0, 0, 0, 0, 0, 0, 0]"
20250721_013937_182,-8,35,35,4.4,19.50548350264617,-83.14031410217285,-83.14031410217285,0.0879592895507812,0.1018555164337158,35,35.0,YOLO,1,41,13.1,19.50548350264617,0.0,"[0, 0, 0, 0, 0, 0, 0, 0, 0, 0]"
20250721_013937_373,-8,35,35,4.4,19.348855000163383,-83.27686500549316,-83.27686500549316,0.096135139465332,0.1582508087158203,35,35.0,YOLO,1,41,13.1,19.348855000163383,0.0,"[0, 0, 0, 0, 0, 0, 0, 0, 0, 0]"
20250721_013937_629,-8,35,35,4.4,19.24524023383857,-83.31154289245606,-83.31154289245606,0.0921566486358642,0.101680040359497,35,35.0,YOLO,1,41,13.1,19.24524023383857,0.0,"[0, 0, 0, 0, 0, 0, 0, 0, 0, 0]"
20250721_013937_825,-8,36,36,5.8,19.56499937940285,-83.04317893981934,-83.04317893981934,0.0955467224121093,0.1580841541290283,36,36.0,YOLO,1,41,13.1,19.56499937940285,0.0,"[0, 0, 0, 0, 0, 0, 0, 0, 0, 0]"
20250721_013938_080,-8,36,36,5.8,19.35590050445225,-83.21492767333984,-83.21492767333984,0.0924098491668701,0.1017689704895019,36,36.0,YOLO,1,41,13.1,19.35590050445225,0.0,"[0, 0, 0, 0, 0, 0, 0, 0, 0, 0]"
20250721_013938_275,-8,36,36,5.8,19.437925085423814,-83.15712776184083,-83.15712776184083,0.0937397480010986,0.1582694053649902,36,36.0,YOLO,1,41,13.1,19.437925085423814,0.0,"[0, 0, 0, 0, 0, 0, 0, 0, 0, 0]"
20250721_013938_529,-8,36,36,5.8,19.5651952553403,-83.04122924804688,-83.04122924804688,0.0917670726776123,0.101792573928833,36,36.0,YOLO,1,41,13.1,19.5651952553403,0.0,"[0, 0, 0, 0, 0, 0, 0, 0, 0, 0]"
20250721_013938_724,-8,36,36,5.8,19.23923678307304,-83.39341621398925,-83.39341621398925,0.0939106941223144,0.1581380367279052,36,36.0,YOLO,1,41,13.1,19.23923678307304,0.0,"[0, 0, 0, 0, 0, 0, 0, 0, 0, 0]"
20250721_013938_977,-8,36,36,5.8,19.315467219955597,-83.25127296447754,-83.25127296447754,0.0891880989074707,0.1017858982086181,36,36.0,YOLO,1,41,13.1,19.315467219955597,0.0,"[0, 0, 0, 0, 0, 0, 0, 0, 0, 0]"
20250721_013939_170,-8,36,36,5.8,19.20057932476212,-83.49208450317383,-83.49208450317383,0.0916285514831543,0.1580638885498047,36,36.0,YOLO,1,41,13.1,19.20057932476212,0.0,"[0, 0, 0, 0, 0, 0, 0, 0, 0, 0]"
20250721_013939_421,-8,35,35,4.4,18.957532554449088,-83.63788604736328,-83.63788604736328,0.233062744140625,0.1018064022064209,35,35.0,YOLO,1,41,13.1,18.957532554449088,0.0,"[0, 0, 0, 0, 0, 0, 0, 0, 0, 0]"
20250721_013939_757,-8,35,35,4.4,19.60096967340749,-82.92784118652344,-82.92784118652344,0.0871622562408447,0.1581230163574218,35,35.0,YOLO,1,41,13.1,19.60096967340749,0.0,"[0, 0, 0, 0, 0, 0, 0, 0, 0, 0]"
20250721_013940_004,-8,35,35,4.4,19.671543468832056,-82.98153343200684,-82.98153343200684,0.0874288082122802,0.1017584800720214,35,35.0,YOLO,1,41,13.1,19.671543468832056,0.0,"[0, 0, 0, 0, 0, 0, 0, 0, 0, 0]"
20250721_013940_195,-8,35,35,4.4,19.65654391455476,-82.8545150756836,-82.8545150756836,0.0913124084472656,0.1581912040710449,35,35.0,YOLO,1,41,13.1,19.65654391455476,0.0,"[0, 0, 0, 0, 0, 0, 0, 0, 0, 0]"
20250721_013940_446,-7,35,35,4.4,19.7044969376943,-83.00914573669434,-83.00914573669434,0.0907611846923828,0.1018002033233642,35,35.0,YOLO,1,41,13.1,19.7044969376943,0.0,"[0, 0, 0, 0, 0, 0, 0, 0, 0, 0]"
20250721_013940_639,-7,35,35,4.4,18.48324699211794,-84.14881324768066,-84.14881324768066,0.0992107391357421,0.1581981182098388,35,35.0,YOLO,1,41,13.1,18.48324699211794,0.0,"[0, 0, 0, 0, 0, 0, 0, 0, 0, 0]"
20250721_013940_898,-7,35,35,4.4,18.483620775188868,-84.03244018554688,-84.03244018554688,0.0898528099060058,0.1017439365386962,35,35.0,YOLO,1,41,13.1,18.483620775188868,0.0,"[0, 0, 0, 0, 0, 0, 0, 0, 0, 0]"
20250721_013941_091,-7,35,35,4.4,18.252574123978007,-84.29540252685547,-84.29540252685547,0.0929055213928222,0.1581072807312011,35,35.0,YOLO,1,41,13.1,18.252574123978007,0.0,"[0, 0, 0, 0, 0, 0, 0, 0, 0, 0]"
20250721_013941_344,-7,35,35,4.4,18.42651392392648,-84.27220153808594,-84.27220153808594,0.090806245803833,0.1018726825714111,35,35.0,YOLO,1,41,13.1,18.42651392392648,0.0,"[0, 0, 0, 0, 0, 0, 0, 0, 0, 0]"
20250721_013941_538,-7,35,35,4.4,18.27020937361155,-84.29814910888672,-84.29814910888672,0.0904173851013183,0.1581721305847168,35,35.0,YOLO,1,41,13.1,18.27020937361155,0.0,"[0, 0, 0, 0, 0, 0, 0, 0, 0, 0]"
20250721_013941_788,-7,35,35,4.4,18.379410558001723,-84.18936958312989,-84.18936958312989,0.0927438735961914,0.101741075515747,35,35.0,YOLO,1,41,13.1,18.379410558001723,0.0,"[0, 0, 0, 0, 0, 0, 0, 0, 0, 0]"
20250721_013941_984,-7,35,35,4.4,18.57153963045548,-83.99394989013672,-83.99394989013672,0.0934648513793945,0.1581530570983886,35,35.0,YOLO,1,41,13.1,18.57153963045548,0.0,"[0, 0, 0, 0, 0, 0, 0, 0, 0, 0]"
20250721_013942_237,-7,35,35,4.4,18.53426856480064,-84.01957702636719,-84.01957702636719,0.087409496307373,0.1018047332763671,35,35.0,YOLO,1,41,13.1,18.53426856480064,0.0,"[0, 0, 0, 0, 0, 0, 0, 0, 0, 0]"
20250721_013942_428,-7,35,35,4.4,18.76309133153103,-83.83296585083008,-83.83296585083008,0.0985276699066162,0.1582658290863037,35,35.0,YOLO,1,41,13.1,18.76309133153103,0.0,"[0, 0, 0, 0, 0, 0, 0, 0, 0, 0]"
20250721_013942_686,-7,35,35,4.4,18.705466907631845,-83.83800964355468,-83.83800964355468,0.0916934013366699,0.1017348766326904,35,35.0,YOLO,1,41,13.1,18.705466907631845,0.0,"[0, 0, 0, 0, 0, 0, 0, 0, 0, 0]"
20250721_013942_881,-7,35,35,4.4,18.589996987964145,-83.8757713317871,-83.8757713317871,0.0891432762145996,0.1581296920776367,35,35.0,YOLO,1,41,13.1,18.589996987964145,0.0,"[0, 0, 0, 0, 0, 0, 0, 0, 0, 0]"
20250721_013943_130,-7,35,35,4.4,17.771545015907776,-84.6843048095703,-84.6843048095703,0.0932698249816894,0.1018049716949462,35,35.0,YOLO,1,41,13.1,17.771545015907776,0.0,"[0, 0, 0, 0, 0, 0, 0, 0, 0, 0]"
20250721_013943_326,-7,35,35,4.4,18.82777902381899,-83.68580627441406,-83.68580627441406,0.0974047183990478,0.1582825183868408,35,35.0,YOLO,1,41,13.1,18.82777902381899,0.0,"[0, 0, 0, 0, 0, 0, 0, 0, 0, 0]"
20250721_013943_583,-7,35,35,4.4,18.87515103094425,-83.83800964355468,-83.83800964355468,0.0863788127899169,0.1017959117889404,35,35.0,YOLO,1,41,13.1,18.87515103094425,0.0,"[0, 0, 0, 0, 0, 0, 0, 0, 0, 0]"
20250721_013943_773,-7,35,35,4.4,18.70063920758172,-83.91797637939453,-83.91797637939453,0.0944111347198486,0.1581339836120605,35,35.0,YOLO,1,41,13.1,18.70063920758172,0.0,"[0, 0, 0, 0, 0, 0, 0, 0, 0, 0]"
20250721_013944_027,-7,35,35,4.4,18.872019591869574,-83.74052925109864,-83.74052925109864,0.0892443656921386,0.1016957759857177,35,35.0,YOLO,1,41,13.1,18.872019591869574,0.0,"[0, 0, 0, 0, 0, 0, 0, 0, 0, 0]"
20250721_013944_219,-7,35,35,4.4,18.97795986763033,-83.60062522888184,-83.60062522888184,0.0958735942840576,0.1581830978393554,35,35.0,YOLO,1,41,13.1,18.97795986763033,0.0,"[0, 0, 0, 0, 0, 0, 0, 0, 0, 0]"
20250721_013944_475,-6,35,35,4.4,18.74557589276162,-83.7130298614502,-83.7130298614502,0.0914769172668457,0.1017899513244628,35,35.0,YOLO,1,41,13.1,18.74557589276162,0.0,"[0, 0, 0, 0, 0, 0, 0, 0, 0, 0]"
20250721_013944_669,-6,35,35,4.4,17.02679476731346,-83.97864532470703,-83.97864532470703,0.094877004623413,0.5213747024536133,35,34.0,NeighborSearch,2,35,4.4,18.68634744990325,-1.0,"[0, 0, 0, 0, 0, 0, 0, 0, 0, -1]"
20250721_013945_287,-6,34,34,2.9,18.81928017655449,-83.72164916992188,-83.72164916992188,0.0907690525054931,0.1581411361694336,34,34.0,YOLO,1,35,4.4,18.81928017655449,0.0,"[0, 0, 0, 0, 0, 0, 0, 0, -1, 0]"
20250721_013945_538,-6,34,34,2.9,18.78974930183216,-83.74547119140625,-83.74547119140625,0.0825119018554687,0.1017799377441406,34,34.0,YOLO,1,35,4.4,18.78974930183216,0.0,"[0, 0, 0, 0, 0, 0, 0, -1, 0, 0]"
20250721_013945_723,-6,34,34,2.9,18.651394424231512,-83.83099365234375,-83.83099365234375,0.0951709747314453,0.1580946445465088,34,34.0,YOLO,1,35,4.4,18.651394424231512,0.0,"[0, 0, 0, 0, 0, 0, -1, 0, 0, 0]"
20250721_013945_978,-6,34,34,2.9,18.75889678536734,-83.83333473205566,-83.83333473205566,0.0863502025604248,0.1018247604370117,34,34.0,YOLO,1,35,4.4,18.75889678536734,0.0,"[0, 0, 0, 0, 0, -1, 0, 0, 0, 0]"
20250721_013946_168,-6,34,34,2.9,19.151527092977744,-83.34937286376953,-83.34937286376953,0.0981776714324951,0.1582255363464355,34,34.0,YOLO,1,35,4.4,19.151527092977744,0.0,"[0, 0, 0, 0, -1, 0, 0, 0, 0, 0]"
20250721_013946_425,-6,34,34,2.9,18.972341719986677,-83.54532623291016,-83.54532623291016,0.0923507213592529,0.1016948223114013,34,34.0,YOLO,1,35,4.4,18.972341719986677,0.0,"[0, 0, 0, -1, 0, 0, 0, 0, 0, 0]"
20250721_013946_621,-6,34,34,2.9,18.81907646971868,-83.8206687927246,-83.8206687927246,0.0969650745391845,0.1581294536590576,34,34.0,YOLO,1,35,4.4,18.81907646971868,0.0,"[0, 0, -1, 0, 0, 0, 0, 0, 0, 0]"
20250721_013946_878,-6,34,34,2.9,18.81800182901688,-83.79412078857422,-83.79412078857422,0.0883405208587646,0.1017556190490722,34,34.0,YOLO,1,35,4.4,18.81800182901688,0.0,"[0, -1, 0, 0, 0, 0, 0, 0, 0, 0]"
20250721_013947_069,-6,34,34,2.9,18.398064004428196,-84.1500015258789,-84.1500015258789,0.0974979400634765,0.15816330909729,34,34.0,YOLO,1,35,4.4,18.398064004428196,0.0,"[-1, 0, 0, 0, 0, 0, 0, 0, 0, 0]"
20250721_013947_326,-6,34,34,2.9,18.57679089246901,-83.95832824707031,-83.95832824707031,0.0823004245758056,0.1017978191375732,34,34.0,YOLO,1,35,4.4,18.57679089246901,0.0,"[0, 0, 0, 0, 0, 0, 0, 0, 0, 0]"
20250721_013947_512,-6,34,34,2.9,18.724773051890764,-83.89007568359375,-83.89007568359375,0.0941948890686035,0.15816330909729,34,34.0,YOLO,1,35,4.4,18.724773051890764,0.0,"[0, 0, 0, 0, 0, 0, 0, 0, 0, 0]"
20250721_013947_766,-6,34,34,2.9,18.815156728818664,-83.74052925109864,-83.74052925109864,0.0949492454528808,0.1019051074981689,34,34.0,YOLO,1,35,4.4,18.815156728818664,0.0,"[0, 0, 0, 0, 0, 0, 0, 0, 0, 0]"
20250721_013947_964,-6,34,34,2.9,18.91787555780057,-83.63788604736328,-83.63788604736328,0.0972702503204345,0.15814208984375,34,34.0,YOLO,1,35,4.4,18.91787555780057,0.0,"[0, 0, 0, 0, 0, 0, 0, 0, 0, 0]"
20250721_013948_221,-6,34,34,2.9,19.00919026670653,-83.63847351074219,-83.63847351074219,0.0924913883209228,0.1018011569976806,34,34.0,YOLO,1,35,4.4,19.00919026670653,0.0,"[0, 0, 0, 0, 0, 0, 0, 0, 0, 0]"
20250721_013948_417,-5,34,34,2.9,18.13670576237428,-84.47700691223145,-84.47700691223145,0.0898442268371582,0.1582210063934326,34,34.0,YOLO,1,35,4.4,18.13670576237428,0.0,"[0, 0, 0, 0, 0, 0, 0, 0, 0, 0]"
20250721_013948_666,-5,34,34,2.9,17.486037898180854,-85.02415466308594,-85.02415466308594,0.0997109413146972,0.1017546653747558,34,34.0,YOLO,1,35,4.4,17.486037898180854,0.0,"[0, 0, 0, 0, 0, 0, 0, 0, 0, 0]"
20250721_013948_869,-5,33,33,1.5,19.6963498677777,-82.91766242980957,-82.91766242980957,0.0997264385223388,0.1581001281738281,33,33.0,YOLO,1,35,4.4,19.6963498677777,0.0,"[0, 0, 0, 0, 0, 0, 0, 0, 0, 0]"
20250721_013949_128,-5,33,33,1.5,19.63717366434953,-83.02996215820312,-83.02996215820312,0.0923705101013183,0.1017482280731201,33,33.0,YOLO,1,35,4.4,19.63717366434953,0.0,"[0, 0, 0, 0, 0, 0, 0, 0, 0, 0]"
20250721_013949_324,-5,33,33,1.5,20.095471278764464,-82.56509208679199,-82.56509208679199,0.0870378017425537,0.158238410949707,33,33.0,YOLO,1,35,4.4,20.095471278764464,0.0,"[0, 0, 0, 0, 0, 0, 0, 0, 0, 0]"
20250721_013949_571,-5,34,34,2.9,20.07886098861256,-82.56509208679199,-82.56509208679199,0.0912833213806152,0.1017544269561767,34,34.0,YOLO,1,35,4.4,20.07886098861256,0.0,"[0, 0, 0, 0, 0, 0, 0, 0, 0, 0]"
20250721_013949_765,-5,34,34,2.9,18.17339962211304,-84.37820205688476,-84.37820205688476,0.0889508724212646,0.1581580638885498,34,34.0,YOLO,1,35,4.4,18.17339962211304,0.0,"[0, 0, 0, 0, 0, 0, 0, 0, 0, 0]"
20250721_013950_014,-5,34,34,2.9,18.009132458538033,-84.50004577636719,-84.50004577636719,0.0886483192443847,0.1017301082611084,34,34.0,YOLO,1,35,4.4,18.009132458538033,0.0,"[0, 0, 0, 0, 0, 0, 0, 0, 0, 0]"
20250721_013950_206,-5,33,33,1.5,19.939790495946767,-82.7091049194336,-82.7091049194336,0.0977320671081543,0.1581480503082275,33,33.0,YOLO,1,35,4.4,19.939790495946767,0.0,"[0, 0, 0, 0, 0, 0, 0, 0, 0, 0]"
20250721_013950_463,-5,33,33,1.5,19.77148205516049,-82.88963432312012,-82.88963432312012,0.0857536792755127,0.1017041206359863,33,33.0,YOLO,1,35,4.4,19.77148205516049,0.0,"[0, 0, 0, 0, 0, 0, 0, 0, 0, 0]"
20250721_013950_652,-5,33,33,1.5,19.388668900661017,-83.16631240844727,-83.16631240844727,0.1006717681884765,0.1580793857574463,33,33.0,YOLO,1,35,4.4,19.388668900661017,0.0,"[0, 0, 0, 0, 0, 0, 0, 0, 0, 0]"
20250721_013950_912,-5,33,33,1.5,19.50220456141304,-82.9917652130127,-82.9917652130127,0.0849752426147461,0.1017906665802002,33,33.0,YOLO,1,35,4.4,19.50220456141304,0.0,"[0, 0, 0, 0, 0, 0, 0, 0, 0, 0]"
20250721_013951_101,-5,33,33,1.5,19.830397005948956,-82.88073806762695,-82.88073806762695,0.1017935276031494,0.1581780910491943,33,33.0,YOLO,1,35,4.4,19.830397005948956,0.0,"[0, 0, 0, 0, 0, 0, 0, 0, 0, 0]"
20250721_013951_362,-5,33,33,1.5,19.947191442159223,-82.7091049194336,-82.7091049194336,0.0808310508728027,0.1017868518829345,33,33.0,YOLO,1,35,4.4,19.947191442159223,0.0,"[0, 0, 0, 0, 0, 0, 0, 0, 0, 0]"
20250721_013951_546,-5,33,33,1.5,20.094234623148424,-82.5467456817627,-82.5467456817627,0.0934815406799316,0.1581380367279052,33,33.0,YOLO,1,35,4.4,20.094234623148424,0.0,"[0, 0, 0, 0, 0, 0, 0, 0, 0, 0]"
20250721_013951_799,-5,33,33,1.5,19.94000722348076,-82.65856170654297,-82.65856170654297,0.0904233455657959,0.1017770767211914,33,33.0,YOLO,1,35,4.4,19.94000722348076,0.0,"[0, 0, 0, 0, 0, 0, 0, 0, 0, 0]"
20250721_013951_993,-5,33,33,1.5,19.93397598731022,-82.53048095703124,-82.53048095703124,0.0946621894836425,0.158074140548706,33,33.0,YOLO,1,35,4.4,19.93397598731022,0.0,"[0, 0, 0, 0, 0, 0, 0, 0, 0, 0]"
20250721_013952_247,-5,34,34,2.9,19.835316814391746,-82.76197090148926,-82.76197090148926,0.0902595520019531,0.1017470359802246,34,34.0,YOLO,1,35,4.4,19.835316814391746,0.0,"[0, 0, 0, 0, 0, 0, 0, 0, 0, 0]"
20250721_013952_440,-4,34,34,2.9,16.70573157296313,-84.23234062194824,-84.23234062194824,0.0949020385742187,0.5214929580688477,34,33.0,NeighborSearch,2,34,2.9,18.02215105097214,-1.0,"[0, 0, 0, 0, 0, 0, 0, 0, 0, -1]"
20250721_013953_058,-4,33,33,1.5,19.08053067415021,-83.40735092163087,-83.40735092163087,0.0928888320922851,0.1580939292907714,33,33.0,YOLO,1,34,2.9,19.08053067415021,0.0,"[0, 0, 0, 0, 0, 0, 0, 0, -1, 0]"
20250721_013953_310,-4,33,33,1.5,19.2300625787219,-83.34926261901856,-83.34926261901856,0.0922598838806152,0.1017045974731445,33,33.0,YOLO,1,34,2.9,19.2300625787219,0.0,"[0, 0, 0, 0, 0, 0, 0, -1, 0, 0]"
20250721_013953_506,-4,33,33,1.5,18.69696284818997,-83.9123306274414,-83.9123306274414,0.0966861248016357,0.1586201190948486,33,33.0,YOLO,1,34,2.9,18.69696284818997,0.0,"[0, 0, 0, 0, 0, 0, -1, 0, 0, 0]"
20250721_013953_763,-4,33,33,1.5,18.679451511918916,-83.83062477111817,-83.83062477111817,0.081838846206665,0.1017994880676269,33,33.0,YOLO,1,34,2.9,18.679451511918916,0.0,"[0, 0, 0, 0, 0, -1, 0, 0, 0, 0]"
20250721_013953_948,-4,33,33,1.5,18.676331305917927,-83.91709976196289,-83.91709976196289,0.089618444442749,0.1581964492797851,33,33.0,YOLO,1,34,2.9,18.676331305917927,0.0,"[0, 0, 0, 0, -1, 0, 0, 0, 0, 0]"
20250721_013954_198,-4,33,33,1.5,18.703180917872743,-83.79424285888672,-83.79424285888672,0.0881226062774658,0.1017372608184814,33,33.0,YOLO,1,34,2.9,18.703180917872743,0.0,"[0, 0, 0, -1, 0, 0, 0, 0, 0, 0]"
20250721_013954_389,-4,33,33,1.5,18.86439925970421,-83.74052925109864,-83.74052925109864,0.0901529788970947,0.1584806442260742,33,33.0,YOLO,1,34,2.9,18.86439925970421,0.0,"[0, 0, -1, 0, 0, 0, 0, 0, 0, 0]"
20250721_013954_639,-4,33,33,1.5,18.878415260265182,-83.6190975189209,-83.6190975189209,0.0904078483581543,0.1018366813659668,33,33.0,YOLO,1,34,2.9,18.878415260265182,0.0,"[0, -1, 0, 0, 0, 0, 0, 0, 0, 0]"
20250721_013954_833,-4,33,33,1.5,19.218219478865905,-83.37056121826171,-83.37056121826171,0.0963187217712402,0.1582531929016113,33,33.0,YOLO,1,34,2.9,19.218219478865905,0.0,"[-1, 0, 0, 0, 0, 0, 0, 0, 0, 0]"
20250721_013955_089,-4,33,33,1.5,19.278410616666733,-83.35377502441406,-83.35377502441406,0.08968186378479,0.1017851829528808,33,33.0,YOLO,1,34,2.9,19.278410616666733,0.0,"[0, 0, 0, 0, 0, 0, 0, 0, 0, 0]"
20250721_013955_282,-4,33,33,1.5,18.72322358168012,-83.89944610595703,-83.89944610595703,0.0933663845062255,0.1581707000732422,33,33.0,YOLO,1,34,2.9,18.72322358168012,0.0,"[0, 0, 0, 0, 0, 0, 0, 0, 0, 0]"
20250721_013955_535,-4,33,33,1.5,18.68701653817793,-83.85913734436035,-83.85913734436035,0.0928466320037841,0.1018509864807128,33,33.0,YOLO,1,34,2.9,18.68701653817793,0.0,"[0, 0, 0, 0, 0, 0, 0, 0, 0, 0]"
20250721_013955_731,-4,33,33,1.5,19.03876800584453,-83.5929328918457,-83.5929328918457,0.0933272838592529,0.158221960067749,33,33.0,YOLO,1,34,2.9,19.03876800584453,0.0,"[0, 0, 0, 0, 0, 0, 0, 0, 0, 0]"
20250721_013955_984,-4,33,33,1.5,19.037672959601608,-83.31165199279785,-83.31165199279785,0.0880088806152343,0.1017048358917236,33,33.0,YOLO,1,34,2.9,19.037672959601608,0.0,"[0, 0, 0, 0, 0, 0, 0, 0, 0, 0]"
20250721_013956_175,-4,33,33,1.5,18.96706803041629,-83.70083351135254,-83.70083351135254,0.0968372821807861,0.1580593585968017,33,33.0,YOLO,1,34,2.9,18.96706803041629,0.0,"[0, 0, 0, 0, 0, 0, 0, 0, 0, 0]"
20250721_013956_431,-3,33,33,1.5,18.926909055596923,-83.63847351074219,-83.63847351074219,0.0899488925933837,0.1017637252807617,33,33.0,YOLO,1,34,2.9,18.926909055596923,0.0,"[0, 0, 0, 0, 0, 0, 0, 0, 0, 0]"
20250721_013956_625,-3,33,33,1.5,17.13461349898364,-84.69976043701172,-84.69976043701172,0.1020736694335937,0.4196028709411621,33,33.0,NeighborSearch,1,33,1.5,17.888033511337483,0.0,"[0, 0, 0, 0, 0, 0, 0, 0, 0, 0]"
20250721_013957_148,-3,32,32,0.0,18.204807194860063,-84.43156051635742,-84.43156051635742,0.0954463481903076,0.1017799377441406,32,32.0,YOLO,1,33,1.5,18.204807194860063,0.0,"[0, 0, 0, 0, 0, 0, 0, 0, 0, 0]"
20250721_013957_346,-3,32,32,0.0,19.655004411547992,-82.83294677734375,-82.83294677734375,0.0909907817840576,0.1582181453704834,32,32.0,YOLO,1,33,1.5,19.655004411547992,0.0,"[0, 0, 0, 0, 0, 0, 0, 0, 0, 0]"
20250721_013957_597,-3,32,32,0.0,19.564537467580124,-82.94345474243164,-82.94345474243164,0.0825068950653076,0.1018204689025878,32,32.0,YOLO,1,33,1.5,19.564537467580124,0.0,"[0, 0, 0, 0, 0, 0, 0, 0, 0, 0]"
20250721_013957_783,-3,32,32,0.0,19.46438813764655,-83.15712776184083,-83.15712776184083,0.0912461280822753,0.1582014560699463,32,32.0,YOLO,1,33,1.5,19.46438813764655,0.0,"[0, 0, 0, 0, 0, 0, 0, 0, 0, 0]"
20250721_013958_034,-3,32,32,0.0,19.383468827170248,-83.18492317199707,-83.18492317199707,0.0891127586364746,0.1017031669616699,32,32.0,YOLO,1,33,1.5,19.383468827170248,0.0,"[0, 0, 0, 0, 0, 0, 0, 0, 0, 0]"
20250721_013958_226,-3,32,32,0.0,19.404035922908815,-83.19989814758301,-83.19989814758301,0.0919651985168457,0.1582179069519043,32,32.0,YOLO,1,33,1.5,19.404035922908815,0.0,"[0, 0, 0, 0, 0, 0, 0, 0, 0, 0]"
20250721_013958_478,-3,32,32,0.0,19.143083097703453,-83.34937286376953,-83.34937286376953,0.0891315937042236,0.1018512248992919,32,32.0,YOLO,1,33,1.5,19.143083097703453,0.0,"[0, 0, 0, 0, 0, 0, 0, 0, 0, 0]"
20250721_013958_670,-3,32,32,0.0,19.110289976788792,-83.44253349304199,-83.44253349304199,0.0940508842468261,0.1581904888153076,32,32.0,YOLO,1,33,1.5,19.110289976788792,0.0,"[0, 0, 0, 0, 0, 0, 0, 0, 0, 0]"
20250721_013958_924,-3,32,32,0.0,19.039841650830923,-83.46000518798829,-83.46000518798829,0.088245153427124,0.1018550395965576,32,32.0,YOLO,1,33,1.5,19.039841650830923,0.0,"[0, 0, 0, 0, 0, 0, 0, 0, 0, 0]"
20250721_013959_116,-3,32,32,0.0,19.3736566093842,-83.18090057373047,-83.18090057373047,0.0906202793121337,0.1582696437835693,32,32.0,YOLO,1,33,1.5,19.3736566093842,0.0,"[0, 0, 0, 0, 0, 0, 0, 0, 0, 0]"
20250721_013959_366,-3,32,32,0.0,19.536661502587407,-83.04092178344726,-83.04092178344726,0.0898382663726806,0.1018428802490234,32,32.0,YOLO,1,33,1.5,19.536661502587407,0.0,"[0, 0, 0, 0, 0, 0, 0, 0, 0, 0]"
20250721_013959_559,-3,32,32,0.0,19.1742795583595,-83.39341621398925,-83.39341621398925,0.0858125686645507,0.158257246017456,32,32.0,YOLO,1,33,1.5,19.1742795583595,0.0,"[0, 0, 0, 0, 0, 0, 0, 0, 0, 0]"
20250721_013959_805,-3,32,32,0.0,19.193733196230937,-83.3927505493164,-83.3927505493164,0.0913465023040771,0.1021406650543212,32,32.0,YOLO,1,33,1.5,19.193733196230937,0.0,"[0, 0, 0, 0, 0, 0, 0, 0, 0, 0]"
20250721_014000_000,-3,32,32,0.0,18.90672103019664,-83.72164916992188,-83.72164916992188,0.0936732292175293,0.1585948467254638,32,32.0,YOLO,1,33,1.5,18.90672103019664,0.0,"[0, 0, 0, 0, 0, 0, 0, 0, 0, 0]"
20250721_014000_254,-3,32,32,0.0,18.983417517975624,-83.38852500915527,-83.38852500915527,0.0876879692077636,0.1021108627319336,32,32.0,YOLO,1,33,1.5,18.983417517975624,0.0,"[0, 0, 0, 0, 0, 0, 0, 0, 0, 0]"
20250721_014000_445,-2,32,32,0.0,18.071255261767902,-84.39750595092774,-84.39750595092774,0.0968828201293945,0.1585040092468261,32,32.0,YOLO,1,33,1.5,18.071255261767902,0.0,"[0, 0, 0, 0, 0, 0, 0, 0, 0, 0]"
20250721_014000_702,-2,31,31,-1.5,18.040377914606893,-84.49990234375,-84.49990234375,0.0890862941741943,0.1019549369812011,31,31.0,YOLO,1,33,1.5,18.040377914606893,0.0,"[0, 0, 0, 0, 0, 0, 0, 0, 0, 0]"
20250721_014000_895,-2,31,31,-1.5,19.828050660178093,-82.8545150756836,-82.8545150756836,0.0936136245727539,0.1584830284118652,31,31.0,YOLO,1,33,1.5,19.828050660178093,0.0,"[0, 0, 0, 0, 0, 0, 0, 0, 0, 0]"
20250721_014001_148,-2,31,31,-1.5,19.6877861195656,-82.94385528564453,-82.94385528564453,0.0911681652069091,0.1020441055297851,31,31.0,YOLO,1,33,1.5,19.6877861195656,0.0,"[0, 0, 0, 0, 0, 0, 0, 0, 0, 0]"
20250721_014001_343,-2,31,31,-1.5,19.543008296776662,-83.0003890991211,-83.0003890991211,0.0986220836639404,0.1582388877868652,31,31.0,YOLO,1,33,1.5,19.543008296776662,0.0,"[0, 0, 0, 0, 0, 0, 0, 0, 0, 0]"
20250721_014001_601,-2,31,31,-1.5,19.639231308036088,-82.93544425964356,-82.93544425964356,0.0901920795440673,0.1017014980316162,31,31.0,YOLO,1,33,1.5,19.639231308036088,0.0,"[0, 0, 0, 0, 0, 0, 0, 0, 0, 0]"
20250721_014001_795,-2,31,31,-1.5,19.66156364938351,-82.98154067993164,-82.98154067993164,0.0945689678192138,0.1582252979278564,31,31.0,YOLO,1,33,1.5,19.66156364938351,0.0,"[0, 0, 0, 0, 0, 0, 0, 0, 0, 0]"
20250721_014002_049,-2,31,31,-1.5,19.551328944702817,-82.88123016357422,-82.88123016357422,0.0882737636566162,0.1016860008239746,31,31.0,YOLO,1,33,1.5,19.551328944702817,0.0,"[0, 0, 0, 0, 0, 0, 0, 0, 0, 0]"
20250721_014002_240,-2,31,31,-1.5,19.944528986712,-82.48728942871094,-82.48728942871094,0.093348741531372,0.1584882736206054,31,31.0,YOLO,1,33,1.5,19.944528986712,0.0,"[0, 0, 0, 0, 0, 0, 0, 0, 0, 0]"
20250721_014002_494,-2,31,31,-1.5,19.87404605544262,-82.65856170654297,-82.65856170654297,0.0880179405212402,0.1021044254302978,31,31.0,YOLO,1,33,1.5,19.87404605544262,0.0,"[0, 0, 0, 0, 0, 0, 0, 0, 0, 0]"
20250721_014002_685,-2,31,31,-1.5,19.686006146828987,-82.82514190673828,-82.82514190673828,0.0903730392456054,0.1586029529571533,31,31.0,YOLO,1,33,1.5,19.686006146828987,0.0,"[0, 0, 0, 0, 0, 0, 0, 0, 0, 0]"
20250721_014002_936,-2,31,31,-1.5,19.62867650148449,-82.96800231933594,-82.96800231933594,0.0921576023101806,0.1019368171691894,31,31.0,YOLO,1,33,1.5,19.62867650148449,0.0,"[0, 0, 0, 0, 0, 0, 0, 0, 0, 0]"
20250721_014003_132,-2,31,31,-1.5,19.91102749636572,-82.65659065246582,-82.65659065246582,0.0969436168670654,0.1582283973693847,31,31.0,YOLO,1,33,1.5,19.91102749636572,0.0,"[0, 0, 0, 0, 0, 0, 0, 0, 0, 0]"
20250721_014003_388,-2,31,31,-1.5,20.060073737680483,-82.70008850097656,-82.70008850097656,0.092045783996582,0.1018464565277099,31,31.0,YOLO,1,33,1.5,20.060073737680483,0.0,"[0, 0, 0, 0, 0, 0, 0, 0, 0, 0]"
20250721_014003_584,-2,31,31,-1.5,20.017074051780558,-82.47826385498047,-82.47826385498047,0.0957858562469482,0.1582388877868652,31,31.0,YOLO,1,33,1.5,20.017074051780558,0.0,"[0, 0, 0, 0, 0, 0, 0, 0, 0, 0]"
20250721_014003_839,-2,31,31,-1.5,20.096072845950744,-82.6717300415039,-82.6717300415039,0.0909070968627929,0.1018793582916259,31,31.0,YOLO,1,33,1.5,20.096072845950744,0.0,"[0, 0, 0, 0, 0, 0, 0, 0, 0, 0]"
20250721_014004_033,-2,31,31,-1.5,20.060040847426265,-82.6186424255371,-82.6186424255371,0.0914461612701416,0.1581807136535644,31,31.0,YOLO,1,33,1.5,20.060040847426265,0.0,"[0, 0, 0, 0, 0, 0, 0, 0, 0, 0]"
20250721_014004_284,-2,31,31,-1.5,19.963205420590697,-82.65333099365235,-82.65333099365235,0.0975384712219238,0.1017968654632568,31,31.0,YOLO,1,33,1.5,19.963205420590697,0.0,"[0, 0, 0, 0, 0, 0, 0, 0, 0, 0]"
20250721_014004_485,-1,31,31,-1.5,18.87226061973415,-83.68581352233886,-83.68581352233886,0.0905900001525878,0.1581833362579345,31,31.0,YOLO,1,33,1.5,18.87226061973415,0.0,"[0, 0, 0, 0, 0, 0, 0, 0, 0, 0]"
20250721_014004_735,-1,31,31,-1.5,18.99311797089861,-83.59083824157715,-83.59083824157715,0.0871648788452148,0.1017286777496337,31,31.0,YOLO,1,33,1.5,18.99311797089861,0.0,"[0, 0, 0, 0, 0, 0, 0, 0, 0, 0]"
20250721_014004_926,-1,31,31,-1.5,18.383221820267536,-84.0399185180664,-84.0399185180664,0.0930964946746826,0.1581461429595947,31,31.0,YOLO,1,33,1.5,18.383221820267536,0.0,"[0, 0, 0, 0, 0, 0, 0, 0, 0, 0]"
20250721_014005_178,-1,31,31,-1.5,18.58663488158328,-84.07231979370117,-84.07231979370117,0.0904479026794433,0.1018128395080566,31,31.0,YOLO,1,33,1.5,18.58663488158328,0.0,"[0, 0, 0, 0, 0, 0, 0, 0, 0, 0]"
20250721_014005_372,-1,31,31,-1.5,18.48804770093093,-84.12623596191406,-84.12623596191406,0.1000187397003173,0.1582646369934082,31,31.0,YOLO,1,33,1.5,18.48804770093093,0.0,"[0, 0, 0, 0, 0, 0, 0, 0, 0, 0]"
20250721_014005_632,-1,31,31,-1.5,18.587979910923902,-83.94062805175781,-83.94062805175781,0.0899431705474853,0.1017522811889648,31,31.0,YOLO,1,33,1.5,18.587979910923902,0.0,"[0, 0, 0, 0, 0, 0, 0, 0, 0, 0]"
20250721_014005_825,-1,31,31,-1.5,19.077965145449355,-83.44737243652344,-83.44737243652344,0.0908923149108886,0.1582350730895996,31,31.0,YOLO,1,33,1.5,19.077965145449355,0.0,"[0, 0, 0, 0, 0, 0, 0, 0, 0, 0]"
20250721_014006_076,-1,31,31,-1.5,18.966881455994965,-83.56981468200684,-83.56981468200684,0.0881664752960205,0.1017553806304931,31,31.0,YOLO,1,33,1.5,18.966881455994965,0.0,"[0, 0, 0, 0, 0, 0, 0, 0, 0, 0]"
20250721_014006_267,-1,31,31,-1.5,19.378790894192463,-83.35212783813476,-83.35212783813476,0.0974304676055908,0.1581294536590576,31,31.0,YOLO,1,33,1.5,19.378790894192463,0.0,"[0, 0, 0, 0, 0, 0, 0, 0, 0, 0]"
20250721_014006_524,-1,31,31,-1.5,19.34132493145752,-83.3033676147461,-83.3033676147461,0.0873141288757324,0.1018283367156982,31,31.0,YOLO,1,33,1.5,19.34132493145752,0.0,"[0, 0, 0, 0, 0, 0, 0, 0, 0, 0]"
20250721_014006_715,-1,31,31,-1.5,19.53468162382319,-83.17412300109864,-83.17412300109864,0.1009073257446289,0.1580886840820312,31,31.0,YOLO,1,33,1.5,19.53468162382319,0.0,"[0, 0, 0, 0, 0, 0, 0, 0, 0, 0]"
20250721_014006_975,-1,31,31,-1.5,19.370624974697225,-83.14083862304688,-83.14083862304688,0.0908215045928955,0.1017212867736816,31,31.0,YOLO,1,33,1.5,19.370624974697225,0.0,"[0, 0, 0, 0, 0, 0, 0, 0, 0, 0]"
20250721_014007_169,-1,31,31,-1.5,18.490344063994694,-84.01919174194336,-84.01919174194336,0.0944793224334716,0.1582152843475341,31,31.0,YOLO,1,33,1.5,18.490344063994694,0.0,"[0, 0, 0, 0, 0, 0, 0, 0, 0, 0]"
20250721_014007_423,-1,30,30,-2.9,18.255220837918078,-84.24518394470215,-84.24518394470215,0.0889563560485839,0.1018216609954834,30,30.0,YOLO,1,33,1.5,18.255220837918078,0.0,"[0, 0, 0, 0, 0, 0, 0, 0, 0, 0]"
20250721_014007_615,-1,30,30,-2.9,20.21264803240132,-82.36401138305665,-82.36401138305665,0.10050630569458,0.1581771373748779,30,30.0,YOLO,1,33,1.5,20.21264803240132,0.0,"[0, 0, 0, 0, 0, 0, 0, 0, 0, 0]"
20250721_014007_876,-1,30,30,-2.9,20.273065568129525,-82.31894416809082,-82.31894416809082,0.0909388065338134,0.1018335819244384,30,30.0,YOLO,1,33,1.5,20.273065568129525,0.0,"[0, 0, 0, 0, 0, 0, 0, 0, 0, 0]"
20250721_014008_070,-1,31,31,-1.5,19.2889575162485,-83.24492645263672,-83.24492645263672,0.1002004146575927,0.1583075523376464,31,31.0,YOLO,1,33,1.5,19.2889575162485,0.0,"[0, 0, 0, 0, 0, 0, 0, 0, 0, 0]"
20250721_014008_330,-1,31,31,-1.5,19.33963831434174,-83.20001220703125,-83.20001220703125,0.0873479843139648,0.1019270420074462,31,31.0,YOLO,1,33,1.5,19.33963831434174,0.0,"[0, 0, 0, 0, 0, 0, 0, 0, 0, 0]"
20250721_014008_521,0,31,31,-1.5,17.331238122503933,-83.41986618041992,-83.41986618041992,0.0962798595428466,0.5212500095367432,31,30.0,NeighborSearch,2,31,-1.5,18.96470467880465,-1.0,"[0, 0, 0, 0, 0, 0, 0, 0, 0, -1]"
20250721_014009_140,0,30,30,-2.9,19.57754790649531,-83.03067626953126,-83.03067626953126,0.0921361446380615,0.1582682132720947,30,30.0,YOLO,1,31,-1.5,19.57754790649531,0.0,"[0, 0, 0, 0, 0, 0, 0, 0, -1, 0]"
20250721_014009_391,0,30,30,-2.9,19.596554003385226,-82.94305458068848,-82.94305458068848,0.088371992111206,0.1018471717834472,30,30.0,YOLO,1,31,-1.5,19.596554003385226,0.0,"[0, 0, 0, 0, 0, 0, 0, -1, 0, 0]"
20250721_014009_583,0,30,30,-2.9,19.72825453448253,-82.92784118652344,-82.92784118652344,0.2278990745544433,0.1582303047180175,30,30.0,YOLO,1,31,-1.5,19.72825453448253,0.0,"[0, 0, 0, 0, 0, 0, -1, 0, 0, 0]"
20250721_014009_971,0,30,30,-2.9,19.624949485279373,-82.92144584655762,-82.92144584655762,0.0849802494049072,0.1018562316894531,30,30.0,YOLO,1,31,-1.5,19.624949485279373,0.0,"[0, 0, 0, 0, 0, -1, 0, 0, 0, 0]"
20250721_014010_159,0,30,30,-2.9,19.613990330856534,-83.02444038391113,-83.02444038391113,0.0926961898803711,0.1581478118896484,30,30.0,YOLO,1,31,-1.5,19.613990330856534,0.0,"[0, 0, 0, 0, -1, 0, 0, 0, 0, 0]"
20250721_014010_411,0,30,30,-2.9,19.822657175312614,-82.7091049194336,-82.7091049194336,0.0948739051818847,0.1018295288085937,30,30.0,YOLO,1,31,-1.5,19.822657175312614,0.0,"[0, 0, 0, -1, 0, 0, 0, 0, 0, 0]"
20250721_014010_610,0,30,30,-2.9,19.626452456451943,-83.02484893798828,-83.02484893798828,0.0934956073760986,0.1582036018371582,30,30.0,YOLO,1,31,-1.5,19.626452456451943,0.0,"[0, 0, -1, 0, 0, 0, 0, 0, 0, 0]"
20250721_014010_863,0,30,30,-2.9,19.622162775644995,-83.04903526306153,-83.04903526306153,0.0826103687286377,0.1018006801605224,30,30.0,YOLO,1,31,-1.5,19.622162775644995,0.0,"[0, -1, 0, 0, 0, 0, 0, 0, 0, 0]"
20250721_014011_049,0,30,30,-2.9,19.821920361685383,-82.77593688964843,-82.77593688964843,0.0899169445037841,0.1581506729125976,30,30.0,YOLO,1,31,-1.5,19.821920361685383,0.0,"[-1, 0, 0, 0, 0, 0, 0, 0, 0, 0]"
20250721_014011_298,0,30,30,-2.9,19.993935862379885,-82.64356231689453,-82.64356231689453,0.0934877395629882,0.1018173694610595,30,30.0,YOLO,1,31,-1.5,19.993935862379885,0.0,"[0, 0, 0, 0, 0, 0, 0, 0, 0, 0]"
20250721_014011_495,0,30,30,-2.9,20.089918789342065,-82.60618476867675,-82.60618476867675,0.0902748107910156,0.158262014389038,30,30.0,YOLO,1,31,-1.5,20.089918789342065,0.0,"[0, 0, 0, 0, 0, 0, 0, 0, 0, 0]"
20250721_014011_745,0,30,30,-2.9,20.11867824128549,-82.48728942871094,-82.48728942871094,0.0906569957733154,0.1017677783966064,30,30.0,YOLO,1,31,-1.5,20.11867824128549,0.0,"[0, 0, 0, 0, 0, 0, 0, 0, 0, 0]"
20250721_014011_939,0,30,30,-2.9,20.1235691235528,-82.53631591796875,-82.53631591796875,0.092160940170288,0.158111572265625,30,30.0,YOLO,1,31,-1.5,20.1235691235528,0.0,"[0, 0, 0, 0, 0, 0, 0, 0, 0, 0]"
20250721_014012_190,0,30,30,-2.9,20.157985376930625,-82.42178344726562,-82.42178344726562,0.0907983779907226,0.1017653942108154,30,30.0,YOLO,1,31,-1.5,20.157985376930625,0.0,"[0, 0, 0, 0, 0, 0, 0, 0, 0, 0]"
20250721_014012_384,1,30,30,-2.9,19.226704725581072,-83.26863861083984,-83.26863861083984,0.0961611270904541,0.1581733226776123,30,30.0,YOLO,1,31,-1.5,19.226704725581072,0.0,"[0, 0, 0, 0, 0, 0, 0, 0, 0, 0]"
20250721_014012_640,1,30,30,-2.9,18.77697683429598,-83.82115936279297,-83.82115936279297,0.0888569355010986,0.1017892360687255,30,30.0,YOLO,1,31,-1.5,18.77697683429598,0.0,"[0, 0, 0, 0, 0, 0, 0, 0, 0, 0]"
20250721_014012_832,1,29,29,-4.4,19.99123781581922,-82.6059066772461,-82.6059066772461,0.0961642265319824,0.1582686901092529,29,29.0,YOLO,1,31,-1.5,19.99123781581922,0.0,"[0, 0, 0, 0, 0, 0, 0, 0, 0, 0]"
20250721_014013_088,1,29,29,-4.4,20.046762682026767,-82.47736473083496,-82.47736473083496,0.093057632446289,0.1017463207244873,29,29.0,YOLO,1,31,-1.5,20.046762682026767,0.0,"[0, 0, 0, 0, 0, 0, 0, 0, 0, 0]"
20250721_014013_284,1,29,29,-4.4,19.815491687242684,-82.78598022460938,-82.78598022460938,0.1022937297821044,0.1583302021026611,29,29.0,YOLO,1,31,-1.5,19.815491687242684,0.0,"[0, 0, 0, 0, 0, 0, 0, 0, 0, 0]"
20250721_014013_547,1,29,29,-4.4,19.86053248561376,-82.76312255859375,-82.76312255859375,0.0920214653015136,0.1017622947692871,29,29.0,YOLO,1,31,-1.5,19.86053248561376,0.0,"[0, 0, 0, 0, 0, 0, 0, 0, 0, 0]"
20250721_014013_742,1,29,29,-4.4,20.079940985389516,-82.57965316772462,-82.57965316772462,0.0959055423736572,0.1581571102142334,29,29.0,YOLO,1,31,-1.5,20.079940985389516,0.0,"[0, 0, 0, 0, 0, 0, 0, 0, 0, 0]"
20250721_014013_997,1,29,29,-4.4,19.98007318311761,-82.51483154296875,-82.51483154296875,0.0927777290344238,0.10178804397583,29,29.0,YOLO,1,31,-1.5,19.98007318311761,0.0,"[0, 0, 0, 0, 0, 0, 0, 0, 0, 0]"
20250721_014014_193,1,29,29,-4.4,20.249592693131945,-82.3802719116211,-82.3802719116211,0.0962617397308349,0.1581275463104248,29,29.0,YOLO,1,31,-1.5,20.249592693131945,0.0,"[0, 0, 0, 0, 0, 0, 0, 0, 0, 0]"
20250721_014014_449,1,29,29,-4.4,20.13481180840307,-82.53567771911621,-82.53567771911621,0.0906164646148681,0.1018238067626953,29,29.0,YOLO,1,31,-1.5,20.13481180840307,0.0,"[0, 0, 0, 0, 0, 0, 0, 0, 0, 0]"
20250721_014014_643,1,29,29,-4.4,19.681493038034475,-82.94305458068848,-82.94305458068848,0.099888801574707,0.1581339836120605,29,29.0,YOLO,1,31,-1.5,19.681493038034475,0.0,"[0, 0, 0, 0, 0, 0, 0, 0, 0, 0]"
20250721_014014_902,1,29,29,-4.4,19.94031269573928,-82.70882034301758,-82.70882034301758,0.0937106609344482,0.1018388271331787,29,29.0,YOLO,1,31,-1.5,19.94031269573928,0.0,"[0, 0, 0, 0, 0, 0, 0, 0, 0, 0]"
20250721_014015_100,1,29,29,-4.4,20.174709934628112,-82.46566772460938,-82.46566772460938,0.0950784683227539,0.1580696105957031,29,29.0,YOLO,1,31,-1.5,20.174709934628112,0.0,"[0, 0, 0, 0, 0, 0, 0, 0, 0, 0]"
20250721_014015_354,1,29,29,-4.4,20.185266406653,-82.40322875976562,-82.40322875976562,0.0936532020568847,0.1018390655517578,29,29.0,YOLO,1,31,-1.5,20.185266406653,0.0,"[0, 0, 0, 0, 0, 0, 0, 0, 0, 0]"
20250721_014015_551,1,29,29,-4.4,20.3167057395231,-82.30343627929688,-82.30343627929688,0.1042585372924804,0.1582181453704834,29,29.0,YOLO,1,31,-1.5,20.3167057395231,0.0,"[0, 0, 0, 0, 0, 0, 0, 0, 0, 0]"
20250721_014015_815,1,29,29,-4.4,20.23593889217373,-82.30343627929688,-82.30343627929688,0.0913848876953125,0.1017599105834961,29,29.0,YOLO,1,31,-1.5,20.23593889217373,0.0,"[0, 0, 0, 0, 0, 0, 0, 0, 0, 0]"
20250721_014016_010,1,30,30,-2.9,18.97788057182133,-83.66776390075684,-83.66776390075684,0.099006175994873,0.1580889225006103,30,30.0,YOLO,1,31,-1.5,18.97788057182133,0.0,"[0, 0, 0, 0, 0, 0, 0, 0, 0, 0]"
20250721_014016_268,1,30,30,-2.9,18.986388956475423,-83.62637214660644,-83.62637214660644,0.0909745693206787,0.1020064353942871,30,30.0,YOLO,1,31,-1.5,18.986388956475423,0.0,"[0, 0, 0, 0, 0, 0, 0, 0, 0, 0]"
20250721_014016_463,2,30,30,-2.9,16.563688226084352,-84.03179702758788,-84.03179702758788,0.0904316902160644,0.5216617584228516,30,29.0,NeighborSearch,2,30,-2.9,18.480811204122105,-1.0,"[0, 0, 0, 0, 0, 0, 0, 0, 0, -1]"
20250721_014017_076,2,28,28,-5.8,19.531626689337173,-82.99998321533204,-82.99998321533204,0.0842223167419433,0.1581346988677978,28,28.0,YOLO,1,30,-2.9,19.531626689337173,0.0,"[0, 0, 0, 0, 0, 0, 0, 0, -1, 0]"
20250721_014017_320,2,28,28,-5.8,19.55562330597759,-83.11770133972168,-83.11770133972168,0.0912930965423584,0.1018493175506591,28,28.0,YOLO,1,30,-2.9,19.55562330597759,0.0,"[0, 0, 0, 0, 0, 0, 0, -1, 0, 0]"
20250721_014017_514,2,28,28,-5.8,19.936482263353227,-82.62664642333985,-82.62664642333985,0.0897107124328613,0.1581344604492187,28,28.0,YOLO,1,30,-2.9,19.936482263353227,0.0,"[0, 0, 0, 0, 0, 0, -1, 0, 0, 0]"
20250721_014017_764,2,28,28,-5.8,19.85553296022138,-82.82290840148926,-82.82290840148926,0.0881578922271728,0.101902961730957,28,28.0,YOLO,1,30,-2.9,19.85553296022138,0.0,"[0, 0, 0, 0, 0, -1, 0, 0, 0, 0]"
20250721_014017_955,2,28,28,-5.8,19.921409130249454,-82.67352027893067,-82.67352027893067,0.0966098308563232,0.1581802368164062,28,28.0,YOLO,1,30,-2.9,19.921409130249454,0.0,"[0, 0, 0, 0, -1, 0, 0, 0, 0, 0]"
20250721_014018_211,2,29,29,-4.4,20.010987961044847,-82.5252841949463,-82.5252841949463,0.0855796337127685,0.1018471717834472,29,29.0,YOLO,1,30,-2.9,20.010987961044847,0.0,"[0, 0, 0, -1, 0, 0, 0, 0, 0, 0]"
20250721_014018_400,2,29,29,-4.4,19.32955625841403,-83.27600212097168,-83.27600212097168,0.0885698795318603,0.1582021713256836,29,29.0,YOLO,1,30,-2.9,19.32955625841403,0.0,"[0, 0, -1, 0, 0, 0, 0, 0, 0, 0]"
20250721_014018_648,2,29,29,-4.4,19.2070685105528,-83.40924072265625,-83.40924072265625,0.0883891582489013,0.1017217636108398,29,29.0,YOLO,1,30,-2.9,19.2070685105528,0.0,"[0, -1, 0, 0, 0, 0, 0, 0, 0, 0]"
20250721_014018_840,2,29,29,-4.4,19.41352361574816,-83.14031410217285,-83.14031410217285,0.0944082736968994,0.1581933498382568,29,29.0,YOLO,1,30,-2.9,19.41352361574816,0.0,"[-1, 0, 0, 0, 0, 0, 0, 0, 0, 0]"
20250721_014019_094,2,29,29,-4.4,19.2796379391218,-83.35377502441406,-83.35377502441406,0.0897388458251953,0.1017313003540039,29,29.0,YOLO,1,30,-2.9,19.2796379391218,0.0,"[0, 0, 0, 0, 0, 0, 0, 0, 0, 0]"
20250721_014019_287,2,29,29,-4.4,18.041313490373696,-84.35260162353515,-84.35260162353515,0.0970158576965332,0.1581132411956787,29,29.0,YOLO,1,30,-2.9,18.041313490373696,0.0,"[0, 0, 0, 0, 0, 0, 0, 0, 0, 0]"
20250721_014019_544,2,28,28,-5.8,18.400859876922866,-84.20825386047363,-84.20825386047363,0.0930936336517334,0.1017303466796875,28,28.0,YOLO,1,30,-2.9,18.400859876922866,0.0,"[0, 0, 0, 0, 0, 0, 0, 0, 0, 0]"
20250721_014019_740,2,28,28,-5.8,19.942088366033037,-82.76312255859375,-82.76312255859375,0.0958824157714843,0.1582026481628418,28,28.0,YOLO,1,30,-2.9,19.942088366033037,0.0,"[0, 0, 0, 0, 0, 0, 0, 0, 0, 0]"
20250721_014019_995,2,28,28,-5.8,19.85494752568877,-82.83882141113281,-82.83882141113281,0.0904433727264404,0.101778507232666,28,28.0,YOLO,1,30,-2.9,19.85494752568877,0.0,"[0, 0, 0, 0, 0, 0, 0, 0, 0, 0]"
20250721_014020_189,2,28,28,-5.8,19.61956808571576,-83.02484893798828,-83.02484893798828,0.0977978706359863,0.1582558155059814,28,28.0,YOLO,1,30,-2.9,19.61956808571576,0.0,"[0, 0, 0, 0, 0, 0, 0, 0, 0, 0]"
20250721_014020_447,3,28,28,-5.8,19.65994778424762,-82.7785415649414,-82.7785415649414,0.0931448936462402,0.1017999649047851,28,28.0,YOLO,1,30,-2.9,19.65994778424762,0.0,"[0, 0, 0, 0, 0, 0, 0, 0, 0, 0]"
20250721_014020_643,3,29,29,-4.4,17.166563472244476,-83.61968231201172,-83.61968231201172,0.091832160949707,0.5216159820556641,29,28.0,NeighborSearch,2,29,-4.4,18.8824523762313,-1.0,"[0, 0, 0, 0, 0, 0, 0, 0, 0, -1]"
20250721_014021_258,3,28,28,-5.8,18.731293269212216,-83.79412078857422,-83.79412078857422,0.0924391746520996,0.1581380367279052,28,28.0,YOLO,1,29,-4.4,18.731293269212216,0.0,"[0, 0, 0, 0, 0, 0, 0, 0, -1, 0]"
20250721_014021_510,3,28,28,-5.8,18.685224653440045,-83.88048553466797,-83.88048553466797,0.0899875164031982,0.1018085479736328,28,28.0,YOLO,1,29,-4.4,18.685224653440045,0.0,"[0, 0, 0, 0, 0, 0, 0, -1, 0, 0]"
20250721_014021_703,3,28,28,-5.8,19.095400808055416,-83.4087947845459,-83.4087947845459,0.0934112071990966,0.1581861972808838,28,28.0,YOLO,1,29,-4.4,19.095400808055416,0.0,"[0, 0, 0, 0, 0, 0, -1, 0, 0, 0]"
20250721_014021_956,3,28,28,-5.8,18.97409687817435,-83.48128509521484,-83.48128509521484,0.0907990932464599,0.1017463207244873,28,28.0,YOLO,1,29,-4.4,18.97409687817435,0.0,"[0, 0, 0, 0, 0, -1, 0, 0, 0, 0]"
20250721_014022_150,3,28,28,-5.8,18.893684940773028,-83.74571228027344,-83.74571228027344,0.0994224548339843,0.1582024097442627,28,28.0,YOLO,1,29,-4.4,18.893684940773028,0.0,"[0, 0, 0, 0, -1, 0, 0, 0, 0, 0]"
20250721_014022_409,3,28,28,-5.8,18.94960058592004,-83.49539260864258,-83.49539260864258,0.0940582752227783,0.1018273830413818,28,28.0,YOLO,1,29,-4.4,18.94960058592004,0.0,"[0, 0, 0, -1, 0, 0, 0, 0, 0, 0]"
20250721_014022_607,3,28,28,-5.8,18.84516532664045,-83.74052925109864,-83.74052925109864,0.093696117401123,0.1582281589508056,28,28.0,YOLO,1,29,-4.4,18.84516532664045,0.0,"[0, 0, -1, 0, 0, 0, 0, 0, 0, 0]"
20250721_014022_860,3,28,28,-5.8,18.92864776181119,-83.59386253356934,-83.59386253356934,0.087540864944458,0.1018075942993164,28,28.0,YOLO,1,29,-4.4,18.92864776181119,0.0,"[0, -1, 0, 0, 0, 0, 0, 0, 0, 0]"
20250721_014023_051,3,28,28,-5.8,19.102814857896803,-83.44174880981446,-83.44174880981446,0.1017351150512695,0.1581792831420898,28,28.0,YOLO,1,29,-4.4,19.102814857896803,0.0,"[-1, 0, 0, 0, 0, 0, 0, 0, 0, 0]"
20250721_014023_312,3,28,28,-5.8,19.15719135412978,-83.35355491638184,-83.35355491638184,0.0828070640563964,0.1018459796905517,28,28.0,YOLO,1,29,-4.4,19.15719135412978,0.0,"[0, 0, 0, 0, 0, 0, 0, 0, 0, 0]"
20250721_014023_498,3,28,28,-5.8,19.55898576739024,-83.02484893798828,-83.02484893798828,0.0934441089630127,0.1581737995147705,28,28.0,YOLO,1,29,-4.4,19.55898576739024,0.0,"[0, 0, 0, 0, 0, 0, 0, 0, 0, 0]"
20250721_014023_751,3,28,28,-5.8,19.535876349315917,-83.01005783081055,-83.01005783081055,0.0910568237304687,0.1017665863037109,28,28.0,YOLO,1,29,-4.4,19.535876349315917,0.0,"[0, 0, 0, 0, 0, 0, 0, 0, 0, 0]"
20250721_014023_946,3,28,28,-5.8,19.46035705677596,-83.0003890991211,-83.0003890991211,0.1010184288024902,0.1582174301147461,28,28.0,YOLO,1,29,-4.4,19.46035705677596,0.0,"[0, 0, 0, 0, 0, 0, 0, 0, 0, 0]"
20250721_014024_206,3,28,28,-5.8,19.55829227853853,-82.98143272399902,-82.98143272399902,0.0888702869415283,0.1017482280731201,28,28.0,YOLO,1,29,-4.4,19.55829227853853,0.0,"[0, 0, 0, 0, 0, 0, 0, 0, 0, 0]"
20250721_014024_398,4,28,28,-5.8,18.216683423969695,-84.33861122131347,-84.33861122131347,0.0978498458862304,0.1581909656524658,28,28.0,YOLO,1,29,-4.4,18.216683423969695,0.0,"[0, 0, 0, 0, 0, 0, 0, 0, 0, 0]"
20250721_014024_656,4,28,28,-5.8,17.859694053850248,-84.42775192260743,-84.42775192260743,0.0896787643432617,0.10182785987854,28,28.0,YOLO,1,29,-4.4,17.859694053850248,0.0,"[0, 0, 0, 0, 0, 0, 0, 0, 0, 0]"
20250721_014024_849,4,27,27,-7.3,19.40872650802369,-83.18090057373047,-83.18090057373047,0.0982966423034668,0.1581006050109863,27,27.0,YOLO,1,29,-4.4,19.40872650802369,0.0,"[0, 0, 0, 0, 0, 0, 0, 0, 0, 0]"
20250721_014025_107,4,27,27,-7.3,19.4086961751521,-83.27686500549316,-83.27686500549316,0.0919282436370849,0.1017496585845947,27,27.0,YOLO,1,29,-4.4,19.4086961751521,0.0,"[0, 0, 0, 0, 0, 0, 0, 0, 0, 0]"
20250721_014025_302,4,27,27,-7.3,19.389321007321016,-83.2337631225586,-83.2337631225586,0.0904052257537841,0.1580984592437744,27,27.0,YOLO,1,29,-4.4,19.389321007321016,0.0,"[0, 0, 0, 0, 0, 0, 0, 0, 0, 0]"
20250721_014025_552,4,27,27,-7.3,19.36675511384908,-83.03456840515136,-83.03456840515136,0.0926103591918945,0.1017823219299316,27,27.0,YOLO,1,29,-4.4,19.36675511384908,0.0,"[0, 0, 0, 0, 0, 0, 0, 0, 0, 0]"
20250721_014025_748,4,27,27,-7.3,19.81615030391056,-82.77748222351075,-82.77748222351075,0.0913586616516113,0.1581251621246338,27,27.0,YOLO,1,29,-4.4,19.81615030391056,0.0,"[0, 0, 0, 0, 0, 0, 0, 0, 0, 0]"
20250721_014025_999,4,27,27,-7.3,19.747474053101428,-82.83226356506347,-82.83226356506347,0.0914371013641357,0.1017444133758544,27,27.0,YOLO,1,29,-4.4,19.747474053101428,0.0,"[0, 0, 0, 0, 0, 0, 0, 0, 0, 0]"
20250721_014026_193,4,27,27,-7.3,19.56870204400785,-83.04041023254395,-83.04041023254395,0.0981330871582031,0.1581702232360839,27,27.0,YOLO,1,29,-4.4,19.56870204400785,0.0,"[0, 0, 0, 0, 0, 0, 0, 0, 0, 0]"
20250721_014026_451,4,27,27,-7.3,19.635936456917378,-83.03067626953126,-83.03067626953126,0.0902760028839111,0.1017823219299316,27,27.0,YOLO,1,29,-4.4,19.635936456917378,0.0,"[0, 0, 0, 0, 0, 0, 0, 0, 0, 0]"
20250721_014026_645,4,27,27,-7.3,19.535219444984165,-82.93544425964356,-82.93544425964356,0.0966324806213378,0.158036470413208,27,27.0,YOLO,1,29,-4.4,19.535219444984165,0.0,"[0, 0, 0, 0, 0, 0, 0, 0, 0, 0]"
20250721_014026_901,4,27,27,-7.3,19.5668695464354,-83.02484893798828,-83.02484893798828,0.0933847427368164,0.1016957759857177,27,27.0,YOLO,1,29,-4.4,19.5668695464354,0.0,"[0, 0, 0, 0, 0, 0, 0, 0, 0, 0]"
20250721_014027_097,4,27,27,-7.3,19.674867836776173,-82.8545150756836,-82.8545150756836,0.0930006504058837,0.1581990718841552,27,27.0,YOLO,1,29,-4.4,19.674867836776173,0.0,"[0, 0, 0, 0, 0, 0, 0, 0, 0, 0]"
20250721_014027_350,4,27,27,-7.3,19.759056391171384,-82.73215827941894,-82.73215827941894,0.0913469791412353,0.1017930507659912,27,27.0,YOLO,1,29,-4.4,19.759056391171384,0.0,"[0, 0, 0, 0, 0, 0, 0, 0, 0, 0]"
20250721_014027_544,4,27,27,-7.3,19.36602217740416,-83.16431198120118,-83.16431198120118,0.0982475280761718,0.1582956314086914,27,27.0,YOLO,1,29,-4.4,19.36602217740416,0.0,"[0, 0, 0, 0, 0, 0, 0, 0, 0, 0]"
20250721_014027_802,4,27,27,-7.3,19.38826927234741,-83.16483650207519,-83.16483650207519,0.0913050174713134,0.1018683910369873,27,27.0,YOLO,1,29,-4.4,19.38826927234741,0.0,"[0, 0, 0, 0, 0, 0, 0, 0, 0, 0]"
20250721_014027_997,4,27,27,-7.3,19.419929503936288,-83.11686782836914,-83.11686782836914,0.1010644435882568,0.1581530570983886,27,27.0,YOLO,1,29,-4.4,19.419929503936288,0.0,"[0, 0, 0, 0, 0, 0, 0, 0, 0, 0]"
20250721_014028_258,4,27,27,-7.3,19.447491990166316,-83.16820526123047,-83.16820526123047,0.083902359008789,0.1017651557922363,27,27.0,YOLO,1,29,-4.4,19.447491990166316,0.0,"[0, 0, 0, 0, 0, 0, 0, 0, 0, 0]"
20250721_014028_445,5,27,27,-7.3,18.891935442685337,-83.59397888183594,-83.59397888183594,0.0921499729156494,0.1581661701202392,27,27.0,YOLO,1,29,-4.4,18.891935442685337,0.0,"[0, 0, 0, 0, 0, 0, 0, 0, 0, 0]"
20250721_014028_697,5,27,27,-7.3,18.595754542658295,-83.91183090209961,-83.91183090209961,0.1411902904510498,0.1018037796020507,27,27.0,YOLO,1,29,-4.4,18.595754542658295,0.0,"[0, 0, 0, 0, 0, 0, 0, 0, 0, 0]"
20250721_014028_941,5,27,27,-7.3,18.548032200396847,-84.14881324768066,-84.14881324768066,0.0796020030975341,0.1581089496612548,27,27.0,YOLO,1,29,-4.4,18.548032200396847,0.0,"[0, 0, 0, 0, 0, 0, 0, 0, 0, 0]"
20250721_014029_180,5,26,26,-8.7,18.394312267169127,-84.18990325927734,-84.18990325927734,0.0939502716064453,0.1017343997955322,26,26.0,YOLO,1,29,-4.4,18.394312267169127,0.0,"[0, 0, 0, 0, 0, 0, 0, 0, 0, 0]"
20250721_014029_377,5,26,26,-8.7,19.72022609119705,-82.81714897155761,-82.81714897155761,0.0952835083007812,0.1581568717956543,26,26.0,YOLO,1,29,-4.4,19.72022609119705,0.0,"[0, 0, 0, 0, 0, 0, 0, 0, 0, 0]"
20250721_014029_632,5,26,26,-8.7,19.72840306333393,-82.77593688964843,-82.77593688964843,0.0938243865966796,0.1017024517059326,26,26.0,YOLO,1,29,-4.4,19.72840306333393,0.0,"[0, 0, 0, 0, 0, 0, 0, 0, 0, 0]"
20250721_014029_829,5,26,26,-8.7,20.045001857528007,-82.64132728576661,-82.64132728576661,0.1018409729003906,0.1582529544830322,26,26.0,YOLO,1,29,-4.4,20.045001857528007,0.0,"[0, 0, 0, 0, 0, 0, 0, 0, 0, 0]"
20250721_014030_091,5,27,27,-7.3,19.81277123751522,-82.7397071838379,-82.7397071838379,0.0890085697174072,0.1018030643463134,27,27.0,YOLO,1,29,-4.4,19.81277123751522,0.0,"[0, 0, 0, 0, 0, 0, 0, 0, 0, 0]"
20250721_014030_283,5,27,27,-7.3,18.928110577855904,-83.6289493560791,-83.6289493560791,0.0924112796783447,0.1581251621246338,27,27.0,YOLO,1,29,-4.4,18.928110577855904,0.0,"[0, 0, 0, 0, 0, 0, 0, 0, 0, 0]"
20250721_014030_535,5,27,27,-7.3,18.90725833944235,-83.5916519165039,-83.5916519165039,0.0947504043579101,0.1018922328948974,27,27.0,YOLO,1,29,-4.4,18.90725833944235,0.0,"[0, 0, 0, 0, 0, 0, 0, 0, 0, 0]"
20250721_014030_734,5,27,27,-7.3,17.868262457846953,-84.69976043701172,-84.69976043701172,0.0868363380432128,0.1583442687988281,27,27.0,YOLO,1,29,-4.4,17.868262457846953,0.0,"[0, 0, 0, 0, 0, 0, 0, 0, 0, 0]"
20250721_014030_980,5,26,26,-8.7,17.896607870917578,-84.5917179107666,-84.5917179107666,0.0902516841888427,0.1017036437988281,26,26.0,YOLO,1,29,-4.4,17.896607870917578,0.0,"[0, 0, 0, 0, 0, 0, 0, 0, 0, 0]"
20250721_014031_174,5,26,26,-8.7,19.78185131575293,-82.75582275390624,-82.75582275390624,0.098029613494873,0.1582181453704834,26,26.0,YOLO,1,29,-4.4,19.78185131575293,0.0,"[0, 0, 0, 0, 0, 0, 0, 0, 0, 0]"
20250721_014031_431,5,27,27,-7.3,19.89313520967042,-82.78027877807617,-82.78027877807617,0.0889608860015869,0.1018290519714355,27,27.0,YOLO,1,29,-4.4,19.89313520967042,0.0,"[0, 0, 0, 0, 0, 0, 0, 0, 0, 0]"
20250721_014031_623,5,27,27,-7.3,18.71635008858594,-83.81134796142578,-83.81134796142578,0.0903906822204589,0.1581900119781494,27,27.0,YOLO,1,29,-4.4,18.71635008858594,0.0,"[0, 0, 0, 0, 0, 0, 0, 0, 0, 0]"
20250721_014031_874,5,27,27,-7.3,18.878535896998727,-83.72164916992188,-83.72164916992188,0.0914957523345947,0.1018242835998535,27,27.0,YOLO,1,29,-4.4,18.878535896998727,0.0,"[0, 0, 0, 0, 0, 0, 0, 0, 0, 0]"
20250721_014032_068,5,27,27,-7.3,18.640794848129037,-83.91283111572265,-83.91283111572265,0.0947363376617431,0.1581134796142578,27,27.0,YOLO,1,29,-4.4,18.640794848129037,0.0,"[0, 0, 0, 0, 0, 0, 0, 0, 0, 0]"
20250721_014032_322,5,27,27,-7.3,18.446546411146517,-84.04263343811036,-84.04263343811036,0.092566967010498,0.1017673015594482,27,27.0,YOLO,1,29,-4.4,18.446546411146517,0.0,"[0, 0, 0, 0, 0, 0, 0, 0, 0, 0]"
20250721_014032_518,6,26,26,-8.7,18.49952618916997,-83.99394989013672,-83.99394989013672,0.0984299182891845,0.1581377983093261,26,26.0,YOLO,1,29,-4.4,18.49952618916997,0.0,"[0, 0, 0, 0, 0, 0, 0, 0, 0, 0]"
20250721_014032_776,6,26,26,-8.7,18.55965049078273,-84.1500015258789,-84.1500015258789,0.08864426612854,0.1019515991210937,26,26.0,YOLO,1,29,-4.4,18.55965049078273,0.0,"[0, 0, 0, 0, 0, 0, 0, 0, 0, 0]"
20250721_014032_968,6,26,26,-8.7,18.57131400262081,-84.12623596191406,-84.12623596191406,0.0958919525146484,0.1582298278808593,26,26.0,YOLO,1,29,-4.4,18.57131400262081,0.0,"[0, 0, 0, 0, 0, 0, 0, 0, 0, 0]"
20250721_014033_224,6,26,26,-8.7,18.584276007329606,-83.89007568359375,-83.89007568359375,0.0910162925720214,0.1018064022064209,26,26.0,YOLO,1,29,-4.4,18.584276007329606,0.0,"[0, 0, 0, 0, 0, 0, 0, 0, 0, 0]"
20250721_014033_418,6,26,26,-8.7,18.57546074061344,-84.01879997253418,-84.01879997253418,0.0927467346191406,0.1581597328186035,26,26.0,YOLO,1,29,-4.4,18.57546074061344,0.0,"[0, 0, 0, 0, 0, 0, 0, 0, 0, 0]"
20250721_014033_671,6,26,26,-8.7,18.717754100133504,-83.7399284362793,-83.7399284362793,0.0921354293823242,0.1017405986785888,26,26.0,YOLO,1,29,-4.4,18.717754100133504,0.0,"[0, 0, 0, 0, 0, 0, 0, 0, 0, 0]"
20250721_014033_866,6,26,26,-8.7,18.889372353855464,-83.59083824157715,-83.59083824157715,0.0963888168334961,0.1581721305847168,26,26.0,YOLO,1,29,-4.4,18.889372353855464,0.0,"[0, 0, 0, 0, 0, 0, 0, 0, 0, 0]"
20250721_014034_122,6,26,26,-8.7,18.944921916875145,-83.74052925109864,-83.74052925109864,0.0918517112731933,0.101773977279663,26,26.0,YOLO,1,29,-4.4,18.944921916875145,0.0,"[0, 0, 0, 0, 0, 0, 0, 0, 0, 0]"
20250721_014034_317,6,26,26,-8.7,18.700065226456104,-83.88048553466797,-83.88048553466797,0.0973055362701416,0.1581480503082275,26,26.0,YOLO,1,29,-4.4,18.700065226456104,0.0,"[0, 0, 0, 0, 0, 0, 0, 0, 0, 0]"
20250721_014034_574,6,26,26,-8.7,18.72979398625368,-83.71386413574218,-83.71386413574218,0.0922827720642089,0.1017799377441406,26,26.0,YOLO,1,29,-4.4,18.72979398625368,0.0,"[0, 0, 0, 0, 0, 0, 0, 0, 0, 0]"
20250721_014034_769,6,26,26,-8.7,18.450744584780168,-84.04017639160156,-84.04017639160156,0.0978612899780273,0.1581721305847168,26,26.0,YOLO,1,29,-4.4,18.450744584780168,0.0,"[0, 0, 0, 0, 0, 0, 0, 0, 0, 0]"
20250721_014035_027,6,26,26,-8.7,18.426714046609632,-84.04263343811036,-84.04263343811036,0.0933837890625,0.1017205715179443,26,26.0,YOLO,1,29,-4.4,18.426714046609632,0.0,"[0, 0, 0, 0, 0, 0, 0, 0, 0, 0]"
20250721_014035_223,6,26,26,-8.7,18.445937420533923,-84.12623596191406,-84.12623596191406,0.0877699851989746,0.1582729816436767,26,26.0,YOLO,1,29,-4.4,18.445937420533923,0.0,"[0, 0, 0, 0, 0, 0, 0, 0, 0, 0]"
20250721_014035_471,6,26,26,-8.7,18.448427846177225,-84.03424644470215,-84.03424644470215,0.0907075405120849,0.1017940044403076,26,26.0,YOLO,1,29,-4.4,18.448427846177225,0.0,"[0, 0, 0, 0, 0, 0, 0, 0, 0, 0]"
20250721_014035_665,6,26,26,-8.7,18.570260607709017,-83.82115936279297,-83.82115936279297,0.0967602729797363,0.1581130027770996,26,26.0,YOLO,1,29,-4.4,18.570260607709017,0.0,"[0, 0, 0, 0, 0, 0, 0, 0, 0, 0]"
20250721_014035_921,6,26,26,-8.7,18.785105595737704,-83.64023551940917,-83.64023551940917,0.0928645133972168,0.1017825603485107,26,26.0,YOLO,1,29,-4.4,18.785105595737704,0.0,"[0, 0, 0, 0, 0, 0, 0, 0, 0, 0]"
20250721_014036_117,6,26,26,-8.7,18.84119106409173,-83.68544998168946,-83.68544998168946,0.0966613292694091,0.1586265563964843,26,26.0,YOLO,1,29,-4.4,18.84119106409173,0.0,"[0, 0, 0, 0, 0, 0, 0, 0, 0, 0]"
20250721_014036_374,7,26,26,-8.7,18.71454848592964,-83.74571228027344,-83.74571228027344,0.0917944908142089,0.1017956733703613,26,26.0,YOLO,1,29,-4.4,18.71454848592964,0.0,"[0, 0, 0, 0, 0, 0, 0, 0, 0, 0]"
20250721_014036_569,7,26,26,-8.7,17.39809176921237,-85.142333984375,-85.142333984375,0.0960640907287597,0.1581902503967285,26,26.0,YOLO,1,29,-4.4,17.39809176921237,0.0,"[0, 0, 0, 0, 0, 0, 0, 0, 0, 0]"
20250721_014036_825,7,25,25,-10.2,17.501862024142525,-84.89587173461913,-84.89587173461913,0.0871138572692871,0.101797342300415,25,25.0,YOLO,1,29,-4.4,17.501862024142525,0.0,"[0, 0, 0, 0, 0, 0, 0, 0, 0, 0]"
20250721_014037_015,7,25,25,-10.2,18.858974603003844,-83.85715103149414,-83.85715103149414,0.0937509536743164,0.1581008434295654,25,25.0,YOLO,1,29,-4.4,18.858974603003844,0.0,"[0, 0, 0, 0, 0, 0, 0, 0, 0, 0]"
20250721_014037_268,7,25,25,-10.2,18.842495055399496,-83.79424285888672,-83.79424285888672,0.0959854125976562,0.1017475128173828,25,25.0,YOLO,1,29,-4.4,18.842495055399496,0.0,"[0, 0, 0, 0, 0, 0, 0, 0, 0, 0]"
20250721_014037_468,7,25,25,-10.2,19.179929915445257,-83.34585113525391,-83.34585113525391,0.0959265232086181,0.1581542491912841,25,25.0,YOLO,1,29,-4.4,19.179929915445257,0.0,"[0, 0, 0, 0, 0, 0, 0, 0, 0, 0]"
20250721_014037_723,7,25,25,-10.2,19.27821943498374,-83.35377502441406,-83.35377502441406,0.0995543003082275,0.1017498970031738,25,25.0,YOLO,1,29,-4.4,19.27821943498374,0.0,"[0, 0, 0, 0, 0, 0, 0, 0, 0, 0]"
20250721_014037_926,7,25,25,-10.2,19.016307743412654,-83.6782054901123,-83.6782054901123,0.0908403396606445,0.1583340167999267,25,25.0,YOLO,1,29,-4.4,19.016307743412654,0.0,"[0, 0, 0, 0, 0, 0, 0, 0, 0, 0]"
20250721_014038_177,7,25,25,-10.2,18.67420570403168,-83.83050193786622,-83.83050193786622,0.0906093120574951,0.1021120548248291,25,25.0,YOLO,1,29,-4.4,18.67420570403168,0.0,"[0, 0, 0, 0, 0, 0, 0, 0, 0, 0]"
20250721_014038_371,7,25,25,-10.2,18.65751468151919,-83.80156707763672,-83.80156707763672,0.102161169052124,0.1585192680358886,25,25.0,YOLO,1,29,-4.4,18.65751468151919,0.0,"[0, 0, 0, 0, 0, 0, 0, 0, 0, 0]"
20250721_014038_633,7,25,25,-10.2,18.906593610781783,-83.6289493560791,-83.6289493560791,0.0984919071197509,0.1020762920379638,25,25.0,YOLO,1,29,-4.4,18.906593610781783,0.0,"[0, 0, 0, 0, 0, 0, 0, 0, 0, 0]"
20250721_014038_835,7,25,25,-10.2,19.21262806985689,-83.22486839294433,-83.22486839294433,0.0916330814361572,0.1585683822631836,25,25.0,YOLO,1,29,-4.4,19.21262806985689,0.0,"[0, 0, 0, 0, 0, 0, 0, 0, 0, 0]"
20250721_014039_087,7,25,25,-10.2,19.02557757869737,-83.43533439636231,-83.43533439636231,0.0887627601623535,0.1020712852478027,25,25.0,YOLO,1,29,-4.4,19.02557757869737,0.0,"[0, 0, 0, 0, 0, 0, 0, 0, 0, 0]"
20250721_014039_279,7,25,25,-10.2,19.253007787094774,-83.41986618041992,-83.41986618041992,0.0951488018035888,0.1584351062774658,25,25.0,YOLO,1,29,-4.4,19.253007787094774,0.0,"[0, 0, 0, 0, 0, 0, 0, 0, 0, 0]"
20250721_014039_535,7,25,25,-10.2,19.19673356889615,-83.28759727478027,-83.28759727478027,0.0917339324951171,0.1021933555603027,25,25.0,YOLO,1,29,-4.4,19.19673356889615,0.0,"[0, 0, 0, 0, 0, 0, 0, 0, 0, 0]"
20250721_014039_730,7,25,25,-10.2,19.16375653170843,-83.46316528320312,-83.46316528320312,0.1021158695220947,0.158276081085205,25,25.0,YOLO,1,29,-4.4,19.16375653170843,0.0,"[0, 0, 0, 0, 0, 0, 0, 0, 0, 0]"
20250721_014039_992,7,25,25,-10.2,19.01345867344547,-83.5916519165039,-83.5916519165039,0.0911817550659179,0.1018502712249755,25,25.0,YOLO,1,29,-4.4,19.01345867344547,0.0,"[0, 0, 0, 0, 0, 0, 0, 0, 0, 0]"
20250721_014040_186,7,25,25,-10.2,19.06288598616628,-83.45571441650391,-83.45571441650391,0.0962014198303222,0.1581852436065673,25,25.0,YOLO,1,29,-4.4,19.06288598616628,0.0,"[0, 0, 0, 0, 0, 0, 0, 0, 0, 0]"
20250721_014040_442,8,25,25,-10.2,19.161890132187597,-83.37267036437989,-83.37267036437989,0.08376145362854,0.101731538772583,25,25.0,YOLO,1,29,-4.4,19.161890132187597,0.0,"[0, 0, 0, 0, 0, 0, 0, 0, 0, 0]"
20250721_014040_629,8,25,25,-10.2,18.104570000449726,-84.33943939208984,-84.33943939208984,0.0930283069610595,0.1585125923156738,25,25.0,YOLO,1,29,-4.4,18.104570000449726,0.0,"[0, 0, 0, 0, 0, 0, 0, 0, 0, 0]"
20250721_014040_882,8,24,24,-11.6,18.19241278662261,-84.41168327331543,-84.41168327331543,0.0910289287567138,0.1020483970642089,24,24.0,YOLO,1,29,-4.4,18.19241278662261,0.0,"[0, 0, 0, 0, 0, 0, 0, 0, 0, 0]"
20250721_014041_077,8,24,24,-11.6,18.784912110180883,-83.82017974853515,-83.82017974853515,0.0960559844970703,0.1584916114807129,24,24.0,YOLO,1,29,-4.4,18.784912110180883,0.0,"[0, 0, 0, 0, 0, 0, 0, 0, 0, 0]"
20250721_014041_333,8,24,24,-11.6,18.88691212915856,-83.59386253356934,-83.59386253356934,0.0864348411560058,0.1018233299255371,24,24.0,YOLO,1,29,-4.4,18.88691212915856,0.0,"[0, 0, 0, 0, 0, 0, 0, 0, 0, 0]"
20250721_014041_523,8,24,24,-11.6,19.307687403718447,-83.23118476867675,-83.23118476867675,0.0872838497161865,0.1582784652709961,24,24.0,YOLO,1,29,-4.4,19.307687403718447,0.0,"[0, 0, 0, 0, 0, 0, 0, 0, 0, 0]"
20250721_014041_770,8,24,24,-11.6,19.34738532137121,-83.18513488769531,-83.18513488769531,0.0914528369903564,0.1017928123474121,24,24.0,YOLO,1,29,-4.4,19.34738532137121,0.0,"[0, 0, 0, 0, 0, 0, 0, 0, 0, 0]"
20250721_014041_964,8,24,24,-11.6,18.97283593457165,-83.48128509521484,-83.48128509521484,0.1019344329833984,0.1582350730895996,24,24.0,YOLO,1,29,-4.4,18.97283593457165,0.0,"[0, 0, 0, 0, 0, 0, 0, 0, 0, 0]"
20250721_014042_226,8,24,24,-11.6,18.901113793131916,-83.56379699707031,-83.56379699707031,0.0913703441619873,0.1017863750457763,24,24.0,YOLO,1,29,-4.4,18.901113793131916,0.0,"[0, 0, 0, 0, 0, 0, 0, 0, 0, 0]"
20250721_014042_421,8,24,24,-11.6,19.226082417370364,-83.35344467163085,-83.35344467163085,0.0974090099334716,0.158240795135498,24,24.0,YOLO,1,29,-4.4,19.226082417370364,0.0,"[0, 0, 0, 0, 0, 0, 0, 0, 0, 0]"
20250721_014042_678,8,24,24,-11.6,19.31490992139417,-83.35355491638184,-83.35355491638184,0.0912535190582275,0.1017780303955078,24,24.0,YOLO,1,29,-4.4,19.31490992139417,0.0,"[0, 0, 0, 0, 0, 0, 0, 0, 0, 0]"
20250721_014042_872,8,24,24,-11.6,18.97196232568298,-83.49550552368164,-83.49550552368164,0.0965638160705566,0.1581640243530273,24,24.0,YOLO,1,29,-4.4,18.97196232568298,0.0,"[0, 0, 0, 0, 0, 0, 0, 0, 0, 0]"
20250721_014043_128,8,24,24,-11.6,18.97699980150132,-83.41986618041992,-83.41986618041992,0.0866107940673828,0.1018047332763671,24,24.0,YOLO,1,29,-4.4,18.97699980150132,0.0,"[0, 0, 0, 0, 0, 0, 0, 0, 0, 0]"
20250721_014043_318,8,24,24,-11.6,19.349581208174,-83.23171920776367,-83.23171920776367,0.0903873443603515,0.1581802368164062,24,24.0,YOLO,1,29,-4.4,19.349581208174,0.0,"[0, 0, 0, 0, 0, 0, 0, 0, 0, 0]"
20250721_014043_568,8,24,24,-11.6,19.308005167256752,-83.2946548461914,-83.2946548461914,0.0888381004333496,0.1018321514129638,24,24.0,YOLO,1,29,-4.4,19.308005167256752,0.0,"[0, 0, 0, 0, 0, 0, 0, 0, 0, 0]"
20250721_014043_760,8,24,24,-11.6,19.10447258867255,-83.41942024230957,-83.41942024230957,0.0936548709869384,0.1581926345825195,24,24.0,YOLO,1,29,-4.4,19.10447258867255,0.0,"[0, 0, 0, 0, 0, 0, 0, 0, 0, 0]"
20250721_014044_014,8,24,24,-11.6,18.883712064028455,-83.50805053710937,-83.50805053710937,0.0883011817932128,0.1017420291900634,24,24.0,YOLO,1,29,-4.4,18.883712064028455,0.0,"[0, 0, 0, 0, 0, 0, 0, 0, 0, 0]"
20250721_014044_205,8,24,24,-11.6,19.355565071828774,-83.1915054321289,-83.1915054321289,0.092980146408081,0.1582164764404297,24,24.0,YOLO,1,29,-4.4,19.355565071828774,0.0,"[0, 0, 0, 0, 0, 0, 0, 0, 0, 0]"
20250721_014044_458,9,24,24,-11.6,19.26490477041719,-83.34716796875,-83.34716796875,0.0959382057189941,0.1018486022949218,24,24.0,YOLO,1,29,-4.4,19.26490477041719,0.0,"[0, 0, 0, 0, 0, 0, 0, 0, 0, 0]"
20250721_014044_657,9,24,24,-11.6,17.98853832575432,-84.56628303527832,-84.56628303527832,0.100168228149414,0.1580674648284912,24,24.0,YOLO,1,29,-4.4,17.98853832575432,0.0,"[0, 0, 0, 0, 0, 0, 0, 0, 0, 0]"
20250721_014044_917,9,24,24,-11.6,17.87809510692206,-84.68475341796875,-84.68475341796875,0.0890612602233886,0.1017792224884033,24,24.0,YOLO,1,29,-4.4,17.87809510692206,0.0,"[0, 0, 0, 0, 0, 0, 0, 0, 0, 0]"
20250721_014045_109,9,24,24,-11.6,18.12267532089992,-84.4280330657959,-84.4280330657959,0.1002099514007568,0.1581130027770996,24,24.0,YOLO,1,29,-4.4,18.12267532089992,0.0,"[0, 0, 0, 0, 0, 0, 0, 0, 0, 0]"
20250721_014045_369,9,24,24,-11.6,17.963908211371347,-84.62821960449219,-84.62821960449219,0.0897235870361328,0.1018409729003906,24,24.0,YOLO,1,29,-4.4,17.963908211371347,0.0,"[0, 0, 0, 0, 0, 0, 0, 0, 0, 0]"
20250721_014045_562,9,24,24,-11.6,17.89117224386017,-84.69901008605957,-84.69901008605957,0.1004760265350341,0.1581828594207763,24,24.0,YOLO,1,29,-4.4,17.89117224386017,0.0,"[0, 0, 0, 0, 0, 0, 0, 0, 0, 0]"
20250721_014045_822,9,24,24,-11.6,18.23413823980204,-84.12623596191406,-84.12623596191406,0.0881485939025878,0.1018550395965576,24,24.0,YOLO,1,29,-4.4,18.23413823980204,0.0,"[0, 0, 0, 0, 0, 0, 0, 0, 0, 0]"
20250721_014046_014,9,24,24,-11.6,18.141792845856543,-84.37708930969238,-84.37708930969238,0.0944528579711914,0.1581013202667236,24,24.0,YOLO,1,29,-4.4,18.141792845856543,0.0,"[0, 0, 0, 0, 0, 0, 0, 0, 0, 0]"
20250721_014046_268,9,24,24,-11.6,18.360622252133027,-84.14881324768066,-84.14881324768066,0.0927305221557617,0.1018195152282714,24,24.0,YOLO,1,29,-4.4,18.360622252133027,0.0,"[0, 0, 0, 0, 0, 0, 0, 0, 0, 0]"
20250721_014046_464,9,24,24,-11.6,18.386286506793112,-84.23166847229004,-84.23166847229004,0.0932021141052246,0.1581885814666748,24,24.0,YOLO,1,29,-4.4,18.386286506793112,0.0,"[0, 0, 0, 0, 0, 0, 0, 0, 0, 0]"
20250721_014046_716,9,24,24,-11.6,18.496922859928446,-84.01957664489746,-84.01957664489746,0.0919983386993408,0.1017990112304687,24,24.0,YOLO,1,29,-4.4,18.496922859928446,0.0,"[0, 0, 0, 0, 0, 0, 0, 0, 0, 0]"
20250721_014046_912,9,24,24,-11.6,18.75592536090781,-83.77075920104981,-83.77075920104981,0.0920352935791015,0.1582388877868652,24,24.0,YOLO,1,29,-4.4,18.75592536090781,0.0,"[0, 0, 0, 0, 0, 0, 0, 0, 0, 0]"
20250721_014047_163,9,24,24,-11.6,18.6940066739098,-83.91183090209961,-83.91183090209961,0.0918588638305664,0.1018202304840087,24,24.0,YOLO,1,29,-4.4,18.6940066739098,0.0,"[0, 0, 0, 0, 0, 0, 0, 0, 0, 0]"
20250721_014047_358,9,24,24,-11.6,18.55322255050983,-83.99394989013672,-83.99394989013672,0.1009361743927002,0.1581368446350097,24,24.0,YOLO,1,29,-4.4,18.55322255050983,0.0,"[0, 0, 0, 0, 0, 0, 0, 0, 0, 0]"
20250721_014047_619,9,24,24,-11.6,18.439882282866137,-84.08429718017578,-84.08429718017578,0.0893671512603759,0.1017067432403564,24,24.0,YOLO,1,29,-4.4,18.439882282866137,0.0,"[0, 0, 0, 0, 0, 0, 0, 0, 0, 0]"
20250721_014047_811,9,24,24,-11.6,18.550135808698187,-83.97826385498047,-83.97826385498047,0.0942516326904296,0.1582975387573242,24,24.0,YOLO,1,29,-4.4,18.550135808698187,0.0,"[0, 0, 0, 0, 0, 0, 0, 0, 0, 0]"
20250721_014048_065,9,24,24,-11.6,18.391312120064583,-84.18990325927734,-84.18990325927734,0.0918407440185546,0.101863145828247,24,24.0,YOLO,1,29,-4.4,18.391312120064583,0.0,"[0, 0, 0, 0, 0, 0, 0, 0, 0, 0]"
20250721_014048_261,9,24,24,-11.6,18.56783699410127,-83.95832824707031,-83.95832824707031,0.0981807708740234,0.1582098007202148,24,24.0,YOLO,1,29,-4.4,18.56783699410127,0.0,"[0, 0, 0, 0, 0, 0, 0, 0, 0, 0]"
20250721_014048_519,10,24,24,-11.6,18.673779776605585,-83.83062477111817,-83.83062477111817,0.0881783962249755,0.1018092632293701,24,24.0,YOLO,1,29,-4.4,18.673779776605585,0.0,"[0, 0, 0, 0, 0, 0, 0, 0, 0, 0]"
20250721_014048_710,10,23,23,-13.1,18.687502470154584,-83.73306465148926,-83.73306465148926,0.0971078872680664,0.1581246852874755,23,23.0,YOLO,1,29,-4.4,18.687502470154584,0.0,"[0, 0, 0, 0, 0, 0, 0, 0, 0, 0]"
20250721_014048_967,10,23,23,-13.1,18.693277074972457,-83.83099365234375,-83.83099365234375,0.0868008136749267,0.1017274856567382,23,23.0,YOLO,1,29,-4.4,18.693277074972457,0.0,"[0, 0, 0, 0, 0, 0, 0, 0, 0, 0]"
20250721_014049_157,10,23,23,-13.1,18.71114577292037,-83.8606185913086,-83.8606185913086,0.098623514175415,0.1581232547760009,23,23.0,YOLO,1,29,-4.4,18.71114577292037,0.0,"[0, 0, 0, 0, 0, 0, 0, 0, 0, 0]"
20250721_014049_415,10,23,23,-13.1,18.7117627766811,-83.91760025024413,-83.91760025024413,0.087601900100708,0.1018319129943847,23,23.0,YOLO,1,29,-4.4,18.7117627766811,0.0,"[0, 0, 0, 0, 0, 0, 0, 0, 0, 0]"
20250721_014049_606,10,23,23,-13.1,19.11486344075772,-83.24492645263672,-83.24492645263672,0.0952415466308593,0.1580808162689209,23,23.0,YOLO,1,29,-4.4,19.11486344075772,0.0,"[0, 0, 0, 0, 0, 0, 0, 0, 0, 0]"
20250721_014049_861,10,23,23,-13.1,19.056104336054236,-83.5448657989502,-83.5448657989502,0.0913596153259277,0.1017992496490478,23,23.0,YOLO,1,29,-4.4,19.056104336054236,0.0,"[0, 0, 0, 0, 0, 0, 0, 0, 0, 0]"
20250721_014050_055,10,23,23,-13.1,18.88232671436101,-83.74089050292969,-83.74089050292969,0.0953774452209472,0.1581044197082519,23,23.0,YOLO,1,29,-4.4,18.88232671436101,0.0,"[0, 0, 0, 0, 0, 0, 0, 0, 0, 0]"
20250721_014050_310,10,23,23,-13.1,19.05332916350765,-83.40924072265625,-83.40924072265625,0.090576171875,0.1018719673156738,23,23.0,YOLO,1,29,-4.4,19.05332916350765,0.0,"[0, 0, 0, 0, 0, 0, 0, 0, 0, 0]"
20250721_014050_504,10,23,23,-13.1,19.09455278023557,-83.34794578552246,-83.34794578552246,0.091562271118164,0.1582059860229492,23,23.0,YOLO,1,29,-4.4,19.09455278023557,0.0,"[0, 0, 0, 0, 0, 0, 0, 0, 0, 0]"
20250721_014050_755,10,23,23,-13.1,19.0539119416966,-83.5628734588623,-83.5628734588623,0.0925741195678711,0.1017379760742187,23,23.0,YOLO,1,29,-4.4,19.0539119416966,0.0,"[0, 0, 0, 0, 0, 0, 0, 0, 0, 0]"
20250721_014050_951,10,23,23,-13.1,18.959753245438137,-83.59072227478028,-83.59072227478028,0.0966849327087402,0.1581764221191406,23,23.0,YOLO,1,29,-4.4,18.959753245438137,0.0,"[0, 0, 0, 0, 0, 0, 0, 0, 0, 0]"
20250721_014051_207,10,23,23,-13.1,19.0922525719168,-83.35355491638184,-83.35355491638184,0.0931828022003173,0.1017765998840332,23,23.0,YOLO,1,29,-4.4,19.0922525719168,0.0,"[0, 0, 0, 0, 0, 0, 0, 0, 0, 0]"
20250721_014051_404,10,23,23,-13.1,18.89906040994721,-83.72164916992188,-83.72164916992188,0.0868673324584961,0.1581437587738037,23,23.0,YOLO,1,29,-4.4,18.89906040994721,0.0,"[0, 0, 0, 0, 0, 0, 0, 0, 0, 0]"
20250721_014051_650,10,23,23,-13.1,19.050261018295544,-83.46316528320312,-83.46316528320312,0.0937666893005371,0.1018075942993164,23,23.0,YOLO,1,29,-4.4,19.050261018295544,0.0,"[0, 0, 0, 0, 0, 0, 0, 0, 0, 0]"
20250721_014051_847,10,23,23,-13.1,19.13479452988844,-83.42713928222656,-83.42713928222656,0.0947301387786865,0.1581254005432129,23,23.0,YOLO,1,29,-4.4,19.13479452988844,0.0,"[0, 0, 0, 0, 0, 0, 0, 0, 0, 0]"
20250721_014052_101,10,23,23,-13.1,19.17026665361665,-83.42042541503906,-83.42042541503906,0.0930609703063964,0.1017317771911621,23,23.0,YOLO,1,29,-4.4,19.17026665361665,0.0,"[0, 0, 0, 0, 0, 0, 0, 0, 0, 0]"
20250721_014052_298,10,23,23,-13.1,19.0835620329825,-83.37056121826171,-83.37056121826171,0.0972468852996826,0.1582276821136474,23,23.0,YOLO,1,29,-4.4,19.0835620329825,0.0,"[0, 0, 0, 0, 0, 0, 0, 0, 0, 0]"
20250721_014052_555,11,23,23,-13.1,18.60130200098364,-83.95072937011719,-83.95072937011719,0.0889697074890136,0.1017754077911377,23,23.0,YOLO,1,29,-4.4,18.60130200098364,0.0,"[0, 0, 0, 0, 0, 0, 0, 0, 0, 0]"
20250721_014052_747,11,22,22,-14.5,19.05055730343409,-83.45593948364258,-83.45593948364258,0.0973150730133056,0.1581027507781982,22,22.0,YOLO,1,29,-4.4,19.05055730343409,0.0,"[0, 0, 0, 0, 0, 0, 0, 0, 0, 0]"
20250721_014053_004,11,22,22,-14.5,19.050782917982477,-83.30293197631836,-83.30293197631836,0.0878264904022216,0.1016757488250732,22,22.0,YOLO,1,29,-4.4,19.050782917982477,0.0,"[0, 0, 0, 0, 0, 0, 0, 0, 0, 0]"
20250721_014053_195,11,22,22,-14.5,19.20116248358427,-83.42042541503906,-83.42042541503906,0.0998203754425048,0.1580345630645752,22,22.0,YOLO,1,29,-4.4,19.20116248358427,0.0,"[0, 0, 0, 0, 0, 0, 0, 0, 0, 0]"
20250721_014053_454,11,22,22,-14.5,19.354945060923683,-83.1970272064209,-83.1970272064209,0.0898470878601074,0.1018521785736084,22,22.0,YOLO,1,29,-4.4,19.354945060923683,0.0,"[0, 0, 0, 0, 0, 0, 0, 0, 0, 0]"
20250721_014053_647,11,22,22,-14.5,18.78907829859797,-83.77148323059082,-83.77148323059082,0.0957758426666259,0.1581552028656005,22,22.0,YOLO,1,29,-4.4,18.78907829859797,0.0,"[0, 0, 0, 0, 0, 0, 0, 0, 0, 0]"
20250721_014053_903,11,22,22,-14.5,18.9431966254822,-83.67678756713867,-83.67678756713867,0.088757038116455,0.1018199920654296,22,22.0,YOLO,1,29,-4.4,18.9431966254822,0.0,"[0, 0, 0, 0, 0, 0, 0, 0, 0, 0]"
20250721_014054_095,11,22,22,-14.5,19.14146642081664,-83.40823822021484,-83.40823822021484,0.0998156070709228,0.1581571102142334,22,22.0,YOLO,1,29,-4.4,19.14146642081664,0.0,"[0, 0, 0, 0, 0, 0, 0, 0, 0, 0]"
20250721_014054_354,11,22,22,-14.5,19.15984872063524,-83.3758773803711,-83.3758773803711,0.0930655002593994,0.101921796798706,22,22.0,YOLO,1,29,-4.4,19.15984872063524,0.0,"[0, 0, 0, 0, 0, 0, 0, 0, 0, 0]"
20250721_014054_551,11,22,22,-14.5,19.060405523711125,-83.44287109375,-83.44287109375,0.0948386192321777,0.1582539081573486,22,22.0,YOLO,1,29,-4.4,19.060405523711125,0.0,"[0, 0, 0, 0, 0, 0, 0, 0, 0, 0]"
20250721_014054_805,11,22,22,-14.5,18.87432774799508,-83.54532623291016,-83.54532623291016,0.0874879360198974,0.1017804145812988,22,22.0,YOLO,1,29,-4.4,18.87432774799508,0.0,"[0, 0, 0, 0, 0, 0, 0, 0, 0, 0]"
20250721_014054_996,11,22,22,-14.5,19.39922968478578,-83.18513488769531,-83.18513488769531,0.1026210784912109,0.1581223011016845,22,22.0,YOLO,1,29,-4.4,19.39922968478578,0.0,"[0, 0, 0, 0, 0, 0, 0, 0, 0, 0]"
20250721_014055_258,11,22,22,-14.5,19.346568610326685,-83.18090057373047,-83.18090057373047,0.0849134922027587,0.1018383502960205,22,22.0,YOLO,1,29,-4.4,19.346568610326685,0.0,"[0, 0, 0, 0, 0, 0, 0, 0, 0, 0]"
20250721_014055_446,11,22,22,-14.5,19.330226631681118,-83.30325851440429,-83.30325851440429,0.0946516990661621,0.1581361293792724,22,22.0,YOLO,1,29,-4.4,19.330226631681118,0.0,"[0, 0, 0, 0, 0, 0, 0, 0, 0, 0]"
20250721_014055_701,11,22,22,-14.5,19.35606790929789,-83.07966003417968,-83.07966003417968,0.0926125049591064,0.1017665863037109,22,22.0,YOLO,1,29,-4.4,19.35606790929789,0.0,"[0, 0, 0, 0, 0, 0, 0, 0, 0, 0]"
20250721_014055_896,11,22,22,-14.5,19.24680356746757,-83.35355491638184,-83.35355491638184,0.0964472293853759,0.158207893371582,22,22.0,YOLO,1,29,-4.4,19.24680356746757,0.0,"[0, 0, 0, 0, 0, 0, 0, 0, 0, 0]"
20250721_014056_152,11,22,22,-14.5,19.12683876692401,-83.32083129882812,-83.32083129882812,0.092341661453247,0.1017203330993652,22,22.0,YOLO,1,29,-4.4,19.12683876692401,0.0,"[0, 0, 0, 0, 0, 0, 0, 0, 0, 0]"
20250721_014056_348,12,22,22,-14.5,18.87315773635412,-83.61933135986328,-83.61933135986328,0.0995943546295166,0.1582951545715332,22,22.0,YOLO,1,29,-4.4,18.87315773635412,0.0,"[0, 0, 0, 0, 0, 0, 0, 0, 0, 0]"
20250721_014056_607,12,22,22,-14.5,18.205055212958182,-84.29773826599121,-84.29773826599121,0.0922141075134277,0.1017792224884033,22,22.0,YOLO,1,29,-4.4,18.205055212958182,0.0,"[0, 0, 0, 0, 0, 0, 0, 0, 0, 0]"
20250721_014056_803,12,22,22,-14.5,17.789408561008997,-84.65982551574707,-84.65982551574707,0.0974297523498535,0.158121109008789,22,22.0,YOLO,1,29,-4.4,17.789408561008997,0.0,"[0, 0, 0, 0, 0, 0, 0, 0, 0, 0]"
20250721_014057_060,12,21,21,-16.0,17.84341084958126,-84.56934280395508,-84.56934280395508,0.094818115234375,0.1017913818359375,21,21.0,YOLO,1,29,-4.4,17.84341084958126,0.0,"[0, 0, 0, 0, 0, 0, 0, 0, 0, 0]"
20250721_014057_258,12,21,21,-16.0,19.523522337809183,-83.02484893798828,-83.02484893798828,0.0938553810119628,0.1586248874664306,21,21.0,YOLO,1,29,-4.4,19.523522337809183,0.0,"[0, 0, 0, 0, 0, 0, 0, 0, 0, 0]"
20250721_014057_512,12,22,22,-14.5,19.447718984616287,-83.0309829711914,-83.0309829711914,0.091815710067749,0.1018424034118652,22,22.0,YOLO,1,29,-4.4,19.447718984616287,0.0,"[0, 0, 0, 0, 0, 0, 0, 0, 0, 0]"
20250721_014057_707,12,22,22,-14.5,18.275855936303078,-84.20262336730957,-84.20262336730957,0.0991854667663574,0.1581788063049316,22,22.0,YOLO,1,29,-4.4,18.275855936303078,0.0,"[0, 0, 0, 0, 0, 0, 0, 0, 0, 0]"
20250721_014057_965,12,22,22,-14.5,18.459869310226367,-84.04276275634766,-84.04276275634766,0.1003398895263671,0.1018187999725341,22,22.0,YOLO,1,29,-4.4,18.459869310226367,0.0,"[0, 0, 0, 0, 0, 0, 0, 0, 0, 0]"
20250721_014058_169,12,22,22,-14.5,18.27079175877114,-84.2216953277588,-84.2216953277588,0.0973031520843505,0.158238410949707,22,22.0,YOLO,1,29,-4.4,18.27079175877114,0.0,"[0, 0, 0, 0, 0, 0, 0, 0, 0, 0]"
20250721_014058_426,12,22,22,-14.5,18.121827881344856,-84.56657409667969,-84.56657409667969,0.09104585647583,0.101741075515747,22,22.0,YOLO,1,29,-4.4,18.121827881344856,0.0,"[0, 0, 0, 0, 0, 0, 0, 0, 0, 0]"
20250721_014058_620,12,22,22,-14.5,18.11262653197936,-84.45053176879883,-84.45053176879883,0.1149628162384033,0.1580862998962402,22,22.0,YOLO,1,29,-4.4,18.11262653197936,0.0,"[0, 0, 0, 0, 0, 0, 0, 0, 0, 0]"
20250721_014058_895,12,21,21,-16.0,18.139934541730028,-84.45152282714844,-84.45152282714844,0.0925183296203613,0.1018297672271728,21,21.0,YOLO,1,29,-4.4,18.139934541730028,0.0,"[0, 0, 0, 0, 0, 0, 0, 0, 0, 0]"
20250721_014059_091,12,21,21,-16.0,19.802659376265623,-82.776611328125,-82.776611328125,0.0905036926269531,0.1581668853759765,21,21.0,YOLO,1,29,-4.4,19.802659376265623,0.0,"[0, 0, 0, 0, 0, 0, 0, 0, 0, 0]"
20250721_014059_341,12,22,22,-14.5,19.928642560841794,-82.7610076904297,-82.7610076904297,0.0873663425445556,0.1019206047058105,22,22.0,YOLO,1,29,-4.4,19.928642560841794,0.0,"[0, 0, 0, 0, 0, 0, 0, 0, 0, 0]"
20250721_014059_532,12,22,22,-14.5,18.585455449525256,-83.87936820983887,-83.87936820983887,0.0870487689971923,0.1581707000732422,22,22.0,YOLO,1,29,-4.4,18.585455449525256,0.0,"[0, 0, 0, 0, 0, 0, 0, 0, 0, 0]"
20250721_014059_778,12,22,22,-14.5,18.61365301637356,-83.82361602783203,-83.82361602783203,0.0896139144897461,0.1017825603485107,22,22.0,YOLO,1,29,-4.4,18.61365301637356,0.0,"[0, 0, 0, 0, 0, 0, 0, 0, 0, 0]"
20250721_014059_971,12,22,22,-14.5,18.64765712333059,-83.91133270263673,-83.91133270263673,0.102203369140625,0.1581625938415527,22,22.0,YOLO,1,29,-4.4,18.64765712333059,0.0,"[0, 0, 0, 0, 0, 0, 0, 0, 0, 0]"
20250721_014100_233,12,22,22,-14.5,18.692459774841154,-83.81037063598633,-83.81037063598633,0.0889341831207275,0.1017673015594482,22,22.0,YOLO,1,29,-4.4,18.692459774841154,0.0,"[0, 0, 0, 0, 0, 0, 0, 0, 0, 0]"
20250721_014100_425,13,22,22,-14.5,16.917393889961048,-83.40735092163087,-83.40735092163087,0.0935189723968505,0.5214095115661621,22,21.0,NeighborSearch,2,22,-14.5,19.158297285333816,-1.0,"[0, 0, 0, 0, 0, 0, 0, 0, 0, -1]"
20250721_014101_042,13,21,21,-16.0,18.86118299459922,-83.70166511535645,-83.70166511535645,0.0863268375396728,0.1580796241760254,21,21.0,YOLO,1,22,-14.5,18.86118299459922,0.0,"[0, 0, 0, 0, 0, 0, 0, 0, -1, 0]"
20250721_014101_287,13,21,21,-16.0,18.7519808423194,-83.72164916992188,-83.72164916992188,0.0935604572296142,0.1018147468566894,21,21.0,YOLO,1,22,-14.5,18.7519808423194,0.0,"[0, 0, 0, 0, 0, 0, 0, -1, 0, 0]"
20250721_014101_484,13,21,21,-16.0,19.352802296864557,-83.19097518920898,-83.19097518920898,0.0937800407409668,0.158236026763916,21,21.0,YOLO,1,22,-14.5,19.352802296864557,0.0,"[0, 0, 0, 0, 0, 0, -1, 0, 0, 0]"
20250721_014101_738,13,21,21,-16.0,19.259894921539058,-83.28759727478027,-83.28759727478027,0.0919666290283203,0.1024999618530273,21,21.0,YOLO,1,22,-14.5,19.259894921539058,0.0,"[0, 0, 0, 0, 0, -1, 0, 0, 0, 0]"
20250721_014101_934,13,21,21,-16.0,19.303395740767712,-83.18090057373047,-83.18090057373047,0.0919392108917236,0.1588509082794189,21,21.0,YOLO,1,22,-14.5,19.303395740767712,0.0,"[0, 0, 0, 0, -1, 0, 0, 0, 0, 0]"
20250721_014102_187,13,21,21,-16.0,19.352398090684886,-83.16809997558593,-83.16809997558593,0.0921061038970947,0.102079153060913,21,21.0,YOLO,1,22,-14.5,19.352398090684886,0.0,"[0, 0, 0, -1, 0, 0, 0, 0, 0, 0]"
20250721_014102_382,13,21,21,-16.0,19.39673853653106,-83.24438972473145,-83.24438972473145,0.0982978343963623,0.1585187911987304,21,21.0,YOLO,1,22,-14.5,19.39673853653106,0.0,"[0, 0, -1, 0, 0, 0, 0, 0, 0, 0]"
20250721_014102_641,13,21,21,-16.0,19.396810084487115,-83.29249114990235,-83.29249114990235,0.0907740592956543,0.1020195484161377,21,21.0,YOLO,1,22,-14.5,19.396810084487115,0.0,"[0, -1, 0, 0, 0, 0, 0, 0, 0, 0]"
20250721_014102_836,13,21,21,-16.0,19.396932019708014,-83.26863861083984,-83.26863861083984,0.1021013259887695,0.1585488319396972,21,21.0,YOLO,1,22,-14.5,19.396932019708014,0.0,"[-1, 0, 0, 0, 0, 0, 0, 0, 0, 0]"
20250721_014103_098,13,21,21,-16.0,19.342307659443943,-83.04903526306153,-83.04903526306153,0.0862634181976318,0.1020750999450683,21,21.0,YOLO,1,22,-14.5,19.342307659443943,0.0,"[0, 0, 0, 0, 0, 0, 0, 0, 0, 0]"
20250721_014103_287,13,21,21,-16.0,19.36786093770692,-83.09905242919922,-83.09905242919922,0.0956881046295166,0.1584138870239257,21,21.0,YOLO,1,22,-14.5,19.36786093770692,0.0,"[0, 0, 0, 0, 0, 0, 0, 0, 0, 0]"
20250721_014103_543,13,21,21,-16.0,19.55245437832953,-82.99947700500488,-82.99947700500488,0.0852828025817871,0.1019377708435058,21,21.0,YOLO,1,22,-14.5,19.55245437832953,0.0,"[0, 0, 0, 0, 0, 0, 0, 0, 0, 0]"
20250721_014103_732,13,21,21,-16.0,19.39573074386104,-83.23118476867675,-83.23118476867675,0.095414400100708,0.158221960067749,21,21.0,YOLO,1,22,-14.5,19.39573074386104,0.0,"[0, 0, 0, 0, 0, 0, 0, 0, 0, 0]"
20250721_014103_987,13,21,21,-16.0,19.395845105054377,-83.1915054321289,-83.1915054321289,0.0932965278625488,0.1017522811889648,21,21.0,YOLO,1,22,-14.5,19.395845105054377,0.0,"[0, 0, 0, 0, 0, 0, 0, 0, 0, 0]"
20250721_014104_183,13,21,21,-16.0,19.244674346125976,-83.49208450317383,-83.49208450317383,0.098954439163208,0.1583919525146484,21,21.0,YOLO,1,22,-14.5,19.244674346125976,0.0,"[0, 0, 0, 0, 0, 0, 0, 0, 0, 0]"
20250721_014104_442,14,21,21,-16.0,19.08041869686033,-83.49697990417481,-83.49697990417481,0.0919184684753418,0.1021811962127685,21,21.0,YOLO,1,22,-14.5,19.08041869686033,0.0,"[0, 0, 0, 0, 0, 0, 0, 0, 0, 0]"
20250721_014104_638,14,21,21,-16.0,17.799184587806167,-84.76257514953613,-84.76257514953613,0.0963222980499267,0.1584868431091308,21,21.0,YOLO,1,22,-14.5,17.799184587806167,0.0,"[0, 0, 0, 0, 0, 0, 0, 0, 0, 0]"
20250721_014104_894,14,20,20,-17.4,17.770528752916974,-84.76257514953613,-84.76257514953613,0.089902639389038,0.1019327640533447,20,20.0,YOLO,1,22,-14.5,17.770528752916974,0.0,"[0, 0, 0, 0, 0, 0, 0, 0, 0, 0]"
20250721_014105_087,14,20,20,-17.4,18.655265624798787,-83.87799835205078,-83.87799835205078,0.0960087776184082,0.158205509185791,20,20.0,YOLO,1,22,-14.5,18.655265624798787,0.0,"[0, 0, 0, 0, 0, 0, 0, 0, 0, 0]"
20250721_014105_343,14,20,20,-17.4,18.526225964854547,-83.90995330810547,-83.90995330810547,0.0919373035430908,0.1017737388610839,20,20.0,YOLO,1,22,-14.5,18.526225964854547,0.0,"[0, 0, 0, 0, 0, 0, 0, 0, 0, 0]"
20250721_014105_538,14,20,20,-17.4,18.7376941635259,-83.79180145263672,-83.79180145263672,0.097611665725708,0.158252477645874,20,20.0,YOLO,1,22,-14.5,18.7376941635259,0.0,"[0, 0, 0, 0, 0, 0, 0, 0, 0, 0]"
20250721_014105_796,14,20,20,-17.4,18.83141839965846,-83.54383354187011,-83.54383354187011,0.0893433094024658,0.1017782688140869,20,20.0,YOLO,1,22,-14.5,18.83141839965846,0.0,"[0, 0, 0, 0, 0, 0, 0, 0, 0, 0]"
20250721_014105_988,14,20,20,-17.4,18.77885453734368,-83.72621536254883,-83.72621536254883,0.0949134826660156,0.1582438945770263,20,20.0,YOLO,1,22,-14.5,18.77885453734368,0.0,"[0, 0, 0, 0, 0, 0, 0, 0, 0, 0]"
20250721_014106_243,14,20,20,-17.4,18.95965811244926,-83.57305908203125,-83.57305908203125,0.0917513370513916,0.1018095016479492,20,20.0,YOLO,1,22,-14.5,18.95965811244926,0.0,"[0, 0, 0, 0, 0, 0, 0, 0, 0, 0]"
20250721_014106_438,14,20,20,-17.4,19.30499823919267,-83.28716430664062,-83.28716430664062,0.0923287868499755,0.1581640243530273,20,20.0,YOLO,1,22,-14.5,19.30499823919267,0.0,"[0, 0, 0, 0, 0, 0, 0, 0, 0, 0]"
20250721_014106_690,14,20,20,-17.4,19.167685437498008,-83.44208450317383,-83.44208450317383,0.0891826152801513,0.101738691329956,20,20.0,YOLO,1,22,-14.5,19.167685437498008,0.0,"[0, 0, 0, 0, 0, 0, 0, 0, 0, 0]"
20250721_014106_882,14,20,20,-17.4,19.137183018685064,-83.27729797363281,-83.27729797363281,0.0993943214416503,0.1581878662109375,20,20.0,YOLO,1,22,-14.5,19.137183018685064,0.0,"[0, 0, 0, 0, 0, 0, 0, 0, 0, 0]"
20250721_014107_141,14,20,20,-17.4,19.26005804089561,-83.38841438293457,-83.38841438293457,0.0871212482452392,0.1017506122589111,20,20.0,YOLO,1,22,-14.5,19.26005804089561,0.0,"[0, 0, 0, 0, 0, 0, 0, 0, 0, 0]"
20250721_014107_331,14,20,20,-17.4,19.18628663661065,-83.32039413452148,-83.32039413452148,0.0976021289825439,0.1581685543060302,20,20.0,YOLO,1,22,-14.5,19.18628663661065,0.0,"[0, 0, 0, 0, 0, 0, 0, 0, 0, 0]"
20250721_014107_588,14,20,20,-17.4,19.13004294069438,-83.45639038085938,-83.45639038085938,0.0923750400543212,0.1017017364501953,20,20.0,YOLO,1,22,-14.5,19.13004294069438,0.0,"[0, 0, 0, 0, 0, 0, 0, 0, 0, 0]"
20250721_014107_784,14,20,20,-17.4,18.784225005934232,-83.83062477111817,-83.83062477111817,0.0934913158416748,0.1582601070404052,20,20.0,YOLO,1,22,-14.5,18.784225005934232,0.0,"[0, 0, 0, 0, 0, 0, 0, 0, 0, 0]"
20250721_014108_037,14,20,20,-17.4,18.845465053885192,-83.7399284362793,-83.7399284362793,0.0883820056915283,0.1018595695495605,20,20.0,YOLO,1,22,-14.5,18.845465053885192,0.0,"[0, 0, 0, 0, 0, 0, 0, 0, 0, 0]"
20250721_014108_229,14,20,20,-17.4,19.310788948891897,-83.3736644744873,-83.3736644744873,0.0966079235076904,0.1583726406097412,20,20.0,YOLO,1,22,-14.5,19.310788948891897,0.0,"[0, 0, 0, 0, 0, 0, 0, 0, 0, 0]"
20250721_014108_485,15,20,20,-17.4,19.468563948095124,-83.14031410217285,-83.14031410217285,0.0889616012573242,0.1017591953277587,20,20.0,YOLO,1,22,-14.5,19.468563948095124,0.0,"[0, 0, 0, 0, 0, 0, 0, 0, 0, 0]"
20250721_014108_677,15,20,20,-17.4,17.7985781839091,-84.69075012207031,-84.69075012207031,0.0939595699310302,0.1581909656524658,20,20.0,YOLO,1,22,-14.5,17.7985781839091,0.0,"[0, 0, 0, 0, 0, 0, 0, 0, 0, 0]"
20250721_014108_931,15,19,19,-18.9,17.72843895976068,-84.69976043701172,-84.69976043701172,0.085803747177124,0.1019759178161621,19,19.0,YOLO,1,22,-14.5,17.72843895976068,0.0,"[0, 0, 0, 0, 0, 0, 0, 0, 0, 0]"
20250721_014109_120,15,19,19,-18.9,19.610986502420403,-82.96679496765137,-82.96679496765137,0.0986678600311279,0.1581828594207763,19,19.0,YOLO,1,22,-14.5,19.610986502420403,0.0,"[0, 0, 0, 0, 0, 0, 0, 0, 0, 0]"
20250721_014109_379,15,19,19,-18.9,19.71802271110269,-82.87935295104981,-82.87935295104981,0.085498571395874,0.1018342971801757,19,19.0,YOLO,1,22,-14.5,19.71802271110269,0.0,"[0, 0, 0, 0, 0, 0, 0, 0, 0, 0]"
20250721_014109_567,15,19,19,-18.9,19.513431370335734,-83.03456840515136,-83.03456840515136,0.0925400257110595,0.1581621170043945,19,19.0,YOLO,1,22,-14.5,19.513431370335734,0.0,"[0, 0, 0, 0, 0, 0, 0, 0, 0, 0]"
20250721_014109_819,15,19,19,-18.9,19.70349147737167,-82.94345474243164,-82.94345474243164,0.0924184322357177,0.1017706394195556,19,19.0,YOLO,1,22,-14.5,19.70349147737167,0.0,"[0, 0, 0, 0, 0, 0, 0, 0, 0, 0]"
20250721_014110_015,15,19,19,-18.9,19.800008305735915,-82.84784126281738,-82.84784126281738,0.0925188064575195,0.158344030380249,19,19.0,YOLO,1,22,-14.5,19.800008305735915,0.0,"[0, 0, 0, 0, 0, 0, 0, 0, 0, 0]"
20250721_014110_267,15,19,19,-18.9,19.6179783873487,-82.98985061645509,-82.98985061645509,0.0880002975463867,0.1019713878631591,19,19.0,YOLO,1,22,-14.5,19.6179783873487,0.0,"[0, 0, 0, 0, 0, 0, 0, 0, 0, 0]"
20250721_014110_459,15,19,19,-18.9,19.258178354363253,-83.23043899536133,-83.23043899536133,0.0918362140655517,0.1581614017486572,19,19.0,YOLO,1,22,-14.5,19.258178354363253,0.0,"[0, 0, 0, 0, 0, 0, 0, 0, 0, 0]"
20250721_014110_710,15,19,19,-18.9,19.24384001519715,-83.27729797363281,-83.27729797363281,0.0879135131835937,0.1017346382141113,19,19.0,YOLO,1,22,-14.5,19.24384001519715,0.0,"[0, 0, 0, 0, 0, 0, 0, 0, 0, 0]"
20250721_014110_901,15,19,19,-18.9,19.79977632466938,-82.61370849609375,-82.61370849609375,0.0995712280273437,0.1581134796142578,19,19.0,YOLO,1,22,-14.5,19.79977632466938,0.0,"[0, 0, 0, 0, 0, 0, 0, 0, 0, 0]"
20250721_014111_160,15,19,19,-18.9,19.799814689360204,-82.75649147033691,-82.75649147033691,0.0898332595825195,0.1017544269561767,19,19.0,YOLO,1,22,-14.5,19.799814689360204,0.0,"[0, 0, 0, 0, 0, 0, 0, 0, 0, 0]"
20250721_014111_353,15,20,20,-17.4,18.488794976489302,-84.10508575439454,-84.10508575439454,0.092628002166748,0.1582224369049072,20,20.0,YOLO,1,22,-14.5,18.488794976489302,0.0,"[0, 0, 0, 0, 0, 0, 0, 0, 0, 0]"
20250721_014111_606,15,20,20,-17.4,18.332343061493678,-84.18990325927734,-84.18990325927734,0.0960395336151123,0.1017687320709228,20,20.0,YOLO,1,22,-14.5,18.332343061493678,0.0,"[0, 0, 0, 0, 0, 0, 0, 0, 0, 0]"
20250721_014111_805,15,20,20,-17.4,18.547278895650777,-83.99318466186523,-83.99318466186523,0.0921580791473388,0.1582450866699218,20,20.0,YOLO,1,22,-14.5,18.547278895650777,0.0,"[0, 0, 0, 0, 0, 0, 0, 0, 0, 0]"
20250721_014112_057,15,20,20,-17.4,18.44590726068725,-84.12426948547363,-84.12426948547363,0.0908594131469726,0.101835012435913,20,20.0,YOLO,1,22,-14.5,18.44590726068725,0.0,"[0, 0, 0, 0, 0, 0, 0, 0, 0, 0]"
20250721_014112_251,15,20,20,-17.4,18.188087970059826,-84.38937911987304,-84.38937911987304,0.0980660915374755,0.1581737995147705,20,20.0,YOLO,1,22,-14.5,18.188087970059826,0.0,"[0, 0, 0, 0, 0, 0, 0, 0, 0, 0]"
20250721_014112_508,16,19,19,-18.9,18.362721810855405,-84.15728912353515,-84.15728912353515,0.0909609794616699,0.1020128726959228,19,19.0,YOLO,1,22,-14.5,18.362721810855405,0.0,"[0, 0, 0, 0, 0, 0, 0, 0, 0, 0]"
20250721_014112_703,16,19,19,-18.9,18.86876512985225,-83.78997993469238,-83.78997993469238,0.0986490249633789,0.1581428050994873,19,19.0,YOLO,1,22,-14.5,18.86876512985225,0.0,"[0, 0, 0, 0, 0, 0, 0, 0, 0, 0]"
20250721_014112_961,16,19,19,-18.9,18.8777576989921,-83.7336654663086,-83.7336654663086,0.0937104225158691,0.1017346382141113,19,19.0,YOLO,1,22,-14.5,18.8777576989921,0.0,"[0, 0, 0, 0, 0, 0, 0, 0, 0, 0]"
20250721_014113_158,16,19,19,-18.9,18.75031119139919,-83.68580627441406,-83.68580627441406,0.0981199741363525,0.1581029891967773,19,19.0,YOLO,1,22,-14.5,18.75031119139919,0.0,"[0, 0, 0, 0, 0, 0, 0, 0, 0, 0]"
20250721_014113_416,16,19,19,-18.9,18.877012561282957,-83.66918182373047,-83.66918182373047,0.0852303504943847,0.1018166542053222,19,19.0,YOLO,1,22,-14.5,18.877012561282957,0.0,"[0, 0, 0, 0, 0, 0, 0, 0, 0, 0]"
20250721_014113_604,16,19,19,-18.9,18.930959104990837,-83.62637214660644,-83.62637214660644,0.091686725616455,0.1581900119781494,19,19.0,YOLO,1,22,-14.5,18.930959104990837,0.0,"[0, 0, 0, 0, 0, 0, 0, 0, 0, 0]"
20250721_014113_855,16,19,19,-18.9,19.002479160203634,-83.40924072265625,-83.40924072265625,0.09405517578125,0.1017651557922363,19,19.0,YOLO,1,22,-14.5,19.002479160203634,0.0,"[0, 0, 0, 0, 0, 0, 0, 0, 0, 0]"
20250721_014114_053,16,19,19,-18.9,19.33122307408736,-83.22561645507812,-83.22561645507812,0.0952491760253906,0.1581459045410156,19,19.0,YOLO,1,22,-14.5,19.33122307408736,0.0,"[0, 0, 0, 0, 0, 0, 0, 0, 0, 0]"
20250721_014114_307,16,19,19,-18.9,19.464861185163628,-83.09657211303711,-83.09657211303711,0.0901746749877929,0.1017839908599853,19,19.0,YOLO,1,22,-14.5,19.464861185163628,0.0,"[0, 0, 0, 0, 0, 0, 0, 0, 0, 0]"
20250721_014114_501,16,19,19,-18.9,19.18331651576186,-83.32039413452148,-83.32039413452148,0.0905613899230957,0.1581480503082275,19,19.0,YOLO,1,22,-14.5,19.18331651576186,0.0,"[0, 0, 0, 0, 0, 0, 0, 0, 0, 0]"
20250721_014114_751,16,19,19,-18.9,19.09010467014652,-83.37233276367188,-83.37233276367188,0.0918495655059814,0.1017580032348632,19,19.0,YOLO,1,22,-14.5,19.09010467014652,0.0,"[0, 0, 0, 0, 0, 0, 0, 0, 0, 0]"
20250721_014114_946,16,19,19,-18.9,19.18053680003922,-83.44714736938477,-83.44714736938477,0.0877900123596191,0.1581645011901855,19,19.0,YOLO,1,22,-14.5,19.18053680003922,0.0,"[0, 0, 0, 0, 0, 0, 0, 0, 0, 0]"
20250721_014115_193,16,19,19,-18.9,19.09464280539555,-83.37576675415039,-83.37576675415039,0.0913007259368896,0.1018102169036865,19,19.0,YOLO,1,22,-14.5,19.09464280539555,0.0,"[0, 0, 0, 0, 0, 0, 0, 0, 0, 0]"
20250721_014115_388,16,19,19,-18.9,18.8770239818618,-83.68580627441406,-83.68580627441406,0.0889379978179931,0.1581952571868896,19,19.0,YOLO,1,22,-14.5,18.8770239818618,0.0,"[0, 0, 0, 0, 0, 0, 0, 0, 0, 0]"
20250721_014115_636,16,19,19,-18.9,18.953218716541656,-83.56379699707031,-83.56379699707031,0.08807373046875,0.1018126010894775,19,19.0,YOLO,1,22,-14.5,18.953218716541656,0.0,"[0, 0, 0, 0, 0, 0, 0, 0, 0, 0]"
20250721_014115_828,16,19,19,-18.9,19.152004722710643,-83.3735466003418,-83.3735466003418,0.0835518836975097,0.1581573486328125,19,19.0,YOLO,1,22,-14.5,19.152004722710643,0.0,"[0, 0, 0, 0, 0, 0, 0, 0, 0, 0]"
20250721_014116_071,16,19,19,-18.9,19.046880707230827,-83.54532623291016,-83.54532623291016,0.093491792678833,0.1016867160797119,19,19.0,YOLO,1,22,-14.5,19.046880707230827,0.0,"[0, 0, 0, 0, 0, 0, 0, 0, 0, 0]"
20250721_014116_267,16,19,19,-18.9,18.78053060823511,-83.83837890625,-83.83837890625,0.0958890914916992,0.1582300662994384,19,19.0,YOLO,1,22,-14.5,18.78053060823511,0.0,"[0, 0, 0, 0, 0, 0, 0, 0, 0, 0]"
20250721_014116_523,17,19,19,-18.9,18.14727148190876,-84.33943939208984,-84.33943939208984,0.0879218578338623,0.101794958114624,19,19.0,YOLO,1,22,-14.5,18.14727148190876,0.0,"[0, 0, 0, 0, 0, 0, 0, 0, 0, 0]"
20250721_014116_714,17,18,18,-20.3,19.14543151089248,-83.27686500549316,-83.27686500549316,0.0891189575195312,0.1581792831420898,18,18.0,YOLO,1,22,-14.5,19.14543151089248,0.0,"[0, 0, 0, 0, 0, 0, 0, 0, 0, 0]"
20250721_014116_963,17,18,18,-20.3,19.129259245277424,-83.35355491638184,-83.35355491638184,0.0952050685882568,0.1017680168151855,18,18.0,YOLO,1,22,-14.5,19.129259245277424,0.0,"[0, 0, 0, 0, 0, 0, 0, 0, 0, 0]"
20250721_014117_161,17,18,18,-20.3,19.13749925743039,-83.42713928222656,-83.42713928222656,0.0945680141448974,0.1582419872283935,18,18.0,YOLO,1,22,-14.5,19.13749925743039,0.0,"[0, 0, 0, 0, 0, 0, 0, 0, 0, 0]"
20250721_014117_416,17,18,18,-20.3,19.25372933901689,-83.21012268066406,-83.21012268066406,0.0906879901885986,0.1018891334533691,18,18.0,YOLO,1,22,-14.5,19.25372933901689,0.0,"[0, 0, 0, 0, 0, 0, 0, 0, 0, 0]"
20250721_014117_610,17,18,18,-20.3,18.851725955445744,-83.6858139038086,-83.6858139038086,0.0993294715881347,0.1581909656524658,18,18.0,YOLO,1,22,-14.5,18.851725955445744,0.0,"[0, 0, 0, 0, 0, 0, 0, 0, 0, 0]"
20250721_014117_868,17,18,18,-20.3,19.000696833576967,-83.61968231201172,-83.61968231201172,0.0879411697387695,0.1017930507659912,18,18.0,YOLO,1,22,-14.5,19.000696833576967,0.0,"[0, 0, 0, 0, 0, 0, 0, 0, 0, 0]"
20250721_014118_060,17,18,18,-20.3,18.888569508925343,-83.7399284362793,-83.7399284362793,0.1009228229522705,0.1585309505462646,18,18.0,YOLO,1,22,-14.5,18.888569508925343,0.0,"[0, 0, 0, 0, 0, 0, 0, 0, 0, 0]"
20250721_014118_322,17,18,18,-20.3,18.747441662945107,-83.79180145263672,-83.79180145263672,0.0919485092163086,0.1019113063812255,18,18.0,YOLO,1,22,-14.5,18.747441662945107,0.0,"[0, 0, 0, 0, 0, 0, 0, 0, 0, 0]"
20250721_014118_517,17,18,18,-20.3,19.06862291087009,-83.54532623291016,-83.54532623291016,0.0930936336517334,0.1581368446350097,18,18.0,YOLO,1,22,-14.5,19.06862291087009,0.0,"[0, 0, 0, 0, 0, 0, 0, 0, 0, 0]"
20250721_014118_769,17,18,18,-20.3,19.04578585782484,-83.45639038085938,-83.45639038085938,0.0901205539703369,0.1017532348632812,18,18.0,YOLO,1,22,-14.5,19.04578585782484,0.0,"[0, 0, 0, 0, 0, 0, 0, 0, 0, 0]"
20250721_014118_962,17,18,18,-20.3,19.019423431714586,-83.42792930603028,-83.42792930603028,0.100862979888916,0.1581416130065918,18,18.0,YOLO,1,22,-14.5,19.019423431714586,0.0,"[0, 0, 0, 0, 0, 0, 0, 0, 0, 0]"
20250721_014119_223,17,18,18,-20.3,19.11737527314108,-83.37056121826171,-83.37056121826171,0.0879738330841064,0.1018755435943603,18,18.0,YOLO,1,22,-14.5,19.11737527314108,0.0,"[0, 0, 0, 0, 0, 0, 0, 0, 0, 0]"
20250721_014119_414,17,18,18,-20.3,19.04974147992027,-83.57526245117188,-83.57526245117188,0.0946738719940185,0.1581265926361084,18,18.0,YOLO,1,22,-14.5,19.04974147992027,0.0,"[0, 0, 0, 0, 0, 0, 0, 0, 0, 0]"
20250721_014119_668,17,18,18,-20.3,18.9289167504828,-83.7130298614502,-83.7130298614502,0.0924992561340332,0.1017639636993408,18,18.0,YOLO,1,22,-14.5,18.9289167504828,0.0,"[0, 0, 0, 0, 0, 0, 0, 0, 0, 0]"
20250721_014119_864,17,18,18,-20.3,19.04414430582399,-83.44714736938477,-83.44714736938477,0.0961501598358154,0.158182144165039,18,18.0,YOLO,1,22,-14.5,19.04414430582399,0.0,"[0, 0, 0, 0, 0, 0, 0, 0, 0, 0]"
20250721_014120_120,17,18,18,-20.3,19.14950688442869,-83.42624435424804,-83.42624435424804,0.0902676582336425,0.101769208908081,18,18.0,YOLO,1,22,-14.5,19.14950688442869,0.0,"[0, 0, 0, 0, 0, 0, 0, 0, 0, 0]"
20250721_014120_313,18,18,18,-20.3,19.048675340169225,-83.49641151428223,-83.49641151428223,0.0930509567260742,0.158210277557373,18,18.0,YOLO,1,22,-14.5,19.048675340169225,0.0,"[0, 0, 0, 0, 0, 0, 0, 0, 0, 0]"
20250721_014120_566,18,18,18,-20.3,18.2624072615922,-84.18990325927734,-84.18990325927734,0.0883150100708007,0.1017777919769287,18,18.0,YOLO,1,22,-14.5,18.2624072615922,0.0,"[0, 0, 0, 0, 0, 0, 0, 0, 0, 0]"
20250721_014120_758,18,17,17,-21.8,19.1493686052672,-83.30325851440429,-83.30325851440429,0.0877473354339599,0.1581354141235351,17,17.0,YOLO,1,22,-14.5,19.1493686052672,0.0,"[0, 0, 0, 0, 0, 0, 0, 0, 0, 0]"
20250721_014121_005,18,17,17,-21.8,19.255134791762657,-83.3736644744873,-83.3736644744873,0.0901751518249511,0.1017975807189941,17,17.0,YOLO,1,22,-14.5,19.255134791762657,0.0,"[0, 0, 0, 0, 0, 0, 0, 0, 0, 0]"
20250721_014121_198,18,17,17,-21.8,19.139221454221257,-83.42680358886719,-83.42680358886719,0.0889263153076171,0.1582000255584716,17,17.0,YOLO,1,22,-14.5,19.139221454221257,0.0,"[0, 0, 0, 0, 0, 0, 0, 0, 0, 0]"
20250721_014121_447,18,17,17,-21.8,19.150031832702357,-83.40846061706543,-83.40846061706543,0.0909905433654785,0.1017873287200927,17,17.0,YOLO,1,22,-14.5,19.150031832702357,0.0,"[0, 0, 0, 0, 0, 0, 0, 0, 0, 0]"
20250721_014121_641,18,17,17,-21.8,19.38934977154908,-83.19097518920898,-83.19097518920898,0.0937910079956054,0.1581666469573974,17,17.0,YOLO,1,22,-14.5,19.38934977154908,0.0,"[0, 0, 0, 0, 0, 0, 0, 0, 0, 0]"
20250721_014121_894,18,17,17,-21.8,19.26892339227129,-83.28813934326172,-83.28813934326172,0.0895862579345703,0.1017191410064697,17,17.0,YOLO,1,22,-14.5,19.26892339227129,0.0,"[0, 0, 0, 0, 0, 0, 0, 0, 0, 0]"
20250721_014122_087,18,17,17,-21.8,19.11816502029181,-83.30085906982421,-83.30085906982421,0.0946238040924072,0.1581892967224121,17,17.0,YOLO,1,22,-14.5,19.11816502029181,0.0,"[0, 0, 0, 0, 0, 0, 0, 0, 0, 0]"
20250721_014122_341,18,17,17,-21.8,19.33531875927584,-83.30206413269043,-83.30206413269043,0.0918409824371337,0.1018328666687011,17,17.0,YOLO,1,22,-14.5,19.33531875927584,0.0,"[0, 0, 0, 0, 0, 0, 0, 0, 0, 0]"
20250721_014122_536,18,17,17,-21.8,19.59378080809797,-82.91228408813477,-82.91228408813477,0.0947511196136474,0.1581761837005615,17,17.0,YOLO,1,22,-14.5,19.59378080809797,0.0,"[0, 0, 0, 0, 0, 0, 0, 0, 0, 0]"
20250721_014122_791,18,18,18,-20.3,19.701999076191328,-82.90133666992188,-82.90133666992188,0.0894746780395507,0.1017372608184814,18,18.0,YOLO,1,22,-14.5,19.701999076191328,0.0,"[0, 0, 0, 0, 0, 0, 0, 0, 0, 0]"
20250721_014122_983,18,17,17,-21.8,19.008307908412235,-83.49117851257324,-83.49117851257324,0.0918476581573486,0.1581401824951172,17,17.0,YOLO,1,22,-14.5,19.008307908412235,0.0,"[0, 0, 0, 0, 0, 0, 0, 0, 0, 0]"
20250721_014123_235,18,17,17,-21.8,18.98663643879752,-83.4926528930664,-83.4926528930664,0.0893487930297851,0.1018221378326416,17,17.0,YOLO,1,22,-14.5,18.98663643879752,0.0,"[0, 0, 0, 0, 0, 0, 0, 0, 0, 0]"
20250721_014123_427,18,17,17,-21.8,19.1502619301438,-83.42680358886719,-83.42680358886719,0.101672887802124,0.1582503318786621,17,17.0,YOLO,1,22,-14.5,19.1502619301438,0.0,"[0, 0, 0, 0, 0, 0, 0, 0, 0, 0]"
20250721_014123_689,18,17,17,-21.8,19.21529400021805,-83.34937286376953,-83.34937286376953,0.0856335163116455,0.1018166542053222,17,17.0,YOLO,1,22,-14.5,19.21529400021805,0.0,"[0, 0, 0, 0, 0, 0, 0, 0, 0, 0]"
20250721_014123_878,18,18,18,-20.3,18.654450275072197,-83.94062805175781,-83.94062805175781,0.0935487747192382,0.1580960750579834,18,18.0,YOLO,1,22,-14.5,18.654450275072197,0.0,"[0, 0, 0, 0, 0, 0, 0, 0, 0, 0]"
20250721_014124_131,18,18,18,-20.3,18.648884660444185,-83.90995330810547,-83.90995330810547,0.0915753841400146,0.1018376350402832,18,18.0,YOLO,1,22,-14.5,18.648884660444185,0.0,"[0, 0, 0, 0, 0, 0, 0, 0, 0, 0]"
20250721_014124_325,19,18,18,-20.3,17.548051893214748,-84.93123626708984,-84.93123626708984,0.0969762802124023,0.1581947803497314,18,18.0,YOLO,1,22,-14.5,17.548051893214748,0.0,"[0, 0, 0, 0, 0, 0, 0, 0, 0, 0]"
20250721_014124_582,19,17,17,-21.8,17.086142258290167,-84.38937911987304,-84.38937911987304,0.0863716602325439,0.2684109210968017,17,17.0,OffsetCorrected,2,17,-21.8,18.183645699765805,0.0,"[0, 0, 0, 0, 0, 0, 0, 0, 0, 0]"
20250721_014124_938,19,17,17,-21.8,18.35771100245545,-84.16060638427734,-84.16060638427734,0.0937623977661132,0.1017491817474365,17,17.0,YOLO,1,17,-21.8,18.35771100245545,0.0,"[0, 0, 0, 0, 0, 0, 0, 0, 0, 0]"
20250721_014125_135,19,17,17,-21.8,18.128890411186543,-84.37834167480469,-84.37834167480469,0.0946638584136962,0.1582803726196289,17,17.0,YOLO,1,17,-21.8,18.128890411186543,0.0,"[0, 0, 0, 0, 0, 0, 0, 0, 0, 0]"
20250721_014125_390,19,17,17,-21.8,18.262409464604872,-84.29540252685547,-84.29540252685547,0.0904886722564697,0.1018381118774414,17,17.0,YOLO,1,17,-21.8,18.262409464604872,0.0,"[0, 0, 0, 0, 0, 0, 0, 0, 0, 0]"
20250721_014125_583,19,16,16,-23.2,19.344790824242068,-83.08162422180176,-83.08162422180176,0.1014647483825683,0.1583526134490966,16,16.0,YOLO,1,17,-21.8,19.344790824242068,0.0,"[0, 0, 0, 0, 0, 0, 0, 0, 0, 0]"
20250721_014125_845,19,16,16,-23.2,19.298854121909716,-83.24492645263672,-83.24492645263672,0.091914415359497,0.1018421649932861,16,16.0,YOLO,1,17,-21.8,19.298854121909716,0.0,"[0, 0, 0, 0, 0, 0, 0, 0, 0, 0]"
20250721_014126_040,19,16,16,-23.2,19.930602088013657,-82.65856170654297,-82.65856170654297,0.0986678600311279,0.1581768989562988,16,16.0,YOLO,1,17,-21.8,19.930602088013657,0.0,"[0, 0, 0, 0, 0, 0, 0, 0, 0, 0]"
20250721_014126_298,19,17,17,-21.8,20.017913834040385,-82.6655200958252,-82.6655200958252,0.0958714485168457,0.1018965244293212,17,17.0,YOLO,1,17,-21.8,20.017913834040385,0.0,"[0, 0, 0, 0, 0, 0, 0, 0, 0, 0]"
20250721_014126_497,19,17,17,-21.8,18.554214386802983,-83.95832824707031,-83.95832824707031,0.0962748527526855,0.1581702232360839,17,17.0,YOLO,1,17,-21.8,18.554214386802983,0.0,"[0, 0, 0, 0, 0, 0, 0, 0, 0, 0]"
20250721_014126_753,19,17,17,-21.8,18.285327204888773,-83.94909172058105,-83.94909172058105,0.0872883796691894,0.1018166542053222,17,17.0,YOLO,1,17,-21.8,18.285327204888773,0.0,"[0, 0, 0, 0, 0, 0, 0, 0, 0, 0]"
20250721_014126_944,19,17,17,-21.8,18.95163257760167,-83.61968231201172,-83.61968231201172,0.0978517532348632,0.1581590175628662,17,17.0,YOLO,1,17,-21.8,18.95163257760167,0.0,"[0, 0, 0, 0, 0, 0, 0, 0, 0, 0]"
20250721_014127_201,19,17,17,-21.8,18.838762016788493,-83.68580627441406,-83.68580627441406,0.0927462577819824,0.1019151210784912,17,17.0,YOLO,1,17,-21.8,18.838762016788493,0.0,"[0, 0, 0, 0, 0, 0, 0, 0, 0, 0]"
20250721_014127_397,19,17,17,-21.8,18.92634430711331,-83.50725440979004,-83.50725440979004,0.1010003089904785,0.1582355499267578,17,17.0,YOLO,1,17,-21.8,18.92634430711331,0.0,"[0, 0, 0, 0, 0, 0, 0, 0, 0, 0]"
20250721_014127_658,19,17,17,-21.8,19.002754337259105,-83.42927017211915,-83.42927017211915,0.0904462337493896,0.1022326946258544,17,17.0,YOLO,1,17,-21.8,19.002754337259105,0.0,"[0, 0, 0, 0, 0, 0, 0, 0, 0, 0]"
20250721_014127_852,19,17,17,-21.8,19.003108404936057,-83.54532623291016,-83.54532623291016,0.098933458328247,0.1582911014556884,17,17.0,YOLO,1,17,-21.8,19.003108404936057,0.0,"[0, 0, 0, 0, 0, 0, 0, 0, 0, 0]"
20250721_014128_111,19,17,17,-21.8,19.01811414178357,-83.5628734588623,-83.5628734588623,0.0920641422271728,0.1018064022064209,17,17.0,YOLO,1,17,-21.8,19.01811414178357,0.0,"[0, 0, 0, 0, 0, 0, 0, 0, 0, 0]"
20250721_014128_306,20,17,17,-21.8,17.9036399004074,-84.5917179107666,-84.5917179107666,0.099740982055664,0.1581628322601318,17,17.0,YOLO,1,17,-21.8,17.9036399004074,0.0,"[0, 0, 0, 0, 0, 0, 0, 0, 0, 0]"
20250721_014128_566,20,17,17,-21.8,16.974071517352456,-85.01121520996094,-85.01121520996094,0.0926949977874755,0.2684917449951172,17,17.0,OffsetCorrected,2,17,-21.8,17.551093532676447,0.0,"[0, 0, 0, 0, 0, 0, 0, 0, 0, 0]"
20250721_014128_928,20,16,16,-23.2,17.5698379707338,-84.88692054748535,-84.88692054748535,0.0909464359283447,0.1019377708435058,16,16.0,YOLO,1,17,-21.8,17.5698379707338,0.0,"[0, 0, 0, 0, 0, 0, 0, 0, 0, 0]"
20250721_014129_122,20,16,16,-23.2,19.399246170075216,-83.02444038391113,-83.02444038391113,0.0910625457763671,0.1581861972808838,16,16.0,YOLO,1,17,-21.8,19.399246170075216,0.0,"[0, 0, 0, 0, 0, 0, 0, 0, 0, 0]"
20250721_014129_373,20,16,16,-23.2,19.35994403998535,-83.15681304931641,-83.15681304931641,0.0984971523284912,0.1018280982971191,16,16.0,YOLO,1,17,-21.8,19.35994403998535,0.0,"[0, 0, 0, 0, 0, 0, 0, 0, 0, 0]"
20250721_014129_575,20,16,16,-23.2,18.519156331240936,-83.88995132446288,-83.88995132446288,0.0923438072204589,0.1581282615661621,16,16.0,YOLO,1,17,-21.8,18.519156331240936,0.0,"[0, 0, 0, 0, 0, 0, 0, 0, 0, 0]"
20250721_014129_827,20,16,16,-23.2,18.85168341235305,-83.72645568847656,-83.72645568847656,0.0864715576171875,0.1017496585845947,16,16.0,YOLO,1,17,-21.8,18.85168341235305,0.0,"[0, 0, 0, 0, 0, 0, 0, 0, 0, 0]"
20250721_014130_016,20,16,16,-23.2,18.703080660106156,-83.91772537231445,-83.91772537231445,0.0952637195587158,0.1581628322601318,16,16.0,YOLO,1,17,-21.8,18.703080660106156,0.0,"[0, 0, 0, 0, 0, 0, 0, 0, 0, 0]"
20250721_014130_271,20,16,16,-23.2,18.74345133605925,-83.75488815307617,-83.75488815307617,0.0901756286621093,0.1017866134643554,16,16.0,YOLO,1,17,-21.8,18.74345133605925,0.0,"[0, 0, 0, 0, 0, 0, 0, 0, 0, 0]"
20250721_014130_464,20,16,16,-23.2,18.825151976002672,-83.75488815307617,-83.75488815307617,0.092501163482666,0.1581869125366211,16,16.0,YOLO,1,17,-21.8,18.825151976002672,0.0,"[0, 0, 0, 0, 0, 0, 0, 0, 0, 0]"
20250721_014130_717,20,16,16,-23.2,18.783555642466936,-83.85678176879883,-83.85678176879883,0.0943799018859863,0.1018378734588623,16,16.0,YOLO,1,17,-21.8,18.783555642466936,0.0,"[0, 0, 0, 0, 0, 0, 0, 0, 0, 0]"
20250721_014130_914,20,16,16,-23.2,19.47950686390959,-83.03507995605469,-83.03507995605469,0.0898809432983398,0.158118724822998,16,16.0,YOLO,1,17,-21.8,19.47950686390959,0.0,"[0, 0, 0, 0, 0, 0, 0, 0, 0, 0]"
20250721_014131_164,20,16,16,-23.2,19.606112587367363,-83.02444038391113,-83.02444038391113,0.0906414985656738,0.1018366813659668,16,16.0,YOLO,1,17,-21.8,19.606112587367363,0.0,"[0, 0, 0, 0, 0, 0, 0, 0, 0, 0]"
20250721_014131_358,20,16,16,-23.2,18.911051565997923,-83.67678756713867,-83.67678756713867,0.0942385196685791,0.1582119464874267,16,16.0,YOLO,1,17,-21.8,18.911051565997923,0.0,"[0, 0, 0, 0, 0, 0, 0, 0, 0, 0]"
20250721_014131_611,20,16,16,-23.2,18.966323651179223,-83.54532623291016,-83.54532623291016,0.093294620513916,0.1017494201660156,16,16.0,YOLO,1,17,-21.8,18.966323651179223,0.0,"[0, 0, 0, 0, 0, 0, 0, 0, 0, 0]"
20250721_014131_808,20,16,16,-23.2,18.74932870268158,-83.77233123779297,-83.77233123779297,0.0991268157958984,0.1583359241485595,16,16.0,YOLO,1,17,-21.8,18.74932870268158,0.0,"[0, 0, 0, 0, 0, 0, 0, 0, 0, 0]"
20250721_014132_067,20,16,16,-23.2,18.825140123318192,-83.68356437683106,-83.68356437683106,0.0938861370086669,0.1017968654632568,16,16.0,YOLO,1,17,-21.8,18.825140123318192,0.0,"[0, 0, 0, 0, 0, 0, 0, 0, 0, 0]"
20250721_014132_264,20,16,16,-23.2,18.649603531474256,-83.88048553466797,-83.88048553466797,0.1000914573669433,0.1582374572753906,16,16.0,YOLO,1,17,-21.8,18.649603531474256,0.0,"[0, 0, 0, 0, 0, 0, 0, 0, 0, 0]"
20250721_014132_524,21,16,16,-23.2,18.268386036491407,-84.25452423095703,-84.25452423095703,0.091888427734375,0.1019768714904785,16,16.0,YOLO,1,17,-21.8,18.268386036491407,0.0,"[0, 0, 0, 0, 0, 0, 0, 0, 0, 0]"
20250721_014132_719,21,15,15,-24.7,19.04159553575984,-83.43611907958984,-83.43611907958984,0.101611852645874,0.1583251953125,15,15.0,YOLO,1,17,-21.8,19.04159553575984,0.0,"[0, 0, 0, 0, 0, 0, 0, 0, 0, 0]"
20250721_014132_980,21,15,15,-24.7,19.10856983503652,-83.42927017211915,-83.42927017211915,0.0877163410186767,0.1017589569091796,15,15.0,YOLO,1,17,-21.8,19.10856983503652,0.0,"[0, 0, 0, 0, 0, 0, 0, 0, 0, 0]"
20250721_014133_171,21,15,15,-24.7,18.786265914996804,-83.73306465148926,-83.73306465148926,0.0954203605651855,0.158219575881958,15,15.0,YOLO,1,17,-21.8,18.786265914996804,0.0,"[0, 0, 0, 0, 0, 0, 0, 0, 0, 0]"
20250721_014133_426,21,15,15,-24.7,18.866194158470197,-83.62672424316406,-83.62672424316406,0.0868573188781738,0.1017975807189941,15,15.0,YOLO,1,17,-21.8,18.866194158470197,0.0,"[0, 0, 0, 0, 0, 0, 0, 0, 0, 0]"
20250721_014133_616,21,15,15,-24.7,18.90830992076553,-83.67868041992188,-83.67868041992188,0.0912897586822509,0.1582000255584716,15,15.0,YOLO,1,17,-21.8,18.90830992076553,0.0,"[0, 0, 0, 0, 0, 0, 0, 0, 0, 0]"
20250721_014133_867,21,15,15,-24.7,18.95425577218633,-83.6190975189209,-83.6190975189209,0.0945985317230224,0.1017389297485351,15,15.0,YOLO,1,17,-21.8,18.95425577218633,0.0,"[0, 0, 0, 0, 0, 0, 0, 0, 0, 0]"
20250721_014134_065,21,15,15,-24.7,19.309087969641595,-83.1970272064209,-83.1970272064209,0.0917420387268066,0.1581075191497802,15,15.0,YOLO,1,17,-21.8,19.309087969641595,0.0,"[0, 0, 0, 0, 0, 0, 0, 0, 0, 0]"
20250721_014134_316,21,16,16,-23.2,19.150678296951327,-83.44219665527343,-83.44219665527343,0.0869181156158447,0.1017317771911621,16,16.0,YOLO,1,17,-21.8,19.150678296951327,0.0,"[0, 0, 0, 0, 0, 0, 0, 0, 0, 0]"
20250721_014134_507,21,16,16,-23.2,18.264405217543413,-84.24572296142578,-84.24572296142578,0.100482702255249,0.1581442356109619,16,16.0,YOLO,1,17,-21.8,18.264405217543413,0.0,"[0, 0, 0, 0, 0, 0, 0, 0, 0, 0]"
20250721_014134_767,21,16,16,-23.2,18.352676880917144,-84.2571044921875,-84.2571044921875,0.0881984233856201,0.1018159389495849,16,16.0,YOLO,1,17,-21.8,18.352676880917144,0.0,"[0, 0, 0, 0, 0, 0, 0, 0, 0, 0]"
20250721_014134_958,21,15,15,-24.7,19.164380861401423,-83.46316528320312,-83.46316528320312,0.0995128154754638,0.1581711769104004,15,15.0,YOLO,1,17,-21.8,19.164380861401423,0.0,"[0, 0, 0, 0, 0, 0, 0, 0, 0, 0]"
20250721_014135_217,21,15,15,-24.7,19.009538760665336,-83.35355491638184,-83.35355491638184,0.0907928943634033,0.1018004417419433,15,15.0,YOLO,1,17,-21.8,19.009538760665336,0.0,"[0, 0, 0, 0, 0, 0, 0, 0, 0, 0]"
20250721_014135_411,21,15,15,-24.7,18.866374700743563,-83.80120086669922,-83.80120086669922,0.0976104736328125,0.1582317352294922,15,15.0,YOLO,1,17,-21.8,18.866374700743563,0.0,"[0, 0, 0, 0, 0, 0, 0, 0, 0, 0]"
20250721_014135_669,21,15,15,-24.7,18.55690656290469,-83.91772537231445,-83.91772537231445,0.088944673538208,0.1018152236938476,15,15.0,YOLO,1,17,-21.8,18.55690656290469,0.0,"[0, 0, 0, 0, 0, 0, 0, 0, 0, 0]"
20250721_014135_861,21,15,15,-24.7,18.665992441664315,-83.95832824707031,-83.95832824707031,0.0940704345703125,0.158139944076538,15,15.0,YOLO,1,17,-21.8,18.665992441664315,0.0,"[0, 0, 0, 0, 0, 0, 0, 0, 0, 0]"
20250721_014136_114,21,15,15,-24.7,18.74431527100792,-83.79424285888672,-83.79424285888672,0.0943729877471923,0.101764440536499,15,15.0,YOLO,1,17,-21.8,18.74431527100792,0.0,"[0, 0, 0, 0, 0, 0, 0, 0, 0, 0]"
20250721_014136_312,22,15,15,-24.7,18.843874002389622,-83.63788604736328,-83.63788604736328,0.0971350669860839,0.1582438945770263,15,15.0,YOLO,1,17,-21.8,18.843874002389622,0.0,"[0, 0, 0, 0, 0, 0, 0, 0, 0, 0]"
20250721_014136_569,22,15,15,-24.7,18.130347524640428,-84.46404190063477,-84.46404190063477,0.0909779071807861,0.1018476486206054,15,15.0,YOLO,1,17,-21.8,18.130347524640428,0.0,"[0, 0, 0, 0, 0, 0, 0, 0, 0, 0]"
20250721_014136_763,22,14,14,-26.1,19.14915537221087,-83.22486839294433,-83.22486839294433,0.1023645401000976,0.1581916809082031,14,14.0,YOLO,1,17,-21.8,19.14915537221087,0.0,"[0, 0, 0, 0, 0, 0, 0, 0, 0, 0]"
20250721_014137_025,22,14,14,-26.1,19.1257506405519,-83.51376304626466,-83.51376304626466,0.0847907066345214,0.1017599105834961,14,14.0,YOLO,1,17,-21.8,19.1257506405519,0.0,"[0, 0, 0, 0, 0, 0, 0, 0, 0, 0]"
20250721_014137_213,22,14,14,-26.1,19.584944934059365,-82.94576148986816,-82.94576148986816,0.0988645553588867,0.1581907272338867,14,14.0,YOLO,1,17,-21.8,19.584944934059365,0.0,"[0, 0, 0, 0, 0, 0, 0, 0, 0, 0]"
20250721_014137_471,22,15,15,-24.7,19.700995610700573,-82.8643569946289,-82.8643569946289,0.0954649448394775,0.1017913818359375,15,15.0,YOLO,1,17,-21.8,19.700995610700573,0.0,"[0, 0, 0, 0, 0, 0, 0, 0, 0, 0]"
20250721_014137_670,22,15,15,-24.7,18.577672835710917,-83.83099365234375,-83.83099365234375,0.0963392257690429,0.1580927371978759,15,15.0,YOLO,1,17,-21.8,18.577672835710917,0.0,"[0, 0, 0, 0, 0, 0, 0, 0, 0, 0]"
20250721_014137_926,22,15,15,-24.7,18.554866062487832,-83.89994430541992,-83.89994430541992,0.0845861434936523,0.1017458438873291,15,15.0,YOLO,1,17,-21.8,18.554866062487832,0.0,"[0, 0, 0, 0, 0, 0, 0, 0, 0, 0]"
20250721_014138_114,22,15,15,-24.7,18.12050785936671,-84.26498107910156,-84.26498107910156,0.0977063179016113,0.1581530570983886,15,15.0,YOLO,1,17,-21.8,18.12050785936671,0.0,"[0, 0, 0, 0, 0, 0, 0, 0, 0, 0]"
20250721_014138_371,22,14,14,-26.1,18.18024805806732,-84.34497833251953,-84.34497833251953,0.0898528099060058,0.102069616317749,14,14.0,YOLO,1,17,-21.8,18.18024805806732,0.0,"[0, 0, 0, 0, 0, 0, 0, 0, 0, 0]"
20250721_014138_565,22,14,14,-26.1,19.546776785861795,-83.0309829711914,-83.0309829711914,0.0985157489776611,0.158135175704956,14,14.0,YOLO,1,17,-21.8,19.546776785861795,0.0,"[0, 0, 0, 0, 0, 0, 0, 0, 0, 0]"
20250721_014138_823,22,15,15,-24.7,19.59763858761596,-82.91387176513672,-82.91387176513672,0.0894002914428711,0.101752758026123,15,15.0,YOLO,1,17,-21.8,19.59763858761596,0.0,"[0, 0, 0, 0, 0, 0, 0, 0, 0, 0]"
20250721_014139_015,22,15,15,-24.7,18.51734032450668,-83.93949546813965,-83.93949546813965,0.0954046249389648,0.158207893371582,15,15.0,YOLO,1,17,-21.8,18.51734032450668,0.0,"[0, 0, 0, 0, 0, 0, 0, 0, 0, 0]"
20250721_014139_270,22,15,15,-24.7,18.63689714323867,-83.9703815460205,-83.9703815460205,0.0896079540252685,0.1017630100250244,15,15.0,YOLO,1,17,-21.8,18.63689714323867,0.0,"[0, 0, 0, 0, 0, 0, 0, 0, 0, 0]"
20250721_014139_463,22,15,15,-24.7,18.55520915664613,-84.04017639160156,-84.04017639160156,0.0973117351531982,0.1587862968444824,15,15.0,YOLO,1,17,-21.8,18.55520915664613,0.0,"[0, 0, 0, 0, 0, 0, 0, 0, 0, 0]"
20250721_014139_721,22,15,15,-24.7,18.59436593746109,-83.8803611755371,-83.8803611755371,0.08897066116333,0.1018531322479248,15,15.0,YOLO,1,17,-21.8,18.59436593746109,0.0,"[0, 0, 0, 0, 0, 0, 0, 0, 0, 0]"
20250721_014139_913,22,15,15,-24.7,18.381894053296648,-84.01956939697266,-84.01956939697266,0.1040599346160888,0.1582591533660888,15,15.0,YOLO,1,17,-21.8,18.381894053296648,0.0,"[0, 0, 0, 0, 0, 0, 0, 0, 0, 0]"
20250721_014140_177,22,15,15,-24.7,18.51680830005573,-84.03179664611817,-84.03179664611817,0.0928235054016113,0.1017696857452392,15,15.0,YOLO,1,17,-21.8,18.51680830005573,0.0,"[0, 0, 0, 0, 0, 0, 0, 0, 0, 0]"
