Timestamp,Boresight,Jetson Detection,Rx Beam Index,Rx Beam Angle,SNR (dB),YOLO Time (s),Beam Sweep Time (s)
20250722_115603_667,-45,NO_RADIO,32,0,,0.15885519981384277,0.047757625579833984
20250722_115603_876,-45,NO_RADIO,32,0,,0.12418651580810547,0.04543590545654297
20250722_115604_047,-45,NO_RADIO,32,0,,0.13048934936523438,0.03713202476501465
20250722_115604_215,-45,NO_RADIO,32,0,,0.12434601783752441,0.04651927947998047
20250722_115604_388,-45,NO_RADIO,32,0,,0.1356523036956787,0.04732799530029297
20250722_115604_572,-45,NO_RADIO,32,0,,0.12667059898376465,0.04255032539367676
20250722_115604_742,-45,NO_RADIO,32,0,,0.10037803649902344,0.04692339897155762
20250722_115604_891,-45,NO_RADIO,32,0,,0.13050436973571777,0.0436100959777832
20250722_115605_066,-45,NO_RADIO,32,0,,0.1375131607055664,0.04041409492492676
20250722_115605_245,-45,NO_RADIO,32,0,,0.1390526294708252,0.04570198059082031
20250722_115605_431,-45,NO_RADIO,32,0,,0.13679814338684082,0.046095848083496094
20250722_115605_615,-45,NO_RADIO,32,0,,0.132735013961792,0.04542207717895508
20250722_115605_795,-45,NO_RADIO,32,0,,0.10829758644104004,0.03765606880187988
20250722_115605_942,-45,NO_RADIO,32,0,,0.1371440887451172,0.037891387939453125
20250722_115606_118,-45,NO_RADIO,32,0,,0.10673332214355469,0.03615999221801758
20250722_115606_262,-45,NO_RADIO,32,0,,0.11752676963806152,0.04226541519165039
20250722_115606_423,-45,NO_RADIO,32,0,,0.13226771354675293,0.044089317321777344
20250722_115606_601,-45,NO_RADIO,32,0,,0.13672304153442383,0.04550623893737793
20250722_115606_784,-45,NO_RADIO,32,0,,0.13641953468322754,0.04609966278076172
20250722_115606_968,-45,NO_RADIO,32,0,,0.1313948631286621,0.043528079986572266
20250722_115607_144,-45,NO_RADIO,32,0,,0.12801623344421387,0.04467201232910156
20250722_115607_318,-45,NO_RADIO,32,0,,0.13585972785949707,0.03654122352600098
20250722_115607_492,-44,NO_RADIO,32,0,,0.135939359664917,0.03531694412231445
20250722_115607_664,-44,NO_RADIO,32,0,,0.12414979934692383,0.04646801948547363
20250722_115607_836,-44,NO_RADIO,32,0,,0.13045668601989746,0.04519152641296387
20250722_115608_013,-44,NO_RADIO,32,0,,0.12874364852905273,0.04704904556274414
20250722_115608_190,-44,NO_RADIO,32,0,,0.1275331974029541,0.03668355941772461
20250722_115608_355,-44,NO_RADIO,32,0,,0.13205361366271973,0.03606700897216797
20250722_115608_525,-44,NO_RADIO,32,0,,0.13684964179992676,0.04340076446533203
20250722_115608_706,-44,NO_RADIO,32,0,,0.12222671508789062,0.043977975845336914
20250722_115608_874,-44,NO_RADIO,32,0,,0.12598752975463867,0.043706417083740234
20250722_115609_045,-44,NO_RADIO,32,0,,0.12508034706115723,0.0446314811706543
20250722_115609_215,-44,NO_RADIO,32,0,,0.10897970199584961,0.045630693435668945
20250722_115609_371,-44,NO_RADIO,32,0,,0.13757801055908203,0.037268638610839844
20250722_115609_547,-44,NO_RADIO,32,0,,0.12120771408081055,0.04677867889404297
20250722_115609_716,-44,NO_RADIO,32,0,,0.1316967010498047,0.04633688926696777
20250722_115609_896,-44,NO_RADIO,32,0,,0.12734198570251465,0.04658031463623047
20250722_115610_071,-44,NO_RADIO,32,0,,0.13571524620056152,0.04528474807739258
20250722_115610_253,-44,NO_RADIO,32,0,,0.1328744888305664,0.045873165130615234
20250722_115610_433,-44,NO_RADIO,32,0,,0.134324312210083,0.044036865234375
20250722_115610_613,-44,NO_RADIO,32,0,,0.12231302261352539,0.035241127014160156
20250722_115610_771,-44,NO_RADIO,32,0,,0.13115286827087402,0.037273406982421875
20250722_115610_941,-44,NO_RADIO,32,0,,0.1266007423400879,0.04503989219665527
20250722_115611_114,-44,NO_RADIO,32,0,,0.1347792148590088,0.04073500633239746
20250722_115611_291,-44,NO_RADIO,32,0,,0.13949036598205566,0.04352259635925293
20250722_115611_475,-43,NO_RADIO,32,0,,0.1286156177520752,0.03498554229736328
20250722_115611_640,-43,NO_RADIO,32,0,,0.1211709976196289,0.045072317123413086
20250722_115611_807,-43,NO_RADIO,32,0,,0.13086962699890137,0.04458189010620117
20250722_115611_984,-43,NO_RADIO,32,0,,0.13460373878479004,0.04718947410583496
20250722_115612_167,-43,NO_RADIO,32,0,,0.13605666160583496,0.04514789581298828
20250722_115612_349,-43,NO_RADIO,32,0,,0.10977506637573242,0.04726386070251465
20250722_115612_507,-43,NO_RADIO,32,0,,0.13597702980041504,0.03664207458496094
20250722_115612_681,-43,NO_RADIO,32,0,,0.12104296684265137,0.047005414962768555
20250722_115612_850,-43,NO_RADIO,32,0,,0.13355541229248047,0.047354936599731445
20250722_115613_032,-43,NO_RADIO,32,0,,0.13678884506225586,0.04558849334716797
20250722_115613_216,-43,NO_RADIO,32,0,,0.13764047622680664,0.04379987716674805
20250722_115613_399,-43,NO_RADIO,32,0,,0.13265466690063477,0.04599428176879883
20250722_115613_578,-43,NO_RADIO,32,0,,0.13376903533935547,0.044576168060302734
20250722_115613_758,-43,NO_RADIO,32,0,,0.1282958984375,0.04617571830749512
20250722_115613_934,-43,NO_RADIO,32,0,,0.12916135787963867,0.03526473045349121
20250722_115614_099,-43,NO_RADIO,32,0,,0.12224030494689941,0.036818504333496094
20250722_115614_259,-43,NO_RADIO,32,0,,0.1287095546722412,0.037496089935302734
20250722_115614_427,-43,NO_RADIO,32,0,,0.1348724365234375,0.034706830978393555
20250722_115614_598,-43,NO_RADIO,32,0,,0.12779784202575684,0.03838515281677246
20250722_115614_765,-43,NO_RADIO,32,0,,0.1225118637084961,0.03825879096984863
20250722_115614_927,-43,NO_RADIO,32,0,,0.12551259994506836,0.03514742851257324
20250722_115615_089,-43,NO_RADIO,32,0,,0.12935256958007812,0.03557395935058594
20250722_115615_255,-43,NO_RADIO,32,0,,0.13399124145507812,0.0350031852722168
20250722_115615_425,-42,NO_RADIO,32,0,,0.1191103458404541,0.044030189514160156
20250722_115615_590,-42,NO_RADIO,32,0,,0.11506223678588867,0.046814918518066406
20250722_115615_753,-42,NO_RADIO,32,0,,0.13492083549499512,0.04658842086791992
20250722_115615_936,-42,NO_RADIO,32,0,,0.13529253005981445,0.04583477973937988
20250722_115616_118,-42,NO_RADIO,32,0,,0.14297103881835938,0.04568982124328613
20250722_115616_308,-42,NO_RADIO,32,0,,0.12790989875793457,0.04655575752258301
20250722_115616_484,-42,NO_RADIO,32,0,,0.12782692909240723,0.03529238700866699
20250722_115616_648,-42,NO_RADIO,32,0,,0.12504339218139648,0.03624534606933594
20250722_115616_811,-42,NO_RADIO,32,0,,0.12538409233093262,0.037580013275146484
20250722_115616_975,-42,NO_RADIO,32,0,,0.1254279613494873,0.03620290756225586
20250722_115617_138,-42,NO_RADIO,32,0,,0.12558794021606445,0.04772472381591797
20250722_115617_313,-42,NO_RADIO,32,0,,0.1275959014892578,0.04578137397766113
20250722_115617_487,-42,NO_RADIO,32,0,,0.12834835052490234,0.03626823425292969
20250722_115617_653,-42,NO_RADIO,32,0,,0.11778044700622559,0.04030036926269531
20250722_115617_812,-42,NO_RADIO,32,0,,0.1310272216796875,0.042913198471069336
20250722_115617_987,-42,NO_RADIO,32,0,,0.13003230094909668,0.04852795600891113
20250722_115618_167,-42,NO_RADIO,32,0,,0.13116860389709473,0.04404592514038086
20250722_115618_343,-42,NO_RADIO,32,0,,0.13637375831604004,0.04486393928527832
20250722_115618_526,-42,NO_RADIO,32,0,,0.1287555694580078,0.03784894943237305
20250722_115618_694,-42,NO_RADIO,32,0,,0.12505674362182617,0.04382634162902832
20250722_115618_864,-42,NO_RADIO,32,0,,0.13013744354248047,0.044272422790527344
20250722_115619_039,-42,NO_RADIO,32,0,,0.1330583095550537,0.04346013069152832
20250722_115619_217,-42,NO_RADIO,32,0,,0.14188313484191895,0.03570246696472168
20250722_115619_396,-41,NO_RADIO,32,0,,0.12681293487548828,0.05040454864501953
20250722_115619_574,-41,NO_RADIO,32,0,,0.12845182418823242,0.04796624183654785
20250722_115619_752,-41,NO_RADIO,32,0,,0.12663602828979492,0.04203343391418457
20250722_115619_922,-41,NO_RADIO,32,0,,0.132368803024292,0.03589892387390137
20250722_115620_091,-41,NO_RADIO,32,0,,0.13285303115844727,0.04455924034118652
20250722_115620_270,-41,NO_RADIO,32,0,,0.1341688632965088,0.04337024688720703
20250722_115620_448,-41,NO_RADIO,32,0,,0.1280214786529541,0.03574776649475098
20250722_115620_613,-41,NO_RADIO,32,0,,0.13225626945495605,0.04495978355407715
20250722_115620_792,-41,NO_RADIO,32,0,,0.14115428924560547,0.044274091720581055
20250722_115620_979,-41,NO_RADIO,32,0,,0.12599658966064453,0.04496455192565918
20250722_115621_151,-41,NO_RADIO,32,0,,0.12999653816223145,0.04526853561401367
20250722_115621_328,-41,NO_RADIO,32,0,,0.1378161907196045,0.044928550720214844
20250722_115621_512,-41,NO_RADIO,32,0,,0.13729310035705566,0.04629635810852051
20250722_115621_697,-41,NO_RADIO,32,0,,0.12425684928894043,0.04262685775756836
20250722_115621_865,-41,NO_RADIO,32,0,,0.1086578369140625,0.04730844497680664
20250722_115622_022,-41,NO_RADIO,32,0,,0.14228439331054688,0.0468592643737793
20250722_115622_212,-41,NO_RADIO,32,0,,0.13540172576904297,0.035828590393066406
20250722_115622_385,-41,NO_RADIO,32,0,,0.11956787109375,0.04620099067687988
20250722_115622_552,-41,NO_RADIO,32,0,,0.13799023628234863,0.04512763023376465
20250722_115622_736,-41,NO_RADIO,32,0,,0.126448392868042,0.04358100891113281
20250722_115622_907,-41,NO_RADIO,32,0,,0.12615704536437988,0.03595566749572754
20250722_115623_071,-41,NO_RADIO,32,0,,0.12920188903808594,0.043762922286987305
20250722_115623_245,-41,NO_RADIO,32,0,,0.12439465522766113,0.04642963409423828
20250722_115623_417,-40,NO_RADIO,32,0,,0.13012075424194336,0.044127464294433594
20250722_115623_593,-40,NO_RADIO,32,0,,0.1306304931640625,0.0444483757019043
20250722_115623_769,-40,NO_RADIO,32,0,,0.1283581256866455,0.03570199012756348
20250722_115623_934,-40,NO_RADIO,32,0,,0.12322688102722168,0.04249930381774902
20250722_115624_101,-40,NO_RADIO,32,0,,0.1310107707977295,0.044673919677734375
20250722_115624_278,-40,NO_RADIO,32,0,,0.13322949409484863,0.045821189880371094
20250722_115624_458,-40,NO_RADIO,32,0,,0.12701201438903809,0.040291786193847656
20250722_115624_627,-40,NO_RADIO,32,0,,0.12490320205688477,0.0446619987487793
20250722_115624_798,-40,NO_RADIO,32,0,,0.1194143295288086,0.04523825645446777
20250722_115624_964,-40,NO_RADIO,32,0,,0.1309678554534912,0.04374527931213379
20250722_115625_140,-40,NO_RADIO,32,0,,0.12735652923583984,0.04337263107299805
20250722_115625_312,-40,NO_RADIO,32,0,,0.1291670799255371,0.04590559005737305
20250722_115625_488,-40,NO_RADIO,32,0,,0.1338205337524414,0.04326272010803223
20250722_115625_666,-40,NO_RADIO,32,0,,0.1328732967376709,0.04400372505187988
20250722_115625_845,-40,NO_RADIO,32,0,,0.13212203979492188,0.04394888877868652
20250722_115626_022,-40,NO_RADIO,32,0,,0.1255664825439453,0.04532361030578613
20250722_115626_194,-40,NO_RADIO,32,0,,0.1290602684020996,0.04731893539428711
20250722_115626_372,-40,NO_RADIO,32,0,,0.12972402572631836,0.0465545654296875
20250722_115626_549,-40,NO_RADIO,32,0,,0.1339404582977295,0.035626888275146484
20250722_115626_720,-40,NO_RADIO,32,0,,0.12795805931091309,0.04684710502624512
20250722_115626_896,-40,NO_RADIO,32,0,,0.13282299041748047,0.04524540901184082
20250722_115627_075,-40,NO_RADIO,32,0,,0.298175573348999,0.04418635368347168
20250722_115627_419,-39,NO_RADIO,32,0,,0.10060286521911621,0.04975605010986328
20250722_115627_571,-39,NO_RADIO,32,0,6.574758069923774,0.0994725227355957,0.037134408950805664
20250722_115627_709,-39,NO_RADIO,32,0,6.574758069923774,0.12564897537231445,0.043004512786865234
20250722_115627_879,-39,NO_RADIO,32,0,6.574758069923774,0.13059139251708984,0.05766606330871582
20250722_115628_069,-39,NO_RADIO,32,0,6.574758069923774,0.14575791358947754,0.03804349899291992
20250722_115628_254,-39,NO_RADIO,32,0,6.574758069923774,0.1276991367340088,0.040798187255859375
20250722_115628_424,-39,NO_RADIO,32,0,6.574758069923774,0.14177846908569336,0.03549551963806152
20250722_115628_602,-39,NO_RADIO,32,0,6.574758069923774,0.13275957107543945,0.03660321235656738
20250722_115628_773,-39,NO_RADIO,32,0,6.574758069923774,0.10054135322570801,0.03591609001159668
20250722_115628_911,-39,NO_RADIO,32,0,6.574758069923774,0.12365341186523438,0.03721475601196289
20250722_115629_073,-39,NO_RADIO,32,0,6.574758069923774,0.13449525833129883,0.03998756408691406
20250722_115629_248,-39,NO_RADIO,32,0,6.574758069923774,0.13528656959533691,0.03643178939819336
20250722_115629_421,-39,NO_RADIO,32,0,6.574758069923774,0.13114428520202637,0.04581618309020996
20250722_115629_599,-39,NO_RADIO,32,0,6.574758069923774,0.1319429874420166,0.0455021858215332
20250722_115629_778,-39,NO_RADIO,32,0,6.574758069923774,0.13451313972473145,0.04552865028381348
20250722_115629_959,-39,NO_RADIO,32,0,6.574758069923774,0.12733721733093262,0.03608870506286621
20250722_115630_124,-39,NO_RADIO,32,0,6.574758069923774,0.1255049705505371,0.04698586463928223
20250722_115630_298,-39,NO_RADIO,32,0,6.574758069923774,0.11908578872680664,0.03639936447143555
20250722_115630_454,-39,NO_RADIO,32,0,6.574758069923774,0.13445711135864258,0.03739595413208008
20250722_115630_628,-39,NO_RADIO,32,0,6.574758069923774,0.1293623447418213,0.03541707992553711
20250722_115630_794,-39,NO_RADIO,32,0,6.574758069923774,0.10051846504211426,0.038384437561035156
20250722_115630_934,-39,NO_RADIO,32,0,6.574758069923774,0.13285517692565918,0.044506072998046875
20250722_115631_113,-39,NO_RADIO,32,0,6.574758069923774,0.134521484375,0.043413400650024414
20250722_115631_292,-39,NO_RADIO,32,0,6.574758069923774,0.12424302101135254,0.04752373695373535
20250722_115631_465,-38,NO_RADIO,32,0,7.175818584887423,0.13537120819091797,0.04309797286987305
20250722_115631_644,-38,NO_RADIO,32,0,7.175818584887423,0.12978529930114746,0.04634523391723633
20250722_115631_821,-38,NO_RADIO,32,0,7.175818584887423,0.11173892021179199,0.04624342918395996
20250722_115631_981,-38,NO_RADIO,32,0,7.175818584887423,0.14098143577575684,0.046286821365356445
20250722_115632_169,-38,NO_RADIO,32,0,7.175818584887423,0.13446855545043945,0.04427456855773926
20250722_115632_349,-38,NO_RADIO,32,0,7.175818584887423,0.12750697135925293,0.04647254943847656
20250722_115632_524,-38,NO_RADIO,32,0,7.175818584887423,0.1315295696258545,0.0452573299407959
20250722_115632_702,-38,NO_RADIO,32,0,7.175818584887423,0.14500212669372559,0.04655265808105469
20250722_115632_895,-38,NO_RADIO,32,0,7.175818584887423,0.12581777572631836,0.03674459457397461
20250722_115633_058,-38,NO_RADIO,32,0,7.175818584887423,0.11764764785766602,0.04748988151550293
20250722_115633_225,-38,NO_RADIO,32,0,7.175818584887423,0.13841032981872559,0.04695916175842285
20250722_115633_411,-38,NO_RADIO,32,0,7.175818584887423,0.1365070343017578,0.047692060470581055
20250722_115633_597,-38,NO_RADIO,32,0,7.175818584887423,0.13790607452392578,0.04741239547729492
20250722_115633_783,-38,NO_RADIO,32,0,7.175818584887423,0.13292765617370605,0.043892860412597656
20250722_115633_961,-38,NO_RADIO,32,0,7.175818584887423,0.12957477569580078,0.04616260528564453
20250722_115634_138,-38,NO_RADIO,32,0,7.175818584887423,0.13117051124572754,0.04656219482421875
20250722_115634_317,-38,NO_RADIO,32,0,7.175818584887423,0.13814187049865723,0.04725837707519531
20250722_115634_503,-38,NO_RADIO,32,0,7.175818584887423,0.13060569763183594,0.04620027542114258
20250722_115634_681,-38,NO_RADIO,32,0,7.175818584887423,0.13420963287353516,0.046948909759521484
20250722_115634_863,-38,NO_RADIO,32,0,7.175818584887423,0.13336610794067383,0.04689979553222656
20250722_115635_045,-38,NO_RADIO,32,0,7.175818584887423,0.12692022323608398,0.05175375938415527
20250722_115635_225,-38,NO_RADIO,32,0,7.175818584887423,0.13010621070861816,0.04660224914550781
20250722_115635_403,-37,NO_RADIO,32,0,7.175818584887423,0.13901972770690918,0.04664254188537598
20250722_115635_589,-37,NO_RADIO,32,0,7.1756515498423,0.14146113395690918,0.04565262794494629
20250722_115635_778,-37,NO_RADIO,32,0,7.1756515498423,0.13587450981140137,0.04559731483459473
20250722_115635_960,-37,NO_RADIO,32,0,7.1756515498423,0.1291813850402832,0.04686880111694336
20250722_115636_137,-37,NO_RADIO,32,0,7.1756515498423,0.1436004638671875,0.0464932918548584
20250722_115636_329,-37,NO_RADIO,32,0,7.1756515498423,0.13891196250915527,0.0465397834777832
20250722_115636_515,-37,NO_RADIO,32,0,7.1756515498423,0.14497852325439453,0.0419921875
20250722_115636_703,-37,NO_RADIO,32,0,7.1756515498423,0.14363861083984375,0.046037912368774414
20250722_115636_894,-37,NO_RADIO,32,0,7.1756515498423,0.1270923614501953,0.04835844039916992
20250722_115637_071,-37,NO_RADIO,32,0,7.1756515498423,0.12451815605163574,0.046549081802368164
20250722_115637_243,-37,NO_RADIO,32,0,7.1756515498423,0.12511920928955078,0.047348976135253906
20250722_115637_417,-37,NO_RADIO,32,0,7.1756515498423,0.13344907760620117,0.045525550842285156
20250722_115637_597,-37,NO_RADIO,32,0,7.1756515498423,0.13251280784606934,0.04540824890136719
20250722_115637_776,-37,NO_RADIO,32,0,7.1756515498423,0.13013005256652832,0.04426431655883789
20250722_115637_951,-37,NO_RADIO,32,0,7.1756515498423,0.13087916374206543,0.046182870864868164
20250722_115638_130,-37,NO_RADIO,32,0,7.1756515498423,0.12683796882629395,0.046421051025390625
20250722_115638_304,-37,NO_RADIO,32,0,7.1756515498423,0.12375092506408691,0.04553627967834473
20250722_115638_475,-37,NO_RADIO,32,0,7.1756515498423,0.14867138862609863,0.04462456703186035
20250722_115638_669,-37,NO_RADIO,32,0,7.1756515498423,0.1399855613708496,0.04871416091918945
20250722_115638_859,-37,NO_RADIO,32,0,7.1756515498423,0.12990355491638184,0.044275522232055664
20250722_115639_034,-37,NO_RADIO,32,0,7.1756515498423,0.12206625938415527,0.04578232765197754
20250722_115639_203,-37,NO_RADIO,32,0,7.1756515498423,0.13546466827392578,0.04486370086669922
20250722_115639_385,-37,NO_RADIO,32,0,7.1756515498423,0.12784743309020996,0.04532432556152344
20250722_115639_559,-36,NO_RADIO,32,0,7.423387784931805,0.13683128356933594,0.04426717758178711
20250722_115639_741,-36,NO_RADIO,32,0,7.423387784931805,0.1277775764465332,0.044466495513916016
20250722_115639_915,-36,NO_RADIO,32,0,7.423387784931805,0.13245344161987305,0.046044111251831055
20250722_115640_094,-36,NO_RADIO,32,0,7.423387784931805,0.13541150093078613,0.04525494575500488
20250722_115640_276,-36,NO_RADIO,32,0,7.423387784931805,0.1291792392730713,0.03631591796875
20250722_115640_443,-36,NO_RADIO,32,0,7.423387784931805,0.13680386543273926,0.045076608657836914
20250722_115640_626,-36,NO_RADIO,32,0,7.423387784931805,0.13946938514709473,0.03589820861816406
20250722_115640_802,-36,NO_RADIO,32,0,7.423387784931805,0.12290549278259277,0.042003631591796875
20250722_115640_968,-36,NO_RADIO,32,0,7.423387784931805,0.1196756362915039,0.047588348388671875
20250722_115641_137,-36,NO_RADIO,32,0,7.423387784931805,0.136033296585083,0.045749664306640625
20250722_115641_320,-36,NO_RADIO,32,0,7.423387784931805,0.13794589042663574,0.0406951904296875
20250722_115641_500,-36,NO_RADIO,32,0,7.423387784931805,0.13758397102355957,0.035295724868774414
20250722_115641_674,-36,NO_RADIO,32,0,7.423387784931805,0.09983062744140625,0.03935575485229492
20250722_115641_814,-36,NO_RADIO,32,0,7.423387784931805,0.12685418128967285,0.04677081108093262
20250722_115641_989,-36,NO_RADIO,32,0,7.423387784931805,0.12639260292053223,0.0445551872253418
20250722_115642_161,-36,NO_RADIO,32,0,7.423387784931805,0.1412057876586914,0.0447084903717041
20250722_115642_348,-36,NO_RADIO,32,0,7.423387784931805,0.13972687721252441,0.044141292572021484
20250722_115642_533,-36,NO_RADIO,32,0,7.423387784931805,0.1316385269165039,0.04503226280212402
20250722_115642_711,-36,NO_RADIO,32,0,7.423387784931805,0.1411139965057373,0.0459439754486084
20250722_115642_899,-36,NO_RADIO,32,0,7.423387784931805,0.13634228706359863,0.0365910530090332
20250722_115643_073,-36,NO_RADIO,32,0,7.423387784931805,0.12888550758361816,0.04444766044616699
20250722_115643_248,-36,NO_RADIO,32,0,7.423387784931805,0.13704538345336914,0.04620075225830078
20250722_115643_432,-35,NO_RADIO,32,0,7.748058345160416,0.136474609375,0.04496955871582031
20250722_115643_615,-35,NO_RADIO,32,0,7.748058345160416,0.14005351066589355,0.0461578369140625
20250722_115643_802,-35,NO_RADIO,32,0,7.748058345160416,0.13266515731811523,0.04567527770996094
20250722_115643_981,-35,NO_RADIO,32,0,7.748058345160416,0.13836288452148438,0.04539775848388672
20250722_115644_166,-35,NO_RADIO,32,0,7.748058345160416,0.1393136978149414,0.04042315483093262
20250722_115644_347,-35,NO_RADIO,32,0,7.748058345160416,0.1367177963256836,0.04329729080200195
20250722_115644_529,-35,NO_RADIO,32,0,7.748058345160416,0.14326786994934082,0.05162358283996582
20250722_115644_725,-35,NO_RADIO,32,0,7.748058345160416,0.12779879570007324,0.04407835006713867
20250722_115644_898,-35,NO_RADIO,32,0,7.748058345160416,0.10450959205627441,0.045339107513427734
20250722_115645_049,-35,NO_RADIO,32,0,7.748058345160416,0.13346529006958008,0.04224681854248047
20250722_115645_226,-35,NO_RADIO,32,0,7.748058345160416,0.12567758560180664,0.04531383514404297
20250722_115645_398,-35,NO_RADIO,32,0,7.748058345160416,0.13930487632751465,0.04563546180725098
20250722_115645_584,-35,NO_RADIO,32,0,7.748058345160416,0.13496041297912598,0.04317808151245117
20250722_115645_763,-35,NO_RADIO,32,0,7.748058345160416,0.1294252872467041,0.0450291633605957
20250722_115645_939,-35,NO_RADIO,32,0,7.748058345160416,0.10807061195373535,0.04718518257141113
20250722_115646_095,-35,NO_RADIO,32,0,7.748058345160416,0.12944388389587402,0.046384572982788086
20250722_115646_272,-35,NO_RADIO,32,0,7.748058345160416,0.13663411140441895,0.04687833786010742
20250722_115646_457,-35,NO_RADIO,32,0,7.748058345160416,0.13836145401000977,0.035828590393066406
20250722_115646_632,-35,NO_RADIO,32,0,7.748058345160416,0.12596774101257324,0.035971879959106445
20250722_115646_795,-35,NO_RADIO,32,0,7.748058345160416,0.1394481658935547,0.03876447677612305
20250722_115646_975,-35,NO_RADIO,32,0,7.748058345160416,0.1290898323059082,0.03739285469055176
20250722_115647_143,-35,NO_RADIO,32,0,7.748058345160416,0.1267235279083252,0.038861989974975586
20250722_115647_309,-35,NO_RADIO,32,0,7.748058345160416,0.12440228462219238,0.04603385925292969
20250722_115647_481,-34,NO_RADIO,32,0,7.747835719638019,0.1356816291809082,0.043823957443237305
20250722_115647_662,-34,NO_RADIO,32,0,7.747835719638019,0.12829375267028809,0.042601585388183594
20250722_115647_834,-34,NO_RADIO,32,0,7.747835719638019,0.13844633102416992,0.04671120643615723
20250722_115648_020,-34,NO_RADIO,32,0,7.747835719638019,0.1314833164215088,0.045150041580200195
20250722_115648_198,-34,NO_RADIO,32,0,7.747835719638019,0.10944390296936035,0.04077482223510742
20250722_115648_349,-34,NO_RADIO,32,0,7.747835719638019,0.12599873542785645,0.04792976379394531
20250722_115648_524,-34,NO_RADIO,32,0,7.747835719638019,0.14324235916137695,0.04680657386779785
20250722_115648_715,-34,NO_RADIO,32,0,7.747835719638019,0.1349775791168213,0.04392504692077637
20250722_115648_896,-34,NO_RADIO,32,0,7.747835719638019,0.1280059814453125,0.044782161712646484
20250722_115649_070,-34,NO_RADIO,32,0,7.747835719638019,0.13096046447753906,0.04866504669189453
20250722_115649_250,-34,NO_RADIO,32,0,7.747835719638019,0.1401364803314209,0.045408010482788086
20250722_115649_437,-34,NO_RADIO,32,0,7.747835719638019,0.13459086418151855,0.03845953941345215
20250722_115649_611,-34,NO_RADIO,32,0,7.747835719638019,0.13682866096496582,0.04603719711303711
20250722_115649_795,-34,NO_RADIO,32,0,7.747835719638019,0.13522100448608398,0.03526115417480469
20250722_115649_967,-34,NO_RADIO,32,0,7.747835719638019,0.12322497367858887,0.04486370086669922
20250722_115650_136,-34,NO_RADIO,32,0,7.747835719638019,0.13325977325439453,0.03519010543823242
20250722_115650_306,-34,NO_RADIO,32,0,7.747835719638019,0.13445353507995605,0.04415702819824219
20250722_115650_485,-34,NO_RADIO,32,0,7.747835719638019,0.1290602684020996,0.03905367851257324
20250722_115650_655,-34,NO_RADIO,32,0,7.747835719638019,0.13232207298278809,0.044867515563964844
20250722_115650_833,-34,NO_RADIO,32,0,7.747835719638019,0.12967681884765625,0.04601454734802246
20250722_115651_010,-34,NO_RADIO,32,0,7.747835719638019,0.1260075569152832,0.04388427734375
20250722_115651_181,-34,NO_RADIO,32,0,7.747835719638019,0.13486480712890625,0.04423117637634277
20250722_115651_361,-33,NO_RADIO,32,0,7.747835719638019,0.14077115058898926,0.04417586326599121
20250722_115651_548,-33,NO_RADIO,32,0,7.791502718128385,0.10145688056945801,0.044867515563964844
20250722_115651_695,-33,NO_RADIO,32,0,7.791502718128385,0.1258525848388672,0.04686927795410156
20250722_115651_869,-33,NO_RADIO,32,0,7.791502718128385,0.12789034843444824,0.042124032974243164
20250722_115652_040,-33,NO_RADIO,32,0,7.791502718128385,0.12259435653686523,0.04388093948364258
20250722_115652_208,-33,NO_RADIO,32,0,7.791502718128385,0.12865018844604492,0.04527783393859863
20250722_115652_383,-33,NO_RADIO,32,0,7.791502718128385,0.1423509120941162,0.044027090072631836
20250722_115652_571,-33,NO_RADIO,32,0,7.791502718128385,0.13419365882873535,0.04375123977661133
20250722_115652_750,-33,NO_RADIO,32,0,7.791502718128385,0.13788819313049316,0.04516887664794922
20250722_115652_934,-33,NO_RADIO,32,0,7.791502718128385,0.13034272193908691,0.04342842102050781
20250722_115653_109,-33,NO_RADIO,32,0,7.791502718128385,0.1242988109588623,0.04629874229431152
20250722_115653_281,-33,NO_RADIO,32,0,7.791502718128385,0.13702988624572754,0.04327583312988281
20250722_115653_462,-33,NO_RADIO,32,0,7.791502718128385,0.13357257843017578,0.04464578628540039
20250722_115653_642,-33,NO_RADIO,32,0,7.791502718128385,0.13308501243591309,0.04365062713623047
20250722_115653_819,-33,NO_RADIO,32,0,7.791502718128385,0.13563275337219238,0.04355764389038086
20250722_115654_000,-33,NO_RADIO,32,0,7.791502718128385,0.13120675086975098,0.04623723030090332
20250722_115654_178,-33,NO_RADIO,32,0,7.791502718128385,0.13933682441711426,0.04191780090332031
20250722_115654_361,-33,NO_RADIO,32,0,7.791502718128385,0.1408846378326416,0.04503035545349121
20250722_115654_548,-33,NO_RADIO,32,0,7.791502718128385,0.13788628578186035,0.03504753112792969
20250722_115654_722,-33,NO_RADIO,32,0,7.791502718128385,0.11263585090637207,0.03558969497680664
20250722_115654_871,-33,NO_RADIO,32,0,7.791502718128385,0.11300230026245117,0.03568387031555176
20250722_115655_021,-33,NO_RADIO,32,0,7.791502718128385,0.13163328170776367,0.035271644592285156
20250722_115655_189,-33,NO_RADIO,32,0,7.791502718128385,0.13451242446899414,0.04416227340698242
20250722_115655_369,-32,NO_RADIO,32,0,7.791502718128385,0.1323082447052002,0.04620194435119629
20250722_115655_549,-32,NO_RADIO,32,0,7.790931072012057,0.12639117240905762,0.04434514045715332
20250722_115655_721,-32,NO_RADIO,32,0,7.790931072012057,0.13410258293151855,0.04568767547607422
20250722_115655_902,-32,NO_RADIO,32,0,7.790931072012057,0.1379857063293457,0.04537391662597656
20250722_115656_086,-32,NO_RADIO,32,0,7.790931072012057,0.12977075576782227,0.03551650047302246
20250722_115656_252,-32,NO_RADIO,32,0,7.790931072012057,0.13527202606201172,0.036932945251464844
20250722_115656_426,-32,NO_RADIO,32,0,7.790931072012057,0.14075851440429688,0.03544950485229492
20250722_115656_603,-32,NO_RADIO,32,0,7.790931072012057,0.13042521476745605,0.03545188903808594
20250722_115656_770,-32,NO_RADIO,32,0,7.790931072012057,0.13069868087768555,0.036611318588256836
20250722_115656_939,-32,NO_RADIO,32,0,7.790931072012057,0.12937259674072266,0.03635072708129883
20250722_115657_106,-32,NO_RADIO,32,0,7.790931072012057,0.12743186950683594,0.04796123504638672
20250722_115657_283,-32,NO_RADIO,32,0,7.790931072012057,0.11304044723510742,0.04683804512023926
20250722_115657_444,-32,NO_RADIO,32,0,7.790931072012057,0.12592053413391113,0.047171831130981445
20250722_115657_618,-32,NO_RADIO,32,0,7.790931072012057,0.13366246223449707,0.04068922996520996
20250722_115657_793,-32,NO_RADIO,32,0,7.790931072012057,0.14002490043640137,0.0453643798828125
20250722_115657_980,-32,NO_RADIO,32,0,7.790931072012057,0.1317124366760254,0.043889522552490234
20250722_115658_157,-32,NO_RADIO,32,0,7.790931072012057,0.12007498741149902,0.0467534065246582
20250722_115658_325,-32,NO_RADIO,32,0,7.790931072012057,0.13455986976623535,0.04509258270263672
20250722_115658_505,-32,NO_RADIO,32,0,7.790931072012057,0.11806750297546387,0.039103031158447266
20250722_115658_664,-32,NO_RADIO,32,0,7.790931072012057,0.13820147514343262,0.046753644943237305
20250722_115658_850,-32,NO_RADIO,32,0,7.790931072012057,0.13871979713439941,0.04247641563415527
20250722_115659_032,-32,NO_RADIO,32,0,7.790931072012057,0.12449002265930176,0.04662132263183594
20250722_115659_205,-32,NO_RADIO,32,0,7.790931072012057,0.13392925262451172,0.03659534454345703
20250722_115659_376,-31,NO_RADIO,32,0,7.790931072012057,0.12772774696350098,0.04642605781555176
20250722_115659_552,-31,NO_RADIO,32,0,7.87817690350245,0.13550400733947754,0.04587817192077637
20250722_115659_734,-31,NO_RADIO,32,0,7.87817690350245,0.10706138610839844,0.04679393768310547
20250722_115659_889,-31,NO_RADIO,32,0,7.87817690350245,0.12901997566223145,0.0456850528717041
20250722_115700_065,-31,NO_RADIO,32,0,7.87817690350245,0.13589167594909668,0.04493975639343262
20250722_115700_247,-31,NO_RADIO,32,0,7.87817690350245,0.13851213455200195,0.045443058013916016
20250722_115700_432,-31,NO_RADIO,32,0,7.87817690350245,0.14248037338256836,0.04429936408996582
20250722_115700_620,-31,NO_RADIO,32,0,7.87817690350245,0.13414883613586426,0.04567551612854004
20250722_115700_801,-31,NO_RADIO,32,0,7.87817690350245,0.12569642066955566,0.04503178596496582
20250722_115700_973,-31,NO_RADIO,32,0,7.87817690350245,0.1347959041595459,0.04464077949523926
20250722_115701_154,-31,32,32,0,7.87817690350245,0.1584300994873047,0.04509568214416504
20250722_115701_358,-31,32,32,0,7.87817690350245,0.15468287467956543,0.045072078704833984
20250722_115701_559,-31,NO_RADIO,32,0,7.87817690350245,0.11667060852050781,0.04612255096435547
20250722_115701_723,-31,NO_RADIO,32,0,7.87817690350245,0.1351456642150879,0.04642748832702637
20250722_115701_906,-31,NO_RADIO,32,0,7.87817690350245,0.1307845115661621,0.03581047058105469
20250722_115702_074,-31,NO_RADIO,32,0,7.87817690350245,0.15487289428710938,0.037458181381225586
20250722_115702_267,-31,NO_RADIO,32,0,7.87817690350245,0.13112473487854004,0.0396268367767334
20250722_115702_439,-31,NO_RADIO,32,0,7.87817690350245,0.13431763648986816,0.04592633247375488
20250722_115702_621,-31,NO_RADIO,32,0,7.87817690350245,0.11298871040344238,0.045905113220214844
20250722_115702_781,-31,NO_RADIO,32,0,7.87817690350245,0.12372899055480957,0.045552968978881836
20250722_115702_951,-31,NO_RADIO,32,0,7.87817690350245,0.12921690940856934,0.03689980506896973
20250722_115703_118,-31,NO_RADIO,32,0,7.87817690350245,0.12210917472839355,0.03640937805175781
20250722_115703_278,-31,NO_RADIO,32,0,7.87817690350245,0.13527321815490723,0.04243946075439453
20250722_115703_457,-30,NO_RADIO,32,0,7.37175304663414,0.13431930541992188,0.03839898109436035
20250722_115703_631,-30,NO_RADIO,32,0,7.37175304663414,0.13416695594787598,0.03607630729675293
20250722_115703_802,-30,31,31,-1.5,7.371754472365893,0.16185832023620605,0.036248207092285156
20250722_115704_001,-30,31,31,-1.5,7.371754472365893,0.15466737747192383,0.044846534729003906
20250722_115704_202,-30,31,31,-1.5,7.371754472365893,0.15839695930480957,0.038011789321899414
20250722_115704_400,-30,31,31,-1.5,7.371754472365893,0.1551363468170166,0.04448890686035156
20250722_115704_600,-30,31,31,-1.5,7.371754472365893,0.13935351371765137,0.04393172264099121
20250722_115704_785,-30,31,31,-1.5,7.371754472365893,0.16061139106750488,0.03561067581176758
20250722_115704_982,-30,31,31,-1.5,7.371754472365893,0.1572251319885254,0.041054725646972656
20250722_115705_182,-30,31,31,-1.5,7.371754472365893,0.1510474681854248,0.04425048828125
20250722_115705_378,-30,31,31,-1.5,7.371754472365893,0.15518498420715332,0.045747995376586914
20250722_115705_580,-30,31,31,-1.5,7.371754472365893,0.15273523330688477,0.0432734489440918
20250722_115705_777,-30,31,31,-1.5,7.371754472365893,0.16078639030456543,0.04455256462097168
20250722_115705_984,-30,31,31,-1.5,7.371754472365893,0.15592145919799805,0.04208493232727051
20250722_115706_183,-30,31,31,-1.5,7.371754472365893,0.16369366645812988,0.046294450759887695
20250722_115706_394,-30,31,31,-1.5,7.371754472365893,0.16768765449523926,0.04421520233154297
20250722_115706_607,-30,31,31,-1.5,7.371754472365893,0.1717057228088379,0.046811819076538086
20250722_115706_827,-30,31,31,-1.5,7.371754472365893,0.16690754890441895,0.04559946060180664
20250722_115707_041,-30,31,31,-1.5,7.371754472365893,0.19061040878295898,0.036508798599243164
20250722_115707_269,-30,31,31,-1.5,7.371754472365893,0.16262030601501465,0.035455942153930664
20250722_115707_468,-29,31,31,-1.5,7.171593509006385,0.13300442695617676,0.04054594039916992
20250722_115707_643,-29,NO_RADIO,31,-1.5,7.171593509006385,0.13418817520141602,0.04464125633239746
20250722_115707_823,-29,31,31,-1.5,7.171593509006385,0.1684417724609375,0.04444003105163574
20250722_115708_037,-29,31,31,-1.5,7.171593509006385,0.15545916557312012,0.04595804214477539
20250722_115708_239,-29,31,31,-1.5,7.171593509006385,0.15941691398620605,0.0419306755065918
20250722_115708_442,-29,31,31,-1.5,7.171593509006385,0.15930557250976562,0.04398345947265625
20250722_115708_646,-29,31,31,-1.5,7.171593509006385,0.15207314491271973,0.046864986419677734
20250722_115708_846,-29,31,31,-1.5,7.171593509006385,0.15581083297729492,0.04520535469055176
20250722_115709_049,-29,31,31,-1.5,7.171593509006385,0.15064620971679688,0.04314541816711426
20250722_115709_244,-29,31,31,-1.5,7.171593509006385,0.15978026390075684,0.04426765441894531
20250722_115709_449,-29,31,31,-1.5,7.171593509006385,0.1723484992980957,0.037698984146118164
20250722_115709_660,-29,31,31,-1.5,7.171593509006385,0.15241146087646484,0.0369725227355957
20250722_115709_851,-29,31,31,-1.5,7.171593509006385,0.16334080696105957,0.03755831718444824
20250722_115710_053,-29,31,31,-1.5,7.171593509006385,0.15683364868164062,0.03566122055053711
20250722_115710_247,-29,31,31,-1.5,7.171593509006385,0.1549675464630127,0.035863399505615234
20250722_115710_439,-29,31,31,-1.5,7.171593509006385,0.14845633506774902,0.042951345443725586
20250722_115710_631,-29,31,31,-1.5,7.171593509006385,0.16214561462402344,0.04469013214111328
20250722_115710_839,-29,31,31,-1.5,7.171593509006385,0.15288805961608887,0.03757071495056152
20250722_115711_031,-29,31,31,-1.5,7.171593509006385,0.14602327346801758,0.044525146484375
20250722_115711_222,-29,31,31,-1.5,7.171593509006385,0.1560969352722168,0.04652094841003418
20250722_115711_426,-28,31,31,-1.5,7.171183040443779,0.1607964038848877,0.04495358467102051
20250722_115711_633,-28,30,30,-2.9,6.967181217315201,0.1497206687927246,0.04707050323486328
20250722_115711_831,-28,30,30,-2.9,6.967181217315201,0.15439295768737793,0.04679417610168457
20250722_115712_033,-28,30,30,-2.9,6.967181217315201,0.16927194595336914,0.04627180099487305
20250722_115712_250,-28,30,30,-2.9,6.967181217315201,0.16166281700134277,0.04736208915710449
20250722_115712_460,-28,30,30,-2.9,6.967181217315201,0.15536880493164062,0.047043800354003906
20250722_115712_664,-28,30,30,-2.9,6.967181217315201,0.1511697769165039,0.04735994338989258
20250722_115712_863,-28,30,30,-2.9,6.967181217315201,0.14951515197753906,0.04200887680053711
20250722_115713_056,-28,30,30,-2.9,6.967181217315201,0.14064574241638184,0.045673370361328125
20250722_115713_243,-28,30,30,-2.9,6.967181217315201,0.15767621994018555,0.04645562171936035
20250722_115713_449,-28,30,30,-2.9,6.967181217315201,0.1542665958404541,0.046499013900756836
20250722_115713_651,-28,29,29,-4.4,6.569320702844834,0.1628873348236084,0.04800558090209961
20250722_115713_863,-28,30,30,-2.9,6.967181217315201,0.1588292121887207,0.04764819145202637
20250722_115714_071,-28,30,30,-2.9,6.967181217315201,0.15707993507385254,0.04680323600769043
20250722_115714_276,-28,30,30,-2.9,6.967181217315201,0.1585073471069336,0.046118736267089844
20250722_115714_481,-28,30,30,-2.9,6.967181217315201,0.15620660781860352,0.04630327224731445
20250722_115714_685,-28,30,30,-2.9,6.967181217315201,0.16131806373596191,0.04735112190246582
20250722_115714_895,-28,30,30,-2.9,6.967181217315201,0.16518855094909668,0.04677152633666992
20250722_115715_108,-28,30,30,-2.9,6.967181217315201,0.15688443183898926,0.04672718048095703
20250722_115715_313,-28,30,30,-2.9,6.967181217315201,0.15754270553588867,0.046853065490722656
20250722_115715_518,-27,30,30,-2.9,6.961432666855004,0.151139497756958,0.046987056732177734
20250722_115715_717,-27,29,29,-4.4,7.170775669147403,0.15935182571411133,0.04471731185913086
20250722_115715_923,-27,29,29,-4.4,7.170775669147403,0.1525249481201172,0.04746508598327637
20250722_115716_124,-27,29,29,-4.4,7.170775669147403,0.16913580894470215,0.047577857971191406
20250722_115716_342,-27,29,29,-4.4,7.170775669147403,0.15985774993896484,0.0467374324798584
20250722_115716_550,-27,29,29,-4.4,7.170775669147403,0.1618502140045166,0.046385765075683594
20250722_115716_759,-27,29,29,-4.4,7.170775669147403,0.16036534309387207,0.04713845252990723
20250722_115716_968,-27,29,29,-4.4,7.170775669147403,0.15906476974487305,0.046045541763305664
20250722_115717_174,-27,29,29,-4.4,7.170775669147403,0.16765642166137695,0.043956756591796875
20250722_115717_386,-27,29,29,-4.4,7.170775669147403,0.1635890007019043,0.04631614685058594
20250722_115717_598,-27,29,29,-4.4,7.170775669147403,0.15963006019592285,0.042252302169799805
20250722_115717_801,-27,29,29,-4.4,7.170775669147403,0.15695524215698242,0.04324746131896973
20250722_115718_002,-27,29,29,-4.4,7.170775669147403,0.16025352478027344,0.045758962631225586
20250722_115718_209,-27,29,29,-4.4,7.170775669147403,0.15941452980041504,0.045722246170043945
20250722_115718_415,-27,29,29,-4.4,7.170775669147403,0.16531157493591309,0.04679465293884277
20250722_115718_629,-27,29,29,-4.4,7.170775669147403,0.1541149616241455,0.046671152114868164
20250722_115718_831,-27,29,29,-4.4,7.170775669147403,0.15669751167297363,0.046755313873291016
20250722_115719_035,-27,29,29,-4.4,7.170775669147403,0.14972424507141113,0.04713034629821777
20250722_115719_233,-27,29,29,-4.4,7.170775669147403,0.1503007411956787,0.046532392501831055
20250722_115719_431,-26,29,29,-4.4,7.014679619490167,0.1534738540649414,0.04528617858886719
20250722_115719_631,-26,28,28,-5.8,6.509768319385074,0.14957094192504883,0.04614686965942383
20250722_115719_828,-26,28,28,-5.8,6.509768319385074,0.1554558277130127,0.04673933982849121
20250722_115720_031,-26,28,28,-5.8,6.509768319385074,0.15052485466003418,0.047371625900268555
20250722_115720_230,-26,28,28,-5.8,6.509768319385074,0.15055584907531738,0.04216647148132324
20250722_115720_424,-26,28,28,-5.8,6.509768319385074,0.1606907844543457,0.0468897819519043
20250722_115720_633,-26,28,28,-5.8,6.509768319385074,0.1472492218017578,0.0381162166595459
20250722_115720_819,-26,28,28,-5.8,6.509768319385074,0.1489267349243164,0.03602004051208496
20250722_115721_006,-26,28,28,-5.8,6.509768319385074,0.1573348045349121,0.03590822219848633
20250722_115721_200,-26,28,28,-5.8,6.509768319385074,0.14646196365356445,0.04095196723937988
20250722_115721_389,-26,28,28,-5.8,6.509768319385074,0.15677118301391602,0.046588897705078125
20250722_115721_593,-26,28,28,-5.8,6.509768319385074,0.15139126777648926,0.04782748222351074
20250722_115721_793,-26,28,28,-5.8,6.509768319385074,0.1575930118560791,0.048363447189331055
20250722_115722_001,-26,28,28,-5.8,6.509768319385074,0.16515398025512695,0.0465693473815918
20250722_115722_214,-26,28,28,-5.8,6.509768319385074,0.1792151927947998,0.046854496002197266
20250722_115722_441,-26,28,28,-5.8,6.509768319385074,0.15551495552062988,0.04671645164489746
20250722_115722_644,-26,28,28,-5.8,6.509768319385074,0.16185832023620605,0.047775983810424805
20250722_115722_855,-26,28,28,-5.8,6.509768319385074,0.1612412929534912,0.036197662353515625
20250722_115723_054,-26,28,28,-5.8,6.509768319385074,0.15705037117004395,0.03875470161437988
20250722_115723_250,-26,28,28,-5.8,6.509768319385074,0.14967775344848633,0.03510785102844238
20250722_115723_436,-25,28,28,-5.8,6.907506908042805,0.14905238151550293,0.03526115417480469
20250722_115723_622,-25,27,27,-7.3,7.014744699652482,0.1600172519683838,0.035478830337524414
20250722_115723_818,-25,27,27,-7.3,7.014744699652482,0.15676522254943848,0.03532743453979492
20250722_115724_012,-25,27,27,-7.3,7.014744699652482,0.15242314338684082,0.03522849082946777
20250722_115724_200,-25,27,27,-7.3,7.014744699652482,0.15066289901733398,0.03601861000061035
20250722_115724_388,-25,27,27,-7.3,7.014744699652482,0.15458440780639648,0.0453648567199707
20250722_115724_589,-25,27,27,-7.3,7.014744699652482,0.15335297584533691,0.049240827560424805
20250722_115724_793,-25,27,27,-7.3,7.014744699652482,0.16395783424377441,0.047087669372558594
20250722_115725_005,-25,27,27,-7.3,7.014744699652482,0.13568377494812012,0.04653620719909668
20250722_115725_189,-25,27,27,-7.3,7.014744699652482,0.15479302406311035,0.04700803756713867
20250722_115725_392,-25,27,27,-7.3,7.014744699652482,0.15600919723510742,0.03576254844665527
20250722_115725_585,-25,27,27,-7.3,7.014744699652482,0.1518878936767578,0.03516077995300293
20250722_115725_773,-25,27,27,-7.3,7.014744699652482,0.1628282070159912,0.03565859794616699
20250722_115725_972,-25,27,27,-7.3,7.014744699652482,0.15858817100524902,0.03752899169921875
20250722_115726_170,-25,27,27,-7.3,7.014744699652482,0.15077614784240723,0.046241044998168945
20250722_115726_368,-25,27,27,-7.3,7.014744699652482,0.1602475643157959,0.046584129333496094
20250722_115726_576,-25,27,27,-7.3,7.014744699652482,0.15464329719543457,0.0456240177154541
20250722_115726_777,-25,27,27,-7.3,7.014744699652482,0.1526474952697754,0.035550594329833984
20250722_115726_967,-25,27,27,-7.3,7.014744699652482,0.1506972312927246,0.04706692695617676
20250722_115727_166,-25,27,27,-7.3,7.014744699652482,0.18709254264831543,0.04717588424682617
20250722_115727_401,-24,27,27,-7.3,6.568678517220917,0.15874838829040527,0.04309344291687012
20250722_115727_604,-24,27,27,-7.3,6.568678517220917,0.15569162368774414,0.04672884941101074
20250722_115727_808,-24,26,26,-8.7,6.568678064287269,0.15458297729492188,0.04672646522521973
20250722_115728_010,-24,26,26,-8.7,6.568678064287269,0.15990495681762695,0.04727935791015625
20250722_115728_218,-24,26,26,-8.7,6.568678064287269,0.15918803215026855,0.04599118232727051
20250722_115728_425,-24,26,26,-8.7,6.568678064287269,0.15482187271118164,0.04616117477416992
20250722_115728_627,-24,26,26,-8.7,6.568678064287269,0.15849041938781738,0.047212839126586914
20250722_115728_834,-24,26,26,-8.7,6.568678064287269,0.12654423713684082,0.04526925086975098
20250722_115729_007,-24,26,26,-8.7,6.568678064287269,0.1540060043334961,0.04585742950439453
20250722_115729_208,-24,26,26,-8.7,6.568678064287269,0.16383600234985352,0.04745650291442871
20250722_115729_420,-24,26,26,-8.7,6.568678064287269,0.15978360176086426,0.04573321342468262
20250722_115729_627,-24,26,26,-8.7,6.568678064287269,0.15797829627990723,0.04659271240234375
20250722_115729_832,-24,26,26,-8.7,6.568678064287269,0.16643428802490234,0.04699826240539551
20250722_115730_047,-24,26,26,-8.7,6.568678064287269,0.16234850883483887,0.04600977897644043
20250722_115730_256,-24,26,26,-8.7,6.568678064287269,0.16229510307312012,0.04651284217834473
20250722_115730_466,-24,26,26,-8.7,6.568678064287269,0.15257596969604492,0.046846866607666016
20250722_115730_667,-24,26,26,-8.7,6.568678064287269,0.16678690910339355,0.0516204833984375
20250722_115730_887,-24,26,26,-8.7,6.568678064287269,0.16175532341003418,0.0471193790435791
20250722_115731_097,-24,26,26,-8.7,6.568678064287269,0.1580674648284912,0.04683494567871094
20250722_115731_303,-24,26,26,-8.7,6.568678064287269,0.1581408977508545,0.04702568054199219
20250722_115731_509,-23,26,26,-8.7,6.961241762591058,0.15301275253295898,0.04679608345031738
20250722_115731_710,-23,25,25,-10.2,6.568707683682362,0.15313434600830078,0.04677438735961914
20250722_115731_911,-23,25,25,-10.2,6.568707683682362,0.15628790855407715,0.04729461669921875
20250722_115732_116,-23,25,25,-10.2,6.568707683682362,0.15198755264282227,0.04674935340881348
20250722_115732_316,-23,25,25,-10.2,6.568707683682362,0.1749725341796875,0.04777193069458008
20250722_115732_539,-23,26,26,-8.7,6.961241762591058,0.15342450141906738,0.045313119888305664
20250722_115732_739,-23,26,26,-8.7,6.961241762591058,0.16010069847106934,0.04609084129333496
20250722_115732_947,-23,26,26,-8.7,6.961241762591058,0.1550590991973877,0.04693174362182617
20250722_115733_150,-23,25,25,-10.2,6.568707683682362,0.1637282371520996,0.04714393615722656
20250722_115733_362,-23,25,25,-10.2,6.568707683682362,0.17517662048339844,0.047156333923339844
20250722_115733_585,-23,25,25,-10.2,6.568707683682362,0.16130876541137695,0.04661750793457031
20250722_115733_794,-23,26,26,-8.7,6.961241762591058,0.15543246269226074,0.047187089920043945
20250722_115733_998,-23,26,26,-8.7,6.961241762591058,0.17179369926452637,0.04664039611816406
20250722_115734_218,-23,26,26,-8.7,6.961241762591058,0.17205357551574707,0.04653429985046387
20250722_115734_437,-23,26,26,-8.7,6.961241762591058,0.15860748291015625,0.04627799987792969
20250722_115734_643,-23,26,26,-8.7,6.961241762591058,0.16689729690551758,0.04713582992553711
20250722_115734_859,-23,25,25,-10.2,6.568707683682362,0.15933561325073242,0.047083139419555664
20250722_115735_066,-23,26,26,-8.7,6.961241762591058,0.16605877876281738,0.04547619819641113
20250722_115735_279,-23,26,26,-8.7,6.961241762591058,0.15551972389221191,0.046794891357421875
20250722_115735_482,-22,26,26,-8.7,6.907303710987037,0.1594531536102295,0.04702401161193848
20250722_115735_690,-22,25,25,-10.2,7.01454264277065,0.12770533561706543,0.046933889389038086
20250722_115735_866,-22,24,24,-11.6,7.418823617026476,0.15610241889953613,0.04766583442687988
20250722_115736_071,-22,24,24,-11.6,7.418823617026476,0.15666842460632324,0.04579901695251465
20250722_115736_274,-22,24,24,-11.6,7.418823617026476,0.1539909839630127,0.04692983627319336
20250722_115736_476,-22,24,24,-11.6,7.418823617026476,0.1443619728088379,0.046213388442993164
20250722_115736_668,-22,24,24,-11.6,7.418823617026476,0.15224003791809082,0.04714512825012207
20250722_115736_869,-22,24,24,-11.6,7.418823617026476,0.1610107421875,0.04270124435424805
20250722_115737_073,-22,24,24,-11.6,7.418823617026476,0.14265036582946777,0.04483771324157715
20250722_115737_262,-22,24,24,-11.6,7.418823617026476,0.15832161903381348,0.04705023765563965
20250722_115737_469,-22,24,24,-11.6,7.418823617026476,0.16118454933166504,0.04496431350708008
20250722_115737_676,-22,24,24,-11.6,7.418823617026476,0.16437554359436035,0.03621101379394531
20250722_115737_878,-22,24,24,-11.6,7.418823617026476,0.16467976570129395,0.04086470603942871
20250722_115738_084,-22,25,25,-10.2,7.01454264277065,0.15942120552062988,0.04558849334716797
20250722_115738_290,-22,24,24,-11.6,7.418823617026476,0.16286063194274902,0.03541922569274902
20250722_115738_490,-22,24,24,-11.6,7.418823617026476,0.16769981384277344,0.043290138244628906
20250722_115738_702,-22,25,25,-10.2,7.01454264277065,0.1607227325439453,0.04472470283508301
20250722_115738_909,-22,25,25,-10.2,7.01454264277065,0.15814948081970215,0.040653228759765625
20250722_115739_109,-22,25,25,-10.2,7.01454264277065,0.1553022861480713,0.04719257354736328
20250722_115739_312,-21,25,25,-10.2,7.01454264277065,0.1592087745666504,0.04707479476928711
20250722_115739_520,-21,25,25,-10.2,7.030253409483194,0.16334915161132812,0.0470423698425293
20250722_115739_731,-21,24,24,-11.6,7.370404447504001,0.15600371360778809,0.03704833984375
20250722_115739_926,-21,24,24,-11.6,7.370404447504001,0.1644597053527832,0.03637528419494629
20250722_115740_128,-21,24,24,-11.6,7.370404447504001,0.16469287872314453,0.03636813163757324
20250722_115740_330,-21,24,24,-11.6,7.370404447504001,0.15834379196166992,0.047204017639160156
20250722_115740_537,-21,24,24,-11.6,7.370404447504001,0.16342878341674805,0.04672574996948242
20250722_115740_748,-21,24,24,-11.6,7.370404447504001,0.15555477142333984,0.04553532600402832
20250722_115740_950,-21,24,24,-11.6,7.370404447504001,0.16241002082824707,0.04754233360290527
20250722_115741_162,-21,24,24,-11.6,7.370404447504001,0.16013073921203613,0.03540658950805664
20250722_115741_358,-21,24,24,-11.6,7.370404447504001,0.15769696235656738,0.04810380935668945
20250722_115741_565,-21,24,24,-11.6,7.370404447504001,0.16299104690551758,0.03576946258544922
20250722_115741_765,-21,24,24,-11.6,7.370404447504001,0.1622614860534668,0.043788909912109375
20250722_115741_972,-21,24,24,-11.6,7.370404447504001,0.1636676788330078,0.03556656837463379
20250722_115742_173,-21,24,24,-11.6,7.370404447504001,0.16526246070861816,0.03528141975402832
20250722_115742_375,-21,24,24,-11.6,7.370404447504001,0.18280577659606934,0.04837393760681152
20250722_115742_607,-21,24,24,-11.6,7.370404447504001,0.1617593765258789,0.03589653968811035
20250722_115742_806,-21,24,24,-11.6,7.370404447504001,0.16271138191223145,0.047812461853027344
20250722_115743_018,-21,23,23,-13.1,7.876510047704244,0.15089058876037598,0.0359799861907959
20250722_115743_206,-21,24,24,-11.6,7.370404447504001,0.16214203834533691,0.04723691940307617
20250722_115743_416,-20,24,24,-11.6,7.419073626076013,0.15943408012390137,0.045743703842163086
20250722_115743_623,-20,23,23,-13.1,7.370556382873701,0.15321111679077148,0.047109365463256836
20250722_115743_824,-20,23,23,-13.1,7.370556382873701,0.16176319122314453,0.03618359565734863
20250722_115744_023,-20,23,23,-13.1,7.370556382873701,0.15488743782043457,0.04572176933288574
20250722_115744_225,-20,23,23,-13.1,7.370556382873701,0.15954875946044922,0.046098947525024414
20250722_115744_432,-20,23,23,-13.1,7.370556382873701,0.16120100021362305,0.03608226776123047
20250722_115744_631,-20,23,23,-13.1,7.370556382873701,0.15407562255859375,0.0410459041595459
20250722_115744_827,-20,23,23,-13.1,7.370556382873701,0.15787672996520996,0.04690122604370117
20250722_115745_033,-20,23,23,-13.1,7.370556382873701,0.1634230613708496,0.043045997619628906
20250722_115745_240,-20,23,23,-13.1,7.370556382873701,0.15801095962524414,0.04590797424316406
20250722_115745_446,-20,23,23,-13.1,7.370556382873701,0.15279221534729004,0.045617103576660156
20250722_115745_645,-20,23,23,-13.1,7.370556382873701,0.15625977516174316,0.04667949676513672
20250722_115745_849,-20,23,23,-13.1,7.370556382873701,0.16308903694152832,0.0467069149017334
20250722_115746_060,-20,23,23,-13.1,7.370556382873701,0.16086101531982422,0.04689741134643555
20250722_115746_269,-20,23,23,-13.1,7.370556382873701,0.1603255271911621,0.04645586013793945
20250722_115746_477,-20,23,23,-13.1,7.370556382873701,0.15543174743652344,0.046740055084228516
20250722_115746_680,-20,23,23,-13.1,7.370556382873701,0.15369486808776855,0.046739816665649414
20250722_115746_882,-20,23,23,-13.1,7.370556382873701,0.17099714279174805,0.04747796058654785
20250722_115747_102,-20,23,23,-13.1,7.370556382873701,0.1669600009918213,0.04694366455078125
20250722_115747_317,-19,23,23,-13.1,7.370556382873701,0.1910862922668457,0.04664921760559082
20250722_115747_556,-19,23,23,-13.1,6.961739683173292,0.14815950393676758,0.04710531234741211
20250722_115747_752,-19,22,22,-14.5,6.569210001555675,0.16913270950317383,0.043829917907714844
20250722_115747_966,-19,22,22,-14.5,6.569210001555675,0.16818785667419434,0.04683423042297363
20250722_115748_182,-19,22,22,-14.5,6.569210001555675,0.16121578216552734,0.04692840576171875
20250722_115748_392,-19,22,22,-14.5,6.569210001555675,0.17162537574768066,0.04714846611022949
20250722_115748_611,-19,22,22,-14.5,6.569210001555675,0.157332181930542,0.04725766181945801
20250722_115748_817,-19,22,22,-14.5,6.569210001555675,0.15626072883605957,0.04662179946899414
20250722_115749_021,-19,22,22,-14.5,6.569210001555675,0.17017269134521484,0.04673433303833008
20250722_115749_239,-19,22,22,-14.5,6.569210001555675,0.17238926887512207,0.0469510555267334
20250722_115749_460,-19,22,22,-14.5,6.569210001555675,0.15287017822265625,0.0466461181640625
20250722_115749_660,-19,22,22,-14.5,6.569210001555675,0.1593611240386963,0.046913862228393555
20250722_115749_868,-19,22,22,-14.5,6.569210001555675,0.14734673500061035,0.04611349105834961
20250722_115750_063,-19,22,22,-14.5,6.569210001555675,0.1671135425567627,0.04678535461425781
20250722_115750_278,-19,22,22,-14.5,6.569210001555675,0.16481471061706543,0.04623246192932129
20250722_115750_490,-19,22,22,-14.5,6.569210001555675,0.15706229209899902,0.046410322189331055
20250722_115750_695,-19,22,22,-14.5,6.569210001555675,0.15708351135253906,0.047449350357055664
20250722_115750_900,-19,22,22,-14.5,6.569210001555675,0.15871787071228027,0.0467987060546875
20250722_115751_107,-19,22,22,-14.5,6.569210001555675,0.15482521057128906,0.04722332954406738
20250722_115751_310,-18,22,22,-14.5,6.569210001555675,0.15596318244934082,0.04714536666870117
20250722_115751_514,-18,22,22,-14.5,6.908018497200303,0.1560666561126709,0.04790019989013672
20250722_115751_719,-18,21,21,-16.0,6.913411759172689,0.14863133430480957,0.04682016372680664
20250722_115751_916,-18,21,21,-16.0,6.913411759172689,0.1654069423675537,0.04708504676818848
20250722_115752_130,-18,21,21,-16.0,6.913411759172689,0.1511249542236328,0.04615640640258789
20250722_115752_328,-18,21,21,-16.0,6.913411759172689,0.16922450065612793,0.047547101974487305
20250722_115752_546,-18,21,21,-16.0,6.913411759172689,0.15917372703552246,0.04630231857299805
20250722_115752_753,-18,21,21,-16.0,6.913411759172689,0.16073012351989746,0.051358938217163086
20250722_115752_966,-18,21,21,-16.0,6.913411759172689,0.15008139610290527,0.03751039505004883
20250722_115753_155,-18,21,21,-16.0,6.913411759172689,0.16220498085021973,0.04645109176635742
20250722_115753_365,-18,21,21,-16.0,6.913411759172689,0.16282939910888672,0.044428110122680664
20250722_115753_573,-18,21,21,-16.0,6.913411759172689,0.1561727523803711,0.046552181243896484
20250722_115753_777,-18,21,21,-16.0,6.913411759172689,0.15616416931152344,0.04495835304260254
20250722_115753_980,-18,21,21,-16.0,6.913411759172689,0.15564417839050293,0.047148942947387695
20250722_115754_184,-18,21,21,-16.0,6.913411759172689,0.163956880569458,0.03859829902648926
20250722_115754_387,-18,21,21,-16.0,6.913411759172689,0.15866923332214355,0.04078507423400879
20250722_115754_588,-18,21,21,-16.0,6.913411759172689,0.15360212326049805,0.035315752029418945
20250722_115754_778,-18,21,21,-16.0,6.913411759172689,0.1560070514678955,0.03579211235046387
20250722_115754_971,-18,21,21,-16.0,6.913411759172689,0.15713787078857422,0.04502415657043457
20250722_115755_174,-18,21,21,-16.0,6.913411759172689,0.15865635871887207,0.04651904106140137
20250722_115755_380,-17,21,21,-16.0,6.908311242271168,0.15332722663879395,0.04261636734008789
20250722_115755_578,-17,21,21,-16.0,6.908311242271168,0.1545546054840088,0.048551321029663086
20250722_115755_782,-17,21,21,-16.0,6.908311242271168,0.15194320678710938,0.04795432090759277
20250722_115755_983,-17,21,21,-16.0,6.908311242271168,0.15950894355773926,0.04772233963012695
20250722_115756_191,-17,21,21,-16.0,6.908311242271168,0.15494108200073242,0.04674339294433594
20250722_115756_394,-17,21,21,-16.0,6.908311242271168,0.16096949577331543,0.04850268363952637
20250722_115756_605,-17,21,21,-16.0,6.908311242271168,0.16692113876342773,0.04653596878051758
20250722_115756_819,-17,21,21,-16.0,6.908311242271168,0.15989232063293457,0.04654860496520996
20250722_115757_027,-17,21,21,-16.0,6.908311242271168,0.1710810661315918,0.047556400299072266
20250722_115757_247,-17,21,21,-16.0,6.908311242271168,0.15339899063110352,0.04711294174194336
20250722_115757_448,-17,21,21,-16.0,6.908311242271168,0.16266918182373047,0.04705476760864258
20250722_115757_659,-17,21,21,-16.0,6.908311242271168,0.15950894355773926,0.04674220085144043
20250722_115757_867,-17,21,21,-16.0,6.908311242271168,0.1635446548461914,0.037111520767211914
20250722_115758_068,-17,21,21,-16.0,6.908311242271168,0.15839767456054688,0.04677176475524902
20250722_115758_275,-17,21,21,-16.0,6.908311242271168,0.15968656539916992,0.046297550201416016
20250722_115758_482,-17,21,21,-16.0,6.908311242271168,0.1693260669708252,0.04769468307495117
20250722_115758_700,-17,21,21,-16.0,6.908311242271168,0.16666746139526367,0.047502756118774414
20250722_115758_915,-17,21,21,-16.0,6.908311242271168,0.16567111015319824,0.04626893997192383
20250722_115759_129,-17,21,21,-16.0,6.908311242271168,0.15633416175842285,0.0473322868347168
20250722_115759_333,-16,21,21,-16.0,6.908311242271168,0.1611309051513672,0.04745912551879883
20250722_115759_543,-16,21,21,-16.0,6.570016203325395,0.15747284889221191,0.04647517204284668
20250722_115759_748,-16,20,20,-17.4,7.371598954600785,0.16429853439331055,0.04705953598022461
20250722_115759_961,-16,20,20,-17.4,7.371598954600785,0.16318202018737793,0.04732561111450195
20250722_115800_172,-16,20,20,-17.4,7.371598954600785,0.16601037979125977,0.04744672775268555
20250722_115800_387,-16,20,20,-17.4,7.371598954600785,0.15880084037780762,0.046061038970947266
20250722_115800_593,-16,20,20,-17.4,7.371598954600785,0.1549685001373291,0.04570484161376953
20250722_115800_795,-16,20,20,-17.4,7.371598954600785,0.1590862274169922,0.0466916561126709
20250722_115801_002,-16,20,20,-17.4,7.371598954600785,0.16853976249694824,0.047293901443481445
20250722_115801_218,-16,20,20,-17.4,7.371598954600785,0.16774582862854004,0.04672813415527344
20250722_115801_434,-16,20,20,-17.4,7.371598954600785,0.17110466957092285,0.04717206954956055
20250722_115801_653,-16,20,20,-17.4,7.371598954600785,0.15966224670410156,0.04634499549865723
20250722_115801_861,-16,20,20,-17.4,7.371598954600785,0.15602684020996094,0.046629905700683594
20250722_115802_064,-16,20,20,-17.4,7.371598954600785,0.16752862930297852,0.046712636947631836
20250722_115802_280,-16,20,20,-17.4,7.371598954600785,0.15891575813293457,0.04698061943054199
20250722_115802_487,-16,20,20,-17.4,7.371598954600785,0.18236708641052246,0.04718184471130371
20250722_115802_718,-16,20,20,-17.4,7.371598954600785,0.16523146629333496,0.046442508697509766
20250722_115802_930,-16,20,20,-17.4,7.371598954600785,0.15209102630615234,0.04565310478210449
20250722_115803_129,-16,20,20,-17.4,7.371598954600785,0.15706276893615723,0.04409432411193848
20250722_115803_332,-15,20,20,-17.4,7.371598954600785,0.14922523498535156,0.04599738121032715
20250722_115803_528,-15,20,20,-17.4,7.376849650611319,0.1539902687072754,0.04718351364135742
20250722_115803_730,-15,19,19,-18.9,6.570416966611006,0.15026235580444336,0.035491228103637695
20250722_115803_917,-15,19,19,-18.9,6.570416966611006,0.1555650234222412,0.050354957580566406
20250722_115804_124,-15,19,19,-18.9,6.570416966611006,0.15664935111999512,0.04752302169799805
20250722_115804_329,-15,19,19,-18.9,6.570416966611006,0.15905523300170898,0.04693412780761719
20250722_115804_537,-15,19,19,-18.9,6.570416966611006,0.1653585433959961,0.0469512939453125
20250722_115804_750,-15,19,19,-18.9,6.570416966611006,0.16178417205810547,0.04715394973754883
20250722_115804_960,-15,19,19,-18.9,6.570416966611006,0.15504217147827148,0.04832959175109863
20250722_115805_165,-15,19,19,-18.9,6.570416966611006,0.1532907485961914,0.04664468765258789
20250722_115805_366,-15,19,19,-18.9,6.570416966611006,0.167344331741333,0.04732227325439453
20250722_115805_581,-15,19,19,-18.9,6.570416966611006,0.15611839294433594,0.046769142150878906
20250722_115805_785,-15,19,19,-18.9,6.570416966611006,0.1546006202697754,0.0467371940612793
20250722_115805_988,-15,19,19,-18.9,6.570416966611006,0.1628878116607666,0.04638195037841797
20250722_115806_198,-15,19,19,-18.9,6.570416966611006,0.16617822647094727,0.047506093978881836
20250722_115806_413,-15,19,19,-18.9,6.570416966611006,0.16255521774291992,0.04635119438171387
20250722_115806_623,-15,19,19,-18.9,6.570416966611006,0.15645599365234375,0.04745316505432129
20250722_115806_828,-15,19,19,-18.9,6.570416966611006,0.14775490760803223,0.04717302322387695
20250722_115807_025,-15,19,19,-18.9,6.570416966611006,0.16967320442199707,0.0470428466796875
20250722_115807_242,-15,19,19,-18.9,6.570416966611006,0.1561756134033203,0.04678845405578613
20250722_115807_447,-14,19,19,-18.9,6.57037509586398,0.15983819961547852,0.046405792236328125
20250722_115807_654,-14,19,19,-18.9,6.57037509586398,0.1567385196685791,0.047141075134277344
20250722_115807_859,-14,18,18,-20.3,6.511282598291643,0.1632547378540039,0.03637957572937012
20250722_115808_060,-14,18,18,-20.3,6.511282598291643,0.15824174880981445,0.03544044494628906
20250722_115808_255,-14,18,18,-20.3,6.511282598291643,0.15735936164855957,0.035413265228271484
20250722_115808_449,-14,18,18,-20.3,6.511282598291643,0.15751886367797852,0.0348811149597168
20250722_115808_642,-14,18,18,-20.3,6.511282598291643,0.15591931343078613,0.03561258316040039
20250722_115808_835,-14,18,18,-20.3,6.511282598291643,0.15697193145751953,0.03528237342834473
20250722_115809_028,-14,18,18,-20.3,6.511282598291643,0.13693642616271973,0.03519940376281738
20250722_115809_201,-14,18,18,-20.3,6.511282598291643,0.16166472434997559,0.03554129600524902
20250722_115809_400,-14,18,18,-20.3,6.511282598291643,0.1505744457244873,0.035622358322143555
20250722_115809_587,-14,18,18,-20.3,6.511282598291643,0.1573195457458496,0.036730051040649414
20250722_115809_782,-14,18,18,-20.3,6.511282598291643,0.1584627628326416,0.04712867736816406
20250722_115809_989,-14,18,18,-20.3,6.511282598291643,0.15327787399291992,0.04707002639770508
20250722_115810_191,-14,18,18,-20.3,6.511282598291643,0.15689516067504883,0.04689788818359375
20250722_115810_395,-14,18,18,-20.3,6.511282598291643,0.1570122241973877,0.04680681228637695
20250722_115810_600,-14,18,18,-20.3,6.511282598291643,0.1585845947265625,0.03690767288208008
20250722_115810_797,-14,18,18,-20.3,6.511282598291643,0.1520400047302246,0.03527116775512695
20250722_115810_986,-14,19,19,-18.9,6.57037509586398,0.1525099277496338,0.035275936126708984
20250722_115811_175,-14,19,19,-18.9,6.57037509586398,0.15865492820739746,0.0472714900970459
20250722_115811_382,-13,19,19,-18.9,6.57057930434793,0.15571212768554688,0.04280662536621094
20250722_115811_581,-13,19,19,-18.9,6.57057930434793,0.15742063522338867,0.04680681228637695
20250722_115811_787,-13,18,18,-20.3,6.451581454444749,0.16052603721618652,0.04572415351867676
20250722_115811_994,-13,18,18,-20.3,6.451581454444749,0.16017484664916992,0.04658675193786621
20250722_115812_202,-13,18,18,-20.3,6.451581454444749,0.16355037689208984,0.04676318168640137
20250722_115812_414,-13,18,18,-20.3,6.451581454444749,0.1535341739654541,0.04695439338684082
20250722_115812_615,-13,18,18,-20.3,6.451581454444749,0.1786203384399414,0.04773139953613281
20250722_115812_843,-13,18,18,-20.3,6.451581454444749,0.16455912590026855,0.04541945457458496
20250722_115813_054,-13,18,18,-20.3,6.451581454444749,0.1667184829711914,0.04708576202392578
20250722_115813_269,-13,18,18,-20.3,6.451581454444749,0.16758131980895996,0.046701669692993164
20250722_115813_484,-13,18,18,-20.3,6.451581454444749,0.1643991470336914,0.04690265655517578
20250722_115813_697,-13,18,18,-20.3,6.451581454444749,0.1536092758178711,0.04714083671569824
20250722_115813_899,-13,18,18,-20.3,6.451581454444749,0.1622321605682373,0.045090675354003906
20250722_115814_107,-13,18,18,-20.3,6.451581454444749,0.16883492469787598,0.04676938056945801
20250722_115814_324,-13,18,18,-20.3,6.451581454444749,0.1554856300354004,0.0461575984954834
20250722_115814_527,-13,18,18,-20.3,6.451581454444749,0.15963983535766602,0.047194480895996094
20250722_115814_735,-13,18,18,-20.3,6.451581454444749,0.15999174118041992,0.046991825103759766
20250722_115814_943,-13,18,18,-20.3,6.451581454444749,0.15771770477294922,0.047067880630493164
20250722_115815_149,-13,18,18,-20.3,6.451581454444749,0.16072797775268555,0.04805302619934082
20250722_115815_359,-12,18,18,-20.3,7.172716637644811,0.16166329383850098,0.03908991813659668
20250722_115815_561,-12,18,18,-20.3,7.172716637644811,0.1634218692779541,0.04736161231994629
20250722_115815_772,-12,17,17,-21.8,6.963374550991929,0.16495800018310547,0.046674251556396484
20250722_115815_985,-12,17,17,-21.8,6.963374550991929,0.16727399826049805,0.04546236991882324
20250722_115816_199,-12,17,17,-21.8,6.963374550991929,0.16564559936523438,0.04721355438232422
20250722_115816_413,-12,17,17,-21.8,6.963374550991929,0.16089653968811035,0.046428680419921875
20250722_115816_622,-12,17,17,-21.8,6.963374550991929,0.156982421875,0.04594755172729492
20250722_115816_826,-12,17,17,-21.8,6.963374550991929,0.16400861740112305,0.04701828956604004
20250722_115817_038,-12,17,17,-21.8,6.963374550991929,0.1551666259765625,0.04700875282287598
20250722_115817_241,-12,17,17,-21.8,6.963374550991929,0.1589984893798828,0.0471956729888916
20250722_115817_448,-12,17,17,-21.8,6.963374550991929,0.1547989845275879,0.04723501205444336
20250722_115817_652,-12,17,17,-21.8,6.963374550991929,0.1776881217956543,0.046773672103881836
20250722_115817_877,-12,17,17,-21.8,6.963374550991929,0.1605360507965088,0.04462575912475586
20250722_115818_084,-12,17,17,-21.8,6.963374550991929,0.16855525970458984,0.04786181449890137
20250722_115818_301,-12,17,17,-21.8,6.963374550991929,0.16652297973632812,0.04627418518066406
20250722_115818_515,-12,17,17,-21.8,6.963374550991929,0.16382145881652832,0.045133352279663086
20250722_115818_725,-12,17,17,-21.8,6.963374550991929,0.1558680534362793,0.04689979553222656
20250722_115818_929,-12,17,17,-21.8,6.963374550991929,0.15844225883483887,0.04618644714355469
20250722_115819_135,-12,17,17,-21.8,6.963374550991929,0.159806489944458,0.046877384185791016
20250722_115819_343,-11,17,17,-21.8,7.172971568144376,0.16032147407531738,0.04523301124572754
20250722_115819_550,-11,17,17,-21.8,7.172971568144376,0.1575772762298584,0.046396493911743164
20250722_115819_755,-11,17,17,-21.8,7.172971568144376,0.16205096244812012,0.046621084213256836
20250722_115819_965,-11,16,16,-23.2,6.571097788311008,0.1605541706085205,0.046738386154174805
20250722_115820_173,-11,16,16,-23.2,6.571097788311008,0.16254472732543945,0.04743361473083496
20250722_115820_384,-11,16,16,-23.2,6.571097788311008,0.16602444648742676,0.047250986099243164
20250722_115820_598,-11,16,16,-23.2,6.571097788311008,0.15965056419372559,0.04619550704956055
20250722_115820_805,-11,17,17,-21.8,7.172971568144376,0.1615452766418457,0.046457767486572266
20250722_115821_014,-11,17,17,-21.8,7.172971568144376,0.16040539741516113,0.04676961898803711
20250722_115821_223,-11,17,17,-21.8,7.172971568144376,0.15868210792541504,0.04648113250732422
20250722_115821_429,-11,17,17,-21.8,7.172971568144376,0.15916824340820312,0.04644513130187988
20250722_115821_636,-11,17,17,-21.8,7.172971568144376,0.16187334060668945,0.04685497283935547
20250722_115821_846,-11,17,17,-21.8,7.172971568144376,0.15639019012451172,0.049787044525146484
20250722_115822_053,-11,17,17,-21.8,7.172971568144376,0.1585538387298584,0.043897151947021484
20250722_115822_257,-11,17,17,-21.8,7.172971568144376,0.132368803024292,0.047057151794433594
20250722_115822_437,-11,16,16,-23.2,6.571097788311008,0.15642738342285156,0.04668760299682617
20250722_115822_641,-11,16,16,-23.2,6.571097788311008,0.16266727447509766,0.04624629020690918
20250722_115822_852,-11,16,16,-23.2,6.571097788311008,0.1650714874267578,0.043084144592285156
20250722_115823_061,-11,16,16,-23.2,6.571097788311008,0.15279722213745117,0.046970367431640625
20250722_115823_262,-11,17,17,-21.8,7.172971568144376,0.1572892665863037,0.04727911949157715
20250722_115823_468,-10,17,17,-21.8,7.421451239210867,0.16661310195922852,0.04693436622619629
20250722_115823_682,-10,16,16,-23.2,6.909932849283905,0.15787649154663086,0.047370195388793945
20250722_115823_889,-10,16,16,-23.2,6.909932849283905,0.15681219100952148,0.04404473304748535
20250722_115824_091,-10,16,16,-23.2,6.909932849283905,0.15523338317871094,0.04708504676818848
20250722_115824_294,-10,16,16,-23.2,6.909932849283905,0.16454386711120605,0.0472261905670166
20250722_115824_507,-10,16,16,-23.2,6.909932849283905,0.15677285194396973,0.04631948471069336
20250722_115824_711,-10,16,16,-23.2,6.909932849283905,0.16249871253967285,0.04663801193237305
20250722_115824_921,-10,16,16,-23.2,6.909932849283905,0.16273236274719238,0.04647374153137207
20250722_115825_132,-10,16,16,-23.2,6.909932849283905,0.1655101776123047,0.04698681831359863
20250722_115825_345,-10,16,16,-23.2,6.909932849283905,0.15365290641784668,0.04620218276977539
20250722_115825_547,-10,16,16,-23.2,6.909932849283905,0.15516877174377441,0.046224355697631836
20250722_115825_749,-10,16,16,-23.2,6.909932849283905,0.16372370719909668,0.04701590538024902
20250722_115825_961,-10,16,16,-23.2,6.909932849283905,0.1623549461364746,0.04691624641418457
20250722_115826_171,-10,16,16,-23.2,6.909932849283905,0.15685725212097168,0.04686760902404785
20250722_115826_376,-10,16,16,-23.2,6.909932849283905,0.15811586380004883,0.046512603759765625
20250722_115826_582,-10,16,16,-23.2,6.909932849283905,0.16735553741455078,0.047677040100097656
20250722_115826_798,-10,16,16,-23.2,6.909932849283905,0.15833830833435059,0.035758018493652344
20250722_115826_993,-10,16,16,-23.2,6.909932849283905,0.1544334888458252,0.04667067527770996
20250722_115827_196,-10,16,16,-23.2,6.909932849283905,0.1519608497619629,0.045797109603881836
20250722_115827_395,-9,16,16,-23.2,,0.16060829162597656,0.04588770866394043
20250722_115827_602,-9,15,15,-24.7,,0.19420909881591797,0.04714393615722656
20250722_115827_845,-9,15,15,-24.7,,0.16252493858337402,0.04419684410095215
20250722_115828_053,-9,15,15,-24.7,,0.16413187980651855,0.057102203369140625
20250722_115828_275,-9,15,15,-24.7,,0.1574246883392334,0.0500941276550293
20250722_115828_484,-9,15,15,-24.7,,0.15949010848999023,0.045983076095581055
20250722_115828_691,-9,15,15,-24.7,,0.1657414436340332,0.047212839126586914
20250722_115828_905,-9,15,15,-24.7,,0.16479945182800293,0.04552149772644043
20250722_115829_116,-9,15,15,-24.7,,0.16443133354187012,0.04663801193237305
20250722_115829_329,-9,15,15,-24.7,,0.15935230255126953,0.04702639579772949
20250722_115829_536,-9,15,15,-24.7,,0.16435623168945312,0.0471498966217041
20250722_115829_749,-9,15,15,-24.7,,0.1646723747253418,0.04682040214538574
20250722_115829_962,-9,15,15,-24.7,,0.15613007545471191,0.04680681228637695
20250722_115830_166,-9,15,15,-24.7,,0.15315556526184082,0.044940948486328125
20250722_115830_365,-9,15,15,-24.7,,0.15395355224609375,0.04627203941345215
20250722_115830_566,-9,15,15,-24.7,,0.16561555862426758,0.04747581481933594
20250722_115830_781,-9,15,15,-24.7,,0.15232491493225098,0.04684710502624512
20250722_115830_981,-9,15,15,-24.7,,0.171494722366333,0.046900272369384766
20250722_115831_201,-9,15,15,-24.7,,0.1609489917755127,0.04415178298950195
20250722_115831_407,-8,15,15,-24.7,,0.15990567207336426,0.04149484634399414
20250722_115831_610,-8,15,15,-24.7,,0.15349674224853516,0.04666876792907715
20250722_115831_811,-8,15,15,-24.7,,0.1550140380859375,0.045717477798461914
20250722_115832_013,-8,15,15,-24.7,,0.15624523162841797,0.04605698585510254
20250722_115832_216,-8,15,15,-24.7,,0.1609973907470703,0.04688882827758789
20250722_115832_426,-8,15,15,-24.7,,0.16806602478027344,0.04688262939453125
20250722_115832_642,-8,15,15,-24.7,,0.20280885696411133,0.04707455635070801
20250722_115832_893,-8,15,15,-24.7,,0.1580641269683838,0.03493237495422363
20250722_115833_087,-8,15,15,-24.7,,0.1569828987121582,0.046776533126831055
20250722_115833_292,-8,15,15,-24.7,,0.15914654731750488,0.04724907875061035
20250722_115833_500,-8,15,15,-24.7,,0.16205930709838867,0.046988725662231445
20250722_115833_710,-8,15,15,-24.7,,0.1590743064880371,0.04572701454162598
20250722_115833_916,-8,15,15,-24.7,,0.16947102546691895,0.04600882530212402
20250722_115834_133,-8,15,15,-24.7,,0.15911078453063965,0.04674816131591797
20250722_115834_340,-8,15,15,-24.7,,0.15954852104187012,0.046677589416503906
20250722_115834_547,-8,15,15,-24.7,,0.15956807136535645,0.046976566314697266
20250722_115834_755,-8,15,15,-24.7,,0.16610360145568848,0.04712867736816406
20250722_115834_969,-8,15,15,-24.7,,0.16971635818481445,0.047061920166015625
20250722_115835_187,-8,15,15,-24.7,,0.15646576881408691,0.0466313362121582
20250722_115835_392,-7,15,15,-24.7,,0.13415932655334473,0.04421114921569824
20250722_115835_571,-7,15,15,-24.7,,0.17177820205688477,0.046689510345458984
20250722_115835_791,-7,14,14,-26.1,,0.16460132598876953,0.04648637771606445
20250722_115836_003,-7,14,14,-26.1,,0.15703129768371582,0.04637718200683594
20250722_115836_208,-7,14,14,-26.1,,0.15911507606506348,0.04711508750915527
20250722_115836_415,-7,14,14,-26.1,,0.14236831665039062,0.05210733413696289
20250722_115836_611,-7,14,14,-26.1,,0.1661090850830078,0.04674124717712402
20250722_115836_825,-7,14,14,-26.1,,0.15341520309448242,0.04698491096496582
20250722_115837_026,-7,14,14,-26.1,,0.15935754776000977,0.046970367431640625
20250722_115837_234,-7,14,14,-26.1,,0.15896129608154297,0.04716897010803223
20250722_115837_441,-7,14,14,-26.1,,0.13300371170043945,0.047559261322021484
20250722_115837_623,-7,14,14,-26.1,,0.16126108169555664,0.04765057563781738
20250722_115837_833,-7,14,14,-26.1,,0.16465425491333008,0.0472102165222168
20250722_115838_046,-7,14,14,-26.1,,0.15994906425476074,0.04691052436828613
20250722_115838_254,-7,14,14,-26.1,,0.15111708641052246,0.03560757637023926
20250722_115838_443,-7,14,14,-26.1,,0.16450762748718262,0.046334266662597656
20250722_115838_655,-7,14,14,-26.1,,0.16415929794311523,0.047203779220581055
20250722_115838_867,-7,14,14,-26.1,,0.15774035453796387,0.048693180084228516
20250722_115839_075,-7,14,14,-26.1,,0.15944552421569824,0.046661376953125
20250722_115839_282,-6,14,14,-26.1,,0.16112995147705078,0.04759502410888672
20250722_115839_492,-6,14,14,-26.1,,0.1628267765045166,0.048476219177246094
20250722_115839_705,-6,13,13,-27.6,,0.1619272232055664,0.03565859794616699
20250722_115839_903,-6,13,13,-27.6,,0.15760469436645508,0.035248756408691406
20250722_115840_098,-6,13,13,-27.6,,0.157639741897583,0.03500008583068848
20250722_115840_291,-6,13,13,-27.6,,0.16631245613098145,0.03631234169006348
20250722_115840_495,-6,13,13,-27.6,,0.14510107040405273,0.035546064376831055
20250722_115840_677,-6,13,13,-27.6,,0.15497851371765137,0.03506112098693848
20250722_115840_868,-6,13,13,-27.6,,0.1524333953857422,0.03559684753417969
20250722_115841_057,-6,13,13,-27.6,,0.15739202499389648,0.0353085994720459
20250722_115841_251,-6,13,13,-27.6,,0.15610313415527344,0.04450702667236328
20250722_115841_453,-6,14,14,-26.1,,0.1540536880493164,0.046350717544555664
20250722_115841_655,-6,14,14,-26.1,,0.15769338607788086,0.046384334564208984
20250722_115841_860,-6,14,14,-26.1,,0.16020607948303223,0.04747915267944336
20250722_115842_069,-6,14,14,-26.1,,0.16759014129638672,0.0430757999420166
20250722_115842_281,-6,13,13,-27.6,,0.1583845615386963,0.03903555870056152
20250722_115842_479,-6,13,13,-27.6,,0.15871953964233398,0.0351560115814209
20250722_115842_674,-6,13,13,-27.6,,0.1606154441833496,0.039374589920043945
20250722_115842_876,-6,13,13,-27.6,,0.15753388404846191,0.03731179237365723
20250722_115843_072,-6,13,13,-27.6,,0.15242767333984375,0.04701590538024902
20250722_115843_273,-6,13,13,-27.6,,0.15237212181091309,0.04720735549926758
20250722_115843_473,-5,13,13,-27.6,,0.1604008674621582,0.046327829360961914
20250722_115843_681,-5,13,13,-27.6,,0.16512346267700195,0.04729461669921875
20250722_115843_895,-5,13,13,-27.6,,0.16586995124816895,0.043908119201660156
20250722_115844_106,-5,13,13,-27.6,,0.15961241722106934,0.04719400405883789
20250722_115844_314,-5,13,13,-27.6,,0.15688014030456543,0.0461575984954834
20250722_115844_518,-5,13,13,-27.6,,0.16372179985046387,0.04836702346801758
20250722_115844_731,-5,13,13,-27.6,,0.15569448471069336,0.0463099479675293
20250722_115844_934,-5,13,13,-27.6,,0.16484403610229492,0.04647994041442871
20250722_115845_147,-5,13,13,-27.6,,0.15375733375549316,0.046872615814208984
20250722_115845_349,-5,13,13,-27.6,,0.16054797172546387,0.04661107063293457
20250722_115845_557,-5,13,13,-27.6,,0.15775632858276367,0.04707050323486328
20250722_115845_763,-5,13,13,-27.6,,0.15327978134155273,0.04688429832458496
20250722_115845_965,-5,13,13,-27.6,,0.15955114364624023,0.04669380187988281
20250722_115846_172,-5,13,13,-27.6,,0.16651296615600586,0.047310829162597656
20250722_115846_387,-5,13,13,-27.6,,0.1627182960510254,0.0472567081451416
20250722_115846_598,-5,13,13,-27.6,,0.16585421562194824,0.04734945297241211
20250722_115846_813,-5,13,13,-27.6,,0.16698360443115234,0.04469180107116699
20250722_115847_026,-5,13,13,-27.6,,0.16943025588989258,0.04622769355773926
20250722_115847_242,-5,13,13,-27.6,,0.1640458106994629,0.04731631278991699
20250722_115847_455,-4,13,13,-27.6,,0.15584588050842285,0.04595828056335449
20250722_115847_658,-4,12,12,-29.0,,0.1732795238494873,0.04720640182495117
20250722_115847_880,-4,12,12,-29.0,,0.16074752807617188,0.039980411529541016
20250722_115848_082,-4,13,13,-27.6,,0.1583251953125,0.04750561714172363
20250722_115848_289,-4,12,12,-29.0,,0.1569821834564209,0.04683732986450195
20250722_115848_494,-4,12,12,-29.0,,0.15457630157470703,0.04683041572570801
20250722_115848_696,-4,12,12,-29.0,,0.15832805633544922,0.04725289344787598
20250722_115848_903,-4,12,12,-29.0,,0.14088964462280273,0.04714179039001465
20250722_115849_092,-4,12,12,-29.0,,0.1278064250946045,0.04737710952758789
20250722_115849_269,-4,12,12,-29.0,,0.14602422714233398,0.047057151794433594
20250722_115849_463,-4,12,12,-29.0,,0.14357542991638184,0.04627418518066406
20250722_115849_654,-4,12,12,-29.0,,0.15822315216064453,0.04758024215698242
20250722_115849_861,-4,12,12,-29.0,,0.15607380867004395,0.04722142219543457
20250722_115850_065,-4,12,12,-29.0,,0.16463375091552734,0.04668736457824707
20250722_115850_278,-4,12,12,-29.0,,0.15756535530090332,0.04741525650024414
20250722_115850_484,-4,12,12,-29.0,,0.1554427146911621,0.046956777572631836
20250722_115850_688,-4,12,12,-29.0,,0.15490245819091797,0.046082496643066406
20250722_115850_890,-4,12,12,-29.0,,0.16192388534545898,0.047005653381347656
20250722_115851_100,-4,12,12,-29.0,,0.1598224639892578,0.04728388786315918
20250722_115851_308,-3,12,12,-29.0,,0.16012287139892578,0.047412872314453125
20250722_115851_517,-3,12,12,-29.0,8.048465862230259,0.1635286808013916,0.047713518142700195
20250722_115851_729,-3,12,12,-29.0,8.048465862230259,0.15789318084716797,0.04825472831726074
20250722_115851_937,-3,12,12,-29.0,8.048465862230259,0.15924525260925293,0.047121524810791016
20250722_115852_144,-3,12,12,-29.0,8.048465862230259,0.1603400707244873,0.0466156005859375
20250722_115852_352,-3,12,12,-29.0,8.048465862230259,0.15966105461120605,0.04540419578552246
20250722_115852_559,-3,12,12,-29.0,8.048465862230259,0.160797119140625,0.046727657318115234
20250722_115852_767,-3,12,12,-29.0,8.048465862230259,0.19401812553405762,0.04801678657531738
20250722_115853_010,-3,12,12,-29.0,8.048465862230259,0.14668655395507812,0.046921491622924805
20250722_115853_205,-3,12,12,-29.0,8.048465862230259,0.16679811477661133,0.04688596725463867
20250722_115853_420,-3,12,12,-29.0,8.048465862230259,0.16077637672424316,0.04677581787109375
20250722_115853_629,-3,12,12,-29.0,8.048465862230259,0.15565204620361328,0.047408342361450195
20250722_115853_833,-3,12,12,-29.0,8.048465862230259,0.16383862495422363,0.04682755470275879
20250722_115854_045,-3,12,12,-29.0,8.048465862230259,0.16371655464172363,0.035356760025024414
20250722_115854_245,-3,12,12,-29.0,8.048465862230259,0.16796350479125977,0.04752159118652344
20250722_115854_462,-3,12,12,-29.0,8.048465862230259,0.15752029418945312,0.03572964668273926
20250722_115854_656,-3,12,12,-29.0,8.048465862230259,0.1558079719543457,0.03583526611328125
20250722_115854_849,-3,12,12,-29.0,8.048465862230259,0.15836358070373535,0.03564620018005371
20250722_115855_044,-3,12,12,-29.0,8.048465862230259,0.15820598602294922,0.04687166213989258
20250722_115855_250,-3,12,12,-29.0,8.048465862230259,0.16153812408447266,0.047482967376708984
20250722_115855_461,-2,12,12,-29.0,8.559696469680688,0.15824460983276367,0.04710793495178223
20250722_115855_667,-2,11,11,-30.5,8.846936124304989,0.1637413501739502,0.036370277404785156
20250722_115855_868,-2,11,11,-30.5,8.846936124304989,0.16221141815185547,0.046950578689575195
20250722_115856_079,-2,11,11,-30.5,8.846936124304989,0.16457200050354004,0.04598808288574219
20250722_115856_290,-2,11,11,-30.5,8.846936124304989,0.17057132720947266,0.04440879821777344
20250722_115856_506,-2,11,11,-30.5,8.846936124304989,0.15545940399169922,0.047101736068725586
20250722_115856_710,-2,11,11,-30.5,8.846936124304989,0.16115140914916992,0.04735231399536133
20250722_115856_920,-2,11,11,-30.5,8.846936124304989,0.16171002388000488,0.046816110610961914
20250722_115857_129,-2,11,11,-30.5,8.846936124304989,0.16724181175231934,0.04659867286682129
20250722_115857_344,-2,11,11,-30.5,8.846936124304989,0.1585218906402588,0.04645586013793945
20250722_115857_550,-2,11,11,-30.5,8.846936124304989,0.16363167762756348,0.051267147064208984
20250722_115857_766,-2,11,11,-30.5,8.846936124304989,0.16663694381713867,0.04523897171020508
20250722_115857_979,-2,11,11,-30.5,8.846936124304989,0.15561890602111816,0.04688572883605957
20250722_115858_183,-2,11,11,-30.5,8.846936124304989,0.16020536422729492,0.04611086845397949
20250722_115858_390,-2,11,11,-30.5,8.846936124304989,0.15517544746398926,0.04505753517150879
20250722_115858_592,-2,11,11,-30.5,8.846936124304989,0.15294885635375977,0.0450897216796875
20250722_115858_791,-2,11,11,-30.5,8.846936124304989,0.1579756736755371,0.04649853706359863
20250722_115858_997,-2,11,11,-30.5,8.846936124304989,0.15623068809509277,0.046297311782836914
20250722_115859_200,-2,11,11,-30.5,8.846936124304989,0.14772772789001465,0.04703330993652344
20250722_115859_396,-1,11,11,-30.5,9.017068831334484,0.15476250648498535,0.04623723030090332
20250722_115859_598,-1,11,11,-30.5,9.017068831334484,0.15900468826293945,0.046910762786865234
20250722_115859_805,-1,11,11,-30.5,9.017068831334484,0.1654355525970459,0.046707868576049805
20250722_115900_018,-1,11,11,-30.5,9.017068831334484,0.14124584197998047,0.04713153839111328
20250722_115900_208,-1,11,11,-30.5,9.017068831334484,0.15906286239624023,0.04690074920654297
20250722_115900_415,-1,11,11,-30.5,9.017068831334484,0.15385818481445312,0.04721689224243164
20250722_115900_617,-1,11,11,-30.5,9.017068831334484,0.16418099403381348,0.04706287384033203
20250722_115900_830,-1,11,11,-30.5,9.017068831334484,0.15569686889648438,0.045940399169921875
20250722_115901_033,-1,11,11,-30.5,9.017068831334484,0.16310787200927734,0.047168731689453125
20250722_115901_244,-1,11,11,-30.5,9.017068831334484,0.15123677253723145,0.0466458797454834
20250722_115901_443,-1,11,11,-30.5,9.017068831334484,0.1560366153717041,0.046957969665527344
20250722_115901_647,-1,11,11,-30.5,9.017068831334484,0.1610705852508545,0.04696321487426758
20250722_115901_856,-1,11,11,-30.5,9.017068831334484,0.16607260704040527,0.04637455940246582
20250722_115902_070,-1,11,11,-30.5,9.017068831334484,0.1645216941833496,0.046569108963012695
20250722_115902_282,-1,11,11,-30.5,9.017068831334484,0.15968871116638184,0.04688763618469238
20250722_115902_490,-1,11,11,-30.5,9.017068831334484,0.16328096389770508,0.04760456085205078
20250722_115902_702,-1,11,11,-30.5,9.017068831334484,0.16079425811767578,0.047394752502441406
20250722_115902_911,-1,11,11,-30.5,9.017068831334484,0.18140649795532227,0.046629905700683594
20250722_115903_140,-1,11,11,-30.5,9.017068831334484,0.15842628479003906,0.03568291664123535
20250722_115903_336,0,11,11,-30.5,,0.153214693069458,0.044576406478881836
20250722_115903_535,0,11,11,-30.5,,0.15656518936157227,0.04626154899597168
20250722_115903_739,0,10,10,-31.9,,0.1664421558380127,0.0474398136138916
20250722_115903_954,0,10,10,-31.9,,0.1740880012512207,0.045171499252319336
20250722_115904_174,0,10,10,-31.9,,0.15863251686096191,0.046660423278808594
20250722_115904_381,0,10,10,-31.9,,0.1571636199951172,0.04682183265686035
20250722_115904_586,0,10,10,-31.9,,0.1606578826904297,0.04680752754211426
20250722_115904_795,0,10,10,-31.9,,0.15939736366271973,0.0466151237487793
20250722_115905_002,0,10,10,-31.9,,0.16928434371948242,0.04697871208190918
20250722_115905_219,0,10,10,-31.9,,0.14606189727783203,0.04606747627258301
20250722_115905_413,0,10,10,-31.9,,0.1496899127960205,0.04647350311279297
20250722_115905_610,0,10,10,-31.9,,0.14432430267333984,0.04530000686645508
20250722_115905_801,0,10,10,-31.9,,0.14483880996704102,0.04479169845581055
20250722_115905_992,0,10,10,-31.9,,0.16522836685180664,0.04734325408935547
20250722_115906_205,0,10,10,-31.9,,0.16669511795043945,0.04655790328979492
20250722_115906_420,0,10,10,-31.9,,0.1573941707611084,0.048578739166259766
20250722_115906_627,0,10,10,-31.9,,0.15377497673034668,0.047173500061035156
20250722_115906_829,0,10,10,-31.9,,0.16231203079223633,0.046308040618896484
20250722_115907_039,0,10,10,-31.9,,0.1604628562927246,0.04600691795349121
20250722_115907_247,0,10,10,-31.9,,0.16421270370483398,0.0456690788269043
20250722_115907_458,1,10,10,-31.9,,0.15707039833068848,0.04677414894104004
20250722_115907_663,1,10,10,-31.9,,0.1616659164428711,0.04777979850769043
20250722_115907_873,1,10,10,-31.9,,0.18382573127746582,0.04036235809326172
20250722_115908_099,1,10,10,-31.9,,0.1562802791595459,0.047411203384399414
20250722_115908_303,1,10,10,-31.9,,0.1737973690032959,0.046820878982543945
20250722_115908_525,1,10,10,-31.9,,0.16909170150756836,0.046425819396972656
20250722_115908_742,1,10,10,-31.9,,0.16564297676086426,0.04627680778503418
20250722_115908_955,1,10,10,-31.9,,0.17005515098571777,0.046793222427368164
20250722_115909_173,1,10,10,-31.9,,0.15662717819213867,0.04650592803955078
20250722_115909_378,1,10,10,-31.9,,0.15621447563171387,0.04658961296081543
20250722_115909_582,1,10,10,-31.9,,0.16135907173156738,0.04618072509765625
20250722_115909_790,1,10,10,-31.9,,0.1655113697052002,0.04608559608459473
20250722_115910_003,1,10,10,-31.9,,0.1479175090789795,0.045732975006103516
20250722_115910_198,1,10,10,-31.9,,0.16810941696166992,0.04674935340881348
20250722_115910_414,1,10,10,-31.9,,0.15345525741577148,0.04701685905456543
20250722_115910_616,1,10,10,-31.9,,0.16416335105895996,0.042745113372802734
20250722_115910_824,1,10,10,-31.9,,0.15460848808288574,0.04521489143371582
20250722_115911_025,1,10,10,-31.9,,0.15973711013793945,0.046436309814453125
20250722_115911_232,1,10,10,-31.9,,0.1540970802307129,0.04619717597961426
20250722_115911_434,2,10,10,-31.9,,0.16287803649902344,0.03669261932373047
20250722_115911_635,2,9,9,-33.4,,0.15619635581970215,0.03899240493774414
20250722_115911_831,2,9,9,-33.4,,0.15801262855529785,0.03811454772949219
20250722_115912_028,2,9,9,-33.4,,0.1503441333770752,0.035216569900512695
20250722_115912_215,2,9,9,-33.4,,0.15772104263305664,0.03598523139953613
20250722_115912_410,2,9,9,-33.4,,0.15577387809753418,0.03520774841308594
20250722_115912_602,2,9,9,-33.4,,0.16737818717956543,0.035051822662353516
20250722_115912_806,2,9,9,-33.4,,0.16519546508789062,0.034874916076660156
20250722_115913_007,2,9,9,-33.4,,0.18358850479125977,0.04734063148498535
20250722_115913_239,2,9,9,-33.4,,0.15770387649536133,0.04625511169433594
20250722_115913_444,2,9,9,-33.4,,0.1592576503753662,0.04497957229614258
20250722_115913_650,2,9,9,-33.4,,0.16328787803649902,0.0471346378326416
20250722_115913_861,2,9,9,-33.4,,0.15872621536254883,0.03861188888549805
20250722_115914_060,2,9,9,-33.4,,0.15606307983398438,0.03528141975402832
20250722_115914_253,2,9,9,-33.4,,0.1595304012298584,0.036093950271606445
20250722_115914_449,2,9,9,-33.4,,0.15638351440429688,0.04635334014892578
20250722_115914_653,2,9,9,-33.4,,0.15538573265075684,0.04627275466918945
20250722_115914_856,2,9,9,-33.4,,0.15315032005310059,0.04573488235473633
20250722_115915_056,2,9,9,-33.4,,0.1568286418914795,0.046648263931274414
20250722_115915_261,3,9,9,-33.4,,0.1639697551727295,0.0475163459777832
20250722_115915_474,3,9,9,-33.4,7.170591891218336,0.15929603576660156,0.047060489654541016
20250722_115915_681,3,8,8,-34.8,8.046729156196662,0.15902996063232422,0.046761512756347656
20250722_115915_888,3,8,8,-34.8,8.046729156196662,0.16390395164489746,0.046651363372802734
20250722_115916_100,3,8,8,-34.8,8.046729156196662,0.1609354019165039,0.046914100646972656
20250722_115916_309,3,9,9,-33.4,7.170591891218336,0.15898942947387695,0.04672718048095703
20250722_115916_515,3,9,9,-33.4,7.170591891218336,0.16689586639404297,0.047170400619506836
20250722_115916_731,3,9,9,-33.4,7.170591891218336,0.16076326370239258,0.04625725746154785
20250722_115916_939,3,9,9,-33.4,7.170591891218336,0.16041326522827148,0.047597646713256836
20250722_115917_148,3,9,9,-33.4,7.170591891218336,0.15687274932861328,0.04689431190490723
20250722_115917_353,3,9,9,-33.4,7.170591891218336,0.16390538215637207,0.04731249809265137
20250722_115917_565,3,9,9,-33.4,7.170591891218336,0.1684436798095703,0.04743313789367676
20250722_115917_782,3,8,8,-34.8,8.046729156196662,0.16431951522827148,0.044237375259399414
20250722_115917_992,3,8,8,-34.8,8.046729156196662,0.15946602821350098,0.046529293060302734
20250722_115918_199,3,8,8,-34.8,8.046729156196662,0.15985655784606934,0.04745316505432129
20250722_115918_408,3,8,8,-34.8,8.046729156196662,0.14661836624145508,0.03541707992553711
20250722_115918_591,3,8,8,-34.8,8.046729156196662,0.14943528175354004,0.04764437675476074
20250722_115918_789,3,8,8,-34.8,8.046729156196662,0.1621859073638916,0.04682302474975586
20250722_115919_000,3,8,8,-34.8,8.046729156196662,0.158613920211792,0.04518461227416992
20250722_115919_205,3,9,9,-33.4,7.170591891218336,0.1657106876373291,0.046889305114746094
20250722_115919_418,4,9,9,-33.4,7.0142733430657245,0.1660144329071045,0.04857993125915527
20250722_115919_634,4,8,8,-34.8,7.748304652608809,0.16257596015930176,0.04689311981201172
20250722_115919_845,4,8,8,-34.8,7.748304652608809,0.1620028018951416,0.0378725528717041
20250722_115920_046,4,8,8,-34.8,7.748304652608809,0.1556873321533203,0.047176361083984375
20250722_115920_250,4,8,8,-34.8,7.748304652608809,0.1736748218536377,0.04749131202697754
20250722_115920_472,4,8,8,-34.8,7.748304652608809,0.16921567916870117,0.046690940856933594
20250722_115920_689,4,8,8,-34.8,7.748304652608809,0.1741344928741455,0.04584813117980957
20250722_115920_910,4,8,8,-34.8,7.748304652608809,0.1634232997894287,0.046617746353149414
20250722_115921_121,4,7,7,-36.3,9.015572229199137,0.15803885459899902,0.046083688735961914
20250722_115921_326,4,8,8,-34.8,7.748304652608809,0.16459274291992188,0.046628475189208984
20250722_115921_539,4,8,8,-34.8,7.748304652608809,0.15853476524353027,0.046318769454956055
20250722_115921_745,4,8,8,-34.8,7.748304652608809,0.15797853469848633,0.04708385467529297
20250722_115921_951,4,8,8,-34.8,7.748304652608809,0.16228866577148438,0.04682040214538574
20250722_115922_161,4,8,8,-34.8,7.748304652608809,0.16272950172424316,0.04711604118347168
20250722_115922_372,4,8,8,-34.8,7.748304652608809,0.1637716293334961,0.04619789123535156
20250722_115922_583,4,8,8,-34.8,7.748304652608809,0.15849614143371582,0.04699540138244629
20250722_115922_790,4,8,8,-34.8,7.748304652608809,0.17344379425048828,0.037149667739868164
20250722_115923_002,4,8,8,-34.8,7.748304652608809,0.1579139232635498,0.03756999969482422
20250722_115923_199,4,8,8,-34.8,7.748304652608809,0.15001440048217773,0.03556704521179199
20250722_115923_386,5,8,8,-34.8,8.046075576429985,0.14632844924926758,0.03584003448486328
20250722_115923_569,5,8,8,-34.8,8.046075576429985,0.13765645027160645,0.03626680374145508
20250722_115923_744,5,7,7,-36.3,8.947842335497683,0.16253399848937988,0.035285234451293945
20250722_115923_943,5,7,7,-36.3,8.947842335497683,0.15816545486450195,0.03549623489379883
20250722_115924_138,5,8,8,-34.8,8.046075576429985,0.16349124908447266,0.039864301681518555
20250722_115924_343,5,8,8,-34.8,8.046075576429985,0.15686678886413574,0.04615163803100586
20250722_115924_547,5,8,8,-34.8,8.046075576429985,0.15489792823791504,0.04732370376586914
20250722_115924_750,5,8,8,-34.8,8.046075576429985,0.16575098037719727,0.047693490982055664
20250722_115924_965,5,7,7,-36.3,8.947842335497683,0.16884922981262207,0.04625082015991211
20250722_115925_181,5,8,8,-34.8,8.046075576429985,0.1642606258392334,0.035567522048950195
20250722_115925_382,5,8,8,-34.8,8.046075576429985,0.15600180625915527,0.0384371280670166
20250722_115925_578,5,8,8,-34.8,8.046075576429985,0.15329670906066895,0.0452420711517334
20250722_115925_778,5,8,8,-34.8,8.046075576429985,0.16182446479797363,0.046700477600097656
20250722_115925_987,5,8,8,-34.8,8.046075576429985,0.16533732414245605,0.051659345626831055
20250722_115926_205,5,8,8,-34.8,8.046075576429985,0.17123031616210938,0.046707868576049805
20250722_115926_424,5,8,8,-34.8,8.046075576429985,0.17421698570251465,0.046135902404785156
20250722_115926_646,5,8,8,-34.8,8.046075576429985,0.17149114608764648,0.04682278633117676
20250722_115926_865,5,8,8,-34.8,8.046075576429985,0.16836309432983398,0.04705524444580078
20250722_115927_082,5,8,8,-34.8,8.046075576429985,0.17722463607788086,0.04681658744812012
20250722_115927_307,6,8,8,-34.8,7.369480414015058,0.17106890678405762,0.044275760650634766
20250722_115927_524,6,7,7,-36.3,8.520162868797883,0.16399455070495605,0.04598712921142578
20250722_115927_735,6,7,7,-36.3,8.520162868797883,0.16318345069885254,0.0467381477355957
20250722_115927_946,6,7,7,-36.3,8.520162868797883,0.18456315994262695,0.046804189682006836
20250722_115928_178,6,7,7,-36.3,8.520162868797883,0.15964031219482422,0.047064781188964844
20250722_115928_386,6,7,7,-36.3,8.520162868797883,0.16684675216674805,0.046274423599243164
20250722_115928_600,6,7,7,-36.3,8.520162868797883,0.17349839210510254,0.04678773880004883
20250722_115928_822,6,7,7,-36.3,8.520162868797883,0.1687455177307129,0.04725980758666992
20250722_115929_039,6,7,7,-36.3,8.520162868797883,0.16354608535766602,0.04659628868103027
20250722_115929_250,6,7,7,-36.3,8.520162868797883,0.1689927577972412,0.047196149826049805
20250722_115929_467,6,7,7,-36.3,8.520162868797883,0.16801238059997559,0.04743623733520508
20250722_115929_684,6,7,7,-36.3,8.520162868797883,0.16362428665161133,0.044167518615722656
20250722_115929_893,6,7,7,-36.3,8.520162868797883,0.15912222862243652,0.04160451889038086
20250722_115930_095,6,7,7,-36.3,8.520162868797883,0.1550447940826416,0.04162883758544922
20250722_115930_293,6,7,7,-36.3,8.520162868797883,0.1650254726409912,0.03581809997558594
20250722_115930_495,6,7,7,-36.3,8.520162868797883,0.1598527431488037,0.04089474678039551
20250722_115930_697,6,7,7,-36.3,8.520162868797883,0.16392135620117188,0.04024696350097656
20250722_115930_902,6,7,7,-36.3,8.520162868797883,0.15199637413024902,0.04491257667541504
20250722_115931_100,6,7,7,-36.3,8.520162868797883,0.1655287742614746,0.04670453071594238
20250722_115931_313,7,7,7,-36.3,7.918664632919871,0.16719746589660645,0.036792755126953125
20250722_115931_518,7,7,7,-36.3,7.918664632919871,0.15712213516235352,0.04754781723022461
20250722_115931_724,7,6,6,-37.7,8.12851415609127,0.1617748737335205,0.046994686126708984
20250722_115931_934,7,6,6,-37.7,8.12851415609127,0.1480419635772705,0.046663761138916016
20250722_115932_130,7,6,6,-37.7,8.12851415609127,0.15341973304748535,0.035422325134277344
20250722_115932_320,7,7,7,-36.3,7.918664632919871,0.15978598594665527,0.042952537536621094
20250722_115932_524,7,7,7,-36.3,7.918664632919871,0.15963220596313477,0.039453983306884766
20250722_115932_724,7,7,7,-36.3,7.918664632919871,0.1603865623474121,0.03933310508728027
20250722_115932_925,7,7,7,-36.3,7.918664632919871,0.17250847816467285,0.043567657470703125
20250722_115933_142,7,7,7,-36.3,7.918664632919871,0.16348052024841309,0.047309160232543945
20250722_115933_354,7,7,7,-36.3,7.918664632919871,0.16057634353637695,0.04605221748352051
20250722_115933_562,7,6,6,-37.7,8.12851415609127,0.1630702018737793,0.04651165008544922
20250722_115933_772,7,6,6,-37.7,8.12851415609127,0.1655590534210205,0.04660844802856445
20250722_115933_986,7,6,6,-37.7,8.12851415609127,0.1573498249053955,0.04546785354614258
20250722_115934_190,7,6,6,-37.7,8.12851415609127,0.1592097282409668,0.04648423194885254
20250722_115934_397,7,7,7,-36.3,7.918664632919871,0.16328001022338867,0.046041011810302734
20250722_115934_607,7,7,7,-36.3,7.918664632919871,0.1586160659790039,0.04616498947143555
20250722_115934_813,7,7,7,-36.3,7.918664632919871,0.16420459747314453,0.04721212387084961
20250722_115935_026,7,7,7,-36.3,7.918664632919871,0.1602945327758789,0.04627037048339844
20250722_115935_233,7,7,7,-36.3,7.918664632919871,0.1618819236755371,0.04518580436706543
20250722_115935_441,8,7,7,-36.3,7.169456910110853,0.16126775741577148,0.04613161087036133
20250722_115935_650,8,6,6,-37.7,8.128328966542654,0.16425681114196777,0.04700970649719238
20250722_115935_863,8,6,6,-37.7,8.128328966542654,0.15832948684692383,0.04640793800354004
20250722_115936_068,8,6,6,-37.7,8.128328966542654,0.16401004791259766,0.047061920166015625
20250722_115936_281,8,6,6,-37.7,8.128328966542654,0.15550708770751953,0.04665780067443848
20250722_115936_484,8,6,6,-37.7,8.128328966542654,0.16030430793762207,0.04715394973754883
20250722_115936_693,8,6,6,-37.7,8.128328966542654,0.16237735748291016,0.04635119438171387
20250722_115936_902,8,6,6,-37.7,8.128328966542654,0.16541504859924316,0.04104948043823242
20250722_115937_110,8,6,6,-37.7,8.128328966542654,0.16991400718688965,0.047216176986694336
20250722_115937_328,8,6,6,-37.7,8.128328966542654,0.15694427490234375,0.047712087631225586
20250722_115937_534,8,6,6,-37.7,8.128328966542654,0.16619014739990234,0.04467654228210449
20250722_115937_746,8,6,6,-37.7,8.128328966542654,0.16177654266357422,0.0470430850982666
20250722_115937_956,8,6,6,-37.7,8.128328966542654,0.18938708305358887,0.04543471336364746
20250722_115938_192,8,6,6,-37.7,8.128328966542654,0.1571507453918457,0.0475916862487793
20250722_115938_398,8,6,6,-37.7,8.128328966542654,0.1643824577331543,0.0442657470703125
20250722_115938_608,8,6,6,-37.7,8.128328966542654,0.16048169136047363,0.03665661811828613
20250722_115938_806,8,6,6,-37.7,8.128328966542654,0.1595144271850586,0.04552292823791504
20250722_115939_012,8,6,6,-37.7,8.128328966542654,0.13928651809692383,0.04505658149719238
20250722_115939_198,8,6,6,-37.7,8.128328966542654,0.15095758438110352,0.047307491302490234
20250722_115939_397,9,6,6,-37.7,7.742992167572595,0.1694934368133545,0.04612255096435547
20250722_115939_614,9,6,6,-37.7,7.742992167572595,0.16341829299926758,0.0465092658996582
20250722_115939_825,9,5,5,-39.2,7.742993860872389,0.16219425201416016,0.05654263496398926
20250722_115940_045,9,5,5,-39.2,7.742993860872389,0.15539813041687012,0.04967546463012695
20250722_115940_251,9,5,5,-39.2,7.742993860872389,0.16124820709228516,0.047009944915771484
20250722_115940_461,9,5,5,-39.2,7.742993860872389,0.1612849235534668,0.047077178955078125
20250722_115940_670,9,5,5,-39.2,7.742993860872389,0.1606605052947998,0.046904802322387695
20250722_115940_879,9,5,5,-39.2,7.742993860872389,0.16642451286315918,0.04740262031555176
20250722_115941_094,9,6,6,-37.7,7.742992167572595,0.16225695610046387,0.04223823547363281
20250722_115941_299,9,5,5,-39.2,7.742993860872389,0.16906213760375977,0.04658102989196777
20250722_115941_516,9,6,6,-37.7,7.742992167572595,0.16329455375671387,0.035593271255493164
20250722_115941_716,9,6,6,-37.7,7.742992167572595,0.1587510108947754,0.047367095947265625
20250722_115941_923,9,6,6,-37.7,7.742992167572595,0.1621227264404297,0.04607892036437988
20250722_115942_133,9,6,6,-37.7,7.742992167572595,0.157975435256958,0.038680315017700195
20250722_115942_331,9,6,6,-37.7,7.742992167572595,0.1670088768005371,0.04576897621154785
20250722_115942_545,9,6,6,-37.7,7.742992167572595,0.156569242477417,0.04700946807861328
20250722_115942_749,9,6,6,-37.7,7.742992167572595,0.15884160995483398,0.04781675338745117
20250722_115942_957,9,6,6,-37.7,7.742992167572595,0.18555235862731934,0.04814577102661133
20250722_115943_192,9,6,6,-37.7,7.742992167572595,0.15826845169067383,0.04504704475402832
20250722_115943_396,10,6,6,-37.7,,0.16064953804016113,0.03736615180969238
20250722_115943_596,10,5,5,-39.2,,0.1592574119567871,0.045688629150390625
20250722_115943_802,10,5,5,-39.2,,0.1708226203918457,0.04627847671508789
20250722_115944_020,10,5,5,-39.2,,0.16759586334228516,0.038117170333862305
20250722_115944_227,10,5,5,-39.2,,0.15938377380371094,0.04585433006286621
20250722_115944_434,10,5,5,-39.2,,0.16425585746765137,0.03757143020629883
20250722_115944_637,10,5,5,-39.2,,0.1482553482055664,0.035538434982299805
20250722_115944_822,10,5,5,-39.2,,0.16331052780151367,0.03513383865356445
20250722_115945_021,10,5,5,-39.2,,0.1575934886932373,0.036078691482543945
20250722_115945_216,10,5,5,-39.2,,0.14934706687927246,0.04348492622375488
20250722_115945_411,10,5,5,-39.2,,0.16144943237304688,0.04462170600891113
20250722_115945_618,10,5,5,-39.2,,0.15844964981079102,0.0468297004699707
20250722_115945_824,10,5,5,-39.2,,0.16041278839111328,0.04734325408935547
20250722_115946_033,10,5,5,-39.2,,0.16113710403442383,0.04334259033203125
20250722_115946_239,10,5,5,-39.2,,0.15578174591064453,0.045160531997680664
20250722_115946_441,10,5,5,-39.2,,0.16426873207092285,0.04199862480163574
20250722_115946_648,10,5,5,-39.2,,0.16100597381591797,0.04641127586364746
20250722_115946_857,10,5,5,-39.2,,0.16155624389648438,0.04564714431762695
20250722_115947_065,10,5,5,-39.2,,0.16376638412475586,0.04681563377380371
20250722_115947_277,11,5,5,-39.2,,0.16407418251037598,0.04673480987548828
20250722_115947_489,11,5,5,-39.2,,0.15765929222106934,0.04598522186279297
20250722_115947_694,11,4,4,-40.6,,0.15833568572998047,0.04816150665283203
20250722_115947_902,11,4,4,-40.6,,0.15984296798706055,0.04329705238342285
20250722_115948_106,11,4,4,-40.6,,0.18516182899475098,0.046835899353027344
20250722_115948_339,11,4,4,-40.6,,0.16054058074951172,0.036820411682128906
20250722_115948_538,11,4,4,-40.6,,0.16288137435913086,0.04407620429992676
20250722_115948_746,11,4,4,-40.6,,0.15987086296081543,0.04433274269104004
20250722_115948_952,11,4,4,-40.6,,0.16952872276306152,0.04414772987365723
20250722_115949_166,11,5,5,-39.2,,0.16453862190246582,0.045716285705566406
20250722_115949_378,11,5,5,-39.2,,0.1654367446899414,0.036633968353271484
20250722_115949_581,11,5,5,-39.2,,0.15369129180908203,0.035979509353637695
20250722_115949_772,11,5,5,-39.2,,0.16260385513305664,0.04727602005004883
20250722_115949_983,11,5,5,-39.2,,0.16004133224487305,0.03561711311340332
20250722_115950_180,11,5,5,-39.2,,0.15749669075012207,0.04694557189941406
20250722_115950_386,11,5,5,-39.2,,0.16275572776794434,0.04608964920043945
20250722_115950_596,11,5,5,-39.2,,0.15098786354064941,0.043297529220581055
20250722_115950_792,11,5,5,-39.2,,0.1638960838317871,0.03647947311401367
20250722_115950_993,11,5,5,-39.2,,0.1624748706817627,0.04682350158691406
20250722_115951_204,11,5,5,-39.2,,0.16071319580078125,0.03558611869812012
20250722_115951_401,12,4,4,-40.6,,0.16102957725524902,0.04647660255432129
20250722_115951_610,12,4,4,-40.6,,0.15433526039123535,0.04621291160583496
20250722_115951_812,12,4,4,-40.6,,0.1548926830291748,0.04627394676208496
20250722_115952_014,12,4,4,-40.6,,0.1525270938873291,0.04564356803894043
20250722_115952_213,12,4,4,-40.6,,0.16439437866210938,0.04509329795837402
20250722_115952_424,12,4,4,-40.6,,0.16995596885681152,0.035378456115722656
20250722_115952_631,12,4,4,-40.6,,0.1573784351348877,0.04710698127746582
20250722_115952_836,12,4,4,-40.6,,0.16630983352661133,0.03856348991394043
20250722_115953_043,12,4,4,-40.6,,0.15903425216674805,0.03858780860900879
20250722_115953_242,12,4,4,-40.6,,0.16255903244018555,0.03555941581726074
20250722_115953_441,12,4,4,-40.6,,0.16871929168701172,0.036715030670166016
20250722_115953_648,12,4,4,-40.6,,0.16048216819763184,0.03693890571594238
20250722_115953_847,12,4,4,-40.6,,0.16338777542114258,0.03931236267089844
20250722_115954_051,12,4,4,-40.6,,0.13712477684020996,0.0363924503326416
20250722_115954_226,12,4,4,-40.6,,0.16690325736999512,0.03622937202453613
20250722_115954_431,12,4,4,-40.6,,0.15889406204223633,0.04718422889709473
20250722_115954_638,12,4,4,-40.6,,0.15665173530578613,0.035353660583496094
20250722_115954_831,12,4,4,-40.6,,0.15673542022705078,0.03816533088684082
20250722_115955_027,12,4,4,-40.6,,0.1538257598876953,0.0356600284576416
20250722_115955_218,12,4,4,-40.6,,0.14651703834533691,0.03609108924865723
20250722_115955_402,13,4,4,-40.6,,0.1555957794189453,0.034978389739990234
20250722_115955_594,13,4,4,-40.6,,0.15985727310180664,0.03522443771362305
20250722_115955_790,13,4,4,-40.6,,0.15755200386047363,0.0377042293548584
20250722_115955_986,13,4,4,-40.6,,0.14845752716064453,0.04724717140197754
20250722_115956_183,13,4,4,-40.6,,0.152571439743042,0.045725345611572266
20250722_115956_383,13,4,4,-40.6,,0.15795254707336426,0.044927358627319336
20250722_115956_587,13,4,4,-40.6,,0.16398954391479492,0.04333353042602539
20250722_115956_795,13,4,4,-40.6,,0.15515589714050293,0.04765725135803223
20250722_115956_999,13,4,4,-40.6,,0.15511274337768555,0.04313945770263672
20250722_115957_199,13,4,4,-40.6,,0.15986347198486328,0.046296119689941406
20250722_115957_406,13,4,4,-40.6,,0.1680314540863037,0.04443049430847168
20250722_115957_620,13,4,4,-40.6,,0.17020845413208008,0.047112464904785156
20250722_115957_838,13,4,4,-40.6,,0.17094898223876953,0.0447690486907959
20250722_115958_055,13,4,4,-40.6,,0.18975377082824707,0.04465770721435547
20250722_115958_291,13,4,4,-40.6,,0.1648392677307129,0.04681730270385742
20250722_115958_504,13,4,4,-40.6,,0.16655564308166504,0.04870009422302246
20250722_115958_720,13,4,4,-40.6,,0.1656796932220459,0.046890974044799805
20250722_115958_934,13,4,4,-40.6,,0.16116905212402344,0.04602837562561035
20250722_115959_142,13,4,4,-40.6,,0.16120028495788574,0.04666781425476074
20250722_115959_351,14,4,4,-40.6,,0.16382145881652832,0.04654645919799805
20250722_115959_563,14,3,3,-42.1,,0.15781450271606445,0.048220157623291016
20250722_115959_770,14,3,3,-42.1,,0.15577435493469238,0.0451052188873291
20250722_115959_972,14,3,3,-42.1,,0.1676318645477295,0.04568028450012207
20250722_120000_186,14,3,3,-42.1,,0.16688942909240723,0.04522871971130371
20250722_120000_400,14,3,3,-42.1,,0.17027688026428223,0.04685544967651367
20250722_120000_618,14,3,3,-42.1,,0.1500873565673828,0.0467221736907959
20250722_120000_816,14,3,3,-42.1,,0.16519713401794434,0.046814680099487305
20250722_120001_029,14,3,3,-42.1,,0.15943336486816406,0.04416966438293457
20250722_120001_234,14,3,3,-42.1,,0.16392183303833008,0.04676556587219238
20250722_120001_446,14,3,3,-42.1,,0.17249464988708496,0.046646833419799805
20250722_120001_666,14,3,3,-42.1,,0.1680150032043457,0.04715275764465332
20250722_120001_882,14,3,3,-42.1,,0.1567378044128418,0.04614424705505371
20250722_120002_086,14,3,3,-42.1,,0.1569058895111084,0.04575824737548828
20250722_120002_290,14,3,3,-42.1,,0.16847586631774902,0.04671120643615723
20250722_120002_507,14,3,3,-42.1,,0.1780846118927002,0.04683876037597656
20250722_120002_733,14,3,3,-42.1,,0.16277050971984863,0.046474456787109375
20250722_120002_943,14,3,3,-42.1,,0.16151046752929688,0.046022891998291016
20250722_120003_152,14,3,3,-42.1,,0.18842840194702148,0.043443918228149414
20250722_120003_385,15,3,3,-42.1,,0.1555016040802002,0.03991293907165527
20250722_120003_582,15,3,3,-42.1,,0.16294240951538086,0.044954776763916016
20250722_120003_791,15,3,3,-42.1,,0.15801239013671875,0.04512977600097656
20250722_120003_995,15,3,3,-42.1,,0.1627638339996338,0.047881364822387695
20250722_120004_207,15,3,3,-42.1,,0.16207122802734375,0.0430293083190918
20250722_120004_413,15,3,3,-42.1,,0.17023348808288574,0.03508734703063965
20250722_120004_620,15,3,3,-42.1,,0.15447092056274414,0.03565216064453125
20250722_120004_811,15,3,3,-42.1,,0.1544349193572998,0.03551340103149414
20250722_120005_002,15,3,3,-42.1,,0.15042781829833984,0.03497457504272461
20250722_120005_189,15,3,3,-42.1,,0.1589341163635254,0.037088632583618164
20250722_120005_386,15,3,3,-42.1,,0.16475367546081543,0.03547215461730957
20250722_120005_587,15,3,3,-42.1,,0.1626129150390625,0.03924202919006348
20250722_120005_790,15,3,3,-42.1,,0.16358184814453125,0.047063589096069336
20250722_120006_002,15,3,3,-42.1,,0.16411423683166504,0.04616689682006836
20250722_120006_214,15,3,3,-42.1,,0.162672758102417,0.04596710205078125
20250722_120006_423,15,3,3,-42.1,,0.16197586059570312,0.04697418212890625
20250722_120006_634,15,3,3,-42.1,,0.16251444816589355,0.04088997840881348
20250722_120006_838,15,3,3,-42.1,,0.1564772129058838,0.03531241416931152
20250722_120007_031,15,3,3,-42.1,,0.1545271873474121,0.03543877601623535
20250722_120007_223,16,3,3,-42.1,,0.15653634071350098,0.04545950889587402
20250722_120007_426,16,3,3,-42.1,,0.16307544708251953,0.046395301818847656
20250722_120007_636,16,2,2,-43.5,,0.16404509544372559,0.047318220138549805
20250722_120007_849,16,2,2,-43.5,,0.15923833847045898,0.047667503356933594
20250722_120008_057,16,2,2,-43.5,,0.15731263160705566,0.046352386474609375
20250722_120008_262,16,2,2,-43.5,,0.15304040908813477,0.04537677764892578
20250722_120008_462,16,2,2,-43.5,,0.16640472412109375,0.044368743896484375
20250722_120008_674,16,2,2,-43.5,,0.1624755859375,0.04679560661315918
20250722_120008_884,16,2,2,-43.5,,0.16665887832641602,0.046903371810913086
20250722_120009_099,16,2,2,-43.5,,0.14065051078796387,0.04621315002441406
20250722_120009_287,16,2,2,-43.5,,0.1647195816040039,0.047150373458862305
20250722_120009_500,16,2,2,-43.5,,0.16380977630615234,0.04643654823303223
20250722_120009_711,16,2,2,-43.5,,0.1602928638458252,0.04711270332336426
20250722_120009_920,16,2,2,-43.5,,0.16708850860595703,0.047403812408447266
20250722_120010_136,16,2,2,-43.5,,0.16977286338806152,0.046834468841552734
20250722_120010_353,16,2,2,-43.5,,0.15763449668884277,0.04322934150695801
20250722_120010_556,16,2,2,-43.5,,0.1577739715576172,0.04622817039489746
20250722_120010_761,16,2,2,-43.5,,0.1614532470703125,0.04662156105041504
20250722_120010_970,16,2,2,-43.5,,0.15991926193237305,0.04669523239135742
20250722_120011_178,16,2,2,-43.5,,0.15569519996643066,0.04683566093444824
20250722_120011_382,17,2,2,-43.5,,0.15970969200134277,0.046393632888793945
20250722_120011_589,17,2,2,-43.5,,0.16091609001159668,0.046280860900878906
20250722_120011_797,17,2,2,-43.5,,0.16234636306762695,0.04715108871459961
20250722_120012_008,17,2,2,-43.5,,0.16472673416137695,0.04697251319885254
20250722_120012_221,17,2,2,-43.5,,0.16305112838745117,0.04613137245178223
20250722_120012_431,17,2,2,-43.5,,0.16206622123718262,0.047110795974731445
20250722_120012_642,17,2,2,-43.5,,0.16535329818725586,0.04668593406677246
20250722_120012_855,17,2,2,-43.5,,0.15775775909423828,0.0452275276184082
20250722_120013_059,17,2,2,-43.5,,0.16336965560913086,0.044907569885253906
20250722_120013_269,17,2,2,-43.5,,0.15893077850341797,0.039940834045410156
20250722_120013_469,17,2,2,-43.5,,0.1587388515472412,0.03819394111633301
20250722_120013_667,17,2,2,-43.5,,0.16354870796203613,0.03702211380004883
20250722_120013_869,17,2,2,-43.5,,0.14808249473571777,0.04147171974182129
20250722_120014_059,17,2,2,-43.5,,0.15706539154052734,0.04483222961425781
20250722_120014_263,17,2,2,-43.5,,0.1562061309814453,0.046143293380737305
20250722_120014_466,17,2,2,-43.5,,0.16965937614440918,0.04623675346374512
20250722_120014_683,17,2,2,-43.5,,0.14695096015930176,0.04546952247619629
20250722_120014_877,17,2,2,-43.5,,0.16508936882019043,0.0468745231628418
20250722_120015_090,17,2,2,-43.5,,0.15405917167663574,0.04711270332336426
20250722_120015_292,18,2,2,-43.5,,0.1625971794128418,0.04436016082763672
20250722_120015_501,18,2,2,-43.5,,0.16242170333862305,0.04514813423156738
20250722_120015_709,18,1,1,-45.0,,0.16590237617492676,0.04609370231628418
20250722_120015_922,18,1,1,-45.0,,0.1548926830291748,0.04694700241088867
20250722_120016_125,18,1,1,-45.0,,0.15549778938293457,0.04491591453552246
20250722_120016_327,18,1,1,-45.0,,0.1573195457458496,0.048806190490722656
20250722_120016_535,18,1,1,-45.0,,0.16442656517028809,0.0536959171295166
20250722_120016_754,18,1,1,-45.0,,0.16548943519592285,0.046277523040771484
20250722_120016_967,18,1,1,-45.0,,0.16702580451965332,0.046810150146484375
20250722_120017_182,18,1,1,-45.0,,0.15834999084472656,0.046987056732177734
20250722_120017_388,18,1,1,-45.0,,0.1600477695465088,0.04671216011047363
20250722_120017_596,18,1,1,-45.0,,0.15610027313232422,0.04386711120605469
20250722_120017_798,18,1,1,-45.0,,0.17369389533996582,0.0457761287689209
20250722_120018_018,18,1,1,-45.0,,0.16031432151794434,0.04562258720397949
20250722_120018_225,18,1,1,-45.0,,0.15547442436218262,0.04536724090576172
20250722_120018_427,18,1,1,-45.0,,0.1646716594696045,0.04633927345275879
20250722_120018_640,18,1,1,-45.0,,0.16461682319641113,0.04514360427856445
20250722_120018_850,18,1,1,-45.0,,0.15514278411865234,0.036069631576538086
20250722_120019_043,18,1,1,-45.0,,0.1683518886566162,0.04430055618286133
20250722_120019_257,19,1,1,-45.0,,0.16013360023498535,0.035238027572631836
20250722_120019_453,19,1,1,-45.0,,0.15272068977355957,0.035066843032836914
20250722_120019_642,19,1,1,-45.0,,0.15804433822631836,0.04078960418701172
20250722_120019_842,19,1,1,-45.0,,0.15443992614746094,0.039903879165649414
20250722_120020_038,19,1,1,-45.0,,0.1583702564239502,0.0426335334777832
20250722_120020_240,19,1,1,-45.0,,0.15526509284973145,0.04188728332519531
20250722_120020_438,19,1,1,-45.0,,0.16477632522583008,0.0410919189453125
20250722_120020_645,19,1,1,-45.0,,0.16045594215393066,0.04552936553955078
20250722_120020_853,19,1,1,-45.0,,0.1612412929534912,0.04630851745605469
20250722_120021_061,19,1,1,-45.0,,0.15670275688171387,0.04681730270385742
20250722_120021_266,19,1,1,-45.0,,0.14804434776306152,0.03936886787414551
20250722_120021_455,19,1,1,-45.0,,0.15253663063049316,0.04593324661254883
20250722_120021_654,19,1,1,-45.0,,0.16644859313964844,0.04689383506774902
20250722_120021_869,19,1,1,-45.0,,0.15777945518493652,0.046239376068115234
20250722_120022_074,19,1,1,-45.0,,0.1648869514465332,0.046666622161865234
20250722_120022_287,19,1,1,-45.0,,0.16169023513793945,0.04774975776672363
20250722_120022_497,19,1,1,-45.0,,0.16770410537719727,0.04706287384033203
20250722_120022_713,19,1,1,-45.0,,0.1614551544189453,0.046706438064575195
20250722_120022_922,19,1,1,-45.0,,0.16265487670898438,0.04235577583312988
20250722_120023_129,19,1,1,-45.0,,0.16202735900878906,0.046317100524902344
20250722_120023_338,20,1,1,-45.0,,0.1479172706604004,0.04653763771057129
20250722_120023_534,20,1,1,-45.0,,0.15878033638000488,0.04697990417480469
20250722_120023_741,20,1,1,-45.0,,0.1580517292022705,0.04739952087402344
20250722_120023_948,20,1,1,-45.0,,0.1562645435333252,0.046164751052856445
20250722_120024_151,20,1,1,-45.0,,0.15552377700805664,0.04652762413024902
20250722_120024_354,20,1,1,-45.0,,0.15490937232971191,0.04667401313781738
20250722_120024_557,20,1,1,-45.0,,0.16067099571228027,0.04700779914855957
20250722_120024_766,20,1,1,-45.0,,0.15233659744262695,0.04859209060668945
20250722_120024_968,20,1,1,-45.0,,0.1504378318786621,0.04690861701965332
20250722_120025_167,20,1,1,-45.0,,0.16018891334533691,0.046620845794677734
20250722_120025_375,20,1,1,-45.0,,0.1542370319366455,0.046297311782836914
20250722_120025_577,20,1,1,-45.0,,0.1553187370300293,0.0471186637878418
20250722_120025_780,20,1,1,-45.0,,0.1604912281036377,0.04585886001586914
20250722_120025_988,20,1,1,-45.0,,0.16637611389160156,0.046180009841918945
20250722_120026_202,20,1,1,-45.0,,0.1693720817565918,0.04744243621826172
20250722_120026_420,20,1,1,-45.0,,0.1711444854736328,0.04726529121398926
20250722_120026_639,20,1,1,-45.0,,0.17107605934143066,0.04655957221984863
20250722_120026_858,20,1,1,-45.0,,0.16581964492797852,0.04418611526489258
20250722_120027_069,20,1,1,-45.0,,0.1652383804321289,0.046103715896606445
20250722_120027_282,21,1,1,-45.0,7.367526305614078,0.17487144470214844,0.04405093193054199
20250722_120027_502,21,1,1,-45.0,7.367526305614078,0.1668710708618164,0.04637765884399414
20250722_120027_716,21,1,1,-45.0,7.367526305614078,0.17175984382629395,0.0461275577545166
20250722_120027_935,21,1,1,-45.0,7.367526305614078,0.1684262752532959,0.04555153846740723
20250722_120028_150,21,1,1,-45.0,7.367526305614078,0.15244841575622559,0.04581594467163086
20250722_120028_349,21,1,1,-45.0,7.367526305614078,0.15990376472473145,0.0460970401763916
20250722_120028_557,21,1,1,-45.0,7.367526305614078,0.1573934555053711,0.0471034049987793
20250722_120028_762,21,1,1,-45.0,7.367526305614078,0.15589666366577148,0.046857595443725586
20250722_120028_966,21,1,1,-45.0,7.367526305614078,0.16602468490600586,0.04616427421569824
20250722_120029_179,21,1,1,-45.0,7.367526305614078,0.16159510612487793,0.04578447341918945
20250722_120029_388,21,1,1,-45.0,7.367526305614078,0.16336488723754883,0.04716348648071289
20250722_120029_599,21,1,1,-45.0,7.367526305614078,0.16076087951660156,0.04491734504699707
20250722_120029_806,21,1,1,-45.0,7.367526305614078,0.15913844108581543,0.046622514724731445
20250722_120030_013,21,1,1,-45.0,7.367526305614078,0.15667724609375,0.046471595764160156
20250722_120030_217,21,1,1,-45.0,7.367526305614078,0.1637263298034668,0.04564023017883301
20250722_120030_428,21,1,1,-45.0,7.367526305614078,0.16522479057312012,0.046430110931396484
20250722_120030_640,21,1,1,-45.0,7.367526305614078,0.16374731063842773,0.047007083892822266
20250722_120030_852,21,1,1,-45.0,7.367526305614078,0.17045927047729492,0.04718446731567383
20250722_120031_071,21,1,1,-45.0,7.367526305614078,0.16533303260803223,0.046080589294433594
20250722_120031_284,22,1,1,-45.0,7.011632554135204,0.16622471809387207,0.04392695426940918
20250722_120031_495,22,1,1,-45.0,7.011632554135204,0.1623220443725586,0.046289920806884766
20250722_120031_705,22,1,1,-45.0,7.011632554135204,0.16204047203063965,0.04560685157775879
20250722_120031_913,22,1,1,-45.0,7.011632554135204,0.16323423385620117,0.04623913764953613
20250722_120032_124,22,1,1,-45.0,7.011632554135204,0.1585237979888916,0.0464320182800293
20250722_120032_330,22,1,1,-45.0,7.011632554135204,0.1595921516418457,0.04698681831359863
20250722_120032_538,22,1,1,-45.0,7.011632554135204,0.15857386589050293,0.046109914779663086
20250722_120032_743,22,1,1,-45.0,7.011632554135204,0.15993237495422363,0.04155564308166504
20250722_120032_946,22,1,1,-45.0,7.011632554135204,0.15980148315429688,0.0464479923248291
20250722_120033_153,22,1,1,-45.0,7.011632554135204,0.1896653175354004,0.046889305114746094
20250722_120033_391,22,1,1,-45.0,7.011632554135204,0.16332459449768066,0.04719424247741699
20250722_120033_603,22,1,1,-45.0,7.011632554135204,0.15651249885559082,0.04752826690673828
20250722_120033_808,22,1,1,-45.0,7.011632554135204,0.16024136543273926,0.04480719566345215
20250722_120034_014,22,1,1,-45.0,7.011632554135204,0.168229341506958,0.04587197303771973
20250722_120034_229,22,1,1,-45.0,7.011632554135204,0.1600322723388672,0.036725521087646484
20250722_120034_427,22,1,1,-45.0,7.011632554135204,0.16007304191589355,0.04677462577819824
20250722_120034_635,22,1,1,-45.0,7.011632554135204,0.14622092247009277,0.04333996772766113
20250722_120034_826,22,1,1,-45.0,7.011632554135204,0.1623821258544922,0.03631711006164551
20250722_120035_025,22,1,1,-45.0,7.011632554135204,0.15656542778015137,0.046919822692871094
20250722_120035_230,23,1,1,-45.0,7.011632554135204,0.1592421531677246,0.04664444923400879
20250722_120035_437,23,1,1,-45.0,6.904113980926425,0.1596994400024414,0.0462343692779541
20250722_120035_644,23,1,1,-45.0,6.904113980926425,0.15848779678344727,0.046129703521728516
20250722_120035_850,23,1,1,-45.0,6.904113980926425,0.15472698211669922,0.0464174747467041
20250722_120036_052,23,1,1,-45.0,6.904113980926425,0.15797090530395508,0.04646015167236328
20250722_120036_258,23,1,1,-45.0,6.904113980926425,0.16011333465576172,0.04614758491516113
20250722_120036_465,23,1,1,-45.0,6.904113980926425,0.16869115829467773,0.046915531158447266
20250722_120036_682,23,1,1,-45.0,6.904113980926425,0.16229796409606934,0.047173261642456055
20250722_120036_892,23,1,1,-45.0,6.904113980926425,0.1620345115661621,0.04722881317138672
20250722_120037_103,23,1,1,-45.0,6.904113980926425,0.16019368171691895,0.044895172119140625
20250722_120037_309,23,1,1,-45.0,6.904113980926425,0.15881586074829102,0.04736065864562988
20250722_120037_516,23,1,1,-45.0,6.904113980926425,0.15939950942993164,0.04582977294921875
20250722_120037_723,23,1,1,-45.0,6.904113980926425,0.1629045009613037,0.04705476760864258
20250722_120037_934,23,1,1,-45.0,6.904113980926425,0.15744638442993164,0.04493260383605957
20250722_120038_137,23,1,1,-45.0,6.904113980926425,0.1539936065673828,0.04596829414367676
20250722_120038_338,23,1,1,-45.0,6.904113980926425,0.16245198249816895,0.04702305793762207
20250722_120038_549,23,1,1,-45.0,6.904113980926425,0.15835165977478027,0.05229544639587402
20250722_120038_761,23,1,1,-45.0,6.904113980926425,0.16299915313720703,0.04666876792907715
20250722_120038_972,23,1,1,-45.0,6.904113980926425,0.1571037769317627,0.0451359748840332
20250722_120039_175,23,1,1,-45.0,6.904113980926425,0.15901970863342285,0.04663562774658203
20250722_120039_382,24,1,1,-45.0,6.565365113933552,0.17331171035766602,0.047806739807128906
20250722_120039_604,24,1,1,-45.0,6.565365113933552,0.1545121669769287,0.04653143882751465
20250722_120039_806,24,1,1,-45.0,6.565365113933552,0.15305352210998535,0.04580426216125488
20250722_120040_006,24,1,1,-45.0,6.565365113933552,0.1574687957763672,0.04707741737365723
20250722_120040_212,24,1,1,-45.0,6.565365113933552,0.1571047306060791,0.046729326248168945
20250722_120040_417,24,1,1,-45.0,6.565365113933552,0.16410160064697266,0.04634881019592285
20250722_120040_628,24,1,1,-45.0,6.565365113933552,0.1578512191772461,0.04679369926452637
20250722_120040_834,24,1,1,-45.0,6.565365113933552,0.1502540111541748,0.04543876647949219
20250722_120041_031,24,1,1,-45.0,6.565365113933552,0.164398193359375,0.046591997146606445
20250722_120041_243,24,1,1,-45.0,6.565365113933552,0.16636133193969727,0.04656720161437988
20250722_120041_457,24,1,1,-45.0,6.565365113933552,0.1592879295349121,0.047150611877441406
20250722_120041_665,24,1,1,-45.0,6.565365113933552,0.16254806518554688,0.045623779296875
20250722_120041_874,24,1,1,-45.0,6.565365113933552,0.12996935844421387,0.0468447208404541
20250722_120042_052,24,1,1,-45.0,6.565365113933552,0.16725683212280273,0.047455549240112305
20250722_120042_268,24,1,1,-45.0,6.565365113933552,0.16306281089782715,0.04696202278137207
20250722_120042_479,24,1,1,-45.0,6.565365113933552,0.1577463150024414,0.046686649322509766
20250722_120042_684,24,1,1,-45.0,6.565365113933552,0.1604905128479004,0.04668164253234863
20250722_120042_893,24,1,1,-45.0,6.565365113933552,0.1555788516998291,0.037007808685302734
20250722_120043_086,24,1,1,-45.0,6.565365113933552,0.1524496078491211,0.04550933837890625
20250722_120043_285,25,1,1,-45.0,6.446141390083241,0.14905858039855957,0.04352879524230957
20250722_120043_479,25,1,1,-45.0,6.446141390083241,0.1572265625,0.046504974365234375
20250722_120043_684,25,1,1,-45.0,6.446141390083241,0.15017175674438477,0.0462648868560791
20250722_120043_881,25,1,1,-45.0,6.446141390083241,0.1554722785949707,0.04725003242492676
20250722_120044_085,25,1,1,-45.0,6.446141390083241,0.16030454635620117,0.046089887619018555
20250722_120044_293,25,1,1,-45.0,6.446141390083241,0.15924978256225586,0.04671478271484375
20250722_120044_500,25,1,1,-45.0,6.446141390083241,0.16412591934204102,0.04539346694946289
20250722_120044_710,25,1,1,-45.0,6.446141390083241,0.15761780738830566,0.04642796516418457
20250722_120044_916,25,1,1,-45.0,6.446141390083241,0.15799665451049805,0.03904008865356445
20250722_120045_114,25,1,1,-45.0,6.446141390083241,0.15566468238830566,0.046692848205566406
20250722_120045_317,25,1,1,-45.0,6.446141390083241,0.15382885932922363,0.04674124717712402
20250722_120045_519,25,1,1,-45.0,6.446141390083241,0.15533089637756348,0.04672837257385254
20250722_120045_722,25,1,1,-45.0,6.446141390083241,0.1612107753753662,0.046446800231933594
20250722_120045_931,25,1,1,-45.0,6.446141390083241,0.1499314308166504,0.04743218421936035
20250722_120046_129,25,1,1,-45.0,6.446141390083241,0.15943360328674316,0.047553300857543945
20250722_120046_337,25,1,1,-45.0,6.446141390083241,0.16007208824157715,0.04781699180603027
20250722_120046_546,25,1,1,-45.0,6.446141390083241,0.15990996360778809,0.04767775535583496
20250722_120046_755,25,1,1,-45.0,6.446141390083241,0.1625511646270752,0.04761219024658203
20250722_120046_966,25,1,1,-45.0,6.446141390083241,0.1641252040863037,0.04714393615722656
20250722_120047_179,25,1,1,-45.0,6.446141390083241,0.15301775932312012,0.04681682586669922
20250722_120047_380,26,1,1,-45.0,6.505950446209766,0.15720319747924805,0.0468287467956543
20250722_120047_585,26,NO_RADIO,1,-45.0,6.505950446209766,0.13237452507019043,0.0465998649597168
20250722_120047_765,26,NO_RADIO,1,-45.0,6.505950446209766,0.13403749465942383,0.043485403060913086
20250722_120047_944,26,NO_RADIO,1,-45.0,6.505950446209766,0.14067435264587402,0.04513716697692871
20250722_120048_131,26,NO_RADIO,1,-45.0,6.505950446209766,0.14309024810791016,0.04690909385681152
20250722_120048_322,26,NO_RADIO,1,-45.0,6.505950446209766,0.13734912872314453,0.04677462577819824
20250722_120048_507,26,NO_RADIO,1,-45.0,6.505950446209766,0.13139629364013672,0.04617810249328613
20250722_120048_686,26,NO_RADIO,1,-45.0,6.505950446209766,0.13608241081237793,0.0469815731048584
20250722_120048_870,26,NO_RADIO,1,-45.0,6.505950446209766,0.1316232681274414,0.04489326477050781
20250722_120049_048,26,NO_RADIO,1,-45.0,6.505950446209766,0.13788080215454102,0.046063899993896484
20250722_120049_233,26,NO_RADIO,1,-45.0,6.505950446209766,0.13799667358398438,0.0476381778717041
20250722_120049_419,26,NO_RADIO,1,-45.0,6.505950446209766,0.13668084144592285,0.04607510566711426
20250722_120049_603,26,NO_RADIO,1,-45.0,6.505950446209766,0.13074564933776855,0.04660677909851074
20250722_120049_782,26,NO_RADIO,1,-45.0,6.505950446209766,0.12906646728515625,0.04632258415222168
20250722_120049_958,26,NO_RADIO,1,-45.0,6.505950446209766,0.1297473907470703,0.04597353935241699
20250722_120050_135,26,NO_RADIO,1,-45.0,6.505950446209766,0.12275195121765137,0.04750251770019531
20250722_120050_306,26,NO_RADIO,1,-45.0,6.505950446209766,0.14057493209838867,0.04501748085021973
20250722_120050_493,26,NO_RADIO,1,-45.0,6.505950446209766,0.14973092079162598,0.045700788497924805
20250722_120050_690,26,NO_RADIO,1,-45.0,6.505950446209766,0.13351702690124512,0.04600095748901367
20250722_120050_870,26,NO_RADIO,1,-45.0,6.505950446209766,0.13539695739746094,0.04622364044189453
20250722_120051_053,26,NO_RADIO,1,-45.0,6.505950446209766,0.13488531112670898,0.045206546783447266
20250722_120051_234,27,NO_RADIO,1,-45.0,6.505950446209766,0.13915538787841797,0.04647088050842285
20250722_120051_421,27,NO_RADIO,1,-45.0,7.366500265754794,0.13901138305664062,0.046212196350097656
20250722_120051_607,27,NO_RADIO,1,-45.0,7.366500265754794,0.13429546356201172,0.04504847526550293
20250722_120051_788,27,NO_RADIO,1,-45.0,7.366500265754794,0.12984633445739746,0.04543161392211914
20250722_120051_964,27,NO_RADIO,1,-45.0,7.366500265754794,0.13469791412353516,0.04469442367553711
20250722_120052_145,27,NO_RADIO,1,-45.0,7.366500265754794,0.1357133388519287,0.045583248138427734
20250722_120052_327,27,NO_RADIO,1,-45.0,7.366500265754794,0.137037992477417,0.04667401313781738
20250722_120052_512,27,NO_RADIO,1,-45.0,7.366500265754794,0.12462949752807617,0.0475010871887207
20250722_120052_685,27,NO_RADIO,1,-45.0,7.366500265754794,0.13051772117614746,0.0468754768371582
20250722_120052_864,27,NO_RADIO,1,-45.0,7.366500265754794,0.12559890747070312,0.04754042625427246
20250722_120053_038,27,NO_RADIO,1,-45.0,7.366500265754794,0.13446640968322754,0.04453325271606445
20250722_120053_218,27,NO_RADIO,1,-45.0,7.366500265754794,0.1359095573425293,0.044629812240600586
20250722_120053_400,27,NO_RADIO,1,-45.0,7.366500265754794,0.13539958000183105,0.047034502029418945
20250722_120053_583,27,NO_RADIO,1,-45.0,7.366500265754794,0.1319255828857422,0.04588651657104492
20250722_120053_762,27,NO_RADIO,1,-45.0,7.366500265754794,0.1365649700164795,0.04525899887084961
20250722_120053_945,27,NO_RADIO,1,-45.0,7.366500265754794,0.14185404777526855,0.03579878807067871
20250722_120054_124,27,NO_RADIO,1,-45.0,7.366500265754794,0.1349642276763916,0.035550594329833984
20250722_120054_295,27,NO_RADIO,1,-45.0,7.366500265754794,0.12774181365966797,0.04623126983642578
20250722_120054_471,27,NO_RADIO,1,-45.0,7.366500265754794,0.13063597679138184,0.03584098815917969
20250722_120054_638,27,NO_RADIO,1,-45.0,7.366500265754794,0.13081574440002441,0.03603506088256836
20250722_120054_806,27,NO_RADIO,1,-45.0,7.366500265754794,0.13359451293945312,0.03496241569519043
20250722_120054_976,27,NO_RADIO,1,-45.0,7.366500265754794,0.12793278694152832,0.03584766387939453
20250722_120055_141,27,NO_RADIO,1,-45.0,7.366500265754794,0.12576675415039062,0.04448747634887695
20250722_120055_312,28,NO_RADIO,1,-45.0,6.564868591147516,0.13458466529846191,0.04316592216491699
20250722_120055_491,28,NO_RADIO,1,-45.0,6.564868591147516,0.13003087043762207,0.04586982727050781
20250722_120055_668,28,NO_RADIO,1,-45.0,6.564868591147516,0.10097551345825195,0.04631781578063965
20250722_120055_816,28,NO_RADIO,1,-45.0,6.564868591147516,0.13147306442260742,0.04332995414733887
20250722_120055_992,28,NO_RADIO,1,-45.0,6.564868591147516,0.14035701751708984,0.047022104263305664
20250722_120056_181,28,NO_RADIO,1,-45.0,6.564868591147516,0.13268041610717773,0.04643559455871582
20250722_120056_361,28,NO_RADIO,1,-45.0,6.564868591147516,0.12300848960876465,0.04679465293884277
20250722_120056_532,28,NO_RADIO,1,-45.0,6.564868591147516,0.13485169410705566,0.04609227180480957
20250722_120056_714,28,NO_RADIO,1,-45.0,6.564868591147516,0.11622476577758789,0.04589533805847168
20250722_120056_877,28,NO_RADIO,1,-45.0,6.564868591147516,0.13942360877990723,0.04570817947387695
20250722_120057_064,28,NO_RADIO,1,-45.0,6.564868591147516,0.1406693458557129,0.04648137092590332
20250722_120057_252,28,NO_RADIO,1,-45.0,6.564868591147516,0.1401824951171875,0.04609036445617676
20250722_120057_439,28,NO_RADIO,1,-45.0,6.564868591147516,0.13432908058166504,0.0466618537902832
20250722_120057_621,28,NO_RADIO,1,-45.0,6.564868591147516,0.12859749794006348,0.038202524185180664
20250722_120057_789,28,NO_RADIO,1,-45.0,6.564868591147516,0.13248276710510254,0.04643535614013672
20250722_120057_969,28,NO_RADIO,1,-45.0,6.564868591147516,0.13150644302368164,0.07501626014709473
20250722_120058_177,28,NO_RADIO,1,-45.0,6.564868591147516,0.1290297508239746,0.054938316345214844
20250722_120058_362,28,NO_RADIO,1,-45.0,6.564868591147516,0.1311657428741455,0.04653763771057129
20250722_120058_541,28,NO_RADIO,1,-45.0,6.564868591147516,0.10004615783691406,0.045709848403930664
20250722_120058_688,28,NO_RADIO,1,-45.0,6.564868591147516,0.1289370059967041,0.046726226806640625
20250722_120058_865,28,NO_RADIO,1,-45.0,6.564868591147516,0.1266012191772461,0.04766416549682617
20250722_120059_040,28,NO_RADIO,1,-45.0,6.564868591147516,0.13499069213867188,0.04151105880737305
20250722_120059_218,28,NO_RADIO,1,-45.0,6.564868591147516,0.13773250579833984,0.04621481895446777
20250722_120059_403,29,NO_RADIO,1,-45.0,8.700333254906312,0.13789892196655273,0.04632687568664551
20250722_120059_588,29,NO_RADIO,1,-45.0,8.700333254906312,0.1310253143310547,0.04636096954345703
20250722_120059_767,29,NO_RADIO,1,-45.0,8.700333254906312,0.1250932216644287,0.046816349029541016
20250722_120059_940,29,NO_RADIO,1,-45.0,8.700333254906312,0.12775754928588867,0.04526805877685547
20250722_120100_114,29,NO_RADIO,1,-45.0,8.700333254906312,0.13075828552246094,0.04564785957336426
20250722_120100_291,29,NO_RADIO,1,-45.0,8.700333254906312,0.13491010665893555,0.045285701751708984
20250722_120100_473,29,NO_RADIO,1,-45.0,8.700333254906312,0.11651968955993652,0.04737138748168945
20250722_120100_638,29,NO_RADIO,1,-45.0,8.700333254906312,0.1351318359375,0.0468897819519043
20250722_120100_821,29,NO_RADIO,1,-45.0,8.700333254906312,0.13904571533203125,0.043802738189697266
20250722_120101_005,29,NO_RADIO,1,-45.0,8.700333254906312,0.12863683700561523,0.04570436477661133
20250722_120101_180,29,NO_RADIO,1,-45.0,8.700333254906312,0.13853049278259277,0.04648637771606445
20250722_120101_367,29,NO_RADIO,1,-45.0,8.700333254906312,0.13440394401550293,0.046663522720336914
20250722_120101_549,29,NO_RADIO,1,-45.0,8.700333254906312,0.1412971019744873,0.04621744155883789
20250722_120101_737,29,NO_RADIO,1,-45.0,8.700333254906312,0.1369917392730713,0.04685354232788086
20250722_120101_922,29,NO_RADIO,1,-45.0,8.700333254906312,0.12585115432739258,0.04709935188293457
20250722_120102_096,29,NO_RADIO,1,-45.0,8.700333254906312,0.12327980995178223,0.0474092960357666
20250722_120102_268,29,NO_RADIO,1,-45.0,8.700333254906312,0.13936734199523926,0.046555519104003906
20250722_120102_455,29,NO_RADIO,1,-45.0,8.700333254906312,0.1375565528869629,0.0449368953704834
20250722_120102_639,29,NO_RADIO,1,-45.0,8.700333254906312,0.1391294002532959,0.04527592658996582
20250722_120102_824,29,NO_RADIO,1,-45.0,8.700333254906312,0.14117813110351562,0.04556870460510254
20250722_120103_012,29,NO_RADIO,1,-45.0,8.700333254906312,0.12555146217346191,0.045714616775512695
20250722_120103_184,29,NO_RADIO,1,-45.0,8.700333254906312,0.1363682746887207,0.04638218879699707
20250722_120103_368,30,NO_RADIO,1,-45.0,6.511535669248161,0.13516473770141602,0.04169058799743652
20250722_120103_546,30,NO_RADIO,1,-45.0,6.511535669248161,0.127547025680542,0.047067880630493164
20250722_120103_722,30,NO_RADIO,1,-45.0,6.511535669248161,0.13507485389709473,0.04657578468322754
20250722_120103_905,30,NO_RADIO,1,-45.0,6.511535669248161,0.12932968139648438,0.04624676704406738
20250722_120104_082,30,NO_RADIO,1,-45.0,6.511535669248161,0.12222838401794434,0.03824639320373535
20250722_120104_243,30,NO_RADIO,1,-45.0,6.511535669248161,0.13177061080932617,0.04616069793701172
20250722_120104_422,30,NO_RADIO,1,-45.0,6.511535669248161,0.13726496696472168,0.04444289207458496
20250722_120104_605,30,NO_RADIO,1,-45.0,6.511535669248161,0.1351451873779297,0.04663276672363281
20250722_120104_788,30,NO_RADIO,1,-45.0,6.511535669248161,0.13255834579467773,0.04605245590209961
20250722_120104_968,30,NO_RADIO,1,-45.0,6.511535669248161,0.1367185115814209,0.0440363883972168
20250722_120105_150,30,NO_RADIO,1,-45.0,6.511535669248161,0.14236021041870117,0.045130252838134766
20250722_120105_338,30,NO_RADIO,1,-45.0,6.511535669248161,0.1406266689300537,0.0459139347076416
20250722_120105_526,30,NO_RADIO,1,-45.0,6.511535669248161,0.14312195777893066,0.04672837257385254
20250722_120105_717,30,NO_RADIO,1,-45.0,6.511535669248161,0.1343240737915039,0.04624652862548828
20250722_120105_899,30,NO_RADIO,1,-45.0,6.511535669248161,0.13601398468017578,0.04664182662963867
20250722_120106_083,30,NO_RADIO,1,-45.0,6.511535669248161,0.1376175880432129,0.04779314994812012
20250722_120106_269,30,NO_RADIO,1,-45.0,6.511535669248161,0.13923144340515137,0.04601407051086426
20250722_120106_455,30,NO_RADIO,1,-45.0,6.511535669248161,0.1320173740386963,0.04778861999511719
20250722_120106_636,30,NO_RADIO,1,-45.0,6.511535669248161,0.13551640510559082,0.047406673431396484
20250722_120106_820,30,NO_RADIO,1,-45.0,6.511535669248161,0.13670134544372559,0.04391312599182129
20250722_120107_002,30,NO_RADIO,1,-45.0,6.511535669248161,0.12056899070739746,0.047556400299072266
20250722_120107_171,30,NO_RADIO,1,-45.0,6.511535669248161,0.13050293922424316,0.04831862449645996
20250722_120107_351,31,NO_RADIO,1,-45.0,11.971656780480942,0.13978838920593262,0.046289682388305664
20250722_120107_538,31,NO_RADIO,1,-45.0,11.971656780480942,0.1343214511871338,0.0463564395904541
20250722_120107_720,31,NO_RADIO,1,-45.0,11.971656780480942,0.13649797439575195,0.047437191009521484
20250722_120107_905,31,NO_RADIO,1,-45.0,11.971656780480942,0.13058757781982422,0.03793144226074219
20250722_120108_075,31,NO_RADIO,1,-45.0,11.971656780480942,0.12952208518981934,0.04552745819091797
20250722_120108_251,31,NO_RADIO,1,-45.0,11.971656780480942,0.14310550689697266,0.046282052993774414
20250722_120108_442,31,NO_RADIO,1,-45.0,11.971656780480942,0.1449742317199707,0.04600715637207031
20250722_120108_634,31,NO_RADIO,1,-45.0,11.971656780480942,0.14847946166992188,0.04566454887390137
20250722_120108_829,31,NO_RADIO,1,-45.0,11.971656780480942,0.1439647674560547,0.046198129653930664
20250722_120109_020,31,NO_RADIO,1,-45.0,11.971656780480942,0.12953925132751465,0.044834136962890625
20250722_120109_196,31,NO_RADIO,1,-45.0,11.971656780480942,0.13970041275024414,0.045919179916381836
20250722_120109_383,31,NO_RADIO,1,-45.0,11.971656780480942,0.14795398712158203,0.046175241470336914
20250722_120109_578,31,NO_RADIO,1,-45.0,11.971656780480942,0.12490129470825195,0.04704713821411133
20250722_120109_751,31,NO_RADIO,1,-45.0,11.971656780480942,0.1318972110748291,0.04716300964355469
20250722_120109_931,31,NO_RADIO,1,-45.0,11.971656780480942,0.13559627532958984,0.04724717140197754
20250722_120110_115,31,NO_RADIO,1,-45.0,11.971656780480942,0.14039087295532227,0.034879446029663086
20250722_120110_291,31,NO_RADIO,1,-45.0,11.971656780480942,0.1268627643585205,0.03666806221008301
20250722_120110_456,31,NO_RADIO,1,-45.0,11.971656780480942,0.1258087158203125,0.03722786903381348
20250722_120110_620,31,NO_RADIO,1,-45.0,11.971656780480942,0.13568449020385742,0.0430757999420166
20250722_120110_800,31,NO_RADIO,1,-45.0,11.971656780480942,0.1134345531463623,0.03582763671875
20250722_120110_950,31,NO_RADIO,1,-45.0,11.971656780480942,0.12772345542907715,0.03572249412536621
20250722_120111_115,31,NO_RADIO,1,-45.0,11.971656780480942,0.12683820724487305,0.03536677360534668
20250722_120111_278,32,NO_RADIO,1,-45.0,6.908619234054356,0.14400672912597656,0.03491711616516113
20250722_120111_458,32,NO_RADIO,1,-45.0,6.908619234054356,0.14284753799438477,0.04078793525695801
20250722_120111_643,32,NO_RADIO,1,-45.0,6.908619234054356,0.1479787826538086,0.044626474380493164
20250722_120111_837,32,NO_RADIO,1,-45.0,6.908619234054356,0.1357879638671875,0.04540753364562988
20250722_120112_019,32,NO_RADIO,1,-45.0,6.908619234054356,0.13570618629455566,0.04472756385803223
20250722_120112_201,32,NO_RADIO,1,-45.0,6.908619234054356,0.13062477111816406,0.045784950256347656
20250722_120112_378,32,NO_RADIO,1,-45.0,6.908619234054356,0.14217925071716309,0.045928955078125
20250722_120112_567,32,NO_RADIO,1,-45.0,6.908619234054356,0.13828015327453613,0.03484821319580078
20250722_120112_742,32,NO_RADIO,1,-45.0,6.908619234054356,0.1306324005126953,0.03490138053894043
20250722_120112_908,32,NO_RADIO,1,-45.0,6.908619234054356,0.12839031219482422,0.03512310981750488
20250722_120113_073,32,NO_RADIO,1,-45.0,6.908619234054356,0.1331932544708252,0.03503274917602539
20250722_120113_242,32,NO_RADIO,1,-45.0,6.908619234054356,0.11615276336669922,0.047685861587524414
20250722_120113_407,32,NO_RADIO,1,-45.0,6.908619234054356,0.12741446495056152,0.047130584716796875
20250722_120113_583,32,NO_RADIO,1,-45.0,6.908619234054356,0.13637971878051758,0.04660391807556152
20250722_120113_767,32,NO_RADIO,1,-45.0,6.908619234054356,0.13239812850952148,0.047121286392211914
20250722_120113_948,32,NO_RADIO,1,-45.0,6.908619234054356,0.13387537002563477,0.045349836349487305
20250722_120114_128,32,NO_RADIO,1,-45.0,6.908619234054356,0.13927984237670898,0.04606461524963379
20250722_120114_314,32,NO_RADIO,1,-45.0,6.908619234054356,0.14313077926635742,0.04623293876647949
20250722_120114_505,32,NO_RADIO,1,-45.0,6.908619234054356,0.1349959373474121,0.04622840881347656
20250722_120114_687,32,NO_RADIO,1,-45.0,6.908619234054356,0.13438796997070312,0.045717477798461914
20250722_120114_868,32,NO_RADIO,1,-45.0,6.908619234054356,0.1363382339477539,0.04513192176818848
20250722_120115_051,32,NO_RADIO,1,-45.0,6.908619234054356,0.1325836181640625,0.046083927154541016
20250722_120115_231,33,NO_RADIO,1,-45.0,6.908619234054356,0.1351640224456787,0.04421544075012207
20250722_120115_411,33,NO_RADIO,1,-45.0,14.800827988100338,0.14339423179626465,0.047098398208618164
20250722_120115_603,33,NO_RADIO,1,-45.0,14.800827988100338,0.1360628604888916,0.04535341262817383
20250722_120115_786,33,NO_RADIO,1,-45.0,14.800827988100338,0.1333179473876953,0.04584145545959473
20250722_120115_966,33,NO_RADIO,1,-45.0,14.800827988100338,0.1347346305847168,0.04635310173034668
20250722_120116_148,33,NO_RADIO,1,-45.0,14.800827988100338,0.13619089126586914,0.05992865562438965
20250722_120116_346,33,NO_RADIO,1,-45.0,14.800827988100338,0.13239598274230957,0.0533597469329834
20250722_120116_533,33,NO_RADIO,1,-45.0,14.800827988100338,0.14402079582214355,0.04601287841796875
20250722_120116_724,33,NO_RADIO,1,-45.0,14.800827988100338,0.13684415817260742,0.04654097557067871
20250722_120116_908,33,NO_RADIO,1,-45.0,14.800827988100338,0.13499045372009277,0.046033382415771484
20250722_120117_091,33,NO_RADIO,1,-45.0,14.800827988100338,0.13495516777038574,0.047151803970336914
20250722_120117_274,33,NO_RADIO,1,-45.0,14.800827988100338,0.13402819633483887,0.04707837104797363
20250722_120117_456,33,NO_RADIO,1,-45.0,14.800827988100338,0.14032411575317383,0.04609942436218262
20250722_120117_644,33,NO_RADIO,1,-45.0,14.800827988100338,0.14783883094787598,0.04633903503417969
20250722_120117_839,33,NO_RADIO,1,-45.0,14.800827988100338,0.13813328742980957,0.045805931091308594
20250722_120118_024,33,NO_RADIO,1,-45.0,14.800827988100338,0.13055014610290527,0.04467487335205078
20250722_120118_200,33,NO_RADIO,1,-45.0,14.800827988100338,0.13163447380065918,0.03616738319396973
20250722_120118_369,33,NO_RADIO,1,-45.0,14.800827988100338,0.12262773513793945,0.0373687744140625
20250722_120118_531,33,NO_RADIO,1,-45.0,14.800827988100338,0.12824177742004395,0.034972429275512695
20250722_120118_695,33,NO_RADIO,1,-45.0,14.800827988100338,0.12665605545043945,0.034841299057006836
20250722_120118_857,33,NO_RADIO,1,-45.0,14.800827988100338,0.13084125518798828,0.037158966064453125
20250722_120119_027,33,NO_RADIO,1,-45.0,14.800827988100338,0.137739896774292,0.03958725929260254
20250722_120119_205,33,NO_RADIO,1,-45.0,14.800827988100338,0.12325215339660645,0.040550947189331055
20250722_120119_370,34,NO_RADIO,1,-45.0,6.445833468312827,0.1344776153564453,0.03533935546875
20250722_120119_541,34,NO_RADIO,1,-45.0,6.445833468312827,0.13181614875793457,0.03488969802856445
20250722_120119_709,34,NO_RADIO,1,-45.0,6.445833468312827,0.1251835823059082,0.035312652587890625
20250722_120119_870,34,NO_RADIO,1,-45.0,6.445833468312827,0.13310456275939941,0.04647350311279297
20250722_120120_051,34,NO_RADIO,1,-45.0,6.445833468312827,0.13918042182922363,0.0465855598449707
20250722_120120_238,34,NO_RADIO,1,-45.0,6.445833468312827,0.12987184524536133,0.045523643493652344
20250722_120120_415,34,NO_RADIO,1,-45.0,6.445833468312827,0.13731837272644043,0.0462644100189209
20250722_120120_599,34,NO_RADIO,1,-45.0,6.445833468312827,0.1405935287475586,0.04229593276977539
20250722_120120_783,34,NO_RADIO,1,-45.0,6.445833468312827,0.13854694366455078,0.04059004783630371
20250722_120120_964,34,NO_RADIO,1,-45.0,6.445833468312827,0.12556958198547363,0.0352931022644043
20250722_120121_125,34,NO_RADIO,1,-45.0,6.445833468312827,0.12705564498901367,0.03649616241455078
20250722_120121_290,34,NO_RADIO,1,-45.0,6.445833468312827,0.13187766075134277,0.045983314514160156
20250722_120121_469,34,NO_RADIO,1,-45.0,6.445833468312827,0.13379502296447754,0.04731321334838867
20250722_120121_651,34,NO_RADIO,1,-45.0,6.445833468312827,0.13727021217346191,0.04599499702453613
20250722_120121_836,34,NO_RADIO,1,-45.0,6.445833468312827,0.1301741600036621,0.043784141540527344
20250722_120122_011,34,NO_RADIO,1,-45.0,6.445833468312827,0.1252751350402832,0.04639911651611328
20250722_120122_184,34,NO_RADIO,1,-45.0,6.445833468312827,0.13656997680664062,0.04624533653259277
20250722_120122_367,34,NO_RADIO,1,-45.0,6.445833468312827,0.13748788833618164,0.045186758041381836
20250722_120122_551,34,NO_RADIO,1,-45.0,6.445833468312827,0.12408661842346191,0.04764890670776367
20250722_120122_724,34,NO_RADIO,1,-45.0,6.445833468312827,0.12987923622131348,0.04693150520324707
20250722_120122_902,34,NO_RADIO,1,-45.0,6.445833468312827,0.1419849395751953,0.03663229942321777
20250722_120123_082,34,NO_RADIO,1,-45.0,6.445833468312827,0.14161324501037598,0.0460209846496582
20250722_120123_270,35,NO_RADIO,1,-45.0,17.663604294172544,0.12923073768615723,0.03592801094055176
20250722_120123_437,35,NO_RADIO,1,-45.0,17.663604294172544,0.12312674522399902,0.04597926139831543
20250722_120123_607,35,NO_RADIO,1,-45.0,17.663604294172544,0.13425207138061523,0.045662879943847656
20250722_120123_788,35,NO_RADIO,1,-45.0,17.663604294172544,0.13107919692993164,0.04586672782897949
20250722_120123_966,35,NO_RADIO,1,-45.0,17.663604294172544,0.1586604118347168,0.04644179344177246
20250722_120124_172,35,NO_RADIO,1,-45.0,17.663604294172544,0.1364140510559082,0.04576826095581055
20250722_120124_356,35,NO_RADIO,1,-45.0,17.663604294172544,0.13681888580322266,0.04628443717956543
20250722_120124_540,35,NO_RADIO,1,-45.0,17.663604294172544,0.12868571281433105,0.046860456466674805
20250722_120124_717,35,NO_RADIO,1,-45.0,17.663604294172544,0.1247861385345459,0.04695916175842285
20250722_120124_889,35,NO_RADIO,1,-45.0,17.663604294172544,0.13631129264831543,0.045478105545043945
20250722_120125_072,35,NO_RADIO,1,-45.0,17.663604294172544,0.1388392448425293,0.046289682388305664
20250722_120125_259,35,NO_RADIO,1,-45.0,17.663604294172544,0.1382582187652588,0.04599499702453613
20250722_120125_444,35,NO_RADIO,1,-45.0,17.663604294172544,0.13822031021118164,0.04459071159362793
20250722_120125_628,35,NO_RADIO,1,-45.0,17.663604294172544,0.14114022254943848,0.04673957824707031
20250722_120125_817,35,NO_RADIO,1,-45.0,17.663604294172544,0.12818598747253418,0.04585766792297363
20250722_120125_992,35,NO_RADIO,1,-45.0,17.663604294172544,0.14550566673278809,0.04581093788146973
20250722_120126_185,35,NO_RADIO,1,-45.0,17.663604294172544,0.14024043083190918,0.04600858688354492
20250722_120126_372,35,NO_RADIO,1,-45.0,17.663604294172544,0.13347434997558594,0.04661679267883301
20250722_120126_553,35,NO_RADIO,1,-45.0,17.663604294172544,0.133864164352417,0.04659557342529297
20250722_120126_735,35,NO_RADIO,1,-45.0,17.663604294172544,0.14043688774108887,0.046845436096191406
20250722_120126_923,35,NO_RADIO,1,-45.0,17.663604294172544,0.14060354232788086,0.03690457344055176
20250722_120127_102,35,NO_RADIO,1,-45.0,17.663604294172544,0.14086031913757324,0.04668998718261719
20250722_120127_290,36,NO_RADIO,1,-45.0,6.506039372210083,0.1363844871520996,0.04391789436340332
20250722_120127_472,36,NO_RADIO,1,-45.0,6.506039372210083,0.13183045387268066,0.045625925064086914
20250722_120127_650,36,NO_RADIO,1,-45.0,6.506039372210083,0.13768815994262695,0.046648263931274414
20250722_120127_836,36,NO_RADIO,1,-45.0,6.506039372210083,0.13608932495117188,0.04501771926879883
20250722_120128_018,36,NO_RADIO,1,-45.0,6.506039372210083,0.13297009468078613,0.04525136947631836
20250722_120128_197,36,NO_RADIO,1,-45.0,6.506039372210083,0.15967988967895508,0.047102928161621094
20250722_120128_405,36,NO_RADIO,1,-45.0,6.506039372210083,0.1440873146057129,0.04729104042053223
20250722_120128_598,36,NO_RADIO,1,-45.0,6.506039372210083,0.1454164981842041,0.04728078842163086
20250722_120128_791,36,NO_RADIO,1,-45.0,6.506039372210083,0.15041518211364746,0.046176910400390625
20250722_120128_989,36,NO_RADIO,1,-45.0,6.506039372210083,0.1394355297088623,0.03657221794128418
20250722_120129_166,36,NO_RADIO,1,-45.0,6.506039372210083,0.14049386978149414,0.03555488586425781
20250722_120129_343,36,NO_RADIO,1,-45.0,6.506039372210083,0.13603949546813965,0.04565620422363281
20250722_120129_526,36,NO_RADIO,1,-45.0,6.506039372210083,0.15003705024719238,0.046411752700805664
20250722_120129_724,36,NO_RADIO,1,-45.0,6.506039372210083,0.13287925720214844,0.04483652114868164
20250722_120129_903,36,NO_RADIO,1,-45.0,6.506039372210083,0.136732816696167,0.0454866886138916
20250722_120130_086,36,NO_RADIO,1,-45.0,6.506039372210083,0.1421961784362793,0.04625248908996582
20250722_120130_275,36,NO_RADIO,1,-45.0,6.506039372210083,0.14249634742736816,0.04548978805541992
20250722_120130_464,36,NO_RADIO,1,-45.0,6.506039372210083,0.13023614883422852,0.04578447341918945
20250722_120130_642,36,NO_RADIO,1,-45.0,6.506039372210083,0.14297986030578613,0.04630541801452637
20250722_120130_832,36,NO_RADIO,1,-45.0,6.506039372210083,0.1408700942993164,0.045815467834472656
20250722_120131_020,36,NO_RADIO,1,-45.0,6.506039372210083,0.11627197265625,0.0467982292175293
20250722_120131_184,36,NO_RADIO,1,-45.0,6.506039372210083,0.13672876358032227,0.045549631118774414
20250722_120131_367,37,NO_RADIO,1,-45.0,18.768571278607084,0.13064002990722656,0.04513955116271973
20250722_120131_544,37,NO_RADIO,1,-45.0,18.768571278607084,0.1280231475830078,0.04044008255004883
20250722_120131_714,37,NO_RADIO,1,-45.0,18.768571278607084,0.12434244155883789,0.04646182060241699
20250722_120131_886,37,NO_RADIO,1,-45.0,18.768571278607084,0.13895010948181152,0.04625988006591797
20250722_120132_072,37,NO_RADIO,1,-45.0,18.768571278607084,0.14080500602722168,0.04456281661987305
20250722_120132_259,37,NO_RADIO,1,-45.0,18.768571278607084,0.14553594589233398,0.047252655029296875
20250722_120132_453,37,NO_RADIO,1,-45.0,18.768571278607084,0.13854312896728516,0.046076059341430664
20250722_120132_638,37,NO_RADIO,1,-45.0,18.768571278607084,0.13568973541259766,0.0443575382232666
20250722_120132_819,37,NO_RADIO,1,-45.0,18.768571278607084,0.13506126403808594,0.04449200630187988
20250722_120133_000,37,NO_RADIO,1,-45.0,18.768571278607084,0.14010953903198242,0.044617652893066406
20250722_120133_186,37,NO_RADIO,1,-45.0,18.768571278607084,0.13662290573120117,0.046141624450683594
20250722_120133_370,37,NO_RADIO,1,-45.0,18.768571278607084,0.1403193473815918,0.04652833938598633
20250722_120133_558,37,NO_RADIO,1,-45.0,18.768571278607084,0.13863205909729004,0.04686737060546875
20250722_120133_744,37,NO_RADIO,1,-45.0,18.768571278607084,0.14250707626342773,0.04703783988952637
20250722_120133_935,37,NO_RADIO,1,-45.0,18.768571278607084,0.13985204696655273,0.046596527099609375
20250722_120134_123,37,NO_RADIO,1,-45.0,18.768571278607084,0.13659167289733887,0.0486447811126709
20250722_120134_309,37,NO_RADIO,1,-45.0,18.768571278607084,0.14130306243896484,0.04843640327453613
20250722_120134_500,37,NO_RADIO,1,-45.0,18.768571278607084,0.12211108207702637,0.046260833740234375
20250722_120134_670,37,NO_RADIO,1,-45.0,18.768571278607084,0.14435720443725586,0.04444742202758789
20250722_120134_859,37,NO_RADIO,1,-45.0,18.768571278607084,0.14166879653930664,0.04624295234680176
20250722_120135_048,37,NO_RADIO,1,-45.0,18.768571278607084,0.13497638702392578,0.038066864013671875
20250722_120135_223,38,NO_RADIO,1,-45.0,18.768571278607084,0.13236474990844727,0.04600334167480469
20250722_120135_402,38,NO_RADIO,1,-45.0,6.565708689984959,0.146040678024292,0.04588770866394043
20250722_120135_595,38,NO_RADIO,1,-45.0,6.565708689984959,0.13476204872131348,0.0456080436706543
20250722_120135_777,38,NO_RADIO,1,-45.0,6.565708689984959,0.14006757736206055,0.04596710205078125
20250722_120135_964,38,NO_RADIO,1,-45.0,6.565708689984959,0.14438700675964355,0.04672741889953613
20250722_120136_156,38,NO_RADIO,1,-45.0,6.565708689984959,0.13795781135559082,0.04524040222167969
20250722_120136_340,38,NO_RADIO,1,-45.0,6.565708689984959,0.1392345428466797,0.046074867248535156
20250722_120136_527,38,NO_RADIO,1,-45.0,6.565708689984959,0.14097929000854492,0.046131134033203125
20250722_120136_715,38,NO_RADIO,1,-45.0,6.565708689984959,0.1459801197052002,0.04556584358215332
20250722_120136_908,38,NO_RADIO,1,-45.0,6.565708689984959,0.12633109092712402,0.03791666030883789
20250722_120137_073,38,NO_RADIO,1,-45.0,6.565708689984959,0.1301133632659912,0.03821253776550293
20250722_120137_243,38,NO_RADIO,1,-45.0,6.565708689984959,0.14257073402404785,0.04512333869934082
20250722_120137_431,38,NO_RADIO,1,-45.0,6.565708689984959,0.12564802169799805,0.04605841636657715
20250722_120137_604,38,NO_RADIO,1,-45.0,6.565708689984959,0.1341075897216797,0.04667091369628906
20250722_120137_786,38,NO_RADIO,1,-45.0,6.565708689984959,0.13705086708068848,0.04630231857299805
20250722_120137_970,38,NO_RADIO,1,-45.0,6.565708689984959,0.13617730140686035,0.047178030014038086
20250722_120138_155,38,NO_RADIO,1,-45.0,6.565708689984959,0.12759041786193848,0.047765493392944336
20250722_120138_331,38,NO_RADIO,1,-45.0,6.565708689984959,0.13741135597229004,0.04218721389770508
20250722_120138_512,38,NO_RADIO,1,-45.0,6.565708689984959,0.12563872337341309,0.04692721366882324
20250722_120138_686,38,NO_RADIO,1,-45.0,6.565708689984959,0.13495135307312012,0.045842885971069336
20250722_120138_868,38,NO_RADIO,1,-45.0,6.565708689984959,0.1351947784423828,0.045682430267333984
20250722_120139_050,38,NO_RADIO,1,-45.0,6.565708689984959,0.1389751434326172,0.046181678771972656
20250722_120139_236,39,NO_RADIO,1,-45.0,19.013306249366053,0.14054441452026367,0.0491025447845459
20250722_120139_427,39,NO_RADIO,1,-45.0,19.013306249366053,0.14697742462158203,0.046639442443847656
20250722_120139_622,39,NO_RADIO,1,-45.0,19.013306249366053,0.1293010711669922,0.046000003814697266
20250722_120139_798,39,NO_RADIO,1,-45.0,19.013306249366053,0.13646388053894043,0.046663761138916016
20250722_120139_982,39,NO_RADIO,1,-45.0,19.013306249366053,0.13982439041137695,0.03955221176147461
20250722_120140_163,39,NO_RADIO,1,-45.0,19.013306249366053,0.14255475997924805,0.0474851131439209
20250722_120140_354,39,NO_RADIO,1,-45.0,19.013306249366053,0.12046527862548828,0.045494794845581055
20250722_120140_521,39,NO_RADIO,1,-45.0,19.013306249366053,0.1304326057434082,0.04620075225830078
20250722_120140_699,39,NO_RADIO,1,-45.0,19.013306249366053,0.1366260051727295,0.046454429626464844
20250722_120140_883,39,NO_RADIO,1,-45.0,19.013306249366053,0.13936281204223633,0.041261911392211914
20250722_120141_065,39,NO_RADIO,1,-45.0,19.013306249366053,0.1329517364501953,0.04366636276245117
20250722_120141_242,39,NO_RADIO,1,-45.0,19.013306249366053,0.1425788402557373,0.045473575592041016
20250722_120141_432,39,NO_RADIO,1,-45.0,19.013306249366053,0.142103910446167,0.04625821113586426
20250722_120141_621,39,NO_RADIO,1,-45.0,19.013306249366053,0.13520097732543945,0.043497323989868164
20250722_120141_801,39,NO_RADIO,1,-45.0,19.013306249366053,0.1395573616027832,0.04717397689819336
20250722_120141_989,39,NO_RADIO,1,-45.0,19.013306249366053,0.13637256622314453,0.04719948768615723
20250722_120142_173,39,NO_RADIO,1,-45.0,19.013306249366053,0.13535642623901367,0.046967267990112305
20250722_120142_357,39,NO_RADIO,1,-45.0,19.013306249366053,0.13773775100708008,0.0465395450592041
20250722_120142_542,39,NO_RADIO,1,-45.0,19.013306249366053,0.13402080535888672,0.046422719955444336
20250722_120142_724,39,NO_RADIO,1,-45.0,19.013306249366053,0.1302037239074707,0.046025753021240234
20250722_120142_901,39,NO_RADIO,1,-45.0,19.013306249366053,0.1415245532989502,0.035737037658691406
20250722_120143_079,39,NO_RADIO,1,-45.0,19.013306249366053,0.1421656608581543,0.04573631286621094
20250722_120143_268,40,NO_RADIO,1,-45.0,6.905220553935607,0.13926959037780762,0.044443368911743164
20250722_120143_453,40,NO_RADIO,1,-45.0,6.905220553935607,0.13778018951416016,0.04470181465148926
20250722_120143_637,40,NO_RADIO,1,-45.0,6.905220553935607,0.1381969451904297,0.04554605484008789
20250722_120143_822,40,NO_RADIO,1,-45.0,6.905220553935607,0.1388237476348877,0.04538369178771973
20250722_120144_007,40,NO_RADIO,1,-45.0,6.905220553935607,0.13698458671569824,0.045378923416137695
20250722_120144_190,40,NO_RADIO,1,-45.0,6.905220553935607,0.13184833526611328,0.04686903953552246
20250722_120144_370,40,NO_RADIO,1,-45.0,6.905220553935607,0.12660861015319824,0.047299861907958984
20250722_120144_545,40,NO_RADIO,1,-45.0,6.905220553935607,0.13827180862426758,0.04573488235473633
20250722_120144_730,40,NO_RADIO,1,-45.0,6.905220553935607,0.1271812915802002,0.04642295837402344
20250722_120144_905,40,NO_RADIO,1,-45.0,6.905220553935607,0.13901352882385254,0.0459139347076416
20250722_120145_091,40,NO_RADIO,1,-45.0,6.905220553935607,0.14061903953552246,0.04627728462219238
20250722_120145_279,40,NO_RADIO,1,-45.0,6.905220553935607,0.14259696006774902,0.04607701301574707
20250722_120145_469,40,NO_RADIO,1,-45.0,6.905220553935607,0.13559389114379883,0.044861793518066406
20250722_120145_650,40,NO_RADIO,1,-45.0,6.905220553935607,0.13758325576782227,0.04611015319824219
20250722_120145_835,40,NO_RADIO,1,-45.0,6.905220553935607,0.1404561996459961,0.04485797882080078
20250722_120146_022,40,NO_RADIO,1,-45.0,6.905220553935607,0.1378769874572754,0.04546618461608887
20250722_120146_206,40,NO_RADIO,1,-45.0,6.905220553935607,0.13913369178771973,0.04679274559020996
20250722_120146_393,40,NO_RADIO,1,-45.0,6.905220553935607,0.15158867835998535,0.04499983787536621
20250722_120146_591,40,NO_RADIO,1,-45.0,6.905220553935607,0.137404203414917,0.04536175727844238
20250722_120146_775,40,NO_RADIO,1,-45.0,6.905220553935607,0.14122819900512695,0.046741485595703125
20250722_120146_964,40,NO_RADIO,1,-45.0,6.905220553935607,0.1347501277923584,0.04571533203125
20250722_120147_145,40,NO_RADIO,1,-45.0,6.905220553935607,0.12633132934570312,0.047280311584472656
20250722_120147_320,41,NO_RADIO,1,-45.0,18.90593495297001,0.14024567604064941,0.046077728271484375
20250722_120147_508,41,NO_RADIO,1,-45.0,18.90593495297001,0.14060759544372559,0.04657244682312012
20250722_120147_696,41,NO_RADIO,1,-45.0,18.90593495297001,0.14636635780334473,0.046004295349121094
20250722_120147_889,41,NO_RADIO,1,-45.0,18.90593495297001,0.14262986183166504,0.04191279411315918
20250722_120148_075,41,NO_RADIO,1,-45.0,18.90593495297001,0.13161277770996094,0.0459437370300293
20250722_120148_254,41,NO_RADIO,1,-45.0,18.90593495297001,0.13487768173217773,0.04668879508972168
20250722_120148_436,41,NO_RADIO,1,-45.0,18.90593495297001,0.13718509674072266,0.04449033737182617
20250722_120148_619,41,NO_RADIO,1,-45.0,18.90593495297001,0.13239622116088867,0.04636693000793457
20250722_120148_799,41,NO_RADIO,1,-45.0,18.90593495297001,0.1368567943572998,0.04392218589782715
20250722_120148_981,41,NO_RADIO,1,-45.0,18.90593495297001,0.139862060546875,0.03503084182739258
20250722_120149_157,41,NO_RADIO,1,-45.0,18.90593495297001,0.13321781158447266,0.04598569869995117
20250722_120149_337,41,NO_RADIO,1,-45.0,18.90593495297001,0.13376855850219727,0.045696258544921875
20250722_120149_518,41,NO_RADIO,1,-45.0,18.90593495297001,0.13490605354309082,0.04576277732849121
20250722_120149_700,41,NO_RADIO,1,-45.0,18.90593495297001,0.13165593147277832,0.045865535736083984
20250722_120149_878,41,NO_RADIO,1,-45.0,18.90593495297001,0.1329653263092041,0.04528999328613281
20250722_120150_058,41,NO_RADIO,1,-45.0,18.90593495297001,0.1332235336303711,0.04506278038024902
20250722_120150_237,41,NO_RADIO,1,-45.0,18.90593495297001,0.13681411743164062,0.04655146598815918
20250722_120150_421,41,NO_RADIO,1,-45.0,18.90593495297001,0.1357121467590332,0.045807600021362305
20250722_120150_604,41,NO_RADIO,1,-45.0,18.90593495297001,0.13521528244018555,0.04736804962158203
20250722_120150_788,41,NO_RADIO,1,-45.0,18.90593495297001,0.1326923370361328,0.04675555229187012
20250722_120150_968,41,NO_RADIO,1,-45.0,18.90593495297001,0.14266133308410645,0.04638934135437012
20250722_120151_158,41,NO_RADIO,1,-45.0,18.90593495297001,0.13554620742797852,0.04627084732055664
20250722_120151_341,42,NO_RADIO,1,-45.0,6.906134001931491,0.13156723976135254,0.04613924026489258
20250722_120151_520,42,NO_RADIO,1,-45.0,6.906134001931491,0.13663864135742188,0.04625296592712402
20250722_120151_704,42,NO_RADIO,1,-45.0,6.906134001931491,0.12984800338745117,0.04593062400817871
20250722_120151_881,42,NO_RADIO,1,-45.0,6.906134001931491,0.1405041217803955,0.04685664176940918
20250722_120152_069,42,NO_RADIO,1,-45.0,6.906134001931491,0.13204479217529297,0.0445556640625
20250722_120152_247,42,NO_RADIO,1,-45.0,6.906134001931491,0.13572454452514648,0.046517133712768555
20250722_120152_431,42,NO_RADIO,1,-45.0,6.906134001931491,0.1376354694366455,0.04533886909484863
20250722_120152_615,42,NO_RADIO,1,-45.0,6.906134001931491,0.13618063926696777,0.04553675651550293
20250722_120152_797,42,NO_RADIO,1,-45.0,6.906134001931491,0.14162206649780273,0.04600381851196289
20250722_120152_986,42,NO_RADIO,1,-45.0,6.906134001931491,0.1398301124572754,0.0462040901184082
20250722_120153_173,42,NO_RADIO,1,-45.0,6.906134001931491,0.1393587589263916,0.04605507850646973
20250722_120153_360,42,NO_RADIO,1,-45.0,6.906134001931491,0.14646196365356445,0.046254873275756836
20250722_120153_554,42,NO_RADIO,1,-45.0,6.906134001931491,0.13144159317016602,0.04675126075744629
20250722_120153_733,42,NO_RADIO,1,-45.0,6.906134001931491,0.1394667625427246,0.04674124717712402
20250722_120153_920,42,NO_RADIO,1,-45.0,6.906134001931491,0.1326761245727539,0.04593682289123535
20250722_120154_100,42,NO_RADIO,1,-45.0,6.906134001931491,0.1356191635131836,0.052167654037475586
20250722_120154_290,42,NO_RADIO,1,-45.0,6.906134001931491,0.13253450393676758,0.05692410469055176
20250722_120154_480,42,NO_RADIO,1,-45.0,6.906134001931491,0.12868523597717285,0.037020206451416016
20250722_120154_647,42,NO_RADIO,1,-45.0,6.906134001931491,0.13455581665039062,0.036802053451538086
20250722_120154_820,42,NO_RADIO,1,-45.0,6.906134001931491,0.13216638565063477,0.03516697883605957
20250722_120154_988,42,NO_RADIO,1,-45.0,6.906134001931491,0.12370586395263672,0.03996634483337402
20250722_120155_153,42,NO_RADIO,1,-45.0,6.906134001931491,0.12648987770080566,0.04675793647766113
20250722_120155_327,43,NO_RADIO,1,-45.0,17.281540463777077,0.14118313789367676,0.045903921127319336
20250722_120155_516,43,NO_RADIO,1,-45.0,17.281540463777077,0.12116789817810059,0.04688835144042969
20250722_120155_685,43,NO_RADIO,1,-45.0,17.281540463777077,0.1351931095123291,0.046141862869262695
20250722_120155_867,43,NO_RADIO,1,-45.0,17.281540463777077,0.1334981918334961,0.04598808288574219
20250722_120156_048,43,NO_RADIO,1,-45.0,17.281540463777077,0.1284191608428955,0.04606437683105469
20250722_120156_223,43,NO_RADIO,1,-45.0,17.281540463777077,0.1347942352294922,0.0389401912689209
20250722_120156_398,43,NO_RADIO,1,-45.0,17.281540463777077,0.14226317405700684,0.04611372947692871
20250722_120156_588,43,NO_RADIO,1,-45.0,17.281540463777077,0.1405491828918457,0.04711461067199707
20250722_120156_777,43,NO_RADIO,1,-45.0,17.281540463777077,0.12772822380065918,0.04665493965148926
20250722_120156_952,43,NO_RADIO,1,-45.0,17.281540463777077,0.13971662521362305,0.03530621528625488
20250722_120157_128,43,NO_RADIO,1,-45.0,17.281540463777077,0.1296236515045166,0.047400712966918945
20250722_120157_306,43,NO_RADIO,1,-45.0,17.281540463777077,0.136521577835083,0.04611992835998535
20250722_120157_490,43,NO_RADIO,1,-45.0,17.281540463777077,0.1361408233642578,0.04629158973693848
20250722_120157_674,43,NO_RADIO,1,-45.0,17.281540463777077,0.13373446464538574,0.04608917236328125
20250722_120157_855,43,NO_RADIO,1,-45.0,17.281540463777077,0.13428878784179688,0.044770240783691406
20250722_120158_035,43,NO_RADIO,1,-45.0,17.281540463777077,0.14361190795898438,0.0458827018737793
20250722_120158_225,43,NO_RADIO,1,-45.0,17.281540463777077,0.13646316528320312,0.045609474182128906
20250722_120158_409,43,NO_RADIO,1,-45.0,17.281540463777077,0.14641165733337402,0.045296430587768555
20250722_120158_601,43,NO_RADIO,1,-45.0,17.281540463777077,0.1441969871520996,0.04641437530517578
20250722_120158_793,43,NO_RADIO,1,-45.0,17.281540463777077,0.13159513473510742,0.048027992248535156
20250722_120158_974,43,NO_RADIO,1,-45.0,17.281540463777077,0.1345202922821045,0.04558610916137695
20250722_120159_155,43,NO_RADIO,1,-45.0,17.281540463777077,0.13094162940979004,0.04260396957397461
20250722_120159_330,44,NO_RADIO,1,-45.0,7.1706282792123375,0.13341021537780762,0.045325517654418945
20250722_120159_510,44,NO_RADIO,1,-45.0,7.1706282792123375,0.13037800788879395,0.045127153396606445
20250722_120159_686,44,NO_RADIO,1,-45.0,7.1706282792123375,0.1319887638092041,0.0438237190246582
20250722_120159_863,44,NO_RADIO,1,-45.0,7.1706282792123375,0.12524914741516113,0.04676246643066406
20250722_120200_036,44,NO_RADIO,1,-45.0,7.1706282792123375,0.1349945068359375,0.045011281967163086
20250722_120200_217,44,NO_RADIO,1,-45.0,7.1706282792123375,0.14090847969055176,0.044241905212402344
20250722_120200_404,44,NO_RADIO,1,-45.0,7.1706282792123375,0.13712191581726074,0.04630160331726074
20250722_120200_588,44,NO_RADIO,1,-45.0,7.1706282792123375,0.13410496711730957,0.046489715576171875
20250722_120200_770,44,NO_RADIO,1,-45.0,7.1706282792123375,0.12465596199035645,0.04747796058654785
20250722_120200_943,44,NO_RADIO,1,-45.0,7.1706282792123375,0.1289505958557129,0.040181636810302734
20250722_120201_113,44,NO_RADIO,1,-45.0,7.1706282792123375,0.13684773445129395,0.046452999114990234
20250722_120201_298,44,NO_RADIO,1,-45.0,7.1706282792123375,0.14286375045776367,0.04647064208984375
20250722_120201_488,44,NO_RADIO,1,-45.0,7.1706282792123375,0.13799262046813965,0.045610666275024414
20250722_120201_673,44,NO_RADIO,1,-45.0,7.1706282792123375,0.1359860897064209,0.045578956604003906
20250722_120201_856,44,NO_RADIO,1,-45.0,7.1706282792123375,0.13599538803100586,0.04486370086669922
20250722_120202_037,44,NO_RADIO,1,-45.0,7.1706282792123375,0.14150667190551758,0.040934085845947266
20250722_120202_221,44,NO_RADIO,1,-45.0,7.1706282792123375,0.13797903060913086,0.04645562171936035
20250722_120202_407,44,NO_RADIO,1,-45.0,7.1706282792123375,0.13593029975891113,0.046494245529174805
20250722_120202_590,44,NO_RADIO,1,-45.0,7.1706282792123375,0.13975906372070312,0.04577350616455078
20250722_120202_777,44,NO_RADIO,1,-45.0,7.1706282792123375,0.1319570541381836,0.039373159408569336
20250722_120202_949,44,NO_RADIO,1,-45.0,7.1706282792123375,0.13942289352416992,0.0451197624206543
20250722_120203_135,44,NO_RADIO,1,-45.0,7.1706282792123375,0.1339406967163086,0.03515172004699707
20250722_120203_305,45,NO_RADIO,1,-45.0,16.183016164498298,0.13987207412719727,0.0439450740814209
20250722_120203_490,45,NO_RADIO,1,-45.0,16.183016164498298,0.1366283893585205,0.045259714126586914
20250722_120203_673,45,NO_RADIO,1,-45.0,16.183016164498298,0.13444280624389648,0.045068979263305664
20250722_120203_854,45,NO_RADIO,1,-45.0,16.183016164498298,0.13292551040649414,0.044976234436035156
20250722_120204_033,45,NO_RADIO,1,-45.0,16.183016164498298,0.1390089988708496,0.04232430458068848
20250722_120204_215,45,NO_RADIO,1,-45.0,16.183016164498298,0.14203834533691406,0.04585719108581543
20250722_120204_404,45,NO_RADIO,1,-45.0,16.183016164498298,0.13872051239013672,0.04579353332519531
20250722_120204_590,45,NO_RADIO,1,-45.0,16.183016164498298,0.13449501991271973,0.045728445053100586
20250722_120204_771,45,NO_RADIO,1,-45.0,16.183016164498298,0.13263988494873047,0.04616379737854004
20250722_120204_951,45,NO_RADIO,1,-45.0,16.183016164498298,0.1410222053527832,0.04609489440917969
20250722_120205_139,45,NO_RADIO,1,-45.0,16.183016164498298,0.13682794570922852,0.0459742546081543
20250722_120205_323,45,NO_RADIO,1,-45.0,16.183016164498298,0.13819026947021484,0.046001434326171875
20250722_120205_509,45,NO_RADIO,1,-45.0,16.183016164498298,0.14756202697753906,0.04672861099243164
20250722_120205_704,45,NO_RADIO,1,-45.0,16.183016164498298,0.13721776008605957,0.046091318130493164
20250722_120205_888,45,NO_RADIO,1,-45.0,16.183016164498298,0.13345932960510254,0.04572582244873047
20250722_120206_069,45,NO_RADIO,1,-45.0,16.183016164498298,0.13872599601745605,0.04646897315979004
20250722_120206_255,45,NO_RADIO,1,-45.0,16.183016164498298,0.1288597583770752,0.03874802589416504
20250722_120206_424,45,NO_RADIO,1,-45.0,16.183016164498298,0.134932279586792,0.04684090614318848
20250722_120206_606,45,NO_RADIO,1,-45.0,16.183016164498298,0.13663649559020996,0.04081869125366211
20250722_120206_785,45,NO_RADIO,1,-45.0,16.183016164498298,0.14015603065490723,0.045096635818481445
20250722_120206_971,45,NO_RADIO,1,-45.0,16.183016164498298,0.13284707069396973,0.045166730880737305
20250722_120207_150,45,NO_RADIO,1,-45.0,16.183016164498298,0.1398632526397705,0.04725313186645508
20250722_120207_339,46,NO_RADIO,1,-45.0,6.908805810302482,0.1290569305419922,0.04604029655456543
