Timestamp,Boresight,Jetson Detection,Rx Beam Index,Rx Beam Angle,Initial SNR (dB),Initial Max Power (dBm),Max Power (dBm),YOLO Time (s),Beam Sweep Time (s),Rx Beam Index (YOLO Predicted),Rx Beam Index (Selected),Adjustment Method,Beams Checked in Search,Adjusted Beam Index,Adjusted Beam Angle,SNR (dB),Offset Error,Beam Offset History
20250721_003750_184,-30,NO_RADIO,51,27.6,20.07053813902131,-83.44714736938477,-83.44714736938477,0.0887541770935058,0.1016645431518554,51,,CenterFallback,1,32,0.0,,,"[0, 0, 34, -8]"
20250721_003750_376,-30,51,51,27.6,19.59710183712324,-84.00418090820312,-84.00418090820312,0.2428793907165527,0.1581594944000244,51,51.0,YOLO,1,32,0.0,19.59710183712324,0.0,"[0, 0, 34, -8, 0]"
20250721_003751_419,-30,51,51,27.6,19.71686519900869,-83.83813285827637,-83.83813285827637,0.0922789573669433,0.1588165760040283,51,51.0,YOLO,1,32,0.0,19.71686519900869,0.0,"[0, 0, 34, -8, 0, 0, 0, 0, 0]"
20250721_003753_635,-30,51,51,27.6,19.3727283836278,-83.95794830322265,-83.95794830322265,0.0980165004730224,0.1584346294403076,51,51.0,YOLO,1,32,0.0,19.3727283836278,0.0,"[0, 0, 0, 0, 0, 0, 0, 0, 0, 0]"
20250721_003752_746,-30,50,50,26.1,20.28659185175316,-83.08234748840331,-83.08234748840331,0.0849297046661377,0.1581928730010986,50,50.0,YOLO,1,32,0.0,20.28659185175316,0.0,"[0, 0, 0, 0, 0, 0, 0, 0, 0, 0]"
20250721_003753_436,-30,51,51,27.6,19.558920808921087,-83.8206687927246,-83.8206687927246,0.0950815677642822,0.1021089553833007,51,51.0,YOLO,1,32,0.0,19.558920808921087,0.0,"[0, 0, 0, 0, 0, 0, 0, 0, 0, 0]"
20250721_003752_119,-30,51,51,27.6,19.708305584291665,-83.72128982543946,-83.72128982543946,0.0890660285949707,0.1017265319824218,51,51.0,YOLO,1,32,0.0,19.708305584291665,0.0,"[34, -8, 0, 0, 0, 0, 0, 0, 0, 0]"
20250721_003753_180,-30,51,51,27.6,19.52434793212637,-83.90796203613282,-83.90796203613282,0.0957787036895752,0.1585235595703125,51,51.0,YOLO,1,32,0.0,19.52434793212637,0.0,"[0, 0, 0, 0, 0, 0, 0, 0, 0, 0]"
20250721_003750_778,-30,51,51,27.6,19.68485361465474,-83.75537109375,-83.75537109375,0.0818104743957519,0.1017184257507324,51,51.0,YOLO,1,32,0.0,19.68485361465474,0.0,"[0, 0, 34, -8, 0, 0]"
20250721_003752_311,-30,51,51,27.6,19.9140706588679,-83.54349098205567,-83.54349098205567,0.083655834197998,0.158402681350708,51,51.0,YOLO,1,32,0.0,19.9140706588679,0.0,"[-8, 0, 0, 0, 0, 0, 0, 0, 0, 0]"
20250721_003753_893,-30,51,51,27.6,19.61893532147586,-83.82115936279297,-83.82115936279297,0.0932562351226806,0.1020898818969726,51,51.0,YOLO,1,32,0.0,19.61893532147586,0.0,"[0, 0, 0, 0, 0, 0, 0, 0, 0, 0]"
20250721_003751_218,-30,50,50,26.1,19.63645078613655,-83.79082794189453,-83.79082794189453,0.0977859497070312,0.1020152568817138,50,50.0,YOLO,1,32,0.0,19.63645078613655,0.0,"[0, 0, 34, -8, 0, 0, 0, 0]"
20250721_003751_865,-30,51,51,27.6,19.63294232594191,-83.8206687927246,-83.8206687927246,0.0945057868957519,0.1581876277923584,51,51.0,YOLO,1,32,0.0,19.63294232594191,0.0,"[0, 34, -8, 0, 0, 0, 0, 0, 0, 0]"
20250721_003752_555,-30,51,51,27.6,19.88833430962258,-83.73210716247559,-83.73210716247559,0.0880138874053955,0.1018245220184326,51,51.0,YOLO,1,32,0.0,19.88833430962258,0.0,"[0, 0, 0, 0, 0, 0, 0, 0, 0, 0]"
20250721_003752_991,-30,51,51,27.6,20.1366172220968,-83.34794578552246,-83.34794578552246,0.0860865116119384,0.1018126010894775,51,51.0,YOLO,1,32,0.0,20.1366172220968,0.0,"[0, 0, 0, 0, 0, 0, 0, 0, 0, 0]"
20250721_003750_963,-30,51,51,27.6,19.71317010623069,-83.77148323059082,-83.77148323059082,0.0947506427764892,0.1582350730895996,51,51.0,YOLO,1,32,0.0,19.71317010623069,0.0,"[0, 0, 34, -8, 0, 0, 0]"
20250721_003751_672,-30,51,51,27.6,19.62994956041463,-83.82349319458008,-83.82349319458008,0.0889546871185302,0.1023237705230712,51,51.0,YOLO,1,32,0.0,19.62994956041463,0.0,"[0, 0, 34, -8, 0, 0, 0, 0, 0, 0]"
20250721_003757_502,-29,50,50,26.1,20.00660633039488,-83.4793643951416,-83.4793643951416,0.0968332290649414,0.1018259525299072,50,50.0,YOLO,1,32,0.0,20.00660633039488,0.0,"[0, 0, 0, 0, 0, 0, 0, 0, 0, 0]"
20250721_003755_710,-29,50,50,26.1,20.14673725736872,-83.4190860748291,-83.4190860748291,0.088092565536499,0.1019775867462158,50,50.0,YOLO,1,32,0.0,20.14673725736872,0.0,"[0, 0, 0, 0, 0, 0, 0, 0, 0, 0]"
20250721_003755_454,-29,50,50,26.1,20.21814300833749,-83.24438972473145,-83.24438972473145,0.0962522029876709,0.158160924911499,50,50.0,YOLO,1,32,0.0,20.21814300833749,0.0,"[0, 0, 0, 0, 0, 0, 0, 0, 0, 0]"
20250721_003754_548,-29,50,50,26.1,19.92253415851276,-83.62672424316406,-83.62672424316406,0.0989618301391601,0.1585004329681396,50,50.0,YOLO,1,32,0.0,19.92253415851276,0.0,"[0, 0, 0, 0, 0, 0, 0, 0, 0, 0]"
20250721_003755_901,-29,50,50,26.1,19.78043859434341,-83.71302947998046,-83.71302947998046,0.0942206382751464,0.1584646701812744,50,50.0,YOLO,1,32,0.0,19.78043859434341,0.0,"[0, 0, 0, 0, 0, 0, 0, 0, 0, 0]"
20250721_003756_353,-29,50,50,26.1,19.88942322072145,-83.40032196044922,-83.40032196044922,0.094567060470581,0.1582231521606445,50,50.0,YOLO,1,32,0.0,19.88942322072145,0.0,"[0, 0, 0, 0, 0, 0, 0, 0, 0, 0]"
20250721_003754_807,-29,50,50,26.1,19.76321366422944,-83.53213119506836,-83.53213119506836,0.0906612873077392,0.1019201278686523,50,50.0,YOLO,1,32,0.0,19.76321366422944,0.0,"[0, 0, 0, 0, 0, 0, 0, 0, 0, 0]"
20250721_003756_804,-29,50,50,26.1,20.167990765107987,-83.12972106933594,-83.12972106933594,0.0929195880889892,0.1580798625946045,50,50.0,YOLO,1,32,0.0,20.167990765107987,0.0,"[0, 0, 0, 0, 0, 0, 0, 0, 0, 0]"
20250721_003757_252,-29,50,50,26.1,20.030699064818407,-83.46068115234375,-83.46068115234375,0.0894501209259033,0.1581325531005859,50,50.0,YOLO,1,32,0.0,20.030699064818407,0.0,"[0, 0, 0, 0, 0, 0, 0, 0, 0, 0]"
20250721_003756_156,-29,50,50,26.1,19.89085636447126,-83.54532623291016,-83.54532623291016,0.094135046005249,0.1020853519439697,50,50.0,YOLO,1,32,0.0,19.89085636447126,0.0,"[0, 0, 0, 0, 0, 0, 0, 0, 0, 0]"
20250721_003754_090,-29,51,51,27.6,18.817303796147755,-84.5144271850586,-84.5144271850586,0.1023120880126953,0.1590943336486816,51,51.0,YOLO,1,32,0.0,18.817303796147755,0.0,"[0, 0, 0, 0, 0, 0, 0, 0, 0, 0]"
20250721_003755_001,-29,50,50,26.1,19.799958689323475,-83.62543678283691,-83.62543678283691,0.0947177410125732,0.1581165790557861,50,50.0,YOLO,1,32,0.0,19.799958689323475,0.0,"[0, 0, 0, 0, 0, 0, 0, 0, 0, 0]"
20250721_003757_702,-29,50,50,26.1,19.62774725561372,-83.73306465148926,-83.73306465148926,0.1009333133697509,0.1581225395202636,50,50.0,YOLO,1,32,0.0,19.62774725561372,0.0,"[0, 0, 0, 0, 0, 0, 0, 0, 0, 0]"
20250721_003757_962,-29,50,50,26.1,19.579965258674875,-83.70083351135254,-83.70083351135254,0.0924885272979736,0.101712942123413,50,50.0,YOLO,1,32,0.0,19.579965258674875,0.0,"[0, 0, 0, 0, 0, 0, 0, 0, 0, 0]"
20250721_003755_255,-29,50,50,26.1,19.78478516901761,-83.79180145263672,-83.79180145263672,0.0953798294067382,0.1018400192260742,50,50.0,YOLO,1,32,0.0,19.78478516901761,0.0,"[0, 0, 0, 0, 0, 0, 0, 0, 0, 0]"
20250721_003757_057,-29,50,50,26.1,20.234420290400152,-83.21418151855468,-83.21418151855468,0.0926494598388671,0.1017637252807617,50,50.0,YOLO,1,32,0.0,20.234420290400152,0.0,"[0, 0, 0, 0, 0, 0, 0, 0, 0, 0]"
20250721_003756_608,-29,50,50,26.1,19.9532672900212,-83.57073974609375,-83.57073974609375,0.0933296680450439,0.1017498970031738,50,50.0,YOLO,1,32,0.0,19.9532672900212,0.0,"[0, 0, 0, 0, 0, 0, 0, 0, 0, 0]"
20250721_003801_767,-28,50,50,26.1,19.291747658058146,-84.24639892578125,-84.24639892578125,0.0971739292144775,0.1582293510437011,50,50.0,YOLO,1,32,0.0,19.291747658058146,0.0,"[0, 0, 0, 0, 0, 0, 0, 0, 0, 0]"
20250721_003758_418,-28,50,50,26.1,19.14077958073473,-84.16007614135742,-84.16007614135742,0.094308853149414,0.1017718315124511,50,50.0,YOLO,1,32,0.0,19.14077958073473,0.0,"[0, 0, 0, 0, 0, 0, 0, 0, 0, 0]"
20250721_003759_321,-28,50,50,26.1,18.95710666959721,-84.46574401855469,-84.46574401855469,0.0888888835906982,0.1017897129058837,50,50.0,YOLO,1,32,0.0,18.95710666959721,0.0,"[0, 0, 0, 0, 0, 0, 0, 0, 0, 0]"
20250721_003758_158,-28,50,50,26.1,19.24373462625473,-83.93924446105957,-83.93924446105957,0.100212812423706,0.1582717895507812,50,50.0,YOLO,1,32,0.0,19.24373462625473,0.0,"[0, 0, 0, 0, 0, 0, 0, 0, 0, 0]"
20250721_003800_411,-28,50,50,26.1,19.076159166815444,-84.38672637939453,-84.38672637939453,0.0981075763702392,0.1582133769989013,50,50.0,YOLO,1,32,0.0,19.076159166815444,0.0,"[0, 0, 0, 0, 0, 0, 0, 0, 0, 0]"
20250721_003759_763,-28,50,50,26.1,19.651610047158087,-83.68285217285157,-83.68285217285157,0.0929534435272216,0.1017398834228515,50,50.0,YOLO,1,32,0.0,19.651610047158087,0.0,"[0, 0, 0, 0, 0, 0, 0, 0, 0, 0]"
20250721_003759_066,-28,50,50,26.1,18.8092613076594,-84.48800735473633,-84.48800735473633,0.0954318046569824,0.1581473350524902,50,50.0,YOLO,1,32,0.0,18.8092613076594,0.0,"[0, 0, 0, 0, 0, 0, 0, 0, 0, 0]"
20250721_003800_867,-28,50,50,26.1,19.007239418888645,-84.33114624023438,-84.33114624023438,0.0965316295623779,0.1580884456634521,50,50.0,YOLO,1,32,0.0,19.007239418888645,0.0,"[0, 0, 0, 0, 0, 0, 0, 0, 0, 0]"
20250721_003759_959,-28,50,50,26.1,19.471208962012057,-83.9123306274414,-83.9123306274414,0.0949635505676269,0.1582293510437011,50,50.0,YOLO,1,32,0.0,19.471208962012057,0.0,"[0, 0, 0, 0, 0, 0, 0, 0, 0, 0]"
20250721_003758_873,-28,50,50,26.1,19.26396348764223,-84.0738754272461,-84.0738754272461,0.0897707939147949,0.1018109321594238,50,50.0,YOLO,1,32,0.0,19.26396348764223,0.0,"[0, 0, 0, 0, 0, 0, 0, 0, 0, 0]"
20250721_003759_513,-28,49,49,24.7,19.722628339649845,-83.72621536254883,-83.72621536254883,0.0897150039672851,0.1582140922546386,49,49.0,YOLO,1,32,0.0,19.722628339649845,0.0,"[0, 0, 0, 0, 0, 0, 0, 0, 0, 0]"
20250721_003801_123,-28,50,50,26.1,19.01173847778206,-84.35287857055664,-84.35287857055664,0.09415864944458,0.1018054485321044,50,50.0,YOLO,1,32,0.0,19.01173847778206,0.0,"[0, 0, 0, 0, 0, 0, 0, 0, 0, 0]"
20250721_003758_615,-28,50,50,26.1,19.294212322295223,-84.01956939697266,-84.01956939697266,0.0979402065277099,0.158158540725708,50,50.0,YOLO,1,32,0.0,19.294212322295223,0.0,"[0, 0, 0, 0, 0, 0, 0, 0, 0, 0]"
20250721_003801_320,-28,50,50,26.1,18.841334933740725,-84.50004577636719,-84.50004577636719,0.0933146476745605,0.1581678390502929,50,50.0,YOLO,1,32,0.0,18.841334933740725,0.0,"[0, 0, 0, 0, 0, 0, 0, 0, 0, 0]"
20250721_003800_669,-28,50,50,26.1,19.079659939110783,-84.2543888092041,-84.2543888092041,0.0942845344543457,0.1017725467681884,50,50.0,YOLO,1,32,0.0,19.079659939110783,0.0,"[0, 0, 0, 0, 0, 0, 0, 0, 0, 0]"
20250721_003801_573,-28,50,50,26.1,19.00612967348151,-84.46503295898438,-84.46503295898438,0.0907437801361084,0.1017501354217529,50,50.0,YOLO,1,32,0.0,19.00612967348151,0.0,"[0, 0, 0, 0, 0, 0, 0, 0, 0, 0]"
20250721_003800_214,-28,50,50,26.1,19.62343140921084,-83.74089050292969,-83.74089050292969,0.0945582389831543,0.1018013954162597,50,50.0,YOLO,1,32,0.0,19.62343140921084,0.0,"[0, 0, 0, 0, 0, 0, 0, 0, 0, 0]"
20250721_003805_606,-27,49,49,24.7,19.305529503341887,-84.14881324768066,-84.14881324768066,0.092261791229248,0.1016907691955566,49,49.0,YOLO,1,32,0.0,19.305529503341887,0.0,"[0, 0, 0, 0, 0, 0, 0, 0, 0, 0]"
20250721_003803_107,-27,49,49,24.7,19.374229728043417,-84.12623596191406,-84.12623596191406,0.0906894207000732,0.1582167148590088,49,49.0,YOLO,1,32,0.0,19.374229728043417,0.0,"[0, 0, 0, 0, 0, 0, 0, 0, 0, 0]"
20250721_003804_255,-27,49,49,24.7,19.24645442583619,-84.18990325927734,-84.18990325927734,0.0932419300079345,0.1017823219299316,49,49.0,YOLO,1,32,0.0,19.24645442583619,0.0,"[0, 0, 0, 0, 0, 0, 0, 0, 0, 0]"
20250721_003803_551,-27,49,49,24.7,19.70650821577777,-83.72621536254883,-83.72621536254883,0.0968580245971679,0.1582067012786865,49,49.0,YOLO,1,32,0.0,19.70650821577777,0.0,"[0, 0, 0, 0, 0, 0, 0, 0, 0, 0]"
20250721_003802_024,-27,50,50,26.1,19.096412480357827,-84.2543888092041,-84.2543888092041,0.0931556224822998,0.1018061637878418,50,50.0,YOLO,1,32,0.0,19.096412480357827,0.0,"[0, 0, 0, 0, 0, 0, 0, 0, 0, 0]"
20250721_003802_470,-27,49,49,24.7,19.50514281674749,-83.8794921875,-83.8794921875,0.092548131942749,0.1018884181976318,49,49.0,YOLO,1,32,0.0,19.50514281674749,0.0,"[0, 0, 0, 0, 0, 0, 0, 0, 0, 0]"
20250721_003804_452,-27,49,49,24.7,19.381365123618806,-83.94609985351563,-83.94609985351563,0.0964128971099853,0.1581881046295166,49,49.0,YOLO,1,32,0.0,19.381365123618806,0.0,"[0, 0, 0, 0, 0, 0, 0, 0, 0, 0]"
20250721_003804_708,-27,49,49,24.7,19.50292930096741,-83.99394989013672,-83.99394989013672,0.0941419601440429,0.1017653942108154,49,49.0,YOLO,1,32,0.0,19.50292930096741,0.0,"[0, 0, 0, 0, 0, 0, 0, 0, 0, 0]"
20250721_003803_358,-27,49,49,24.7,19.19946007576685,-84.25548324584962,-84.25548324584962,0.0902614593505859,0.1018285751342773,49,49.0,YOLO,1,32,0.0,19.19946007576685,0.0,"[0, 0, 0, 0, 0, 0, 0, 0, 0, 0]"
20250721_003805_801,-27,49,49,24.7,19.553013194221265,-83.79424285888672,-83.79424285888672,0.0961148738861084,0.1581671237945556,49,49.0,YOLO,1,32,0.0,19.553013194221265,0.0,"[0, 0, 0, 0, 0, 0, 0, 0, 0, 0]"
20250721_003805_351,-27,49,49,24.7,19.364670776193023,-83.9921688079834,-83.9921688079834,0.0952098369598388,0.1582186222076416,49,49.0,YOLO,1,32,0.0,19.364670776193023,0.0,"[0, 0, 0, 0, 0, 0, 0, 0, 0, 0]"
20250721_003802_915,-27,49,49,24.7,19.31079963972624,-84.03501892089844,-84.03501892089844,0.0890522003173828,0.1017582416534423,49,49.0,YOLO,1,32,0.0,19.31079963972624,0.0,"[0, 0, 0, 0, 0, 0, 0, 0, 0, 0]"
20250721_003805_157,-27,49,49,24.7,19.572736849777897,-83.74318084716796,-83.74318084716796,0.0905306339263916,0.1017217636108398,49,49.0,YOLO,1,32,0.0,19.572736849777897,0.0,"[0, 0, 0, 0, 0, 0, 0, 0, 0, 0]"
20250721_003803_808,-27,49,49,24.7,19.57800286378631,-83.83837890625,-83.83837890625,0.0933301448822021,0.1017317771911621,49,49.0,YOLO,1,32,0.0,19.57800286378631,0.0,"[0, 0, 0, 0, 0, 0, 0, 0, 0, 0]"
20250721_003804_004,-27,49,49,24.7,19.198113529813128,-84.18990325927734,-84.18990325927734,0.0912919044494628,0.1581435203552246,49,49.0,YOLO,1,32,0.0,19.198113529813128,0.0,"[0, 0, 0, 0, 0, 0, 0, 0, 0, 0]"
20250721_003802_220,-27,49,49,24.7,19.517378700165665,-83.99394989013672,-83.99394989013672,0.0899713039398193,0.1581776142120361,49,49.0,YOLO,1,32,0.0,19.517378700165665,0.0,"[0, 0, 0, 0, 0, 0, 0, 0, 0, 0]"
20250721_003804_905,-27,49,49,24.7,19.712596534970743,-83.6782054901123,-83.6782054901123,0.0927159786224365,0.1581838130950927,49,49.0,YOLO,1,32,0.0,19.712596534970743,0.0,"[0, 0, 0, 0, 0, 0, 0, 0, 0, 0]"
20250721_003806_963,-26,48,48,23.2,19.593167180853484,-83.78997993469238,-83.78997993469238,0.0947179794311523,0.1017191410064697,48,48.0,YOLO,1,32,0.0,19.593167180853484,0.0,"[0, 0, 0, 0, 0, 0, 0, 0, 0, 0]"
20250721_003806_520,-26,48,48,23.2,18.13843921540203,-85.13900756835938,-85.13900756835938,0.0895969867706298,0.1018075942993164,48,48.0,YOLO,1,32,0.0,18.13843921540203,0.0,"[0, 0, 0, 0, 0, 0, 0, 0, 0, 0]"
20250721_003807_614,-26,48,48,23.2,19.956952955188967,-83.34937286376953,-83.34937286376953,0.0931198596954345,0.1582169532775879,48,48.0,YOLO,1,32,0.0,19.956952955188967,0.0,"[0, 0, 0, 0, 0, 0, 0, 0, 0, 0]"
20250721_003806_057,-26,49,49,24.7,19.633035472314788,-83.63788604736328,-83.63788604736328,0.0950417518615722,0.101733922958374,49,49.0,YOLO,1,32,0.0,19.633035472314788,0.0,"[0, 0, 0, 0, 0, 0, 0, 0, 0, 0]"
20250721_003807_419,-26,48,48,23.2,19.83600762807022,-83.59060630798339,-83.59060630798339,0.0913875102996826,0.1018095016479492,48,48.0,YOLO,1,32,0.0,19.83600762807022,0.0,"[0, 0, 0, 0, 0, 0, 0, 0, 0, 0]"
20250721_003808_514,-26,48,48,23.2,19.995786620684346,-83.37056121826171,-83.37056121826171,0.0911927223205566,0.1581871509552002,48,48.0,YOLO,1,32,0.0,19.995786620684346,0.0,"[0, 0, 0, 0, 0, 0, 0, 0, 0, 0]"
20250721_003808_321,-26,48,48,23.2,19.86218554694288,-83.54532623291016,-83.54532623291016,0.0897829532623291,0.101877212524414,48,48.0,YOLO,1,32,0.0,19.86218554694288,0.0,"[0, 0, 0, 0, 0, 0, 0, 0, 0, 0]"
20250721_003807_866,-26,48,48,23.2,19.89784099019616,-83.51512985229492,-83.51512985229492,0.0939586162567138,0.1017582416534423,48,48.0,YOLO,1,32,0.0,19.89784099019616,0.0,"[0, 0, 0, 0, 0, 0, 0, 0, 0, 0]"
20250721_003808_765,-26,48,48,23.2,19.80661767444396,-83.5916519165039,-83.5916519165039,0.0958962440490722,0.1018106937408447,48,48.0,YOLO,1,32,0.0,19.80661767444396,0.0,"[0, 0, 0, 0, 0, 0, 0, 0, 0, 0]"
20250721_003809_681,-26,48,48,23.2,19.878200427247734,-83.41986618041992,-83.41986618041992,0.1079688072204589,0.1017484664916992,48,48.0,YOLO,1,32,0.0,19.878200427247734,0.0,"[0, 0, 0, 0, 0, 0, 0, 0, 0, 0]"
20250721_003809_424,-26,48,48,23.2,19.93479650269427,-83.35355491638184,-83.35355491638184,0.0968756675720214,0.1582200527191162,48,48.0,YOLO,1,32,0.0,19.93479650269427,0.0,"[0, 0, 0, 0, 0, 0, 0, 0, 0, 0]"
20250721_003809_892,-26,48,48,23.2,19.58373711081161,-83.67678756713867,-83.67678756713867,0.0900971889495849,0.1581931114196777,48,48.0,YOLO,1,32,0.0,19.58373711081161,0.0,"[0, 0, 0, 0, 0, 0, 0, 0, 0, 0]"
20250721_003808_063,-26,48,48,23.2,19.75460003280965,-83.6782054901123,-83.6782054901123,0.0981295108795166,0.1581177711486816,48,48.0,YOLO,1,32,0.0,19.75460003280965,0.0,"[0, 0, 0, 0, 0, 0, 0, 0, 0, 0]"
20250721_003809_222,-26,48,48,23.2,19.703527398304487,-83.78889465332031,-83.78889465332031,0.0986816883087158,0.101778507232666,48,48.0,YOLO,1,32,0.0,19.703527398304487,0.0,"[0, 0, 0, 0, 0, 0, 0, 0, 0, 0]"
20250721_003807_161,-26,48,48,23.2,19.81616498353937,-83.51547241210938,-83.51547241210938,0.0983965396881103,0.1581840515136718,48,48.0,YOLO,1,32,0.0,19.81616498353937,0.0,"[0, 0, 0, 0, 0, 0, 0, 0, 0, 0]"
20250721_003808_964,-26,48,48,23.2,19.71702038844261,-83.70249938964844,-83.70249938964844,0.0983951091766357,0.1582849025726318,48,48.0,YOLO,1,32,0.0,19.71702038844261,0.0,"[0, 0, 0, 0, 0, 0, 0, 0, 0, 0]"
20250721_003806_256,-26,49,49,24.7,18.406030361234045,-84.88707733154297,-84.88707733154297,0.1043164730072021,0.1581337451934814,49,49.0,YOLO,1,32,0.0,18.406030361234045,0.0,"[0, 0, 0, 0, 0, 0, 0, 0, 0, 0]"
20250721_003813_943,-25,47,47,21.8,19.52470173005153,-83.88048553466797,-83.88048553466797,0.0914320945739746,0.1581783294677734,47,47.0,YOLO,1,32,0.0,19.52470173005153,0.0,"[0, 0, 0, 0, 0, 0, 0, 0, 0, 0]"
20250721_003813_033,-25,47,47,21.8,19.73684993473168,-83.70166473388672,-83.70166473388672,0.0901906490325927,0.1582093238830566,47,47.0,YOLO,1,32,0.0,19.73684993473168,0.0,"[0, 0, 0, 0, 0, 0, 0, 0, 0, 0]"
20250721_003810_592,-25,47,47,21.8,18.72900939563253,-84.63991241455078,-84.63991241455078,0.0835940837860107,0.1018209457397461,47,47.0,YOLO,1,32,0.0,18.72900939563253,0.0,"[0, 0, 0, 0, 0, 0, 0, 0, 0, 0]"
20250721_003810_779,-25,47,47,21.8,19.37319245536644,-84.01187133789062,-84.01187133789062,0.0950205326080322,0.158250093460083,47,47.0,YOLO,1,32,0.0,19.37319245536644,0.0,"[0, 0, 0, 0, 0, 0, 0, 0, 0, 0]"
20250721_003811_230,-25,48,48,23.2,18.710046155310053,-84.74569778442383,-84.74569778442383,0.0957255363464355,0.1581652164459228,48,48.0,YOLO,1,32,0.0,18.710046155310053,0.0,"[0, 0, 0, 0, 0, 0, 0, 0, 0, 0]"
20250721_003813_753,-25,47,47,21.8,19.489951879355147,-83.79412078857422,-83.79412078857422,0.0872199535369873,0.101771593093872,47,47.0,YOLO,1,32,0.0,19.489951879355147,0.0,"[0, 0, 0, 0, 0, 0, 0, 0, 0, 0]"
20250721_003811_485,-25,47,47,21.8,18.86081078614044,-84.33943939208984,-84.33943939208984,0.0895009040832519,0.1017727851867675,47,47.0,YOLO,1,32,0.0,18.86081078614044,0.0,"[0, 0, 0, 0, 0, 0, 0, 0, 0, 0]"
20250721_003812_576,-25,48,48,23.2,19.34385749981807,-84.0399185180664,-84.0399185180664,0.1009967327117919,0.158221960067749,48,48.0,YOLO,1,32,0.0,19.34385749981807,0.0,"[0, 0, 0, 0, 0, 0, 0, 0, 0, 0]"
20250721_003810_142,-25,48,48,23.2,19.46200132902669,-83.83062477111817,-83.83062477111817,0.0898902416229248,0.1017539501190185,48,48.0,YOLO,1,32,0.0,19.46200132902669,0.0,"[0, 0, 0, 0, 0, 0, 0, 0, 0, 0]"
20250721_003812_381,-25,48,48,23.2,19.27889728608487,-84.17922973632812,-84.17922973632812,0.0922787189483642,0.1018171310424804,48,48.0,YOLO,1,32,0.0,19.27889728608487,0.0,"[0, 0, 0, 0, 0, 0, 0, 0, 0, 0]"
20250721_003811_930,-25,48,48,23.2,19.31248338038345,-83.95832824707031,-83.95832824707031,0.0902545452117919,0.1017687320709228,48,48.0,YOLO,1,32,0.0,19.31248338038345,0.0,"[0, 0, 0, 0, 0, 0, 0, 0, 0, 0]"
20250721_003812_124,-25,48,48,23.2,19.261482668150848,-84.21281394958496,-84.21281394958496,0.0976765155792236,0.1581742763519287,48,48.0,YOLO,1,32,0.0,19.261482668150848,0.0,"[0, 0, 0, 0, 0, 0, 0, 0, 0, 0]"
20250721_003811_678,-25,48,48,23.2,19.259067583186702,-84.08429718017578,-84.08429718017578,0.0923347473144531,0.1581816673278808,48,48.0,YOLO,1,32,0.0,19.259067583186702,0.0,"[0, 0, 0, 0, 0, 0, 0, 0, 0, 0]"
20250721_003811_034,-25,47,47,21.8,19.4816613133204,-83.89007568359375,-83.89007568359375,0.0927023887634277,0.1018035411834716,47,47.0,YOLO,1,32,0.0,19.4816613133204,0.0,"[0, 0, 0, 0, 0, 0, 0, 0, 0, 0]"
20250721_003813_283,-25,47,47,21.8,19.5995377362445,-83.72645568847656,-83.72645568847656,0.0907466411590576,0.1017966270446777,47,47.0,YOLO,1,32,0.0,19.5995377362445,0.0,"[0, 0, 0, 0, 0, 0, 0, 0, 0, 0]"
20250721_003810_335,-25,48,48,23.2,18.76070722737332,-84.56628303527832,-84.56628303527832,0.0981242656707763,0.1581389904022216,48,48.0,YOLO,1,32,0.0,18.76070722737332,0.0,"[0, 0, 0, 0, 0, 0, 0, 0, 0, 0]"
20250721_003812_837,-25,48,48,23.2,19.177672902637298,-84.18990325927734,-84.18990325927734,0.0921177864074707,0.1020600795745849,48,48.0,YOLO,1,32,0.0,19.177672902637298,0.0,"[0, 0, 0, 0, 0, 0, 0, 0, 0, 0]"
20250721_003817_109,-24,47,47,21.8,18.77799318063165,-84.55784606933594,-84.55784606933594,0.094024658203125,0.1582369804382324,47,47.0,YOLO,1,32,0.0,18.77799318063165,0.0,"[0, 0, 0, 0, 0, 0, 0, 0, 0, 0]"
20250721_003816_660,-24,47,47,21.8,18.736022420670068,-84.55567512512208,-84.55567512512208,0.0950675010681152,0.1580643653869629,47,47.0,YOLO,1,32,0.0,18.736022420670068,0.0,"[0, 0, 0, 0, 0, 0, 0, 0, 0, 0]"
20250721_003817_557,-24,47,47,21.8,18.71765750555815,-84.69976043701172,-84.69976043701172,0.0953731536865234,0.1582441329956054,47,47.0,YOLO,1,32,0.0,18.71765750555815,0.0,"[0, 0, 0, 0, 0, 0, 0, 0, 0, 0]"
20250721_003815_304,-24,47,47,21.8,18.7405318410102,-84.65417213439942,-84.65417213439942,0.0960490703582763,0.1581652164459228,47,47.0,YOLO,1,32,0.0,18.7405318410102,0.0,"[0, 0, 0, 0, 0, 0, 0, 0, 0, 0]"
20250721_003816_016,-24,47,47,21.8,18.771286223773245,-84.5661376953125,-84.5661376953125,0.0938079357147216,0.1017546653747558,47,47.0,YOLO,1,32,0.0,18.771286223773245,0.0,"[0, 0, 0, 0, 0, 0, 0, 0, 0, 0]"
20250721_003814_847,-24,47,47,21.8,18.72405058681781,-84.64006042480469,-84.64006042480469,0.097435712814331,0.1582105159759521,47,47.0,YOLO,1,32,0.0,18.72405058681781,0.0,"[0, 0, 0, 0, 0, 0, 0, 0, 0, 0]"
20250721_003816_914,-24,47,47,21.8,18.734406736606445,-84.56060752868652,-84.56060752868652,0.0913519859313964,0.1017019748687744,47,47.0,YOLO,1,32,0.0,18.734406736606445,0.0,"[0, 0, 0, 0, 0, 0, 0, 0, 0, 0]"
20250721_003814_393,-24,47,47,21.8,18.20296124404811,-85.142333984375,-85.142333984375,0.0987870693206787,0.158219575881958,47,47.0,YOLO,1,32,0.0,18.20296124404811,0.0,"[0, 0, 0, 0, 0, 0, 0, 0, 0, 0]"
20250721_003815_560,-24,47,47,21.8,18.74398963178372,-84.56657409667969,-84.56657409667969,0.0946931838989257,0.1018123626708984,47,47.0,YOLO,1,32,0.0,18.74398963178372,0.0,"[0, 0, 0, 0, 0, 0, 0, 0, 0, 0]"
20250721_003816_213,-24,47,47,21.8,18.68459929623009,-84.63946838378907,-84.63946838378907,0.0940494537353515,0.1582794189453125,47,47.0,YOLO,1,32,0.0,18.68459929623009,0.0,"[0, 0, 0, 0, 0, 0, 0, 0, 0, 0]"
20250721_003815_104,-24,47,47,21.8,18.37181107119997,-84.9217300415039,-84.9217300415039,0.096285343170166,0.1018059253692627,47,47.0,YOLO,1,32,0.0,18.37181107119997,0.0,"[0, 0, 0, 0, 0, 0, 0, 0, 0, 0]"
20250721_003816_467,-24,47,47,21.8,18.820781028217,-84.48857879638672,-84.48857879638672,0.0899913311004638,0.101769208908081,47,47.0,YOLO,1,32,0.0,18.820781028217,0.0,"[0, 0, 0, 0, 0, 0, 0, 0, 0, 0]"
20250721_003814_194,-24,47,47,21.8,19.475389983105785,-83.93949546813965,-83.93949546813965,0.0952167510986328,0.1017725467681884,47,47.0,YOLO,1,32,0.0,19.475389983105785,0.0,"[0, 0, 0, 0, 0, 0, 0, 0, 0, 0]"
20250721_003817_363,-24,47,47,21.8,18.60683082897546,-84.74645042419434,-84.74645042419434,0.0908241271972656,0.1019635200500488,47,47.0,YOLO,1,32,0.0,18.60683082897546,0.0,"[0, 0, 0, 0, 0, 0, 0, 0, 0, 0]"
20250721_003814_651,-24,47,47,21.8,18.167565683873704,-85.01121520996094,-85.01121520996094,0.0928421020507812,0.1017391681671142,47,47.0,YOLO,1,32,0.0,18.167565683873704,0.0,"[0, 0, 0, 0, 0, 0, 0, 0, 0, 0]"
20250721_003815_758,-24,47,47,21.8,18.83301150845301,-84.55784606933594,-84.55784606933594,0.0986442565917968,0.1581349372863769,47,47.0,YOLO,1,32,0.0,18.83301150845301,0.0,"[0, 0, 0, 0, 0, 0, 0, 0, 0, 0]"
20250721_003817_812,-24,47,47,21.8,18.767771192447697,-84.63991241455078,-84.63991241455078,0.0909161567687988,0.1018307209014892,47,47.0,YOLO,1,32,0.0,18.767771192447697,0.0,"[0, 0, 0, 0, 0, 0, 0, 0, 0, 0]"
20250721_003820_959,-23,46,46,20.3,19.031645819016816,-84.24639892578125,-84.24639892578125,0.090566873550415,0.1017897129058837,46,46.0,YOLO,1,32,0.0,19.031645819016816,0.0,"[0, 0, 0, 0, 0, 0, 0, 0, 0, 0]"
20250721_003818_265,-23,47,47,21.8,17.567296221512308,-85.67995719909668,-85.67995719909668,0.0841367244720459,0.1017954349517822,47,47.0,YOLO,1,32,0.0,17.567296221512308,0.0,"[0, 0, 0, 0, 0, 0, 0, 0, 0, 0]"
20250721_003818_707,-23,46,46,20.3,18.52330442184362,-84.69976043701172,-84.69976043701172,0.0911428928375244,0.1017327308654785,46,46.0,YOLO,1,32,0.0,18.52330442184362,0.0,"[0, 0, 0, 0, 0, 0, 0, 0, 0, 0]"
20250721_003820_058,-23,46,46,20.3,18.47650682544148,-84.85580444335938,-84.85580444335938,0.0885274410247802,0.1018040180206298,46,46.0,YOLO,1,32,0.0,18.47650682544148,0.0,"[0, 0, 0, 0, 0, 0, 0, 0, 0, 0]"
20250721_003819_803,-23,46,46,20.3,18.61017050482198,-84.73431663513183,-84.73431663513183,0.0947115421295166,0.1581473350524902,46,46.0,YOLO,1,32,0.0,18.61017050482198,0.0,"[0, 0, 0, 0, 0, 0, 0, 0, 0, 0]"
20250721_003820_701,-23,46,46,20.3,19.064152178554608,-84.34470138549804,-84.34470138549804,0.0985989570617675,0.1581382751464843,46,46.0,YOLO,1,32,0.0,19.064152178554608,0.0,"[0, 0, 0, 0, 0, 0, 0, 0, 0, 0]"
20250721_003819_351,-23,46,46,20.3,18.72840639095851,-84.5144271850586,-84.5144271850586,0.0944743156433105,0.1582496166229248,46,46.0,YOLO,1,32,0.0,18.72840639095851,0.0,"[0, 0, 0, 0, 0, 0, 0, 0, 0, 0]"
20250721_003821_610,-23,46,46,20.3,19.00308289912413,-84.3532943725586,-84.3532943725586,0.0982110500335693,0.1581563949584961,46,46.0,YOLO,1,32,0.0,19.00308289912413,0.0,"[0, 0, 0, 0, 0, 0, 0, 0, 0, 0]"
20250721_003821_153,-23,46,46,20.3,18.839896747032668,-84.47386169433594,-84.47386169433594,0.0986063480377197,0.1581668853759765,46,46.0,YOLO,1,32,0.0,18.839896747032668,0.0,"[0, 0, 0, 0, 0, 0, 0, 0, 0, 0]"
20250721_003818_006,-23,47,47,21.8,18.36602503493674,-85.07367248535157,-85.07367248535157,0.0992569923400878,0.1581339836120605,47,47.0,YOLO,1,32,0.0,18.36602503493674,0.0,"[0, 0, 0, 0, 0, 0, 0, 0, 0, 0]"
20250721_003821_868,-23,46,46,20.3,19.086969055112448,-84.25154495239258,-84.25154495239258,0.090663194656372,0.1017723083496093,46,46.0,YOLO,1,32,0.0,19.086969055112448,0.0,"[0, 0, 0, 0, 0, 0, 0, 0, 0, 0]"
20250721_003820_250,-23,46,46,20.3,18.875091756297707,-84.40592079162597,-84.40592079162597,0.092987060546875,0.1582741737365722,46,46.0,YOLO,1,32,0.0,18.875091756297707,0.0,"[0, 0, 0, 0, 0, 0, 0, 0, 0, 0]"
20250721_003819_152,-23,46,46,20.3,18.54001031758507,-84.71421089172364,-84.71421089172364,0.0955297946929931,0.1017847061157226,46,46.0,YOLO,1,32,0.0,18.54001031758507,0.0,"[0, 0, 0, 0, 0, 0, 0, 0, 0, 0]"
20250721_003819_605,-23,46,46,20.3,18.92957360225837,-84.39750595092774,-84.39750595092774,0.0952556133270263,0.1017141342163086,46,46.0,YOLO,1,32,0.0,18.92957360225837,0.0,"[0, 0, 0, 0, 0, 0, 0, 0, 0, 0]"
20250721_003820_502,-23,46,46,20.3,18.767369427809925,-84.51370811462402,-84.51370811462402,0.0955815315246582,0.101762056350708,46,46.0,YOLO,1,32,0.0,18.767369427809925,0.0,"[0, 0, 0, 0, 0, 0, 0, 0, 0, 0]"
20250721_003818_453,-23,46,46,20.3,18.51548994044033,-84.69976043701172,-84.69976043701172,0.0943765640258789,0.1583003997802734,46,46.0,YOLO,1,32,0.0,18.51548994044033,0.0,"[0, 0, 0, 0, 0, 0, 0, 0, 0, 0]"
20250721_003818_901,-23,46,46,20.3,18.5827989262079,-84.69045028686523,-84.69045028686523,0.0913166999816894,0.1582107543945312,46,46.0,YOLO,1,32,0.0,18.5827989262079,0.0,"[0, 0, 0, 0, 0, 0, 0, 0, 0, 0]"
20250721_003822_313,-22,46,46,20.3,17.08967665878616,-86.15659370422364,-86.15659370422364,0.0878210067749023,0.1017329692840576,46,46.0,YOLO,1,32,0.0,17.08967665878616,0.0,"[0, 0, 0, 0, 0, 0, 0, 0, 0, 0]"
20250721_003825_200,-22,45,45,18.9,19.194158902488496,-84.14470672607422,-84.14470672607422,0.0942163467407226,0.1585080623626709,45,45.0,YOLO,1,32,0.0,19.194158902488496,0.0,"[0, 0, 0, 0, 0, 0, 0, 0, 0, 0]"
20250721_003823_202,-22,45,45,18.9,19.314897204877767,-84.10259246826172,-84.10259246826172,0.0963597297668457,0.1017820835113525,45,45.0,YOLO,1,32,0.0,19.314897204877767,0.0,"[0, 0, 0, 0, 0, 0, 0, 0, 0, 0]"
20250721_003825_455,-22,45,45,18.9,19.273301082224776,-83.97101593017578,-83.97101593017578,0.0886538028717041,0.1020560264587402,45,45.0,YOLO,1,32,0.0,19.273301082224776,0.0,"[0, 0, 0, 0, 0, 0, 0, 0, 0, 0]"
20250721_003824_754,-22,45,45,18.9,19.616905529304148,-83.6289493560791,-83.6289493560791,0.0912716388702392,0.1587781906127929,45,45.0,YOLO,1,32,0.0,19.616905529304148,0.0,"[0, 0, 0, 0, 0, 0, 0, 0, 0, 0]"
20250721_003823_654,-22,45,45,18.9,19.443784626578942,-83.771000289917,-83.771000289917,0.0907864570617675,0.1017506122589111,45,45.0,YOLO,1,32,0.0,19.443784626578942,0.0,"[0, 0, 0, 0, 0, 0, 0, 0, 0, 0]"
20250721_003822_951,-22,45,45,18.9,19.060069876395843,-84.2543888092041,-84.2543888092041,0.0917146205902099,0.1583237648010254,45,45.0,YOLO,1,32,0.0,19.060069876395843,0.0,"[0, 0, 0, 0, 0, 0, 0, 0, 0, 0]"
20250721_003822_755,-22,45,45,18.9,19.50220216109461,-83.74559173583984,-83.74559173583984,0.0924460887908935,0.1017673015594482,45,45.0,YOLO,1,32,0.0,19.50220216109461,0.0,"[0, 0, 0, 0, 0, 0, 0, 0, 0, 0]"
20250721_003822_062,-22,46,46,20.3,17.517485329247535,-85.86482238769531,-85.86482238769531,0.0913641452789306,0.1581640243530273,46,46.0,YOLO,1,32,0.0,17.517485329247535,0.0,"[0, 0, 0, 0, 0, 0, 0, 0, 0, 0]"
20250721_003825_647,-22,45,45,18.9,19.19565703017352,-84.18936958312989,-84.18936958312989,0.0989549160003662,0.158869981765747,45,45.0,YOLO,1,32,0.0,19.19565703017352,0.0,"[0, 0, 0, 0, 0, 0, 0, 0, 0, 0]"
20250721_003822_504,-22,45,45,18.9,19.68716241208915,-83.74571228027344,-83.74571228027344,0.0916073322296142,0.1582357883453369,45,45.0,YOLO,1,32,0.0,19.68716241208915,0.0,"[0, 0, 0, 0, 0, 0, 0, 0, 0, 0]"
20250721_003824_559,-22,45,45,18.9,19.29983764147589,-84.0399185180664,-84.0399185180664,0.0918686389923095,0.1017560958862304,45,45.0,YOLO,1,32,0.0,19.29983764147589,0.0,"[0, 0, 0, 0, 0, 0, 0, 0, 0, 0]"
20250721_003825_908,-22,45,45,18.9,19.24388232386505,-84.03244018554688,-84.03244018554688,0.0901556015014648,0.1020734310150146,45,45.0,YOLO,1,32,0.0,19.24388232386505,0.0,"[0, 0, 0, 0, 0, 0, 0, 0, 0, 0]"
20250721_003824_104,-22,45,45,18.9,19.479820803854523,-83.79180145263672,-83.79180145263672,0.093327522277832,0.1019027233123779,45,45.0,YOLO,1,32,0.0,19.479820803854523,0.0,"[0, 0, 0, 0, 0, 0, 0, 0, 0, 0]"
20250721_003823_848,-22,45,45,18.9,19.496559659315903,-83.82115936279297,-83.82115936279297,0.0964338779449462,0.1582396030426025,45,45.0,YOLO,1,32,0.0,19.496559659315903,0.0,"[0, 0, 0, 0, 0, 0, 0, 0, 0, 0]"
20250721_003824_301,-22,45,45,18.9,19.349978273593507,-84.04224662780761,-84.04224662780761,0.0983872413635253,0.1582164764404297,45,45.0,YOLO,1,32,0.0,19.349978273593507,0.0,"[0, 0, 0, 0, 0, 0, 0, 0, 0, 0]"
20250721_003823_402,-22,45,45,18.9,19.475498101649904,-83.50862121582031,-83.50862121582031,0.0917234420776367,0.1584951877593994,45,45.0,YOLO,1,32,0.0,19.475498101649904,0.0,"[0, 0, 0, 0, 0, 0, 0, 0, 0, 0]"
20250721_003829_977,-21,45,45,18.9,18.726564010894748,-84.5958251953125,-84.5958251953125,0.0934464931488037,0.1019859313964843,45,45.0,YOLO,1,32,0.0,18.726564010894748,0.0,"[0, 0, 0, 0, 0, 0, 0, 0, 0, 0]"
20250721_003828_626,-21,45,45,18.9,18.96410408369276,-84.43071479797364,-84.43071479797364,0.0948092937469482,0.1017789840698242,45,45.0,YOLO,1,32,0.0,18.96410408369276,0.0,"[0, 0, 0, 0, 0, 0, 0, 0, 0, 0]"
20250721_003827_715,-21,45,45,18.9,20.263696636829152,-83.18058280944824,-83.18058280944824,0.0914709568023681,0.1020774841308593,45,45.0,YOLO,1,32,0.0,20.263696636829152,0.0,"[0, 0, 0, 0, 0, 0, 0, 0, 0, 0]"
20250721_003829_077,-21,45,45,18.9,18.89773267729701,-84.37443656921387,-84.37443656921387,0.0884952545166015,0.1018736362457275,45,45.0,YOLO,1,32,0.0,18.89773267729701,0.0,"[0, 0, 0, 0, 0, 0, 0, 0, 0, 0]"
20250721_003826_101,-21,45,45,18.9,18.17276737848097,-85.11447219848633,-85.11447219848633,0.0984408855438232,0.158477783203125,45,45.0,YOLO,1,32,0.0,18.17276737848097,0.0,"[0, 0, 0, 0, 0, 0, 0, 0, 0, 0]"
20250721_003828_171,-21,45,45,18.9,18.790394344796823,-84.56934280395508,-84.56934280395508,0.0942366123199462,0.1017656326293945,45,45.0,YOLO,1,32,0.0,18.790394344796823,0.0,"[0, 0, 0, 0, 0, 0, 0, 0, 0, 0]"
20250721_003827_006,-21,45,45,18.9,18.80052585650745,-84.38672637939453,-84.38672637939453,0.1020493507385253,0.1582374572753906,45,45.0,YOLO,1,32,0.0,18.80052585650745,0.0,"[0, 0, 0, 0, 0, 0, 0, 0, 0, 0]"
20250721_003827_910,-21,45,45,18.9,18.792279163657497,-84.2934944152832,-84.2934944152832,0.1009089946746826,0.1583058834075927,45,45.0,YOLO,1,32,0.0,18.792279163657497,0.0,"[0, 0, 0, 0, 0, 0, 0, 0, 0, 0]"
20250721_003826_359,-21,45,45,18.9,18.148244184697703,-85.14117202758788,-85.14117202758788,0.0910608768463134,0.102114200592041,45,45.0,YOLO,1,32,0.0,18.148244184697703,0.0,"[0, 0, 0, 0, 0, 0, 0, 0, 0, 0]"
20250721_003827_268,-21,45,45,18.9,18.96425408404596,-84.41168327331543,-84.41168327331543,0.0881104469299316,0.1021084785461425,45,45.0,YOLO,1,32,0.0,18.96425408404596,0.0,"[0, 0, 0, 0, 0, 0, 0, 0, 0, 0]"
20250721_003826_554,-21,44,44,17.4,20.26215090406278,-83.03067626953126,-83.03067626953126,0.0960850715637207,0.1582605838775634,44,44.0,YOLO,1,32,0.0,20.26215090406278,0.0,"[0, 0, 0, 0, 0, 0, 0, 0, 0, 0]"
20250721_003829_726,-21,45,45,18.9,18.81454538232512,-84.5917179107666,-84.5917179107666,0.0915582180023193,0.158118724822998,45,45.0,YOLO,1,32,0.0,18.81454538232512,0.0,"[0, 0, 0, 0, 0, 0, 0, 0, 0, 0]"
20250721_003827_460,-21,44,44,17.4,20.30368683819973,-82.99227142333984,-82.99227142333984,0.0948348045349121,0.1587710380554199,44,44.0,YOLO,1,32,0.0,20.30368683819973,0.0,"[0, 0, 0, 0, 0, 0, 0, 0, 0, 0]"
20250721_003829_529,-21,45,45,18.9,18.71178896090575,-84.47700691223145,-84.47700691223145,0.0928196907043457,0.1017706394195556,45,45.0,YOLO,1,32,0.0,18.71178896090575,0.0,"[0, 0, 0, 0, 0, 0, 0, 0, 0, 0]"
20250721_003826_810,-21,45,45,18.9,20.242468243733555,-83.03487510681153,-83.03487510681153,0.0928115844726562,0.1017665863037109,45,45.0,YOLO,1,32,0.0,20.242468243733555,0.0,"[0, 0, 0, 0, 0, 0, 0, 0, 0, 0]"
20250721_003828_824,-21,45,45,18.9,18.97376554913136,-84.34428672790527,-84.34428672790527,0.0929768085479736,0.158567190170288,45,45.0,YOLO,1,32,0.0,18.97376554913136,0.0,"[0, 0, 0, 0, 0, 0, 0, 0, 0, 0]"
20250721_003828_369,-21,45,45,18.9,19.00020487607856,-84.33902473449707,-84.33902473449707,0.0972399711608886,0.1582183837890625,45,45.0,YOLO,1,32,0.0,19.00020487607856,0.0,"[0, 0, 0, 0, 0, 0, 0, 0, 0, 0]"
20250721_003833_340,-20,44,44,17.4,19.104063981389388,-84.18936958312989,-84.18936958312989,0.0954601764678955,0.1582300662994384,44,44.0,YOLO,1,32,0.0,19.104063981389388,0.0,"[0, 0, 0, 0, 0, 0, 0, 0, 0, 0]"
20250721_003831_073,-20,44,44,17.4,19.18025357220984,-84.25724029541016,-84.25724029541016,0.0948336124420166,0.1581959724426269,44,44.0,YOLO,1,32,0.0,19.18025357220984,0.0,"[0, 0, 0, 0, 0, 0, 0, 0, 0, 0]"
20250721_003830_428,-20,44,44,17.4,17.11048328540467,-85.92417907714844,-85.92417907714844,0.0917227268218994,0.1018908023834228,44,44.0,YOLO,1,32,0.0,17.11048328540467,0.0,"[0, 0, 0, 0, 0, 0, 0, 0, 0, 0]"
20250721_003830_623,-20,44,44,17.4,19.455043519675144,-83.81049270629883,-83.81049270629883,0.0981326103210449,0.1581795215606689,44,44.0,YOLO,1,32,0.0,19.455043519675144,0.0,"[0, 0, 0, 0, 0, 0, 0, 0, 0, 0]"
20250721_003831_778,-20,44,44,17.4,19.68061571873001,-83.62672424316406,-83.62672424316406,0.0959901809692382,0.101778507232666,44,44.0,YOLO,1,32,0.0,19.68061571873001,0.0,"[0, 0, 0, 0, 0, 0, 0, 0, 0, 0]"
20250721_003833_595,-20,44,44,17.4,19.1015274368352,-84.08677597045899,-84.08677597045899,0.0908880233764648,0.1017622947692871,44,44.0,YOLO,1,32,0.0,19.1015274368352,0.0,"[0, 0, 0, 0, 0, 0, 0, 0, 0, 0]"
20250721_003830_174,-20,45,45,18.9,17.110870419149904,-86.12810516357422,-86.12810516357422,0.0946907997131347,0.1581711769104004,45,45.0,YOLO,1,32,0.0,17.110870419149904,0.0,"[0, 0, 0, 0, 0, 0, 0, 0, 0, 0]"
20250721_003831_327,-20,44,44,17.4,19.218052917198666,-83.99280319213867,-83.99280319213867,0.0945184230804443,0.1017971038818359,44,44.0,YOLO,1,32,0.0,19.218052917198666,0.0,"[0, 0, 0, 0, 0, 0, 0, 0, 0, 0]"
20250721_003832_889,-20,44,44,17.4,19.02488003325984,-84.33114624023438,-84.33114624023438,0.0956630706787109,0.1583495140075683,44,44.0,YOLO,1,32,0.0,19.02488003325984,0.0,"[0, 0, 0, 0, 0, 0, 0, 0, 0, 0]"
20250721_003831_977,-20,44,44,17.4,19.51993285564602,-83.72164916992188,-83.72164916992188,0.1014900207519531,0.1581487655639648,44,44.0,YOLO,1,32,0.0,19.51993285564602,0.0,"[0, 0, 0, 0, 0, 0, 0, 0, 0, 0]"
20250721_003831_525,-20,44,44,17.4,19.413051049779,-83.97762947082519,-83.97762947082519,0.092890977859497,0.1582117080688476,44,44.0,YOLO,1,32,0.0,19.413051049779,0.0,"[0, 0, 0, 0, 0, 0, 0, 0, 0, 0]"
20250721_003832_238,-20,44,44,17.4,19.41421834554626,-83.75537109375,-83.75537109375,0.0894918441772461,0.1017293930053711,44,44.0,YOLO,1,32,0.0,19.41421834554626,0.0,"[0, 0, 0, 0, 0, 0, 0, 0, 0, 0]"
20250721_003832_431,-20,44,44,17.4,19.02625722189764,-84.18990325927734,-84.18990325927734,0.1000988483428955,0.1582667827606201,44,44.0,YOLO,1,32,0.0,19.02625722189764,0.0,"[0, 0, 0, 0, 0, 0, 0, 0, 0, 0]"
20250721_003833_145,-20,44,44,17.4,19.02464769149597,-84.10508575439454,-84.10508575439454,0.091663122177124,0.1018199920654296,44,44.0,YOLO,1,32,0.0,19.02464769149597,0.0,"[0, 0, 0, 0, 0, 0, 0, 0, 0, 0]"
20250721_003830_881,-20,44,44,17.4,19.474010190033056,-83.88185501098633,-83.88185501098633,0.0888540744781494,0.1017072200775146,44,44.0,YOLO,1,32,0.0,19.474010190033056,0.0,"[0, 0, 0, 0, 0, 0, 0, 0, 0, 0]"
20250721_003833_789,-20,44,44,17.4,19.0217397364346,-84.25086898803711,-84.25086898803711,0.0918624401092529,0.1581842899322509,44,44.0,YOLO,1,32,0.0,19.0217397364346,0.0,"[0, 0, 0, 0, 0, 0, 0, 0, 0, 0]"
20250721_003832_691,-20,44,44,17.4,19.254443256404,-84.04017639160156,-84.04017639160156,0.0954582691192627,0.1017673015594482,44,44.0,YOLO,1,32,0.0,19.254443256404,0.0,"[0, 0, 0, 0, 0, 0, 0, 0, 0, 0]"
20250721_003836_050,-19,NO_RADIO,43,16.0,19.078424074037382,-84.15795135498047,-84.15795135498047,0.0985207557678222,0.1581110954284668,43,,CenterFallback,1,32,0.0,,,"[0, 0, 0, 0, 0, 0, 0, 0, 0, 0]"
20250721_003836_943,-19,43,43,16.0,19.39924580811405,-83.95022430419922,-83.95022430419922,0.0909383296966552,0.1581144332885742,43,43.0,YOLO,1,32,0.0,19.39924580811405,0.0,"[0, 0, 0, 0, 0, 0, 0, 0, 0, 0]"
20250721_003836_498,-19,NO_RADIO,43,16.0,19.38758861897273,-83.8606185913086,-83.8606185913086,0.0956828594207763,0.1581740379333496,43,,CenterFallback,1,32,0.0,,,"[0, 0, 0, 0, 0, 0, 0, 0, 0, 0]"
20250721_003837_193,-19,43,43,16.0,19.36277246944212,-83.83062477111817,-83.83062477111817,0.0895845890045166,0.10191011428833,43,43.0,YOLO,1,32,0.0,19.36277246944212,0.0,"[0, 0, 0, 0, 0, 0, 0, 0, 0, 0]"
20250721_003837_840,-19,43,43,16.0,19.043873041188466,-84.21348342895507,-84.21348342895507,0.0977497100830078,0.1581358909606933,43,43.0,YOLO,1,32,0.0,19.043873041188466,0.0,"[0, 0, 0, 0, 0, 0, 0, 0, 0, 0]"
20250721_003834_691,-19,43,43,16.0,19.331383462172084,-84.01135864257813,-84.01135864257813,0.0968000888824462,0.1581707000732422,43,43.0,YOLO,1,32,0.0,19.331383462172084,0.0,"[0, 0, 0, 0, 0, 0, 0, 0, 0, 0]"
20250721_003834_239,-19,44,44,17.4,18.31723522707327,-85.0110538482666,-85.0110538482666,0.0964083671569824,0.158191442489624,44,44.0,YOLO,1,32,0.0,18.31723522707327,0.0,"[0, 0, 0, 0, 0, 0, 0, 0, 0, 0]"
20250721_003837_386,-19,43,43,16.0,19.203022614098813,-84.14470672607422,-84.14470672607422,0.1023972034454345,0.1582796573638916,43,43.0,YOLO,1,32,0.0,19.203022614098813,0.0,"[0, 0, 0, 0, 0, 0, 0, 0, 0, 0]"
20250721_003834_041,-19,44,44,17.4,18.776064152409987,-84.48857879638672,-84.48857879638672,0.0949587821960449,0.1017093658447265,44,44.0,YOLO,1,32,0.0,18.776064152409987,0.0,"[0, 0, 0, 0, 0, 0, 0, 0, 0, 0]"
20250721_003834_948,-19,43,43,16.0,19.324855479015355,-83.97000160217286,-83.97000160217286,0.0921216011047363,0.1016521453857421,43,43.0,YOLO,1,32,0.0,19.324855479015355,0.0,"[0, 0, 0, 0, 0, 0, 0, 0, 0, 0]"
20250721_003837_648,-19,43,43,16.0,19.163756983102942,-84.1578369140625,-84.1578369140625,0.0888078212738037,0.1017169952392578,43,43.0,YOLO,1,32,0.0,19.163756983102942,0.0,"[0, 0, 0, 0, 0, 0, 0, 0, 0, 0]"
20250721_003836_308,-19,43,43,16.0,18.959669810357823,-84.34470138549804,-84.34470138549804,0.0869085788726806,0.1021730899810791,43,43.0,YOLO,1,32,0.0,18.959669810357823,0.0,"[0, 0, 0, 0, 0, 0, 0, 0, 0, 0]"
20250721_003835_605,-19,43,43,16.0,19.40181003144309,-83.9703815460205,-83.9703815460205,0.0886211395263671,0.1581857204437255,43,43.0,YOLO,1,32,0.0,19.40181003144309,0.0,"[0, 0, 0, 0, 0, 0, 0, 0, 0, 0]"
20250721_003835_143,-19,43,43,16.0,18.80104925871649,-84.29801177978516,-84.29801177978516,0.1023421287536621,0.1581916809082031,43,43.0,YOLO,1,32,0.0,18.80104925871649,0.0,"[0, 0, 0, 0, 0, 0, 0, 0, 0, 0]"
20250721_003835_405,-19,43,43,16.0,19.139160037555484,-84.25452423095703,-84.25452423095703,0.0960586071014404,0.1018307209014892,43,43.0,YOLO,1,32,0.0,19.139160037555484,0.0,"[0, 0, 0, 0, 0, 0, 0, 0, 0, 0]"
20250721_003834_495,-19,43,43,16.0,18.17503427742116,-85.13801193237305,-85.13801193237305,0.0932004451751709,0.1017477512359619,43,43.0,YOLO,1,32,0.0,18.17503427742116,0.0,"[0, 0, 0, 0, 0, 0, 0, 0, 0, 0]"
20250721_003835_853,-19,43,43,16.0,19.24574468047141,-84.004052734375,-84.004052734375,0.0936837196350097,0.1018266677856445,43,43.0,YOLO,1,32,0.0,19.24574468047141,0.0,"[0, 0, 0, 0, 0, 0, 0, 0, 0, 0]"
20250721_003839_894,-18,42,42,14.5,19.394735231647573,-84.03244018554688,-84.03244018554688,0.0908727645874023,0.1017446517944336,42,42.0,YOLO,1,32,0.0,19.394735231647573,0.0,"[0, 0, 0, 0, 0, 0, 0, 0, 0, 0]"
20250721_003839_203,-18,42,42,14.5,19.72211939828836,-83.42713928222656,-83.42713928222656,0.0921239852905273,0.1581337451934814,42,42.0,YOLO,1,32,0.0,19.72211939828836,0.0,"[0, 0, 0, 0, 0, 0, 0, 0, 0, 0]"
20250721_003841_254,-18,43,43,16.0,18.424247888278416,-84.8495864868164,-84.8495864868164,0.0927047729492187,0.1017603874206543,43,43.0,YOLO,1,32,0.0,18.424247888278416,0.0,"[0, 0, 0, 0, 0, 0, 0, 0, 0, 0]"
20250721_003840_996,-18,43,43,16.0,18.246415863120006,-84.92997169494629,-84.92997169494629,0.0986151695251464,0.15810227394104,43,43.0,YOLO,1,32,0.0,18.246415863120006,0.0,"[0, 0, 0, 0, 0, 0, 0, 0, 0, 0]"
20250721_003840_802,-18,43,43,16.0,18.530816582248164,-84.78474426269531,-84.78474426269531,0.0908560752868652,0.1017639636993408,43,43.0,YOLO,1,32,0.0,18.530816582248164,0.0,"[0, 0, 0, 0, 0, 0, 0, 0, 0, 0]"
20250721_003840_348,-18,43,43,16.0,19.763631575243195,-83.57537841796875,-83.57537841796875,0.0956614017486572,0.1017563343048095,43,43.0,YOLO,1,32,0.0,19.763631575243195,0.0,"[0, 0, 0, 0, 0, 0, 0, 0, 0, 0]"
20250721_003839_650,-18,42,42,14.5,19.437655715116293,-83.89932174682617,-83.89932174682617,0.0844871997833252,0.1581742763519287,42,42.0,YOLO,1,32,0.0,19.437655715116293,0.0,"[0, 0, 0, 0, 0, 0, 0, 0, 0, 0]"
20250721_003841_450,-18,42,42,14.5,19.432709738724213,-84.00418090820312,-84.00418090820312,0.0992419719696044,0.1581928730010986,42,42.0,YOLO,1,32,0.0,19.432709738724213,0.0,"[0, 0, 0, 0, 0, 0, 0, 0, 0, 0]"
20250721_003839_007,-18,42,42,14.5,19.66714644476676,-83.60763587951661,-83.60763587951661,0.0932142734527587,0.1017851829528808,42,42.0,YOLO,1,32,0.0,19.66714644476676,0.0,"[0, 0, 0, 0, 0, 0, 0, 0, 0, 0]"
20250721_003838_098,-18,43,43,16.0,19.29868378422772,-83.91772537231445,-83.91772537231445,0.0964183807373046,0.1016855239868164,43,43.0,YOLO,1,32,0.0,19.29868378422772,0.0,"[0, 0, 0, 0, 0, 0, 0, 0, 0, 0]"
20250721_003838_552,-18,42,42,14.5,19.43891592981033,-83.78997993469238,-83.78997993469238,0.0945756435394287,0.1017823219299316,42,42.0,YOLO,1,32,0.0,19.43891592981033,0.0,"[0, 0, 0, 0, 0, 0, 0, 0, 0, 0]"
20250721_003838_297,-18,42,42,14.5,19.39401156811614,-83.83800964355468,-83.83800964355468,0.0954782962799072,0.1580986976623535,42,42.0,YOLO,1,32,0.0,19.39401156811614,0.0,"[0, 0, 0, 0, 0, 0, 0, 0, 0, 0]"
20250721_003839_455,-18,42,42,14.5,19.64448436180664,-83.53508529663085,-83.53508529663085,0.0919833183288574,0.1018922328948974,42,42.0,YOLO,1,32,0.0,19.64448436180664,0.0,"[0, 0, 0, 0, 0, 0, 0, 0, 0, 0]"
20250721_003840_547,-18,43,43,16.0,18.60556987809538,-84.62821960449219,-84.62821960449219,0.0956707000732421,0.1582140922546386,43,43.0,YOLO,1,32,0.0,18.60556987809538,0.0,"[0, 0, 0, 0, 0, 0, 0, 0, 0, 0]"
20250721_003838_750,-18,42,42,14.5,19.593564042209834,-83.74330139160156,-83.74330139160156,0.0968654155731201,0.15814208984375,42,42.0,YOLO,1,32,0.0,19.593564042209834,0.0,"[0, 0, 0, 0, 0, 0, 0, 0, 0, 0]"
20250721_003840_088,-18,42,42,14.5,19.49826098372233,-83.59060630798339,-83.59060630798339,0.1001834869384765,0.1582038402557373,42,42.0,YOLO,1,32,0.0,19.49826098372233,0.0,"[0, 0, 0, 0, 0, 0, 0, 0, 0, 0]"
20250721_003841_903,-18,42,42,14.5,19.6839568541686,-83.57039260864258,-83.57039260864258,0.0896999835968017,0.15828537940979,42,42.0,YOLO,1,32,0.0,19.6839568541686,0.0,"[0, 0, 0, 0, 0, 0, 0, 0, 0, 0]"
20250721_003844_588,-17,42,42,14.5,19.00884527338951,-84.2216953277588,-84.2216953277588,0.0950703620910644,0.1582016944885254,42,42.0,YOLO,1,32,0.0,19.00884527338951,0.0,"[0, 0, 0, 0, 0, 0, 0, 0, 0, 0]"
20250721_003845_037,-17,42,42,14.5,19.17396343611513,-84.01879997253418,-84.01879997253418,0.094576358795166,0.1581461429595947,42,42.0,YOLO,1,32,0.0,19.17396343611513,0.0,"[0, 0, 0, 0, 0, 0, 0, 0, 0, 0]"
20250721_003844_390,-17,42,42,14.5,18.93193887833857,-84.29512901306153,-84.29512901306153,0.0942585468292236,0.1018540859222412,42,42.0,YOLO,1,32,0.0,18.93193887833857,0.0,"[0, 0, 0, 0, 0, 0, 0, 0, 0, 0]"
20250721_003843_941,-17,42,42,14.5,19.08684772216376,-84.24639892578125,-84.24639892578125,0.091606855392456,0.1017923355102539,42,42.0,YOLO,1,32,0.0,19.08684772216376,0.0,"[0, 0, 0, 0, 0, 0, 0, 0, 0, 0]"
20250721_003844_843,-17,42,42,14.5,18.99400967075616,-84.23234062194824,-84.23234062194824,0.0909886360168457,0.10174560546875,42,42.0,YOLO,1,32,0.0,18.99400967075616,0.0,"[0, 0, 0, 0, 0, 0, 0, 0, 0, 0]"
20250721_003842_797,-17,42,42,14.5,18.76009117490136,-84.51370811462402,-84.51370811462402,0.090843915939331,0.1582059860229492,42,42.0,YOLO,1,32,0.0,18.76009117490136,0.0,"[0, 0, 0, 0, 0, 0, 0, 0, 0, 0]"
20250721_003843_493,-17,42,42,14.5,18.764675941918767,-84.5144271850586,-84.5144271850586,0.0931525230407714,0.1017975807189941,42,42.0,YOLO,1,32,0.0,18.764675941918767,0.0,"[0, 0, 0, 0, 0, 0, 0, 0, 0, 0]"
20250721_003843_690,-17,42,42,14.5,19.23138067060674,-84.07974166870117,-84.07974166870117,0.0913898944854736,0.158200979232788,42,42.0,YOLO,1,32,0.0,19.23138067060674,0.0,"[0, 0, 0, 0, 0, 0, 0, 0, 0, 0]"
20250721_003843_240,-17,42,42,14.5,18.85097468090983,-84.40592079162597,-84.40592079162597,0.0933806896209716,0.1582257747650146,42,42.0,YOLO,1,32,0.0,18.85097468090983,0.0,"[0, 0, 0, 0, 0, 0, 0, 0, 0, 0]"
20250721_003844_135,-17,42,42,14.5,18.92778079938536,-84.33943939208984,-84.33943939208984,0.0953936576843261,0.1581175327301025,42,42.0,YOLO,1,32,0.0,18.92778079938536,0.0,"[0, 0, 0, 0, 0, 0, 0, 0, 0, 0]"
20250721_003845_739,-17,42,42,14.5,18.924203779957168,-84.56934280395508,-84.56934280395508,0.0934846401214599,0.1017441749572753,42,42.0,YOLO,1,32,0.0,18.924203779957168,0.0,"[0, 0, 0, 0, 0, 0, 0, 0, 0, 0]"
20250721_003842_348,-17,42,42,14.5,18.8626128469286,-84.28870506286621,-84.28870506286621,0.0969810485839843,0.1582210063934326,42,42.0,YOLO,1,32,0.0,18.8626128469286,0.0,"[0, 0, 0, 0, 0, 0, 0, 0, 0, 0]"
20250721_003842_604,-17,42,42,14.5,19.01767531467312,-84.26538848876953,-84.26538848876953,0.0887975692749023,0.1017854213714599,42,42.0,YOLO,1,32,0.0,19.01767531467312,0.0,"[0, 0, 0, 0, 0, 0, 0, 0, 0, 0]"
20250721_003845_291,-17,42,42,14.5,19.095269413922423,-84.24992599487305,-84.24992599487305,0.0917649269104003,0.1018323898315429,42,42.0,YOLO,1,32,0.0,19.095269413922423,0.0,"[0, 0, 0, 0, 0, 0, 0, 0, 0, 0]"
20250721_003842_153,-17,42,42,14.5,19.626786237976845,-83.66776390075684,-83.66776390075684,0.0918323993682861,0.1017732620239257,42,42.0,YOLO,1,32,0.0,19.626786237976845,0.0,"[0, 0, 0, 0, 0, 0, 0, 0, 0, 0]"
20250721_003845_486,-17,42,42,14.5,18.816152475798503,-84.46503295898438,-84.46503295898438,0.093667984008789,0.1581926345825195,42,42.0,YOLO,1,32,0.0,18.816152475798503,0.0,"[0, 0, 0, 0, 0, 0, 0, 0, 0, 0]"
20250721_003843_047,-17,42,42,14.5,18.92899518030336,-84.29540252685547,-84.29540252685547,0.089634895324707,0.1017944812774658,42,42.0,YOLO,1,32,0.0,18.92899518030336,0.0,"[0, 0, 0, 0, 0, 0, 0, 0, 0, 0]"
20250721_003848_439,-16,41,41,13.1,19.002684722653512,-84.20865631103516,-84.20865631103516,0.0930471420288086,0.1018810272216796,41,41.0,YOLO,1,32,0.0,19.002684722653512,0.0,"[0, 0, 0, 0, 0, 0, 0, 0, 0, 0]"
20250721_003849_081,-16,41,41,13.1,19.22935136600784,-84.07961235046388,-84.07961235046388,0.0989642143249511,0.1581523418426513,41,41.0,YOLO,1,32,0.0,19.22935136600784,0.0,"[0, 0, 0, 0, 0, 0, 0, 0, 0, 0]"
20250721_003847_990,-16,41,41,13.1,19.19547354570264,-84.12505378723145,-84.12505378723145,0.0903055667877197,0.1017904281616211,41,41.0,YOLO,1,32,0.0,19.19547354570264,0.0,"[0, 0, 0, 0, 0, 0, 0, 0, 0, 0]"
20250721_003847_290,-16,41,41,13.1,18.66700582455656,-84.73491897583008,-84.73491897583008,0.0913612842559814,0.1581604480743408,41,41.0,YOLO,1,32,0.0,18.66700582455656,0.0,"[0, 0, 0, 0, 0, 0, 0, 0, 0, 0]"
20250721_003849_339,-16,41,41,13.1,19.142525685507565,-84.08209114074707,-84.08209114074707,0.0913610458374023,0.1018178462982177,41,41.0,YOLO,1,32,0.0,19.142525685507565,0.0,"[0, 0, 0, 0, 0, 0, 0, 0, 0, 0]"
20250721_003846_382,-16,41,41,13.1,18.93883772234153,-84.21281394958496,-84.21281394958496,0.0976254940032959,0.1582129001617431,41,41.0,YOLO,1,32,0.0,18.93883772234153,0.0,"[0, 0, 0, 0, 0, 0, 0, 0, 0, 0]"
20250721_003849_534,-16,41,41,13.1,19.75130771159473,-83.5628734588623,-83.5628734588623,0.1247627735137939,0.1582961082458496,41,41.0,YOLO,1,32,0.0,19.75130771159473,0.0,"[0, 0, 0, 0, 0, 0, 0, 0, 0, 0]"
20250721_003847_541,-16,41,41,13.1,19.090722363259417,-84.08429718017578,-84.08429718017578,0.0934462547302246,0.1018714904785156,41,41.0,YOLO,1,32,0.0,19.090722363259417,0.0,"[0, 0, 0, 0, 0, 0, 0, 0, 0, 0]"
20250721_003848_635,-16,41,41,13.1,19.39424420035226,-83.85690498352051,-83.85690498352051,0.0919978618621826,0.1581072807312011,41,41.0,YOLO,1,32,0.0,19.39424420035226,0.0,"[0, 0, 0, 0, 0, 0, 0, 0, 0, 0]"
20250721_003847_738,-16,41,41,13.1,19.17324182703368,-84.03179664611817,-84.03179664611817,0.0923128128051757,0.1584038734436035,41,41.0,YOLO,1,32,0.0,19.17324182703368,0.0,"[0, 0, 0, 0, 0, 0, 0, 0, 0, 0]"
20250721_003845_936,-16,42,42,14.5,19.15113193738067,-84.24639892578125,-84.24639892578125,0.0937600135803222,0.1581718921661377,42,42.0,YOLO,1,32,0.0,19.15113193738067,0.0,"[0, 0, 0, 0, 0, 0, 0, 0, 0, 0]"
20250721_003848_184,-16,41,41,13.1,19.11637275610606,-84.15636558532715,-84.15636558532715,0.0953700542449951,0.1582670211791992,41,41.0,YOLO,1,32,0.0,19.11637275610606,0.0,"[0, 0, 0, 0, 0, 0, 0, 0, 0, 0]"
20250721_003848_887,-16,41,41,13.1,19.19177047525216,-84.01097526550294,-84.01097526550294,0.0909545421600341,0.1017284393310546,41,41.0,YOLO,1,32,0.0,19.19177047525216,0.0,"[0, 0, 0, 0, 0, 0, 0, 0, 0, 0]"
20250721_003849_818,-16,41,41,13.1,19.64281567446352,-83.6009750366211,-83.6009750366211,0.0864510536193847,0.1018266677856445,41,41.0,YOLO,1,32,0.0,19.64281567446352,0.0,"[0, 0, 0, 0, 0, 0, 0, 0, 0, 0]"
20250721_003846_189,-16,42,42,14.5,18.45898020006396,-84.8495864868164,-84.8495864868164,0.0892524719238281,0.1017844676971435,42,42.0,YOLO,1,32,0.0,18.45898020006396,0.0,"[0, 0, 0, 0, 0, 0, 0, 0, 0, 0]"
20250721_003846_639,-16,41,41,13.1,18.922476499639544,-84.39750595092774,-84.39750595092774,0.0954437255859375,0.1017870903015136,41,41.0,YOLO,1,32,0.0,18.922476499639544,0.0,"[0, 0, 0, 0, 0, 0, 0, 0, 0, 0]"
20250721_003846_838,-16,41,41,13.1,18.941597332750103,-84.25154495239258,-84.25154495239258,0.0931472778320312,0.1582481861114502,41,41.0,YOLO,1,32,0.0,18.941597332750103,0.0,"[0, 0, 0, 0, 0, 0, 0, 0, 0, 0]"
20250721_003852_513,-15,41,41,13.1,18.50034819627428,-84.82059860229492,-84.82059860229492,0.0898816585540771,0.1018068790435791,41,41.0,YOLO,1,32,0.0,18.50034819627428,0.0,"[0, 0, 0, 0, 0, 0, 0, 0, 0, 0]"
20250721_003850_898,-15,40,40,11.6,20.190092207941746,-83.23204040527344,-83.23204040527344,0.0903794765472412,0.1581907272338867,40,40.0,YOLO,1,32,0.0,20.190092207941746,0.0,"[0, 0, 0, 0, 0, 0, 0, 0, 0, 0]"
20250721_003852_058,-15,41,41,13.1,20.36402036336452,-82.96689529418946,-82.96689529418946,0.0956721305847168,0.1017265319824218,41,41.0,YOLO,1,32,0.0,20.36402036336452,0.0,"[0, 0, 0, 0, 0, 0, 0, 0, 0, 0]"
20250721_003852_257,-15,41,41,13.1,18.53441304299585,-84.65491485595703,-84.65491485595703,0.0955462455749511,0.1582036018371582,41,41.0,YOLO,1,32,0.0,18.53441304299585,0.0,"[0, 0, 0, 0, 0, 0, 0, 0, 0, 0]"
20250721_003851_148,-15,40,40,11.6,20.179134771027208,-82.92654571533203,-82.92654571533203,0.0944235324859619,0.1017804145812988,40,40.0,YOLO,1,32,0.0,20.179134771027208,0.0,"[0, 0, 0, 0, 0, 0, 0, 0, 0, 0]"
20250721_003853_152,-15,40,40,11.6,19.98396542341017,-83.24900703430175,-83.24900703430175,0.0920765399932861,0.158215045928955,40,40.0,YOLO,1,32,0.0,19.98396542341017,0.0,"[0, 0, 0, 0, 0, 0, 0, 0, 0, 0]"
20250721_003853_404,-15,40,40,11.6,20.10698786788039,-83.17454528808594,-83.17454528808594,0.0926494598388671,0.1018590927124023,40,40.0,YOLO,1,32,0.0,20.10698786788039,0.0,"[0, 0, 0, 0, 0, 0, 0, 0, 0, 0]"
20250721_003853_860,-15,41,41,13.1,18.298068594362164,-84.93376884460449,-84.93376884460449,0.0918457508087158,0.1017963886260986,41,41.0,YOLO,1,32,0.0,18.298068594362164,0.0,"[0, 0, 0, 0, 0, 0, 0, 0, 0, 0]"
20250721_003852_957,-15,41,41,13.1,18.68181348561249,-84.56657409667969,-84.56657409667969,0.0925414562225341,0.101752758026123,41,41.0,YOLO,1,32,0.0,18.68181348561249,0.0,"[0, 0, 0, 0, 0, 0, 0, 0, 0, 0]"
20250721_003852_706,-15,41,41,13.1,18.50155084698234,-84.6843048095703,-84.6843048095703,0.0911765098571777,0.158219575881958,41,41.0,YOLO,1,32,0.0,18.50155084698234,0.0,"[0, 0, 0, 0, 0, 0, 0, 0, 0, 0]"
20250721_003850_260,-15,41,41,13.1,18.256309548486584,-84.85580444335938,-84.85580444335938,0.0917205810546875,0.1017928123474121,41,41.0,YOLO,1,32,0.0,18.256309548486584,0.0,"[0, 0, 0, 0, 0, 0, 0, 0, 0, 0]"
20250721_003853_600,-15,41,41,13.1,18.38601864168232,-84.88253479003906,-84.88253479003906,0.1004559993743896,0.1581735610961914,41,41.0,YOLO,1,32,0.0,18.38601864168232,0.0,"[0, 0, 0, 0, 0, 0, 0, 0, 0, 0]"
20250721_003851_605,-15,40,40,11.6,20.04887100589272,-83.16767768859863,-83.16767768859863,0.091773509979248,0.1017892360687255,40,40.0,YOLO,1,32,0.0,20.04887100589272,0.0,"[0, 0, 0, 0, 0, 0, 0, 0, 0, 0]"
20250721_003850_008,-15,41,41,13.1,18.637010158619688,-84.5917179107666,-84.5917179107666,0.0917003154754638,0.158499002456665,41,41.0,YOLO,1,32,0.0,18.637010158619688,0.0,"[0, 0, 0, 0, 0, 0, 0, 0, 0, 0]"
20250721_003851_800,-15,40,40,11.6,20.27558329673208,-83.01056671142578,-83.01056671142578,0.098992109298706,0.1581699848175048,40,40.0,YOLO,1,32,0.0,20.27558329673208,0.0,"[0, 0, 0, 0, 0, 0, 0, 0, 0, 0]"
20250721_003850_706,-15,40,40,11.6,18.026085598380902,-85.2462314605713,-85.2462314605713,0.0889472961425781,0.1017665863037109,40,40.0,YOLO,1,32,0.0,18.026085598380902,0.0,"[0, 0, 0, 0, 0, 0, 0, 0, 0, 0]"
20250721_003851_345,-15,40,40,11.6,19.84710070471951,-83.3735466003418,-83.3735466003418,0.0994739532470703,0.1582105159759521,40,40.0,YOLO,1,32,0.0,19.84710070471951,0.0,"[0, 0, 0, 0, 0, 0, 0, 0, 0, 0]"
20250721_003857_005,-14,40,40,11.6,19.45536176020016,-83.82361602783203,-83.82361602783203,0.0917749404907226,0.1022319793701171,40,40.0,YOLO,1,32,0.0,19.45536176020016,0.0,"[0, 0, 0, 0, 0, 0, 0, 0, 0, 0]"
20250721_003857_456,-14,39,39,10.2,19.231195514299245,-84.01148681640625,-84.01148681640625,0.0905447006225586,0.1021628379821777,39,39.0,YOLO,1,32,0.0,19.231195514299245,0.0,"[0, 0, 0, 0, 0, 0, 0, 0, 0, 0]"
20250721_003857_650,-14,40,40,11.6,19.240030078850268,-84.04017639160156,-84.04017639160156,0.0911407470703125,0.158412218093872,40,40.0,YOLO,1,32,0.0,19.240030078850268,0.0,"[0, 0, 0, 0, 0, 0, 0, 0, 0, 0]"
20250721_003856_746,-14,40,40,11.6,19.54732956341272,-83.63847351074219,-83.63847351074219,0.0987811088562011,0.1585226058959961,40,40.0,YOLO,1,32,0.0,19.54732956341272,0.0,"[0, 0, 0, 0, 0, 0, 0, 0, 0, 0]"
20250721_003854_956,-14,40,40,11.6,19.1305741728026,-84.0816879272461,-84.0816879272461,0.0943918228149414,0.1581828594207763,40,40.0,YOLO,1,32,0.0,19.1305741728026,0.0,"[0, 0, 0, 0, 0, 0, 0, 0, 0, 0]"
20250721_003857_201,-14,40,40,11.6,19.17765862481822,-84.10521697998047,-84.10521697998047,0.0950648784637451,0.1585285663604736,40,40.0,YOLO,1,32,0.0,19.17765862481822,0.0,"[0, 0, 0, 0, 0, 0, 0, 0, 0, 0]"
20250721_003855_210,-14,40,40,11.6,18.990442777791387,-84.25724029541016,-84.25724029541016,0.0918974876403808,0.1017649173736572,40,40.0,YOLO,1,32,0.0,18.990442777791387,0.0,"[0, 0, 0, 0, 0, 0, 0, 0, 0, 0]"
20250721_003855_659,-14,40,40,11.6,19.143183827764844,-84.2543888092041,-84.2543888092041,0.0921492576599121,0.1022064685821533,40,40.0,YOLO,1,32,0.0,19.143183827764844,0.0,"[0, 0, 0, 0, 0, 0, 0, 0, 0, 0]"
20250721_003856_299,-14,40,40,11.6,19.178016866843592,-84.03244018554688,-84.03244018554688,0.090848684310913,0.1582884788513183,40,40.0,YOLO,1,32,0.0,19.178016866843592,0.0,"[0, 0, 0, 0, 0, 0, 0, 0, 0, 0]"
20250721_003854_308,-14,40,40,11.6,16.370465861288338,-86.68898010253906,-86.68898010253906,0.0877354145050048,0.1018006801605224,40,40.0,YOLO,1,32,0.0,16.370465861288338,0.0,"[0, 0, 0, 0, 0, 0, 0, 0, 0, 0]"
20250721_003854_055,-14,41,41,13.1,16.40048062521464,-86.67948913574219,-86.67948913574219,0.0934662818908691,0.1581761837005615,41,41.0,YOLO,1,32,0.0,16.40048062521464,0.0,"[0, 0, 0, 0, 0, 0, 0, 0, 0, 0]"
20250721_003854_760,-14,40,40,11.6,19.17804604355912,-84.01956939697266,-84.01956939697266,0.0928926467895507,0.1017374992370605,40,40.0,YOLO,1,32,0.0,19.17804604355912,0.0,"[0, 0, 0, 0, 0, 0, 0, 0, 0, 0]"
20250721_003855_855,-14,40,40,11.6,19.864265576607224,-83.49641151428223,-83.49641151428223,0.0909593105316162,0.1581006050109863,40,40.0,YOLO,1,32,0.0,19.864265576607224,0.0,"[0, 0, 0, 0, 0, 0, 0, 0, 0, 0]"
20250721_003857_901,-14,40,40,11.6,19.17442791861447,-83.88995132446288,-83.88995132446288,0.0941882133483886,0.1021089553833007,40,40.0,YOLO,1,32,0.0,19.17442791861447,0.0,"[0, 0, 0, 0, 0, 0, 0, 0, 0, 0]"
20250721_003856_550,-14,40,40,11.6,19.131689726143847,-84.18990325927734,-84.18990325927734,0.0926694869995117,0.102013349533081,40,40.0,YOLO,1,32,0.0,19.131689726143847,0.0,"[0, 0, 0, 0, 0, 0, 0, 0, 0, 0]"
20250721_003855_405,-14,40,40,11.6,18.506969593347392,-84.69976043701172,-84.69976043701172,0.0941476821899414,0.1582047939300537,40,40.0,YOLO,1,32,0.0,18.506969593347392,0.0,"[0, 0, 0, 0, 0, 0, 0, 0, 0, 0]"
20250721_003854_499,-14,40,40,11.6,19.31803355687741,-83.89944610595703,-83.89944610595703,0.1005840301513671,0.1582791805267334,40,40.0,YOLO,1,32,0.0,19.31803355687741,0.0,"[0, 0, 0, 0, 0, 0, 0, 0, 0, 0]"
20250721_003858_999,-13,39,39,10.2,19.7209371021535,-83.57039260864258,-83.57039260864258,0.0948524475097656,0.1585090160369873,39,39.0,YOLO,1,32,0.0,19.7209371021535,0.0,"[0, 0, 0, 0, 0, 0, 0, 0, 0, 0]"
20250721_003900_334,-13,39,39,10.2,19.93058390735888,-83.18058280944824,-83.18058280944824,0.0973320007324218,0.1582052707672119,39,39.0,YOLO,1,32,0.0,19.93058390735888,0.0,"[0, 0, 0, 0, 0, 0, 0, 0, 0, 0]"
20250721_003858_356,-13,39,39,10.2,17.834738247972865,-85.37403945922851,-85.37403945922851,0.088893175125122,0.1017980575561523,39,39.0,YOLO,1,32,0.0,17.834738247972865,0.0,"[0, 0, 0, 0, 0, 0, 0, 0, 0, 0]"
20250721_003859_442,-13,39,39,10.2,19.759613346857407,-83.44253349304199,-83.44253349304199,0.0927433967590332,0.1585209369659423,39,39.0,YOLO,1,32,0.0,19.759613346857407,0.0,"[0, 0, 0, 0, 0, 0, 0, 0, 0, 0]"
20250721_003901_679,-13,39,39,10.2,19.78705540934453,-83.56379699707031,-83.56379699707031,0.0902121067047119,0.158186674118042,39,39.0,YOLO,1,32,0.0,19.78705540934453,0.0,"[0, 0, 0, 0, 0, 0, 0, 0, 0, 0]"
20250721_003901_042,-13,39,39,10.2,19.642913119522632,-83.53611755371094,-83.53611755371094,0.0868394374847412,0.1017537117004394,39,39.0,YOLO,1,32,0.0,19.642913119522632,0.0,"[0, 0, 0, 0, 0, 0, 0, 0, 0, 0]"
20250721_003900_790,-13,39,39,10.2,19.71442404057902,-83.56379699707031,-83.56379699707031,0.0924782752990722,0.1581473350524902,39,39.0,YOLO,1,32,0.0,19.71442404057902,0.0,"[0, 0, 0, 0, 0, 0, 0, 0, 0, 0]"
20250721_003900_143,-13,39,39,10.2,20.01109652685317,-83.20001182556152,-83.20001182556152,0.0876164436340332,0.1017582416534423,39,39.0,YOLO,1,32,0.0,20.01109652685317,0.0,"[0, 0, 0, 0, 0, 0, 0, 0, 0, 0]"
20250721_003858_099,-13,40,40,11.6,17.76125107683265,-85.32933807373047,-85.32933807373047,0.0970549583435058,0.158416748046875,40,40.0,YOLO,1,32,0.0,17.76125107683265,0.0,"[0, 0, 0, 0, 0, 0, 0, 0, 0, 0]"
20250721_003900_591,-13,39,39,10.2,19.949516713704284,-83.27686500549316,-83.27686500549316,0.096360445022583,0.1018149852752685,39,39.0,YOLO,1,32,0.0,19.949516713704284,0.0,"[0, 0, 0, 0, 0, 0, 0, 0, 0, 0]"
20250721_003859_254,-13,39,39,10.2,19.75879325574944,-83.46316528320312,-83.46316528320312,0.0848820209503173,0.1020939350128173,39,39.0,YOLO,1,32,0.0,19.75879325574944,0.0,"[0, 0, 0, 0, 0, 0, 0, 0, 0, 0]"
20250721_003859_695,-13,39,39,10.2,19.759324544841263,-83.53508529663085,-83.53508529663085,0.0880002975463867,0.101794958114624,39,39.0,YOLO,1,32,0.0,19.759324544841263,0.0,"[0, 0, 0, 0, 0, 0, 0, 0, 0, 0]"
20250721_003858_806,-13,39,39,10.2,19.63080114126352,-83.54532623291016,-83.54532623291016,0.0893535614013671,0.1018576622009277,39,39.0,YOLO,1,32,0.0,19.63080114126352,0.0,"[0, 0, 0, 0, 0, 0, 0, 0, 0, 0]"
20250721_003901_232,-13,39,39,10.2,19.95276902722537,-83.23118476867675,-83.23118476867675,0.0974247455596923,0.1582067012786865,39,39.0,YOLO,1,32,0.0,19.95276902722537,0.0,"[0, 0, 0, 0, 0, 0, 0, 0, 0, 0]"
20250721_003901_490,-13,39,39,10.2,19.71377569156597,-83.54532623291016,-83.54532623291016,0.0856688022613525,0.1018297672271728,39,39.0,YOLO,1,32,0.0,19.71377569156597,0.0,"[0, 0, 0, 0, 0, 0, 0, 0, 0, 0]"
20250721_003858_548,-13,39,39,10.2,19.5939686675948,-83.6782054901123,-83.6782054901123,0.0978009700775146,0.1582520008087158,39,39.0,YOLO,1,32,0.0,19.5939686675948,0.0,"[0, 0, 0, 0, 0, 0, 0, 0, 0, 0]"
20250721_003901_928,-13,39,39,10.2,19.75710438000263,-83.51547241210938,-83.51547241210938,0.0958704948425293,0.1016850471496582,39,39.0,YOLO,1,32,0.0,19.75710438000263,0.0,"[0, 0, 0, 0, 0, 0, 0, 0, 0, 0]"
20250721_003903_728,-12,39,39,10.2,18.8396821076596,-84.2216953277588,-84.2216953277588,0.0856924057006836,0.1017079353332519,39,39.0,YOLO,1,32,0.0,18.8396821076596,0.0,"[0, 0, 0, 0, 0, 0, 0, 0, 0, 0]"
20250721_003904_170,-12,39,39,10.2,18.824099778029165,-84.48800735473633,-84.48800735473633,0.0863325595855712,0.101750373840332,39,39.0,YOLO,1,32,0.0,18.824099778029165,0.0,"[0, 0, 0, 0, 0, 0, 0, 0, 0, 0]"
20250721_003903_476,-12,39,39,10.2,18.97204008064938,-84.14973678588868,-84.14973678588868,0.0918412208557128,0.158221960067749,39,39.0,YOLO,1,32,0.0,18.97204008064938,0.0,"[0, 0, 0, 0, 0, 0, 0, 0, 0, 0]"
20250721_003904_807,-12,38,38,8.7,20.24092273986996,-83.03067626953126,-83.03067626953126,0.1028480529785156,0.1581361293792724,38,38.0,YOLO,1,32,0.0,20.24092273986996,0.0,"[0, 0, 0, 0, 0, 0, 0, 0, 0, 0]"
20250721_003902_836,-12,39,39,10.2,20.45574755569379,-82.73130149841309,-82.73130149841309,0.0854055881500244,0.1018822193145752,39,39.0,YOLO,1,32,0.0,20.45574755569379,0.0,"[0, 0, 0, 0, 0, 0, 0, 0, 0, 0]"
20250721_003902_127,-12,39,39,10.2,18.187369525506853,-85.0519359588623,-85.0519359588623,0.0962152481079101,0.1582512855529785,39,39.0,YOLO,1,32,0.0,18.187369525506853,0.0,"[0, 0, 0, 0, 0, 0, 0, 0, 0, 0]"
20250721_003903_025,-12,39,39,10.2,18.907718075898288,-84.29814910888672,-84.29814910888672,0.0970017910003662,0.1581332683563232,39,39.0,YOLO,1,32,0.0,18.907718075898288,0.0,"[0, 0, 0, 0, 0, 0, 0, 0, 0, 0]"
20250721_003905_709,-12,38,38,8.7,20.18885138842643,-82.98154067993164,-82.98154067993164,0.0912976264953613,0.1581802368164062,38,38.0,YOLO,1,32,0.0,20.18885138842643,0.0,"[0, 0, 0, 0, 0, 0, 0, 0, 0, 0]"
20250721_003903_282,-12,39,39,10.2,18.90604803207418,-84.3216396331787,-84.3216396331787,0.0915095806121826,0.1017863750457763,39,39.0,YOLO,1,32,0.0,18.90604803207418,0.0,"[0, 0, 0, 0, 0, 0, 0, 0, 0, 0]"
20250721_003904_359,-12,38,38,8.7,20.21318333925388,-83.06591796875,-83.06591796875,0.0902798175811767,0.1582446098327636,38,38.0,YOLO,1,32,0.0,20.21318333925388,0.0,"[0, 0, 0, 0, 0, 0, 0, 0, 0, 0]"
20250721_003904_609,-12,38,38,8.7,20.07930575582475,-83.23419189453125,-83.23419189453125,0.0941076278686523,0.1017744541168212,38,38.0,YOLO,1,32,0.0,20.07930575582475,0.0,"[0, 0, 0, 0, 0, 0, 0, 0, 0, 0]"
20250721_003902_383,-12,38,38,8.7,18.6763286204758,-84.56905174255371,-84.56905174255371,0.0899238586425781,0.1017985343933105,38,38.0,YOLO,1,32,0.0,18.6763286204758,0.0,"[0, 0, 0, 0, 0, 0, 0, 0, 0, 0]"
20250721_003905_267,-12,38,38,8.7,19.710414737083227,-83.35355491638184,-83.35355491638184,0.090247631072998,0.1583142280578613,38,38.0,YOLO,1,32,0.0,19.710414737083227,0.0,"[0, 0, 0, 0, 0, 0, 0, 0, 0, 0]"
20250721_003905_960,-12,38,38,8.7,20.168143313877778,-82.99227142333984,-82.99227142333984,0.08931565284729,0.1017770767211914,38,38.0,YOLO,1,32,0.0,20.168143313877778,0.0,"[0, 0, 0, 0, 0, 0, 0, 0, 0, 0]"
20250721_003903_917,-12,39,39,10.2,18.84535071374984,-84.4765796661377,-84.4765796661377,0.0934932231903076,0.1581599712371826,39,39.0,YOLO,1,32,0.0,18.84535071374984,0.0,"[0, 0, 0, 0, 0, 0, 0, 0, 0, 0]"
20250721_003905_069,-12,38,38,8.7,20.168023768842787,-83.19034042358399,-83.19034042358399,0.0946528911590576,0.1018035411834716,38,38.0,YOLO,1,32,0.0,20.168023768842787,0.0,"[0, 0, 0, 0, 0, 0, 0, 0, 0, 0]"
20250721_003905_517,-12,38,38,8.7,19.903635514135857,-83.31208801269531,-83.31208801269531,0.0890655517578125,0.1017811298370361,38,38.0,YOLO,1,32,0.0,19.903635514135857,0.0,"[0, 0, 0, 0, 0, 0, 0, 0, 0, 0]"
20250721_003908_190,-11,38,38,8.7,19.31043245948321,-84.004052734375,-84.004052734375,0.0909321308135986,0.1017708778381347,38,38.0,YOLO,1,32,0.0,19.31043245948321,0.0,"[0, 0, 0, 0, 0, 0, 0, 0, 0, 0]"
20250721_003909_737,-11,38,38,8.7,19.477198728437628,-83.75464706420898,-83.75464706420898,0.0948004722595214,0.1582331657409668,38,38.0,YOLO,1,32,0.0,19.477198728437628,0.0,"[0, 0, 0, 0, 0, 0, 0, 0, 0, 0]"
20250721_003906_402,-11,38,38,8.7,19.25196158470601,-83.95072937011719,-83.95072937011719,0.0919690132141113,0.1018476486206054,38,38.0,YOLO,1,32,0.0,19.25196158470601,0.0,"[0, 0, 0, 0, 0, 0, 0, 0, 0, 0]"
20250721_003907_936,-11,38,38,8.7,19.27483077477123,-83.95543403625489,-83.95543403625489,0.093945026397705,0.1581788063049316,38,38.0,YOLO,1,32,0.0,19.27483077477123,0.0,"[0, 0, 0, 0, 0, 0, 0, 0, 0, 0]"
20250721_003907_042,-11,38,38,8.7,19.452191221019945,-83.79424285888672,-83.79424285888672,0.099398136138916,0.1582286357879638,38,38.0,YOLO,1,32,0.0,19.452191221019945,0.0,"[0, 0, 0, 0, 0, 0, 0, 0, 0, 0]"
20250721_003909_087,-11,37,37,7.3,18.885490486161387,-84.33073272705079,-84.33073272705079,0.0952744483947753,0.1017613410949707,37,37.0,YOLO,1,32,0.0,18.885490486161387,0.0,"[0, 0, 0, 0, 0, 0, 0, 0, 0, 0]"
20250721_003908_835,-11,38,38,8.7,18.716780064544068,-84.47428894042969,-84.47428894042969,0.092534065246582,0.1582682132720947,38,38.0,YOLO,1,32,0.0,18.716780064544068,0.0,"[0, 0, 0, 0, 0, 0, 0, 0, 0, 0]"
20250721_003907_301,-11,38,38,8.7,19.31442039712944,-83.97762947082519,-83.97762947082519,0.0935652256011962,0.1017496585845947,38,38.0,YOLO,1,32,0.0,19.31442039712944,0.0,"[0, 0, 0, 0, 0, 0, 0, 0, 0, 0]"
20250721_003908_636,-11,38,38,8.7,19.71503438258297,-83.50862121582031,-83.50862121582031,0.0954053401947021,0.1017401218414306,38,38.0,YOLO,1,32,0.0,19.71503438258297,0.0,"[0, 0, 0, 0, 0, 0, 0, 0, 0, 0]"
20250721_003908_384,-11,38,38,8.7,19.58083281965488,-83.6289493560791,-83.6289493560791,0.0924956798553466,0.1582376956939697,38,38.0,YOLO,1,32,0.0,19.58083281965488,0.0,"[0, 0, 0, 0, 0, 0, 0, 0, 0, 0]"
20250721_003906_153,-11,38,38,8.7,19.23792137682236,-84.01148681640625,-84.01148681640625,0.0896933078765869,0.158182144165039,38,38.0,YOLO,1,32,0.0,19.23792137682236,0.0,"[0, 0, 0, 0, 0, 0, 0, 0, 0, 0]"
20250721_003906_598,-11,38,38,8.7,19.058605786122826,-84.1575538635254,-84.1575538635254,0.0932209491729736,0.1582646369934082,38,38.0,YOLO,1,32,0.0,19.058605786122826,0.0,"[0, 0, 0, 0, 0, 0, 0, 0, 0, 0]"
20250721_003907_498,-11,38,38,8.7,19.547979155313627,-83.74559173583984,-83.74559173583984,0.090733528137207,0.1581637859344482,38,38.0,YOLO,1,32,0.0,19.547979155313627,0.0,"[0, 0, 0, 0, 0, 0, 0, 0, 0, 0]"
20250721_003909_285,-11,38,38,8.7,19.59464170031376,-83.72128982543946,-83.72128982543946,0.0977334976196289,0.1581313610076904,38,38.0,YOLO,1,32,0.0,19.59464170031376,0.0,"[0, 0, 0, 0, 0, 0, 0, 0, 0, 0]"
20250721_003907_748,-11,38,38,8.7,19.40670988859344,-83.91283111572265,-83.91283111572265,0.0844659805297851,0.1017773151397705,38,38.0,YOLO,1,32,0.0,19.40670988859344,0.0,"[0, 0, 0, 0, 0, 0, 0, 0, 0, 0]"
20250721_003906_851,-11,38,38,8.7,19.15029360840245,-83.91772537231445,-83.91772537231445,0.0884943008422851,0.1017954349517822,38,38.0,YOLO,1,32,0.0,19.15029360840245,0.0,"[0, 0, 0, 0, 0, 0, 0, 0, 0, 0]"
20250721_003909_543,-11,38,38,8.7,19.6454105587234,-83.66776390075684,-83.66776390075684,0.090822696685791,0.1019122600555419,38,38.0,YOLO,1,32,0.0,19.6454105587234,0.0,"[0, 0, 0, 0, 0, 0, 0, 0, 0, 0]"
20250721_003911_781,-10,37,37,7.3,19.57537015021711,-83.74318084716796,-83.74318084716796,0.0928471088409423,0.1017451286315918,37,37.0,YOLO,1,32,0.0,19.57537015021711,0.0,"[0, 0, 0, 0, 0, 0, 0, 0, 0, 0]"
20250721_003911_083,-10,37,37,7.3,19.38362309781708,-83.82115936279297,-83.82115936279297,0.0906939506530761,0.1582238674163818,37,37.0,YOLO,1,32,0.0,19.38362309781708,0.0,"[0, 0, 0, 0, 0, 0, 0, 0, 0, 0]"
20250721_003913_773,-10,37,37,7.3,19.52633860114888,-83.66764640808105,-83.66764640808105,0.0906527042388916,0.1581282615661621,37,37.0,YOLO,1,32,0.0,19.52633860114888,0.0,"[0, 0, 0, 0, 0, 0, 0, 0, 0, 0]"
20250721_003912_677,-10,37,37,7.3,19.30661761796135,-83.8794921875,-83.8794921875,0.0937883853912353,0.1016993522644043,37,37.0,YOLO,1,32,0.0,19.30661761796135,0.0,"[0, 0, 0, 0, 0, 0, 0, 0, 0, 0]"
20250721_003911_977,-10,37,37,7.3,19.58966570228455,-83.71446228027344,-83.71446228027344,0.0930571556091308,0.1581597328186035,37,37.0,YOLO,1,32,0.0,19.58966570228455,0.0,"[0, 0, 0, 0, 0, 0, 0, 0, 0, 0]"
20250721_003911_333,-10,37,37,7.3,19.35874744415885,-83.8803611755371,-83.8803611755371,0.0923850536346435,0.1018452644348144,37,37.0,YOLO,1,32,0.0,19.35874744415885,0.0,"[0, 0, 0, 0, 0, 0, 0, 0, 0, 0]"
20250721_003912_874,-10,37,37,7.3,19.106337136276665,-83.99394989013672,-83.99394989013672,0.0937399864196777,0.1581242084503173,37,37.0,YOLO,1,32,0.0,19.106337136276665,0.0,"[0, 0, 0, 0, 0, 0, 0, 0, 0, 0]"
20250721_003911_529,-10,37,37,7.3,19.74737594918629,-83.54532623291016,-83.54532623291016,0.0918104648590087,0.1582634449005127,37,37.0,YOLO,1,32,0.0,19.74737594918629,0.0,"[0, 0, 0, 0, 0, 0, 0, 0, 0, 0]"
20250721_003912_230,-10,37,37,7.3,19.41153592454343,-83.80156707763672,-83.80156707763672,0.0901484489440918,0.1018013954162597,37,37.0,YOLO,1,32,0.0,19.41153592454343,0.0,"[0, 0, 0, 0, 0, 0, 0, 0, 0, 0]"
20250721_003910_637,-10,37,37,7.3,19.343028361384484,-83.85813903808594,-83.85813903808594,0.0939629077911377,0.1584916114807129,37,37.0,YOLO,1,32,0.0,19.343028361384484,0.0,"[0, 0, 0, 0, 0, 0, 0, 0, 0, 0]"
20250721_003910_440,-10,37,37,7.3,17.682216861294222,-85.35932235717773,-85.35932235717773,0.093480110168457,0.1018176078796386,37,37.0,YOLO,1,32,0.0,17.682216861294222,0.0,"[0, 0, 0, 0, 0, 0, 0, 0, 0, 0]"
20250721_003913_322,-10,37,37,7.3,19.25631421373427,-84.01956939697266,-84.01956939697266,0.0971999168395996,0.1582744121551513,37,37.0,YOLO,1,32,0.0,19.25631421373427,0.0,"[0, 0, 0, 0, 0, 0, 0, 0, 0, 0]"
20250721_003910_892,-10,37,37,7.3,19.12254259538344,-84.0399185180664,-84.0399185180664,0.0886034965515136,0.1017687320709228,37,37.0,YOLO,1,32,0.0,19.12254259538344,0.0,"[0, 0, 0, 0, 0, 0, 0, 0, 0, 0]"
20250721_003913_579,-10,37,37,7.3,19.634844495059497,-83.62672424316406,-83.62672424316406,0.0903995037078857,0.1017425060272216,37,37.0,YOLO,1,32,0.0,19.634844495059497,0.0,"[0, 0, 0, 0, 0, 0, 0, 0, 0, 0]"
20250721_003913_128,-10,37,37,7.3,19.15995838247328,-84.0036693572998,-84.0036693572998,0.0913078784942627,0.101797342300415,37,37.0,YOLO,1,32,0.0,19.15995838247328,0.0,"[0, 0, 0, 0, 0, 0, 0, 0, 0, 0]"
20250721_003912_423,-10,37,37,7.3,19.19336925937057,-83.91145706176758,-83.91145706176758,0.0946824550628662,0.1583003997802734,37,37.0,YOLO,1,32,0.0,19.19336925937057,0.0,"[0, 0, 0, 0, 0, 0, 0, 0, 0, 0]"
20250721_003909_991,-10,38,38,8.7,19.5916004620438,-83.70083351135254,-83.70083351135254,0.0906357765197753,0.1018095016479492,38,38.0,YOLO,1,32,0.0,19.5916004620438,0.0,"[0, 0, 0, 0, 0, 0, 0, 0, 0, 0]"
20250721_003914_214,-9,37,37,7.3,17.986976224890284,-85.16903686523438,-85.16903686523438,0.0972554683685302,0.1582105159759521,37,37.0,YOLO,1,32,0.0,17.986976224890284,0.0,"[0, 0, 0, 0, 0, 0, 0, 0, 0, 0]"
20250721_003917_608,-9,36,36,5.8,19.95190690005367,-83.18928680419923,-83.18928680419923,0.0917830467224121,0.1017496585845947,36,36.0,YOLO,1,32,0.0,19.95190690005367,0.0,"[0, 0, 0, 0, 0, 0, 0, 0, 0, 0]"
20250721_003917_802,-9,36,36,5.8,19.910092647714464,-83.24900703430175,-83.24900703430175,0.0876355171203613,0.1583077907562255,36,36.0,YOLO,1,32,0.0,19.910092647714464,0.0,"[0, 0, 0, 0, 0, 0, 0, 0, 0, 0]"
20250721_003915_370,-9,36,36,5.8,19.84889659333897,-83.42042541503906,-83.42042541503906,0.0859367847442627,0.101792573928833,36,36.0,YOLO,1,32,0.0,19.84889659333897,0.0,"[0, 0, 0, 0, 0, 0, 0, 0, 0, 0]"
20250721_003916_006,-9,36,36,5.8,19.93347910814998,-83.35377502441406,-83.35377502441406,0.0941777229309082,0.1581461429595947,36,36.0,YOLO,1,32,0.0,19.93347910814998,0.0,"[0, 0, 0, 0, 0, 0, 0, 0, 0, 0]"
20250721_003917_154,-9,36,36,5.8,19.88435206821096,-83.35377502441406,-83.35377502441406,0.0976507663726806,0.1017158031463623,36,36.0,YOLO,1,32,0.0,19.88435206821096,0.0,"[0, 0, 0, 0, 0, 0, 0, 0, 0, 0]"
20250721_003916_260,-9,36,36,5.8,19.822213395090984,-83.51455917358399,-83.51455917358399,0.0951261520385742,0.1018874645233154,36,36.0,YOLO,1,32,0.0,19.822213395090984,0.0,"[0, 0, 0, 0, 0, 0, 0, 0, 0, 0]"
20250721_003914_667,-9,36,36,5.8,19.65631121163652,-83.45403289794922,-83.45403289794922,0.0980396270751953,0.1581461429595947,36,36.0,YOLO,1,32,0.0,19.65631121163652,0.0,"[0, 0, 0, 0, 0, 0, 0, 0, 0, 0]"
20250721_003917_355,-9,36,36,5.8,19.95266499189526,-83.30085906982421,-83.30085906982421,0.0925619602203369,0.1582772731781005,36,36.0,YOLO,1,32,0.0,19.95266499189526,0.0,"[0, 0, 0, 0, 0, 0, 0, 0, 0, 0]"
20250721_003916_715,-9,36,36,5.8,19.681177204925604,-83.61161270141602,-83.61161270141602,0.0824174880981445,0.10176682472229,36,36.0,YOLO,1,32,0.0,19.681177204925604,0.0,"[0, 0, 0, 0, 0, 0, 0, 0, 0, 0]"
20250721_003914_023,-9,37,37,7.3,19.58766453929977,-83.64070587158203,-83.64070587158203,0.0882871150970459,0.1017048358917236,37,37.0,YOLO,1,32,0.0,19.58766453929977,0.0,"[0, 0, 0, 0, 0, 0, 0, 0, 0, 0]"
20250721_003915_559,-9,36,36,5.8,19.816248730593387,-83.39887809753418,-83.39887809753418,0.0906798839569091,0.1581923961639404,36,36.0,YOLO,1,32,0.0,19.816248730593387,0.0,"[0, 0, 0, 0, 0, 0, 0, 0, 0, 0]"
20250721_003914_924,-9,36,36,5.8,19.68586566794829,-83.50634841918945,-83.50634841918945,0.0902042388916015,0.1017611026763916,36,36.0,YOLO,1,32,0.0,19.68586566794829,0.0,"[0, 0, 0, 0, 0, 0, 0, 0, 0, 0]"
20250721_003915_810,-9,36,36,5.8,19.73909746634048,-83.5518928527832,-83.5518928527832,0.0927643775939941,0.1017498970031738,36,36.0,YOLO,1,32,0.0,19.73909746634048,0.0,"[0, 0, 0, 0, 0, 0, 0, 0, 0, 0]"
20250721_003916_458,-9,36,36,5.8,19.585957927722543,-83.72525787353516,-83.72525787353516,0.0969760417938232,0.1581594944000244,36,36.0,YOLO,1,32,0.0,19.585957927722543,0.0,"[0, 0, 0, 0, 0, 0, 0, 0, 0, 0]"
20250721_003914_471,-9,36,36,5.8,17.923878265687563,-85.23517036437988,-85.23517036437988,0.0921127796173095,0.1018729209899902,36,36.0,YOLO,1,32,0.0,17.923878265687563,0.0,"[0, 0, 0, 0, 0, 0, 0, 0, 0, 0]"
20250721_003915_118,-9,36,36,5.8,19.65015227336555,-83.66918182373047,-83.66918182373047,0.0926177501678466,0.1581943035125732,36,36.0,YOLO,1,32,0.0,19.65015227336555,0.0,"[0, 0, 0, 0, 0, 0, 0, 0, 0, 0]"
20250721_003919_836,-8,36,36,5.8,19.533860831617048,-83.70249938964844,-83.70249938964844,0.0873026847839355,0.1017231941223144,36,36.0,YOLO,1,32,0.0,19.533860831617048,0.0,"[0, 0, 0, 0, 0, 0, 0, 0, 0, 0]"
20250721_003918_050,-8,36,36,5.8,19.953349792762083,-83.3033676147461,-83.3033676147461,0.0926795005798339,0.1018505096435546,36,36.0,YOLO,1,32,0.0,19.953349792762083,0.0,"[0, 0, 0, 0, 0, 0, 0, 0, 0, 0]"
20250721_003918_694,-8,36,36,5.8,19.62797409738376,-83.40846061706543,-83.40846061706543,0.0906028747558593,0.1582434177398681,36,36.0,YOLO,1,32,0.0,19.62797409738376,0.0,"[0, 0, 0, 0, 0, 0, 0, 0, 0, 0]"
20250721_003918_944,-8,36,36,5.8,19.680499563001,-83.59060630798339,-83.59060630798339,0.0935568809509277,0.1017813682556152,36,36.0,YOLO,1,32,0.0,19.680499563001,0.0,"[0, 0, 0, 0, 0, 0, 0, 0, 0, 0]"
20250721_003920_277,-8,35,35,4.4,18.956942993895893,-84.21348342895507,-84.21348342895507,0.09183931350708,0.1017768383026123,35,35.0,YOLO,1,32,0.0,18.956942993895893,0.0,"[0, 0, 0, 0, 0, 0, 0, 0, 0, 0]"
20250721_003920_727,-8,35,35,4.4,19.659956775707343,-83.5518928527832,-83.5518928527832,0.091123342514038,0.1017608642578125,35,35.0,YOLO,1,32,0.0,19.659956775707343,0.0,"[0, 0, 0, 0, 0, 0, 0, 0, 0, 0]"
20250721_003920_922,-8,35,35,4.4,19.65675464096762,-83.60062522888184,-83.60062522888184,0.0992119312286377,0.1582109928131103,35,35.0,YOLO,1,32,0.0,19.65675464096762,0.0,"[0, 0, 0, 0, 0, 0, 0, 0, 0, 0]"
20250721_003919_393,-8,36,36,5.8,19.21175939027684,-83.97864532470703,-83.97864532470703,0.0904891490936279,0.1017730236053466,36,36.0,YOLO,1,32,0.0,19.21175939027684,0.0,"[0, 0, 0, 0, 0, 0, 0, 0, 0, 0]"
20250721_003921_376,-8,36,36,5.8,19.359018643746936,-83.75488815307617,-83.75488815307617,0.0959131717681884,0.1581881046295166,36,36.0,YOLO,1,32,0.0,19.359018643746936,0.0,"[0, 0, 0, 0, 0, 0, 0, 0, 0, 0]"
20250721_003918_246,-8,36,36,5.8,19.536938522679336,-83.79180145263672,-83.79180145263672,0.0952715873718261,0.1581349372863769,36,36.0,YOLO,1,32,0.0,19.536938522679336,0.0,"[0, 0, 0, 0, 0, 0, 0, 0, 0, 0]"
20250721_003920_472,-8,35,35,4.4,19.53702429770821,-83.68497505187989,-83.68497505187989,0.0960791110992431,0.1581156253814697,35,35.0,YOLO,1,32,0.0,19.53702429770821,0.0,"[0, 0, 0, 0, 0, 0, 0, 0, 0, 0]"
20250721_003919_587,-8,36,36,5.8,19.472950132750555,-83.82115936279297,-83.82115936279297,0.0895822048187255,0.1581184864044189,36,36.0,YOLO,1,32,0.0,19.472950132750555,0.0,"[0, 0, 0, 0, 0, 0, 0, 0, 0, 0]"
20250721_003921_829,-8,36,36,5.8,19.55241202350959,-83.74571228027344,-83.74571228027344,0.0949068069458007,0.1582486629486084,36,36.0,YOLO,1,32,0.0,19.55241202350959,0.0,"[0, 0, 0, 0, 0, 0, 0, 0, 0, 0]"
20250721_003921_632,-8,36,36,5.8,19.390585891357205,-83.82361602783203,-83.82361602783203,0.0935010910034179,0.1017827987670898,36,36.0,YOLO,1,32,0.0,19.390585891357205,0.0,"[0, 0, 0, 0, 0, 0, 0, 0, 0, 0]"
20250721_003919_141,-8,36,36,5.8,19.28568950620189,-83.82361602783203,-83.82361602783203,0.0925226211547851,0.1581029891967773,36,36.0,YOLO,1,32,0.0,19.28568950620189,0.0,"[0, 0, 0, 0, 0, 0, 0, 0, 0, 0]"
20250721_003921_181,-8,36,36,5.8,19.84189776669362,-83.31984901428223,-83.31984901428223,0.0922772884368896,0.1018574237823486,36,36.0,YOLO,1,32,0.0,19.84189776669362,0.0,"[0, 0, 0, 0, 0, 0, 0, 0, 0, 0]"
20250721_003920_027,-8,36,36,5.8,18.89392577499221,-84.25411796569824,-84.25411796569824,0.0903995037078857,0.1581144332885742,36,36.0,YOLO,1,32,0.0,18.89392577499221,0.0,"[0, 0, 0, 0, 0, 0, 0, 0, 0, 0]"
20250721_003924_959,-7,35,35,4.4,18.950359239771583,-84.22209930419922,-84.22209930419922,0.0900774002075195,0.158219575881958,35,35.0,YOLO,1,32,0.0,18.950359239771583,0.0,"[0, 0, 0, 0, 0, 0, 0, 0, 0, 0]"
20250721_003925_209,-7,35,35,4.4,18.94997685620592,-84.18936958312989,-84.18936958312989,0.0886344909667968,0.1017587184906005,35,35.0,YOLO,1,32,0.0,18.94997685620592,0.0,"[0, 0, 0, 0, 0, 0, 0, 0, 0, 0]"
20250721_003925_401,-7,35,35,4.4,18.736296089439307,-84.29801177978516,-84.29801177978516,0.0972483158111572,0.1582098007202148,35,35.0,YOLO,1,32,0.0,18.736296089439307,0.0,"[0, 0, 0, 0, 0, 0, 0, 0, 0, 0]"
20250721_003925_854,-7,35,35,4.4,19.024969883177675,-84.24572296142578,-84.24572296142578,0.1007087230682373,0.15812349319458,35,35.0,YOLO,1,32,0.0,19.024969883177675,0.0,"[0, 0, 0, 0, 0, 0, 0, 0, 0, 0]"
20250721_003922_715,-7,35,35,4.4,18.97481306237873,-84.29801177978516,-84.29801177978516,0.0984489917755127,0.1581707000732422,35,35.0,YOLO,1,32,0.0,18.97481306237873,0.0,"[0, 0, 0, 0, 0, 0, 0, 0, 0, 0]"
20250721_003922_973,-7,35,35,4.4,18.78157918639768,-84.43170166015625,-84.43170166015625,0.0853941440582275,0.1017432212829589,35,35.0,YOLO,1,32,0.0,18.78157918639768,0.0,"[0, 0, 0, 0, 0, 0, 0, 0, 0, 0]"
20250721_003925_658,-7,35,35,4.4,18.882708123231183,-84.20329284667969,-84.20329284667969,0.0934534072875976,0.1017143726348877,35,35.0,YOLO,1,32,0.0,18.882708123231183,0.0,"[0, 0, 0, 0, 0, 0, 0, 0, 0, 0]"
20250721_003922_275,-7,35,35,4.4,18.164679112835245,-84.9217300415039,-84.9217300415039,0.0880830287933349,0.1581883430480957,35,35.0,YOLO,1,32,0.0,18.164679112835245,0.0,"[0, 0, 0, 0, 0, 0, 0, 0, 0, 0]"
20250721_003922_523,-7,35,35,4.4,18.36359746237602,-84.84865531921386,-84.84865531921386,0.0882933139801025,0.1017751693725586,35,35.0,YOLO,1,32,0.0,18.36359746237602,0.0,"[0, 0, 0, 0, 0, 0, 0, 0, 0, 0]"
20250721_003924_502,-7,35,35,4.4,18.93811329600628,-84.4280330657959,-84.4280330657959,0.1003763675689697,0.1583316326141357,35,35.0,YOLO,1,32,0.0,18.93811329600628,0.0,"[0, 0, 0, 0, 0, 0, 0, 0, 0, 0]"
20250721_003924_762,-7,35,35,4.4,18.867701098930056,-84.33902473449707,-84.33902473449707,0.0935909748077392,0.1017789840698242,35,35.0,YOLO,1,32,0.0,18.867701098930056,0.0,"[0, 0, 0, 0, 0, 0, 0, 0, 0, 0]"
20250721_003924_060,-7,35,35,4.4,18.90762206066151,-84.35260162353515,-84.35260162353515,0.0889689922332763,0.1582386493682861,35,35.0,YOLO,1,32,0.0,18.90762206066151,0.0,"[0, 0, 0, 0, 0, 0, 0, 0, 0, 0]"
20250721_003923_413,-7,35,35,4.4,18.91279686921997,-84.17922973632812,-84.17922973632812,0.0911026000976562,0.1018869876861572,35,35.0,YOLO,1,32,0.0,18.91279686921997,0.0,"[0, 0, 0, 0, 0, 0, 0, 0, 0, 0]"
20250721_003923_161,-7,35,35,4.4,19.180748449804213,-84.04276275634766,-84.04276275634766,0.0917761325836181,0.1580941677093505,35,35.0,YOLO,1,32,0.0,19.180748449804213,0.0,"[0, 0, 0, 0, 0, 0, 0, 0, 0, 0]"
20250721_003924_308,-7,35,35,4.4,18.95553530157018,-84.3228759765625,-84.3228759765625,0.0904128551483154,0.1018157005310058,35,35.0,YOLO,1,32,0.0,18.95553530157018,0.0,"[0, 0, 0, 0, 0, 0, 0, 0, 0, 0]"
20250721_003923_866,-7,35,35,4.4,18.763069583915023,-84.48857879638672,-84.48857879638672,0.0904455184936523,0.1018168926239013,35,35.0,YOLO,1,32,0.0,18.763069583915023,0.0,"[0, 0, 0, 0, 0, 0, 0, 0, 0, 0]"
20250721_003922_083,-7,36,36,5.8,19.57848534633428,-83.62637214660644,-83.62637214660644,0.0890331268310546,0.1017746925354003,36,36.0,YOLO,1,32,0.0,19.57848534633428,0.0,"[0, 0, 0, 0, 0, 0, 0, 0, 0, 0]"
20250721_003927_010,-6,34,34,2.9,18.868285575356893,-84.25724029541016,-84.25724029541016,0.0916190147399902,0.1017220020294189,34,34.0,YOLO,1,32,0.0,18.868285575356893,0.0,"[0, 0, 0, 0, 0, 0, 0, 0, 0, 0]"
20250721_003929_443,-6,34,34,2.9,18.882487200806423,-84.2543888092041,-84.2543888092041,0.0946640968322753,0.1585345268249511,34,34.0,YOLO,1,32,0.0,18.882487200806423,0.0,"[0, 0, 0, 0, 0, 0, 0, 0, 0, 0]"
20250721_003927_904,-6,34,34,2.9,18.88507018580563,-84.42775192260743,-84.42775192260743,0.0914990901947021,0.1018407344818115,34,34.0,YOLO,1,32,0.0,18.88507018580563,0.0,"[0, 0, 0, 0, 0, 0, 0, 0, 0, 0]"
20250721_003929_251,-6,34,34,2.9,18.88824162842976,-84.08429718017578,-84.08429718017578,0.0886523723602294,0.102170705795288,34,34.0,YOLO,1,32,0.0,18.88824162842976,0.0,"[0, 0, 0, 0, 0, 0, 0, 0, 0, 0]"
20250721_003929_698,-6,34,34,2.9,18.757410101834708,-84.37820205688476,-84.37820205688476,0.0896451473236084,0.1020753383636474,34,34.0,YOLO,1,32,0.0,18.757410101834708,0.0,"[0, 0, 0, 0, 0, 0, 0, 0, 0, 0]"
20250721_003927_205,-6,34,34,2.9,18.833975225810818,-84.37834167480469,-84.37834167480469,0.0953843593597412,0.1582248210906982,34,34.0,YOLO,1,32,0.0,18.833975225810818,0.0,"[0, 0, 0, 0, 0, 0, 0, 0, 0, 0]"
20250721_003928_352,-6,34,34,2.9,19.11807883061718,-84.1500015258789,-84.1500015258789,0.0915360450744628,0.1021685600280761,34,34.0,YOLO,1,32,0.0,19.11807883061718,0.0,"[0, 0, 0, 0, 0, 0, 0, 0, 0, 0]"
20250721_003928_997,-6,34,34,2.9,18.93636839218493,-84.27058258056641,-84.27058258056641,0.0930361747741699,0.1585569381713867,34,34.0,YOLO,1,32,0.0,18.93636839218493,0.0,"[0, 0, 0, 0, 0, 0, 0, 0, 0, 0]"
20250721_003928_099,-6,34,34,2.9,19.23134898417335,-83.97864532470703,-83.97864532470703,0.0922527313232421,0.1583456993103027,34,34.0,YOLO,1,32,0.0,19.23134898417335,0.0,"[0, 0, 0, 0, 0, 0, 0, 0, 0, 0]"
20250721_003926_310,-6,34,34,2.9,18.867826405091307,-84.37554931640625,-84.37554931640625,0.0920546054840087,0.1581542491912841,34,34.0,YOLO,1,32,0.0,18.867826405091307,0.0,"[0, 0, 0, 0, 0, 0, 0, 0, 0, 0]"
20250721_003927_460,-6,34,34,2.9,18.97408490224228,-84.2566982269287,-84.2566982269287,0.0897886753082275,0.1018040180206298,34,34.0,YOLO,1,32,0.0,18.97408490224228,0.0,"[0, 0, 0, 0, 0, 0, 0, 0, 0, 0]"
20250721_003926_562,-6,34,34,2.9,18.91221765674824,-84.25724029541016,-84.25724029541016,0.0929229259490966,0.1018857955932617,34,34.0,YOLO,1,32,0.0,18.91221765674824,0.0,"[0, 0, 0, 0, 0, 0, 0, 0, 0, 0]"
20250721_003928_547,-6,34,34,2.9,18.94973272032435,-84.1604736328125,-84.1604736328125,0.0949430465698242,0.1585445404052734,34,34.0,YOLO,1,32,0.0,18.94973272032435,0.0,"[0, 0, 0, 0, 0, 0, 0, 0, 0, 0]"
20250721_003927_653,-6,34,34,2.9,18.91482584146904,-84.42775192260743,-84.42775192260743,0.0914907455444336,0.1581525802612304,34,34.0,YOLO,1,32,0.0,18.91482584146904,0.0,"[0, 0, 0, 0, 0, 0, 0, 0, 0, 0]"
20250721_003926_115,-6,35,35,4.4,18.976379464731338,-84.12426948547363,-84.12426948547363,0.092026948928833,0.1017603874206543,35,35.0,YOLO,1,32,0.0,18.976379464731338,0.0,"[0, 0, 0, 0, 0, 0, 0, 0, 0, 0]"
20250721_003929_891,-6,34,34,2.9,18.85666967496685,-84.25181579589844,-84.25181579589844,0.0912551879882812,0.1582531929016113,34,34.0,YOLO,1,32,0.0,18.85666967496685,0.0,"[0, 0, 0, 0, 0, 0, 0, 0, 0, 0]"
20250721_003928_802,-6,34,34,2.9,19.11979675925366,-84.0812973022461,-84.0812973022461,0.0912418365478515,0.1024572849273681,34,34.0,YOLO,1,32,0.0,19.11979675925366,0.0,"[0, 0, 0, 0, 0, 0, 0, 0, 0, 0]"
20250721_003931_920,-5,34,34,2.9,17.977411025902768,-85.142333984375,-85.142333984375,0.0962896347045898,0.1017653942108154,34,34.0,YOLO,1,32,0.0,17.977411025902768,0.0,"[0, 0, 0, 0, 0, 0, 0, 0, 0, 0]"
20250721_003930_338,-5,33,33,1.5,19.98855367184828,-83.3033676147461,-83.3033676147461,0.0872201919555664,0.158156156539917,33,33.0,YOLO,1,32,0.0,19.98855367184828,0.0,"[0, 0, 0, 0, 0, 0, 0, 0, 0, 0]"
20250721_003930_585,-5,33,33,1.5,19.939008294982514,-83.30085906982421,-83.30085906982421,0.0862455368041992,0.1018071174621582,33,33.0,YOLO,1,32,0.0,19.939008294982514,0.0,"[0, 0, 0, 0, 0, 0, 0, 0, 0, 0]"
20250721_003933_272,-5,34,34,2.9,18.40634806027573,-84.8216781616211,-84.8216781616211,0.0945632457733154,0.1018512248992919,34,34.0,YOLO,1,32,0.0,18.40634806027573,0.0,"[0, 0, 0, 0, 0, 0, 0, 0, 0, 0]"
20250721_003932_821,-5,34,34,2.9,18.347530449467342,-84.90594482421875,-84.90594482421875,0.0936102867126464,0.1018934249877929,34,34.0,YOLO,1,32,0.0,18.347530449467342,0.0,"[0, 0, 0, 0, 0, 0, 0, 0, 0, 0]"
20250721_003931_481,-5,34,34,2.9,18.194889967294912,-84.93076095581054,-84.93076095581054,0.0894184112548828,0.1016981601715087,34,34.0,YOLO,1,32,0.0,18.194889967294912,0.0,"[0, 0, 0, 0, 0, 0, 0, 0, 0, 0]"
20250721_003933_470,-5,34,34,2.9,18.16940080553381,-84.93076095581054,-84.93076095581054,0.09438157081604,0.1582963466644287,34,34.0,YOLO,1,32,0.0,18.16940080553381,0.0,"[0, 0, 0, 0, 0, 0, 0, 0, 0, 0]"
20250721_003932_569,-5,34,34,2.9,18.35442630435652,-84.88692054748535,-84.88692054748535,0.0930681228637695,0.1581392288208007,34,34.0,YOLO,1,32,0.0,18.35442630435652,0.0,"[0, 0, 0, 0, 0, 0, 0, 0, 0, 0]"
20250721_003931_674,-5,34,34,2.9,18.159369187968096,-85.0892448425293,-85.0892448425293,0.0862030982971191,0.1584444046020507,34,34.0,YOLO,1,32,0.0,18.159369187968096,0.0,"[0, 0, 0, 0, 0, 0, 0, 0, 0, 0]"
20250721_003930_142,-5,34,34,2.9,18.853568324036004,-84.27315101623535,-84.27315101623535,0.0924644470214843,0.1017649173736572,34,34.0,YOLO,1,32,0.0,18.853568324036004,0.0,"[0, 0, 0, 0, 0, 0, 0, 0, 0, 0]"
20250721_003931_029,-5,34,34,2.9,17.97791739840514,-85.02302398681641,-85.02302398681641,0.0920968055725097,0.1019806861877441,34,34.0,YOLO,1,32,0.0,17.97791739840514,0.0,"[0, 0, 0, 0, 0, 0, 0, 0, 0, 0]"
20250721_003932_376,-5,34,34,2.9,18.15869424975466,-85.01008796691895,-85.01008796691895,0.0894927978515625,0.1017913818359375,34,34.0,YOLO,1,32,0.0,18.15869424975466,0.0,"[0, 0, 0, 0, 0, 0, 0, 0, 0, 0]"
20250721_003933_018,-5,34,34,2.9,18.399076432192643,-84.71406059265136,-84.71406059265136,0.0944037437438964,0.1581864356994629,34,34.0,YOLO,1,32,0.0,18.399076432192643,0.0,"[0, 0, 0, 0, 0, 0, 0, 0, 0, 0]"
20250721_003931_224,-5,34,34,2.9,18.388035826578573,-84.73491897583008,-84.73491897583008,0.0969648361206054,0.1584501266479492,34,34.0,YOLO,1,32,0.0,18.388035826578573,0.0,"[0, 0, 0, 0, 0, 0, 0, 0, 0, 0]"
20250721_003932_119,-5,34,34,2.9,18.031208706040985,-85.15883750915528,-85.15883750915528,0.0968995094299316,0.1582205295562744,34,34.0,YOLO,1,32,0.0,18.031208706040985,0.0,"[0, 0, 0, 0, 0, 0, 0, 0, 0, 0]"
20250721_003930_774,-5,34,34,2.9,18.09206893926856,-85.0887523651123,-85.0887523651123,0.0942635536193847,0.1587989330291748,34,34.0,YOLO,1,32,0.0,18.09206893926856,0.0,"[0, 0, 0, 0, 0, 0, 0, 0, 0, 0]"
20250721_003933_725,-5,34,34,2.9,18.20403196949823,-85.02415466308594,-85.02415466308594,0.0903971195220947,0.1017050743103027,34,34.0,YOLO,1,32,0.0,18.20403196949823,0.0,"[0, 0, 0, 0, 0, 0, 0, 0, 0, 0]"
20250721_003936_429,-4,33,33,1.5,19.30788258876736,-83.99318466186523,-83.99318466186523,0.0911674499511718,0.1017873287200927,33,33.0,YOLO,1,32,0.0,19.30788258876736,0.0,"[0, 0, 0, 0, 0, 0, 0, 0, 0, 0]"
20250721_003936_175,-4,33,33,1.5,19.322236534016668,-83.91797637939453,-83.91797637939453,0.0938432216644287,0.1581714153289795,33,33.0,YOLO,1,32,0.0,19.322236534016668,0.0,"[0, 0, 0, 0, 0, 0, 0, 0, 0, 0]"
20250721_003934_815,-4,33,33,1.5,19.20115563431225,-84.07935447692871,-84.07935447692871,0.0898034572601318,0.1583161354064941,33,33.0,YOLO,1,32,0.0,19.20115563431225,0.0,"[0, 0, 0, 0, 0, 0, 0, 0, 0, 0]"
20250721_003933_918,-4,34,34,2.9,18.10024953496969,-85.11579132080078,-85.11579132080078,0.0888245105743408,0.1582629680633545,34,34.0,YOLO,1,32,0.0,18.10024953496969,0.0,"[0, 0, 0, 0, 0, 0, 0, 0, 0, 0]"
20250721_003937_512,-4,33,33,1.5,19.391740092532345,-83.88048553466797,-83.88048553466797,0.0905046463012695,0.1582429409027099,33,33.0,YOLO,1,32,0.0,19.391740092532345,0.0,"[0, 0, 0, 0, 0, 0, 0, 0, 0, 0]"
20250721_003937_763,-4,33,33,1.5,19.42427480730717,-83.78997993469238,-83.78997993469238,0.0911352634429931,0.1017959117889404,33,33.0,YOLO,1,32,0.0,19.42427480730717,0.0,"[0, 0, 0, 0, 0, 0, 0, 0, 0, 0]"
20250721_003935_733,-4,33,33,1.5,19.45229446028908,-83.67868041992188,-83.67868041992188,0.0907909870147705,0.1581943035125732,33,33.0,YOLO,1,32,0.0,19.45229446028908,0.0,"[0, 0, 0, 0, 0, 0, 0, 0, 0, 0]"
20250721_003935_984,-4,33,33,1.5,19.54505218414572,-83.79180145263672,-83.79180145263672,0.0883903503417968,0.1017725467681884,33,33.0,YOLO,1,32,0.0,19.54505218414572,0.0,"[0, 0, 0, 0, 0, 0, 0, 0, 0, 0]"
20250721_003934_167,-4,34,34,2.9,17.55234590179701,-85.67638397216797,-85.67638397216797,0.0902469158172607,0.1018064022064209,34,34.0,YOLO,1,32,0.0,17.55234590179701,0.0,"[0, 0, 0, 0, 0, 0, 0, 0, 0, 0]"
20250721_003937_072,-4,33,33,1.5,19.459226746422928,-83.74547119140625,-83.74547119140625,0.0915694236755371,0.158233642578125,33,33.0,YOLO,1,32,0.0,19.459226746422928,0.0,"[0, 0, 0, 0, 0, 0, 0, 0, 0, 0]"
20250721_003935_511,-4,33,33,1.5,19.507953567867418,-83.77148323059082,-83.77148323059082,0.1186485290527343,0.1017701625823974,33,33.0,YOLO,1,32,0.0,19.507953567867418,0.0,"[0, 0, 0, 0, 0, 0, 0, 0, 0, 0]"
20250721_003935_258,-4,33,33,1.5,19.50843576704345,-83.72164916992188,-83.72164916992188,0.093829870223999,0.158351182937622,33,33.0,YOLO,1,32,0.0,19.50843576704345,0.0,"[0, 0, 0, 0, 0, 0, 0, 0, 0, 0]"
20250721_003934_360,-4,33,33,1.5,19.13609837840332,-83.97762947082519,-83.97762947082519,0.0998954772949218,0.1581628322601318,33,33.0,YOLO,1,32,0.0,19.13609837840332,0.0,"[0, 0, 0, 0, 0, 0, 0, 0, 0, 0]"
20250721_003936_878,-4,33,33,1.5,19.062407603900382,-84.10521697998047,-84.10521697998047,0.0898211002349853,0.1017506122589111,33,33.0,YOLO,1,32,0.0,19.062407603900382,0.0,"[0, 0, 0, 0, 0, 0, 0, 0, 0, 0]"
20250721_003934_620,-4,33,33,1.5,19.128161888002623,-84.01957664489746,-84.01957664489746,0.0916292667388916,0.1017608642578125,33,33.0,YOLO,1,32,0.0,19.128161888002623,0.0,"[0, 0, 0, 0, 0, 0, 0, 0, 0, 0]"
20250721_003937_323,-4,33,33,1.5,19.45445252457435,-83.7336654663086,-83.7336654663086,0.0863640308380127,0.1018037796020507,33,33.0,YOLO,1,32,0.0,19.45445252457435,0.0,"[0, 0, 0, 0, 0, 0, 0, 0, 0, 0]"
20250721_003936_623,-4,33,33,1.5,19.239862938739464,-84.00123405456543,-84.00123405456543,0.0956747531890869,0.1582238674163818,33,33.0,YOLO,1,32,0.0,19.239862938739464,0.0,"[0, 0, 0, 0, 0, 0, 0, 0, 0, 0]"
20250721_003941_349,-3,32,32,0.0,19.45131239869877,-83.74559173583984,-83.74559173583984,0.0902018547058105,0.1018793582916259,32,32.0,YOLO,1,32,0.0,19.45131239869877,0.0,"[0, 0, 0, 0, 0, 0, 0, 0, 0, 0]"
20250721_003938_399,-3,32,32,0.0,19.934280245625416,-83.1915054321289,-83.1915054321289,0.0974307060241699,0.1581788063049316,32,32.0,YOLO,1,32,0.0,19.934280245625416,0.0,"[0, 0, 0, 0, 0, 0, 0, 0, 0, 0]"
20250721_003938_656,-3,32,32,0.0,19.82917490713013,-83.34926261901856,-83.34926261901856,0.088505744934082,0.1017673015594482,32,32.0,YOLO,1,32,0.0,19.82917490713013,0.0,"[0, 0, 0, 0, 0, 0, 0, 0, 0, 0]"
20250721_003939_297,-3,32,32,0.0,19.93363420287153,-83.36847686767578,-83.36847686767578,0.0919630527496337,0.158186674118042,32,32.0,YOLO,1,32,0.0,19.93363420287153,0.0,"[0, 0, 0, 0, 0, 0, 0, 0, 0, 0]"
20250721_003941_542,-3,32,32,0.0,19.600505200208342,-83.6009750366211,-83.6009750366211,0.0925934314727783,0.1581814289093017,32,32.0,YOLO,1,32,0.0,19.600505200208342,0.0,"[0, 0, 0, 0, 0, 0, 0, 0, 0, 0]"
20250721_003941_092,-3,32,32,0.0,19.42213217445439,-83.71446228027344,-83.71446228027344,0.0974714756011962,0.1581413745880127,32,32.0,YOLO,1,32,0.0,19.42213217445439,0.0,"[0, 0, 0, 0, 0, 0, 0, 0, 0, 0]"
20250721_003940_190,-3,32,32,0.0,20.02350900881125,-83.10810852050781,-83.10810852050781,0.0922920703887939,0.1582117080688476,32,32.0,YOLO,1,32,0.0,20.02350900881125,0.0,"[0, 0, 0, 0, 0, 0, 0, 0, 0, 0]"
20250721_003939_548,-3,32,32,0.0,19.99704276444818,-83.24342651367188,-83.24342651367188,0.0900690555572509,0.1017758846282959,32,32.0,YOLO,1,32,0.0,19.99704276444818,0.0,"[0, 0, 0, 0, 0, 0, 0, 0, 0, 0]"
20250721_003939_104,-3,32,32,0.0,20.18534489230092,-83.1303482055664,-83.1303482055664,0.0899171829223632,0.1017816066741943,32,32.0,YOLO,1,32,0.0,20.18534489230092,0.0,"[0, 0, 0, 0, 0, 0, 0, 0, 0, 0]"
20250721_003938_208,-3,33,33,1.5,18.47318700242533,-84.90484466552735,-84.90484466552735,0.0882143974304199,0.1018576622009277,33,33.0,YOLO,1,32,0.0,18.47318700242533,0.0,"[0, 0, 0, 0, 0, 0, 0, 0, 0, 0]"
20250721_003940_897,-3,32,32,0.0,19.561740425262144,-83.72128982543946,-83.72128982543946,0.0912973880767822,0.1018381118774414,32,32.0,YOLO,1,32,0.0,19.561740425262144,0.0,"[0, 0, 0, 0, 0, 0, 0, 0, 0, 0]"
20250721_003940_636,-3,32,32,0.0,19.418726124579308,-83.82349319458008,-83.82349319458008,0.1010425090789794,0.1581254005432129,32,32.0,YOLO,1,32,0.0,19.418726124579308,0.0,"[0, 0, 0, 0, 0, 0, 0, 0, 0, 0]"
20250721_003939_992,-3,32,32,0.0,19.527508554809742,-83.59083824157715,-83.59083824157715,0.0954413414001464,0.1017565727233886,32,32.0,YOLO,1,32,0.0,19.527508554809742,0.0,"[0, 0, 0, 0, 0, 0, 0, 0, 0, 0]"
20250721_003937_957,-3,33,33,1.5,19.18998995679904,-83.91797637939453,-83.91797637939453,0.090792179107666,0.1581752300262451,33,33.0,YOLO,1,32,0.0,19.18998995679904,0.0,"[0, 0, 0, 0, 0, 0, 0, 0, 0, 0]"
20250721_003941_795,-3,32,32,0.0,19.545903326985965,-83.57537841796875,-83.57537841796875,0.0912933349609375,0.101844310760498,32,32.0,YOLO,1,32,0.0,19.545903326985965,0.0,"[0, 0, 0, 0, 0, 0, 0, 0, 0, 0]"
20250721_003940_442,-3,32,32,0.0,19.888442695542807,-83.25138092041016,-83.25138092041016,0.0911729335784912,0.1017830371856689,32,32.0,YOLO,1,32,0.0,19.888442695542807,0.0,"[0, 0, 0, 0, 0, 0, 0, 0, 0, 0]"
20250721_003939_742,-3,32,32,0.0,19.58473486257036,-83.42713928222656,-83.42713928222656,0.0903060436248779,0.15810227394104,32,32.0,YOLO,1,32,0.0,19.58473486257036,0.0,"[0, 0, 0, 0, 0, 0, 0, 0, 0, 0]"
20250721_003945_096,-2,31,31,-1.5,20.090553132128804,-83.24900703430175,-83.24900703430175,0.0911903381347656,0.1581728458404541,31,31.0,YOLO,1,32,0.0,20.090553132128804,0.0,"[0, 0, 0, 0, 0, 0, 0, 0, 0, 0]"
20250721_003944_899,-2,31,31,-1.5,20.03249926059445,-83.14629364013672,-83.14629364013672,0.0942089557647705,0.1017608642578125,31,31.0,YOLO,1,32,0.0,20.03249926059445,0.0,"[0, 0, 0, 0, 0, 0, 0, 0, 0, 0]"
20250721_003942_241,-2,32,32,0.0,18.34363078949372,-84.84819107055664,-84.84819107055664,0.0894296169281005,0.1018099784851074,32,32.0,YOLO,1,32,0.0,18.34363078949372,0.0,"[0, 0, 0, 0, 0, 0, 0, 0, 0, 0]"
20250721_003944_198,-2,31,31,-1.5,19.92585616095849,-83.31034851074219,-83.31034851074219,0.0951192378997802,0.1581873893737793,31,31.0,YOLO,1,32,0.0,19.92585616095849,0.0,"[0, 0, 0, 0, 0, 0, 0, 0, 0, 0]"
20250721_003942_687,-2,31,31,-1.5,20.13028894926677,-83.14031410217285,-83.14031410217285,0.093921422958374,0.1018192768096923,31,31.0,YOLO,1,32,0.0,20.13028894926677,0.0,"[0, 0, 0, 0, 0, 0, 0, 0, 0, 0]"
20250721_003943_317,-2,32,32,0.0,18.246757917488424,-84.95843048095703,-84.95843048095703,0.0888655185699462,0.1581616401672363,32,32.0,YOLO,1,32,0.0,18.246757917488424,0.0,"[0, 0, 0, 0, 0, 0, 0, 0, 0, 0]"
20250721_003943_566,-2,31,31,-1.5,18.146269689812986,-84.93076095581054,-84.93076095581054,0.0886023044586181,0.101703405380249,31,31.0,YOLO,1,32,0.0,18.146269689812986,0.0,"[0, 0, 0, 0, 0, 0, 0, 0, 0, 0]"
20250721_003945_347,-2,31,31,-1.5,19.924178727323337,-83.31208801269531,-83.31208801269531,0.0938344001770019,0.1018328666687011,31,31.0,YOLO,1,32,0.0,19.924178727323337,0.0,"[0, 0, 0, 0, 0, 0, 0, 0, 0, 0]"
20250721_003941_989,-2,32,32,0.0,18.358027703033,-84.79993362426758,-84.79993362426758,0.0919370651245117,0.1582651138305664,32,32.0,YOLO,1,32,0.0,18.358027703033,0.0,"[0, 0, 0, 0, 0, 0, 0, 0, 0, 0]"
20250721_003944_646,-2,31,31,-1.5,20.187351349656893,-83.03507995605469,-83.03507995605469,0.0934083461761474,0.1582868099212646,31,31.0,YOLO,1,32,0.0,20.187351349656893,0.0,"[0, 0, 0, 0, 0, 0, 0, 0, 0, 0]"
20250721_003943_758,-2,31,31,-1.5,19.991811865397096,-83.20001182556152,-83.20001182556152,0.0903880596160888,0.1582379341125488,31,31.0,YOLO,1,32,0.0,19.991811865397096,0.0,"[0, 0, 0, 0, 0, 0, 0, 0, 0, 0]"
20250721_003943_132,-2,32,32,0.0,18.45357124659216,-84.69976043701172,-84.69976043701172,0.0822286605834961,0.1016852855682373,32,32.0,YOLO,1,32,0.0,18.45357124659216,0.0,"[0, 0, 0, 0, 0, 0, 0, 0, 0, 0]"
20250721_003945_793,-2,32,32,0.0,20.34215452510763,-82.88587265014648,-82.88587265014648,0.0875475406646728,0.1018140316009521,32,32.0,YOLO,1,32,0.0,20.34215452510763,0.0,"[0, 0, 0, 0, 0, 0, 0, 0, 0, 0]"
20250721_003945_544,-2,31,31,-1.5,20.395813131086697,-82.88577384948731,-82.88577384948731,0.0894217491149902,0.1581029891967773,31,31.0,YOLO,1,32,0.0,20.395813131086697,0.0,"[0, 0, 0, 0, 0, 0, 0, 0, 0, 0]"
20250721_003944_008,-2,31,31,-1.5,20.01619359117145,-83.21471405029297,-83.21471405029297,0.0866541862487793,0.1017510890960693,31,31.0,YOLO,1,32,0.0,20.01619359117145,0.0,"[0, 0, 0, 0, 0, 0, 0, 0, 0, 0]"
20250721_003944_453,-2,31,31,-1.5,20.01539451935777,-83.19755744934082,-83.19755744934082,0.0898637771606445,0.1017966270446777,31,31.0,YOLO,1,32,0.0,20.01539451935777,0.0,"[0, 0, 0, 0, 0, 0, 0, 0, 0, 0]"
20250721_003942_433,-2,31,31,-1.5,20.008730711364063,-83.12972106933594,-83.12972106933594,0.0934474468231201,0.1583189964294433,31,31.0,YOLO,1,32,0.0,20.008730711364063,0.0,"[0, 0, 0, 0, 0, 0, 0, 0, 0, 0]"
20250721_003949_130,-1,31,31,-1.5,19.37973511989334,-83.83099365234375,-83.83099365234375,0.097954511642456,0.1583232879638672,31,31.0,YOLO,1,32,0.0,19.37973511989334,0.0,"[0, 0, 0, 0, 0, 0, 0, 0, 0, 0]"
20250721_003947_595,-1,31,31,-1.5,19.44050346143364,-83.74016876220703,-83.74016876220703,0.0907995700836181,0.1017923355102539,31,31.0,YOLO,1,32,0.0,19.44050346143364,0.0,"[0, 0, 0, 0, 0, 0, 0, 0, 0, 0]"
20250721_003947_789,-1,31,31,-1.5,19.293394654202515,-83.83284301757813,-83.83284301757813,0.0861680507659912,0.1582508087158203,31,31.0,YOLO,1,32,0.0,19.293394654202515,0.0,"[0, 0, 0, 0, 0, 0, 0, 0, 0, 0]"
20250721_003946_437,-1,31,31,-1.5,18.997120110188064,-84.23166847229004,-84.23166847229004,0.0944905281066894,0.1581518650054931,31,31.0,YOLO,1,32,0.0,18.997120110188064,0.0,"[0, 0, 0, 0, 0, 0, 0, 0, 0, 0]"
20250721_003948_491,-1,31,31,-1.5,19.541016645208657,-83.59083824157715,-83.59083824157715,0.0882606506347656,0.1018919944763183,31,31.0,YOLO,1,32,0.0,19.541016645208657,0.0,"[0, 0, 0, 0, 0, 0, 0, 0, 0, 0]"
20250721_003946_243,-1,32,32,0.0,16.78905174933996,-86.36407470703125,-86.36407470703125,0.090569257736206,0.1018581390380859,32,32.0,YOLO,1,32,0.0,16.78905174933996,0.0,"[0, 0, 0, 0, 0, 0, 0, 0, 0, 0]"
20250721_003949_840,-1,31,31,-1.5,19.379977562178496,-83.74052925109864,-83.74052925109864,0.0924313068389892,0.1017546653747558,31,31.0,YOLO,1,32,0.0,19.379977562178496,0.0,"[0, 0, 0, 0, 0, 0, 0, 0, 0, 0]"
20250721_003948_682,-1,31,31,-1.5,19.445131274242087,-83.59072227478028,-83.59072227478028,0.094027042388916,0.1581346988677978,31,31.0,YOLO,1,32,0.0,19.445131274242087,0.0,"[0, 0, 0, 0, 0, 0, 0, 0, 0, 0]"
20250721_003947_138,-1,31,31,-1.5,19.43862857111283,-83.8206687927246,-83.8206687927246,0.0992591381072998,0.1017956733703613,31,31.0,YOLO,1,32,0.0,19.43862857111283,0.0,"[0, 0, 0, 0, 0, 0, 0, 0, 0, 0]"
20250721_003948_230,-1,31,31,-1.5,19.609131839484377,-83.46090698242188,-83.46090698242188,0.1007704734802246,0.1582086086273193,31,31.0,YOLO,1,32,0.0,19.609131839484377,0.0,"[0, 0, 0, 0, 0, 0, 0, 0, 0, 0]"
20250721_003948_035,-1,31,31,-1.5,19.157822102557542,-83.99394989013672,-83.99394989013672,0.092036485671997,0.1017138957977294,31,31.0,YOLO,1,32,0.0,19.157822102557542,0.0,"[0, 0, 0, 0, 0, 0, 0, 0, 0, 0]"
20250721_003949_586,-1,31,31,-1.5,19.505138884413128,-83.74571228027344,-83.74571228027344,0.0941758155822753,0.1581850051879882,31,31.0,YOLO,1,32,0.0,19.505138884413128,0.0,"[0, 0, 0, 0, 0, 0, 0, 0, 0, 0]"
20250721_003946_886,-1,31,31,-1.5,19.447578213001165,-83.75488815307617,-83.75488815307617,0.0920770168304443,0.1582109928131103,31,31.0,YOLO,1,32,0.0,19.447578213001165,0.0,"[0, 0, 0, 0, 0, 0, 0, 0, 0, 0]"
20250721_003948_936,-1,31,31,-1.5,19.516788054258456,-83.72164916992188,-83.72164916992188,0.0905137062072753,0.1017591953277587,31,31.0,YOLO,1,32,0.0,19.516788054258456,0.0,"[0, 0, 0, 0, 0, 0, 0, 0, 0, 0]"
20250721_003945_984,-1,32,32,0.0,17.17404860587432,-85.89420356750489,-85.89420356750489,0.0996847152709961,0.1583051681518554,32,32.0,YOLO,1,32,0.0,17.17404860587432,0.0,"[0, 0, 0, 0, 0, 0, 0, 0, 0, 0]"
20250721_003946_691,-1,31,31,-1.5,19.050636986298272,-84.12623596191406,-84.12623596191406,0.0914337635040283,0.1017656326293945,31,31.0,YOLO,1,32,0.0,19.050636986298272,0.0,"[0, 0, 0, 0, 0, 0, 0, 0, 0, 0]"
20250721_003947_340,-1,31,31,-1.5,19.543483511053424,-83.57526245117188,-83.57526245117188,0.0949018001556396,0.1582231521606445,31,31.0,YOLO,1,32,0.0,19.543483511053424,0.0,"[0, 0, 0, 0, 0, 0, 0, 0, 0, 0]"
20250721_003951_845,0,30,30,-2.9,20.10187530814767,-83.14031410217285,-83.14031410217285,0.0914251804351806,0.1581940650939941,30,30.0,YOLO,1,32,0.0,20.10187530814767,0.0,"[0, 0, 0, 0, 0, 0, 0, 0, 0, 0]"
20250721_003953_253,0,30,30,-2.9,19.918742040251587,-83.275679397583,-83.275679397583,0.0952851772308349,0.1582248210906982,30,30.0,YOLO,1,32,0.0,19.918742040251587,0.0,"[0, 0, 0, 0, 0, 0, 0, 0, 0, 0]"
20250721_003952_291,0,30,30,-2.9,20.12387322589105,-83.03507995605469,-83.03507995605469,0.0969181060791015,0.1582417488098144,30,30.0,YOLO,1,32,0.0,20.12387322589105,0.0,"[0, 0, 0, 0, 0, 0, 0, 0, 0, 0]"
20250721_003952_096,0,30,30,-2.9,20.03263710661461,-83.18058280944824,-83.18058280944824,0.0914938449859619,0.1017618179321289,30,30.0,YOLO,1,32,0.0,20.03263710661461,0.0,"[0, 0, 0, 0, 0, 0, 0, 0, 0, 0]"
20250721_003951_200,0,30,30,-2.9,19.614189316722644,-83.62508697509766,-83.62508697509766,0.0918323993682861,0.1017770767211914,30,30.0,YOLO,1,32,0.0,19.614189316722644,0.0,"[0, 0, 0, 0, 0, 0, 0, 0, 0, 0]"
20250721_003952_548,0,30,30,-2.9,19.97145228470285,-83.2337631225586,-83.2337631225586,0.0934910774230957,0.1018726825714111,30,30.0,YOLO,1,32,0.0,19.97145228470285,0.0,"[0, 0, 0, 0, 0, 0, 0, 0, 0, 0]"
20250721_003950_481,0,30,30,-2.9,19.6175012802491,-83.62672424316406,-83.62672424316406,0.0956509113311767,0.1582565307617187,30,30.0,YOLO,1,32,0.0,19.6175012802491,0.0,"[0, 0, 0, 0, 0, 0, 0, 0, 0, 0]"
20250721_003953_063,0,30,30,-2.9,19.98354413153372,-83.26766777038574,-83.26766777038574,0.0875451564788818,0.1017572879791259,30,30.0,YOLO,1,32,0.0,19.98354413153372,0.0,"[0, 0, 0, 0, 0, 0, 0, 0, 0, 0]"
20250721_003953_700,0,30,30,-2.9,19.505056783371188,-83.62637214660644,-83.62637214660644,0.0980627536773681,0.1582522392272949,30,30.0,YOLO,1,32,0.0,19.505056783371188,0.0,"[0, 0, 0, 0, 0, 0, 0, 0, 0, 0]"
20250721_003950_288,0,30,30,-2.9,17.814384996736905,-85.43413391113282,-85.43413391113282,0.0897970199584961,0.1017923355102539,30,30.0,YOLO,1,32,0.0,17.814384996736905,0.0,"[0, 0, 0, 0, 0, 0, 0, 0, 0, 0]"
20250721_003951_395,0,30,30,-2.9,19.91938971007974,-83.28759727478027,-83.28759727478027,0.0936315059661865,0.1582007408142089,30,30.0,YOLO,1,32,0.0,19.91938971007974,0.0,"[0, 0, 0, 0, 0, 0, 0, 0, 0, 0]"
20250721_003953_508,0,30,30,-2.9,20.024736453357832,-83.20001220703125,-83.20001220703125,0.0879697799682617,0.1018691062927246,30,30.0,YOLO,1,32,0.0,20.024736453357832,0.0,"[0, 0, 0, 0, 0, 0, 0, 0, 0, 0]"
20250721_003950_737,0,30,30,-2.9,19.70553483995502,-83.45639038085938,-83.45639038085938,0.0999898910522461,0.1017510890960693,30,30.0,YOLO,1,32,0.0,19.70553483995502,0.0,"[0, 0, 0, 0, 0, 0, 0, 0, 0, 0]"
20250721_003952_744,0,30,30,-2.9,19.9836922225814,-83.28813934326172,-83.28813934326172,0.1584486961364746,0.1581668853759765,30,30.0,YOLO,1,32,0.0,19.9836922225814,0.0,"[0, 0, 0, 0, 0, 0, 0, 0, 0, 0]"
20250721_003950_940,0,30,30,-2.9,19.57240425055494,-83.5916519165039,-83.5916519165039,0.1001808643341064,0.1581373214721679,30,30.0,YOLO,1,32,0.0,19.57240425055494,0.0,"[0, 0, 0, 0, 0, 0, 0, 0, 0, 0]"
20250721_003951_648,0,30,30,-2.9,20.00912605655208,-83.18090057373047,-83.18090057373047,0.0938735008239746,0.1018028259277343,30,30.0,YOLO,1,32,0.0,20.00912605655208,0.0,"[0, 0, 0, 0, 0, 0, 0, 0, 0, 0]"
20250721_003950_035,0,31,31,-1.5,17.764407184138832,-85.32170257568359,-85.32170257568359,0.0932767391204834,0.1581397056579589,31,31.0,YOLO,1,32,0.0,17.764407184138832,0.0,"[0, 0, 0, 0, 0, 0, 0, 0, 0, 0]"
20250721_003955_056,1,30,30,-2.9,19.205039586504924,-84.01148681640625,-84.01148681640625,0.0946323871612548,0.1581664085388183,30,30.0,YOLO,1,32,0.0,19.205039586504924,0.0,"[0, 0, 0, 0, 0, 0, 0, 0, 0, 0]"
20250721_003955_310,1,30,30,-2.9,19.152524704212453,-83.99394989013672,-83.99394989013672,0.0925183296203613,0.1018061637878418,30,30.0,YOLO,1,32,0.0,19.152524704212453,0.0,"[0, 0, 0, 0, 0, 0, 0, 0, 0, 0]"
20250721_003957_294,1,30,30,-2.9,18.42489517925708,-84.76091003417969,-84.76091003417969,0.0905358791351318,0.1581852436065673,30,30.0,YOLO,1,32,0.0,18.42489517925708,0.0,"[0, 0, 0, 0, 0, 0, 0, 0, 0, 0]"
20250721_003955_762,1,30,30,-2.9,20.404425152943887,-82.82514190673828,-82.82514190673828,0.0872707366943359,0.1017699241638183,30,30.0,YOLO,1,32,0.0,20.404425152943887,0.0,"[0, 0, 0, 0, 0, 0, 0, 0, 0, 0]"
20250721_003954_605,1,29,29,-4.4,20.17101984703541,-83.03067626953126,-83.03067626953126,0.0971627235412597,0.15818452835083,29,29.0,YOLO,1,32,0.0,20.17101984703541,0.0,"[0, 0, 0, 0, 0, 0, 0, 0, 0, 0]"
20250721_003956_840,1,30,30,-2.9,19.193891817574496,-84.07231979370117,-84.07231979370117,0.0976295471191406,0.1582317352294922,30,30.0,YOLO,1,32,0.0,19.193891817574496,0.0,"[0, 0, 0, 0, 0, 0, 0, 0, 0, 0]"
20250721_003954_153,1,30,30,-2.9,18.844839154568746,-84.29814910888672,-84.29814910888672,0.0932276248931884,0.1582198143005371,30,30.0,YOLO,1,32,0.0,18.844839154568746,0.0,"[0, 0, 0, 0, 0, 0, 0, 0, 0, 0]"
20250721_003955_506,1,29,29,-4.4,20.542156525644515,-82.75534629821777,-82.75534629821777,0.0963420867919921,0.1582117080688476,29,29.0,YOLO,1,32,0.0,20.542156525644515,0.0,"[0, 0, 0, 0, 0, 0, 0, 0, 0, 0]"
20250721_003955_953,1,30,30,-2.9,19.29955893153761,-83.99394989013672,-83.99394989013672,0.0854287147521972,0.1582412719726562,30,30.0,YOLO,1,32,0.0,19.29955893153761,0.0,"[0, 0, 0, 0, 0, 0, 0, 0, 0, 0]"
20250721_003957_544,1,29,29,-4.4,18.346543626348804,-84.7706657409668,-84.7706657409668,0.0920119285583496,0.1017999649047851,29,29.0,YOLO,1,32,0.0,18.346543626348804,0.0,"[0, 0, 0, 0, 0, 0, 0, 0, 0, 0]"
20250721_003957_097,1,30,30,-2.9,19.015551945958507,-84.15636558532715,-84.15636558532715,0.0933680534362793,0.1017546653747558,30,30.0,YOLO,1,32,0.0,19.015551945958507,0.0,"[0, 0, 0, 0, 0, 0, 0, 0, 0, 0]"
20250721_003956_390,1,30,30,-2.9,19.39565142225922,-83.81085891723633,-83.81085891723633,0.0958068370819091,0.1582634449005127,30,30.0,YOLO,1,32,0.0,19.39565142225922,0.0,"[0, 0, 0, 0, 0, 0, 0, 0, 0, 0]"
20250721_003954_862,1,30,30,-2.9,20.17846533478817,-82.84225311279297,-82.84225311279297,0.0908408164978027,0.1017830371856689,30,30.0,YOLO,1,32,0.0,20.17846533478817,0.0,"[0, 0, 0, 0, 0, 0, 0, 0, 0, 0]"
20250721_003956_198,1,30,30,-2.9,19.30381202709522,-83.86049461364746,-83.86049461364746,0.088916540145874,0.1017432212829589,30,30.0,YOLO,1,32,0.0,19.30381202709522,0.0,"[0, 0, 0, 0, 0, 0, 0, 0, 0, 0]"
20250721_003954_405,1,29,29,-4.4,18.990827697051287,-84.14973678588868,-84.14973678588868,0.0966262817382812,0.1017885208129882,29,29.0,YOLO,1,32,0.0,18.990827697051287,0.0,"[0, 0, 0, 0, 0, 0, 0, 0, 0, 0]"
20250721_003956_646,1,30,30,-2.9,19.436608692982617,-83.72621536254883,-83.72621536254883,0.0908920764923095,0.1018555164337158,30,30.0,YOLO,1,32,0.0,19.436608692982617,0.0,"[0, 0, 0, 0, 0, 0, 0, 0, 0, 0]"
20250721_003957_739,1,29,29,-4.4,20.1095448105752,-83.12972106933594,-83.12972106933594,0.0954298973083496,0.1581182479858398,29,29.0,YOLO,1,32,0.0,20.1095448105752,0.0,"[0, 0, 0, 0, 0, 0, 0, 0, 0, 0]"
20250721_004001_327,2,29,29,-4.4,19.09087340442443,-84.10167770385742,-84.10167770385742,0.0937697887420654,0.1588375568389892,29,29.0,YOLO,1,32,0.0,19.09087340442443,0.0,"[0, 0, 0, 0, 0, 0, 0, 0, 0, 0]"
20250721_004000_236,2,29,29,-4.4,19.263817154033475,-83.91183090209961,-83.91183090209961,0.0827803611755371,0.1021811962127685,29,29.0,YOLO,1,32,0.0,19.263817154033475,0.0,"[0, 0, 0, 0, 0, 0, 0, 0, 0, 0]"
20250721_003958_644,2,28,28,-5.8,19.959256204986588,-83.29432907104493,-83.29432907104493,0.0942215919494628,0.15812349319458,28,28.0,YOLO,1,32,0.0,19.959256204986588,0.0,"[0, 0, 0, 0, 0, 0, 0, 0, 0, 0]"
20250721_003959_792,2,28,28,-5.8,18.860775808551693,-84.38505477905274,-84.38505477905274,0.0953199863433837,0.1020185947418212,28,28.0,YOLO,1,32,0.0,18.860775808551693,0.0,"[0, 0, 0, 0, 0, 0, 0, 0, 0, 0]"
20250721_003959_087,2,28,28,-5.8,19.987878546465524,-83.14031410217285,-83.14031410217285,0.0940492153167724,0.1583445072174072,28,28.0,YOLO,1,32,0.0,19.987878546465524,0.0,"[0, 0, 0, 0, 0, 0, 0, 0, 0, 0]"
20250721_004000_422,2,29,29,-4.4,19.20219063429674,-83.97101593017578,-83.97101593017578,0.0936288833618164,0.1585180759429931,29,29.0,YOLO,1,32,0.0,19.20219063429674,0.0,"[0, 0, 0, 0, 0, 0, 0, 0, 0, 0]"
20250721_004001_776,2,29,29,-4.4,19.113749452475048,-84.12518501281738,-84.12518501281738,0.0968027114868164,0.1583061218261718,29,29.0,YOLO,1,32,0.0,19.113749452475048,0.0,"[0, 0, 0, 0, 0, 0, 0, 0, 0, 0]"
20250721_003958_897,2,28,28,-5.8,20.040612039739187,-83.2250820159912,-83.2250820159912,0.0858926773071289,0.1017823219299316,28,28.0,YOLO,1,32,0.0,20.040612039739187,0.0,"[0, 0, 0, 0, 0, 0, 0, 0, 0, 0]"
20250721_003959_533,2,29,29,-4.4,18.8388865354774,-84.38882026672363,-84.38882026672363,0.0988633632659912,0.1581816673278808,29,29.0,YOLO,1,32,0.0,18.8388865354774,0.0,"[0, 0, 0, 0, 0, 0, 0, 0, 0, 0]"
20250721_003959_991,2,29,29,-4.4,19.16753165871173,-83.88995132446288,-83.88995132446288,0.0851202011108398,0.1584820747375488,29,29.0,YOLO,1,32,0.0,19.16753165871173,0.0,"[0, 0, 0, 0, 0, 0, 0, 0, 0, 0]"
20250721_003957_994,2,29,29,-4.4,20.11945720080125,-83.02484893798828,-83.02484893798828,0.0884613990783691,0.1017670631408691,29,29.0,YOLO,1,32,0.0,20.11945720080125,0.0,"[0, 0, 0, 0, 0, 0, 0, 0, 0, 0]"
20250721_003959_340,2,28,28,-5.8,20.047592575677385,-83.15628852844239,-83.15628852844239,0.0894134044647216,0.1018109321594238,28,28.0,YOLO,1,32,0.0,20.047592575677385,0.0,"[0, 0, 0, 0, 0, 0, 0, 0, 0, 0]"
20250721_004001_131,2,29,29,-4.4,19.2813051835696,-83.81049270629883,-83.81049270629883,0.091463565826416,0.1024789810180664,29,29.0,YOLO,1,32,0.0,19.2813051835696,0.0,"[0, 0, 0, 0, 0, 0, 0, 0, 0, 0]"
20250721_004001_581,2,29,29,-4.4,19.248441120878468,-84.01956939697266,-84.01956939697266,0.0921943187713623,0.1017961502075195,29,29.0,YOLO,1,32,0.0,19.248441120878468,0.0,"[0, 0, 0, 0, 0, 0, 0, 0, 0, 0]"
20250721_003958_447,2,28,28,-5.8,18.31918145286471,-84.78459091186524,-84.78459091186524,0.093435525894165,0.1018779277801513,28,28.0,YOLO,1,32,0.0,18.31918145286471,0.0,"[0, 0, 0, 0, 0, 0, 0, 0, 0, 0]"
20250721_004000_676,2,29,29,-4.4,19.30591590777001,-83.83813285827637,-83.83813285827637,0.0950884819030761,0.102149486541748,29,29.0,YOLO,1,32,0.0,19.30591590777001,0.0,"[0, 0, 0, 0, 0, 0, 0, 0, 0, 0]"
20250721_003958_186,2,29,29,-4.4,18.69106331386442,-84.3532943725586,-84.3532943725586,0.1011433601379394,0.1582961082458496,29,29.0,YOLO,1,32,0.0,18.69106331386442,0.0,"[0, 0, 0, 0, 0, 0, 0, 0, 0, 0]"
20250721_004005_615,3,28,28,-5.8,19.803936222517365,-83.3735466003418,-83.3735466003418,0.0892364978790283,0.1018178462982177,28,28.0,YOLO,1,32,0.0,19.803936222517365,0.0,"[0, 0, 0, 0, 0, 0, 0, 0, 0, 0]"
20250721_004002_479,3,28,28,-5.8,19.517696038501786,-83.74016876220703,-83.74016876220703,0.0913498401641845,0.1020276546478271,28,28.0,YOLO,1,32,0.0,19.517696038501786,0.0,"[0, 0, 0, 0, 0, 0, 0, 0, 0, 0]"
20250721_004003_120,3,28,28,-5.8,19.2129035704601,-83.82017974853515,-83.82017974853515,0.0951621532440185,0.1581315994262695,28,28.0,YOLO,1,32,0.0,19.2129035704601,0.0,"[0, 0, 0, 0, 0, 0, 0, 0, 0, 0]"
20250721_004004_711,3,28,28,-5.8,19.309046064468006,-83.78997993469238,-83.78997993469238,0.0942480564117431,0.1017436981201171,28,28.0,YOLO,1,32,0.0,19.309046064468006,0.0,"[0, 0, 0, 0, 0, 0, 0, 0, 0, 0]"
20250721_004005_167,3,28,28,-5.8,19.583310391338017,-83.60062522888184,-83.60062522888184,0.0917890071868896,0.1019184589385986,28,28.0,YOLO,1,32,0.0,19.583310391338017,0.0,"[0, 0, 0, 0, 0, 0, 0, 0, 0, 0]"
20250721_004002_033,3,29,29,-4.4,19.089908613550165,-84.08677597045899,-84.08677597045899,0.0897126197814941,0.1018056869506836,29,29.0,YOLO,1,32,0.0,19.089908613550165,0.0,"[0, 0, 0, 0, 0, 0, 0, 0, 0, 0]"
20250721_004004_459,3,28,28,-5.8,19.1464442526226,-84.0738754272461,-84.0738754272461,0.0924267768859863,0.1581439971923828,28,28.0,YOLO,1,32,0.0,19.1464442526226,0.0,"[0, 0, 0, 0, 0, 0, 0, 0, 0, 0]"
20250721_004004_909,3,28,28,-5.8,19.542474419084925,-83.6190975189209,-83.6190975189209,0.0984842777252197,0.1580734252929687,28,28.0,YOLO,1,32,0.0,19.542474419084925,0.0,"[0, 0, 0, 0, 0, 0, 0, 0, 0, 0]"
20250721_004005_808,3,28,28,-5.8,19.39827868186198,-83.74559173583984,-83.74559173583984,0.088944673538208,0.1582612991333007,28,28.0,YOLO,1,32,0.0,19.39827868186198,0.0,"[0, 0, 0, 0, 0, 0, 0, 0, 0, 0]"
20250721_004005_362,3,28,28,-5.8,19.792047984017444,-83.44287109375,-83.44287109375,0.0936167240142822,0.1582386493682861,28,28.0,YOLO,1,32,0.0,19.792047984017444,0.0,"[0, 0, 0, 0, 0, 0, 0, 0, 0, 0]"
20250721_004003_565,3,28,28,-5.8,19.0376705002343,-84.26498107910156,-84.26498107910156,0.0865497589111328,0.1582016944885254,28,28.0,YOLO,1,32,0.0,19.0376705002343,0.0,"[0, 0, 0, 0, 0, 0, 0, 0, 0, 0]"
20250721_004004_264,3,28,28,-5.8,19.05950832761709,-84.18990325927734,-84.18990325927734,0.0920355319976806,0.10188889503479,28,28.0,YOLO,1,32,0.0,19.05950832761709,0.0,"[0, 0, 0, 0, 0, 0, 0, 0, 0, 0]"
20250721_004002_226,3,28,28,-5.8,19.529183335659624,-83.60062522888184,-83.60062522888184,0.0937235355377197,0.1583106517791748,28,28.0,YOLO,1,32,0.0,19.529183335659624,0.0,"[0, 0, 0, 0, 0, 0, 0, 0, 0, 0]"
20250721_004002_927,3,28,28,-5.8,19.21338430077616,-84.01918449401856,-84.01918449401856,0.0907974243164062,0.1019725799560546,28,28.0,YOLO,1,32,0.0,19.21338430077616,0.0,"[0, 0, 0, 0, 0, 0, 0, 0, 0, 0]"
20250721_004004_005,3,28,28,-5.8,19.07385178667927,-84.03244018554688,-84.03244018554688,0.0996193885803222,0.1581776142120361,28,28.0,YOLO,1,32,0.0,19.07385178667927,0.0,"[0, 0, 0, 0, 0, 0, 0, 0, 0, 0]"
20250721_004002_674,3,28,28,-5.8,19.387870197403245,-83.85715103149414,-83.85715103149414,0.091027021408081,0.1585593223571777,28,28.0,YOLO,1,32,0.0,19.387870197403245,0.0,"[0, 0, 0, 0, 0, 0, 0, 0, 0, 0]"
20250721_004003_375,3,28,28,-5.8,19.355012459695203,-83.91183090209961,-83.91183090209961,0.086172342300415,0.101959228515625,28,28.0,YOLO,1,32,0.0,19.355012459695203,0.0,"[0, 0, 0, 0, 0, 0, 0, 0, 0, 0]"
20250721_004008_287,4,27,27,-7.3,19.5177056865808,-83.74089050292969,-83.74089050292969,0.0846915245056152,0.1019823551177978,27,27.0,YOLO,1,32,0.0,19.5177056865808,0.0,"[0, 0, 0, 0, 0, 0, 0, 0, 0, 0]"
20250721_004008_918,4,27,27,-7.3,19.33907704403913,-83.83062477111817,-83.83062477111817,0.1008687019348144,0.1584432125091552,27,27.0,YOLO,1,32,0.0,19.33907704403913,0.0,"[0, 0, 0, 0, 0, 0, 0, 0, 0, 0]"
20250721_004007_141,4,27,27,-7.3,19.67255222724289,-83.44219665527343,-83.44219665527343,0.0986082553863525,0.1581640243530273,27,27.0,YOLO,1,32,0.0,19.67255222724289,0.0,"[0, 0, 0, 0, 0, 0, 0, 0, 0, 0]"
20250721_004009_373,4,27,27,-7.3,19.317254301895247,-83.93949546813965,-83.93949546813965,0.0915906429290771,0.1581780910491943,27,27.0,YOLO,1,32,0.0,19.317254301895247,0.0,"[0, 0, 0, 0, 0, 0, 0, 0, 0, 0]"
20250721_004008_036,4,27,27,-7.3,19.515507205008447,-83.61968231201172,-83.61968231201172,0.0907254219055175,0.1583054065704345,27,27.0,YOLO,1,32,0.0,19.515507205008447,0.0,"[0, 0, 0, 0, 0, 0, 0, 0, 0, 0]"
20250721_004007_844,4,27,27,-7.3,19.52592064795499,-83.60763587951661,-83.60763587951661,0.0889317989349365,0.1018064022064209,27,27.0,YOLO,1,32,0.0,19.52592064795499,0.0,"[0, 0, 0, 0, 0, 0, 0, 0, 0, 0]"
20250721_004008_724,4,27,27,-7.3,19.50462928533273,-83.54532623291016,-83.54532623291016,0.0908498764038086,0.1017978191375732,27,27.0,YOLO,1,32,0.0,19.50462928533273,0.0,"[0, 0, 0, 0, 0, 0, 0, 0, 0, 0]"
20250721_004009_179,4,27,27,-7.3,19.398615197695506,-83.79180145263672,-83.79180145263672,0.0908789634704589,0.1017682552337646,27,27.0,YOLO,1,32,0.0,19.398615197695506,0.0,"[0, 0, 0, 0, 0, 0, 0, 0, 0, 0]"
20250721_004006_950,4,27,27,-7.3,19.73538208305601,-83.42927017211915,-83.42927017211915,0.0885891914367675,0.1018104553222656,27,27.0,YOLO,1,32,0.0,19.73538208305601,0.0,"[0, 0, 0, 0, 0, 0, 0, 0, 0, 0]"
20250721_004008_475,4,27,27,-7.3,19.60536033887763,-83.54532623291016,-83.54532623291016,0.0892424583435058,0.1581950187683105,27,27.0,YOLO,1,32,0.0,19.60536033887763,0.0,"[0, 0, 0, 0, 0, 0, 0, 0, 0, 0]"
20250721_004007_593,4,27,27,-7.3,19.479615068747464,-83.77148323059082,-83.77148323059082,0.091073989868164,0.1582081317901611,27,27.0,YOLO,1,32,0.0,19.479615068747464,0.0,"[0, 0, 0, 0, 0, 0, 0, 0, 0, 0]"
20250721_004007_400,4,27,27,-7.3,19.738060773039663,-83.37576637268066,-83.37576637268066,0.0904412269592285,0.1017849445343017,27,27.0,YOLO,1,32,0.0,19.738060773039663,0.0,"[0, 0, 0, 0, 0, 0, 0, 0, 0, 0]"
20250721_004006_056,4,28,28,-5.8,19.59646743509022,-83.72164916992188,-83.72164916992188,0.0858116149902343,0.1017794609069824,28,28.0,YOLO,1,32,0.0,19.59646743509022,0.0,"[0, 0, 0, 0, 0, 0, 0, 0, 0, 0]"
20250721_004006_245,4,28,28,-5.8,18.17520877073989,-84.93123626708984,-84.93123626708984,0.0907914638519287,0.1581869125366211,28,28.0,YOLO,1,32,0.0,18.17520877073989,0.0,"[0, 0, 0, 0, 0, 0, 0, 0, 0, 0]"
20250721_004006_690,4,27,27,-7.3,19.739739156235345,-83.50805053710937,-83.50805053710937,0.0994431972503662,0.1581840515136718,27,27.0,YOLO,1,32,0.0,19.739739156235345,0.0,"[0, 0, 0, 0, 0, 0, 0, 0, 0, 0]"
20250721_004009_812,4,27,27,-7.3,19.7826963412934,-83.42042541503906,-83.42042541503906,0.1015264987945556,0.1582050323486328,27,27.0,YOLO,1,32,0.0,19.7826963412934,0.0,"[0, 0, 0, 0, 0, 0, 0, 0, 0, 0]"
20250721_004009_624,4,27,27,-7.3,19.20654586136348,-84.00123405456543,-84.00123405456543,0.0848615169525146,0.1017632484436035,27,27.0,YOLO,1,32,0.0,19.20654586136348,0.0,"[0, 0, 0, 0, 0, 0, 0, 0, 0, 0]"
20250721_004010_267,5,27,27,-7.3,18.3254363941046,-84.6843048095703,-84.6843048095703,0.0908944606781005,0.1581628322601318,27,27.0,YOLO,1,32,0.0,18.3254363941046,0.0,"[0, 0, 0, 0, 0, 0, 0, 0, 0, 0]"
20250721_004011_421,5,27,27,-7.3,19.00167759650118,-84.1500015258789,-84.1500015258789,0.0933892726898193,0.1018073558807373,27,27.0,YOLO,1,32,0.0,19.00167759650118,0.0,"[0, 0, 0, 0, 0, 0, 0, 0, 0, 0]"
20250721_004012_763,5,27,27,-7.3,18.87706450820599,-84.29540252685547,-84.29540252685547,0.0909206867218017,0.1018934249877929,27,27.0,YOLO,1,32,0.0,18.87706450820599,0.0,"[0, 0, 0, 0, 0, 0, 0, 0, 0, 0]"
20250721_004011_618,5,27,27,-7.3,18.846816370731705,-84.3216396331787,-84.3216396331787,0.0910284519195556,0.158172607421875,27,27.0,YOLO,1,32,0.0,18.846816370731705,0.0,"[0, 0, 0, 0, 0, 0, 0, 0, 0, 0]"
20250721_004012_508,5,27,27,-7.3,18.88005989053798,-84.33737487792969,-84.33737487792969,0.0953459739685058,0.1581349372863769,27,27.0,YOLO,1,32,0.0,18.88005989053798,0.0,"[0, 0, 0, 0, 0, 0, 0, 0, 0, 0]"
20250721_004012_067,5,27,27,-7.3,19.231181776549647,-83.99394989013672,-83.99394989013672,0.0894472599029541,0.1581833362579345,27,27.0,YOLO,1,32,0.0,19.231181776549647,0.0,"[0, 0, 0, 0, 0, 0, 0, 0, 0, 0]"
20250721_004010_968,5,27,27,-7.3,19.05743829498637,-84.18990325927734,-84.18990325927734,0.0926339626312255,0.1017487049102783,27,27.0,YOLO,1,32,0.0,19.05743829498637,0.0,"[0, 0, 0, 0, 0, 0, 0, 0, 0, 0]"
20250721_004013_400,5,27,27,-7.3,18.554288608248555,-84.6549072265625,-84.6549072265625,0.0981519222259521,0.1590855121612548,27,27.0,YOLO,1,32,0.0,18.554288608248555,0.0,"[0, 0, 0, 0, 0, 0, 0, 0, 0, 0]"
20250721_004013_209,5,27,27,-7.3,18.555879776261666,-84.59392623901367,-84.59392623901367,0.0880498886108398,0.1018118858337402,27,27.0,YOLO,1,32,0.0,18.555879776261666,0.0,"[0, 0, 0, 0, 0, 0, 0, 0, 0, 0]"
20250721_004010_074,5,27,27,-7.3,19.51385134863468,-83.54532623291016,-83.54532623291016,0.0904343128204345,0.101802110671997,27,27.0,YOLO,1,32,0.0,19.51385134863468,0.0,"[0, 0, 0, 0, 0, 0, 0, 0, 0, 0]"
20250721_004010_518,5,27,27,-7.3,18.45881704510846,-84.77249145507812,-84.77249145507812,0.0937318801879882,0.1017582416534423,27,27.0,YOLO,1,32,0.0,18.45881704510846,0.0,"[0, 0, 0, 0, 0, 0, 0, 0, 0, 0]"
20250721_004012_316,5,27,27,-7.3,19.20791626259509,-84.0812973022461,-84.0812973022461,0.0888581275939941,0.1018173694610595,27,27.0,YOLO,1,32,0.0,19.20791626259509,0.0,"[0, 0, 0, 0, 0, 0, 0, 0, 0, 0]"
20250721_004011_164,5,27,27,-7.3,18.88095881685948,-84.18990325927734,-84.18990325927734,0.097651720046997,0.1582093238830566,27,27.0,YOLO,1,32,0.0,18.88095881685948,0.0,"[0, 0, 0, 0, 0, 0, 0, 0, 0, 0]"
20250721_004011_869,5,27,27,-7.3,18.91343563433788,-84.18990325927734,-84.18990325927734,0.0956475734710693,0.1016881465911865,27,27.0,YOLO,1,32,0.0,18.91343563433788,0.0,"[0, 0, 0, 0, 0, 0, 0, 0, 0, 0]"
20250721_004010_715,5,27,27,-7.3,19.056900923179512,-84.1426010131836,-84.1426010131836,0.0937328338623046,0.1582207679748535,27,27.0,YOLO,1,32,0.0,19.056900923179512,0.0,"[0, 0, 0, 0, 0, 0, 0, 0, 0, 0]"
20250721_004012_958,5,27,27,-7.3,18.83559298200668,-84.32150230407714,-84.32150230407714,0.0919215679168701,0.1581079959869384,27,27.0,YOLO,1,32,0.0,18.83559298200668,0.0,"[0, 0, 0, 0, 0, 0, 0, 0, 0, 0]"
20250721_004013_857,5,26,26,-8.7,20.23529993518564,-82.95188903808594,-82.95188903808594,0.0891060829162597,0.1581494808197021,26,26.0,YOLO,1,32,0.0,20.23529993518564,0.0,"[0, 0, 0, 0, 0, 0, 0, 0, 0, 0]"
20250721_004015_190,6,26,26,-8.7,19.10808829978288,-84.10417098999024,-84.10417098999024,0.0976686477661132,0.158156156539917,26,26.0,YOLO,1,32,0.0,19.10808829978288,0.0,"[0, 0, 0, 0, 0, 0, 0, 0, 0, 0]"
20250721_004014_298,6,26,26,-8.7,18.753903526228925,-84.51370811462402,-84.51370811462402,0.0945820808410644,0.1581792831420898,26,26.0,YOLO,1,32,0.0,18.753903526228925,0.0,"[0, 0, 0, 0, 0, 0, 0, 0, 0, 0]"
20250721_004015_448,6,26,26,-8.7,19.0028715200867,-84.08690643310547,-84.08690643310547,0.0872690677642822,0.101860761642456,26,26.0,YOLO,1,32,0.0,19.0028715200867,0.0,"[0, 0, 0, 0, 0, 0, 0, 0, 0, 0]"
20250721_004014_106,6,27,27,-7.3,20.12872047862916,-83.16358070373535,-83.16358070373535,0.0892083644866943,0.1017661094665527,27,27.0,YOLO,1,32,0.0,20.12872047862916,0.0,"[0, 0, 0, 0, 0, 0, 0, 0, 0, 0]"
20250721_004015_638,6,26,26,-8.7,19.20868633370664,-83.99394989013672,-83.99394989013672,0.0929298400878906,0.1581408977508545,26,26.0,YOLO,1,32,0.0,19.20868633370664,0.0,"[0, 0, 0, 0, 0, 0, 0, 0, 0, 0]"
20250721_004016_337,6,26,26,-8.7,18.912687142530444,-84.25452423095703,-84.25452423095703,0.0918591022491455,0.1017184257507324,26,26.0,YOLO,1,32,0.0,18.912687142530444,0.0,"[0, 0, 0, 0, 0, 0, 0, 0, 0, 0]"
20250721_004016_787,6,26,26,-8.7,18.79690606244131,-84.22048950195312,-84.22048950195312,0.0888161659240722,0.1018486022949218,26,26.0,YOLO,1,32,0.0,18.79690606244131,0.0,"[0, 0, 0, 0, 0, 0, 0, 0, 0, 0]"
20250721_004017_429,6,26,26,-8.7,19.13311470303894,-84.01187133789062,-84.01187133789062,0.0972988605499267,0.1582114696502685,26,26.0,YOLO,1,32,0.0,19.13311470303894,0.0,"[0, 0, 0, 0, 0, 0, 0, 0, 0, 0]"
20250721_004015_891,6,26,26,-8.7,19.15978341613591,-83.97000160217286,-83.97000160217286,0.0907595157623291,0.1018903255462646,26,26.0,YOLO,1,32,0.0,19.15978341613591,0.0,"[0, 0, 0, 0, 0, 0, 0, 0, 0, 0]"
20250721_004017_686,6,26,26,-8.7,19.28595858368197,-83.95631065368653,-83.95631065368653,0.0946903228759765,0.1018002033233642,26,26.0,YOLO,1,32,0.0,19.28595858368197,0.0,"[0, 0, 0, 0, 0, 0, 0, 0, 0, 0]"
20250721_004016_532,6,26,26,-8.7,18.846835343902868,-84.29801177978516,-84.29801177978516,0.095937967300415,0.1582660675048828,26,26.0,YOLO,1,32,0.0,18.846835343902868,0.0,"[0, 0, 0, 0, 0, 0, 0, 0, 0, 0]"
20250721_004014_998,6,26,26,-8.7,19.13328217355621,-83.99318466186523,-83.99318466186523,0.0889840126037597,0.1018297672271728,26,26.0,YOLO,1,32,0.0,19.13328217355621,0.0,"[0, 0, 0, 0, 0, 0, 0, 0, 0, 0]"
20250721_004016_085,6,26,26,-8.7,19.058261262090085,-84.04263343811036,-84.04263343811036,0.0919251441955566,0.1582698822021484,26,26.0,YOLO,1,32,0.0,19.058261262090085,0.0,"[0, 0, 0, 0, 0, 0, 0, 0, 0, 0]"
20250721_004014_552,6,26,26,-8.7,18.84731092122648,-84.33861122131347,-84.33861122131347,0.0914905071258544,0.1018080711364746,26,26.0,YOLO,1,32,0.0,18.84731092122648,0.0,"[0, 0, 0, 0, 0, 0, 0, 0, 0, 0]"
20250721_004014_747,6,26,26,-8.7,19.00068039285661,-84.20262336730957,-84.20262336730957,0.0912394523620605,0.1581983566284179,26,26.0,YOLO,1,32,0.0,19.00068039285661,0.0,"[0, 0, 0, 0, 0, 0, 0, 0, 0, 0]"
20250721_004017_240,6,26,26,-8.7,18.86892244334217,-84.25411796569824,-84.25411796569824,0.0863783359527587,0.1017944812774658,26,26.0,YOLO,1,32,0.0,18.86892244334217,0.0,"[0, 0, 0, 0, 0, 0, 0, 0, 0, 0]"
20250721_004016_980,6,26,26,-8.7,18.938044285272923,-84.08429718017578,-84.08429718017578,0.1003916263580322,0.1581549644470214,26,26.0,YOLO,1,32,0.0,18.938044285272923,0.0,"[0, 0, 0, 0, 0, 0, 0, 0, 0, 0]"
20250721_004018_590,7,25,25,-10.2,19.25547304562424,-83.95794830322265,-83.95794830322265,0.0911164283752441,0.101809024810791,25,25.0,YOLO,1,32,0.0,19.25547304562424,0.0,"[0, 0, 0, 0, 0, 0, 0, 0, 0, 0]"
20250721_004019_476,7,25,25,-10.2,19.810512892506125,-83.40924072265625,-83.40924072265625,0.0912816524505615,0.1017577648162841,25,25.0,YOLO,1,32,0.0,19.810512892506125,0.0,"[0, 0, 0, 0, 0, 0, 0, 0, 0, 0]"
20250721_004017_884,7,26,26,-8.7,19.02869200004968,-84.20262336730957,-84.20262336730957,0.0983524322509765,0.1581921577453613,26,26.0,YOLO,1,32,0.0,19.02869200004968,0.0,"[0, 0, 0, 0, 0, 0, 0, 0, 0, 0]"
20250721_004019_036,7,25,25,-10.2,19.5239495969104,-83.74089050292969,-83.74089050292969,0.0874836444854736,0.1017706394195556,25,25.0,YOLO,1,32,0.0,19.5239495969104,0.0,"[0, 0, 0, 0, 0, 0, 0, 0, 0, 0]"
20250721_004018_142,7,26,26,-8.7,18.48529386907518,-84.62821960449219,-84.62821960449219,0.0901305675506591,0.1017723083496093,26,26.0,YOLO,1,32,0.0,18.48529386907518,0.0,"[0, 0, 0, 0, 0, 0, 0, 0, 0, 0]"
20250721_004019_671,7,25,25,-10.2,19.79726022870273,-83.48026618957519,-83.48026618957519,0.0953907966613769,0.1582019329071045,25,25.0,YOLO,1,32,0.0,19.79726022870273,0.0,"[0, 0, 0, 0, 0, 0, 0, 0, 0, 0]"
20250721_004020_372,7,25,25,-10.2,19.647004496031755,-83.54532623291016,-83.54532623291016,0.0864331722259521,0.1018309593200683,25,25.0,YOLO,1,32,0.0,19.647004496031755,0.0,"[0, 0, 0, 0, 0, 0, 0, 0, 0, 0]"
20250721_004020_120,7,25,25,-10.2,19.41960750530059,-83.71386413574218,-83.71386413574218,0.0920474529266357,0.1581676006317138,25,25.0,YOLO,1,32,0.0,19.41960750530059,0.0,"[0, 0, 0, 0, 0, 0, 0, 0, 0, 0]"
20250721_004021_608,7,25,25,-10.2,19.43146786899041,-83.72585601806641,-83.72585601806641,0.0926856994628906,0.1581683158874511,25,25.0,YOLO,1,32,0.0,19.43146786899041,0.0,"[0, 0, 0, 0, 0, 0, 0, 0, 0, 0]"
20250721_004018_335,7,25,25,-10.2,19.188356958896293,-83.97826385498047,-83.97826385498047,0.0947761535644531,0.1581830978393554,25,25.0,YOLO,1,32,0.0,19.188356958896293,0.0,"[0, 0, 0, 0, 0, 0, 0, 0, 0, 0]"
20250721_004021_412,7,25,25,-10.2,19.48493652920726,-83.66776390075684,-83.66776390075684,0.0924582481384277,0.1023955345153808,25,25.0,YOLO,1,32,0.0,19.48493652920726,0.0,"[0, 0, 0, 0, 0, 0, 0, 0, 0, 0]"
20250721_004020_815,7,25,25,-10.2,19.600266079758786,-83.70166511535645,-83.70166511535645,0.2361249923706054,0.1019763946533203,25,25.0,YOLO,1,32,0.0,19.600266079758786,0.0,"[0, 0, 0, 0, 0, 0, 0, 0, 0, 0]"
20250721_004021_861,7,25,25,-10.2,19.356755984883648,-83.88297271728516,-83.88297271728516,0.0911662578582763,0.1017765998840332,25,25.0,YOLO,1,32,0.0,19.356755984883648,0.0,"[0, 0, 0, 0, 0, 0, 0, 0, 0, 0]"
20250721_004021_154,7,25,25,-10.2,19.53635561507238,-83.59386253356934,-83.59386253356934,0.0977733135223388,0.1585121154785156,25,25.0,YOLO,1,32,0.0,19.53635561507238,0.0,"[0, 0, 0, 0, 0, 0, 0, 0, 0, 0]"
20250721_004019_926,7,25,25,-10.2,19.647129088461057,-83.34585113525391,-83.34585113525391,0.090897798538208,0.1018726825714111,25,25.0,YOLO,1,32,0.0,19.647129088461057,0.0,"[0, 0, 0, 0, 0, 0, 0, 0, 0, 0]"
20250721_004018_784,7,25,25,-10.2,19.599050339755763,-83.5916519165039,-83.5916519165039,0.0919082164764404,0.1582207679748535,25,25.0,YOLO,1,32,0.0,19.599050339755763,0.0,"[0, 0, 0, 0, 0, 0, 0, 0, 0, 0]"
20250721_004020_561,7,25,25,-10.2,19.63252506619071,-83.57294311523438,-83.57294311523438,0.0933732986450195,0.1582231521606445,25,25.0,YOLO,1,32,0.0,19.63252506619071,0.0,"[0, 0, 0, 0, 0, 0, 0, 0, 0, 0]"
20250721_004025_902,8,24,24,-11.6,19.551133256626105,-83.49106559753419,-83.49106559753419,0.0913772583007812,0.1017665863037109,24,24.0,YOLO,1,32,0.0,19.551133256626105,0.0,"[0, 0, 0, 0, 0, 0, 0, 0, 0, 0]"
20250721_004025_190,8,24,24,-11.6,19.3233051623273,-83.87601737976074,-83.87601737976074,0.1012990474700927,0.1582405567169189,24,24.0,YOLO,1,32,0.0,19.3233051623273,0.0,"[0, 0, 0, 0, 0, 0, 0, 0, 0, 0]"
20250721_004022_754,8,24,24,-11.6,18.550523740881687,-84.5917179107666,-84.5917179107666,0.0894579887390136,0.1018223762512207,24,24.0,YOLO,1,32,0.0,18.550523740881687,0.0,"[0, 0, 0, 0, 0, 0, 0, 0, 0, 0]"
20250721_004022_055,8,25,25,-10.2,18.68321316194023,-84.59567832946777,-84.59567832946777,0.0917015075683593,0.1582498550415039,25,25.0,YOLO,1,32,0.0,18.68321316194023,0.0,"[0, 0, 0, 0, 0, 0, 0, 0, 0, 0]"
20250721_004022_947,8,25,25,-10.2,19.200784101631143,-83.99394989013672,-83.99394989013672,0.0971057415008544,0.1581628322601318,25,25.0,YOLO,1,32,0.0,19.200784101631143,0.0,"[0, 0, 0, 0, 0, 0, 0, 0, 0, 0]"
20250721_004024_996,8,25,25,-10.2,18.65416881699593,-84.46503295898438,-84.46503295898438,0.0904459953308105,0.101747989654541,25,25.0,YOLO,1,32,0.0,18.65416881699593,0.0,"[0, 0, 0, 0, 0, 0, 0, 0, 0, 0]"
20250721_004024_292,8,25,25,-10.2,18.513336484111505,-84.5958251953125,-84.5958251953125,0.0883746147155761,0.1583149433135986,25,25.0,YOLO,1,32,0.0,18.513336484111505,0.0,"[0, 0, 0, 0, 0, 0, 0, 0, 0, 0]"
20250721_004022_504,8,25,25,-10.2,17.686735052959904,-85.38475723266602,-85.38475723266602,0.0907864570617675,0.1582374572753906,25,25.0,YOLO,1,32,0.0,17.686735052959904,0.0,"[0, 0, 0, 0, 0, 0, 0, 0, 0, 0]"
20250721_004022_307,8,25,25,-10.2,18.7772685545702,-84.4967472076416,-84.4967472076416,0.0939042568206787,0.1018574237823486,25,25.0,YOLO,1,32,0.0,18.7772685545702,0.0,"[0, 0, 0, 0, 0, 0, 0, 0, 0, 0]"
20250721_004023_842,8,25,25,-10.2,18.973319533242943,-84.25086898803711,-84.25086898803711,0.0952954292297363,0.1582579612731933,25,25.0,YOLO,1,32,0.0,18.973319533242943,0.0,"[0, 0, 0, 0, 0, 0, 0, 0, 0, 0]"
20250721_004024_097,8,25,25,-10.2,18.9725538875594,-84.18936958312989,-84.18936958312989,0.091219425201416,0.1018533706665039,25,25.0,YOLO,1,32,0.0,18.9725538875594,0.0,"[0, 0, 0, 0, 0, 0, 0, 0, 0, 0]"
20250721_004023_648,8,25,25,-10.2,19.0974096948067,-83.94909172058105,-83.94909172058105,0.0904438495635986,0.1018364429473877,25,25.0,YOLO,1,32,0.0,19.0974096948067,0.0,"[0, 0, 0, 0, 0, 0, 0, 0, 0, 0]"
20250721_004025_451,8,24,24,-11.6,19.29900720265548,-83.9123306274414,-83.9123306274414,0.0928387641906738,0.1018688678741455,24,24.0,YOLO,1,32,0.0,19.29900720265548,0.0,"[0, 0, 0, 0, 0, 0, 0, 0, 0, 0]"
20250721_004023_396,8,25,25,-10.2,19.07540801844675,-83.91797637939453,-83.91797637939453,0.0913619995117187,0.158613920211792,25,25.0,YOLO,1,32,0.0,19.07540801844675,0.0,"[0, 0, 0, 0, 0, 0, 0, 0, 0, 0]"
20250721_004023_204,8,25,25,-10.2,19.052895895011176,-84.01956939697266,-84.01956939697266,0.0889101028442382,0.1017918586730957,25,25.0,YOLO,1,32,0.0,19.052895895011176,0.0,"[0, 0, 0, 0, 0, 0, 0, 0, 0, 0]"
20250721_004024_735,8,25,25,-10.2,18.69430771495412,-84.4280330657959,-84.4280330657959,0.1022448539733886,0.1581659317016601,25,25.0,YOLO,1,32,0.0,18.69430771495412,0.0,"[0, 0, 0, 0, 0, 0, 0, 0, 0, 0]"
20250721_004025_647,8,24,24,-11.6,19.55186485385994,-83.57537841796875,-83.57537841796875,0.0955724716186523,0.1582410335540771,24,24.0,YOLO,1,32,0.0,19.55186485385994,0.0,"[0, 0, 0, 0, 0, 0, 0, 0, 0, 0]"
20250721_004026_353,9,24,24,-11.6,18.56250960372749,-84.49717712402344,-84.49717712402344,0.0926663875579834,0.1017675399780273,24,24.0,YOLO,1,32,0.0,18.56250960372749,0.0,"[0, 0, 0, 0, 0, 0, 0, 0, 0, 0]"
20250721_004028_329,9,24,24,-11.6,18.59436588845261,-84.63710021972656,-84.63710021972656,0.0947382450103759,0.15818452835083,24,24.0,YOLO,1,32,0.0,18.59436588845261,0.0,"[0, 0, 0, 0, 0, 0, 0, 0, 0, 0]"
20250721_004029_677,9,24,24,-11.6,19.07126800232805,-83.91283111572265,-83.91283111572265,0.0906975269317627,0.1582145690917968,24,24.0,YOLO,1,32,0.0,19.07126800232805,0.0,"[0, 0, 0, 0, 0, 0, 0, 0, 0, 0]"
20250721_004026_548,9,24,24,-11.6,18.682322308493585,-84.43001289367676,-84.43001289367676,0.0909435749053955,0.1581833362579345,24,24.0,YOLO,1,32,0.0,18.682322308493585,0.0,"[0, 0, 0, 0, 0, 0, 0, 0, 0, 0]"
20250721_004029_228,9,24,24,-11.6,18.05355358360368,-85.0008975982666,-85.0008975982666,0.0903065204620361,0.158219575881958,24,24.0,YOLO,1,32,0.0,18.05355358360368,0.0,"[0, 0, 0, 0, 0, 0, 0, 0, 0, 0]"
20250721_004028_134,9,24,24,-11.6,19.15204751071392,-84.01021003723145,-84.01021003723145,0.0918633937835693,0.1018261909484863,24,24.0,YOLO,1,32,0.0,19.15204751071392,0.0,"[0, 0, 0, 0, 0, 0, 0, 0, 0, 0]"
20250721_004028_584,9,24,24,-11.6,18.808739371153365,-84.43001289367676,-84.43001289367676,0.0920002460479736,0.1017951965332031,24,24.0,YOLO,1,32,0.0,18.808739371153365,0.0,"[0, 0, 0, 0, 0, 0, 0, 0, 0, 0]"
20250721_004026_993,9,24,24,-11.6,18.359365290834063,-84.7829128265381,-84.7829128265381,0.0931124687194824,0.1582462787628173,24,24.0,YOLO,1,32,0.0,18.359365290834063,0.0,"[0, 0, 0, 0, 0, 0, 0, 0, 0, 0]"
20250721_004027_881,9,24,24,-11.6,19.328047136583976,-83.83099365234375,-83.83099365234375,0.0929374694824218,0.1582448482513427,24,24.0,YOLO,1,32,0.0,19.328047136583976,0.0,"[0, 0, 0, 0, 0, 0, 0, 0, 0, 0]"
20250721_004027_434,9,24,24,-11.6,18.69665566093888,-84.50004577636719,-84.50004577636719,0.0902042388916015,0.1582131385803222,24,24.0,YOLO,1,32,0.0,18.69665566093888,0.0,"[0, 0, 0, 0, 0, 0, 0, 0, 0, 0]"
20250721_004029_033,9,24,24,-11.6,18.194707050791365,-84.90594482421875,-84.90594482421875,0.0915496349334716,0.1016900539398193,24,24.0,YOLO,1,32,0.0,18.194707050791365,0.0,"[0, 0, 0, 0, 0, 0, 0, 0, 0, 0]"
20250721_004026_799,9,24,24,-11.6,18.66264255324104,-84.48857879638672,-84.48857879638672,0.0912997722625732,0.1016983985900878,24,24.0,YOLO,1,32,0.0,18.66264255324104,0.0,"[0, 0, 0, 0, 0, 0, 0, 0, 0, 0]"
20250721_004027_246,9,24,24,-11.6,18.43705479831638,-84.6541648864746,-84.6541648864746,0.0842237472534179,0.1017878055572509,24,24.0,YOLO,1,32,0.0,18.43705479831638,0.0,"[0, 0, 0, 0, 0, 0, 0, 0, 0, 0]"
20250721_004026_097,9,24,24,-11.6,18.757278243175264,-84.48800735473633,-84.48800735473633,0.0960581302642822,0.1582338809967041,24,24.0,YOLO,1,32,0.0,18.757278243175264,0.0,"[0, 0, 0, 0, 0, 0, 0, 0, 0, 0]"
20250721_004028_779,9,24,24,-11.6,18.49229927360224,-84.65417213439942,-84.65417213439942,0.0945611000061035,0.1581587791442871,24,24.0,YOLO,1,32,0.0,18.49229927360224,0.0,"[0, 0, 0, 0, 0, 0, 0, 0, 0, 0]"
20250721_004029_478,9,23,23,-13.1,18.507112914862148,-84.66056785583496,-84.66056785583496,0.0957615375518798,0.1019165515899658,23,23.0,YOLO,1,32,0.0,18.507112914862148,0.0,"[0, 0, 0, 0, 0, 0, 0, 0, 0, 0]"
20250721_004027_684,9,24,24,-11.6,18.78988735615434,-84.43170166015625,-84.43170166015625,0.0947012901306152,0.1016771793365478,24,24.0,YOLO,1,32,0.0,18.78988735615434,0.0,"[0, 0, 0, 0, 0, 0, 0, 0, 0, 0]"
20250721_004031_465,10,23,23,-13.1,19.091934383190548,-84.14881324768066,-84.14881324768066,0.0955004692077636,0.1581416130065918,23,23.0,YOLO,1,32,0.0,19.091934383190548,0.0,"[0, 0, 0, 0, 0, 0, 0, 0, 0, 0]"
20250721_004032_821,10,23,23,-13.1,19.703020914174004,-83.54532623291016,-83.54532623291016,0.0986406803131103,0.1582396030426025,23,23.0,YOLO,1,32,0.0,19.703020914174004,0.0,"[0, 0, 0, 0, 0, 0, 0, 0, 0, 0]"
20250721_004033_726,10,23,23,-13.1,19.56533788901996,-83.6858139038086,-83.6858139038086,0.0908551216125488,0.158078908920288,23,23.0,YOLO,1,32,0.0,19.56533788901996,0.0,"[0, 0, 0, 0, 0, 0, 0, 0, 0, 0]"
20250721_004033_278,10,23,23,-13.1,19.2862947017802,-83.91772537231445,-83.91772537231445,0.0924098491668701,0.158182144165039,23,23.0,YOLO,1,32,0.0,19.2862947017802,0.0,"[0, 0, 0, 0, 0, 0, 0, 0, 0, 0]"
20250721_004031_024,10,23,23,-13.1,18.995662636345315,-84.20315856933594,-84.20315856933594,0.0921173095703125,0.1582286357879638,23,23.0,YOLO,1,32,0.0,18.995662636345315,0.0,"[0, 0, 0, 0, 0, 0, 0, 0, 0, 0]"
20250721_004029_927,10,24,24,-11.6,19.092872731482984,-84.00161743164062,-84.00161743164062,0.0937891006469726,0.1020188331604003,24,24.0,YOLO,1,32,0.0,19.092872731482984,0.0,"[0, 0, 0, 0, 0, 0, 0, 0, 0, 0]"
20250721_004030_829,10,23,23,-13.1,18.97029979564978,-84.1500015258789,-84.1500015258789,0.0916500091552734,0.1018569469451904,23,23.0,YOLO,1,32,0.0,18.97029979564978,0.0,"[0, 0, 0, 0, 0, 0, 0, 0, 0, 0]"
20250721_004031_720,10,23,23,-13.1,18.97589396264216,-84.20262336730957,-84.20262336730957,0.0937936305999755,0.1017763614654541,23,23.0,YOLO,1,32,0.0,18.97589396264216,0.0,"[0, 0, 0, 0, 0, 0, 0, 0, 0, 0]"
20250721_004030_574,10,23,23,-13.1,18.926156610311523,-84.29512901306153,-84.29512901306153,0.0934352874755859,0.1586198806762695,23,23.0,YOLO,1,32,0.0,18.926156610311523,0.0,"[0, 0, 0, 0, 0, 0, 0, 0, 0, 0]"
20250721_004030_125,10,24,24,-11.6,16.53948715043336,-86.5257797241211,-86.5257797241211,0.0917847156524658,0.1582624912261963,24,24.0,YOLO,1,32,0.0,16.53948715043336,0.0,"[0, 0, 0, 0, 0, 0, 0, 0, 0, 0]"
20250721_004032_623,10,23,23,-13.1,19.243826114728364,-83.99178886413574,-83.99178886413574,0.09405517578125,0.1017820835113525,23,23.0,YOLO,1,32,0.0,19.243826114728364,0.0,"[0, 0, 0, 0, 0, 0, 0, 0, 0, 0]"
20250721_004033_530,10,23,23,-13.1,19.51404752228721,-83.62672424316406,-83.62672424316406,0.0926868915557861,0.1018695831298828,23,23.0,YOLO,1,32,0.0,19.51404752228721,0.0,"[0, 0, 0, 0, 0, 0, 0, 0, 0, 0]"
20250721_004030_376,10,23,23,-13.1,16.49249813648906,-86.58568572998047,-86.58568572998047,0.0940613746643066,0.102482795715332,23,23.0,YOLO,1,32,0.0,16.49249813648906,0.0,"[0, 0, 0, 0, 0, 0, 0, 0, 0, 0]"
20250721_004033_079,10,23,23,-13.1,19.64822015138084,-83.54532623291016,-83.54532623291016,0.0958664417266845,0.1018192768096923,23,23.0,YOLO,1,32,0.0,19.64822015138084,0.0,"[0, 0, 0, 0, 0, 0, 0, 0, 0, 0]"
20250721_004031_917,10,23,23,-13.1,19.194364262957222,-83.91797637939453,-83.91797637939453,0.0942862033843994,0.1581664085388183,23,23.0,YOLO,1,32,0.0,19.194364262957222,0.0,"[0, 0, 0, 0, 0, 0, 0, 0, 0, 0]"
20250721_004032_171,10,23,23,-13.1,19.21263390550405,-83.95072937011719,-83.95072937011719,0.0890858173370361,0.1017453670501709,23,23.0,YOLO,1,32,0.0,19.21263390550405,0.0,"[0, 0, 0, 0, 0, 0, 0, 0, 0, 0]"
20250721_004031_276,10,23,23,-13.1,19.08062770208245,-84.004052734375,-84.004052734375,0.0863265991210937,0.1018745899200439,23,23.0,YOLO,1,32,0.0,19.08062770208245,0.0,"[0, 0, 0, 0, 0, 0, 0, 0, 0, 0]"
20250721_004037_776,11,22,22,-14.5,19.38104498265521,-83.79180145263672,-83.79180145263672,0.095792531967163,0.1582405567169189,22,22.0,YOLO,1,32,0.0,19.38104498265521,0.0,"[0, 0, 0, 0, 0, 0, 0, 0, 0, 0]"
20250721_004034_175,11,23,23,-13.1,17.721797760455402,-85.3289909362793,-85.3289909362793,0.0955915451049804,0.1582598686218261,23,23.0,YOLO,1,32,0.0,17.721797760455402,0.0,"[0, 0, 0, 0, 0, 0, 0, 0, 0, 0]"
20250721_004036_680,11,22,22,-14.5,19.241904745605662,-84.01918449401856,-84.01918449401856,0.0932388305664062,0.1017627716064453,22,22.0,YOLO,1,32,0.0,19.241904745605662,0.0,"[0, 0, 0, 0, 0, 0, 0, 0, 0, 0]"
20250721_004035_519,11,23,23,-13.1,18.67310000380104,-84.56396675109863,-84.56396675109863,0.0931282043457031,0.1581261157989502,23,23.0,YOLO,1,32,0.0,18.67310000380104,0.0,"[0, 0, 0, 0, 0, 0, 0, 0, 0, 0]"
20250721_004035_330,11,23,23,-13.1,19.289998067234464,-83.87712936401367,-83.87712936401367,0.0857329368591308,0.1018469333648681,23,23.0,YOLO,1,32,0.0,19.289998067234464,0.0,"[0, 0, 0, 0, 0, 0, 0, 0, 0, 0]"
20250721_004035_771,11,23,23,-13.1,17.935827990843563,-85.13801193237305,-85.13801193237305,0.0949084758758544,0.101691722869873,23,23.0,YOLO,1,32,0.0,17.935827990843563,0.0,"[0, 0, 0, 0, 0, 0, 0, 0, 0, 0]"
20250721_004034_625,11,22,22,-14.5,19.12867939302494,-83.91045379638672,-83.91045379638672,0.0858693122863769,0.1582691669464111,22,22.0,YOLO,1,32,0.0,19.12867939302494,0.0,"[0, 0, 0, 0, 0, 0, 0, 0, 0, 0]"
20250721_004034_430,11,22,22,-14.5,17.836130326883946,-85.30854034423828,-85.30854034423828,0.0917997360229492,0.1021137237548828,22,22.0,YOLO,1,32,0.0,17.836130326883946,0.0,"[0, 0, 0, 0, 0, 0, 0, 0, 0, 0]"
20250721_004036_229,11,22,22,-14.5,19.293277590203303,-83.82115936279297,-83.82115936279297,0.0945043563842773,0.1017656326293945,22,22.0,YOLO,1,32,0.0,19.293277590203303,0.0,"[0, 0, 0, 0, 0, 0, 0, 0, 0, 0]"
20250721_004036_876,11,22,22,-14.5,19.477956138471257,-83.81134796142578,-83.81134796142578,0.0919005870819091,0.1581196784973144,22,22.0,YOLO,1,32,0.0,19.477956138471257,0.0,"[0, 0, 0, 0, 0, 0, 0, 0, 0, 0]"
20250721_004037_127,11,22,22,-14.5,19.54455404498431,-83.63788604736328,-83.63788604736328,0.0938563346862793,0.1017003059387207,22,22.0,YOLO,1,32,0.0,19.54455404498431,0.0,"[0, 0, 0, 0, 0, 0, 0, 0, 0, 0]"
20250721_004036_427,11,22,22,-14.5,19.29303275258971,-83.88995132446288,-83.88995132446288,0.0925617218017578,0.1582050323486328,22,22.0,YOLO,1,32,0.0,19.29303275258971,0.0,"[0, 0, 0, 0, 0, 0, 0, 0, 0, 0]"
20250721_004035_969,11,22,22,-14.5,19.262025870264367,-83.8606185913086,-83.8606185913086,0.1003408432006836,0.158215045928955,22,22.0,YOLO,1,32,0.0,19.262025870264367,0.0,"[0, 0, 0, 0, 0, 0, 0, 0, 0, 0]"
20250721_004037_324,11,22,22,-14.5,19.36658333197008,-83.74330139160156,-83.74330139160156,0.0966672897338867,0.158254861831665,22,22.0,YOLO,1,32,0.0,19.36658333197008,0.0,"[0, 0, 0, 0, 0, 0, 0, 0, 0, 0]"
20250721_004034_871,11,22,22,-14.5,19.487012053809423,-83.70166511535645,-83.70166511535645,0.0940535068511962,0.1017930507659912,22,22.0,YOLO,1,32,0.0,19.487012053809423,0.0,"[0, 0, 0, 0, 0, 0, 0, 0, 0, 0]"
20250721_004035_068,11,22,22,-14.5,19.320261763617268,-83.74016876220703,-83.74016876220703,0.1017215251922607,0.1581959724426269,22,22.0,YOLO,1,32,0.0,19.320261763617268,0.0,"[0, 0, 0, 0, 0, 0, 0, 0, 0, 0]"
20250721_004033_977,11,23,23,-13.1,19.65654355745112,-83.5628734588623,-83.5628734588623,0.0948741436004638,0.1018364429473877,23,23.0,YOLO,1,32,0.0,19.65654355745112,0.0,"[0, 0, 0, 0, 0, 0, 0, 0, 0, 0]"
20250721_004040_040,12,22,22,-14.5,18.67232543756572,-84.38672637939453,-84.38672637939453,0.0922961235046386,0.1585304737091064,22,22.0,YOLO,1,32,0.0,18.67232543756572,0.0,"[0, 0, 0, 0, 0, 0, 0, 0, 0, 0]"
20250721_004040_483,12,22,22,-14.5,18.428515449313,-84.55784606933594,-84.55784606933594,0.0923402309417724,0.1588821411132812,22,22.0,YOLO,1,32,0.0,18.428515449313,0.0,"[0, 0, 0, 0, 0, 0, 0, 0, 0, 0]"
20250721_004038_227,12,22,22,-14.5,18.109674993608,-85.05112762451172,-85.05112762451172,0.084230899810791,0.1582739353179931,22,22.0,YOLO,1,32,0.0,18.109674993608,0.0,"[0, 0, 0, 0, 0, 0, 0, 0, 0, 0]"
20250721_004038_661,12,22,22,-14.5,18.64525828039504,-84.67473793029785,-84.67473793029785,0.1000335216522216,0.1581897735595703,22,22.0,YOLO,1,32,0.0,18.64525828039504,0.0,"[0, 0, 0, 0, 0, 0, 0, 0, 0, 0]"
20250721_004041_393,12,22,22,-14.5,18.42789691016489,-84.5958251953125,-84.5958251953125,0.093024730682373,0.1586306095123291,22,22.0,YOLO,1,32,0.0,18.42789691016489,0.0,"[0, 0, 0, 0, 0, 0, 0, 0, 0, 0]"
20250721_004040_737,12,22,22,-14.5,18.80519834189711,-84.46574401855469,-84.46574401855469,0.0942294597625732,0.1018886566162109,22,22.0,YOLO,1,32,0.0,18.80519834189711,0.0,"[0, 0, 0, 0, 0, 0, 0, 0, 0, 0]"
20250721_004039_386,12,22,22,-14.5,18.39935061149936,-84.5958251953125,-84.5958251953125,0.0864956378936767,0.1021597385406494,22,22.0,YOLO,1,32,0.0,18.39935061149936,0.0,"[0, 0, 0, 0, 0, 0, 0, 0, 0, 0]"
20250721_004039_576,12,22,22,-14.5,18.10822305103921,-85.01121520996094,-85.01121520996094,0.0998883247375488,0.1585752964019775,22,22.0,YOLO,1,32,0.0,18.10822305103921,0.0,"[0, 0, 0, 0, 0, 0, 0, 0, 0, 0]"
20250721_004038_471,12,22,22,-14.5,18.183413060200422,-85.07627868652344,-85.07627868652344,0.0869104862213134,0.1018130779266357,22,22.0,YOLO,1,32,0.0,18.183413060200422,0.0,"[0, 0, 0, 0, 0, 0, 0, 0, 0, 0]"
20250721_004040_292,12,22,22,-14.5,18.8143784031558,-84.35260162353515,-84.35260162353515,0.0872237682342529,0.1021082401275634,22,22.0,YOLO,1,32,0.0,18.8143784031558,0.0,"[0, 0, 0, 0, 0, 0, 0, 0, 0, 0]"
20250721_004039_116,12,22,22,-14.5,18.814781532764897,-84.25696907043456,-84.25696907043456,0.1090266704559326,0.1585781574249267,22,22.0,YOLO,1,32,0.0,18.814781532764897,0.0,"[0, 0, 0, 0, 0, 0, 0, 0, 0, 0]"
20250721_004038_920,12,22,22,-14.5,18.572076519875807,-84.6541648864746,-84.6541648864746,0.0924341678619384,0.1019325256347656,22,22.0,YOLO,1,32,0.0,18.572076519875807,0.0,"[0, 0, 0, 0, 0, 0, 0, 0, 0, 0]"
20250721_004041_647,12,22,22,-14.5,18.485543266080768,-84.63991241455078,-84.63991241455078,0.09415864944458,0.1024122238159179,22,22.0,YOLO,1,32,0.0,18.485543266080768,0.0,"[0, 0, 0, 0, 0, 0, 0, 0, 0, 0]"
20250721_004040_934,12,22,22,-14.5,18.33921016375428,-84.79640617370606,-84.79640617370606,0.1022384166717529,0.1582100391387939,22,22.0,YOLO,1,32,0.0,18.33921016375428,0.0,"[0, 0, 0, 0, 0, 0, 0, 0, 0, 0]"
20250721_004038_032,12,22,22,-14.5,19.36679892967265,-83.72128982543946,-83.72128982543946,0.0914297103881836,0.1019320487976074,22,22.0,YOLO,1,32,0.0,19.36679892967265,0.0,"[0, 0, 0, 0, 0, 0, 0, 0, 0, 0]"
20250721_004039_836,12,22,22,-14.5,18.07279130519015,-84.9886703491211,-84.9886703491211,0.098787784576416,0.1024887561798095,22,22.0,YOLO,1,32,0.0,18.07279130519015,0.0,"[0, 0, 0, 0, 0, 0, 0, 0, 0, 0]"
20250721_004041_196,12,22,22,-14.5,18.30560758982596,-84.79640617370606,-84.79640617370606,0.0939364433288574,0.1018238067626953,22,22.0,YOLO,1,32,0.0,18.30560758982596,0.0,"[0, 0, 0, 0, 0, 0, 0, 0, 0, 0]"
20250721_004044_344,13,21,21,-16.0,19.57737945664928,-83.54383354187011,-83.54383354187011,0.0935182571411132,0.1018016338348388,21,21.0,YOLO,1,32,0.0,19.57737945664928,0.0,"[0, 0, 0, 0, 0, 0, 0, 0, 0, 0]"
20250721_004042_551,13,21,21,-16.0,19.47410880472907,-83.71446228027344,-83.71446228027344,0.090552806854248,0.1018555164337158,21,21.0,YOLO,1,32,0.0,19.47410880472907,0.0,"[0, 0, 0, 0, 0, 0, 0, 0, 0, 0]"
20250721_004042_099,13,22,22,-14.5,18.613003108680047,-84.46574401855469,-84.46574401855469,0.092362642288208,0.1020574569702148,22,22.0,YOLO,1,32,0.0,18.613003108680047,0.0,"[0, 0, 0, 0, 0, 0, 0, 0, 0, 0]"
20250721_004045_239,13,21,21,-16.0,19.348542223243257,-83.90044403076172,-83.90044403076172,0.092994213104248,0.1017951965332031,21,21.0,YOLO,1,32,0.0,19.348542223243257,0.0,"[0, 0, 0, 0, 0, 0, 0, 0, 0, 0]"
20250721_004043_447,13,21,21,-16.0,19.56882483795127,-83.57073974609375,-83.57073974609375,0.0961878299713134,0.1018123626708984,21,21.0,YOLO,1,32,0.0,19.56882483795127,0.0,"[0, 0, 0, 0, 0, 0, 0, 0, 0, 0]"
20250721_004043_899,13,21,21,-16.0,19.703163475281087,-83.54532623291016,-83.54532623291016,0.0913059711456298,0.101752758026123,21,21.0,YOLO,1,32,0.0,19.703163475281087,0.0,"[0, 0, 0, 0, 0, 0, 0, 0, 0, 0]"
20250721_004044_093,13,21,21,-16.0,19.543253955343232,-83.68580627441406,-83.68580627441406,0.090879201889038,0.1581473350524902,21,21.0,YOLO,1,32,0.0,19.543253955343232,0.0,"[0, 0, 0, 0, 0, 0, 0, 0, 0, 0]"
20250721_004042_294,13,21,21,-16.0,19.31891789999848,-83.79424285888672,-83.79424285888672,0.096933364868164,0.1582536697387695,21,21.0,YOLO,1,32,0.0,19.31891789999848,0.0,"[0, 0, 0, 0, 0, 0, 0, 0, 0, 0]"
20250721_004042_745,13,21,21,-16.0,19.201963209057084,-83.88272399902344,-83.88272399902344,0.0900804996490478,0.1582205295562744,21,21.0,YOLO,1,32,0.0,19.201963209057084,0.0,"[0, 0, 0, 0, 0, 0, 0, 0, 0, 0]"
20250721_004044_790,13,21,21,-16.0,19.474707970367177,-83.81085891723633,-83.81085891723633,0.0881350040435791,0.1017806529998779,21,21.0,YOLO,1,32,0.0,19.474707970367177,0.0,"[0, 0, 0, 0, 0, 0, 0, 0, 0, 0]"
20250721_004042_995,13,21,21,-16.0,19.27518509905232,-83.95794830322265,-83.95794830322265,0.0875380039215087,0.101736307144165,21,21.0,YOLO,1,32,0.0,19.27518509905232,0.0,"[0, 0, 0, 0, 0, 0, 0, 0, 0, 0]"
20250721_004044_982,13,21,21,-16.0,19.319710718651702,-83.74559173583984,-83.74559173583984,0.0974583625793457,0.1581521034240722,21,21.0,YOLO,1,32,0.0,19.319710718651702,0.0,"[0, 0, 0, 0, 0, 0, 0, 0, 0, 0]"
20250721_004045_689,13,21,21,-16.0,19.174578034640945,-83.95744323730469,-83.95744323730469,0.08958101272583,0.1017017364501953,21,21.0,YOLO,1,32,0.0,19.174578034640945,0.0,"[0, 0, 0, 0, 0, 0, 0, 0, 0, 0]"
20250721_004044_540,13,21,21,-16.0,19.41408291231956,-83.66776390075684,-83.66776390075684,0.0902786254882812,0.1583518981933593,21,21.0,YOLO,1,32,0.0,19.41408291231956,0.0,"[0, 0, 0, 0, 0, 0, 0, 0, 0, 0]"
20250721_004043_185,13,21,21,-16.0,19.4055491065446,-83.71386413574218,-83.71386413574218,0.1017203330993652,0.1581683158874511,21,21.0,YOLO,1,32,0.0,19.4055491065446,0.0,"[0, 0, 0, 0, 0, 0, 0, 0, 0, 0]"
20250721_004043_646,13,21,21,-16.0,19.462442648012555,-83.70249938964844,-83.70249938964844,0.0929019451141357,0.1581969261169433,21,21.0,YOLO,1,32,0.0,19.462442648012555,0.0,"[0, 0, 0, 0, 0, 0, 0, 0, 0, 0]"
20250721_004045_435,13,21,21,-16.0,19.3197011693741,-83.83800964355468,-83.83800964355468,0.0938735008239746,0.158219575881958,21,21.0,YOLO,1,32,0.0,19.3197011693741,0.0,"[0, 0, 0, 0, 0, 0, 0, 0, 0, 0]"
20250721_004047_931,14,20,20,-17.4,19.33404902446788,-83.80156707763672,-83.80156707763672,0.0923538208007812,0.1018726825714111,20,20.0,YOLO,1,32,0.0,19.33404902446788,0.0,"[0, 0, 0, 0, 0, 0, 0, 0, 0, 0]"
20250721_004047_478,14,20,20,-17.4,19.621053462590385,-83.59397888183594,-83.59397888183594,0.0934476852416992,0.1018226146697998,20,20.0,YOLO,1,32,0.0,19.621053462590385,0.0,"[0, 0, 0, 0, 0, 0, 0, 0, 0, 0]"
20250721_004048_576,14,20,20,-17.4,19.677686479743457,-83.50862121582031,-83.50862121582031,0.1011543273925781,0.15816330909729,20,20.0,YOLO,1,32,0.0,19.677686479743457,0.0,"[0, 0, 0, 0, 0, 0, 0, 0, 0, 0]"
20250721_004047_222,14,20,20,-17.4,19.62259739598096,-83.63847351074219,-83.63847351074219,0.0965161323547363,0.1582012176513672,20,20.0,YOLO,1,32,0.0,19.62259739598096,0.0,"[0, 0, 0, 0, 0, 0, 0, 0, 0, 0]"
20250721_004049_286,14,20,20,-17.4,19.472697759800766,-83.67667007446289,-83.67667007446289,0.0934867858886718,0.1018691062927246,20,20.0,YOLO,1,32,0.0,19.472697759800766,0.0,"[0, 0, 0, 0, 0, 0, 0, 0, 0, 0]"
20250721_004049_033,14,20,20,-17.4,18.90356527760801,-84.27315101623535,-84.27315101623535,0.0930516719818115,0.1582403182983398,20,20.0,YOLO,1,32,0.0,18.90356527760801,0.0,"[0, 0, 0, 0, 0, 0, 0, 0, 0, 0]"
20250721_004048_837,14,20,20,-17.4,19.642231783903767,-83.54532623291016,-83.54532623291016,0.0926203727722168,0.101771593093872,20,20.0,YOLO,1,32,0.0,19.642231783903767,0.0,"[0, 0, 0, 0, 0, 0, 0, 0, 0, 0]"
20250721_004048_127,14,20,20,-17.4,19.72199614989041,-83.38741989135742,-83.38741989135742,0.0932590961456298,0.1581587791442871,20,20.0,YOLO,1,32,0.0,19.72199614989041,0.0,"[0, 0, 0, 0, 0, 0, 0, 0, 0, 0]"
20250721_004046_136,14,21,21,-16.0,18.289762124884703,-84.9598617553711,-84.9598617553711,0.0904979705810546,0.1017823219299316,21,21.0,YOLO,1,32,0.0,18.289762124884703,0.0,"[0, 0, 0, 0, 0, 0, 0, 0, 0, 0]"
20250721_004047_033,14,20,20,-17.4,19.226571724580666,-83.88048553466797,-83.88048553466797,0.0862975120544433,0.1018071174621582,20,20.0,YOLO,1,32,0.0,19.226571724580666,0.0,"[0, 0, 0, 0, 0, 0, 0, 0, 0, 0]"
20250721_004046_330,14,20,20,-17.4,18.36826154220536,-84.5917179107666,-84.5917179107666,0.095238447189331,0.1582643985748291,20,20.0,YOLO,1,32,0.0,18.36826154220536,0.0,"[0, 0, 0, 0, 0, 0, 0, 0, 0, 0]"
20250721_004048_380,14,20,20,-17.4,19.78358676927475,-83.39976539611817,-83.39976539611817,0.0935637950897216,0.1017935276031494,20,20.0,YOLO,1,32,0.0,19.78358676927475,0.0,"[0, 0, 0, 0, 0, 0, 0, 0, 0, 0]"
20250721_004049_745,14,20,20,-17.4,19.19919665121988,-83.9703815460205,-83.9703815460205,0.0949375629425048,0.101733922958374,20,20.0,YOLO,1,32,0.0,19.19919665121988,0.0,"[0, 0, 0, 0, 0, 0, 0, 0, 0, 0]"
20250721_004046_780,14,20,20,-17.4,19.2759352613962,-83.75537109375,-83.75537109375,0.0931122303009033,0.1581008434295654,20,20.0,YOLO,1,32,0.0,19.2759352613962,0.0,"[0, 0, 0, 0, 0, 0, 0, 0, 0, 0]"
20250721_004045_881,14,21,21,-16.0,19.118383345522204,-83.94884071350099,-83.94884071350099,0.0950546264648437,0.1581344604492187,21,21.0,YOLO,1,32,0.0,19.118383345522204,0.0,"[0, 0, 0, 0, 0, 0, 0, 0, 0, 0]"
20250721_004047_675,14,20,20,-17.4,19.477348218386325,-83.67667007446289,-83.67667007446289,0.0962781906127929,0.1582353115081787,20,20.0,YOLO,1,32,0.0,19.477348218386325,0.0,"[0, 0, 0, 0, 0, 0, 0, 0, 0, 0]"
20250721_004049_483,14,20,20,-17.4,19.48384938731453,-83.78925590515136,-83.78925590515136,0.1032605171203613,0.1581778526306152,20,20.0,YOLO,1,32,0.0,19.48384938731453,0.0,"[0, 0, 0, 0, 0, 0, 0, 0, 0, 0]"
20250721_004053_088,15,19,19,-18.9,20.02900247948142,-83.24492645263672,-83.24492645263672,0.0931050777435302,0.1581463813781738,19,19.0,YOLO,1,32,0.0,20.02900247948142,0.0,"[0, 0, 0, 0, 0, 0, 0, 0, 0, 0]"
20250721_004050_644,15,20,20,-17.4,20.147707590581547,-82.93544425964356,-82.93544425964356,0.0950989723205566,0.1018645763397216,20,20.0,YOLO,1,32,0.0,20.147707590581547,0.0,"[0, 0, 0, 0, 0, 0, 0, 0, 0, 0]"
20250721_004053_791,15,20,20,-17.4,18.981372224634924,-84.20262336730957,-84.20262336730957,0.0911197662353515,0.1017801761627197,20,20.0,YOLO,1,32,0.0,18.981372224634924,0.0,"[0, 0, 0, 0, 0, 0, 0, 0, 0, 0]"
20250721_004051_737,15,20,20,-17.4,18.581532217946204,-84.62821960449219,-84.62821960449219,0.0898323059082031,0.1581473350524902,20,20.0,YOLO,1,32,0.0,18.581532217946204,0.0,"[0, 0, 0, 0, 0, 0, 0, 0, 0, 0]"
20250721_004050_386,15,19,19,-18.9,20.285210919760203,-82.80100517272949,-82.80100517272949,0.0988357067108154,0.1581630706787109,19,19.0,YOLO,1,32,0.0,20.285210919760203,0.0,"[0, 0, 0, 0, 0, 0, 0, 0, 0, 0]"
20250721_004051_987,15,19,19,-18.9,18.55308823870629,-84.56657409667969,-84.56657409667969,0.0938527584075927,0.1016907691955566,19,19.0,YOLO,1,32,0.0,18.55308823870629,0.0,"[0, 0, 0, 0, 0, 0, 0, 0, 0, 0]"
20250721_004053_341,15,20,20,-17.4,20.168244617416363,-83.14083862304688,-83.14083862304688,0.0934491157531738,0.1017887592315673,20,20.0,YOLO,1,32,0.0,20.168244617416363,0.0,"[0, 0, 0, 0, 0, 0, 0, 0, 0, 0]"
20250721_004052_184,15,20,20,-17.4,19.03934795044665,-84.18936958312989,-84.18936958312989,0.0967352390289306,0.1582767963409423,20,20.0,YOLO,1,32,0.0,19.03934795044665,0.0,"[0, 0, 0, 0, 0, 0, 0, 0, 0, 0]"
20250721_004053_538,15,20,20,-17.4,18.96208916890652,-84.29335861206054,-84.29335861206054,0.0937545299530029,0.1581649780273437,20,20.0,YOLO,1,32,0.0,18.96208916890652,0.0,"[0, 0, 0, 0, 0, 0, 0, 0, 0, 0]"
20250721_004052_440,15,20,20,-17.4,18.968887723249978,-84.14776229858398,-84.14776229858398,0.0912172794342041,0.1017959117889404,20,20.0,YOLO,1,32,0.0,18.968887723249978,0.0,"[0, 0, 0, 0, 0, 0, 0, 0, 0, 0]"
20250721_004050_192,15,20,20,-17.4,18.180051255173552,-84.9886703491211,-84.9886703491211,0.0902333259582519,0.101724624633789,20,20.0,YOLO,1,32,0.0,18.180051255173552,0.0,"[0, 0, 0, 0, 0, 0, 0, 0, 0, 0]"
20250721_004052_894,15,20,20,-17.4,17.778581069631727,-85.32933807373047,-85.32933807373047,0.0911619663238525,0.1017642021179199,20,20.0,YOLO,1,32,0.0,17.778581069631727,0.0,"[0, 0, 0, 0, 0, 0, 0, 0, 0, 0]"
20250721_004051_099,15,20,20,-17.4,18.761105209707267,-84.33861122131347,-84.33861122131347,0.0951719284057617,0.1018092632293701,20,20.0,YOLO,1,32,0.0,18.761105209707267,0.0,"[0, 0, 0, 0, 0, 0, 0, 0, 0, 0]"
20250721_004049_944,15,20,20,-17.4,18.20370614475206,-84.85549354553223,-84.85549354553223,0.0890243053436279,0.1581473350524902,20,20.0,YOLO,1,32,0.0,18.20370614475206,0.0,"[0, 0, 0, 0, 0, 0, 0, 0, 0, 0]"
20250721_004051_547,15,20,20,-17.4,18.3043926090795,-84.78121795654297,-84.78121795654297,0.0870747566223144,0.1017622947692871,20,20.0,YOLO,1,32,0.0,18.3043926090795,0.0,"[0, 0, 0, 0, 0, 0, 0, 0, 0, 0]"
20250721_004051_297,15,20,20,-17.4,18.46719378679165,-84.68475341796875,-84.68475341796875,0.0904195308685302,0.1581912040710449,20,20.0,YOLO,1,32,0.0,18.46719378679165,0.0,"[0, 0, 0, 0, 0, 0, 0, 0, 0, 0]"
20250721_004050_842,15,20,20,-17.4,18.80251692152773,-84.37443656921387,-84.37443656921387,0.0969269275665283,0.1581451892852783,20,20.0,YOLO,1,32,0.0,18.80251692152773,0.0,"[0, 0, 0, 0, 0, 0, 0, 0, 0, 0]"
20250721_004057_590,16,19,19,-18.9,19.466929581984232,-83.62672424316406,-83.62672424316406,0.0975685119628906,0.1581923961639404,19,19.0,YOLO,1,32,0.0,19.466929581984232,0.0,"[0, 0, 0, 0, 0, 0, 0, 0, 0, 0]"
20250721_004054_695,16,19,19,-18.9,19.48293304390013,-83.78997993469238,-83.78997993469238,0.0931668281555175,0.1018447875976562,19,19.0,YOLO,1,32,0.0,19.48293304390013,0.0,"[0, 0, 0, 0, 0, 0, 0, 0, 0, 0]"
20250721_004055_583,16,19,19,-18.9,19.67182385019456,-83.55223846435547,-83.55223846435547,0.0927724838256836,0.1021399497985839,19,19.0,YOLO,1,32,0.0,19.67182385019456,0.0,"[0, 0, 0, 0, 0, 0, 0, 0, 0, 0]"
20250721_004056_038,16,19,19,-18.9,19.469043059430803,-83.59060630798339,-83.59060630798339,0.0994081497192382,0.1017303466796875,19,19.0,YOLO,1,32,0.0,19.469043059430803,0.0,"[0, 0, 0, 0, 0, 0, 0, 0, 0, 0]"
20250721_004057_137,16,19,19,-18.9,19.117989233862488,-84.0816879272461,-84.0816879272461,0.0927252769470214,0.1581132411956787,19,19.0,YOLO,1,32,0.0,19.117989233862488,0.0,"[0, 0, 0, 0, 0, 0, 0, 0, 0, 0]"
20250721_004056_241,16,19,19,-18.9,19.34336564252081,-83.80107879638672,-83.80107879638672,0.078019380569458,0.1581268310546875,19,19.0,YOLO,1,32,0.0,19.34336564252081,0.0,"[0, 0, 0, 0, 0, 0, 0, 0, 0, 0]"
20250721_004057_389,16,19,19,-18.9,19.11158017987165,-84.03978958129883,-84.03978958129883,0.0974569320678711,0.1017959117889404,19,19.0,YOLO,1,32,0.0,19.11158017987165,0.0,"[0, 0, 0, 0, 0, 0, 0, 0, 0, 0]"
20250721_004056_478,16,19,19,-18.9,19.26742133849092,-83.79424285888672,-83.79424285888672,0.0997192859649658,0.1017818450927734,19,19.0,YOLO,1,32,0.0,19.26742133849092,0.0,"[0, 0, 0, 0, 0, 0, 0, 0, 0, 0]"
20250721_004056_681,16,19,19,-18.9,19.36126056063449,-83.75537109375,-83.75537109375,0.0959541797637939,0.158233642578125,19,19.0,YOLO,1,32,0.0,19.36126056063449,0.0,"[0, 0, 0, 0, 0, 0, 0, 0, 0, 0]"
20250721_004056_937,16,19,19,-18.9,19.172025850096134,-83.83099365234375,-83.83099365234375,0.0964837074279785,0.1018800735473632,19,19.0,YOLO,1,32,0.0,19.172025850096134,0.0,"[0, 0, 0, 0, 0, 0, 0, 0, 0, 0]"
20250721_004055_140,16,19,19,-18.9,19.717866585044504,-83.54532623291016,-83.54532623291016,0.0903780460357666,0.1017229557037353,19,19.0,YOLO,1,32,0.0,19.717866585044504,0.0,"[0, 0, 0, 0, 0, 0, 0, 0, 0, 0]"
20250721_004055_334,16,19,19,-18.9,19.493027443519267,-83.74318084716796,-83.74318084716796,0.0899658203125,0.1582932472229004,19,19.0,YOLO,1,32,0.0,19.493027443519267,0.0,"[0, 0, 0, 0, 0, 0, 0, 0, 0, 0]"
20250721_004054_892,16,19,19,-18.9,19.58377318145192,-83.50600967407227,-83.50600967407227,0.0889756679534912,0.1582238674163818,19,19.0,YOLO,1,32,0.0,19.58377318145192,0.0,"[0, 0, 0, 0, 0, 0, 0, 0, 0, 0]"
20250721_004057_847,16,19,19,-18.9,19.39742102922521,-83.74089050292969,-83.74089050292969,0.0920946598052978,0.1017992496490478,19,19.0,YOLO,1,32,0.0,19.39742102922521,0.0,"[0, 0, 0, 0, 0, 0, 0, 0, 0, 0]"
20250721_004054_443,16,19,19,-18.9,19.6722303855144,-83.6190975189209,-83.6190975189209,0.0926942825317382,0.1582162380218505,19,19.0,YOLO,1,32,0.0,19.6722303855144,0.0,"[0, 0, 0, 0, 0, 0, 0, 0, 0, 0]"
20250721_004055_780,16,19,19,-18.9,19.49558311619384,-83.57305908203125,-83.57305908203125,0.0988264083862304,0.158243179321289,19,19.0,YOLO,1,32,0.0,19.49558311619384,0.0,"[0, 0, 0, 0, 0, 0, 0, 0, 0, 0]"
20250721_004054_246,16,19,19,-18.9,17.333143479174495,-85.89103813171387,-85.89103813171387,0.0936615467071533,0.1018681526184082,19,19.0,YOLO,1,32,0.0,17.333143479174495,0.0,"[0, 0, 0, 0, 0, 0, 0, 0, 0, 0]"
20250721_004059_638,17,18,18,-20.3,19.27500147858737,-83.91295623779297,-83.91295623779297,0.0880947113037109,0.1017501354217529,18,18.0,YOLO,1,32,0.0,19.27500147858737,0.0,"[0, 0, 0, 0, 0, 0, 0, 0, 0, 0]"
20250721_004100_715,17,18,18,-20.3,19.86310928332957,-83.34794578552246,-83.34794578552246,0.1197791099548339,0.1589207649230957,18,18.0,YOLO,1,32,0.0,19.86310928332957,0.0,"[0, 0, 0, 0, 0, 0, 0, 0, 0, 0]"
20250721_004101_448,17,18,18,-20.3,19.40252663706751,-83.79180145263672,-83.79180145263672,0.0916707515716552,0.1018424034118652,18,18.0,YOLO,1,32,0.0,19.40252663706751,0.0,"[0, 0, 0, 0, 0, 0, 0, 0, 0, 0]"
20250721_004100_523,17,18,18,-20.3,19.70988782284097,-83.46305236816406,-83.46305236816406,0.0888576507568359,0.1022546291351318,18,18.0,YOLO,1,32,0.0,19.70988782284097,0.0,"[0, 0, 0, 0, 0, 0, 0, 0, 0, 0]"
20250721_004058_292,17,18,18,-20.3,18.04194975743985,-85.07513465881348,-85.07513465881348,0.0935485363006591,0.1018321514129638,18,18.0,YOLO,1,32,0.0,18.04194975743985,0.0,"[0, 0, 0, 0, 0, 0, 0, 0, 0, 0]"
20250721_004059_383,17,18,18,-20.3,19.37016194400411,-83.82349319458008,-83.82349319458008,0.0950219631195068,0.15828537940979,18,18.0,YOLO,1,32,0.0,19.37016194400411,0.0,"[0, 0, 0, 0, 0, 0, 0, 0, 0, 0]"
20250721_004100_269,17,18,18,-20.3,19.53737206461159,-83.57073974609375,-83.57073974609375,0.0944640636444091,0.1585314273834228,18,18.0,YOLO,1,32,0.0,19.53737206461159,0.0,"[0, 0, 0, 0, 0, 0, 0, 0, 0, 0]"
20250721_004059_187,17,18,18,-20.3,19.45139324661284,-83.67868041992188,-83.67868041992188,0.0925900936126709,0.1017990112304687,18,18.0,YOLO,1,32,0.0,19.45139324661284,0.0,"[0, 0, 0, 0, 0, 0, 0, 0, 0, 0]"
20250721_004058_742,17,18,18,-20.3,19.62294717919194,-83.54532623291016,-83.54532623291016,0.0929548740386962,0.101792573928833,18,18.0,YOLO,1,32,0.0,19.62294717919194,0.0,"[0, 0, 0, 0, 0, 0, 0, 0, 0, 0]"
20250721_004101_194,17,18,18,-20.3,19.49789122111592,-83.57201805114747,-83.57201805114747,0.0935823917388916,0.1585462093353271,18,18.0,YOLO,1,32,0.0,19.49789122111592,0.0,"[0, 0, 0, 0, 0, 0, 0, 0, 0, 0]"
20250721_004100_996,17,18,18,-20.3,19.92099293975653,-83.15765380859375,-83.15765380859375,0.0944454669952392,0.10213303565979,18,18.0,YOLO,1,32,0.0,19.92099293975653,0.0,"[0, 0, 0, 0, 0, 0, 0, 0, 0, 0]"
20250721_004059_829,17,18,18,-20.3,19.372285057978445,-83.68544998168946,-83.68544998168946,0.090289831161499,0.1585557460784912,18,18.0,YOLO,1,32,0.0,19.372285057978445,0.0,"[0, 0, 0, 0, 0, 0, 0, 0, 0, 0]"
20250721_004101_900,17,18,18,-20.3,19.511377704724552,-83.60728607177734,-83.60728607177734,0.0912015438079834,0.101802110671997,18,18.0,YOLO,1,32,0.0,19.511377704724552,0.0,"[0, 0, 0, 0, 0, 0, 0, 0, 0, 0]"
20250721_004058_042,17,19,19,-18.9,17.927206765145158,-85.0887523651123,-85.0887523651123,0.0903022289276123,0.1581251621246338,19,19.0,YOLO,1,32,0.0,17.927206765145158,0.0,"[0, 0, 0, 0, 0, 0, 0, 0, 0, 0]"
20250721_004058_489,17,18,18,-20.3,19.58232647833681,-83.48004035949707,-83.48004035949707,0.0937094688415527,0.1581881046295166,18,18.0,YOLO,1,32,0.0,19.58232647833681,0.0,"[0, 0, 0, 0, 0, 0, 0, 0, 0, 0]"
20250721_004101_643,17,18,18,-20.3,19.48967465958816,-83.61968231201172,-83.61968231201172,0.0979809761047363,0.1581819057464599,18,18.0,YOLO,1,32,0.0,19.48967465958816,0.0,"[0, 0, 0, 0, 0, 0, 0, 0, 0, 0]"
20250721_004100_079,17,18,18,-20.3,19.3250748084715,-83.82115936279297,-83.82115936279297,0.0841119289398193,0.102602481842041,18,18.0,YOLO,1,32,0.0,19.3250748084715,0.0,"[0, 0, 0, 0, 0, 0, 0, 0, 0, 0]"
20250721_004103_705,18,17,17,-21.8,19.66768588783779,-83.45639038085938,-83.45639038085938,0.0900781154632568,0.1018259525299072,17,17.0,YOLO,1,32,0.0,19.66768588783779,0.0,"[0, 0, 0, 0, 0, 0, 0, 0, 0, 0]"
20250721_004105_250,18,17,17,-21.8,19.64280639661861,-83.42680358886719,-83.42680358886719,0.0895583629608154,0.1581652164459228,17,17.0,YOLO,1,32,0.0,19.64280639661861,0.0,"[0, 0, 0, 0, 0, 0, 0, 0, 0, 0]"
20250721_004105_694,18,18,18,-20.3,19.00556330028189,-84.03978958129883,-84.03978958129883,0.0977487564086914,0.1581594944000244,18,18.0,YOLO,1,32,0.0,19.00556330028189,0.0,"[0, 0, 0, 0, 0, 0, 0, 0, 0, 0]"
20250721_004103_899,18,17,17,-21.8,19.46313393135453,-83.626021194458,-83.626021194458,0.0941071510314941,0.1582295894622802,17,17.0,YOLO,1,32,0.0,19.46313393135453,0.0,"[0, 0, 0, 0, 0, 0, 0, 0, 0, 0]"
20250721_004104_346,18,17,17,-21.8,19.66805112199836,-83.54383354187011,-83.54383354187011,0.0913164615631103,0.1582138538360595,17,17.0,YOLO,1,32,0.0,19.66805112199836,0.0,"[0, 0, 0, 0, 0, 0, 0, 0, 0, 0]"
20250721_004102_994,18,17,17,-21.8,19.623592683339936,-83.61242942810058,-83.61242942810058,0.099316120147705,0.1582145690917968,17,17.0,YOLO,1,32,0.0,19.623592683339936,0.0,"[0, 0, 0, 0, 0, 0, 0, 0, 0, 0]"
20250721_004102_801,18,17,17,-21.8,19.609846986277063,-83.5448657989502,-83.5448657989502,0.0886919498443603,0.1023430824279785,17,17.0,YOLO,1,32,0.0,19.609846986277063,0.0,"[0, 0, 0, 0, 0, 0, 0, 0, 0, 0]"
20250721_004104_598,18,17,17,-21.8,19.574390888175486,-83.54532623291016,-83.54532623291016,0.091843843460083,0.1017725467681884,17,17.0,YOLO,1,32,0.0,19.574390888175486,0.0,"[0, 0, 0, 0, 0, 0, 0, 0, 0, 0]"
20250721_004102_095,18,18,18,-20.3,18.604703200857102,-84.46574401855469,-84.46574401855469,0.0959424972534179,0.1582825183868408,18,18.0,YOLO,1,32,0.0,18.604703200857102,0.0,"[0, 0, 0, 0, 0, 0, 0, 0, 0, 0]"
20250721_004105_054,18,17,17,-21.8,19.323650663948385,-83.79180145263672,-83.79180145263672,0.0929820537567138,0.1018106937408447,17,17.0,YOLO,1,32,0.0,19.323650663948385,0.0,"[0, 0, 0, 0, 0, 0, 0, 0, 0, 0]"
20250721_004102_545,18,17,17,-21.8,19.66795032658942,-83.62672424316406,-83.62672424316406,0.0958292484283447,0.158463716506958,17,17.0,YOLO,1,32,0.0,19.66795032658942,0.0,"[0, 0, 0, 0, 0, 0, 0, 0, 0, 0]"
20250721_004104_793,18,17,17,-21.8,19.288051022843405,-83.90995330810547,-83.90995330810547,0.1015830039978027,0.1581878662109375,17,17.0,YOLO,1,32,0.0,19.288051022843405,0.0,"[0, 0, 0, 0, 0, 0, 0, 0, 0, 0]"
20250721_004103_253,18,17,17,-21.8,19.46360003846728,-83.75488815307617,-83.75488815307617,0.0918910503387451,0.101914644241333,17,17.0,YOLO,1,32,0.0,19.46360003846728,0.0,"[0, 0, 0, 0, 0, 0, 0, 0, 0, 0]"
20250721_004102_351,18,17,17,-21.8,18.527606254281096,-84.56948852539062,-84.56948852539062,0.0908670425415039,0.1019620895385742,17,17.0,YOLO,1,32,0.0,18.527606254281096,0.0,"[0, 0, 0, 0, 0, 0, 0, 0, 0, 0]"
20250721_004105_499,18,17,17,-21.8,19.278456909035583,-83.99394989013672,-83.99394989013672,0.0913736820220947,0.1019239425659179,17,17.0,YOLO,1,32,0.0,19.278456909035583,0.0,"[0, 0, 0, 0, 0, 0, 0, 0, 0, 0]"
20250721_004104_153,18,17,17,-21.8,19.322996577751283,-83.85813903808594,-83.85813903808594,0.0905771255493164,0.1019747257232666,17,17.0,YOLO,1,32,0.0,19.322996577751283,0.0,"[0, 0, 0, 0, 0, 0, 0, 0, 0, 0]"
20250721_004103_448,18,17,17,-21.8,19.76397271033335,-83.40032196044922,-83.40032196044922,0.0976703166961669,0.1582505702972412,17,17.0,YOLO,1,32,0.0,19.76397271033335,0.0,"[0, 0, 0, 0, 0, 0, 0, 0, 0, 0]"
20250721_004105_951,19,18,18,-20.3,19.05391236750303,-84.1500015258789,-84.1500015258789,0.090212345123291,0.1018414497375488,18,18.0,YOLO,1,32,0.0,19.05391236750303,0.0,"[0, 0, 0, 0, 0, 0, 0, 0, 0, 0]"
20250721_004108_394,19,17,17,-21.8,19.4622431659552,-83.72164916992188,-83.72164916992188,0.0979459285736084,0.1582045555114746,17,17.0,YOLO,1,32,0.0,19.4622431659552,0.0,"[0, 0, 0, 0, 0, 0, 0, 0, 0, 0]"
20250721_004107_952,19,17,17,-21.8,18.345929738855347,-84.68475341796875,-84.68475341796875,0.0872626304626464,0.1581754684448242,17,17.0,YOLO,1,32,0.0,18.345929738855347,0.0,"[0, 0, 0, 0, 0, 0, 0, 0, 0, 0]"
20250721_004109_554,19,17,17,-21.8,19.15359472330244,-83.99318466186523,-83.99318466186523,0.0877747535705566,0.1018626689910888,17,17.0,YOLO,1,32,0.0,19.15359472330244,0.0,"[0, 0, 0, 0, 0, 0, 0, 0, 0, 0]"
20250721_004107_757,19,17,17,-21.8,18.79442834726256,-84.23234062194824,-84.23234062194824,0.0920972824096679,0.101724624633789,17,17.0,YOLO,1,32,0.0,18.79442834726256,0.0,"[0, 0, 0, 0, 0, 0, 0, 0, 0, 0]"
20250721_004108_652,19,17,17,-21.8,19.248631868969586,-84.01918449401856,-84.01918449401856,0.0907871723175048,0.1017272472381591,17,17.0,YOLO,1,32,0.0,19.248631868969586,0.0,"[0, 0, 0, 0, 0, 0, 0, 0, 0, 0]"
20250721_004106_600,19,17,17,-21.8,18.71670960156831,-84.4771499633789,-84.4771499633789,0.0979766845703125,0.1581988334655761,17,17.0,YOLO,1,32,0.0,18.71670960156831,0.0,"[0, 0, 0, 0, 0, 0, 0, 0, 0, 0]"
20250721_004107_507,19,17,17,-21.8,19.054504866064,-84.17922973632812,-84.17922973632812,0.0905759334564209,0.1581809520721435,17,17.0,YOLO,1,32,0.0,19.054504866064,0.0,"[0, 0, 0, 0, 0, 0, 0, 0, 0, 0]"
20250721_004107_057,19,17,17,-21.8,18.5782724358007,-84.46503295898438,-84.46503295898438,0.0951628684997558,0.158229112625122,17,17.0,YOLO,1,32,0.0,18.5782724358007,0.0,"[0, 0, 0, 0, 0, 0, 0, 0, 0, 0]"
20250721_004107_312,19,17,17,-21.8,18.82571233016852,-84.27315101623535,-84.27315101623535,0.0912303924560546,0.1019506454467773,17,17.0,YOLO,1,32,0.0,18.82571233016852,0.0,"[0, 0, 0, 0, 0, 0, 0, 0, 0, 0]"
20250721_004106_399,19,17,17,-21.8,17.463576771659575,-85.66510772705078,-85.66510772705078,0.09769868850708,0.1018588542938232,17,17.0,YOLO,1,32,0.0,17.463576771659575,0.0,"[0, 0, 0, 0, 0, 0, 0, 0, 0, 0]"
20250721_004108_199,19,16,16,-23.2,18.71552626371937,-84.45053176879883,-84.45053176879883,0.092172622680664,0.1017711162567138,16,16.0,YOLO,1,32,0.0,18.71552626371937,0.0,"[0, 0, 0, 0, 0, 0, 0, 0, 0, 0]"
20250721_004106_145,19,18,18,-20.3,17.497475722029904,-85.76612243652343,-85.76612243652343,0.0947749614715576,0.1582252979278564,18,18.0,YOLO,1,32,0.0,17.497475722029904,0.0,"[0, 0, 0, 0, 0, 0, 0, 0, 0, 0]"
20250721_004108_846,19,17,17,-21.8,19.058551348141663,-84.01148681640625,-84.01148681640625,0.0982885360717773,0.1581068038940429,17,17.0,YOLO,1,32,0.0,19.058551348141663,0.0,"[0, 0, 0, 0, 0, 0, 0, 0, 0, 0]"
20250721_004109_298,19,17,17,-21.8,19.396823307968617,-83.74089050292969,-83.74089050292969,0.0967357158660888,0.1584303379058838,17,17.0,YOLO,1,32,0.0,19.396823307968617,0.0,"[0, 0, 0, 0, 0, 0, 0, 0, 0, 0]"
20250721_004106_858,19,17,17,-21.8,18.399343694581773,-84.64006042480469,-84.64006042480469,0.0963902473449707,0.1017670631408691,17,17.0,YOLO,1,32,0.0,18.399343694581773,0.0,"[0, 0, 0, 0, 0, 0, 0, 0, 0, 0]"
20250721_004109_746,19,17,17,-21.8,19.16315095186025,-83.95794830322265,-83.95794830322265,0.0992236137390136,0.1581990718841552,17,17.0,YOLO,1,32,0.0,19.16315095186025,0.0,"[0, 0, 0, 0, 0, 0, 0, 0, 0, 0]"
20250721_004113_829,20,16,16,-23.2,19.759874899759765,-83.51547241210938,-83.51547241210938,0.0942921638488769,0.1582002639770507,16,16.0,YOLO,1,32,0.0,19.759874899759765,0.0,"[0, 0, 0, 0, 0, 0, 0, 0, 0, 0]"
20250721_004112_917,20,16,16,-23.2,19.88892538463284,-83.35169067382813,-83.35169067382813,0.1049883365631103,0.1581463813781738,16,16.0,YOLO,1,32,0.0,19.88892538463284,0.0,"[0, 0, 0, 0, 0, 0, 0, 0, 0, 0]"
20250721_004112_467,20,16,16,-23.2,19.66800458978082,-83.40924072265625,-83.40924072265625,0.0948054790496826,0.1582512855529785,16,16.0,YOLO,1,32,0.0,19.66800458978082,0.0,"[0, 0, 0, 0, 0, 0, 0, 0, 0, 0]"
20250721_004113_635,20,16,16,-23.2,19.565435672485407,-83.64070587158203,-83.64070587158203,0.0906829833984375,0.1017606258392334,16,16.0,YOLO,1,32,0.0,19.565435672485407,0.0,"[0, 0, 0, 0, 0, 0, 0, 0, 0, 0]"
20250721_004113_378,20,16,16,-23.2,19.486002864138257,-83.61161270141602,-83.61161270141602,0.0967626571655273,0.1582517623901367,16,16.0,YOLO,1,32,0.0,19.486002864138257,0.0,"[0, 0, 0, 0, 0, 0, 0, 0, 0, 0]"
20250721_004112_265,20,16,16,-23.2,19.89165497001412,-83.45639038085938,-83.45639038085938,0.0982913970947265,0.1018407344818115,16,16.0,YOLO,1,32,0.0,19.89165497001412,0.0,"[0, 0, 0, 0, 0, 0, 0, 0, 0, 0]"
20250721_004110_901,20,16,16,-23.2,19.60936067159209,-83.54532623291016,-83.54532623291016,0.0962991714477539,0.1017634868621826,16,16.0,YOLO,1,32,0.0,19.60936067159209,0.0,"[0, 0, 0, 0, 0, 0, 0, 0, 0, 0]"
20250721_004112_721,20,16,16,-23.2,19.70553521230288,-83.5518928527832,-83.5518928527832,0.0923511981964111,0.1017727851867675,16,16.0,YOLO,1,32,0.0,19.70553521230288,0.0,"[0, 0, 0, 0, 0, 0, 0, 0, 0, 0]"
20250721_004110_450,20,16,16,-23.2,19.551240361064814,-83.62859725952148,-83.62859725952148,0.0883362293243408,0.1018118858337402,16,16.0,YOLO,1,32,0.0,19.551240361064814,0.0,"[0, 0, 0, 0, 0, 0, 0, 0, 0, 0]"
20250721_004112_007,20,16,16,-23.2,19.758857627572908,-83.4926528930664,-83.4926528930664,0.098649263381958,0.1581640243530273,16,16.0,YOLO,1,32,0.0,19.758857627572908,0.0,"[0, 0, 0, 0, 0, 0, 0, 0, 0, 0]"
20250721_004111_359,20,16,16,-23.2,19.819182260529203,-83.26766777038574,-83.26766777038574,0.0941317081451416,0.1018245220184326,16,16.0,YOLO,1,32,0.0,19.819182260529203,0.0,"[0, 0, 0, 0, 0, 0, 0, 0, 0, 0]"
20250721_004111_556,20,16,16,-23.2,19.70860167042989,-83.40032196044922,-83.40032196044922,0.0989522933959961,0.1582412719726562,16,16.0,YOLO,1,32,0.0,19.70860167042989,0.0,"[0, 0, 0, 0, 0, 0, 0, 0, 0, 0]"
20250721_004110_004,20,17,17,-21.8,19.18152773817341,-83.91622619628906,-83.91622619628906,0.0917496681213378,0.1018753051757812,17,17.0,YOLO,1,32,0.0,19.18152773817341,0.0,"[0, 0, 0, 0, 0, 0, 0, 0, 0, 0]"
20250721_004111_100,20,16,16,-23.2,19.91987223135948,-83.27729797363281,-83.27729797363281,0.0993587970733642,0.1582272052764892,16,16.0,YOLO,1,32,0.0,19.91987223135948,0.0,"[0, 0, 0, 0, 0, 0, 0, 0, 0, 0]"
20250721_004111_815,20,16,16,-23.2,19.92181008188525,-83.21471405029297,-83.21471405029297,0.0884535312652587,0.1018483638763427,16,16.0,YOLO,1,32,0.0,19.92181008188525,0.0,"[0, 0, 0, 0, 0, 0, 0, 0, 0, 0]"
20250721_004110_641,20,16,16,-23.2,19.716391453568377,-83.45639038085938,-83.45639038085938,0.099722146987915,0.1581556797027588,16,16.0,YOLO,1,32,0.0,19.716391453568377,0.0,"[0, 0, 0, 0, 0, 0, 0, 0, 0, 0]"
20250721_004110_199,20,16,16,-23.2,19.511458804287827,-83.66776390075684,-83.66776390075684,0.090578556060791,0.1582350730895996,16,16.0,YOLO,1,32,0.0,19.511458804287827,0.0,"[0, 0, 0, 0, 0, 0, 0, 0, 0, 0]"
20250721_004115_898,21,15,15,-24.7,19.47477642616297,-83.7130298614502,-83.7130298614502,0.0927774906158447,0.1019442081451416,15,15.0,YOLO,1,32,0.0,19.47477642616297,0.0,"[0, 0, 0, 0, 0, 0, 0, 0, 0, 0]"
20250721_004114_083,21,16,16,-23.2,19.27288764325006,-83.83062477111817,-83.83062477111817,0.0918121337890625,0.1017289161682128,16,16.0,YOLO,1,32,0.0,19.27288764325006,0.0,"[0, 0, 0, 0, 0, 0, 0, 0, 0, 0]"
20250721_004117_000,21,15,15,-24.7,19.55755005266255,-83.62859725952148,-83.62859725952148,0.0954415798187255,0.1581342220306396,15,15.0,YOLO,1,32,0.0,19.55755005266255,0.0,"[0, 0, 0, 0, 0, 0, 0, 0, 0, 0]"
20250721_004117_255,21,15,15,-24.7,19.556956956131486,-83.44253349304199,-83.44253349304199,0.0885648727416992,0.1017825603485107,15,15.0,YOLO,1,32,0.0,19.556956956131486,0.0,"[0, 0, 0, 0, 0, 0, 0, 0, 0, 0]"
20250721_004115_448,21,15,15,-24.7,19.194152174118813,-83.8206687927246,-83.8206687927246,0.0900874137878418,0.1017937660217285,15,15.0,YOLO,1,32,0.0,19.194152174118813,0.0,"[0, 0, 0, 0, 0, 0, 0, 0, 0, 0]"
20250721_004114_535,21,15,15,-24.7,19.462729050798742,-83.68544998168946,-83.68544998168946,0.0924592018127441,0.101870059967041,15,15.0,YOLO,1,32,0.0,19.462729050798742,0.0,"[0, 0, 0, 0, 0, 0, 0, 0, 0, 0]"
20250721_004116_353,21,15,15,-24.7,19.36666952654845,-83.82115936279297,-83.82115936279297,0.0932295322418212,0.1018357276916503,15,15.0,YOLO,1,32,0.0,19.36666952654845,0.0,"[0, 0, 0, 0, 0, 0, 0, 0, 0, 0]"
20250721_004116_095,21,15,15,-24.7,19.10879660759593,-83.99394989013672,-83.99394989013672,0.0983994007110595,0.1581850051879882,15,15.0,YOLO,1,32,0.0,19.10879660759593,0.0,"[0, 0, 0, 0, 0, 0, 0, 0, 0, 0]"
20250721_004117_447,21,15,15,-24.7,19.49993294414726,-83.46316528320312,-83.46316528320312,0.0931050777435302,0.1581859588623047,15,15.0,YOLO,1,32,0.0,19.49993294414726,0.0,"[0, 0, 0, 0, 0, 0, 0, 0, 0, 0]"
20250721_004116_805,21,15,15,-24.7,19.530736045061985,-83.68355712890626,-83.68355712890626,0.0922126770019531,0.1019303798675537,15,15.0,YOLO,1,32,0.0,19.530736045061985,0.0,"[0, 0, 0, 0, 0, 0, 0, 0, 0, 0]"
20250721_004115_187,21,15,15,-24.7,19.32367410104105,-83.771000289917,-83.771000289917,0.1016261577606201,0.1581954956054687,15,15.0,YOLO,1,32,0.0,19.32367410104105,0.0,"[0, 0, 0, 0, 0, 0, 0, 0, 0, 0]"
20250721_004114_278,21,15,15,-24.7,19.44794878673628,-83.79180145263672,-83.79180145263672,0.0976729393005371,0.1582562923431396,15,15.0,YOLO,1,32,0.0,19.44794878673628,0.0,"[0, 0, 0, 0, 0, 0, 0, 0, 0, 0]"
20250721_004114_991,21,15,15,-24.7,19.46593026405955,-83.68581352233886,-83.68581352233886,0.0921497344970703,0.1019582748413086,15,15.0,YOLO,1,32,0.0,19.46593026405955,0.0,"[0, 0, 0, 0, 0, 0, 0, 0, 0, 0]"
20250721_004115_641,21,15,15,-24.7,19.46284642222723,-83.5518928527832,-83.5518928527832,0.0976593494415283,0.1582183837890625,15,15.0,YOLO,1,32,0.0,19.46284642222723,0.0,"[0, 0, 0, 0, 0, 0, 0, 0, 0, 0]"
20250721_004114_731,21,15,15,-24.7,19.49826498179192,-83.46282653808593,-83.46282653808593,0.1007461547851562,0.1582338809967041,15,15.0,YOLO,1,32,0.0,19.49826498179192,0.0,"[0, 0, 0, 0, 0, 0, 0, 0, 0, 0]"
20250721_004116_549,21,15,15,-24.7,19.49661256272248,-83.54532623291016,-83.54532623291016,0.0957067012786865,0.1582365036010742,15,15.0,YOLO,1,32,0.0,19.49661256272248,0.0,"[0, 0, 0, 0, 0, 0, 0, 0, 0, 0]"
20250721_004117_700,21,15,15,-24.7,19.512744393122333,-83.59083824157715,-83.59083824157715,0.0931622982025146,0.1018218994140625,15,15.0,YOLO,1,32,0.0,19.512744393122333,0.0,"[0, 0, 0, 0, 0, 0, 0, 0, 0, 0]"
20250721_004118_791,22,14,14,-26.1,19.62193110238056,-83.38919067382812,-83.38919067382812,0.0895349979400634,0.1581869125366211,14,14.0,YOLO,1,32,0.0,19.62193110238056,0.0,"[0, 0, 0, 0, 0, 0, 0, 0, 0, 0]"
20250721_004119_938,22,14,14,-26.1,19.70513893639051,-83.54383354187011,-83.54383354187011,0.0934245586395263,0.1019775867462158,14,14.0,YOLO,1,32,0.0,19.70513893639051,0.0,"[0, 0, 0, 0, 0, 0, 0, 0, 0, 0]"
20250721_004118_151,22,15,15,-24.7,18.09724728811767,-85.01008796691895,-85.01008796691895,0.0932207107543945,0.1017835140228271,15,15.0,YOLO,1,32,0.0,18.09724728811767,0.0,"[0, 0, 0, 0, 0, 0, 0, 0, 0, 0]"
20250721_004119_685,22,14,14,-26.1,19.662230777740845,-83.59083824157715,-83.59083824157715,0.0939092636108398,0.1582729816436767,14,14.0,YOLO,1,32,0.0,19.662230777740845,0.0,"[0, 0, 0, 0, 0, 0, 0, 0, 0, 0]"
20250721_004120_836,22,14,14,-26.1,19.926625357528536,-83.31984901428223,-83.31984901428223,0.0982685089111328,0.1018209457397461,14,14.0,YOLO,1,32,0.0,19.926625357528536,0.0,"[0, 0, 0, 0, 0, 0, 0, 0, 0, 0]"
20250721_004119_237,22,14,14,-26.1,20.06000407854709,-83.08038330078125,-83.08038330078125,0.0926542282104492,0.1582105159759521,14,14.0,YOLO,1,32,0.0,20.06000407854709,0.0,"[0, 0, 0, 0, 0, 0, 0, 0, 0, 0]"
20250721_004118_348,22,14,14,-26.1,19.786010476452645,-83.35355491638184,-83.35355491638184,0.0920057296752929,0.1582279205322265,14,14.0,YOLO,1,32,0.0,19.786010476452645,0.0,"[0, 0, 0, 0, 0, 0, 0, 0, 0, 0]"
20250721_004117_896,22,15,15,-24.7,18.75663947009369,-84.33943939208984,-84.33943939208984,0.0955164432525634,0.1583549976348877,15,15.0,YOLO,1,32,0.0,18.75663947009369,0.0,"[0, 0, 0, 0, 0, 0, 0, 0, 0, 0]"
20250721_004121_483,22,14,14,-26.1,20.06842350943828,-83.08245086669922,-83.08245086669922,0.0925502777099609,0.1581628322601318,14,14.0,YOLO,1,32,0.0,20.06842350943828,0.0,"[0, 0, 0, 0, 0, 0, 0, 0, 0, 0]"
20250721_004120_391,22,14,14,-26.1,19.94132851452776,-83.21012306213379,-83.21012306213379,0.0901813507080078,0.1018378734588623,14,14.0,YOLO,1,32,0.0,19.94132851452776,0.0,"[0, 0, 0, 0, 0, 0, 0, 0, 0, 0]"
20250721_004120_584,22,14,14,-26.1,19.85792959687339,-83.24900703430175,-83.24900703430175,0.0922548770904541,0.1582956314086914,14,14.0,YOLO,1,32,0.0,19.85792959687339,0.0,"[0, 0, 0, 0, 0, 0, 0, 0, 0, 0]"
20250721_004118_599,22,14,14,-26.1,19.922129462525263,-83.18492317199707,-83.18492317199707,0.0885999202728271,0.1017904281616211,14,14.0,YOLO,1,32,0.0,19.922129462525263,0.0,"[0, 0, 0, 0, 0, 0, 0, 0, 0, 0]"
20250721_004119_490,22,14,14,-26.1,20.23440083416937,-83.04872779846191,-83.04872779846191,0.0915651321411132,0.1017887592315673,14,14.0,YOLO,1,32,0.0,20.23440083416937,0.0,"[0, 0, 0, 0, 0, 0, 0, 0, 0, 0]"
20250721_004119_040,22,14,14,-26.1,19.770939313845744,-83.4087947845459,-83.4087947845459,0.0938978195190429,0.1017825603485107,14,14.0,YOLO,1,32,0.0,19.770939313845744,0.0,"[0, 0, 0, 0, 0, 0, 0, 0, 0, 0]"
20250721_004120_135,22,14,14,-26.1,19.760152190007503,-83.50805053710937,-83.50805053710937,0.0960955619812011,0.1583175659179687,14,14.0,YOLO,1,32,0.0,19.760152190007503,0.0,"[0, 0, 0, 0, 0, 0, 0, 0, 0, 0]"
20250721_004121_735,22,14,14,-26.1,20.011463891799664,-83.11697196960449,-83.11697196960449,0.0936794281005859,0.1018099784851074,14,14.0,YOLO,1,32,0.0,20.011463891799664,0.0,"[0, 0, 0, 0, 0, 0, 0, 0, 0, 0]"
20250721_004121_293,22,14,14,-26.1,20.040770515004795,-83.10904273986816,-83.10904273986816,0.0870847702026367,0.1018307209014892,14,14.0,YOLO,1,32,0.0,20.040770515004795,0.0,"[0, 0, 0, 0, 0, 0, 0, 0, 0, 0]"
