Timestamp,Boresight,Jetson Detection,Rx Beam Index,Rx Beam Angle,Initial SNR (dB),YOLO Time (s),Beam Sweep Time (s),Rx Beam Index (YOLO Predicted),Rx Beam Index (Selected),Adjustment Method,Beams Checked in Search,Adjusted Beam Index,Adjusted Beam Angle,SNR (dB),Offset Error
20250721_074302_445,-32,NO_RADIO,51,27.6,20.05073723451256,0.0905466079711914,0.004190444946289,51,,CenterFallback,1,32,0,,
20250721_074302_543,-32,NO_RADIO,51,27.6,20.05073723451256,0.0906603336334228,0.0044412612915039,51,,CenterFallback,1,32,0,,
20250721_074302_641,-32,NO_RADIO,51,27.6,20.05073723451256,0.0910525321960449,0.0040287971496582,51,,CenterFallback,1,32,0,,
20250721_074302_739,-32,NO_RADIO,51,27.6,20.05073723451256,0.0933380126953125,0.0044722557067871,51,,CenterFallback,1,32,0,,
20250721_074302_840,-32,NO_RADIO,51,27.6,20.05073723451256,0.0888473987579345,0.003943920135498,51,,CenterFallback,1,32,0,,
20250721_074302_936,-32,NO_RADIO,51,27.6,20.05073723451256,0.0850880146026611,0.0045161247253417,51,,CenterFallback,1,32,0,,
20250721_074303_029,-32,NO_RADIO,51,27.6,20.05073723451256,0.0973374843597412,0.0043463706970214,51,,CenterFallback,1,32,0,,
20250721_074303_134,-32,NO_RADIO,51,27.6,20.05073723451256,0.0852034091949462,0.0043997764587402,51,,CenterFallback,1,32,0,,
20250721_074303_226,-32,NO_RADIO,51,27.6,20.05073723451256,0.0857152938842773,0.0042922496795654,51,,CenterFallback,1,32,0,,
20250721_074303_320,-32,NO_RADIO,51,27.6,20.05073723451256,0.0874514579772949,0.0040383338928222,51,,CenterFallback,1,32,0,,
20250721_074303_414,-32,NO_RADIO,51,27.6,20.05073723451256,0.093158483505249,0.0041770935058593,51,,CenterFallback,1,32,0,,
20250721_074303_514,-32,NO_RADIO,51,27.6,20.05073723451256,0.0881288051605224,0.0044286251068115,51,,CenterFallback,1,32,0,,
20250721_074303_610,-32,NO_RADIO,51,27.6,20.05073723451256,0.0881123542785644,0.0039551258087158,51,,CenterFallback,1,32,0,,
20250721_074303_705,-32,NO_RADIO,51,27.6,20.05073723451256,0.0873520374298095,0.0044128894805908,51,,CenterFallback,1,32,0,,
20250721_074303_800,-32,NO_RADIO,51,27.6,20.05073723451256,0.0801446437835693,0.00433349609375,51,,CenterFallback,1,32,0,,
20250721_074303_887,-32,NO_RADIO,51,27.6,20.05073723451256,0.0892374515533447,0.0041978359222412,51,,CenterFallback,1,32,0,,
20250721_074303_984,-32,NO_RADIO,51,27.6,20.05073723451256,0.0887582302093505,0.0043871402740478,51,,CenterFallback,1,32,0,,
20250721_074304_080,-32,NO_RADIO,51,27.6,20.05073723451256,0.0871179103851318,0.0043785572052001,51,,CenterFallback,1,32,0,,
20250721_074304_175,-32,NO_RADIO,51,27.6,20.05073723451256,0.0948760509490966,0.0046062469482421,51,,CenterFallback,1,32,0,,
20250721_074304_278,-32,NO_RADIO,51,27.6,20.05073723451256,0.0997653007507324,0.0044140815734863,51,,CenterFallback,1,32,0,,
20250721_074304_385,-32,NO_RADIO,51,27.6,20.05073723451256,0.0939087867736816,0.0044608116149902,51,,CenterFallback,1,32,0,,
20250721_074304_486,-31,NO_RADIO,51,27.6,20.53557951269317,0.082043170928955,0.0040516853332519,51,,CenterFallback,1,32,0,,
20250721_074304_575,-31,NO_RADIO,51,27.6,20.53557951269317,0.0881292819976806,0.0044131278991699,51,,CenterFallback,1,32,0,,
20250721_074304_671,-31,NO_RADIO,51,27.6,20.53557951269317,0.1054432392120361,0.0043022632598876,51,,CenterFallback,1,32,0,,
20250721_074304_784,-31,51,51,27.6,20.53557951269317,0.0959453582763671,0.0042567253112792,51,51.0,YOLO,1,32,0,20.53557951269317,0.0
20250721_074304_887,-31,51,51,27.6,20.53557951269317,0.0973632335662841,0.0040857791900634,51,51.0,YOLO,1,32,0,20.53557951269317,0.0
20250721_074304_992,-31,51,51,27.6,20.53557951269317,0.0936040878295898,0.0048503875732421,51,51.0,YOLO,1,32,0,20.53557951269317,0.0
20250721_074305_094,-31,51,51,27.6,20.53557951269317,0.0896923542022705,0.0040216445922851,51,51.0,YOLO,1,32,0,20.53557951269317,0.0
20250721_074305_190,-31,51,51,27.6,20.53557951269317,0.0880801677703857,0.0042910575866699,51,51.0,YOLO,1,32,0,20.53557951269317,0.0
20250721_074305_286,-31,NO_RADIO,51,27.6,20.53557951269317,0.0828464031219482,0.0041749477386474,51,,CenterFallback,1,32,0,,
20250721_074305_376,-31,51,51,27.6,20.53557951269317,0.0971224308013916,0.0042734146118164,51,51.0,YOLO,1,32,0,20.53557951269317,0.0
20250721_074305_481,-31,51,51,27.6,20.53557951269317,0.097930908203125,0.0039374828338623,51,51.0,YOLO,1,32,0,20.53557951269317,0.0
20250721_074305_585,-31,NO_RADIO,51,27.6,20.53557951269317,0.093297004699707,0.0043299198150634,51,,CenterFallback,1,32,0,,
20250721_074305_686,-31,NO_RADIO,51,27.6,20.53557951269317,0.0911178588867187,0.0042753219604492,51,,CenterFallback,1,32,0,,
20250721_074305_784,-31,51,51,27.6,20.53557951269317,0.0964024066925048,0.004310131072998,51,51.0,YOLO,1,32,0,20.53557951269317,0.0
20250721_074305_888,-31,NO_RADIO,51,27.6,20.53557951269317,0.0897328853607177,0.0044152736663818,51,,CenterFallback,1,32,0,,
20250721_074305_985,-31,51,51,27.6,20.53557951269317,0.0917999744415283,0.004244327545166,51,51.0,YOLO,1,32,0,20.53557951269317,0.0
20250721_074306_085,-31,51,51,27.6,20.53557951269317,0.0975637435913086,0.0042884349822998,51,51.0,YOLO,1,32,0,20.53557951269317,0.0
20250721_074306_189,-31,NO_RADIO,51,27.6,20.53557951269317,0.0842287540435791,0.0042014122009277,51,,CenterFallback,1,32,0,,
20250721_074306_281,-31,NO_RADIO,51,27.6,20.53557951269317,0.0877103805541992,0.0043931007385253,51,,CenterFallback,1,32,0,,
20250721_074306_376,-31,NO_RADIO,51,27.6,20.53557951269317,0.0875122547149658,0.0044493675231933,51,,CenterFallback,1,32,0,,
20250721_074306_471,-30,51,51,27.6,19.539869176009503,0.087207555770874,0.0043482780456542,51,51.0,YOLO,1,32,0,19.539869176009503,0.0
20250721_074306_566,-30,NO_RADIO,51,27.6,19.539869176009503,0.0839238166809082,0.0043888092041015,51,,CenterFallback,1,32,0,,
20250721_074306_658,-30,51,51,27.6,19.539869176009503,0.093329906463623,0.0043432712554931,51,51.0,YOLO,1,32,0,19.539869176009503,0.0
20250721_074306_759,-30,51,51,27.6,19.539869176009503,0.1032865047454834,0.0043129920959472,51,51.0,YOLO,1,32,0,19.539869176009503,0.0
20250721_074306_870,-30,50,50,26.1,20.16422311447306,0.0948069095611572,0.0041873455047607,50,50.0,YOLO,1,32,0,20.16422311447306,0.0
20250721_074306_972,-30,51,51,27.6,19.539869176009503,0.0982508659362793,0.0043232440948486,51,51.0,YOLO,1,32,0,19.539869176009503,0.0
20250721_074307_078,-30,51,51,27.6,19.539869176009503,0.0887486934661865,0.0042622089385986,51,51.0,YOLO,1,32,0,19.539869176009503,0.0
20250721_074307_174,-30,51,51,27.6,19.539869176009503,0.0942468643188476,0.0042669773101806,51,51.0,YOLO,1,32,0,19.539869176009503,0.0
20250721_074307_275,-30,51,51,27.6,19.539869176009503,0.0977165699005127,0.0043191909790039,51,51.0,YOLO,1,32,0,19.539869176009503,0.0
20250721_074307_381,-30,50,50,26.1,20.16422311447306,0.0904569625854492,0.0042781829833984,50,50.0,YOLO,1,32,0,20.16422311447306,0.0
20250721_074307_479,-30,51,51,27.6,19.539869176009503,0.0857653617858886,0.0042755603790283,51,51.0,YOLO,1,32,0,19.539869176009503,0.0
20250721_074307_572,-30,51,51,27.6,19.539869176009503,0.0881950855255127,0.0043256282806396,51,51.0,YOLO,1,32,0,19.539869176009503,0.0
20250721_074307_667,-30,50,50,26.1,20.16422311447306,0.0897247791290283,0.0042834281921386,50,50.0,YOLO,1,32,0,20.16422311447306,0.0
20250721_074307_765,-30,50,50,26.1,20.16422311447306,0.0984187126159668,0.0042011737823486,50,50.0,YOLO,1,32,0,20.16422311447306,0.0
20250721_074307_870,-30,51,51,27.6,19.539869176009503,0.0889620780944824,0.0042548179626464,51,51.0,YOLO,1,32,0,19.539869176009503,0.0
20250721_074307_967,-30,50,50,26.1,20.16422311447306,0.1013233661651611,0.0044240951538085,50,50.0,YOLO,1,32,0,20.16422311447306,0.0
20250721_074308_076,-30,50,50,26.1,20.16422311447306,0.0924110412597656,0.0042312145233154,50,50.0,YOLO,1,32,0,20.16422311447306,0.0
20250721_074308_175,-30,50,50,26.1,20.16422311447306,0.0896015167236328,0.0043065547943115,50,50.0,YOLO,1,32,0,20.16422311447306,0.0
20250721_074308_272,-30,50,50,26.1,20.16422311447306,0.0919628143310546,0.0042054653167724,50,50.0,YOLO,1,32,0,20.16422311447306,0.0
20250721_074308_370,-30,51,51,27.6,19.539869176009503,0.0968775749206543,0.0045034885406494,51,51.0,YOLO,1,32,0,19.539869176009503,0.0
20250721_074308_475,-29,50,50,26.1,19.98581286382988,0.0872101783752441,0.0044910907745361,50,50.0,YOLO,1,32,0,19.98581286382988,0.0
20250721_074308_570,-29,50,50,26.1,19.98581286382988,0.0828509330749511,0.0043127536773681,50,50.0,YOLO,1,32,0,19.98581286382988,0.0
20250721_074308_660,-29,50,50,26.1,19.98581286382988,0.0888683795928955,0.004173994064331,50,50.0,YOLO,1,32,0,19.98581286382988,0.0
20250721_074308_756,-29,50,50,26.1,19.98581286382988,0.0937240123748779,0.0042927265167236,50,50.0,YOLO,1,32,0,19.98581286382988,0.0
20250721_074308_858,-29,50,50,26.1,19.98581286382988,0.0845053195953369,0.0040609836578369,50,50.0,YOLO,1,32,0,19.98581286382988,0.0
20250721_074308_949,-29,50,50,26.1,19.98581286382988,0.0877413749694824,0.0041425228118896,50,50.0,YOLO,1,32,0,19.98581286382988,0.0
20250721_074309_044,-29,50,50,26.1,19.98581286382988,0.1011736392974853,0.0042269229888916,50,50.0,YOLO,1,32,0,19.98581286382988,0.0
20250721_074309_153,-29,50,50,26.1,19.98581286382988,0.0904333591461181,0.0043196678161621,50,50.0,YOLO,1,32,0,19.98581286382988,0.0
20250721_074309_251,-29,50,50,26.1,19.98581286382988,0.0894265174865722,0.0041501522064208,50,50.0,YOLO,1,32,0,19.98581286382988,0.0
20250721_074309_347,-29,50,50,26.1,19.98581286382988,0.0915687084197998,0.0040335655212402,50,50.0,YOLO,1,32,0,19.98581286382988,0.0
20250721_074309_446,-29,50,50,26.1,19.98581286382988,0.0961794853210449,0.0039935111999511,50,50.0,YOLO,1,32,0,19.98581286382988,0.0
20250721_074309_549,-29,50,50,26.1,19.98581286382988,0.0975980758666992,0.0042967796325683,50,50.0,YOLO,1,32,0,19.98581286382988,0.0
20250721_074309_654,-29,50,50,26.1,19.98581286382988,0.0857746601104736,0.0040762424468994,50,50.0,YOLO,1,32,0,19.98581286382988,0.0
20250721_074309_747,-29,50,50,26.1,19.98581286382988,0.0910158157348632,0.004281997680664,50,50.0,YOLO,1,32,0,19.98581286382988,0.0
20250721_074309_846,-29,50,50,26.1,19.98581286382988,0.1002869606018066,0.0043122768402099,50,50.0,YOLO,1,32,0,19.98581286382988,0.0
20250721_074309_953,-29,NO_RADIO,50,26.1,19.98581286382988,0.0826265811920166,0.0044255256652832,50,,CenterFallback,1,32,0,,
20250721_074310_043,-29,50,50,26.1,19.98581286382988,0.0885677337646484,0.0041308403015136,50,50.0,YOLO,1,32,0,19.98581286382988,0.0
20250721_074310_139,-29,50,50,26.1,19.98581286382988,0.0856573581695556,0.0038912296295166,50,50.0,YOLO,1,32,0,19.98581286382988,0.0
20250721_074310_231,-29,50,50,26.1,19.98581286382988,0.0960111618041992,0.0038967132568359,50,50.0,YOLO,1,32,0,19.98581286382988,0.0
20250721_074310_334,-29,NO_RADIO,50,26.1,19.98581286382988,0.0802710056304931,0.004016637802124,50,,CenterFallback,1,32,0,,
20250721_074310_422,-29,50,50,26.1,19.98581286382988,0.0823113918304443,0.0040483474731445,50,50.0,YOLO,1,32,0,19.98581286382988,0.0
20250721_074310_511,-28,50,50,26.1,19.579450919391192,0.0902116298675537,0.0039503574371337,50,50.0,YOLO,1,32,0,19.579450919391192,0.0
20250721_074310_608,-28,50,50,26.1,19.579450919391192,0.0990545749664306,0.0041704177856445,50,50.0,YOLO,1,32,0,19.579450919391192,0.0
20250721_074310_715,-28,50,50,26.1,19.579450919391192,0.0877156257629394,0.0039021968841552,50,50.0,YOLO,1,32,0,19.579450919391192,0.0
20250721_074310_809,-28,49,49,24.7,20.29729016007778,0.0853443145751953,0.0041441917419433,49,49.0,YOLO,1,32,0,20.29729016007778,0.0
20250721_074310_902,-28,49,49,24.7,20.29729016007778,0.0901203155517578,0.0042877197265625,49,49.0,YOLO,1,32,0,20.29729016007778,0.0
20250721_074310_999,-28,49,49,24.7,20.29729016007778,0.0966989994049072,0.0043039321899414,49,49.0,YOLO,1,32,0,20.29729016007778,0.0
20250721_074311_103,-28,49,49,24.7,20.29729016007778,0.0909743309020996,0.0042545795440673,49,49.0,YOLO,1,32,0,20.29729016007778,0.0
20250721_074311_200,-28,49,49,24.7,20.29729016007778,0.0852386951446533,0.0042879581451416,49,49.0,YOLO,1,32,0,20.29729016007778,0.0
20250721_074311_293,-28,49,49,24.7,20.29729016007778,0.0974781513214111,0.0039384365081787,49,49.0,YOLO,1,32,0,20.29729016007778,0.0
20250721_074311_397,-28,49,49,24.7,20.29729016007778,0.0880107879638671,0.0041320323944091,49,49.0,YOLO,1,32,0,20.29729016007778,0.0
20250721_074311_491,-28,49,49,24.7,20.29729016007778,0.0947616100311279,0.0039248466491699,49,49.0,YOLO,1,32,0,20.29729016007778,0.0
20250721_074311_593,-28,49,49,24.7,20.29729016007778,0.1024219989776611,0.0042190551757812,49,49.0,YOLO,1,32,0,20.29729016007778,0.0
20250721_074311_702,-28,49,49,24.7,20.29729016007778,0.0882048606872558,0.0043222904205322,49,49.0,YOLO,1,32,0,20.29729016007778,0.0
20250721_074311_798,-28,49,49,24.7,20.29729016007778,0.1016128063201904,0.0042426586151123,49,49.0,YOLO,1,32,0,20.29729016007778,0.0
20250721_074311_907,-28,49,49,24.7,20.29729016007778,0.0952286720275878,0.002063512802124,49,49.0,YOLO,1,32,0,20.29729016007778,0.0
20250721_074312_006,-28,49,49,24.7,20.29729016007778,0.087831974029541,0.0042521953582763,49,49.0,YOLO,1,32,0,20.29729016007778,0.0
20250721_074312_101,-28,49,49,24.7,20.29729016007778,0.0845215320587158,0.0042622089385986,49,49.0,YOLO,1,32,0,20.29729016007778,0.0
20250721_074312_193,-28,49,49,24.7,20.29729016007778,0.0999774932861328,0.0042266845703125,49,49.0,YOLO,1,32,0,20.29729016007778,0.0
20250721_074312_300,-28,50,50,26.1,19.579450919391192,0.0856328010559082,0.00457763671875,50,50.0,YOLO,1,32,0,19.579450919391192,0.0
20250721_074312_393,-28,50,50,26.1,19.579450919391192,0.0854754447937011,0.0041811466217041,50,50.0,YOLO,1,32,0,19.579450919391192,0.0
20250721_074312_486,-27,50,50,26.1,18.84561229096579,0.082587718963623,0.0048952102661132,50,49.0,NeighborSearch,2,32,0,19.926110779462466,-1.0
20250721_074312_576,-27,50,50,26.1,18.84561229096579,0.0902118682861328,0.0111410617828369,50,49.0,NeighborSearch,2,32,0,19.926110779462466,-1.0
20250721_074312_680,-27,49,49,24.7,19.926110779462466,0.0896649360656738,0.004148244857788,49,49.0,YOLO,1,32,0,19.926110779462466,0.0
20250721_074312_777,-27,49,49,24.7,19.926110779462466,0.0921375751495361,0.0041916370391845,49,49.0,YOLO,1,32,0,19.926110779462466,0.0
20250721_074312_876,-27,49,49,24.7,19.926110779462466,0.0945336818695068,0.004347801208496,49,49.0,YOLO,1,32,0,19.926110779462466,0.0
20250721_074312_978,-27,49,49,24.7,19.926110779462466,0.0913617610931396,0.0043673515319824,49,49.0,YOLO,1,32,0,19.926110779462466,0.0
20250721_074313_077,-27,49,49,24.7,19.926110779462466,0.0955471992492675,0.0042567253112792,49,49.0,YOLO,1,32,0,19.926110779462466,0.0
20250721_074313_180,-27,49,49,24.7,19.926110779462466,0.0939829349517822,0.0044150352478027,49,49.0,YOLO,1,32,0,19.926110779462466,0.0
20250721_074313_282,-27,49,49,24.7,19.926110779462466,0.0882692337036132,0.003943920135498,49,49.0,YOLO,1,32,0,19.926110779462466,0.0
20250721_074313_377,-27,49,49,24.7,19.926110779462466,0.0871424674987793,0.0041830539703369,49,49.0,YOLO,1,32,0,19.926110779462466,0.0
20250721_074313_471,-27,49,49,24.7,19.926110779462466,0.0959143638610839,0.0042266845703125,49,49.0,YOLO,1,32,0,19.926110779462466,0.0
20250721_074313_574,-27,49,49,24.7,19.926110779462466,0.0930345058441162,0.0040235519409179,49,49.0,YOLO,1,32,0,19.926110779462466,0.0
20250721_074313_675,-27,49,49,24.7,19.926110779462466,0.0907678604125976,0.0042860507965087,49,49.0,YOLO,1,32,0,19.926110779462466,0.0
20250721_074313_773,-27,49,49,24.7,19.926110779462466,0.0864679813385009,0.0042705535888671,49,49.0,YOLO,1,32,0,19.926110779462466,0.0
20250721_074313_866,-27,49,49,24.7,19.926110779462466,0.0825293064117431,0.0040669441223144,49,49.0,YOLO,1,32,0,19.926110779462466,0.0
20250721_074313_956,-27,49,49,24.7,19.926110779462466,0.090388536453247,0.0042650699615478,49,49.0,YOLO,1,32,0,19.926110779462466,0.0
20250721_074314_054,-27,49,49,24.7,19.926110779462466,0.0885322093963623,0.004127025604248,49,49.0,YOLO,1,32,0,19.926110779462466,0.0
20250721_074314_149,-27,49,49,24.7,19.926110779462466,0.0971767902374267,0.0039472579956054,49,49.0,YOLO,1,32,0,19.926110779462466,0.0
20250721_074314_253,-27,49,49,24.7,19.926110779462466,0.0923864841461181,0.0040285587310791,49,49.0,YOLO,1,32,0,19.926110779462466,0.0
20250721_074314_353,-27,49,49,24.7,19.926110779462466,0.0874247550964355,0.0041525363922119,49,49.0,YOLO,1,32,0,19.926110779462466,0.0
20250721_074314_447,-26,49,49,24.7,18.75428503364457,0.0865530967712402,0.0103592872619628,49,48.0,NeighborSearch,2,32,0,19.95282059303496,-1.0
20250721_074314_547,-26,49,49,24.7,18.75428503364457,0.0840821266174316,0.0115444660186767,49,48.0,NeighborSearch,2,32,0,19.95282059303496,-1.0
20250721_074314_646,-26,48,48,23.2,19.95282059303496,0.0918195247650146,0.0042779445648193,48,48.0,YOLO,1,32,0,19.95282059303496,0.0
20250721_074314_745,-26,48,48,23.2,19.95282059303496,0.1006524562835693,0.0042800903320312,48,48.0,YOLO,1,32,0,19.95282059303496,0.0
20250721_074314_853,-26,48,48,23.2,19.95282059303496,0.0904548168182373,0.0036354064941406,48,48.0,YOLO,1,32,0,19.95282059303496,0.0
20250721_074314_950,-26,48,48,23.2,19.95282059303496,0.0942959785461425,0.0042769908905029,48,48.0,YOLO,1,32,0,19.95282059303496,0.0
20250721_074315_052,-26,48,48,23.2,19.95282059303496,0.0830378532409668,0.0041751861572265,48,48.0,YOLO,1,32,0,19.95282059303496,0.0
20250721_074315_142,-26,48,48,23.2,19.95282059303496,0.0945022106170654,0.0043098926544189,48,48.0,YOLO,1,32,0,19.95282059303496,0.0
20250721_074315_244,-26,48,48,23.2,19.95282059303496,0.0878219604492187,0.0040788650512695,48,48.0,YOLO,1,32,0,19.95282059303496,0.0
20250721_074315_339,-26,48,48,23.2,19.95282059303496,0.0889654159545898,0.00419282913208,48,48.0,YOLO,1,32,0,19.95282059303496,0.0
20250721_074315_435,-26,48,48,23.2,19.95282059303496,0.0926854610443115,0.004202127456665,48,48.0,YOLO,1,32,0,19.95282059303496,0.0
20250721_074315_535,-26,48,48,23.2,19.95282059303496,0.0854299068450927,0.0040218830108642,48,48.0,YOLO,1,32,0,19.95282059303496,0.0
20250721_074315_628,-26,48,48,23.2,19.95282059303496,0.0897490978240966,0.0039365291595458,48,48.0,YOLO,1,32,0,19.95282059303496,0.0
20250721_074315_724,-26,48,48,23.2,19.95282059303496,0.0835888385772705,0.0040366649627685,48,48.0,YOLO,1,32,0,19.95282059303496,0.0
20250721_074315_815,-26,48,48,23.2,19.95282059303496,0.0857932567596435,0.004263162612915,48,48.0,YOLO,1,32,0,19.95282059303496,0.0
20250721_074315_908,-26,48,48,23.2,19.95282059303496,0.0908441543579101,0.0042750835418701,48,48.0,YOLO,1,32,0,19.95282059303496,0.0
20250721_074316_006,-26,48,48,23.2,19.95282059303496,0.0948584079742431,0.0042955875396728,48,48.0,YOLO,1,32,0,19.95282059303496,0.0
20250721_074316_109,-26,48,48,23.2,19.95282059303496,0.0960984230041503,0.0042948722839355,48,48.0,YOLO,1,32,0,19.95282059303496,0.0
20250721_074316_212,-26,48,48,23.2,19.95282059303496,0.0902302265167236,0.0040640830993652,48,48.0,YOLO,1,32,0,19.95282059303496,0.0
20250721_074316_309,-26,48,48,23.2,19.95282059303496,0.09104585647583,0.004037857055664,48,48.0,YOLO,1,32,0,19.95282059303496,0.0
20250721_074316_407,-26,48,48,23.2,19.95282059303496,0.090562105178833,0.0041313171386718,48,48.0,YOLO,1,32,0,19.95282059303496,0.0
20250721_074316_505,-25,48,48,23.2,19.579417836185343,0.0928964614868164,0.0039365291595458,48,48.0,YOLO,1,32,0,19.579417836185343,0.0
20250721_074316_605,-25,48,48,23.2,19.579417836185343,0.1002559661865234,0.0043277740478515,48,48.0,YOLO,1,32,0,19.579417836185343,0.0
20250721_074316_713,-25,47,47,21.8,20.285254533650487,0.1000728607177734,0.0044310092926025,47,47.0,YOLO,1,32,0,20.285254533650487,0.0
20250721_074316_821,-25,47,47,21.8,20.285254533650487,0.0896351337432861,0.0039327144622802,47,47.0,YOLO,1,32,0,20.285254533650487,0.0
20250721_074316_917,-25,47,47,21.8,20.285254533650487,0.090630292892456,0.0043089389801025,47,47.0,YOLO,1,32,0,20.285254533650487,0.0
20250721_074317_015,-25,47,47,21.8,20.285254533650487,0.08785080909729,0.0043275356292724,47,47.0,YOLO,1,32,0,20.285254533650487,0.0
20250721_074317_111,-25,47,47,21.8,20.285254533650487,0.0983734130859375,0.0042626857757568,47,47.0,YOLO,1,32,0,20.285254533650487,0.0
20250721_074317_217,-25,47,47,21.8,20.285254533650487,0.0938982963562011,0.0042986869812011,47,47.0,YOLO,1,32,0,20.285254533650487,0.0
20250721_074317_318,-25,47,47,21.8,20.285254533650487,0.088754653930664,0.0039446353912353,47,47.0,YOLO,1,32,0,20.285254533650487,0.0
20250721_074317_414,-25,47,47,21.8,20.285254533650487,0.083148717880249,0.0039024353027343,47,47.0,YOLO,1,32,0,20.285254533650487,0.0
20250721_074317_504,-25,47,47,21.8,20.285254533650487,0.0833184719085693,0.0041658878326416,47,47.0,YOLO,1,32,0,20.285254533650487,0.0
20250721_074317_594,-25,47,47,21.8,20.285254533650487,0.086949348449707,0.0042362213134765,47,47.0,YOLO,1,32,0,20.285254533650487,0.0
20250721_074317_688,-25,47,47,21.8,20.285254533650487,0.0932931900024414,0.004183292388916,47,47.0,YOLO,1,32,0,20.285254533650487,0.0
20250721_074317_789,-25,47,47,21.8,20.285254533650487,0.090076208114624,0.0042917728424072,47,47.0,YOLO,1,32,0,20.285254533650487,0.0
20250721_074317_886,-25,47,47,21.8,20.285254533650487,0.0807812213897705,0.0041334629058837,47,47.0,YOLO,1,32,0,20.285254533650487,0.0
20250721_074317_974,-25,47,47,21.8,20.285254533650487,0.0904099941253662,0.0041923522949218,47,47.0,YOLO,1,32,0,20.285254533650487,0.0
20250721_074318_072,-25,47,47,21.8,20.285254533650487,0.0910050868988037,0.0040321350097656,47,47.0,YOLO,1,32,0,20.285254533650487,0.0
20250721_074318_170,-25,47,47,21.8,20.285254533650487,0.1028554439544677,0.0038871765136718,47,47.0,YOLO,1,32,0,20.285254533650487,0.0
20250721_074318_279,-25,47,47,21.8,20.285254533650487,0.0880019664764404,0.0041947364807128,47,47.0,YOLO,1,32,0,20.285254533650487,0.0
20250721_074318_375,-25,47,47,21.8,20.285254533650487,0.0854034423828125,0.0021491050720214,47,47.0,YOLO,1,32,0,20.285254533650487,0.0
20250721_074318_463,-24,47,47,21.8,19.37886170750444,0.0871105194091796,0.0039300918579101,47,47.0,YOLO,1,32,0,19.37886170750444,0.0
20250721_074318_558,-24,47,47,21.8,19.37886170750444,0.1018874645233154,0.0042717456817626,47,47.0,YOLO,1,32,0,19.37886170750444,0.0
20250721_074318_667,-24,47,47,21.8,19.37886170750444,0.0841646194458007,0.0042922496795654,47,47.0,YOLO,1,32,0,19.37886170750444,0.0
20250721_074318_759,-24,47,47,21.8,19.37886170750444,0.0874898433685302,0.0042653083801269,47,47.0,YOLO,1,32,0,19.37886170750444,0.0
20250721_074318_854,-24,47,47,21.8,19.37886170750444,0.096698522567749,0.0040836334228515,47,47.0,YOLO,1,32,0,19.37886170750444,0.0
20250721_074318_958,-24,47,47,21.8,19.37886170750444,0.0947840213775634,0.0043942928314208,47,47.0,YOLO,1,32,0,19.37886170750444,0.0
20250721_074319_060,-24,47,47,21.8,19.37886170750444,0.0855729579925537,0.0039234161376953,47,47.0,YOLO,1,32,0,19.37886170750444,0.0
20250721_074319_153,-24,47,47,21.8,19.37886170750444,0.088144302368164,0.0039668083190917,47,47.0,YOLO,1,32,0,19.37886170750444,0.0
20250721_074319_248,-24,47,47,21.8,19.37886170750444,0.0969181060791015,0.0042252540588378,47,47.0,YOLO,1,32,0,19.37886170750444,0.0
20250721_074319_352,-24,47,47,21.8,19.37886170750444,0.0858395099639892,0.0044467449188232,47,47.0,YOLO,1,32,0,19.37886170750444,0.0
20250721_074319_445,-24,47,47,21.8,19.37886170750444,0.0936675071716308,0.0042178630828857,47,47.0,YOLO,1,32,0,19.37886170750444,0.0
20250721_074319_546,-24,47,47,21.8,19.37886170750444,0.0908834934234619,0.0043756961822509,47,47.0,YOLO,1,32,0,19.37886170750444,0.0
20250721_074319_645,-24,47,47,21.8,19.37886170750444,0.0920522212982177,0.0039408206939697,47,47.0,YOLO,1,32,0,19.37886170750444,0.0
20250721_074319_743,-24,47,47,21.8,19.37886170750444,0.0856463909149169,0.0043482780456542,47,47.0,YOLO,1,32,0,19.37886170750444,0.0
20250721_074319_836,-24,47,47,21.8,19.37886170750444,0.0942561626434326,0.0039844512939453,47,47.0,YOLO,1,32,0,19.37886170750444,0.0
20250721_074319_937,-24,47,47,21.8,19.37886170750444,0.0929775238037109,0.0043849945068359,47,47.0,YOLO,1,32,0,19.37886170750444,0.0
20250721_074320_037,-24,47,47,21.8,19.37886170750444,0.0852303504943847,0.0042767524719238,47,47.0,YOLO,1,32,0,19.37886170750444,0.0
20250721_074320_130,-24,47,47,21.8,19.37886170750444,0.087681770324707,0.0042436122894287,47,47.0,YOLO,1,32,0,19.37886170750444,0.0
20250721_074320_225,-24,47,47,21.8,19.37886170750444,0.0889868736267089,0.0044188499450683,47,47.0,YOLO,1,32,0,19.37886170750444,0.0
20250721_074320_322,-24,47,47,21.8,19.37886170750444,0.091233491897583,0.0044338703155517,47,47.0,YOLO,1,32,0,19.37886170750444,0.0
20250721_074320_421,-23,47,47,21.8,19.37886170750444,0.0987603664398193,0.0045702457427978,47,47.0,YOLO,1,32,0,19.37886170750444,0.0
20250721_074320_527,-23,47,47,21.8,19.21457609187693,0.0901813507080078,0.0042455196380615,47,47.0,YOLO,1,32,0,19.21457609187693,0.0
20250721_074320_625,-23,47,47,21.8,19.21457609187693,0.0865180492401123,0.0041055679321289,47,47.0,YOLO,1,32,0,19.21457609187693,0.0
20250721_074320_718,-23,46,46,20.3,20.508420822578245,0.0974557399749755,0.0042624473571777,46,46.0,YOLO,1,32,0,20.508420822578245,0.0
20250721_074320_823,-23,46,46,20.3,20.508420822578245,0.0900843143463134,0.0041782855987548,46,46.0,YOLO,1,32,0,20.508420822578245,0.0
20250721_074320_921,-23,46,46,20.3,20.508420822578245,0.0970900058746337,0.0043284893035888,46,46.0,YOLO,1,32,0,20.508420822578245,0.0
20250721_074321_026,-23,46,46,20.3,20.508420822578245,0.0927367210388183,0.0042762756347656,46,46.0,YOLO,1,32,0,20.508420822578245,0.0
20250721_074321_126,-23,46,46,20.3,20.508420822578245,0.0867140293121337,0.0045268535614013,46,46.0,YOLO,1,32,0,20.508420822578245,0.0
20250721_074321_220,-23,46,46,20.3,20.508420822578245,0.0939652919769287,0.0043056011199951,46,46.0,YOLO,1,32,0,20.508420822578245,0.0
20250721_074321_322,-23,46,46,20.3,20.508420822578245,0.0876152515411377,0.0042381286621093,46,46.0,YOLO,1,32,0,20.508420822578245,0.0
20250721_074321_417,-23,46,46,20.3,20.508420822578245,0.0890581607818603,0.0045700073242187,46,46.0,YOLO,1,32,0,20.508420822578245,0.0
20250721_074321_514,-23,46,46,20.3,20.508420822578245,0.0957338809967041,0.0039682388305664,46,46.0,YOLO,1,32,0,20.508420822578245,0.0
20250721_074321_616,-23,46,46,20.3,20.508420822578245,0.0880050659179687,0.0041422843933105,46,46.0,YOLO,1,32,0,20.508420822578245,0.0
20250721_074321_711,-23,46,46,20.3,20.508420822578245,0.0898573398590087,0.0042662620544433,46,46.0,YOLO,1,32,0,20.508420822578245,0.0
20250721_074321_809,-23,46,46,20.3,20.508420822578245,0.1027295589447021,0.0043189525604248,46,46.0,YOLO,1,32,0,20.508420822578245,0.0
20250721_074321_919,-23,46,46,20.3,20.508420822578245,0.0838971138000488,0.0042850971221923,46,46.0,YOLO,1,32,0,20.508420822578245,0.0
20250721_074322_010,-23,46,46,20.3,20.508420822578245,0.0870273113250732,0.0043623447418212,46,46.0,YOLO,1,32,0,20.508420822578245,0.0
20250721_074322_105,-23,46,46,20.3,20.508420822578245,0.0901837348937988,0.0042970180511474,46,46.0,YOLO,1,32,0,20.508420822578245,0.0
20250721_074322_202,-23,46,46,20.3,20.508420822578245,0.0962257385253906,0.0041608810424804,46,46.0,YOLO,1,32,0,20.508420822578245,0.0
20250721_074322_306,-23,46,46,20.3,20.508420822578245,0.0859456062316894,0.004310131072998,46,46.0,YOLO,1,32,0,20.508420822578245,0.0
20250721_074322_399,-23,46,46,20.3,20.508420822578245,0.0946047306060791,0.0044467449188232,46,46.0,YOLO,1,32,0,20.508420822578245,0.0
20250721_074322_502,-22,46,46,20.3,20.10090523937108,0.0952785015106201,0.0042731761932373,46,46.0,YOLO,1,32,0,20.10090523937108,0.0
20250721_074322_604,-22,46,46,20.3,20.10090523937108,0.0870225429534912,0.0042150020599365,46,46.0,YOLO,1,32,0,20.10090523937108,0.0
20250721_074322_699,-22,45,45,18.9,20.354599947883244,0.0878653526306152,0.0043108463287353,45,45.0,YOLO,1,32,0,20.354599947883244,0.0
20250721_074322_794,-22,45,45,18.9,20.354599947883244,0.0846955776214599,0.0041573047637939,45,45.0,YOLO,1,32,0,20.354599947883244,0.0
20250721_074322_886,-22,45,45,18.9,20.354599947883244,0.0891413688659668,0.0042793750762939,45,45.0,YOLO,1,32,0,20.354599947883244,0.0
20250721_074322_982,-22,45,45,18.9,20.354599947883244,0.1027603149414062,0.0043156147003173,45,45.0,YOLO,1,32,0,20.354599947883244,0.0
20250721_074323_092,-22,45,45,18.9,20.354599947883244,0.0829522609710693,0.0042488574981689,45,45.0,YOLO,1,32,0,20.354599947883244,0.0
20250721_074323_183,-22,45,45,18.9,20.354599947883244,0.08587646484375,0.0043318271636962,45,45.0,YOLO,1,32,0,20.354599947883244,0.0
20250721_074323_276,-22,45,45,18.9,20.354599947883244,0.0881364345550537,0.003925085067749,45,45.0,YOLO,1,32,0,20.354599947883244,0.0
20250721_074323_371,-22,45,45,18.9,20.354599947883244,0.0942177772521972,0.0042672157287597,45,45.0,YOLO,1,32,0,20.354599947883244,0.0
20250721_074323_473,-22,45,45,18.9,20.354599947883244,0.0823507308959961,0.0039699077606201,45,45.0,YOLO,1,32,0,20.354599947883244,0.0
20250721_074323_562,-22,45,45,18.9,20.354599947883244,0.0870521068572998,0.0042691230773925,45,45.0,YOLO,1,32,0,20.354599947883244,0.0
20250721_074323_656,-22,45,45,18.9,20.354599947883244,0.1102964878082275,0.0039951801300048,45,45.0,YOLO,1,32,0,20.354599947883244,0.0
20250721_074323_774,-22,45,45,18.9,20.354599947883244,0.0982232093811035,0.0042953491210937,45,45.0,YOLO,1,32,0,20.354599947883244,0.0
20250721_074323_878,-22,45,45,18.9,20.354599947883244,0.0900781154632568,0.0042393207550048,45,45.0,YOLO,1,32,0,20.354599947883244,0.0
20250721_074323_976,-22,45,45,18.9,20.354599947883244,0.0960876941680908,0.0042624473571777,45,45.0,YOLO,1,32,0,20.354599947883244,0.0
20250721_074324_079,-22,45,45,18.9,20.354599947883244,0.0861532688140869,0.0039234161376953,45,45.0,YOLO,1,32,0,20.354599947883244,0.0
20250721_074324_172,-22,45,45,18.9,20.354599947883244,0.0961353778839111,0.0042970180511474,45,45.0,YOLO,1,32,0,20.354599947883244,0.0
20250721_074324_276,-22,45,45,18.9,20.354599947883244,0.0895941257476806,0.0038521289825439,45,45.0,YOLO,1,32,0,20.354599947883244,0.0
20250721_074324_372,-22,45,45,18.9,20.354599947883244,0.0901358127593994,0.0042133331298828,45,45.0,YOLO,1,32,0,20.354599947883244,0.0
20250721_074324_469,-21,45,45,18.9,20.14010516567308,0.0964307785034179,0.0040690898895263,45,45.0,YOLO,1,32,0,20.14010516567308,0.0
20250721_074324_573,-21,45,45,18.9,20.14010516567308,0.0935351848602294,0.0020601749420166,45,45.0,YOLO,1,32,0,20.14010516567308,0.0
20250721_074324_670,-21,44,44,17.4,20.15529590289728,0.0884759426116943,0.0038986206054687,44,44.0,YOLO,1,32,0,20.15529590289728,0.0
20250721_074324_765,-21,44,44,17.4,20.15529590289728,0.0906822681427002,0.004178762435913,44,44.0,YOLO,1,32,0,20.15529590289728,0.0
20250721_074324_863,-21,44,44,17.4,20.15529590289728,0.0994610786437988,0.0040855407714843,44,44.0,YOLO,1,32,0,20.15529590289728,0.0
20250721_074324_970,-21,44,44,17.4,20.15529590289728,0.0882015228271484,0.0042273998260498,44,44.0,YOLO,1,32,0,20.15529590289728,0.0
20250721_074325_066,-21,44,44,17.4,20.15529590289728,0.0866682529449462,0.0041148662567138,44,44.0,YOLO,1,32,0,20.15529590289728,0.0
20250721_074325_159,-21,44,44,17.4,20.15529590289728,0.0936055183410644,0.0042593479156494,44,44.0,YOLO,1,32,0,20.15529590289728,0.0
20250721_074325_260,-21,44,44,17.4,20.15529590289728,0.0867693424224853,0.0020313262939453,44,44.0,YOLO,1,32,0,20.15529590289728,0.0
20250721_074325_350,-21,44,44,17.4,20.15529590289728,0.0944070816040039,0.0039343833923339,44,44.0,YOLO,1,32,0,20.15529590289728,0.0
20250721_074325_452,-21,44,44,17.4,20.15529590289728,0.0970520973205566,0.0039339065551757,44,44.0,YOLO,1,32,0,20.15529590289728,0.0
20250721_074325_556,-21,44,44,17.4,20.15529590289728,0.0933256149291992,0.0040297508239746,44,44.0,YOLO,1,32,0,20.15529590289728,0.0
20250721_074325_656,-21,44,44,17.4,20.15529590289728,0.0969948768615722,0.0042710304260253,44,44.0,YOLO,1,32,0,20.15529590289728,0.0
20250721_074325_761,-21,44,44,17.4,20.15529590289728,0.0918686389923095,0.0043013095855712,44,44.0,YOLO,1,32,0,20.15529590289728,0.0
20250721_074325_860,-21,44,44,17.4,20.15529590289728,0.0882143974304199,0.0041511058807373,44,44.0,YOLO,1,32,0,20.15529590289728,0.0
20250721_074325_954,-21,44,44,17.4,20.15529590289728,0.094247817993164,0.0042378902435302,44,44.0,YOLO,1,32,0,20.15529590289728,0.0
20250721_074326_056,-21,44,44,17.4,20.15529590289728,0.0979840755462646,0.0020315647125244,44,44.0,YOLO,1,32,0,20.15529590289728,0.0
20250721_074326_157,-21,44,44,17.4,20.15529590289728,0.0894386768341064,0.0019841194152832,44,44.0,YOLO,1,32,0,20.15529590289728,0.0
20250721_074326_250,-21,44,44,17.4,20.15529590289728,0.0866954326629638,0.0019726753234863,44,44.0,YOLO,1,32,0,20.15529590289728,0.0
20250721_074326_340,-21,44,44,17.4,20.15529590289728,0.0922253131866455,0.0019710063934326,44,44.0,YOLO,1,32,0,20.15529590289728,0.0
20250721_074326_436,-20,44,44,17.4,19.929988490551903,0.0895297527313232,0.0020289421081542,44,44.0,YOLO,1,32,0,19.929988490551903,0.0
20250721_074326_529,-20,44,44,17.4,19.929988490551903,0.0933797359466552,0.0019562244415283,44,44.0,YOLO,1,32,0,19.929988490551903,0.0
20250721_074326_625,-20,44,44,17.4,19.929988490551903,0.0907437801361084,0.0019965171813964,44,44.0,YOLO,1,32,0,19.929988490551903,0.0
20250721_074326_719,-20,44,44,17.4,19.929988490551903,0.0829913616180419,0.0020861625671386,44,44.0,YOLO,1,32,0,19.929988490551903,0.0
20250721_074326_806,-20,44,44,17.4,19.929988490551903,0.0891773700714111,0.0019917488098144,44,44.0,YOLO,1,32,0,19.929988490551903,0.0
20250721_074326_898,-20,44,44,17.4,19.929988490551903,0.0846309661865234,0.0020442008972167,44,44.0,YOLO,1,32,0,19.929988490551903,0.0
20250721_074326_986,-20,44,44,17.4,19.929988490551903,0.0877985954284668,0.0019242763519287,44,44.0,YOLO,1,32,0,19.929988490551903,0.0
20250721_074327_077,-20,44,44,17.4,19.929988490551903,0.0987393856048584,0.0019824504852294,44,44.0,YOLO,1,32,0,19.929988490551903,0.0
20250721_074327_179,-20,44,44,17.4,19.929988490551903,0.088951826095581,0.0019879341125488,44,44.0,YOLO,1,32,0,19.929988490551903,0.0
20250721_074327_271,-20,44,44,17.4,19.929988490551903,0.0855777263641357,0.0020239353179931,44,44.0,YOLO,1,32,0,19.929988490551903,0.0
20250721_074327_360,-20,44,44,17.4,19.929988490551903,0.0907332897186279,0.0021569728851318,44,44.0,YOLO,1,32,0,19.929988490551903,0.0
20250721_074327_454,-20,44,44,17.4,19.929988490551903,0.0874218940734863,0.0019693374633789,44,44.0,YOLO,1,32,0,19.929988490551903,0.0
20250721_074327_545,-20,44,44,17.4,19.929988490551903,0.0909080505371093,0.0039095878601074,44,44.0,YOLO,1,32,0,19.929988490551903,0.0
20250721_074327_643,-20,44,44,17.4,19.929988490551903,0.0866138935089111,0.0041472911834716,44,44.0,YOLO,1,32,0,19.929988490551903,0.0
20250721_074327_737,-20,44,44,17.4,19.929988490551903,0.0847134590148925,0.0042366981506347,44,44.0,YOLO,1,32,0,19.929988490551903,0.0
20250721_074327_829,-20,44,44,17.4,19.929988490551903,0.1004245281219482,0.0041432380676269,44,44.0,YOLO,1,32,0,19.929988490551903,0.0
20250721_074327_936,-20,44,44,17.4,19.929988490551903,0.0826649665832519,0.004249095916748,44,44.0,YOLO,1,32,0,19.929988490551903,0.0
20250721_074328_026,-20,44,44,17.4,19.929988490551903,0.0908668041229248,0.0043423175811767,44,44.0,YOLO,1,32,0,19.929988490551903,0.0
20250721_074328_124,-20,44,44,17.4,19.929988490551903,0.0990381240844726,0.0042340755462646,44,44.0,YOLO,1,32,0,19.929988490551903,0.0
20250721_074328_231,-20,44,44,17.4,19.929988490551903,0.0870249271392822,0.0042445659637451,44,44.0,YOLO,1,32,0,19.929988490551903,0.0
20250721_074328_325,-20,44,44,17.4,19.929988490551903,0.0891828536987304,0.0038826465606689,44,44.0,YOLO,1,32,0,19.929988490551903,0.0
20250721_074328_421,-20,44,44,17.4,19.929988490551903,0.0850207805633544,0.0020618438720703,44,44.0,YOLO,1,32,0,19.929988490551903,0.0
20250721_074328_509,-19,44,44,17.4,19.725712090300703,0.0911989212036132,0.0021307468414306,44,44.0,YOLO,1,32,0,19.725712090300703,0.0
20250721_074328_604,-19,44,44,17.4,19.725712090300703,0.0888881683349609,0.0021338462829589,44,44.0,YOLO,1,32,0,19.725712090300703,0.0
20250721_074328_696,-19,43,43,16.0,20.44929433344545,0.0954511165618896,0.0021064281463623,43,43.0,YOLO,1,32,0,20.44929433344545,0.0
20250721_074328_795,-19,43,43,16.0,20.44929433344545,0.0865201950073242,0.0020933151245117,43,43.0,YOLO,1,32,0,20.44929433344545,0.0
20250721_074328_885,-19,43,43,16.0,20.44929433344545,0.0836048126220703,0.002061128616333,43,43.0,YOLO,1,32,0,20.44929433344545,0.0
20250721_074328_972,-19,43,43,16.0,20.44929433344545,0.0906105041503906,0.0019786357879638,43,43.0,YOLO,1,32,0,20.44929433344545,0.0
20250721_074329_066,-19,43,43,16.0,20.44929433344545,0.0937018394470214,0.0039076805114746,43,43.0,YOLO,1,32,0,20.44929433344545,0.0
20250721_074329_166,-19,43,43,16.0,20.44929433344545,0.0868186950683593,0.0039219856262207,43,43.0,YOLO,1,32,0,20.44929433344545,0.0
20250721_074329_260,-19,43,43,16.0,20.44929433344545,0.0933198928833007,0.0041289329528808,43,43.0,YOLO,1,32,0,20.44929433344545,0.0
20250721_074329_361,-19,43,43,16.0,20.44929433344545,0.0884385108947753,0.0038621425628662,43,43.0,YOLO,1,32,0,20.44929433344545,0.0
20250721_074329_456,-19,43,43,16.0,20.44929433344545,0.0977048873901367,0.0042273998260498,43,43.0,YOLO,1,32,0,20.44929433344545,0.0
20250721_074329_561,-19,43,43,16.0,20.44929433344545,0.0875978469848632,0.0043163299560546,43,43.0,YOLO,1,32,0,20.44929433344545,0.0
20250721_074329_656,-19,43,43,16.0,20.44929433344545,0.0926458835601806,0.003868818283081,43,43.0,YOLO,1,32,0,20.44929433344545,0.0
20250721_074329_755,-19,43,43,16.0,20.44929433344545,0.0926558971405029,0.0041871070861816,43,43.0,YOLO,1,32,0,20.44929433344545,0.0
20250721_074329_855,-19,43,43,16.0,20.44929433344545,0.0961055755615234,0.0042805671691894,43,43.0,YOLO,1,32,0,20.44929433344545,0.0
20250721_074329_959,-19,43,43,16.0,20.44929433344545,0.2275328636169433,0.003737449645996,43,43.0,YOLO,1,32,0,20.44929433344545,0.0
20250721_074330_192,-19,43,43,16.0,20.44929433344545,0.0877268314361572,0.0040318965911865,43,43.0,YOLO,1,32,0,20.44929433344545,0.0
20250721_074330_287,-19,43,43,16.0,20.44929433344545,0.1105527877807617,0.0044152736663818,43,43.0,YOLO,1,32,0,20.44929433344545,0.0
20250721_074330_405,-19,43,43,16.0,20.44929433344545,0.0922188758850097,0.0042924880981445,43,43.0,YOLO,1,32,0,20.44929433344545,0.0
20250721_074330_505,-18,43,43,16.0,20.02549559143135,0.1092464923858642,0.0043957233428955,43,43.0,YOLO,1,32,0,20.02549559143135,0.0
20250721_074330_621,-18,NO_RADIO,43,16.0,20.02549559143135,0.1137526035308837,0.0044789314270019,43,,CenterFallback,1,32,0,,
20250721_074330_743,-18,42,42,14.5,20.354345977057847,0.0909147262573242,0.0048134326934814,42,42.0,YOLO,1,32,0,20.354345977057847,0.0
20250721_074330_842,-18,42,42,14.5,20.354345977057847,0.0887012481689453,0.0043723583221435,42,42.0,YOLO,1,32,0,20.354345977057847,0.0
20250721_074330_938,-18,42,42,14.5,20.354345977057847,0.0899462699890136,0.0045306682586669,42,42.0,YOLO,1,32,0,20.354345977057847,0.0
20250721_074331_036,-18,42,42,14.5,20.354345977057847,0.0853538513183593,0.0043942928314208,42,42.0,YOLO,1,32,0,20.354345977057847,0.0
20250721_074331_129,-18,42,42,14.5,20.354345977057847,0.0875065326690673,0.0044331550598144,42,42.0,YOLO,1,32,0,20.354345977057847,0.0
20250721_074331_224,-18,42,42,14.5,20.354345977057847,0.0945465564727783,0.0044000148773193,42,42.0,YOLO,1,32,0,20.354345977057847,0.0
20250721_074331_326,-18,42,42,14.5,20.354345977057847,0.1029622554779052,0.0042598247528076,42,42.0,YOLO,1,32,0,20.354345977057847,0.0
20250721_074331_437,-18,42,42,14.5,20.354345977057847,0.0898017883300781,0.0038909912109375,42,42.0,YOLO,1,32,0,20.354345977057847,0.0
20250721_074331_533,-18,42,42,14.5,20.354345977057847,0.092519998550415,0.0042948722839355,42,42.0,YOLO,1,32,0,20.354345977057847,0.0
20250721_074331_633,-18,42,42,14.5,20.354345977057847,0.0945408344268798,0.0042598247528076,42,42.0,YOLO,1,32,0,20.354345977057847,0.0
20250721_074331_735,-18,43,43,16.0,20.02549559143135,0.0892236232757568,0.004237413406372,43,43.0,YOLO,1,32,0,20.02549559143135,0.0
20250721_074331_832,-18,43,43,16.0,20.02549559143135,0.0874161720275878,0.0043714046478271,43,43.0,YOLO,1,32,0,20.02549559143135,0.0
20250721_074331_927,-18,43,43,16.0,20.02549559143135,0.090541124343872,0.0043513774871826,43,43.0,YOLO,1,32,0,20.02549559143135,0.0
20250721_074332_025,-18,43,43,16.0,20.02549559143135,0.0921101570129394,0.0044324398040771,43,43.0,YOLO,1,32,0,20.02549559143135,0.0
20250721_074332_125,-18,43,43,16.0,20.02549559143135,0.0923628807067871,0.0044155120849609,43,43.0,YOLO,1,32,0,20.02549559143135,0.0
20250721_074332_226,-18,42,42,14.5,20.354345977057847,0.1009485721588134,0.0044610500335693,42,42.0,YOLO,1,32,0,20.354345977057847,0.0
20250721_074332_335,-18,42,42,14.5,20.354345977057847,0.0907540321350097,0.0038428306579589,42,42.0,YOLO,1,32,0,20.354345977057847,0.0
20250721_074332_432,-17,42,42,14.5,19.98588872229529,0.0965106487274169,0.0039799213409423,42,42.0,YOLO,1,32,0,19.98588872229529,0.0
20250721_074332_535,-17,42,42,14.5,19.98588872229529,0.0989770889282226,0.0042505264282226,42,42.0,YOLO,1,32,0,19.98588872229529,0.0
20250721_074332_642,-17,42,42,14.5,19.98588872229529,0.0912644863128662,0.0042877197265625,42,42.0,YOLO,1,32,0,19.98588872229529,0.0
20250721_074332_740,-17,42,42,14.5,19.98588872229529,0.0926110744476318,0.0042686462402343,42,42.0,YOLO,1,32,0,19.98588872229529,0.0
20250721_074332_840,-17,42,42,14.5,19.98588872229529,0.0969469547271728,0.0036220550537109,42,42.0,YOLO,1,32,0,19.98588872229529,0.0
20250721_074332_944,-17,42,42,14.5,19.98588872229529,0.092529296875,0.0042736530303955,42,42.0,YOLO,1,32,0,19.98588872229529,0.0
20250721_074333_044,-17,42,42,14.5,19.98588872229529,0.0885522365570068,0.0042316913604736,42,42.0,YOLO,1,32,0,19.98588872229529,0.0
20250721_074333_139,-17,42,42,14.5,19.98588872229529,0.102658987045288,0.0042412281036376,42,42.0,YOLO,1,32,0,19.98588872229529,0.0
20250721_074333_250,-17,42,42,14.5,19.98588872229529,0.1002044677734375,0.0045018196105957,42,42.0,YOLO,1,32,0,19.98588872229529,0.0
20250721_074333_357,-17,42,42,14.5,19.98588872229529,0.0923178195953369,0.0041794776916503,42,42.0,YOLO,1,32,0,19.98588872229529,0.0
20250721_074333_457,-17,42,42,14.5,19.98588872229529,0.0892896652221679,0.0039067268371582,42,42.0,YOLO,1,32,0,19.98588872229529,0.0
20250721_074333_553,-17,42,42,14.5,19.98588872229529,0.0826854705810546,0.0043132305145263,42,42.0,YOLO,1,32,0,19.98588872229529,0.0
20250721_074333_643,-17,42,42,14.5,19.98588872229529,0.0894310474395752,0.004335880279541,42,42.0,YOLO,1,32,0,19.98588872229529,0.0
20250721_074333_740,-17,42,42,14.5,19.98588872229529,0.1037714481353759,0.0042693614959716,42,42.0,YOLO,1,32,0,19.98588872229529,0.0
20250721_074333_851,-17,42,42,14.5,19.98588872229529,0.081153392791748,0.0038809776306152,42,42.0,YOLO,1,32,0,19.98588872229529,0.0
20250721_074333_940,-17,42,42,14.5,19.98588872229529,0.0869596004486084,0.0042753219604492,42,42.0,YOLO,1,32,0,19.98588872229529,0.0
20250721_074334_034,-17,42,42,14.5,19.98588872229529,0.0984029769897461,0.0042581558227539,42,42.0,YOLO,1,32,0,19.98588872229529,0.0
20250721_074334_140,-17,42,42,14.5,19.98588872229529,0.0940062999725341,0.0039596557617187,42,42.0,YOLO,1,32,0,19.98588872229529,0.0
20250721_074334_241,-17,42,42,14.5,19.98588872229529,0.0853300094604492,0.0039029121398925,42,42.0,YOLO,1,32,0,19.98588872229529,0.0
20250721_074334_333,-17,42,42,14.5,19.98588872229529,0.0905127525329589,0.0039782524108886,42,42.0,YOLO,1,32,0,19.98588872229529,0.0
20250721_074334_431,-16,42,42,14.5,19.42798830172086,0.0884308815002441,0.004105806350708,42,42.0,YOLO,1,32,0,19.42798830172086,0.0
20250721_074334_526,-16,42,42,14.5,19.42798830172086,0.0990681648254394,0.0042455196380615,42,42.0,YOLO,1,32,0,19.42798830172086,0.0
20250721_074334_632,-16,41,41,13.1,20.432803748092795,0.1166105270385742,0.0043439865112304,41,41.0,YOLO,1,32,0,20.432803748092795,0.0
20250721_074334_757,-16,41,41,13.1,20.432803748092795,0.0888268947601318,0.0045497417449951,41,41.0,YOLO,1,32,0,20.432803748092795,0.0
20250721_074334_853,-16,41,41,13.1,20.432803748092795,0.0942282676696777,0.0037844181060791,41,41.0,YOLO,1,32,0,20.432803748092795,0.0
20250721_074334_954,-16,41,41,13.1,20.432803748092795,0.0914657115936279,0.0044074058532714,41,41.0,YOLO,1,32,0,20.432803748092795,0.0
20250721_074335_053,-16,41,41,13.1,20.432803748092795,0.0847113132476806,0.0043611526489257,41,41.0,YOLO,1,32,0,20.432803748092795,0.0
20250721_074335_145,-16,41,41,13.1,20.432803748092795,0.0891661643981933,0.0042665004730224,41,41.0,YOLO,1,32,0,20.432803748092795,0.0
20250721_074335_242,-16,41,41,13.1,20.432803748092795,0.0932719707489013,0.004321813583374,41,41.0,YOLO,1,32,0,20.432803748092795,0.0
20250721_074335_342,-16,41,41,13.1,20.432803748092795,0.0894815921783447,0.0040781497955322,41,41.0,YOLO,1,32,0,20.432803748092795,0.0
20250721_074335_439,-16,41,41,13.1,20.432803748092795,0.0901696681976318,0.003908634185791,41,41.0,YOLO,1,32,0,20.432803748092795,0.0
20250721_074335_536,-16,41,41,13.1,20.432803748092795,0.0932271480560302,0.0043954849243164,41,41.0,YOLO,1,32,0,20.432803748092795,0.0
20250721_074335_637,-16,41,41,13.1,20.432803748092795,0.0901033878326416,0.0042459964752197,41,41.0,YOLO,1,32,0,20.432803748092795,0.0
20250721_074335_734,-16,41,41,13.1,20.432803748092795,0.1052374839782714,0.0042610168457031,41,41.0,YOLO,1,32,0,20.432803748092795,0.0
20250721_074335_847,-16,41,41,13.1,20.432803748092795,0.0888984203338623,0.0041146278381347,41,41.0,YOLO,1,32,0,20.432803748092795,0.0
20250721_074335_943,-16,41,41,13.1,20.432803748092795,0.0944552421569824,0.00429368019104,41,41.0,YOLO,1,32,0,20.432803748092795,0.0
20250721_074336_045,-16,41,41,13.1,20.432803748092795,0.0894584655761718,0.0043659210205078,41,41.0,YOLO,1,32,0,20.432803748092795,0.0
20250721_074336_142,-16,41,41,13.1,20.432803748092795,0.0927808284759521,0.0040819644927978,41,41.0,YOLO,1,32,0,20.432803748092795,0.0
20250721_074336_241,-16,41,41,13.1,20.432803748092795,0.0906646251678466,0.0043232440948486,41,41.0,YOLO,1,32,0,20.432803748092795,0.0
20250721_074336_340,-16,41,41,13.1,20.432803748092795,0.0912394523620605,0.0043091773986816,41,41.0,YOLO,1,32,0,20.432803748092795,0.0
20250721_074336_438,-15,41,41,13.1,20.66102041937131,0.0908985137939453,0.0042862892150878,41,41.0,YOLO,1,32,0,20.66102041937131,0.0
20250721_074336_536,-15,41,41,13.1,20.66102041937131,0.0992465019226074,0.0042822360992431,41,41.0,YOLO,1,32,0,20.66102041937131,0.0
20250721_074336_643,-15,40,40,11.6,20.950883423627506,0.0929296016693115,0.0043082237243652,40,40.0,YOLO,1,32,0,20.950883423627506,0.0
20250721_074336_744,-15,40,40,11.6,20.950883423627506,0.1023144721984863,0.0042641162872314,40,40.0,YOLO,1,32,0,20.950883423627506,0.0
20250721_074336_853,-15,40,40,11.6,20.950883423627506,0.0938417911529541,0.0039818286895751,40,40.0,YOLO,1,32,0,20.950883423627506,0.0
20250721_074336_954,-15,40,40,11.6,20.950883423627506,0.0967047214508056,0.0042319297790527,40,40.0,YOLO,1,32,0,20.950883423627506,0.0
20250721_074337_058,-15,40,40,11.6,20.950883423627506,0.0928084850311279,0.0027377605438232,40,40.0,YOLO,1,32,0,20.950883423627506,0.0
20250721_074337_156,-15,40,40,11.6,20.950883423627506,0.0934324264526367,0.0042574405670166,40,40.0,YOLO,1,32,0,20.950883423627506,0.0
20250721_074337_257,-15,40,40,11.6,20.950883423627506,0.0911962985992431,0.0039505958557128,40,40.0,YOLO,1,32,0,20.950883423627506,0.0
20250721_074337_355,-15,40,40,11.6,20.950883423627506,0.0956697463989257,0.0039920806884765,40,40.0,YOLO,1,32,0,20.950883423627506,0.0
20250721_074337_457,-15,40,40,11.6,20.950883423627506,0.0969734191894531,0.0039713382720947,40,40.0,YOLO,1,32,0,20.950883423627506,0.0
20250721_074337_561,-15,41,41,13.1,20.66102041937131,0.0893230438232421,0.0041821002960205,41,41.0,YOLO,1,32,0,20.66102041937131,0.0
20250721_074337_658,-15,41,41,13.1,20.66102041937131,0.0843536853790283,0.0043420791625976,41,41.0,YOLO,1,32,0,20.66102041937131,0.0
20250721_074337_750,-15,41,41,13.1,20.66102041937131,0.0868079662322998,0.0041990280151367,41,41.0,YOLO,1,32,0,20.66102041937131,0.0
20250721_074337_844,-15,41,41,13.1,20.66102041937131,0.0875184535980224,0.0038797855377197,41,41.0,YOLO,1,32,0,20.66102041937131,0.0
20250721_074337_938,-15,41,41,13.1,20.66102041937131,0.0987155437469482,0.0042884349822998,41,41.0,YOLO,1,32,0,20.66102041937131,0.0
20250721_074338_044,-15,41,41,13.1,20.66102041937131,0.0923695564270019,0.0042817592620849,41,41.0,YOLO,1,32,0,20.66102041937131,0.0
20250721_074338_144,-15,41,41,13.1,20.66102041937131,0.0885500907897949,0.0042717456817626,41,41.0,YOLO,1,32,0,20.66102041937131,0.0
20250721_074338_240,-15,41,41,13.1,20.66102041937131,0.0941677093505859,0.0042133331298828,41,41.0,YOLO,1,32,0,20.66102041937131,0.0
20250721_074338_342,-15,41,41,13.1,20.66102041937131,0.0863194465637207,0.0041887760162353,41,41.0,YOLO,1,32,0,20.66102041937131,0.0
20250721_074338_435,-14,41,41,13.1,20.137042811436928,0.0959582328796386,0.0039405822753906,41,41.0,YOLO,1,32,0,20.137042811436928,0.0
20250721_074338_538,-14,41,41,13.1,20.137042811436928,0.0886197090148925,0.0042493343353271,41,41.0,YOLO,1,32,0,20.137042811436928,0.0
20250721_074338_634,-14,40,40,11.6,20.684931335855552,0.0937726497650146,0.0042636394500732,40,40.0,YOLO,1,32,0,20.684931335855552,0.0
20250721_074338_735,-14,40,40,11.6,20.684931335855552,0.0890617370605468,0.0043127536773681,40,40.0,YOLO,1,32,0,20.684931335855552,0.0
20250721_074338_831,-14,40,40,11.6,20.684931335855552,0.0935909748077392,0.0039677619934082,40,40.0,YOLO,1,32,0,20.684931335855552,0.0
20250721_074338_932,-14,39,39,10.2,20.76877690563053,0.0979163646697998,0.0042564868927001,39,39.0,YOLO,1,32,0,20.76877690563053,0.0
20250721_074339_037,-14,39,39,10.2,20.76877690563053,0.0859379768371582,0.0041861534118652,39,39.0,YOLO,1,32,0,20.76877690563053,0.0
20250721_074339_130,-14,39,39,10.2,20.76877690563053,0.0922930240631103,0.0042588710784912,39,39.0,YOLO,1,32,0,20.76877690563053,0.0
20250721_074339_230,-14,39,39,10.2,20.76877690563053,0.0958268642425537,0.0042736530303955,39,39.0,YOLO,1,32,0,20.76877690563053,0.0
20250721_074339_333,-14,39,39,10.2,20.76877690563053,0.0887963771820068,0.0039668083190917,39,39.0,YOLO,1,32,0,20.76877690563053,0.0
20250721_074339_429,-14,39,39,10.2,20.76877690563053,0.0904922485351562,0.0040609836578369,39,39.0,YOLO,1,32,0,20.76877690563053,0.0
20250721_074339_526,-14,39,39,10.2,20.76877690563053,0.0842390060424804,0.0042333602905273,39,39.0,YOLO,1,32,0,20.76877690563053,0.0
20250721_074339_618,-14,39,39,10.2,20.76877690563053,0.0942513942718505,0.0041384696960449,39,39.0,YOLO,1,32,0,20.76877690563053,0.0
20250721_074339_719,-14,39,39,10.2,20.76877690563053,0.0874364376068115,0.0042424201965332,39,39.0,YOLO,1,32,0,20.76877690563053,0.0
20250721_074339_814,-14,39,39,10.2,20.76877690563053,0.0913207530975341,0.0043375492095947,39,39.0,YOLO,1,32,0,20.76877690563053,0.0
20250721_074339_913,-14,39,39,10.2,20.76877690563053,0.0873537063598632,0.0040278434753417,39,39.0,YOLO,1,32,0,20.76877690563053,0.0
20250721_074340_007,-14,39,39,10.2,20.76877690563053,0.0931499004364013,0.0041689872741699,39,39.0,YOLO,1,32,0,20.76877690563053,0.0
20250721_074340_107,-14,39,39,10.2,20.76877690563053,0.0948107242584228,0.0042836666107177,39,39.0,YOLO,1,32,0,20.76877690563053,0.0
20250721_074340_209,-14,39,39,10.2,20.76877690563053,0.0893466472625732,0.0039794445037841,39,39.0,YOLO,1,32,0,20.76877690563053,0.0
20250721_074340_306,-14,39,39,10.2,20.76877690563053,0.0841016769409179,0.0040183067321777,39,39.0,YOLO,1,32,0,20.76877690563053,0.0
20250721_074340_397,-14,39,39,10.2,20.76877690563053,0.0880208015441894,0.0044014453887939,39,39.0,YOLO,1,32,0,20.76877690563053,0.0
20250721_074340_493,-13,39,39,10.2,21.166090889014924,0.0902612209320068,0.0039360523223876,39,39.0,YOLO,1,32,0,21.166090889014924,0.0
20250721_074340_590,-13,39,39,10.2,21.166090889014924,0.0968067646026611,0.0043604373931884,39,39.0,YOLO,1,32,0,21.166090889014924,0.0
20250721_074340_694,-13,39,39,10.2,21.166090889014924,0.0910451412200927,0.0044832229614257,39,39.0,YOLO,1,32,0,21.166090889014924,0.0
20250721_074340_793,-13,39,39,10.2,21.166090889014924,0.0849649906158447,0.0042433738708496,39,39.0,YOLO,1,32,0,21.166090889014924,0.0
20250721_074340_886,-13,39,39,10.2,21.166090889014924,0.0909843444824218,0.0042128562927246,39,39.0,YOLO,1,32,0,21.166090889014924,0.0
20250721_074340_984,-13,39,39,10.2,21.166090889014924,0.0910964012145996,0.0039937496185302,39,39.0,YOLO,1,32,0,21.166090889014924,0.0
20250721_074341_082,-13,39,39,10.2,21.166090889014924,0.1016538143157959,0.0041744709014892,39,39.0,YOLO,1,32,0,21.166090889014924,0.0
20250721_074341_191,-13,39,39,10.2,21.166090889014924,0.081061840057373,0.003901720046997,39,39.0,YOLO,1,32,0,21.166090889014924,0.0
20250721_074341_279,-13,39,39,10.2,21.166090889014924,0.0858302116394043,0.0043535232543945,39,39.0,YOLO,1,32,0,21.166090889014924,0.0
20250721_074341_372,-13,39,39,10.2,21.166090889014924,0.0895483493804931,0.0040719509124755,39,39.0,YOLO,1,32,0,21.166090889014924,0.0
20250721_074341_469,-13,39,39,10.2,21.166090889014924,0.0995593070983886,0.0039563179016113,39,39.0,YOLO,1,32,0,21.166090889014924,0.0
20250721_074341_576,-13,39,39,10.2,21.166090889014924,0.0942082405090332,0.0039072036743164,39,39.0,YOLO,1,32,0,21.166090889014924,0.0
20250721_074341_677,-13,39,39,10.2,21.166090889014924,0.0880351066589355,0.0043616294860839,39,39.0,YOLO,1,32,0,21.166090889014924,0.0
20250721_074341_772,-13,39,39,10.2,21.166090889014924,0.0937654972076416,0.0042932033538818,39,39.0,YOLO,1,32,0,21.166090889014924,0.0
20250721_074341_874,-13,39,39,10.2,21.166090889014924,0.0901730060577392,0.0039472579956054,39,39.0,YOLO,1,32,0,21.166090889014924,0.0
20250721_074341_971,-13,39,39,10.2,21.166090889014924,0.089062213897705,0.0042006969451904,39,39.0,YOLO,1,32,0,21.166090889014924,0.0
20250721_074342_067,-13,39,39,10.2,21.166090889014924,0.0852692127227783,0.0039203166961669,39,39.0,YOLO,1,32,0,21.166090889014924,0.0
20250721_074342_159,-13,39,39,10.2,21.166090889014924,0.0916550159454345,0.0043144226074218,39,39.0,YOLO,1,32,0,21.166090889014924,0.0
20250721_074342_258,-13,39,39,10.2,21.166090889014924,0.0942070484161377,0.0043177604675292,39,39.0,YOLO,1,32,0,21.166090889014924,0.0
20250721_074342_358,-13,39,39,10.2,21.166090889014924,0.0973896980285644,0.0038752555847167,39,39.0,YOLO,1,32,0,21.166090889014924,0.0
20250721_074342_462,-12,39,39,10.2,20.199031257559568,0.0977892875671386,0.0047962665557861,39,39.0,YOLO,1,32,0,20.199031257559568,0.0
20250721_074342_568,-12,39,39,10.2,20.199031257559568,0.0926229953765869,0.0042357444763183,39,39.0,YOLO,1,32,0,20.199031257559568,0.0
20250721_074342_668,-12,38,38,8.7,20.63251142908078,0.0973947048187255,0.0043609142303466,38,38.0,YOLO,1,32,0,20.63251142908078,0.0
20250721_074342_773,-12,38,38,8.7,20.63251142908078,0.0831515789031982,0.0043318271636962,38,38.0,YOLO,1,32,0,20.63251142908078,0.0
20250721_074342_863,-12,38,38,8.7,20.63251142908078,0.0888857841491699,0.0039024353027343,38,38.0,YOLO,1,32,0,20.63251142908078,0.0
20250721_074342_959,-12,38,38,8.7,20.63251142908078,0.0858500003814697,0.0040092468261718,38,38.0,YOLO,1,32,0,20.63251142908078,0.0
20250721_074343_052,-12,38,38,8.7,20.63251142908078,0.0815372467041015,0.0042402744293212,38,38.0,YOLO,1,32,0,20.63251142908078,0.0
20250721_074343_141,-12,38,38,8.7,20.63251142908078,0.0882196426391601,0.0043048858642578,38,38.0,YOLO,1,32,0,20.63251142908078,0.0
20250721_074343_237,-12,38,38,8.7,20.63251142908078,0.0948014259338378,0.0042872428894042,38,38.0,YOLO,1,32,0,20.63251142908078,0.0
20250721_074343_340,-12,38,38,8.7,20.63251142908078,0.0802133083343505,0.0042471885681152,38,38.0,YOLO,1,32,0,20.63251142908078,0.0
20250721_074343_427,-12,38,38,8.7,20.63251142908078,0.0879733562469482,0.0041513442993164,38,38.0,YOLO,1,32,0,20.63251142908078,0.0
20250721_074343_522,-12,38,38,8.7,20.63251142908078,0.0831975936889648,0.0042974948883056,38,38.0,YOLO,1,32,0,20.63251142908078,0.0
20250721_074343_613,-12,38,38,8.7,20.63251142908078,0.0898222923278808,0.0043113231658935,38,38.0,YOLO,1,32,0,20.63251142908078,0.0
20250721_074343_710,-12,38,38,8.7,20.63251142908078,0.1015136241912841,0.004258394241333,38,38.0,YOLO,1,32,0,20.63251142908078,0.0
20250721_074343_819,-12,38,38,8.7,20.63251142908078,0.0819277763366699,0.0039525032043457,38,38.0,YOLO,1,32,0,20.63251142908078,0.0
20250721_074343_908,-12,38,38,8.7,20.63251142908078,0.0820648670196533,0.0041053295135498,38,38.0,YOLO,1,32,0,20.63251142908078,0.0
20250721_074343_997,-12,38,38,8.7,20.63251142908078,0.0915989875793457,0.0043070316314697,38,38.0,YOLO,1,32,0,20.63251142908078,0.0
20250721_074344_096,-12,38,38,8.7,20.63251142908078,0.097614049911499,0.0042600631713867,38,38.0,YOLO,1,32,0,20.63251142908078,0.0
20250721_074344_201,-12,38,38,8.7,20.63251142908078,0.0861318111419677,0.0041980743408203,38,38.0,YOLO,1,32,0,20.63251142908078,0.0
20250721_074344_294,-12,38,38,8.7,20.63251142908078,0.0854971408843994,0.004185676574707,38,38.0,YOLO,1,32,0,20.63251142908078,0.0
20250721_074344_388,-12,38,38,8.7,20.63251142908078,0.0918872356414794,0.0043795108795166,38,38.0,YOLO,1,32,0,20.63251142908078,0.0
20250721_074344_487,-11,38,38,8.7,20.78398045702696,0.0943024158477783,0.0039050579071044,38,38.0,YOLO,1,32,0,20.78398045702696,0.0
20250721_074344_588,-11,38,38,8.7,20.78398045702696,0.0827023983001709,0.0043501853942871,38,38.0,YOLO,1,32,0,20.78398045702696,0.0
20250721_074344_678,-11,38,38,8.7,20.78398045702696,0.0874121189117431,0.0043146610260009,38,38.0,YOLO,1,32,0,20.78398045702696,0.0
20250721_074344_773,-11,38,38,8.7,20.78398045702696,0.0892579555511474,0.004298448562622,38,38.0,YOLO,1,32,0,20.78398045702696,0.0
20250721_074344_870,-11,38,38,8.7,20.78398045702696,0.0987462997436523,0.0038886070251464,38,38.0,YOLO,1,32,0,20.78398045702696,0.0
20250721_074344_975,-11,38,38,8.7,20.78398045702696,0.083550214767456,0.0042192935943603,38,38.0,YOLO,1,32,0,20.78398045702696,0.0
20250721_074345_066,-11,38,38,8.7,20.78398045702696,0.0880734920501709,0.0037100315093994,38,38.0,YOLO,1,32,0,20.78398045702696,0.0
20250721_074345_161,-11,38,38,8.7,20.78398045702696,0.0898456573486328,0.0042879581451416,38,38.0,YOLO,1,32,0,20.78398045702696,0.0
20250721_074345_258,-11,38,38,8.7,20.78398045702696,0.1045725345611572,0.0042862892150878,38,38.0,YOLO,1,32,0,20.78398045702696,0.0
20250721_074345_370,-11,37,37,7.3,20.801519444197083,0.101111888885498,0.0043168067932128,37,37.0,YOLO,1,32,0,20.801519444197083,0.0
20250721_074345_478,-11,37,37,7.3,20.801519444197083,0.0930063724517822,0.0036787986755371,37,37.0,YOLO,1,32,0,20.801519444197083,0.0
20250721_074345_577,-11,37,37,7.3,20.801519444197083,0.0929000377655029,0.0044035911560058,37,37.0,YOLO,1,32,0,20.801519444197083,0.0
20250721_074345_678,-11,37,37,7.3,20.801519444197083,0.092789888381958,0.0040843486785888,37,37.0,YOLO,1,32,0,20.801519444197083,0.0
20250721_074345_778,-11,37,37,7.3,20.801519444197083,0.0920085906982421,0.0043234825134277,37,37.0,YOLO,1,32,0,20.801519444197083,0.0
20250721_074345_877,-11,37,37,7.3,20.801519444197083,0.0907032489776611,0.0039482116699218,37,37.0,YOLO,1,32,0,20.801519444197083,0.0
20250721_074345_975,-11,38,38,8.7,20.78398045702696,0.0783147811889648,0.0043387413024902,38,38.0,YOLO,1,32,0,20.78398045702696,0.0
20250721_074346_061,-11,38,38,8.7,20.78398045702696,0.084627628326416,0.004230260848999,38,38.0,YOLO,1,32,0,20.78398045702696,0.0
20250721_074346_153,-11,38,38,8.7,20.78398045702696,0.0890541076660156,0.0043010711669921,38,38.0,YOLO,1,32,0,20.78398045702696,0.0
20250721_074346_249,-11,38,38,8.7,20.78398045702696,0.0990552902221679,0.0042052268981933,38,38.0,YOLO,1,32,0,20.78398045702696,0.0
20250721_074346_355,-11,38,38,8.7,20.78398045702696,0.0903205871582031,0.0041718482971191,38,38.0,YOLO,1,32,0,20.78398045702696,0.0
20250721_074346_453,-10,38,38,8.7,19.54918985184892,0.0999860763549804,0.0037868022918701,38,38.0,YOLO,1,32,0,19.54918985184892,0.0
20250721_074346_559,-10,38,38,8.7,19.54918985184892,0.0929484367370605,0.0042965412139892,38,38.0,YOLO,1,32,0,19.54918985184892,0.0
20250721_074346_660,-10,37,37,7.3,20.58575949811884,0.0934705734252929,0.0039675235748291,37,37.0,YOLO,1,32,0,20.58575949811884,0.0
20250721_074346_760,-10,37,37,7.3,20.58575949811884,0.0922613143920898,0.004265546798706,37,37.0,YOLO,1,32,0,20.58575949811884,0.0
20250721_074346_858,-10,37,37,7.3,20.58575949811884,0.0936629772186279,0.0039072036743164,37,37.0,YOLO,1,32,0,20.58575949811884,0.0
20250721_074346_958,-10,37,37,7.3,20.58575949811884,0.0917170047760009,0.0044338703155517,37,37.0,YOLO,1,32,0,20.58575949811884,0.0
20250721_074347_058,-10,37,37,7.3,20.58575949811884,0.091684341430664,0.0042695999145507,37,37.0,YOLO,1,32,0,20.58575949811884,0.0
20250721_074347_157,-10,37,37,7.3,20.58575949811884,0.1000828742980957,0.0042042732238769,37,37.0,YOLO,1,32,0,20.58575949811884,0.0
20250721_074347_264,-10,37,37,7.3,20.58575949811884,0.0882291793823242,0.0045363903045654,37,37.0,YOLO,1,32,0,20.58575949811884,0.0
20250721_074347_360,-10,37,37,7.3,20.58575949811884,0.0935289859771728,0.004274845123291,37,37.0,YOLO,1,32,0,20.58575949811884,0.0
20250721_074347_461,-10,37,37,7.3,20.58575949811884,0.0937268733978271,0.0043010711669921,37,37.0,YOLO,1,32,0,20.58575949811884,0.0
20250721_074347_562,-10,37,37,7.3,20.58575949811884,0.0927233695983886,0.0042641162872314,37,37.0,YOLO,1,32,0,20.58575949811884,0.0
20250721_074347_662,-10,37,37,7.3,20.58575949811884,0.0942590236663818,0.0042347908020019,37,37.0,YOLO,1,32,0,20.58575949811884,0.0
20250721_074347_763,-10,37,37,7.3,20.58575949811884,0.090024709701538,0.0042645931243896,37,37.0,YOLO,1,32,0,20.58575949811884,0.0
20250721_074347_861,-10,37,37,7.3,20.58575949811884,0.0931215286254882,0.0039026737213134,37,37.0,YOLO,1,32,0,20.58575949811884,0.0
20250721_074347_961,-10,37,37,7.3,20.58575949811884,0.0888295173645019,0.0042874813079833,37,37.0,YOLO,1,32,0,20.58575949811884,0.0
20250721_074348_057,-10,37,37,7.3,20.58575949811884,0.0895397663116455,0.003918170928955,37,37.0,YOLO,1,32,0,20.58575949811884,0.0
20250721_074348_154,-10,37,37,7.3,20.58575949811884,0.09944748878479,0.0042810440063476,37,37.0,YOLO,1,32,0,20.58575949811884,0.0
20250721_074348_261,-10,37,37,7.3,20.58575949811884,0.089881420135498,0.0041871070861816,37,37.0,YOLO,1,32,0,20.58575949811884,0.0
20250721_074348_358,-10,37,37,7.3,20.58575949811884,0.0850186347961425,0.0041532516479492,37,37.0,YOLO,1,32,0,20.58575949811884,0.0
20250721_074348_450,-9,37,37,7.3,20.508212429527475,0.1048777103424072,0.0040504932403564,37,37.0,YOLO,1,32,0,20.508212429527475,0.0
20250721_074348_562,-9,37,37,7.3,20.508212429527475,0.0920588970184326,0.0043003559112548,37,37.0,YOLO,1,32,0,20.508212429527475,0.0
20250721_074348_662,-9,36,36,5.8,20.602245915993024,0.1003143787384033,0.0042550563812255,36,36.0,YOLO,1,32,0,20.602245915993024,0.0
20250721_074348_769,-9,36,36,5.8,20.602245915993024,0.0964326858520507,0.0042152404785156,36,36.0,YOLO,1,32,0,20.602245915993024,0.0
20250721_074348_873,-9,36,36,5.8,20.602245915993024,0.087686538696289,0.0039005279541015,36,36.0,YOLO,1,32,0,20.602245915993024,0.0
20250721_074348_968,-9,36,36,5.8,20.602245915993024,0.088310956954956,0.0042357444763183,36,36.0,YOLO,1,32,0,20.602245915993024,0.0
20250721_074349_063,-9,36,36,5.8,20.602245915993024,0.0998897552490234,0.0041921138763427,36,36.0,YOLO,1,32,0,20.602245915993024,0.0
20250721_074349_170,-9,36,36,5.8,20.602245915993024,0.0832412242889404,0.0042808055877685,36,36.0,YOLO,1,32,0,20.602245915993024,0.0
20250721_074349_261,-9,36,36,5.8,20.602245915993024,0.0869522094726562,0.0042662620544433,36,36.0,YOLO,1,32,0,20.602245915993024,0.0
20250721_074349_355,-9,36,36,5.8,20.602245915993024,0.0876307487487793,0.0041186809539794,36,36.0,YOLO,1,32,0,20.602245915993024,0.0
20250721_074349_450,-9,36,36,5.8,20.602245915993024,0.090505838394165,0.0042953491210937,36,36.0,YOLO,1,32,0,20.602245915993024,0.0
20250721_074349_548,-9,36,36,5.8,20.602245915993024,0.084451675415039,0.0038926601409912,36,36.0,YOLO,1,32,0,20.602245915993024,0.0
20250721_074349_639,-9,36,36,5.8,20.602245915993024,0.0829782485961914,0.004004955291748,36,36.0,YOLO,1,32,0,20.602245915993024,0.0
20250721_074349_729,-9,36,36,5.8,20.602245915993024,0.0916109085083007,0.0042605400085449,36,36.0,YOLO,1,32,0,20.602245915993024,0.0
20250721_074349_828,-9,36,36,5.8,20.602245915993024,0.0994927883148193,0.0038566589355468,36,36.0,YOLO,1,32,0,20.602245915993024,0.0
20250721_074349_935,-9,36,36,5.8,20.602245915993024,0.0933258533477783,0.004148244857788,36,36.0,YOLO,1,32,0,20.602245915993024,0.0
20250721_074350_035,-9,36,36,5.8,20.602245915993024,0.0914266109466552,0.0042769908905029,36,36.0,YOLO,1,32,0,20.602245915993024,0.0
20250721_074350_134,-9,36,36,5.8,20.602245915993024,0.0905375480651855,0.0038719177246093,36,36.0,YOLO,1,32,0,20.602245915993024,0.0
20250721_074350_231,-9,36,36,5.8,20.602245915993024,0.0922977924346923,0.0042226314544677,36,36.0,YOLO,1,32,0,20.602245915993024,0.0
20250721_074350_331,-9,36,36,5.8,20.602245915993024,0.0930027961730957,0.0042932033538818,36,36.0,YOLO,1,32,0,20.602245915993024,0.0
20250721_074350_431,-8,36,36,5.8,20.145034741588148,0.0843055248260498,0.0041930675506591,36,36.0,YOLO,1,32,0,20.145034741588148,0.0
20250721_074350_523,-8,36,36,5.8,20.145034741588148,0.0837006568908691,0.0042576789855957,36,36.0,YOLO,1,32,0,20.145034741588148,0.0
20250721_074350_613,-8,36,36,5.8,20.145034741588148,0.0915834903717041,0.0043129920959472,36,36.0,YOLO,1,32,0,20.145034741588148,0.0
20250721_074350_713,-8,35,35,4.4,20.134975071779124,0.1019909381866455,0.0041999816894531,35,35.0,YOLO,1,32,0,20.134975071779124,0.0
20250721_074350_822,-8,35,35,4.4,20.134975071779124,0.0874614715576171,0.0041935443878173,35,35.0,YOLO,1,32,0,20.134975071779124,0.0
20250721_074350_917,-8,35,35,4.4,20.134975071779124,0.0870585441589355,0.0042846202850341,35,35.0,YOLO,1,32,0,20.134975071779124,0.0
20250721_074351_011,-8,35,35,4.4,20.134975071779124,0.0865492820739746,0.0038743019104003,35,35.0,YOLO,1,32,0,20.134975071779124,0.0
20250721_074351_104,-8,36,36,5.8,20.145034741588148,0.0912511348724365,0.0040047168731689,36,36.0,YOLO,1,32,0,20.145034741588148,0.0
20250721_074351_203,-8,36,36,5.8,20.145034741588148,0.0903267860412597,0.0039350986480712,36,36.0,YOLO,1,32,0,20.145034741588148,0.0
20250721_074351_300,-8,36,36,5.8,20.145034741588148,0.0997676849365234,0.003890037536621,36,36.0,YOLO,1,32,0,20.145034741588148,0.0
20250721_074351_407,-8,36,36,5.8,20.145034741588148,0.0937228202819824,0.0042228698730468,36,36.0,YOLO,1,32,0,20.145034741588148,0.0
20250721_074351_507,-8,36,36,5.8,20.145034741588148,0.0874166488647461,0.0043628215789794,36,36.0,YOLO,1,32,0,20.145034741588148,0.0
20250721_074351_603,-8,36,36,5.8,20.145034741588148,0.0970473289489746,0.0040881633758544,36,36.0,YOLO,1,32,0,20.145034741588148,0.0
20250721_074351_707,-8,36,36,5.8,20.145034741588148,0.0965995788574218,0.0043246746063232,36,36.0,YOLO,1,32,0,20.145034741588148,0.0
20250721_074351_811,-8,36,36,5.8,20.145034741588148,0.0907244682312011,0.0042917728424072,36,36.0,YOLO,1,32,0,20.145034741588148,0.0
20250721_074351_909,-8,36,36,5.8,20.145034741588148,0.0919585227966308,0.0044271945953369,36,36.0,YOLO,1,32,0,20.145034741588148,0.0
20250721_074352_009,-8,36,36,5.8,20.145034741588148,0.0879671573638916,0.0042979717254638,36,36.0,YOLO,1,32,0,20.145034741588148,0.0
20250721_074352_104,-8,36,36,5.8,20.145034741588148,0.0818660259246826,0.0043573379516601,36,36.0,YOLO,1,32,0,20.145034741588148,0.0
20250721_074352_193,-8,36,36,5.8,20.145034741588148,0.0892527103424072,0.0040793418884277,36,36.0,YOLO,1,32,0,20.145034741588148,0.0
20250721_074352_290,-8,35,35,4.4,20.134975071779124,0.0933504104614257,0.0045168399810791,35,35.0,YOLO,1,32,0,20.134975071779124,0.0
20250721_074352_391,-8,35,35,4.4,20.134975071779124,0.0910315513610839,0.0043790340423583,35,35.0,YOLO,1,32,0,20.134975071779124,0.0
20250721_074352_489,-7,35,35,4.4,19.879104743318493,0.0849080085754394,0.0039668083190917,35,35.0,YOLO,1,32,0,19.879104743318493,0.0
20250721_074352_581,-7,35,35,4.4,19.879104743318493,0.0898098945617675,0.0041882991790771,35,35.0,YOLO,1,32,0,19.879104743318493,0.0
20250721_074352_678,-7,35,35,4.4,19.879104743318493,0.1024694442749023,0.0042769908905029,35,35.0,YOLO,1,32,0,19.879104743318493,0.0
20250721_074352_788,-7,35,35,4.4,19.879104743318493,0.0843343734741211,0.0039618015289306,35,35.0,YOLO,1,32,0,19.879104743318493,0.0
20250721_074352_877,-7,35,35,4.4,19.879104743318493,0.0913810729980468,0.0039327144622802,35,35.0,YOLO,1,32,0,19.879104743318493,0.0
20250721_074352_976,-7,35,35,4.4,19.879104743318493,0.0814404487609863,0.0043389797210693,35,35.0,YOLO,1,32,0,19.879104743318493,0.0
20250721_074353_065,-7,35,35,4.4,19.879104743318493,0.0848493576049804,0.0042543411254882,35,35.0,YOLO,1,32,0,19.879104743318493,0.0
20250721_074353_157,-7,35,35,4.4,19.879104743318493,0.0915699005126953,0.0043420791625976,35,35.0,YOLO,1,32,0,19.879104743318493,0.0
20250721_074353_256,-7,35,35,4.4,19.879104743318493,0.0900816917419433,0.0042653083801269,35,35.0,YOLO,1,32,0,19.879104743318493,0.0
20250721_074353_353,-7,35,35,4.4,19.879104743318493,0.0918023586273193,0.0041682720184326,35,35.0,YOLO,1,32,0,19.879104743318493,0.0
20250721_074353_452,-7,35,35,4.4,19.879104743318493,0.0826566219329834,0.004136323928833,35,35.0,YOLO,1,32,0,19.879104743318493,0.0
20250721_074353_540,-7,35,35,4.4,19.879104743318493,0.0819790363311767,0.0041522979736328,35,35.0,YOLO,1,32,0,19.879104743318493,0.0
20250721_074353_629,-7,35,35,4.4,19.879104743318493,0.0874311923980712,0.0038740634918212,35,35.0,YOLO,1,32,0,19.879104743318493,0.0
20250721_074353_724,-7,35,35,4.4,19.879104743318493,0.095621109008789,0.0042977333068847,35,35.0,YOLO,1,32,0,19.879104743318493,0.0
20250721_074353_827,-7,35,35,4.4,19.879104743318493,0.090754747390747,0.0042238235473632,35,35.0,YOLO,1,32,0,19.879104743318493,0.0
20250721_074353_925,-7,35,35,4.4,19.879104743318493,0.0879371166229248,0.0042552947998046,35,35.0,YOLO,1,32,0,19.879104743318493,0.0
20250721_074354_020,-7,35,35,4.4,19.879104743318493,0.0870923995971679,0.0042445659637451,35,35.0,YOLO,1,32,0,19.879104743318493,0.0
20250721_074354_115,-7,35,35,4.4,19.879104743318493,0.0891089439392089,0.0042142868041992,35,35.0,YOLO,1,32,0,19.879104743318493,0.0
20250721_074354_211,-7,35,35,4.4,19.879104743318493,0.0893576145172119,0.0039179325103759,35,35.0,YOLO,1,32,0,19.879104743318493,0.0
20250721_074354_308,-7,35,35,4.4,19.879104743318493,0.0823943614959716,0.0039896965026855,35,35.0,YOLO,1,32,0,19.879104743318493,0.0
20250721_074354_397,-7,35,35,4.4,19.879104743318493,0.0885818004608154,0.0043361186981201,35,35.0,YOLO,1,32,0,19.879104743318493,0.0
20250721_074354_493,-6,35,35,4.4,19.405543180804955,0.0951507091522216,0.0042886734008789,35,35.0,YOLO,1,32,0,19.405543180804955,0.0
20250721_074354_596,-6,34,34,2.9,20.431409177261287,0.0851171016693115,0.0038971900939941,34,34.0,YOLO,1,32,0,20.431409177261287,0.0
20250721_074354_688,-6,34,34,2.9,20.431409177261287,0.0936782360076904,0.0038983821868896,34,34.0,YOLO,1,32,0,20.431409177261287,0.0
20250721_074354_788,-6,34,34,2.9,20.431409177261287,0.0870623588562011,0.0042870044708251,34,34.0,YOLO,1,32,0,20.431409177261287,0.0
20250721_074354_883,-6,34,34,2.9,20.431409177261287,0.091294527053833,0.0038998126983642,34,34.0,YOLO,1,32,0,20.431409177261287,0.0
20250721_074354_981,-6,34,34,2.9,20.431409177261287,0.0914275646209716,0.0042798519134521,34,34.0,YOLO,1,32,0,20.431409177261287,0.0
20250721_074355_080,-6,34,34,2.9,20.431409177261287,0.0883929729461669,0.0042836666107177,34,34.0,YOLO,1,32,0,20.431409177261287,0.0
20250721_074355_175,-6,34,34,2.9,20.431409177261287,0.0838985443115234,0.0042581558227539,34,34.0,YOLO,1,32,0,20.431409177261287,0.0
20250721_074355_266,-6,34,34,2.9,20.431409177261287,0.0870835781097412,0.0042102336883544,34,34.0,YOLO,1,32,0,20.431409177261287,0.0
20250721_074355_361,-6,34,34,2.9,20.431409177261287,0.0878207683563232,0.0042505264282226,34,34.0,YOLO,1,32,0,20.431409177261287,0.0
20250721_074355_456,-6,34,34,2.9,20.431409177261287,0.0916826725006103,0.0042352676391601,34,34.0,YOLO,1,32,0,20.431409177261287,0.0
20250721_074355_553,-6,34,34,2.9,20.431409177261287,0.0941245555877685,0.0040524005889892,34,34.0,YOLO,1,32,0,20.431409177261287,0.0
20250721_074355_654,-6,34,34,2.9,20.431409177261287,0.0817642211914062,0.0042991638183593,34,34.0,YOLO,1,32,0,20.431409177261287,0.0
20250721_074355_743,-6,34,34,2.9,20.431409177261287,0.0931050777435302,0.0019311904907226,34,34.0,YOLO,1,32,0,20.431409177261287,0.0
20250721_074355_840,-6,34,34,2.9,20.431409177261287,0.0880134105682373,0.0037519931793212,34,34.0,YOLO,1,32,0,20.431409177261287,0.0
20250721_074355_934,-6,34,34,2.9,20.431409177261287,0.0875141620635986,0.0042026042938232,34,34.0,YOLO,1,32,0,20.431409177261287,0.0
20250721_074356_029,-6,34,34,2.9,20.431409177261287,0.0883879661560058,0.0042827129364013,34,34.0,YOLO,1,32,0,20.431409177261287,0.0
20250721_074356_125,-6,34,34,2.9,20.431409177261287,0.092780590057373,0.0039865970611572,34,34.0,YOLO,1,32,0,20.431409177261287,0.0
20250721_074356_224,-6,34,34,2.9,20.431409177261287,0.0881009101867675,0.0019705295562744,34,34.0,YOLO,1,32,0,20.431409177261287,0.0
20250721_074356_316,-6,34,34,2.9,20.431409177261287,0.0807843208312988,0.0040266513824462,34,34.0,YOLO,1,32,0,20.431409177261287,0.0
20250721_074356_404,-5,34,34,2.9,20.431409177261287,0.094118595123291,0.0040276050567626,34,34.0,YOLO,1,32,0,20.431409177261287,0.0
20250721_074356_505,-5,34,34,2.9,19.97503476011257,0.0954406261444091,0.0042853355407714,34,34.0,YOLO,1,32,0,19.97503476011257,0.0
20250721_074356_608,-5,34,34,2.9,19.97503476011257,0.0864872932434082,0.0043237209320068,34,34.0,YOLO,1,32,0,19.97503476011257,0.0
20250721_074356_702,-5,33,33,1.5,20.3393480211354,0.0943267345428466,0.0043175220489501,33,33.0,YOLO,1,32,0,20.3393480211354,0.0
20250721_074356_803,-5,33,33,1.5,20.3393480211354,0.0866706371307373,0.0038404464721679,33,33.0,YOLO,1,32,0,20.3393480211354,0.0
20250721_074356_897,-5,33,33,1.5,20.3393480211354,0.0892162322998046,0.00370454788208,33,33.0,YOLO,1,32,0,20.3393480211354,0.0
20250721_074356_992,-5,33,33,1.5,20.3393480211354,0.0774736404418945,0.0043697357177734,33,33.0,YOLO,1,32,0,20.3393480211354,0.0
20250721_074357_077,-5,33,33,1.5,20.3393480211354,0.0917274951934814,0.0039775371551513,33,33.0,YOLO,1,32,0,20.3393480211354,0.0
20250721_074357_176,-5,33,33,1.5,20.3393480211354,0.0889623165130615,0.004235029220581,33,33.0,YOLO,1,32,0,20.3393480211354,0.0
20250721_074357_273,-5,33,33,1.5,20.3393480211354,0.0995316505432128,0.0042812824249267,33,33.0,YOLO,1,32,0,20.3393480211354,0.0
20250721_074357_380,-5,34,34,2.9,19.97503476011257,0.0990650653839111,0.0043010711669921,34,34.0,YOLO,1,32,0,19.97503476011257,0.0
20250721_074357_486,-5,34,34,2.9,19.97503476011257,0.0889093875885009,0.0019061565399169,34,34.0,YOLO,1,32,0,19.97503476011257,0.0
20250721_074357_580,-5,34,34,2.9,19.97503476011257,0.0930540561676025,0.0020813941955566,34,34.0,YOLO,1,32,0,19.97503476011257,0.0
20250721_074357_676,-5,34,34,2.9,19.97503476011257,0.0851311683654785,0.0021250247955322,34,34.0,YOLO,1,32,0,19.97503476011257,0.0
20250721_074357_765,-5,34,34,2.9,19.97503476011257,0.085529088973999,0.0022139549255371,34,34.0,YOLO,1,32,0,19.97503476011257,0.0
20250721_074357_854,-5,34,34,2.9,19.97503476011257,0.0878996849060058,0.002382755279541,34,34.0,YOLO,1,32,0,19.97503476011257,0.0
20250721_074357_946,-5,34,34,2.9,19.97503476011257,0.0900983810424804,0.0020363330841064,34,34.0,YOLO,1,32,0,19.97503476011257,0.0
20250721_074358_039,-5,34,34,2.9,19.97503476011257,0.0886356830596923,0.0021059513092041,34,34.0,YOLO,1,32,0,19.97503476011257,0.0
20250721_074358_131,-5,34,34,2.9,19.97503476011257,0.0897471904754638,0.002058982849121,34,34.0,YOLO,1,32,0,19.97503476011257,0.0
20250721_074358_224,-5,34,34,2.9,19.97503476011257,0.0860378742218017,0.0020060539245605,34,34.0,YOLO,1,32,0,19.97503476011257,0.0
20250721_074358_314,-5,34,34,2.9,19.97503476011257,0.0986719131469726,0.002032995223999,34,34.0,YOLO,1,32,0,19.97503476011257,0.0
20250721_074358_416,-4,34,34,2.9,19.88130475581771,0.091325044631958,0.0020234584808349,34,34.0,YOLO,1,32,0,19.88130475581771,0.0
20250721_074358_510,-4,34,34,2.9,19.88130475581771,0.0862329006195068,0.0020346641540527,34,34.0,YOLO,1,32,0,19.88130475581771,0.0
20250721_074358_600,-4,33,33,1.5,20.58273326728235,0.0964415073394775,0.0032837390899658,33,33.0,YOLO,1,32,0,20.58273326728235,0.0
20250721_074358_701,-4,33,33,1.5,20.58273326728235,0.0856034755706787,0.0020315647125244,33,33.0,YOLO,1,32,0,20.58273326728235,0.0
20250721_074358_790,-4,33,33,1.5,20.58273326728235,0.0901775360107421,0.0019998550415039,33,33.0,YOLO,1,32,0,20.58273326728235,0.0
20250721_074358_883,-4,33,33,1.5,20.58273326728235,0.0829091072082519,0.0019898414611816,33,33.0,YOLO,1,32,0,20.58273326728235,0.0
20250721_074358_969,-4,33,33,1.5,20.58273326728235,0.0836005210876464,0.0020091533660888,33,33.0,YOLO,1,32,0,20.58273326728235,0.0
20250721_074359_056,-4,33,33,1.5,20.58273326728235,0.0897550582885742,0.0029995441436767,33,33.0,YOLO,1,32,0,20.58273326728235,0.0
20250721_074359_151,-4,33,33,1.5,20.58273326728235,0.0983588695526123,0.0039553642272949,33,33.0,YOLO,1,32,0,20.58273326728235,0.0
20250721_074359_256,-4,33,33,1.5,20.58273326728235,0.0919311046600341,0.0044314861297607,33,33.0,YOLO,1,32,0,20.58273326728235,0.0
20250721_074359_356,-4,33,33,1.5,20.58273326728235,0.0908830165863037,0.0040059089660644,33,33.0,YOLO,1,32,0,20.58273326728235,0.0
20250721_074359_454,-4,33,33,1.5,20.58273326728235,0.0949792861938476,0.0041897296905517,33,33.0,YOLO,1,32,0,20.58273326728235,0.0
20250721_074359_556,-4,33,33,1.5,20.58273326728235,0.0890872478485107,0.0041859149932861,33,33.0,YOLO,1,32,0,20.58273326728235,0.0
20250721_074359_652,-4,33,33,1.5,20.58273326728235,0.0947356224060058,0.0028738975524902,33,33.0,YOLO,1,32,0,20.58273326728235,0.0
20250721_074359_752,-4,33,33,1.5,20.58273326728235,0.0868811607360839,0.004164695739746,33,33.0,YOLO,1,32,0,20.58273326728235,0.0
20250721_074359_846,-4,33,33,1.5,20.58273326728235,0.0893750190734863,0.0038511753082275,33,33.0,YOLO,1,32,0,20.58273326728235,0.0
20250721_074359_942,-4,33,33,1.5,20.58273326728235,0.0935084819793701,0.0041918754577636,33,33.0,YOLO,1,32,0,20.58273326728235,0.0
20250721_074400_043,-4,33,33,1.5,20.58273326728235,0.0883936882019043,0.0020930767059326,33,33.0,YOLO,1,32,0,20.58273326728235,0.0
20250721_074400_135,-4,33,33,1.5,20.58273326728235,0.0953657627105712,0.0024840831756591,33,33.0,YOLO,1,32,0,20.58273326728235,0.0
20250721_074400_234,-4,33,33,1.5,20.58273326728235,0.0922327041625976,0.0021214485168457,33,33.0,YOLO,1,32,0,20.58273326728235,0.0
20250721_074400_329,-4,33,33,1.5,20.58273326728235,0.0842087268829345,0.0021331310272216,33,33.0,YOLO,1,32,0,20.58273326728235,0.0
20250721_074400_417,-3,33,33,1.5,19.79819199246812,0.0884444713592529,0.0019946098327636,33,33.0,YOLO,1,32,0,19.79819199246812,0.0
20250721_074400_509,-3,33,33,1.5,19.79819199246812,0.0984275341033935,0.0021092891693115,33,33.0,YOLO,1,32,0,19.79819199246812,0.0
20250721_074400_611,-3,32,32,0.0,20.680920869871755,0.087930679321289,0.0020759105682373,32,32.0,YOLO,1,32,0,20.680920869871755,0.0
20250721_074400_703,-3,32,32,0.0,20.680920869871755,0.0912196636199951,0.0042645931243896,32,32.0,YOLO,1,32,0,20.680920869871755,0.0
20250721_074400_802,-3,32,32,0.0,20.680920869871755,0.0986385345458984,0.0039770603179931,32,32.0,YOLO,1,32,0,20.680920869871755,0.0
20250721_074400_907,-3,32,32,0.0,20.680920869871755,0.094999074935913,0.0042412281036376,32,32.0,YOLO,1,32,0,20.680920869871755,0.0
20250721_074401_010,-3,32,32,0.0,20.680920869871755,0.0866138935089111,0.0040986537933349,32,32.0,YOLO,1,32,0,20.680920869871755,0.0
20250721_074401_104,-3,32,32,0.0,20.680920869871755,0.0932919979095459,0.0042283535003662,32,32.0,YOLO,1,32,0,20.680920869871755,0.0
20250721_074401_204,-3,32,32,0.0,20.680920869871755,0.0929393768310546,0.0041630268096923,32,32.0,YOLO,1,32,0,20.680920869871755,0.0
20250721_074401_304,-3,32,32,0.0,20.680920869871755,0.0826311111450195,0.0040040016174316,32,32.0,YOLO,1,32,0,20.680920869871755,0.0
20250721_074401_394,-3,32,32,0.0,20.680920869871755,0.0863802433013916,0.0041565895080566,32,32.0,YOLO,1,32,0,20.680920869871755,0.0
20250721_074401_488,-3,32,32,0.0,20.680920869871755,0.0940656661987304,0.0040395259857177,32,32.0,YOLO,1,32,0,20.680920869871755,0.0
20250721_074401_589,-3,32,32,0.0,20.680920869871755,0.0813510417938232,0.0041720867156982,32,32.0,YOLO,1,32,0,20.680920869871755,0.0
20250721_074401_677,-3,32,32,0.0,20.680920869871755,0.0874660015106201,0.004286766052246,32,32.0,YOLO,1,32,0,20.680920869871755,0.0
20250721_074401_772,-3,32,32,0.0,20.680920869871755,0.097294807434082,0.0044350624084472,32,32.0,YOLO,1,32,0,20.680920869871755,0.0
20250721_074401_877,-3,32,32,0.0,20.680920869871755,0.0893371105194091,0.0039007663726806,32,32.0,YOLO,1,32,0,20.680920869871755,0.0
20250721_074401_974,-3,32,32,0.0,20.680920869871755,0.0913209915161132,0.0042459964752197,32,32.0,YOLO,1,32,0,20.680920869871755,0.0
20250721_074402_072,-3,32,32,0.0,20.680920869871755,0.0847868919372558,0.0039739608764648,32,32.0,YOLO,1,32,0,20.680920869871755,0.0
20250721_074402_164,-3,32,32,0.0,20.680920869871755,0.0871245861053466,0.0041348934173583,32,32.0,YOLO,1,32,0,20.680920869871755,0.0
20250721_074402_258,-3,32,32,0.0,20.680920869871755,0.085386037826538,0.0042610168457031,32,32.0,YOLO,1,32,0,20.680920869871755,0.0
20250721_074402_351,-3,32,32,0.0,20.680920869871755,0.0868322849273681,0.0042204856872558,32,32.0,YOLO,1,32,0,20.680920869871755,0.0
20250721_074402_445,-2,32,32,0.0,20.88918522383746,0.0948824882507324,0.0039243698120117,32,32.0,YOLO,1,32,0,20.88918522383746,0.0
20250721_074402_547,-2,32,32,0.0,20.88918522383746,0.0996286869049072,0.0042541027069091,32,32.0,YOLO,1,32,0,20.88918522383746,0.0
20250721_074402_654,-2,31,31,-1.5,21.32172847746935,0.0824668407440185,0.0043811798095703,31,31.0,YOLO,1,32,0,21.32172847746935,0.0
20250721_074402_743,-2,31,31,-1.5,21.32172847746935,0.0848433971405029,0.004180908203125,31,31.0,YOLO,1,32,0,21.32172847746935,0.0
20250721_074402_836,-2,31,31,-1.5,21.32172847746935,0.0870289802551269,0.0040874481201171,31,31.0,YOLO,1,32,0,21.32172847746935,0.0
20250721_074402_929,-2,31,31,-1.5,21.32172847746935,0.0947284698486328,0.0042726993560791,31,31.0,YOLO,1,32,0,21.32172847746935,0.0
20250721_074403_031,-2,31,31,-1.5,21.32172847746935,0.092653751373291,0.0037662982940673,31,31.0,YOLO,1,32,0,21.32172847746935,0.0
20250721_074403_131,-2,31,31,-1.5,21.32172847746935,0.0964691638946533,0.0043199062347412,31,31.0,YOLO,1,32,0,21.32172847746935,0.0
20250721_074403_234,-2,31,31,-1.5,21.32172847746935,0.0888943672180175,0.0042247772216796,31,31.0,YOLO,1,32,0,21.32172847746935,0.0
20250721_074403_331,-2,31,31,-1.5,21.32172847746935,0.090203046798706,0.0038623809814453,31,31.0,YOLO,1,32,0,21.32172847746935,0.0
20250721_074403_428,-2,31,31,-1.5,21.32172847746935,0.0917530059814453,0.0042250156402587,31,31.0,YOLO,1,32,0,21.32172847746935,0.0
20250721_074403_527,-2,31,31,-1.5,21.32172847746935,0.0891926288604736,0.0040044784545898,31,31.0,YOLO,1,32,0,21.32172847746935,0.0
20250721_074403_623,-2,31,31,-1.5,21.32172847746935,0.0851948261260986,0.0041062831878662,31,31.0,YOLO,1,32,0,21.32172847746935,0.0
20250721_074403_715,-2,31,31,-1.5,21.32172847746935,0.0972888469696044,0.0042269229888916,31,31.0,YOLO,1,32,0,21.32172847746935,0.0
20250721_074403_820,-2,31,31,-1.5,21.32172847746935,0.0905218124389648,0.0043168067932128,31,31.0,YOLO,1,32,0,21.32172847746935,0.0
20250721_074403_918,-2,31,31,-1.5,21.32172847746935,0.0985355377197265,0.0040626525878906,31,31.0,YOLO,1,32,0,21.32172847746935,0.0
20250721_074404_023,-2,31,31,-1.5,21.32172847746935,0.0880837440490722,0.0042717456817626,31,31.0,YOLO,1,32,0,21.32172847746935,0.0
20250721_074404_119,-2,31,31,-1.5,21.32172847746935,0.0934526920318603,0.0043210983276367,31,31.0,YOLO,1,32,0,21.32172847746935,0.0
20250721_074404_220,-2,31,31,-1.5,21.32172847746935,0.0869853496551513,0.0039565563201904,31,31.0,YOLO,1,32,0,21.32172847746935,0.0
20250721_074404_313,-2,31,31,-1.5,21.32172847746935,0.0897824764251709,0.003868818283081,31,31.0,YOLO,1,32,0,21.32172847746935,0.0
20250721_074404_410,-1,31,31,-1.5,20.985161754898968,0.0896296501159668,0.0041720867156982,31,31.0,YOLO,1,32,0,20.985161754898968,0.0
20250721_074404_507,-1,31,31,-1.5,20.985161754898968,0.0823402404785156,0.0041954517364501,31,31.0,YOLO,1,32,0,20.985161754898968,0.0
20250721_074404_596,-1,31,31,-1.5,20.985161754898968,0.0882565975189209,0.0043761730194091,31,31.0,YOLO,1,32,0,20.985161754898968,0.0
20250721_074404_692,-1,31,31,-1.5,20.985161754898968,0.0969531536102294,0.0041184425354003,31,31.0,YOLO,1,32,0,20.985161754898968,0.0
20250721_074404_796,-1,31,31,-1.5,20.985161754898968,0.0880024433135986,0.0041615962982177,31,31.0,YOLO,1,32,0,20.985161754898968,0.0
20250721_074404_891,-1,31,31,-1.5,20.985161754898968,0.0866546630859375,0.0040555000305175,31,31.0,YOLO,1,32,0,20.985161754898968,0.0
20250721_074404_985,-1,31,31,-1.5,20.985161754898968,0.0889167785644531,0.004335880279541,31,31.0,YOLO,1,32,0,20.985161754898968,0.0
20250721_074405_081,-1,31,31,-1.5,20.985161754898968,0.0883543491363525,0.0041747093200683,31,31.0,YOLO,1,32,0,20.985161754898968,0.0
20250721_074405_177,-1,31,31,-1.5,20.985161754898968,0.0867118835449218,0.0042612552642822,31,31.0,YOLO,1,32,0,20.985161754898968,0.0
20250721_074405_271,-1,31,31,-1.5,20.985161754898968,0.0883514881134033,0.0042595863342285,31,31.0,YOLO,1,32,0,20.985161754898968,0.0
20250721_074405_366,-1,31,31,-1.5,20.985161754898968,0.0968601703643798,0.0038862228393554,31,31.0,YOLO,1,32,0,20.985161754898968,0.0
20250721_074405_470,-1,31,31,-1.5,20.985161754898968,0.0816431045532226,0.004390001296997,31,31.0,YOLO,1,32,0,20.985161754898968,0.0
20250721_074405_559,-1,31,31,-1.5,20.985161754898968,0.0791926383972168,0.0040295124053955,31,31.0,YOLO,1,32,0,20.985161754898968,0.0
20250721_074405_645,-1,31,31,-1.5,20.985161754898968,0.091210126876831,0.0040404796600341,31,31.0,YOLO,1,32,0,20.985161754898968,0.0
20250721_074405_744,-1,31,31,-1.5,20.985161754898968,0.0899126529693603,0.0041942596435546,31,31.0,YOLO,1,32,0,20.985161754898968,0.0
20250721_074405_841,-1,31,31,-1.5,20.985161754898968,0.0898449420928955,0.0039129257202148,31,31.0,YOLO,1,32,0,20.985161754898968,0.0
20250721_074405_937,-1,31,31,-1.5,20.985161754898968,0.0808601379394531,0.0042686462402343,31,31.0,YOLO,1,32,0,20.985161754898968,0.0
20250721_074406_025,-1,30,30,-2.9,21.25458700468016,0.0958280563354492,0.0041761398315429,30,30.0,YOLO,1,32,0,21.25458700468016,0.0
20250721_074406_128,-1,30,30,-2.9,21.25458700468016,0.0905191898345947,0.0040380954742431,30,30.0,YOLO,1,32,0,21.25458700468016,0.0
20250721_074406_226,-1,30,30,-2.9,21.25458700468016,0.0896942615509033,0.0039191246032714,30,30.0,YOLO,1,32,0,21.25458700468016,0.0
20250721_074406_322,-1,30,30,-2.9,21.25458700468016,0.0922238826751709,0.0040125846862792,30,30.0,YOLO,1,32,0,21.25458700468016,0.0
20250721_074406_421,0,30,30,-2.9,20.97852816331165,0.0912363529205322,0.0042262077331542,30,30.0,YOLO,1,32,0,20.97852816331165,0.0
20250721_074406_520,0,31,31,-1.5,20.29527720658355,0.0968739986419677,0.0042452812194824,31,31.0,YOLO,1,32,0,20.29527720658355,0.0
20250721_074406_624,0,30,30,-2.9,20.97852816331165,0.0947120189666748,0.0042593479156494,30,30.0,YOLO,1,32,0,20.97852816331165,0.0
20250721_074406_726,0,30,30,-2.9,20.97852816331165,0.0920121669769287,0.0042765140533447,30,30.0,YOLO,1,32,0,20.97852816331165,0.0
20250721_074406_826,0,30,30,-2.9,20.97852816331165,0.0931429862976074,0.0043237209320068,30,30.0,YOLO,1,32,0,20.97852816331165,0.0
20250721_074406_926,0,30,30,-2.9,20.97852816331165,0.0850987434387207,0.0043263435363769,30,30.0,YOLO,1,32,0,20.97852816331165,0.0
20250721_074407_019,0,30,30,-2.9,20.97852816331165,0.1008839607238769,0.0042455196380615,30,30.0,YOLO,1,32,0,20.97852816331165,0.0
20250721_074407_127,0,30,30,-2.9,20.97852816331165,0.0877919197082519,0.0042636394500732,30,30.0,YOLO,1,32,0,20.97852816331165,0.0
20250721_074407_222,0,30,30,-2.9,20.97852816331165,0.0946364402770996,0.0040028095245361,30,30.0,YOLO,1,32,0,20.97852816331165,0.0
20250721_074407_324,0,30,30,-2.9,20.97852816331165,0.0825207233428955,0.0039036273956298,30,30.0,YOLO,1,32,0,20.97852816331165,0.0
20250721_074407_413,0,30,30,-2.9,20.97852816331165,0.0954020023345947,0.0042009353637695,30,30.0,YOLO,1,32,0,20.97852816331165,0.0
20250721_074407_516,0,30,30,-2.9,20.97852816331165,0.0996580123901367,0.0042266845703125,30,30.0,YOLO,1,32,0,20.97852816331165,0.0
20250721_074407_623,0,30,30,-2.9,20.97852816331165,0.081066608428955,0.004390001296997,30,30.0,YOLO,1,32,0,20.97852816331165,0.0
20250721_074407_711,0,30,30,-2.9,20.97852816331165,0.0844326019287109,0.0043563842773437,30,30.0,YOLO,1,32,0,20.97852816331165,0.0
20250721_074407_803,0,30,30,-2.9,20.97852816331165,0.0883712768554687,0.0042293071746826,30,30.0,YOLO,1,32,0,20.97852816331165,0.0
20250721_074407_899,0,30,30,-2.9,20.97852816331165,0.0917034149169921,0.0039103031158447,30,30.0,YOLO,1,32,0,20.97852816331165,0.0
20250721_074407_998,0,30,30,-2.9,20.97852816331165,0.0878429412841796,0.0042717456817626,30,30.0,YOLO,1,32,0,20.97852816331165,0.0
20250721_074408_093,0,30,30,-2.9,20.97852816331165,0.0836460590362548,0.0042171478271484,30,30.0,YOLO,1,32,0,20.97852816331165,0.0
20250721_074408_184,0,30,30,-2.9,20.97852816331165,0.0859589576721191,0.0042872428894042,30,30.0,YOLO,1,32,0,20.97852816331165,0.0
20250721_074408_277,0,30,30,-2.9,20.97852816331165,0.0809786319732666,0.0039184093475341,30,30.0,YOLO,1,32,0,20.97852816331165,0.0
20250721_074408_365,0,30,30,-2.9,20.97852816331165,0.0903360843658447,0.0040075778961181,30,30.0,YOLO,1,32,0,20.97852816331165,0.0
20250721_074408_462,1,30,30,-2.9,20.71910171723502,0.0913364887237548,0.0043134689331054,30,30.0,YOLO,1,32,0,20.71910171723502,0.0
20250721_074408_561,1,30,30,-2.9,20.71910171723502,0.0779247283935546,0.0040724277496337,30,30.0,YOLO,1,32,0,20.71910171723502,0.0
20250721_074408_646,1,29,29,-4.4,21.112046555562685,0.0888488292694091,0.0040252208709716,29,29.0,YOLO,1,32,0,21.112046555562685,0.0
20250721_074408_742,1,29,29,-4.4,21.112046555562685,0.0916380882263183,0.0042657852172851,29,29.0,YOLO,1,32,0,21.112046555562685,0.0
20250721_074408_841,1,29,29,-4.4,21.112046555562685,0.0839524269104003,0.0040507316589355,29,29.0,YOLO,1,32,0,21.112046555562685,0.0
20250721_074408_933,1,29,29,-4.4,21.112046555562685,0.0920462608337402,0.004204511642456,29,29.0,YOLO,1,32,0,21.112046555562685,0.0
20250721_074409_032,1,29,29,-4.4,21.112046555562685,0.0958645343780517,0.0041959285736083,29,29.0,YOLO,1,32,0,21.112046555562685,0.0
20250721_074409_135,1,29,29,-4.4,21.112046555562685,0.0882561206817627,0.0041556358337402,29,29.0,YOLO,1,32,0,21.112046555562685,0.0
20250721_074409_230,1,29,29,-4.4,21.112046555562685,0.0935983657836914,0.004446268081665,29,29.0,YOLO,1,32,0,21.112046555562685,0.0
20250721_074409_331,1,29,29,-4.4,21.112046555562685,0.0896902084350586,0.0038974285125732,29,29.0,YOLO,1,32,0,21.112046555562685,0.0
20250721_074409_427,1,29,29,-4.4,21.112046555562685,0.0928652286529541,0.0042145252227783,29,29.0,YOLO,1,32,0,21.112046555562685,0.0
20250721_074409_528,1,29,29,-4.4,21.112046555562685,0.0895395278930664,0.0043630599975585,29,29.0,YOLO,1,32,0,21.112046555562685,0.0
20250721_074409_624,1,29,29,-4.4,21.112046555562685,0.0931856632232666,0.0039734840393066,29,29.0,YOLO,1,32,0,21.112046555562685,0.0
20250721_074409_725,1,29,29,-4.4,21.112046555562685,0.0920522212982177,0.0040364265441894,29,29.0,YOLO,1,32,0,21.112046555562685,0.0
20250721_074409_824,1,29,29,-4.4,21.112046555562685,0.0848863124847412,0.0041849613189697,29,29.0,YOLO,1,32,0,21.112046555562685,0.0
20250721_074409_916,1,29,29,-4.4,21.112046555562685,0.0982131958007812,0.0042533874511718,29,29.0,YOLO,1,32,0,21.112046555562685,0.0
20250721_074410_021,1,29,29,-4.4,21.112046555562685,0.0912847518920898,0.0040283203125,29,29.0,YOLO,1,32,0,21.112046555562685,0.0
20250721_074410_120,1,29,29,-4.4,21.112046555562685,0.096440315246582,0.0042381286621093,29,29.0,YOLO,1,32,0,21.112046555562685,0.0
20250721_074410_224,1,29,29,-4.4,21.112046555562685,0.0872793197631836,0.0042884349822998,29,29.0,YOLO,1,32,0,21.112046555562685,0.0
20250721_074410_318,1,29,29,-4.4,21.112046555562685,0.0988252162933349,0.0042622089385986,29,29.0,YOLO,1,32,0,21.112046555562685,0.0
20250721_074410_424,2,29,29,-4.4,20.61133409978285,0.0944700241088867,0.0042774677276611,29,29.0,YOLO,1,32,0,20.61133409978285,0.0
20250721_074410_526,2,29,29,-4.4,20.61133409978285,0.0859088897705078,0.0044100284576416,29,29.0,YOLO,1,32,0,20.61133409978285,0.0
20250721_074410_620,2,29,29,-4.4,20.61133409978285,0.0922968387603759,0.004195213317871,29,29.0,YOLO,1,32,0,20.61133409978285,0.0
20250721_074410_719,2,28,28,-5.8,20.434968710706485,0.0953342914581298,0.0040321350097656,28,28.0,YOLO,1,32,0,20.434968710706485,0.0
20250721_074410_820,2,28,28,-5.8,20.434968710706485,0.0827605724334716,0.004216194152832,28,28.0,YOLO,1,32,0,20.434968710706485,0.0
20250721_074410_910,2,28,28,-5.8,20.434968710706485,0.0874333381652832,0.0042974948883056,28,28.0,YOLO,1,32,0,20.434968710706485,0.0
20250721_074411_005,2,28,28,-5.8,20.434968710706485,0.0842475891113281,0.0039880275726318,28,28.0,YOLO,1,32,0,20.434968710706485,0.0
20250721_074411_096,2,28,28,-5.8,20.434968710706485,0.0890123844146728,0.0041689872741699,28,28.0,YOLO,1,32,0,20.434968710706485,0.0
20250721_074411_192,2,28,28,-5.8,20.434968710706485,0.0968806743621826,0.0043082237243652,28,28.0,YOLO,1,32,0,20.434968710706485,0.0
20250721_074411_296,2,28,28,-5.8,20.434968710706485,0.0920865535736084,0.0039372444152832,28,28.0,YOLO,1,32,0,20.434968710706485,0.0
20250721_074411_395,2,28,28,-5.8,20.434968710706485,0.0875556468963623,0.0041272640228271,28,28.0,YOLO,1,32,0,20.434968710706485,0.0
20250721_074411_490,2,28,28,-5.8,20.434968710706485,0.0911874771118164,0.003791332244873,28,28.0,YOLO,1,32,0,20.434968710706485,0.0
20250721_074411_588,2,28,28,-5.8,20.434968710706485,0.0838079452514648,0.0042006969451904,28,28.0,YOLO,1,32,0,20.434968710706485,0.0
20250721_074411_679,2,28,28,-5.8,20.434968710706485,0.0851826667785644,0.0039179325103759,28,28.0,YOLO,1,32,0,20.434968710706485,0.0
20250721_074411_771,2,28,28,-5.8,20.434968710706485,0.0828073024749755,0.0042033195495605,28,28.0,YOLO,1,32,0,20.434968710706485,0.0
20250721_074411_861,2,28,28,-5.8,20.434968710706485,0.0901219844818115,0.0037417411804199,28,28.0,YOLO,1,32,0,20.434968710706485,0.0
20250721_074411_958,2,28,28,-5.8,20.434968710706485,0.1024518013000488,0.0043213367462158,28,28.0,YOLO,1,32,0,20.434968710706485,0.0
20250721_074412_067,2,28,28,-5.8,20.434968710706485,0.0899348258972168,0.0042521953582763,28,28.0,YOLO,1,32,0,20.434968710706485,0.0
20250721_074412_165,2,28,28,-5.8,20.434968710706485,0.0846543312072753,0.0042922496795654,28,28.0,YOLO,1,32,0,20.434968710706485,0.0
20250721_074412_257,2,28,28,-5.8,20.434968710706485,0.0928006172180175,0.0042033195495605,28,28.0,YOLO,1,32,0,20.434968710706485,0.0
20250721_074412_357,2,28,28,-5.8,20.434968710706485,0.0991060733795166,0.0041241645812988,28,28.0,YOLO,1,32,0,20.434968710706485,0.0
20250721_074412_462,3,28,28,-5.8,20.453825141565066,0.0905072689056396,0.0039379596710205,28,28.0,YOLO,1,32,0,20.453825141565066,0.0
20250721_074412_559,3,28,28,-5.8,20.453825141565066,0.0996460914611816,0.00419282913208,28,28.0,YOLO,1,32,0,20.453825141565066,0.0
20250721_074412_666,3,28,28,-5.8,20.453825141565066,0.0894117355346679,0.0042214393615722,28,28.0,YOLO,1,32,0,20.453825141565066,0.0
20250721_074412_763,3,28,28,-5.8,20.453825141565066,0.0843145847320556,0.0043377876281738,28,28.0,YOLO,1,32,0,20.453825141565066,0.0
20250721_074412_855,3,28,28,-5.8,20.453825141565066,0.0860965251922607,0.0039710998535156,28,28.0,YOLO,1,32,0,20.453825141565066,0.0
20250721_074412_948,3,28,28,-5.8,20.453825141565066,0.0958960056304931,0.004387617111206,28,28.0,YOLO,1,32,0,20.453825141565066,0.0
20250721_074413_052,3,28,28,-5.8,20.453825141565066,0.0888805389404296,0.0042777061462402,28,28.0,YOLO,1,32,0,20.453825141565066,0.0
20250721_074413_147,3,28,28,-5.8,20.453825141565066,0.0813982486724853,0.0043911933898925,28,28.0,YOLO,1,32,0,20.453825141565066,0.0
20250721_074413_236,3,28,28,-5.8,20.453825141565066,0.0856802463531494,0.0042366981506347,28,28.0,YOLO,1,32,0,20.453825141565066,0.0
20250721_074413_329,3,28,28,-5.8,20.453825141565066,0.0958802700042724,0.003882884979248,28,28.0,YOLO,1,32,0,20.453825141565066,0.0
20250721_074413_431,3,28,28,-5.8,20.453825141565066,0.0995984077453613,0.00423264503479,28,28.0,YOLO,1,32,0,20.453825141565066,0.0
20250721_074413_538,3,28,28,-5.8,20.453825141565066,0.093895673751831,0.0039839744567871,28,28.0,YOLO,1,32,0,20.453825141565066,0.0
20250721_074413_639,3,28,28,-5.8,20.453825141565066,0.0951619148254394,0.0043001174926757,28,28.0,YOLO,1,32,0,20.453825141565066,0.0
20250721_074413_742,3,28,28,-5.8,20.453825141565066,0.0918662548065185,0.0042738914489746,28,28.0,YOLO,1,32,0,20.453825141565066,0.0
20250721_074413_841,3,28,28,-5.8,20.453825141565066,0.0843582153320312,0.00392746925354,28,28.0,YOLO,1,32,0,20.453825141565066,0.0
20250721_074413_932,3,28,28,-5.8,20.453825141565066,0.0912497043609619,0.0042243003845214,28,28.0,YOLO,1,32,0,20.453825141565066,0.0
20250721_074414_030,3,28,28,-5.8,20.453825141565066,0.0964245796203613,0.0042700767517089,28,28.0,YOLO,1,32,0,20.453825141565066,0.0
20250721_074414_134,3,28,28,-5.8,20.453825141565066,0.0887336730957031,0.0042355060577392,28,28.0,YOLO,1,32,0,20.453825141565066,0.0
20250721_074414_230,3,28,28,-5.8,20.453825141565066,0.0972459316253662,0.0038728713989257,28,28.0,YOLO,1,32,0,20.453825141565066,0.0
20250721_074414_334,3,28,28,-5.8,20.453825141565066,0.0910799503326416,0.0042376518249511,28,28.0,YOLO,1,32,0,20.453825141565066,0.0
20250721_074414_433,4,28,28,-5.8,19.9725834748274,0.0913221836090087,0.0044732093811035,28,28.0,YOLO,1,32,0,19.9725834748274,0.0
20250721_074414_532,4,28,28,-5.8,19.9725834748274,0.09952974319458,0.0043261051177978,28,28.0,YOLO,1,32,0,19.9725834748274,0.0
20250721_074414_639,4,27,27,-7.3,20.56187537739349,0.0931289196014404,0.0042557716369628,27,27.0,YOLO,1,32,0,20.56187537739349,0.0
20250721_074414_739,4,27,27,-7.3,20.56187537739349,0.088679552078247,0.0039942264556884,27,27.0,YOLO,1,32,0,20.56187537739349,0.0
20250721_074414_835,4,27,27,-7.3,20.56187537739349,0.1009266376495361,0.0040521621704101,27,27.0,YOLO,1,32,0,20.56187537739349,0.0
20250721_074414_943,4,27,27,-7.3,20.56187537739349,0.0989577770233154,0.0040340423583984,27,27.0,YOLO,1,32,0,20.56187537739349,0.0
20250721_074415_049,4,27,27,-7.3,20.56187537739349,0.0964996814727783,0.0044934749603271,27,27.0,YOLO,1,32,0,20.56187537739349,0.0
20250721_074415_153,4,27,27,-7.3,20.56187537739349,0.0874469280242919,0.0039770603179931,27,27.0,YOLO,1,32,0,20.56187537739349,0.0
20250721_074415_248,4,27,27,-7.3,20.56187537739349,0.0990931987762451,0.0042557716369628,27,27.0,YOLO,1,32,0,20.56187537739349,0.0
20250721_074415_354,4,27,27,-7.3,20.56187537739349,0.0967464447021484,0.0042970180511474,27,27.0,YOLO,1,32,0,20.56187537739349,0.0
20250721_074415_458,4,27,27,-7.3,20.56187537739349,0.0836851596832275,0.0042898654937744,27,27.0,YOLO,1,32,0,20.56187537739349,0.0
20250721_074415_550,4,27,27,-7.3,20.56187537739349,0.0895485877990722,0.0041379928588867,27,27.0,YOLO,1,32,0,20.56187537739349,0.0
20250721_074415_646,4,27,27,-7.3,20.56187537739349,0.1004743576049804,0.0041677951812744,27,27.0,YOLO,1,32,0,20.56187537739349,0.0
20250721_074415_754,4,27,27,-7.3,20.56187537739349,0.0871288776397705,0.0042295455932617,27,27.0,YOLO,1,32,0,20.56187537739349,0.0
20250721_074415_848,4,27,27,-7.3,20.56187537739349,0.0847866535186767,0.0039308071136474,27,27.0,YOLO,1,32,0,20.56187537739349,0.0
20250721_074415_940,4,27,27,-7.3,20.56187537739349,0.0882010459899902,0.0042173862457275,27,27.0,YOLO,1,32,0,20.56187537739349,0.0
20250721_074416_035,4,27,27,-7.3,20.56187537739349,0.0980379581451416,0.0042657852172851,27,27.0,YOLO,1,32,0,20.56187537739349,0.0
20250721_074416_140,4,27,27,-7.3,20.56187537739349,0.0874927043914794,0.0043120384216308,27,27.0,YOLO,1,32,0,20.56187537739349,0.0
20250721_074416_236,4,27,27,-7.3,20.56187537739349,0.0937840938568115,0.0042595863342285,27,27.0,YOLO,1,32,0,20.56187537739349,0.0
20250721_074416_337,4,27,27,-7.3,20.56187537739349,0.086869478225708,0.0042057037353515,27,27.0,YOLO,1,32,0,20.56187537739349,0.0
20250721_074416_431,5,27,27,-7.3,20.418760090819944,0.0906975269317627,0.0040936470031738,27,27.0,YOLO,1,32,0,20.418760090819944,0.0
20250721_074416_529,5,27,27,-7.3,20.418760090819944,0.0882596969604492,0.0041399002075195,27,27.0,YOLO,1,32,0,20.418760090819944,0.0
20250721_074416_624,5,27,27,-7.3,20.418760090819944,0.0838778018951416,0.0042388439178466,27,27.0,YOLO,1,32,0,20.418760090819944,0.0
20250721_074416_716,5,27,27,-7.3,20.418760090819944,0.0893335342407226,0.0042901039123535,27,27.0,YOLO,1,32,0,20.418760090819944,0.0
20250721_074416_812,5,26,26,-8.7,20.74878966962234,0.0922768115997314,0.0041120052337646,26,26.0,YOLO,1,32,0,20.74878966962234,0.0
20250721_074416_912,5,26,26,-8.7,20.74878966962234,0.0907602310180664,0.00411057472229,26,26.0,YOLO,1,32,0,20.74878966962234,0.0
20250721_074417_010,5,26,26,-8.7,20.74878966962234,0.0901784896850586,0.0043575763702392,26,26.0,YOLO,1,32,0,20.74878966962234,0.0
20250721_074417_108,5,26,26,-8.7,20.74878966962234,0.0923423767089843,0.0041422843933105,26,26.0,YOLO,1,32,0,20.74878966962234,0.0
20250721_074417_207,5,26,26,-8.7,20.74878966962234,0.0854060649871826,0.0042405128479003,26,26.0,YOLO,1,32,0,20.74878966962234,0.0
20250721_074417_300,5,26,26,-8.7,20.74878966962234,0.0856168270111084,0.0043191909790039,26,26.0,YOLO,1,32,0,20.74878966962234,0.0
20250721_074417_393,5,26,26,-8.7,20.74878966962234,0.1015727519989013,0.0040204524993896,26,26.0,YOLO,1,32,0,20.74878966962234,0.0
20250721_074417_502,5,26,26,-8.7,20.74878966962234,0.0908954143524169,0.0038626194000244,26,26.0,YOLO,1,32,0,20.74878966962234,0.0
20250721_074417_599,5,26,26,-8.7,20.74878966962234,0.0893149375915527,0.0042712688446044,26,26.0,YOLO,1,32,0,20.74878966962234,0.0
20250721_074417_696,5,26,26,-8.7,20.74878966962234,0.0949008464813232,0.0041267871856689,26,26.0,YOLO,1,32,0,20.74878966962234,0.0
20250721_074417_798,5,26,26,-8.7,20.74878966962234,0.0910210609436035,0.0040223598480224,26,26.0,YOLO,1,32,0,20.74878966962234,0.0
20250721_074417_896,5,26,26,-8.7,20.74878966962234,0.0933914184570312,0.003997802734375,26,26.0,YOLO,1,32,0,20.74878966962234,0.0
20250721_074417_997,5,26,26,-8.7,20.74878966962234,0.0991420745849609,0.0041565895080566,26,26.0,YOLO,1,32,0,20.74878966962234,0.0
20250721_074418_103,5,26,26,-8.7,20.74878966962234,0.0961079597473144,0.0039982795715332,26,26.0,YOLO,1,32,0,20.74878966962234,0.0
20250721_074418_206,5,26,26,-8.7,20.74878966962234,0.0884320735931396,0.0044310092926025,26,26.0,YOLO,1,32,0,20.74878966962234,0.0
20250721_074418_302,5,26,26,-8.7,20.74878966962234,0.0860884189605712,0.0042369365692138,26,26.0,YOLO,1,32,0,20.74878966962234,0.0
20250721_074418_395,6,26,26,-8.7,20.74878966962234,0.0909044742584228,0.0044105052947998,26,26.0,YOLO,1,32,0,20.74878966962234,0.0
20250721_074418_494,6,27,27,-7.3,19.69794720604873,0.0902729034423828,0.0040779113769531,27,27.0,YOLO,1,32,0,19.69794720604873,0.0
20250721_074418_591,6,26,26,-8.7,20.31358893936134,0.0881397724151611,0.003911018371582,26,26.0,YOLO,1,32,0,20.31358893936134,0.0
20250721_074418_686,6,26,26,-8.7,20.31358893936134,0.0871102809906005,0.0039899349212646,26,26.0,YOLO,1,32,0,20.31358893936134,0.0
20250721_074418_780,6,26,26,-8.7,20.31358893936134,0.1007359027862548,0.0042116641998291,26,26.0,YOLO,1,32,0,20.31358893936134,0.0
20250721_074418_888,6,26,26,-8.7,20.31358893936134,0.0828378200531005,0.0039622783660888,26,26.0,YOLO,1,32,0,20.31358893936134,0.0
20250721_074418_978,6,26,26,-8.7,20.31358893936134,0.0960752964019775,0.0046417713165283,26,26.0,YOLO,1,32,0,20.31358893936134,0.0
20250721_074419_081,6,26,26,-8.7,20.31358893936134,0.0946369171142578,0.0041100978851318,26,26.0,YOLO,1,32,0,20.31358893936134,0.0
20250721_074419_183,6,26,26,-8.7,20.31358893936134,0.0995228290557861,0.0039098262786865,26,26.0,YOLO,1,32,0,20.31358893936134,0.0
20250721_074419_290,6,26,26,-8.7,20.31358893936134,0.0872106552124023,0.0043458938598632,26,26.0,YOLO,1,32,0,20.31358893936134,0.0
20250721_074419_384,6,26,26,-8.7,20.31358893936134,0.0836679935455322,0.0041587352752685,26,26.0,YOLO,1,32,0,20.31358893936134,0.0
20250721_074419_475,6,26,26,-8.7,20.31358893936134,0.0906543731689453,0.0039622783660888,26,26.0,YOLO,1,32,0,20.31358893936134,0.0
20250721_074419_573,6,26,26,-8.7,20.31358893936134,0.1017508506774902,0.0040836334228515,26,26.0,YOLO,1,32,0,20.31358893936134,0.0
20250721_074419_681,6,26,26,-8.7,20.31358893936134,0.0897018909454345,0.0042364597320556,26,26.0,YOLO,1,32,0,20.31358893936134,0.0
20250721_074419_778,6,26,26,-8.7,20.31358893936134,0.0879840850830078,0.0039570331573486,26,26.0,YOLO,1,32,0,20.31358893936134,0.0
20250721_074419_873,6,26,26,-8.7,20.31358893936134,0.0970137119293212,0.0042557716369628,26,26.0,YOLO,1,32,0,20.31358893936134,0.0
20250721_074419_978,6,26,26,-8.7,20.31358893936134,0.0896201133728027,0.0041589736938476,26,26.0,YOLO,1,32,0,20.31358893936134,0.0
20250721_074420_074,6,26,26,-8.7,20.31358893936134,0.0879578590393066,0.0041778087615966,26,26.0,YOLO,1,32,0,20.31358893936134,0.0
20250721_074420_169,6,26,26,-8.7,20.31358893936134,0.0988173484802246,0.0042712688446044,26,26.0,YOLO,1,32,0,20.31358893936134,0.0
20250721_074420_275,6,26,26,-8.7,20.31358893936134,0.0914204120635986,0.0042288303375244,26,26.0,YOLO,1,32,0,20.31358893936134,0.0
20250721_074420_374,6,26,26,-8.7,20.31358893936134,0.0831544399261474,0.0041906833648681,26,26.0,YOLO,1,32,0,20.31358893936134,0.0
20250721_074420_464,7,26,26,-8.7,19.88555987135001,0.0913529396057128,0.0042195320129394,26,26.0,YOLO,1,32,0,19.88555987135001,0.0
20250721_074420_563,7,26,26,-8.7,19.88555987135001,0.1015241146087646,0.0042028427124023,26,26.0,YOLO,1,32,0,19.88555987135001,0.0
20250721_074420_672,7,25,25,-10.2,20.488052313921315,0.0891919136047363,0.0043702125549316,25,25.0,YOLO,1,32,0,20.488052313921315,0.0
20250721_074420_768,7,25,25,-10.2,20.488052313921315,0.0905296802520752,0.0042240619659423,25,25.0,YOLO,1,32,0,20.488052313921315,0.0
20250721_074420_866,7,25,25,-10.2,20.488052313921315,0.095456838607788,0.0043306350708007,25,25.0,YOLO,1,32,0,20.488052313921315,0.0
20250721_074420_969,7,25,25,-10.2,20.488052313921315,0.0957658290863037,0.0043141841888427,25,25.0,YOLO,1,32,0,20.488052313921315,0.0
20250721_074421_072,7,25,25,-10.2,20.488052313921315,0.0828785896301269,0.0039789676666259,25,25.0,YOLO,1,32,0,20.488052313921315,0.0
20250721_074421_162,7,25,25,-10.2,20.488052313921315,0.0915894508361816,0.0043165683746337,25,25.0,YOLO,1,32,0,20.488052313921315,0.0
20250721_074421_261,7,25,25,-10.2,20.488052313921315,0.0940747261047363,0.0041744709014892,25,25.0,YOLO,1,32,0,20.488052313921315,0.0
20250721_074421_362,7,25,25,-10.2,20.488052313921315,0.1017980575561523,0.0042636394500732,25,25.0,YOLO,1,32,0,20.488052313921315,0.0
20250721_074421_472,7,25,25,-10.2,20.488052313921315,0.0947396755218505,0.0041799545288085,25,25.0,YOLO,1,32,0,20.488052313921315,0.0
20250721_074421_573,7,25,25,-10.2,20.488052313921315,0.0837724208831787,0.0043170452117919,25,25.0,YOLO,1,32,0,20.488052313921315,0.0
20250721_074421_665,7,25,25,-10.2,20.488052313921315,0.0945267677307128,0.0042190551757812,25,25.0,YOLO,1,32,0,20.488052313921315,0.0
20250721_074421_766,7,25,25,-10.2,20.488052313921315,0.1022312641143798,0.0042505264282226,25,25.0,YOLO,1,32,0,20.488052313921315,0.0
20250721_074421_876,7,25,25,-10.2,20.488052313921315,0.0880835056304931,0.0040915012359619,25,25.0,YOLO,1,32,0,20.488052313921315,0.0
20250721_074421_971,7,25,25,-10.2,20.488052313921315,0.0907001495361328,0.0043542385101318,25,25.0,YOLO,1,32,0,20.488052313921315,0.0
20250721_074422_069,7,25,25,-10.2,20.488052313921315,0.0852227210998535,0.0039246082305908,25,25.0,YOLO,1,32,0,20.488052313921315,0.0
20250721_074422_161,7,25,25,-10.2,20.488052313921315,0.0894184112548828,0.0042381286621093,25,25.0,YOLO,1,32,0,20.488052313921315,0.0
20250721_074422_258,7,25,25,-10.2,20.488052313921315,0.0974988937377929,0.0039083957672119,25,25.0,YOLO,1,32,0,20.488052313921315,0.0
20250721_074422_362,7,25,25,-10.2,20.488052313921315,0.0974283218383789,0.0040524005889892,25,25.0,YOLO,1,32,0,20.488052313921315,0.0
20250721_074422_467,8,25,25,-10.2,19.900117664197523,0.0944864749908447,0.0048496723175048,25,25.0,YOLO,1,32,0,19.900117664197523,0.0
20250721_074422_569,8,25,25,-10.2,19.900117664197523,0.0907714366912841,0.0042395591735839,25,25.0,YOLO,1,32,0,19.900117664197523,0.0
20250721_074422_668,8,24,24,-11.6,20.658205545480342,0.088418960571289,0.004249095916748,24,24.0,YOLO,1,32,0,20.658205545480342,0.0
20250721_074422_763,8,24,24,-11.6,20.658205545480342,0.0860037803649902,0.0020737648010253,24,24.0,YOLO,1,32,0,20.658205545480342,0.0
20250721_074422_853,8,24,24,-11.6,20.658205545480342,0.0877537727355957,0.0035419464111328,24,24.0,YOLO,1,32,0,20.658205545480342,0.0
20250721_074422_947,8,24,24,-11.6,20.658205545480342,0.0950400829315185,0.004159927368164,24,24.0,YOLO,1,32,0,20.658205545480342,0.0
20250721_074423_049,8,24,24,-11.6,20.658205545480342,0.0902445316314697,0.004443883895874,24,24.0,YOLO,1,32,0,20.658205545480342,0.0
20250721_074423_147,8,24,24,-11.6,20.658205545480342,0.0920500755310058,0.0040504932403564,24,24.0,YOLO,1,32,0,20.658205545480342,0.0
20250721_074423_246,8,24,24,-11.6,20.658205545480342,0.0875589847564697,0.0039150714874267,24,24.0,YOLO,1,32,0,20.658205545480342,0.0
20250721_074423_341,8,24,24,-11.6,20.658205545480342,0.093008279800415,0.0036475658416748,24,24.0,YOLO,1,32,0,20.658205545480342,0.0
20250721_074423_440,8,24,24,-11.6,20.658205545480342,0.0991818904876709,0.0042445659637451,24,24.0,YOLO,1,32,0,20.658205545480342,0.0
20250721_074423_547,8,24,24,-11.6,20.658205545480342,0.0871596336364746,0.0040919780731201,24,24.0,YOLO,1,32,0,20.658205545480342,0.0
20250721_074423_641,8,24,24,-11.6,20.658205545480342,0.0901718139648437,0.0042424201965332,24,24.0,YOLO,1,32,0,20.658205545480342,0.0
20250721_074423_738,8,24,24,-11.6,20.658205545480342,0.0945518016815185,0.0045268535614013,24,24.0,YOLO,1,32,0,20.658205545480342,0.0
20250721_074423_840,8,25,25,-10.2,19.900117664197523,0.094165563583374,0.0043439865112304,25,25.0,YOLO,1,32,0,19.900117664197523,0.0
20250721_074423_942,8,25,25,-10.2,19.900117664197523,0.0892846584320068,0.0042881965637207,25,25.0,YOLO,1,32,0,19.900117664197523,0.0
20250721_074424_039,8,25,25,-10.2,19.900117664197523,0.0958735942840576,0.0041749477386474,25,25.0,YOLO,1,32,0,19.900117664197523,0.0
20250721_074424_142,8,25,25,-10.2,19.900117664197523,0.0941317081451416,0.0043005943298339,25,25.0,YOLO,1,32,0,19.900117664197523,0.0
20250721_074424_243,8,25,25,-10.2,19.900117664197523,0.085834264755249,0.0042500495910644,25,25.0,YOLO,1,32,0,19.900117664197523,0.0
20250721_074424_337,8,25,25,-10.2,19.900117664197523,0.0895366668701171,0.0042181015014648,25,25.0,YOLO,1,32,0,19.900117664197523,0.0
20250721_074424_433,9,25,25,-10.2,18.756975783738,0.0944578647613525,0.0110838413238525,25,24.0,NeighborSearch,2,32,0,19.97815232910176,-1.0
20250721_074424_542,9,25,25,-10.2,18.756975783738,0.0915424823760986,0.0112969875335693,25,24.0,NeighborSearch,2,32,0,19.97815232910176,-1.0
20250721_074424_648,9,24,24,-11.6,19.97815232910176,0.0912988185882568,0.0042963027954101,24,24.0,YOLO,1,32,0,19.97815232910176,0.0
20250721_074424_746,9,24,24,-11.6,19.97815232910176,0.0891501903533935,0.0041780471801757,24,24.0,YOLO,1,32,0,19.97815232910176,0.0
20250721_074424_843,9,24,24,-11.6,19.97815232910176,0.0895814895629882,0.0041620731353759,24,24.0,YOLO,1,32,0,19.97815232910176,0.0
20250721_074424_939,9,24,24,-11.6,19.97815232910176,0.0858376026153564,0.0039210319519042,24,24.0,YOLO,1,32,0,19.97815232910176,0.0
20250721_074425_032,9,24,24,-11.6,19.97815232910176,0.0989611148834228,0.0042462348937988,24,24.0,YOLO,1,32,0,19.97815232910176,0.0
20250721_074425_138,9,24,24,-11.6,19.97815232910176,0.0852940082550048,0.0042643547058105,24,24.0,YOLO,1,32,0,19.97815232910176,0.0
20250721_074425_231,9,24,24,-11.6,19.97815232910176,0.0879201889038086,0.0042569637298583,24,24.0,YOLO,1,32,0,19.97815232910176,0.0
20250721_074425_326,9,24,24,-11.6,19.97815232910176,0.0972347259521484,0.0039029121398925,24,24.0,YOLO,1,32,0,19.97815232910176,0.0
20250721_074425_430,9,24,24,-11.6,19.97815232910176,0.1003131866455078,0.0041494369506835,24,24.0,YOLO,1,32,0,19.97815232910176,0.0
20250721_074425_538,9,24,24,-11.6,19.97815232910176,0.084768533706665,0.0039050579071044,24,24.0,YOLO,1,32,0,19.97815232910176,0.0
20250721_074425_630,9,24,24,-11.6,19.97815232910176,0.0914039611816406,0.0041902065277099,24,24.0,YOLO,1,32,0,19.97815232910176,0.0
20250721_074425_728,9,24,24,-11.6,19.97815232910176,0.0869374275207519,0.0041637420654296,24,24.0,YOLO,1,32,0,19.97815232910176,0.0
20250721_074425_822,9,24,24,-11.6,19.97815232910176,0.0846872329711914,0.0042605400085449,24,24.0,YOLO,1,32,0,19.97815232910176,0.0
20250721_074425_914,9,24,24,-11.6,19.97815232910176,0.090472936630249,0.0039291381835937,24,24.0,YOLO,1,32,0,19.97815232910176,0.0
20250721_074426_011,9,24,24,-11.6,19.97815232910176,0.0973041057586669,0.004296064376831,24,24.0,YOLO,1,32,0,19.97815232910176,0.0
20250721_074426_116,9,24,24,-11.6,19.97815232910176,0.0892777442932128,0.0039000511169433,24,24.0,YOLO,1,32,0,19.97815232910176,0.0
20250721_074426_212,9,24,24,-11.6,19.97815232910176,0.0917544364929199,0.0042455196380615,24,24.0,YOLO,1,32,0,19.97815232910176,0.0
20250721_074426_311,9,24,24,-11.6,19.97815232910176,0.0878717899322509,0.0036671161651611,24,24.0,YOLO,1,32,0,19.97815232910176,0.0
20250721_074426_405,10,24,24,-11.6,19.746905733684983,0.0945425033569336,0.0042290687561035,24,24.0,YOLO,1,32,0,19.746905733684983,0.0
20250721_074426_507,10,24,24,-11.6,19.746905733684983,0.0906074047088623,0.0043473243713378,24,24.0,YOLO,1,32,0,19.746905733684983,0.0
20250721_074426_605,10,23,23,-13.1,20.17191501366064,0.0875558853149414,0.0042028427124023,23,23.0,YOLO,1,32,0,20.17191501366064,0.0
20250721_074426_700,10,23,23,-13.1,20.17191501366064,0.0822310447692871,0.0043590068817138,23,23.0,YOLO,1,32,0,20.17191501366064,0.0
20250721_074426_789,10,23,23,-13.1,20.17191501366064,0.0905649662017822,0.0044810771942138,23,23.0,YOLO,1,32,0,20.17191501366064,0.0
20250721_074426_888,10,23,23,-13.1,20.17191501366064,0.0928757190704345,0.0039327144622802,23,23.0,YOLO,1,32,0,20.17191501366064,0.0
20250721_074426_987,10,23,23,-13.1,20.17191501366064,0.0863165855407714,0.0042946338653564,23,23.0,YOLO,1,32,0,20.17191501366064,0.0
20250721_074427_080,10,23,23,-13.1,20.17191501366064,0.0889210700988769,0.0043480396270751,23,23.0,YOLO,1,32,0,20.17191501366064,0.0
20250721_074427_176,10,23,23,-13.1,20.17191501366064,0.0834207534790039,0.0042080879211425,23,23.0,YOLO,1,32,0,20.17191501366064,0.0
20250721_074427_267,10,23,23,-13.1,20.17191501366064,0.0903754234313964,0.0044906139373779,23,23.0,YOLO,1,32,0,20.17191501366064,0.0
20250721_074427_365,10,23,23,-13.1,20.17191501366064,0.0933618545532226,0.0041718482971191,23,23.0,YOLO,1,32,0,20.17191501366064,0.0
20250721_074427_466,10,23,23,-13.1,20.17191501366064,0.0881426334381103,0.0044023990631103,23,23.0,YOLO,1,32,0,20.17191501366064,0.0
20250721_074427_562,10,23,23,-13.1,20.17191501366064,0.0886080265045166,0.0043647289276123,23,23.0,YOLO,1,32,0,20.17191501366064,0.0
20250721_074427_658,10,23,23,-13.1,20.17191501366064,0.0893731117248535,0.00435471534729,23,23.0,YOLO,1,32,0,20.17191501366064,0.0
20250721_074427_755,10,23,23,-13.1,20.17191501366064,0.1010286808013916,0.0019989013671875,23,23.0,YOLO,1,32,0,20.17191501366064,0.0
20250721_074427_859,10,23,23,-13.1,20.17191501366064,0.0912878513336181,0.0039277076721191,23,23.0,YOLO,1,32,0,20.17191501366064,0.0
20250721_074427_957,10,23,23,-13.1,20.17191501366064,0.098412275314331,0.0042493343353271,23,23.0,YOLO,1,32,0,20.17191501366064,0.0
20250721_074428_063,10,23,23,-13.1,20.17191501366064,0.0877232551574707,0.0040013790130615,23,23.0,YOLO,1,32,0,20.17191501366064,0.0
20250721_074428_157,10,23,23,-13.1,20.17191501366064,0.0882849693298339,0.0042073726654052,23,23.0,YOLO,1,32,0,20.17191501366064,0.0
20250721_074428_253,10,23,23,-13.1,20.17191501366064,0.0931875705718994,0.0042448043823242,23,23.0,YOLO,1,32,0,20.17191501366064,0.0
20250721_074428_353,10,23,23,-13.1,20.17191501366064,0.0962069034576416,0.0041968822479248,23,23.0,YOLO,1,32,0,20.17191501366064,0.0
20250721_074428_457,11,23,23,-13.1,20.04937434575648,0.0906240940093994,0.0019123554229736,23,23.0,YOLO,1,32,0,20.04937434575648,0.0
20250721_074428_550,11,23,23,-13.1,20.04937434575648,0.0981175899505615,0.0043244361877441,23,23.0,YOLO,1,32,0,20.04937434575648,0.0
20250721_074428_656,11,22,22,-14.5,20.54678771260461,0.0823748111724853,0.0042743682861328,22,22.0,YOLO,1,32,0,20.54678771260461,0.0
20250721_074428_746,11,22,22,-14.5,20.54678771260461,0.0893745422363281,0.0039963722229003,22,22.0,YOLO,1,32,0,20.54678771260461,0.0
20250721_074428_842,11,22,22,-14.5,20.54678771260461,0.0891613960266113,0.0038745403289794,22,22.0,YOLO,1,32,0,20.54678771260461,0.0
20250721_074428_938,11,22,22,-14.5,20.54678771260461,0.0960729122161865,0.0042247772216796,22,22.0,YOLO,1,32,0,20.54678771260461,0.0
20250721_074429_041,11,22,22,-14.5,20.54678771260461,0.0916082859039306,0.0021593570709228,22,22.0,YOLO,1,32,0,20.54678771260461,0.0
20250721_074429_136,11,22,22,-14.5,20.54678771260461,0.0844528675079345,0.0048892498016357,22,22.0,YOLO,1,32,0,20.54678771260461,0.0
20250721_074429_227,11,22,22,-14.5,20.54678771260461,0.0884373188018798,0.0020177364349365,22,22.0,YOLO,1,32,0,20.54678771260461,0.0
20250721_074429_319,11,22,22,-14.5,20.54678771260461,0.0905807018280029,0.0019433498382568,22,22.0,YOLO,1,32,0,20.54678771260461,0.0
20250721_074429_413,11,22,22,-14.5,20.54678771260461,0.0994167327880859,0.0020184516906738,22,22.0,YOLO,1,32,0,20.54678771260461,0.0
20250721_074429_515,11,22,22,-14.5,20.54678771260461,0.0881760120391845,0.0020220279693603,22,22.0,YOLO,1,32,0,20.54678771260461,0.0
20250721_074429_607,11,22,22,-14.5,20.54678771260461,0.090118408203125,0.0019600391387939,22,22.0,YOLO,1,32,0,20.54678771260461,0.0
20250721_074429_700,11,22,22,-14.5,20.54678771260461,0.0886764526367187,0.00199556350708,22,22.0,YOLO,1,32,0,20.54678771260461,0.0
20250721_074429_792,11,22,22,-14.5,20.54678771260461,0.0936279296875,0.0020127296447753,22,22.0,YOLO,1,32,0,20.54678771260461,0.0
20250721_074429_889,11,22,22,-14.5,20.54678771260461,0.0965309143066406,0.0019664764404296,22,22.0,YOLO,1,32,0,20.54678771260461,0.0
20250721_074429_989,11,22,22,-14.5,20.54678771260461,0.0967040061950683,0.0019550323486328,22,22.0,YOLO,1,32,0,20.54678771260461,0.0
20250721_074430_089,11,22,22,-14.5,20.54678771260461,0.0917263031005859,0.0019905567169189,22,22.0,YOLO,1,32,0,20.54678771260461,0.0
20250721_074430_184,11,22,22,-14.5,20.54678771260461,0.0911676883697509,0.0019834041595458,22,22.0,YOLO,1,32,0,20.54678771260461,0.0
20250721_074430_278,11,22,22,-14.5,20.54678771260461,0.0960040092468261,0.002044677734375,22,22.0,YOLO,1,32,0,20.54678771260461,0.0
20250721_074430_377,11,22,22,-14.5,20.54678771260461,0.0917890071868896,0.0021066665649414,22,22.0,YOLO,1,32,0,20.54678771260461,0.0
20250721_074430_472,12,22,22,-14.5,20.54672779947917,0.0938940048217773,0.0020143985748291,22,22.0,YOLO,1,32,0,20.54672779947917,0.0
20250721_074430_570,12,22,22,-14.5,20.54672779947917,0.0950381755828857,0.001941442489624,22,22.0,YOLO,1,32,0,20.54672779947917,0.0
20250721_074430_668,12,22,22,-14.5,20.54672779947917,0.0815842151641845,0.0018932819366455,22,22.0,YOLO,1,32,0,20.54672779947917,0.0
20250721_074430_753,12,22,22,-14.5,20.54672779947917,0.0842564105987548,0.0038700103759765,22,22.0,YOLO,1,32,0,20.54672779947917,0.0
20250721_074430_844,12,22,22,-14.5,20.54672779947917,0.0885670185089111,0.003767967224121,22,22.0,YOLO,1,32,0,20.54672779947917,0.0
20250721_074430_939,12,21,21,-16.0,20.62812845760704,0.0887484550476074,0.0039088726043701,21,21.0,YOLO,1,32,0,20.62812845760704,0.0
20250721_074431_034,12,22,22,-14.5,20.54672779947917,0.0887055397033691,0.0042722225189208,22,22.0,YOLO,1,32,0,20.54672779947917,0.0
20250721_074431_130,12,21,21,-16.0,20.62812845760704,0.0838282108306884,0.00441575050354,21,21.0,YOLO,1,32,0,20.62812845760704,0.0
20250721_074431_222,12,21,21,-16.0,20.62812845760704,0.0881996154785156,0.0044498443603515,21,21.0,YOLO,1,32,0,20.62812845760704,0.0
20250721_074431_318,12,21,21,-16.0,20.62812845760704,0.0956172943115234,0.0039422512054443,21,21.0,YOLO,1,32,0,20.62812845760704,0.0
20250721_074431_420,12,21,21,-16.0,20.62812845760704,0.0891437530517578,0.0039682388305664,21,21.0,YOLO,1,32,0,20.62812845760704,0.0
20250721_074431_516,12,21,21,-16.0,20.62812845760704,0.1141164302825927,0.002713918685913,21,21.0,YOLO,1,32,0,20.62812845760704,0.0
20250721_074431_635,12,21,21,-16.0,20.62812845760704,0.0898773670196533,0.0020532608032226,21,21.0,YOLO,1,32,0,20.62812845760704,0.0
20250721_074431_728,12,22,22,-14.5,20.54672779947917,0.0869398117065429,0.0026400089263916,22,22.0,YOLO,1,32,0,20.54672779947917,0.0
20250721_074431_819,12,22,22,-14.5,20.54672779947917,0.0943512916564941,0.0019855499267578,22,22.0,YOLO,1,32,0,20.54672779947917,0.0
20250721_074431_917,12,22,22,-14.5,20.54672779947917,0.0975821018218994,0.0020971298217773,22,22.0,YOLO,1,32,0,20.54672779947917,0.0
20250721_074432_018,12,22,22,-14.5,20.54672779947917,0.0852499008178711,0.0024354457855224,22,22.0,YOLO,1,32,0,20.54672779947917,0.0
20250721_074432_107,12,22,22,-14.5,20.54672779947917,0.0915262699127197,0.002009630203247,22,22.0,YOLO,1,32,0,20.54672779947917,0.0
20250721_074432_202,12,22,22,-14.5,20.54672779947917,0.0927715301513671,0.0038175582885742,22,22.0,YOLO,1,32,0,20.54672779947917,0.0
20250721_074432_301,12,22,22,-14.5,20.54672779947917,0.091557502746582,0.0039284229278564,22,22.0,YOLO,1,32,0,20.54672779947917,0.0
20250721_074432_400,13,22,22,-14.5,20.138298824928967,0.0866997241973877,0.0039842128753662,22,22.0,YOLO,1,32,0,20.138298824928967,0.0
20250721_074432_494,13,22,22,-14.5,20.138298824928967,0.0923161506652832,0.0040507316589355,22,22.0,YOLO,1,32,0,20.138298824928967,0.0
20250721_074432_593,13,21,21,-16.0,19.983418528679422,0.0895979404449462,0.0041539669036865,21,21.0,YOLO,1,32,0,19.983418528679422,0.0
20250721_074432_690,13,21,21,-16.0,19.983418528679422,0.0823869705200195,0.0042364597320556,21,21.0,YOLO,1,32,0,19.983418528679422,0.0
20250721_074432_779,13,21,21,-16.0,19.983418528679422,0.0940995216369628,0.0042166709899902,21,21.0,YOLO,1,32,0,19.983418528679422,0.0
20250721_074432_881,13,21,21,-16.0,19.983418528679422,0.0915558338165283,0.0041990280151367,21,21.0,YOLO,1,32,0,19.983418528679422,0.0
20250721_074432_979,13,21,21,-16.0,19.983418528679422,0.0928728580474853,0.0043418407440185,21,21.0,YOLO,1,32,0,19.983418528679422,0.0
20250721_074433_080,13,21,21,-16.0,19.983418528679422,0.0875976085662841,0.0042188167572021,21,21.0,YOLO,1,32,0,19.983418528679422,0.0
20250721_074433_174,13,21,21,-16.0,19.983418528679422,0.0931651592254638,0.0042765140533447,21,21.0,YOLO,1,32,0,19.983418528679422,0.0
20250721_074433_275,13,21,21,-16.0,19.983418528679422,0.0899271965026855,0.0044553279876708,21,21.0,YOLO,1,32,0,19.983418528679422,0.0
20250721_074433_373,13,21,21,-16.0,19.983418528679422,0.0954804420471191,0.0044050216674804,21,21.0,YOLO,1,32,0,19.983418528679422,0.0
20250721_074433_476,13,21,21,-16.0,19.983418528679422,0.0901081562042236,0.0045068264007568,21,21.0,YOLO,1,32,0,19.983418528679422,0.0
20250721_074433_573,13,21,21,-16.0,19.983418528679422,0.0908393859863281,0.0039796829223632,21,21.0,YOLO,1,32,0,19.983418528679422,0.0
20250721_074433_670,13,21,21,-16.0,19.983418528679422,0.0867414474487304,0.0039153099060058,21,21.0,YOLO,1,32,0,19.983418528679422,0.0
20250721_074433_763,13,21,21,-16.0,19.983418528679422,0.0928714275360107,0.0042312145233154,21,21.0,YOLO,1,32,0,19.983418528679422,0.0
20250721_074433_863,13,21,21,-16.0,19.983418528679422,0.0987355709075927,0.0041744709014892,21,21.0,YOLO,1,32,0,19.983418528679422,0.0
20250721_074433_969,13,21,21,-16.0,19.983418528679422,0.0851073265075683,0.0043187141418457,21,21.0,YOLO,1,32,0,19.983418528679422,0.0
20250721_074434_062,13,21,21,-16.0,19.983418528679422,0.0868706703186035,0.0041370391845703,21,21.0,YOLO,1,32,0,19.983418528679422,0.0
20250721_074434_156,13,21,21,-16.0,19.983418528679422,0.0994565486907959,0.0042450428009033,21,21.0,YOLO,1,32,0,19.983418528679422,0.0
20250721_074434_263,13,21,21,-16.0,19.983418528679422,0.089195966720581,0.0043022632598876,21,21.0,YOLO,1,32,0,19.983418528679422,0.0
20250721_074434_359,13,21,21,-16.0,19.983418528679422,0.0895726680755615,0.0044260025024414,21,21.0,YOLO,1,32,0,19.983418528679422,0.0
20250721_074434_456,14,21,21,-16.0,19.74184275750005,0.0984508991241455,0.0041577816009521,21,21.0,YOLO,1,32,0,19.74184275750005,0.0
20250721_074434_562,14,21,21,-16.0,19.74184275750005,0.0942046642303466,0.0040650367736816,21,21.0,YOLO,1,32,0,19.74184275750005,0.0
20250721_074434_663,14,20,20,-17.4,20.33636196950816,0.1011567115783691,0.0042550563812255,20,20.0,YOLO,1,32,0,20.33636196950816,0.0
20250721_074434_772,14,20,20,-17.4,20.33636196950816,0.0918047428131103,0.0041239261627197,20,20.0,YOLO,1,32,0,20.33636196950816,0.0
20250721_074434_871,14,20,20,-17.4,20.33636196950816,0.0984547138214111,0.003957986831665,20,20.0,YOLO,1,32,0,20.33636196950816,0.0
20250721_074434_976,14,20,20,-17.4,20.33636196950816,0.094163179397583,0.0041332244873046,20,20.0,YOLO,1,32,0,20.33636196950816,0.0
20250721_074435_077,14,20,20,-17.4,20.33636196950816,0.0951883792877197,0.0041429996490478,20,20.0,YOLO,1,32,0,20.33636196950816,0.0
20250721_074435_179,14,20,20,-17.4,20.33636196950816,0.0924587249755859,0.004307746887207,20,20.0,YOLO,1,32,0,20.33636196950816,0.0
20250721_074435_279,14,20,20,-17.4,20.33636196950816,0.0971925258636474,0.0042760372161865,20,20.0,YOLO,1,32,0,20.33636196950816,0.0
20250721_074435_384,14,20,20,-17.4,20.33636196950816,0.0958137512207031,0.0038926601409912,20,20.0,YOLO,1,32,0,20.33636196950816,0.0
20250721_074435_486,14,20,20,-17.4,20.33636196950816,0.0944864749908447,0.0039753913879394,20,20.0,YOLO,1,32,0,20.33636196950816,0.0
20250721_074435_588,14,20,20,-17.4,20.33636196950816,0.0862400531768798,0.0042014122009277,20,20.0,YOLO,1,32,0,20.33636196950816,0.0
20250721_074435_681,14,20,20,-17.4,20.33636196950816,0.0852079391479492,0.0042934417724609,20,20.0,YOLO,1,32,0,20.33636196950816,0.0
20250721_074435_774,14,20,20,-17.4,20.33636196950816,0.0929009914398193,0.0035641193389892,20,20.0,YOLO,1,32,0,20.33636196950816,0.0
20250721_074435_873,14,20,20,-17.4,20.33636196950816,0.1013815402984619,0.0042686462402343,20,20.0,YOLO,1,32,0,20.33636196950816,0.0
20250721_074435_981,14,20,20,-17.4,20.33636196950816,0.0852677822113037,0.0039641857147216,20,20.0,YOLO,1,32,0,20.33636196950816,0.0
20250721_074436_074,14,20,20,-17.4,20.33636196950816,0.0848329067230224,0.0041558742523193,20,20.0,YOLO,1,32,0,20.33636196950816,0.0
20250721_074436_166,14,20,20,-17.4,20.33636196950816,0.0917668342590332,0.0039360523223876,20,20.0,YOLO,1,32,0,20.33636196950816,0.0
20250721_074436_264,14,20,20,-17.4,20.33636196950816,0.1040036678314209,0.0042214393615722,20,20.0,YOLO,1,32,0,20.33636196950816,0.0
20250721_074436_376,14,20,20,-17.4,20.33636196950816,0.0908901691436767,0.0040912628173828,20,20.0,YOLO,1,32,0,20.33636196950816,0.0
20250721_074436_474,15,20,20,-17.4,19.48835718459651,0.0926895141601562,0.0041935443878173,20,20.0,YOLO,1,32,0,19.48835718459651,0.0
20250721_074436_573,15,20,20,-17.4,19.48835718459651,0.1162970066070556,0.0044429302215576,20,20.0,YOLO,1,32,0,19.48835718459651,0.0
20250721_074436_697,15,19,19,-18.9,20.29709869495925,0.1000151634216308,0.0042231082916259,19,19.0,YOLO,1,32,0,20.29709869495925,0.0
20250721_074436_805,15,19,19,-18.9,20.29709869495925,0.0872879028320312,0.0042741298675537,19,19.0,YOLO,1,32,0,20.29709869495925,0.0
20250721_074436_899,15,20,20,-17.4,19.48835718459651,0.0864777565002441,0.0040493011474609,20,20.0,YOLO,1,32,0,19.48835718459651,0.0
20250721_074436_993,15,20,20,-17.4,19.48835718459651,0.087186574935913,0.0042757987976074,20,20.0,YOLO,1,32,0,19.48835718459651,0.0
20250721_074437_087,15,20,20,-17.4,19.48835718459651,0.2368080615997314,0.0039758682250976,20,20.0,YOLO,1,32,0,19.48835718459651,0.0
20250721_074437_329,15,20,20,-17.4,19.48835718459651,0.0932557582855224,0.0038909912109375,20,20.0,YOLO,1,32,0,19.48835718459651,0.0
20250721_074437_429,15,20,20,-17.4,19.48835718459651,0.0920512676239013,0.0042121410369873,20,20.0,YOLO,1,32,0,19.48835718459651,0.0
20250721_074437_529,15,20,20,-17.4,19.48835718459651,0.0917613506317138,0.0038676261901855,20,20.0,YOLO,1,32,0,19.48835718459651,0.0
20250721_074437_627,15,20,20,-17.4,19.48835718459651,0.0902876853942871,0.0043089389801025,20,20.0,YOLO,1,32,0,19.48835718459651,0.0
20250721_074437_725,15,20,20,-17.4,19.48835718459651,0.0914273262023925,0.004218578338623,20,20.0,YOLO,1,32,0,19.48835718459651,0.0
20250721_074437_823,15,20,20,-17.4,19.48835718459651,0.0926771163940429,0.0042345523834228,20,20.0,YOLO,1,32,0,19.48835718459651,0.0
20250721_074437_923,15,20,20,-17.4,19.48835718459651,0.0934059619903564,0.0042181015014648,20,20.0,YOLO,1,32,0,19.48835718459651,0.0
20250721_074438_024,15,20,20,-17.4,19.48835718459651,0.0861575603485107,0.0043163299560546,20,20.0,YOLO,1,32,0,19.48835718459651,0.0
20250721_074438_117,15,20,20,-17.4,19.48835718459651,0.0918672084808349,0.0042009353637695,20,20.0,YOLO,1,32,0,19.48835718459651,0.0
20250721_074438_216,15,20,20,-17.4,19.48835718459651,0.0886056423187255,0.0039148330688476,20,20.0,YOLO,1,32,0,19.48835718459651,0.0
20250721_074438_312,15,20,20,-17.4,19.48835718459651,0.0920047760009765,0.0033140182495117,20,20.0,YOLO,1,32,0,19.48835718459651,0.0
20250721_074438_409,16,20,20,-17.4,20.130471762630137,0.0883717536926269,0.0038723945617675,20,20.0,YOLO,1,32,0,20.130471762630137,0.0
20250721_074438_505,16,20,20,-17.4,20.130471762630137,0.0869088172912597,0.0039479732513427,20,20.0,YOLO,1,32,0,20.130471762630137,0.0
20250721_074438_598,16,19,19,-18.9,20.255504304140658,0.0887541770935058,0.0042433738708496,19,19.0,YOLO,1,32,0,20.255504304140658,0.0
20250721_074438_695,16,19,19,-18.9,20.255504304140658,0.0902228355407714,0.0042300224304199,19,19.0,YOLO,1,32,0,20.255504304140658,0.0
20250721_074438_792,16,19,19,-18.9,20.255504304140658,0.094731330871582,0.0039229393005371,19,19.0,YOLO,1,32,0,20.255504304140658,0.0
20250721_074438_894,16,19,19,-18.9,20.255504304140658,0.0870282649993896,0.0042448043823242,19,19.0,YOLO,1,32,0,20.255504304140658,0.0
20250721_074438_988,16,19,19,-18.9,20.255504304140658,0.0888278484344482,0.0039434432983398,19,19.0,YOLO,1,32,0,20.255504304140658,0.0
20250721_074439_084,16,19,19,-18.9,20.255504304140658,0.0879082679748535,0.0042695999145507,19,19.0,YOLO,1,32,0,20.255504304140658,0.0
20250721_074439_179,16,19,19,-18.9,20.255504304140658,0.0906224250793457,0.0042269229888916,19,19.0,YOLO,1,32,0,20.255504304140658,0.0
20250721_074439_277,16,19,19,-18.9,20.255504304140658,0.0917041301727294,0.0042665004730224,19,19.0,YOLO,1,32,0,20.255504304140658,0.0
20250721_074439_376,16,19,19,-18.9,20.255504304140658,0.0843043327331543,0.0041780471801757,19,19.0,YOLO,1,32,0,20.255504304140658,0.0
20250721_074439_467,16,19,19,-18.9,20.255504304140658,0.0933220386505127,0.0044291019439697,19,19.0,YOLO,1,32,0,20.255504304140658,0.0
20250721_074439_568,16,19,19,-18.9,20.255504304140658,0.0879323482513427,0.0040230751037597,19,19.0,YOLO,1,32,0,20.255504304140658,0.0
20250721_074439_663,16,19,19,-18.9,20.255504304140658,0.0920557975769043,0.0041208267211914,19,19.0,YOLO,1,32,0,20.255504304140658,0.0
20250721_074439_762,16,19,19,-18.9,20.255504304140658,0.0898339748382568,0.0042035579681396,19,19.0,YOLO,1,32,0,20.255504304140658,0.0
20250721_074439_859,16,19,19,-18.9,20.255504304140658,0.0884797573089599,0.0039551258087158,19,19.0,YOLO,1,32,0,20.255504304140658,0.0
20250721_074439_954,16,19,19,-18.9,20.255504304140658,0.0828166007995605,0.0038657188415527,19,19.0,YOLO,1,32,0,20.255504304140658,0.0
20250721_074440_044,16,19,19,-18.9,20.255504304140658,0.0829470157623291,0.0038461685180664,19,19.0,YOLO,1,32,0,20.255504304140658,0.0
20250721_074440_134,16,19,19,-18.9,20.255504304140658,0.0902280807495117,0.0040419101715087,19,19.0,YOLO,1,32,0,20.255504304140658,0.0
20250721_074440_231,16,19,19,-18.9,20.255504304140658,0.0939846038818359,0.0041558742523193,19,19.0,YOLO,1,32,0,20.255504304140658,0.0
20250721_074440_332,16,19,19,-18.9,20.255504304140658,0.0926301479339599,0.0038874149322509,19,19.0,YOLO,1,32,0,20.255504304140658,0.0
20250721_074440_432,17,19,19,-18.9,19.699427813235985,0.0867707729339599,0.0041821002960205,19,19.0,YOLO,1,32,0,19.699427813235985,0.0
20250721_074440_526,17,19,19,-18.9,19.699427813235985,0.0905885696411132,0.0043020248413085,19,19.0,YOLO,1,32,0,19.699427813235985,0.0
20250721_074440_623,17,18,18,-20.3,20.44040056241259,0.0877110958099365,0.0042617321014404,18,18.0,YOLO,1,32,0,20.44040056241259,0.0
20250721_074440_718,17,18,18,-20.3,20.44040056241259,0.0915908813476562,0.0042905807495117,18,18.0,YOLO,1,32,0,20.44040056241259,0.0
20250721_074440_817,17,18,18,-20.3,20.44040056241259,0.094139814376831,0.0042560100555419,18,18.0,YOLO,1,32,0,20.44040056241259,0.0
20250721_074440_919,17,18,18,-20.3,20.44040056241259,0.103140115737915,0.0041084289550781,18,18.0,YOLO,1,32,0,20.44040056241259,0.0
20250721_074441_029,17,18,18,-20.3,20.44040056241259,0.0853393077850341,0.0042760372161865,18,18.0,YOLO,1,32,0,20.44040056241259,0.0
20250721_074441_122,17,18,18,-20.3,20.44040056241259,0.093686819076538,0.0042879581451416,18,18.0,YOLO,1,32,0,20.44040056241259,0.0
20250721_074441_223,17,18,18,-20.3,20.44040056241259,0.0898272991180419,0.0041651725769042,18,18.0,YOLO,1,32,0,20.44040056241259,0.0
20250721_074441_320,17,18,18,-20.3,20.44040056241259,0.0961296558380127,0.0039725303649902,18,18.0,YOLO,1,32,0,20.44040056241259,0.0
20250721_074441_423,17,18,18,-20.3,20.44040056241259,0.0925865173339843,0.0039758682250976,18,18.0,YOLO,1,32,0,20.44040056241259,0.0
20250721_074441_522,17,18,18,-20.3,20.44040056241259,0.0847377777099609,0.0039825439453125,18,18.0,YOLO,1,32,0,20.44040056241259,0.0
20250721_074441_614,17,18,18,-20.3,20.44040056241259,0.1177890300750732,0.0042626857757568,18,18.0,YOLO,1,32,0,20.44040056241259,0.0
20250721_074441_739,17,18,18,-20.3,20.44040056241259,0.0896859169006347,0.0042486190795898,18,18.0,YOLO,1,32,0,20.44040056241259,0.0
20250721_074441_836,17,18,18,-20.3,20.44040056241259,0.0920507907867431,0.0038521289825439,18,18.0,YOLO,1,32,0,20.44040056241259,0.0
20250721_074441_935,17,18,18,-20.3,20.44040056241259,0.0920159816741943,0.0042648315429687,18,18.0,YOLO,1,32,0,20.44040056241259,0.0
20250721_074442_035,17,18,18,-20.3,20.44040056241259,0.0887885093688964,0.0042498111724853,18,18.0,YOLO,1,32,0,20.44040056241259,0.0
20250721_074442_131,17,18,18,-20.3,20.44040056241259,0.0872519016265869,0.0040335655212402,18,18.0,YOLO,1,32,0,20.44040056241259,0.0
20250721_074442_225,17,18,18,-20.3,20.44040056241259,0.0882515907287597,0.004220962524414,18,18.0,YOLO,1,32,0,20.44040056241259,0.0
20250721_074442_320,17,18,18,-20.3,20.44040056241259,0.0909969806671142,0.0038697719573974,18,18.0,YOLO,1,32,0,20.44040056241259,0.0
20250721_074442_418,18,18,18,-20.3,20.07010447613888,0.0952434539794921,0.0042304992675781,18,18.0,YOLO,1,32,0,20.07010447613888,0.0
20250721_074442_521,18,18,18,-20.3,20.07010447613888,0.0858025550842285,0.0035686492919921,18,18.0,YOLO,1,32,0,20.07010447613888,0.0
20250721_074442_613,18,17,17,-21.8,21.174135495481693,0.0864894390106201,0.0039949417114257,17,17.0,YOLO,1,32,0,21.174135495481693,0.0
20250721_074442_707,18,17,17,-21.8,21.174135495481693,0.0853619575500488,0.0041425228118896,17,17.0,YOLO,1,32,0,21.174135495481693,0.0
20250721_074442_799,18,17,17,-21.8,21.174135495481693,0.1123824119567871,0.0041782855987548,17,17.0,YOLO,1,32,0,21.174135495481693,0.0
20250721_074442_919,18,17,17,-21.8,21.174135495481693,0.0912778377532959,0.0041863918304443,17,17.0,YOLO,1,32,0,21.174135495481693,0.0
20250721_074443_017,18,17,17,-21.8,21.174135495481693,0.1017293930053711,0.0041995048522949,17,17.0,YOLO,1,32,0,21.174135495481693,0.0
20250721_074443_126,18,17,17,-21.8,21.174135495481693,0.0902266502380371,0.004188060760498,17,17.0,YOLO,1,32,0,21.174135495481693,0.0
20250721_074443_223,18,17,17,-21.8,21.174135495481693,0.0958681106567382,0.0041170120239257,17,17.0,YOLO,1,32,0,21.174135495481693,0.0
20250721_074443_326,18,17,17,-21.8,21.174135495481693,0.0903089046478271,0.0040643215179443,17,17.0,YOLO,1,32,0,21.174135495481693,0.0
20250721_074443_423,18,17,17,-21.8,21.174135495481693,0.0932018756866455,0.0042276382446289,17,17.0,YOLO,1,32,0,21.174135495481693,0.0
20250721_074443_524,18,17,17,-21.8,21.174135495481693,0.0898008346557617,0.0037636756896972,17,17.0,YOLO,1,32,0,21.174135495481693,0.0
20250721_074443_620,18,17,17,-21.8,21.174135495481693,0.0904815196990966,0.0042352676391601,17,17.0,YOLO,1,32,0,21.174135495481693,0.0
20250721_074443_718,18,17,17,-21.8,21.174135495481693,0.0926997661590576,0.0041029453277587,17,17.0,YOLO,1,32,0,21.174135495481693,0.0
20250721_074443_818,18,17,17,-21.8,21.174135495481693,0.0996356010437011,0.0047533512115478,17,17.0,YOLO,1,32,0,21.174135495481693,0.0
20250721_074443_926,18,17,17,-21.8,21.174135495481693,0.091334581375122,0.004216194152832,17,17.0,YOLO,1,32,0,21.174135495481693,0.0
20250721_074444_024,18,17,17,-21.8,21.174135495481693,0.0895609855651855,0.0042903423309326,17,17.0,YOLO,1,32,0,21.174135495481693,0.0
20250721_074444_121,18,17,17,-21.8,21.174135495481693,0.0912199020385742,0.0042171478271484,17,17.0,YOLO,1,32,0,21.174135495481693,0.0
20250721_074444_219,18,17,17,-21.8,21.174135495481693,0.0953414440155029,0.0042507648468017,17,17.0,YOLO,1,32,0,21.174135495481693,0.0
20250721_074444_322,18,17,17,-21.8,21.174135495481693,0.0882608890533447,0.0040705204010009,17,17.0,YOLO,1,32,0,21.174135495481693,0.0
20250721_074444_417,19,18,18,-20.3,19.698195246476445,0.0882575511932373,0.0040235519409179,18,18.0,YOLO,1,32,0,19.698195246476445,0.0
20250721_074444_513,19,18,18,-20.3,19.698195246476445,0.0890862941741943,0.0042910575866699,18,18.0,YOLO,1,32,0,19.698195246476445,0.0
20250721_074444_609,19,17,17,-21.8,19.67530830885589,0.0907540321350097,0.004279613494873,17,17.0,YOLO,1,32,0,19.67530830885589,0.0
20250721_074444_708,19,16,16,-23.2,20.506139938381352,0.0924758911132812,0.004385232925415,16,16.0,YOLO,1,32,0,20.506139938381352,0.0
20250721_074444_808,19,16,16,-23.2,20.506139938381352,0.0949819087982177,0.0041859149932861,16,16.0,YOLO,1,32,0,20.506139938381352,0.0
20250721_074444_910,19,16,16,-23.2,20.506139938381352,0.092686653137207,0.004302978515625,16,16.0,YOLO,1,32,0,20.506139938381352,0.0
20250721_074445_010,19,16,16,-23.2,20.506139938381352,0.0815167427062988,0.0041196346282958,16,16.0,YOLO,1,32,0,20.506139938381352,0.0
20250721_074445_098,19,16,16,-23.2,20.506139938381352,0.089493989944458,0.0042822360992431,16,16.0,YOLO,1,32,0,20.506139938381352,0.0
20250721_074445_195,19,17,17,-21.8,19.67530830885589,0.0881330966949462,0.0041587352752685,17,17.0,YOLO,1,32,0,19.67530830885589,0.0
20250721_074445_291,19,17,17,-21.8,19.67530830885589,0.09660005569458,0.0043032169342041,17,17.0,YOLO,1,32,0,19.67530830885589,0.0
20250721_074445_395,19,17,17,-21.8,19.67530830885589,0.0913581848144531,0.0042197704315185,17,17.0,YOLO,1,32,0,19.67530830885589,0.0
20250721_074445_493,19,17,17,-21.8,19.67530830885589,0.0912764072418212,0.0039498805999755,17,17.0,YOLO,1,32,0,19.67530830885589,0.0
20250721_074445_591,19,17,17,-21.8,19.67530830885589,0.0911600589752197,0.0038785934448242,17,17.0,YOLO,1,32,0,19.67530830885589,0.0
20250721_074445_689,19,17,17,-21.8,19.67530830885589,0.0864093303680419,0.0042502880096435,17,17.0,YOLO,1,32,0,19.67530830885589,0.0
20250721_074445_783,19,17,17,-21.8,19.67530830885589,0.0845460891723632,0.0042140483856201,17,17.0,YOLO,1,32,0,19.67530830885589,0.0
20250721_074445_875,19,17,17,-21.8,19.67530830885589,0.0884420871734619,0.0039784908294677,17,17.0,YOLO,1,32,0,19.67530830885589,0.0
20250721_074445_970,19,17,17,-21.8,19.67530830885589,0.098154067993164,0.0042052268981933,17,17.0,YOLO,1,32,0,19.67530830885589,0.0
20250721_074446_075,19,17,17,-21.8,19.67530830885589,0.082230806350708,0.0039184093475341,17,17.0,YOLO,1,32,0,19.67530830885589,0.0
20250721_074446_164,19,17,17,-21.8,19.67530830885589,0.0861809253692627,0.0039803981781005,17,17.0,YOLO,1,32,0,19.67530830885589,0.0
20250721_074446_258,19,17,17,-21.8,19.67530830885589,0.0870163440704345,0.0042486190795898,17,17.0,YOLO,1,32,0,19.67530830885589,0.0
20250721_074446_352,19,17,17,-21.8,19.67530830885589,0.0939638614654541,0.0038924217224121,17,17.0,YOLO,1,32,0,19.67530830885589,0.0
20250721_074446_453,20,17,17,-21.8,17.862160541463012,0.0886657238006591,0.0108177661895751,17,16.0,NeighborSearch,2,32,0,20.088047298886963,-1.0
20250721_074446_555,20,17,17,-21.8,17.862160541463012,0.0813643932342529,0.0104386806488037,17,16.0,NeighborSearch,2,32,0,20.088047298886963,-1.0
20250721_074446_650,20,16,16,-23.2,20.088047298886963,0.1008081436157226,0.0042271614074707,16,16.0,YOLO,1,32,0,20.088047298886963,0.0
20250721_074446_758,20,16,16,-23.2,20.088047298886963,0.0864057540893554,0.0038380622863769,16,16.0,YOLO,1,32,0,20.088047298886963,0.0
20250721_074446_851,20,16,16,-23.2,20.088047298886963,0.0882666110992431,0.0038940906524658,16,16.0,YOLO,1,32,0,20.088047298886963,0.0
20250721_074446_947,20,16,16,-23.2,20.088047298886963,0.0900380611419677,0.004033088684082,16,16.0,YOLO,1,32,0,20.088047298886963,0.0
20250721_074447_044,20,16,16,-23.2,20.088047298886963,0.0963599681854248,0.0042550563812255,16,16.0,YOLO,1,32,0,20.088047298886963,0.0
20250721_074447_147,20,16,16,-23.2,20.088047298886963,0.082892894744873,0.0041794776916503,16,16.0,YOLO,1,32,0,20.088047298886963,0.0
20250721_074447_237,20,16,16,-23.2,20.088047298886963,0.0859861373901367,0.0025701522827148,16,16.0,YOLO,1,32,0,20.088047298886963,0.0
20250721_074447_327,20,16,16,-23.2,20.088047298886963,0.0906903743743896,0.0039055347442626,16,16.0,YOLO,1,32,0,20.088047298886963,0.0
20250721_074447_425,20,16,16,-23.2,20.088047298886963,0.0919075012207031,0.0039803981781005,16,16.0,YOLO,1,32,0,20.088047298886963,0.0
20250721_074447_523,20,16,16,-23.2,20.088047298886963,0.083698034286499,0.0041790008544921,16,16.0,YOLO,1,32,0,20.088047298886963,0.0
20250721_074447_614,20,16,16,-23.2,20.088047298886963,0.0814952850341796,0.0042386054992675,16,16.0,YOLO,1,32,0,20.088047298886963,0.0
20250721_074447_703,20,16,16,-23.2,20.088047298886963,0.0884985923767089,0.0042738914489746,16,16.0,YOLO,1,32,0,20.088047298886963,0.0
20250721_074447_799,20,16,16,-23.2,20.088047298886963,0.0996272563934326,0.0042574405670166,16,16.0,YOLO,1,32,0,20.088047298886963,0.0
20250721_074447_906,20,16,16,-23.2,20.088047298886963,0.0926430225372314,0.0041568279266357,16,16.0,YOLO,1,32,0,20.088047298886963,0.0
20250721_074448_005,20,16,16,-23.2,20.088047298886963,0.0868716239929199,0.0048654079437255,16,16.0,YOLO,1,32,0,20.088047298886963,0.0
20250721_074448_100,20,16,16,-23.2,20.088047298886963,0.1041591167449951,0.0043737888336181,16,16.0,YOLO,1,32,0,20.088047298886963,0.0
20250721_074448_212,20,16,16,-23.2,20.088047298886963,0.0947751998901367,0.004300832748413,16,16.0,YOLO,1,32,0,20.088047298886963,0.0
20250721_074448_314,20,16,16,-23.2,20.088047298886963,0.0912916660308837,0.0042448043823242,16,16.0,YOLO,1,32,0,20.088047298886963,0.0
20250721_074448_412,21,16,16,-23.2,19.851631620286483,0.0885484218597412,0.0038819313049316,16,16.0,YOLO,1,32,0,19.851631620286483,0.0
20250721_074448_508,21,16,16,-23.2,19.851631620286483,0.0949430465698242,0.0039465427398681,16,16.0,YOLO,1,32,0,19.851631620286483,0.0
20250721_074448_610,21,15,15,-24.7,20.7983692797678,0.0885980129241943,0.0040528774261474,15,15.0,YOLO,1,32,0,20.7983692797678,0.0
20250721_074448_705,21,15,15,-24.7,20.7983692797678,0.0841040611267089,0.0042474269866943,15,15.0,YOLO,1,32,0,20.7983692797678,0.0
20250721_074448_796,21,15,15,-24.7,20.7983692797678,0.0927591323852539,0.0043075084686279,15,15.0,YOLO,1,32,0,20.7983692797678,0.0
20250721_074448_897,21,15,15,-24.7,20.7983692797678,0.0942945480346679,0.0041654109954833,15,15.0,YOLO,1,32,0,20.7983692797678,0.0
20250721_074448_998,21,15,15,-24.7,20.7983692797678,0.0824573040008544,0.0043034553527832,15,15.0,YOLO,1,32,0,20.7983692797678,0.0
20250721_074449_088,21,15,15,-24.7,20.7983692797678,0.086210012435913,0.0041811466217041,15,15.0,YOLO,1,32,0,20.7983692797678,0.0
20250721_074449_181,21,15,15,-24.7,20.7983692797678,0.0877110958099365,0.0039310455322265,15,15.0,YOLO,1,32,0,20.7983692797678,0.0
20250721_074449_276,21,15,15,-24.7,20.7983692797678,0.0934441089630127,0.0042495727539062,15,15.0,YOLO,1,32,0,20.7983692797678,0.0
20250721_074449_377,21,15,15,-24.7,20.7983692797678,0.0902299880981445,0.0041818618774414,15,15.0,YOLO,1,32,0,20.7983692797678,0.0
20250721_074449_474,21,15,15,-24.7,20.7983692797678,0.0843152999877929,0.0041751861572265,15,15.0,YOLO,1,32,0,20.7983692797678,0.0
20250721_074449_566,21,15,15,-24.7,20.7983692797678,0.0847396850585937,0.0039839744567871,15,15.0,YOLO,1,32,0,20.7983692797678,0.0
20250721_074449_657,21,15,15,-24.7,20.7983692797678,0.0923957824707031,0.0043120384216308,15,15.0,YOLO,1,32,0,20.7983692797678,0.0
20250721_074449_757,21,15,15,-24.7,20.7983692797678,0.1005525588989257,0.0041992664337158,15,15.0,YOLO,1,32,0,20.7983692797678,0.0
20250721_074449_865,21,15,15,-24.7,20.7983692797678,0.0908267498016357,0.0039889812469482,15,15.0,YOLO,1,32,0,20.7983692797678,0.0
20250721_074449_962,21,15,15,-24.7,20.7983692797678,0.0908327102661132,0.0039420127868652,15,15.0,YOLO,1,32,0,20.7983692797678,0.0
20250721_074450_060,21,15,15,-24.7,20.7983692797678,0.094212532043457,0.0040957927703857,15,15.0,YOLO,1,32,0,20.7983692797678,0.0
20250721_074450_161,21,15,15,-24.7,20.7983692797678,0.0908069610595703,0.0040185451507568,15,15.0,YOLO,1,32,0,20.7983692797678,0.0
20250721_074450_259,21,15,15,-24.7,20.7983692797678,0.0987355709075927,0.0043973922729492,15,15.0,YOLO,1,32,0,20.7983692797678,0.0
20250721_074450_366,21,15,15,-24.7,20.7983692797678,0.0836017131805419,0.0039432048797607,15,15.0,YOLO,1,32,0,20.7983692797678,0.0
20250721_074450_456,22,15,15,-24.7,20.29141674566685,0.0879468917846679,0.0040333271026611,15,15.0,YOLO,1,32,0,20.29141674566685,0.0
20250721_074450_551,22,15,15,-24.7,20.29141674566685,0.0969469547271728,0.0041556358337402,15,15.0,YOLO,1,32,0,20.29141674566685,0.0
20250721_074450_655,22,14,14,-26.1,20.07114294452927,0.096738576889038,0.0042548179626464,14,14.0,YOLO,1,32,0,20.07114294452927,0.0
20250721_074450_759,22,14,14,-26.1,20.07114294452927,0.0924134254455566,0.0042273998260498,14,14.0,YOLO,1,32,0,20.07114294452927,0.0
20250721_074450_859,22,14,14,-26.1,20.07114294452927,0.0949993133544921,0.004227876663208,14,14.0,YOLO,1,32,0,20.07114294452927,0.0
20250721_074450_961,22,14,14,-26.1,20.07114294452927,0.0911865234375,0.0040063858032226,14,14.0,YOLO,1,32,0,20.07114294452927,0.0
20250721_074451_059,22,14,14,-26.1,20.07114294452927,0.0864706039428711,0.0044841766357421,14,14.0,YOLO,1,32,0,20.07114294452927,0.0
20250721_074451_153,22,14,14,-26.1,20.07114294452927,0.0999200344085693,0.0041244029998779,14,14.0,YOLO,1,32,0,20.07114294452927,0.0
20250721_074451_260,22,15,15,-24.7,20.29141674566685,0.0930049419403076,0.0043323040008544,15,15.0,YOLO,1,32,0,20.29141674566685,0.0
20250721_074451_361,22,15,15,-24.7,20.29141674566685,0.0878958702087402,0.0039184093475341,15,15.0,YOLO,1,32,0,20.29141674566685,0.0
20250721_074451_456,22,15,15,-24.7,20.29141674566685,0.0975499153137207,0.0041854381561279,15,15.0,YOLO,1,32,0,20.29141674566685,0.0
20250721_074451_560,22,15,15,-24.7,20.29141674566685,0.0884859561920166,0.0038874149322509,15,15.0,YOLO,1,32,0,20.29141674566685,0.0
20250721_074451_656,22,15,15,-24.7,20.29141674566685,0.1049058437347412,0.0042378902435302,15,15.0,YOLO,1,32,0,20.29141674566685,0.0
20250721_074451_768,22,15,15,-24.7,20.29141674566685,0.0940675735473632,0.0035958290100097,15,15.0,YOLO,1,32,0,20.29141674566685,0.0
20250721_074451_868,22,15,15,-24.7,20.29141674566685,0.0840036869049072,0.0041093826293945,15,15.0,YOLO,1,32,0,20.29141674566685,0.0
20250721_074451_959,22,15,15,-24.7,20.29141674566685,0.0907716751098632,0.0039031505584716,15,15.0,YOLO,1,32,0,20.29141674566685,0.0
20250721_074452_057,22,15,15,-24.7,20.29141674566685,0.0955283641815185,0.0038967132568359,15,15.0,YOLO,1,32,0,20.29141674566685,0.0
20250721_074452_159,22,15,15,-24.7,20.29141674566685,0.093508243560791,0.004157543182373,15,15.0,YOLO,1,32,0,20.29141674566685,0.0
20250721_074452_260,22,15,15,-24.7,20.29141674566685,0.0907869338989257,0.0041091442108154,15,15.0,YOLO,1,32,0,20.29141674566685,0.0
20250721_074452_358,22,15,15,-24.7,20.29141674566685,0.0944652557373046,0.0040361881256103,15,15.0,YOLO,1,32,0,20.29141674566685,0.0
