Timestamp,Boresight,Jetson Detection,Rx Beam Index,Rx Beam Angle,Initial SNR (dB),YOLO Time (s),Beam Sweep Time (s),Rx Beam Index (YOLO Predicted),Rx Beam Index (Selected),Adjustment Method,Beams Checked in Search,Adjusted Beam Index,Adjusted Beam Angle,SNR (dB),Offset Error
20250721_074236_786,-45,NO_RADIO,32,0,6.587617577283098,0.2528219223022461,0.00821995735168457,32,,CenterFallback,1,32,0,,
20250721_074237_049,-45,NO_RADIO,32,0,6.587617577283098,0.22019743919372559,0.004839897155761719,32,,CenterFallback,1,32,0,,
20250721_074237_278,-45,NO_RADIO,32,0,6.587617577283098,0.08626651763916016,0.0042345523834228516,32,,CenterFallback,1,32,0,,
20250721_074237_371,-45,NO_RADIO,32,0,6.587617577283098,0.07909965515136719,0.004397869110107422,32,,CenterFallback,1,32,0,,
20250721_074237_458,-45,NO_RADIO,32,0,6.587617577283098,0.08641695976257324,0.004191160202026367,32,,CenterFallback,1,32,0,,
20250721_074237_551,-45,NO_RADIO,32,0,6.587617577283098,0.09294009208679199,0.004416942596435547,32,,CenterFallback,1,32,0,,
20250721_074237_652,-45,NO_RADIO,32,0,6.587617577283098,0.08388757705688477,0.004166603088378906,32,,CenterFallback,1,32,0,,
20250721_074237_743,-45,NO_RADIO,32,0,6.587617577283098,0.09154248237609863,0.004484415054321289,32,,CenterFallback,1,32,0,,
20250721_074237_842,-45,NO_RADIO,32,0,6.587617577283098,0.08668780326843262,0.004179239273071289,32,,CenterFallback,1,32,0,,
20250721_074237_936,-45,NO_RADIO,32,0,6.587617577283098,0.09303069114685059,0.004441261291503906,32,,CenterFallback,1,32,0,,
20250721_074238_036,-45,NO_RADIO,32,0,6.587617577283098,0.08962225914001465,0.0040471553802490234,32,,CenterFallback,1,32,0,,
20250721_074238_133,-45,NO_RADIO,32,0,6.587617577283098,0.0880577564239502,0.004093170166015625,32,,CenterFallback,1,32,0,,
20250721_074238_228,-45,NO_RADIO,32,0,6.587617577283098,0.08977389335632324,0.0044634342193603516,32,,CenterFallback,1,32,0,,
20250721_074238_325,-45,NO_RADIO,32,0,6.587617577283098,0.09112191200256348,0.004029989242553711,32,,CenterFallback,1,32,0,,
20250721_074238_423,-45,NO_RADIO,32,0,6.587617577283098,0.09071063995361328,0.0043487548828125,32,,CenterFallback,1,32,0,,
20250721_074238_522,-44,NO_RADIO,32,0,6.977760553676589,0.09324121475219727,0.004460573196411133,32,,CenterFallback,1,32,0,,
20250721_074238_622,-44,NO_RADIO,32,0,6.977760553676589,0.09457254409790039,0.004449129104614258,32,,CenterFallback,1,32,0,,
20250721_074238_725,-44,NO_RADIO,32,0,6.977760553676589,0.09667849540710449,0.004065990447998047,32,,CenterFallback,1,32,0,,
20250721_074238_829,-44,NO_RADIO,32,0,6.977760553676589,0.09034013748168945,0.004687309265136719,32,,CenterFallback,1,32,0,,
20250721_074238_927,-44,NO_RADIO,32,0,6.977760553676589,0.09369921684265137,0.00413966178894043,32,,CenterFallback,1,32,0,,
20250721_074239_028,-44,NO_RADIO,32,0,6.977760553676589,0.09797048568725586,0.004406452178955078,32,,CenterFallback,1,32,0,,
20250721_074239_133,-44,NO_RADIO,32,0,6.977760553676589,0.09075045585632324,0.004583120346069336,32,,CenterFallback,1,32,0,,
20250721_074239_232,-44,NO_RADIO,32,0,6.977760553676589,0.08814740180969238,0.0045948028564453125,32,,CenterFallback,1,32,0,,
20250721_074239_328,-44,NO_RADIO,32,0,6.977760553676589,0.09270429611206055,0.00435328483581543,32,,CenterFallback,1,32,0,,
20250721_074239_428,-44,NO_RADIO,32,0,6.977760553676589,0.0928640365600586,0.004103183746337891,32,,CenterFallback,1,32,0,,
20250721_074239_526,-44,NO_RADIO,32,0,6.977760553676589,0.09317564964294434,0.0046596527099609375,32,,CenterFallback,1,32,0,,
20250721_074239_627,-44,NO_RADIO,32,0,6.977760553676589,0.09022808074951172,0.004451274871826172,32,,CenterFallback,1,32,0,,
20250721_074239_725,-44,NO_RADIO,32,0,6.977760553676589,0.08611822128295898,0.0043981075286865234,32,,CenterFallback,1,32,0,,
20250721_074239_818,-44,NO_RADIO,32,0,6.977760553676589,0.09701037406921387,0.004540443420410156,32,,CenterFallback,1,32,0,,
20250721_074239_923,-44,NO_RADIO,32,0,6.977760553676589,0.23157048225402832,0.0044519901275634766,32,,CenterFallback,1,32,0,,
20250721_074240_163,-44,NO_RADIO,32,0,6.977760553676589,0.0865478515625,0.004502534866333008,32,,CenterFallback,1,32,0,,
20250721_074240_257,-44,NO_RADIO,32,0,6.977760553676589,0.09125375747680664,0.004278421401977539,32,,CenterFallback,1,32,0,,
20250721_074240_355,-44,NO_RADIO,32,0,6.977760553676589,0.10014605522155762,0.0044252872467041016,32,,CenterFallback,1,32,0,,
20250721_074240_463,-43,NO_RADIO,32,0,6.522047355585215,0.09254026412963867,0.0043294429779052734,32,,CenterFallback,1,32,0,,
20250721_074240_563,-43,NO_RADIO,32,0,6.522047355585215,0.0878152847290039,0.0044209957122802734,32,,CenterFallback,1,32,0,,
20250721_074240_659,-43,NO_RADIO,32,0,6.522047355585215,0.08733868598937988,0.00451207160949707,32,,CenterFallback,1,32,0,,
20250721_074240_753,-43,NO_RADIO,32,0,6.522047355585215,0.09516239166259766,0.004648923873901367,32,,CenterFallback,1,32,0,,
20250721_074240_856,-43,NO_RADIO,32,0,6.522047355585215,0.09914135932922363,0.0046215057373046875,32,,CenterFallback,1,32,0,,
20250721_074240_963,-43,NO_RADIO,32,0,6.522047355585215,0.08248257637023926,0.004483938217163086,32,,CenterFallback,1,32,0,,
20250721_074241_053,-43,NO_RADIO,32,0,6.522047355585215,0.0796499252319336,0.004424333572387695,32,,CenterFallback,1,32,0,,
20250721_074241_141,-43,NO_RADIO,32,0,6.522047355585215,0.08821964263916016,0.004377603530883789,32,,CenterFallback,1,32,0,,
20250721_074241_236,-43,NO_RADIO,32,0,6.522047355585215,0.09003877639770508,0.004410266876220703,32,,CenterFallback,1,32,0,,
20250721_074241_334,-43,NO_RADIO,32,0,6.522047355585215,0.08772468566894531,0.004056453704833984,32,,CenterFallback,1,32,0,,
20250721_074241_428,-43,NO_RADIO,32,0,6.522047355585215,0.09459519386291504,0.00419163703918457,32,,CenterFallback,1,32,0,,
20250721_074241_530,-43,NO_RADIO,32,0,6.522047355585215,0.08532595634460449,0.004586219787597656,32,,CenterFallback,1,32,0,,
20250721_074241_624,-43,NO_RADIO,32,0,6.522047355585215,0.08879590034484863,0.004575490951538086,32,,CenterFallback,1,32,0,,
20250721_074241_720,-43,NO_RADIO,32,0,6.522047355585215,0.08885955810546875,0.004675388336181641,32,,CenterFallback,1,32,0,,
20250721_074241_817,-43,NO_RADIO,32,0,6.522047355585215,0.0848536491394043,0.004283905029296875,32,,CenterFallback,1,32,0,,
20250721_074241_909,-43,NO_RADIO,32,0,6.522047355585215,0.08780455589294434,0.004595279693603516,32,,CenterFallback,1,32,0,,
20250721_074242_005,-43,NO_RADIO,32,0,6.522047355585215,0.0969548225402832,0.0042879581451416016,32,,CenterFallback,1,32,0,,
20250721_074242_110,-43,NO_RADIO,32,0,6.522047355585215,0.08898305892944336,0.004485130310058594,32,,CenterFallback,1,32,0,,
20250721_074242_206,-43,NO_RADIO,32,0,6.522047355585215,0.09002113342285156,0.004306793212890625,32,,CenterFallback,1,32,0,,
20250721_074242_303,-43,NO_RADIO,32,0,6.522047355585215,0.09200501441955566,0.0041484832763671875,32,,CenterFallback,1,32,0,,
20250721_074242_403,-43,NO_RADIO,32,0,6.522047355585215,0.088409423828125,0.004044532775878906,32,,CenterFallback,1,32,0,,
20250721_074242_498,-42,NO_RADIO,32,0,6.917008681489023,0.08651876449584961,0.004590034484863281,32,,CenterFallback,1,32,0,,
20250721_074242_593,-42,NO_RADIO,32,0,6.917008681489023,0.08596587181091309,0.004124641418457031,32,,CenterFallback,1,32,0,,
20250721_074242_686,-42,NO_RADIO,32,0,6.917008681489023,0.08868813514709473,0.004470348358154297,32,,CenterFallback,1,32,0,,
20250721_074242_782,-42,NO_RADIO,32,0,6.917008681489023,0.08566880226135254,0.0043048858642578125,32,,CenterFallback,1,32,0,,
20250721_074242_875,-42,NO_RADIO,32,0,6.917008681489023,0.09668970108032227,0.004456520080566406,32,,CenterFallback,1,32,0,,
20250721_074242_979,-42,NO_RADIO,32,0,6.917008681489023,0.08163666725158691,0.0044481754302978516,32,,CenterFallback,1,32,0,,
20250721_074243_068,-42,NO_RADIO,32,0,6.917008681489023,0.08307766914367676,0.0044558048248291016,32,,CenterFallback,1,32,0,,
20250721_074243_159,-42,NO_RADIO,32,0,6.917008681489023,0.08950519561767578,0.004459857940673828,32,,CenterFallback,1,32,0,,
20250721_074243_256,-42,NO_RADIO,32,0,6.917008681489023,0.09309959411621094,0.004145622253417969,32,,CenterFallback,1,32,0,,
20250721_074243_357,-42,NO_RADIO,32,0,6.917008681489023,0.0914311408996582,0.004674196243286133,32,,CenterFallback,1,32,0,,
20250721_074243_456,-42,NO_RADIO,32,0,6.917008681489023,0.08894944190979004,0.0051496028900146484,32,,CenterFallback,1,32,0,,
20250721_074243_553,-42,NO_RADIO,32,0,6.917008681489023,0.09829473495483398,0.004334449768066406,32,,CenterFallback,1,32,0,,
20250721_074243_659,-42,NO_RADIO,32,0,6.917008681489023,0.09255290031433105,0.004480123519897461,32,,CenterFallback,1,32,0,,
20250721_074243_759,-42,NO_RADIO,32,0,6.917008681489023,0.10402417182922363,0.004416227340698242,32,,CenterFallback,1,32,0,,
20250721_074243_870,-42,NO_RADIO,32,0,6.917008681489023,0.09447669982910156,0.004060983657836914,32,,CenterFallback,1,32,0,,
20250721_074243_971,-42,NO_RADIO,32,0,6.917008681489023,0.09055972099304199,0.004454612731933594,32,,CenterFallback,1,32,0,,
20250721_074244_070,-42,NO_RADIO,32,0,6.917008681489023,0.0923762321472168,0.004073143005371094,32,,CenterFallback,1,32,0,,
20250721_074244_169,-42,NO_RADIO,32,0,6.917008681489023,0.09178829193115234,0.004452228546142578,32,,CenterFallback,1,32,0,,
20250721_074244_268,-42,NO_RADIO,32,0,6.917008681489023,0.09641742706298828,0.004423856735229492,32,,CenterFallback,1,32,0,,
20250721_074244_372,-42,NO_RADIO,32,0,6.917008681489023,0.0858161449432373,0.004391908645629883,32,,CenterFallback,1,32,0,,
20250721_074244_466,-41,NO_RADIO,32,0,6.915939406622158,0.09269595146179199,0.00410914421081543,32,,CenterFallback,1,32,0,,
20250721_074244_565,-41,NO_RADIO,32,0,6.915939406622158,0.08957600593566895,0.004457712173461914,32,,CenterFallback,1,32,0,,
20250721_074244_663,-41,NO_RADIO,32,0,6.915939406622158,0.09174036979675293,0.004338264465332031,32,,CenterFallback,1,32,0,,
20250721_074244_762,-41,NO_RADIO,32,0,6.915939406622158,0.0855720043182373,0.004397392272949219,32,,CenterFallback,1,32,0,,
20250721_074244_855,-41,NO_RADIO,32,0,6.915939406622158,0.09517836570739746,0.004408121109008789,32,,CenterFallback,1,32,0,,
20250721_074244_958,-41,NO_RADIO,32,0,6.915939406622158,0.0895230770111084,0.004231691360473633,32,,CenterFallback,1,32,0,,
20250721_074245_054,-41,NO_RADIO,32,0,6.915939406622158,0.08672857284545898,0.004140138626098633,32,,CenterFallback,1,32,0,,
20250721_074245_148,-41,NO_RADIO,32,0,6.915939406622158,0.09203934669494629,0.004317760467529297,32,,CenterFallback,1,32,0,,
20250721_074245_248,-41,NO_RADIO,32,0,6.915939406622158,0.09556078910827637,0.004389047622680664,32,,CenterFallback,1,32,0,,
20250721_074245_351,-41,NO_RADIO,32,0,6.915939406622158,0.08162117004394531,0.004130125045776367,32,,CenterFallback,1,32,0,,
20250721_074245_439,-41,NO_RADIO,32,0,6.915939406622158,0.08664250373840332,0.0037055015563964844,32,,CenterFallback,1,32,0,,
20250721_074245_532,-41,NO_RADIO,32,0,6.915939406622158,0.12092208862304688,0.004440784454345703,32,,CenterFallback,1,32,0,,
20250721_074245_661,-41,NO_RADIO,32,0,6.915939406622158,0.08663678169250488,0.0041065216064453125,32,,CenterFallback,1,32,0,,
20250721_074245_755,-41,NO_RADIO,32,0,6.915939406622158,0.09288978576660156,0.0044403076171875,32,,CenterFallback,1,32,0,,
20250721_074245_855,-41,NO_RADIO,32,0,6.915939406622158,0.0917515754699707,0.004571437835693359,32,,CenterFallback,1,32,0,,
20250721_074245_955,-41,NO_RADIO,32,0,6.915939406622158,0.08773970603942871,0.004526615142822266,32,,CenterFallback,1,32,0,,
20250721_074246_050,-41,NO_RADIO,32,0,6.915939406622158,0.08236861228942871,0.004313468933105469,32,,CenterFallback,1,32,0,,
20250721_074246_140,-41,NO_RADIO,32,0,6.915939406622158,0.09195208549499512,0.0044934749603271484,32,,CenterFallback,1,32,0,,
20250721_074246_240,-41,NO_RADIO,32,0,6.915939406622158,0.08074450492858887,0.004881858825683594,32,,CenterFallback,1,32,0,,
20250721_074246_328,-41,NO_RADIO,32,0,6.915939406622158,0.08747363090515137,0.004710197448730469,32,,CenterFallback,1,32,0,,
20250721_074246_422,-41,NO_RADIO,32,0,6.915939406622158,0.08868575096130371,0.004407167434692383,32,,CenterFallback,1,32,0,,
20250721_074246_518,-40,NO_RADIO,32,0,6.9147096789532725,0.09670257568359375,0.0044403076171875,32,,CenterFallback,1,32,0,,
20250721_074246_623,-40,NO_RADIO,32,0,6.9147096789532725,0.09290337562561035,0.004395961761474609,32,,CenterFallback,1,32,0,,
20250721_074246_723,-40,NO_RADIO,32,0,6.9147096789532725,0.09318375587463379,0.0047512054443359375,32,,CenterFallback,1,32,0,,
20250721_074246_824,-40,NO_RADIO,32,0,6.9147096789532725,0.09257650375366211,0.004943370819091797,32,,CenterFallback,1,32,0,,
20250721_074246_925,-40,NO_RADIO,32,0,6.9147096789532725,0.08814668655395508,0.004444599151611328,32,,CenterFallback,1,32,0,,
20250721_074247_021,-40,NO_RADIO,32,0,6.9147096789532725,0.09588241577148438,0.004326343536376953,32,,CenterFallback,1,32,0,,
20250721_074247_124,-40,NO_RADIO,32,0,6.9147096789532725,0.08585453033447266,0.004437685012817383,32,,CenterFallback,1,32,0,,
20250721_074247_217,-40,NO_RADIO,32,0,6.9147096789532725,0.08284759521484375,0.004053354263305664,32,,CenterFallback,1,32,0,,
20250721_074247_307,-40,NO_RADIO,32,0,6.9147096789532725,0.08710360527038574,0.004107475280761719,32,,CenterFallback,1,32,0,,
20250721_074247_401,-40,NO_RADIO,32,0,6.9147096789532725,0.09527969360351562,0.004107475280761719,32,,CenterFallback,1,32,0,,
20250721_074247_504,-40,NO_RADIO,32,0,6.9147096789532725,0.09100985527038574,0.004677295684814453,32,,CenterFallback,1,32,0,,
20250721_074247_603,-40,NO_RADIO,32,0,6.9147096789532725,0.08170843124389648,0.004374027252197266,32,,CenterFallback,1,32,0,,
20250721_074247_692,-40,NO_RADIO,32,0,6.9147096789532725,0.08570313453674316,0.00393223762512207,32,,CenterFallback,1,32,0,,
20250721_074247_784,-40,NO_RADIO,32,0,6.9147096789532725,0.09451794624328613,0.004302024841308594,32,,CenterFallback,1,32,0,,
20250721_074247_886,-40,NO_RADIO,32,0,6.9147096789532725,0.09102654457092285,0.004067659378051758,32,,CenterFallback,1,32,0,,
20250721_074247_984,-40,NO_RADIO,32,0,6.9147096789532725,0.08293318748474121,0.004491329193115234,32,,CenterFallback,1,32,0,,
20250721_074248_075,-40,NO_RADIO,32,0,6.9147096789532725,0.08918523788452148,0.004443168640136719,32,,CenterFallback,1,32,0,,
20250721_074248_172,-40,NO_RADIO,32,0,6.9147096789532725,0.09553694725036621,0.004414796829223633,32,,CenterFallback,1,32,0,,
20250721_074248_275,-40,NO_RADIO,32,0,6.9147096789532725,0.08048653602600098,0.004414081573486328,32,,CenterFallback,1,32,0,,
20250721_074248_363,-40,NO_RADIO,32,0,6.9147096789532725,0.08235383033752441,0.0044596195220947266,32,,CenterFallback,1,32,0,,
20250721_074248_453,-39,NO_RADIO,32,0,6.574758069923774,0.08766412734985352,0.004058837890625,32,,CenterFallback,1,32,0,,
20250721_074248_548,-39,NO_RADIO,32,0,6.574758069923774,0.09257125854492188,0.004446268081665039,32,,CenterFallback,1,32,0,,
20250721_074248_648,-39,NO_RADIO,32,0,6.574758069923774,0.08073234558105469,0.004438638687133789,32,,CenterFallback,1,32,0,,
20250721_074248_736,-39,NO_RADIO,32,0,6.574758069923774,0.08470439910888672,0.004491567611694336,32,,CenterFallback,1,32,0,,
20250721_074248_828,-39,NO_RADIO,32,0,6.574758069923774,0.09620785713195801,0.004141092300415039,32,,CenterFallback,1,32,0,,
20250721_074248_931,-39,NO_RADIO,32,0,6.574758069923774,0.07907724380493164,0.004336118698120117,32,,CenterFallback,1,32,0,,
20250721_074249_018,-39,NO_RADIO,32,0,6.574758069923774,0.08370041847229004,0.004465818405151367,32,,CenterFallback,1,32,0,,
20250721_074249_109,-39,NO_RADIO,32,0,6.574758069923774,0.0884249210357666,0.004438161849975586,32,,CenterFallback,1,32,0,,
20250721_074249_205,-39,NO_RADIO,32,0,6.574758069923774,0.09343194961547852,0.0040721893310546875,32,,CenterFallback,1,32,0,,
20250721_074249_305,-39,NO_RADIO,32,0,6.574758069923774,0.08535289764404297,0.004084587097167969,32,,CenterFallback,1,32,0,,
20250721_074249_398,-39,NO_RADIO,32,0,6.574758069923774,0.0916905403137207,0.004490852355957031,32,,CenterFallback,1,32,0,,
20250721_074249_497,-39,NO_RADIO,32,0,6.574758069923774,0.08419609069824219,0.0043528079986572266,32,,CenterFallback,1,32,0,,
20250721_074249_588,-39,NO_RADIO,32,0,6.574758069923774,0.08681035041809082,0.004441022872924805,32,,CenterFallback,1,32,0,,
20250721_074249_683,-39,NO_RADIO,32,0,6.574758069923774,0.08498406410217285,0.00432276725769043,32,,CenterFallback,1,32,0,,
20250721_074249_775,-39,NO_RADIO,32,0,6.574758069923774,0.09383010864257812,0.004270076751708984,32,,CenterFallback,1,32,0,,
20250721_074249_876,-39,NO_RADIO,32,0,6.574758069923774,0.08041214942932129,0.004029989242553711,32,,CenterFallback,1,32,0,,
20250721_074249_964,-39,NO_RADIO,32,0,6.574758069923774,0.08537411689758301,0.004464149475097656,32,,CenterFallback,1,32,0,,
20250721_074250_057,-39,NO_RADIO,32,0,6.574758069923774,0.08401799201965332,0.004424333572387695,32,,CenterFallback,1,32,0,,
20250721_074250_148,-39,NO_RADIO,32,0,6.574758069923774,0.08575773239135742,0.004012346267700195,32,,CenterFallback,1,32,0,,
20250721_074250_241,-39,NO_RADIO,32,0,6.574758069923774,0.09509396553039551,0.004536628723144531,32,,CenterFallback,1,32,0,,
20250721_074250_344,-39,NO_RADIO,32,0,6.574758069923774,0.089111328125,0.004058837890625,32,,CenterFallback,1,32,0,,
20250721_074250_440,-39,NO_RADIO,32,0,6.574758069923774,0.0789492130279541,0.004022359848022461,32,,CenterFallback,1,32,0,,
20250721_074250_526,-38,NO_RADIO,32,0,7.175818584887423,0.0902094841003418,0.0044403076171875,32,,CenterFallback,1,32,0,,
20250721_074250_624,-38,NO_RADIO,32,0,7.175818584887423,0.09855914115905762,0.004497528076171875,32,,CenterFallback,1,32,0,,
20250721_074250_730,-38,NO_RADIO,32,0,7.175818584887423,0.09354448318481445,0.004580497741699219,32,,CenterFallback,1,32,0,,
20250721_074250_831,-38,NO_RADIO,32,0,7.175818584887423,0.0841526985168457,0.004439830780029297,32,,CenterFallback,1,32,0,,
20250721_074250_923,-38,NO_RADIO,32,0,7.175818584887423,0.08824515342712402,0.004431486129760742,32,,CenterFallback,1,32,0,,
20250721_074251_019,-38,NO_RADIO,32,0,7.175818584887423,0.09234261512756348,0.004185199737548828,32,,CenterFallback,1,32,0,,
20250721_074251_118,-38,NO_RADIO,32,0,7.175818584887423,0.08881592750549316,0.004428863525390625,32,,CenterFallback,1,32,0,,
20250721_074251_215,-38,NO_RADIO,32,0,7.175818584887423,0.08732461929321289,0.004431009292602539,32,,CenterFallback,1,32,0,,
20250721_074251_310,-38,NO_RADIO,32,0,7.175818584887423,0.0840606689453125,0.004446268081665039,32,,CenterFallback,1,32,0,,
20250721_074251_401,-38,NO_RADIO,32,0,7.175818584887423,0.08301138877868652,0.004336833953857422,32,,CenterFallback,1,32,0,,
20250721_074251_491,-38,NO_RADIO,32,0,7.175818584887423,0.09046387672424316,0.00404047966003418,32,,CenterFallback,1,32,0,,
20250721_074251_589,-38,NO_RADIO,32,0,7.175818584887423,0.0850832462310791,0.004248142242431641,32,,CenterFallback,1,32,0,,
20250721_074251_681,-38,NO_RADIO,32,0,7.175818584887423,0.09737467765808105,0.004308462142944336,32,,CenterFallback,1,32,0,,
20250721_074251_786,-38,NO_RADIO,32,0,7.175818584887423,0.08108711242675781,0.004180908203125,32,,CenterFallback,1,32,0,,
20250721_074251_874,-38,NO_RADIO,32,0,7.175818584887423,0.09033894538879395,0.004202604293823242,32,,CenterFallback,1,32,0,,
20250721_074251_972,-38,NO_RADIO,32,0,7.175818584887423,0.08550882339477539,0.004393577575683594,32,,CenterFallback,1,32,0,,
20250721_074252_065,-38,NO_RADIO,32,0,7.175818584887423,0.10039591789245605,0.004052162170410156,32,,CenterFallback,1,32,0,,
20250721_074252_172,-38,NO_RADIO,32,0,7.175818584887423,0.09182929992675781,0.00433659553527832,32,,CenterFallback,1,32,0,,
20250721_074252_271,-38,NO_RADIO,32,0,7.175818584887423,0.09811758995056152,0.004364728927612305,32,,CenterFallback,1,32,0,,
20250721_074252_377,-38,NO_RADIO,32,0,7.175818584887423,0.08603096008300781,0.0043032169342041016,32,,CenterFallback,1,32,0,,
20250721_074252_470,-37,NO_RADIO,32,0,7.1756515498423,0.09147143363952637,0.004494428634643555,32,,CenterFallback,1,32,0,,
20250721_074252_569,-37,NO_RADIO,32,0,7.1756515498423,0.0883181095123291,0.004421710968017578,32,,CenterFallback,1,32,0,,
20250721_074252_665,-37,NO_RADIO,32,0,7.1756515498423,0.09221529960632324,0.004002809524536133,32,,CenterFallback,1,32,0,,
20250721_074252_764,-37,NO_RADIO,32,0,7.1756515498423,0.08494973182678223,0.004416942596435547,32,,CenterFallback,1,32,0,,
20250721_074252_856,-37,NO_RADIO,32,0,7.1756515498423,0.08426165580749512,0.00396275520324707,32,,CenterFallback,1,32,0,,
20250721_074252_947,-37,NO_RADIO,32,0,7.1756515498423,0.08874750137329102,0.0020241737365722656,32,,CenterFallback,1,32,0,,
20250721_074253_040,-37,NO_RADIO,32,0,7.1756515498423,0.09911036491394043,0.0020673274993896484,32,,CenterFallback,1,32,0,,
20250721_074253_142,-37,NO_RADIO,32,0,7.1756515498423,0.08576035499572754,0.004385948181152344,32,,CenterFallback,1,32,0,,
20250721_074253_235,-37,NO_RADIO,32,0,7.1756515498423,0.0817575454711914,0.004285335540771484,32,,CenterFallback,1,32,0,,
20250721_074253_324,-37,NO_RADIO,32,0,7.1756515498423,0.08640289306640625,0.004127025604248047,32,,CenterFallback,1,32,0,,
20250721_074253_418,-37,NO_RADIO,32,0,7.1756515498423,0.09837794303894043,0.0041658878326416016,32,,CenterFallback,1,32,0,,
20250721_074253_523,-37,NO_RADIO,32,0,7.1756515498423,0.08780455589294434,0.0042150020599365234,32,,CenterFallback,1,32,0,,
20250721_074253_618,-37,NO_RADIO,32,0,7.1756515498423,0.08450078964233398,0.00436854362487793,32,,CenterFallback,1,32,0,,
20250721_074253_710,-37,NO_RADIO,32,0,7.1756515498423,0.08804893493652344,0.0021185874938964844,32,,CenterFallback,1,32,0,,
20250721_074253_802,-37,NO_RADIO,32,0,7.1756515498423,0.0942690372467041,0.004079580307006836,32,,CenterFallback,1,32,0,,
20250721_074253_902,-37,NO_RADIO,32,0,7.1756515498423,0.08642864227294922,0.0045168399810791016,32,,CenterFallback,1,32,0,,
20250721_074253_996,-37,NO_RADIO,32,0,7.1756515498423,0.0827944278717041,0.004278659820556641,32,,CenterFallback,1,32,0,,
20250721_074254_086,-37,NO_RADIO,32,0,7.1756515498423,0.08167195320129395,0.004610300064086914,32,,CenterFallback,1,32,0,,
20250721_074254_174,-37,NO_RADIO,32,0,7.1756515498423,0.0864250659942627,0.004290103912353516,32,,CenterFallback,1,32,0,,
20250721_074254_268,-37,NO_RADIO,32,0,7.1756515498423,0.09297657012939453,0.004291057586669922,32,,CenterFallback,1,32,0,,
20250721_074254_368,-37,NO_RADIO,32,0,7.1756515498423,0.09163808822631836,0.004877567291259766,32,,CenterFallback,1,32,0,,
20250721_074254_468,-36,NO_RADIO,32,0,7.423387784931805,0.08658647537231445,0.0020780563354492188,32,,CenterFallback,1,32,0,,
20250721_074254_558,-36,NO_RADIO,32,0,7.423387784931805,0.0955190658569336,0.002058744430541992,32,,CenterFallback,1,32,0,,
20250721_074254_657,-36,NO_RADIO,32,0,7.423387784931805,0.09220695495605469,0.0025827884674072266,32,,CenterFallback,1,32,0,,
20250721_074254_753,-36,NO_RADIO,32,0,7.423387784931805,0.09270524978637695,0.0020797252655029297,32,,CenterFallback,1,32,0,,
20250721_074254_849,-36,NO_RADIO,32,0,7.423387784931805,0.08881211280822754,0.0020227432250976562,32,,CenterFallback,1,32,0,,
20250721_074254_941,-36,NO_RADIO,32,0,7.423387784931805,0.09436845779418945,0.0021948814392089844,32,,CenterFallback,1,32,0,,
20250721_074255_039,-36,NO_RADIO,32,0,7.423387784931805,0.08784008026123047,0.0020961761474609375,32,,CenterFallback,1,32,0,,
20250721_074255_130,-36,NO_RADIO,32,0,7.423387784931805,0.09699606895446777,0.002079486846923828,32,,CenterFallback,1,32,0,,
20250721_074255_231,-36,NO_RADIO,32,0,7.423387784931805,0.08126211166381836,0.002109527587890625,32,,CenterFallback,1,32,0,,
20250721_074255_315,-36,NO_RADIO,32,0,7.423387784931805,0.08517241477966309,0.0021359920501708984,32,,CenterFallback,1,32,0,,
20250721_074255_404,-36,NO_RADIO,32,0,7.423387784931805,0.09160304069519043,0.0021071434020996094,32,,CenterFallback,1,32,0,,
20250721_074255_499,-36,NO_RADIO,32,0,7.423387784931805,0.0873863697052002,0.002075672149658203,32,,CenterFallback,1,32,0,,
20250721_074255_590,-36,NO_RADIO,32,0,7.423387784931805,0.08524417877197266,0.0020401477813720703,32,,CenterFallback,1,32,0,,
20250721_074255_678,-36,NO_RADIO,32,0,7.423387784931805,0.08743643760681152,0.002094745635986328,32,,CenterFallback,1,32,0,,
20250721_074255_769,-36,NO_RADIO,32,0,7.423387784931805,0.08523797988891602,0.0021407604217529297,32,,CenterFallback,1,32,0,,
20250721_074255_858,-36,NO_RADIO,32,0,7.423387784931805,0.09087824821472168,0.002086162567138672,32,,CenterFallback,1,32,0,,
20250721_074255_952,-36,NO_RADIO,32,0,7.423387784931805,0.0824732780456543,0.004273891448974609,32,,CenterFallback,1,32,0,,
20250721_074256_042,-36,NO_RADIO,32,0,7.423387784931805,0.08462762832641602,0.004370927810668945,32,,CenterFallback,1,32,0,,
20250721_074256_134,-36,NO_RADIO,32,0,7.423387784931805,0.0950174331665039,0.004540205001831055,32,,CenterFallback,1,32,0,,
20250721_074256_236,-36,NO_RADIO,32,0,7.423387784931805,0.08684587478637695,0.00447845458984375,32,,CenterFallback,1,32,0,,
20250721_074256_331,-36,NO_RADIO,32,0,7.423387784931805,0.0950460433959961,0.004495859146118164,32,,CenterFallback,1,32,0,,
20250721_074256_434,-36,NO_RADIO,32,0,7.423387784931805,0.0907139778137207,0.004664897918701172,32,,CenterFallback,1,32,0,,
20250721_074256_532,-35,NO_RADIO,32,0,7.748058345160416,0.22515416145324707,0.003110647201538086,32,,CenterFallback,1,32,0,,
20250721_074256_763,-35,NO_RADIO,32,0,7.748058345160416,0.09282732009887695,0.004350185394287109,32,,CenterFallback,1,32,0,,
20250721_074256_863,-35,NO_RADIO,32,0,7.748058345160416,0.09424233436584473,0.002080202102661133,32,,CenterFallback,1,32,0,,
20250721_074256_961,-35,NO_RADIO,32,0,7.748058345160416,0.09827804565429688,0.002732515335083008,32,,CenterFallback,1,32,0,,
20250721_074257_064,-35,NO_RADIO,32,0,7.748058345160416,0.09043240547180176,0.002164125442504883,32,,CenterFallback,1,32,0,,
20250721_074257_158,-35,NO_RADIO,32,0,7.748058345160416,0.08887028694152832,0.0020956993103027344,32,,CenterFallback,1,32,0,,
20250721_074257_250,-35,NO_RADIO,32,0,7.748058345160416,0.09169363975524902,0.0020265579223632812,32,,CenterFallback,1,32,0,,
20250721_074257_345,-35,NO_RADIO,32,0,7.748058345160416,0.08723330497741699,0.0020809173583984375,32,,CenterFallback,1,32,0,,
20250721_074257_436,-35,NO_RADIO,32,0,7.748058345160416,0.08611392974853516,0.003159046173095703,32,,CenterFallback,1,32,0,,
20250721_074257_528,-35,NO_RADIO,32,0,7.748058345160416,0.0941169261932373,0.004309177398681641,32,,CenterFallback,1,32,0,,
20250721_074257_629,-35,NO_RADIO,32,0,7.748058345160416,0.09506440162658691,0.004125118255615234,32,,CenterFallback,1,32,0,,
20250721_074257_731,-35,NO_RADIO,32,0,7.748058345160416,0.08815884590148926,0.003750324249267578,32,,CenterFallback,1,32,0,,
20250721_074257_826,-35,NO_RADIO,32,0,7.748058345160416,0.08930039405822754,0.0044591426849365234,32,,CenterFallback,1,32,0,,
20250721_074257_923,-35,NO_RADIO,32,0,7.748058345160416,0.0860898494720459,0.004082441329956055,32,,CenterFallback,1,32,0,,
20250721_074258_016,-35,NO_RADIO,32,0,7.748058345160416,0.09412360191345215,0.004377126693725586,32,,CenterFallback,1,32,0,,
20250721_074258_118,-35,NO_RADIO,32,0,7.748058345160416,0.09122562408447266,0.00400996208190918,32,,CenterFallback,1,32,0,,
20250721_074258_216,-35,NO_RADIO,32,0,7.748058345160416,0.08725619316101074,0.003993988037109375,32,,CenterFallback,1,32,0,,
20250721_074258_310,-35,NO_RADIO,32,0,7.748058345160416,0.0885317325592041,0.004039287567138672,32,,CenterFallback,1,32,0,,
20250721_074258_405,-35,NO_RADIO,32,0,7.748058345160416,0.08317089080810547,0.004379749298095703,32,,CenterFallback,1,32,0,,
20250721_074258_496,-34,NO_RADIO,32,0,7.747835719638019,0.08528709411621094,0.0042896270751953125,32,,CenterFallback,1,32,0,,
20250721_074258_589,-34,NO_RADIO,32,0,7.747835719638019,0.08594918251037598,0.004319429397583008,32,,CenterFallback,1,32,0,,
20250721_074258_682,-34,NO_RADIO,32,0,7.747835719638019,0.09477615356445312,0.004611968994140625,32,,CenterFallback,1,32,0,,
20250721_074258_784,-34,NO_RADIO,32,0,7.747835719638019,0.08919811248779297,0.00456547737121582,32,,CenterFallback,1,32,0,,
20250721_074258_879,-34,NO_RADIO,32,0,7.747835719638019,0.0908498764038086,0.004424571990966797,32,,CenterFallback,1,32,0,,
20250721_074258_978,-34,NO_RADIO,32,0,7.747835719638019,0.08647036552429199,0.004565715789794922,32,,CenterFallback,1,32,0,,
20250721_074259_070,-34,NO_RADIO,32,0,7.747835719638019,0.0900733470916748,0.00427556037902832,32,,CenterFallback,1,32,0,,
20250721_074259_168,-34,NO_RADIO,32,0,7.747835719638019,0.09501171112060547,0.004400014877319336,32,,CenterFallback,1,32,0,,
20250721_074259_270,-34,NO_RADIO,32,0,7.747835719638019,0.08849692344665527,0.004438161849975586,32,,CenterFallback,1,32,0,,
20250721_074259_366,-34,NO_RADIO,32,0,7.747835719638019,0.08598017692565918,0.00363922119140625,32,,CenterFallback,1,32,0,,
20250721_074259_457,-34,NO_RADIO,32,0,7.747835719638019,0.08836865425109863,0.004527568817138672,32,,CenterFallback,1,32,0,,
20250721_074259_553,-34,NO_RADIO,32,0,7.747835719638019,0.08983993530273438,0.004481792449951172,32,,CenterFallback,1,32,0,,
20250721_074259_651,-34,NO_RADIO,32,0,7.747835719638019,0.0820457935333252,0.00455927848815918,32,,CenterFallback,1,32,0,,
20250721_074259_741,-34,NO_RADIO,32,0,7.747835719638019,0.08338475227355957,0.004590034484863281,32,,CenterFallback,1,32,0,,
20250721_074259_832,-34,NO_RADIO,32,0,7.747835719638019,0.08799624443054199,0.004495859146118164,32,,CenterFallback,1,32,0,,
20250721_074259_927,-34,NO_RADIO,32,0,7.747835719638019,0.09558606147766113,0.004241466522216797,32,,CenterFallback,1,32,0,,
20250721_074300_030,-34,NO_RADIO,32,0,7.747835719638019,0.08953475952148438,0.004412412643432617,32,,CenterFallback,1,32,0,,
20250721_074300_127,-34,NO_RADIO,32,0,7.747835719638019,0.09737944602966309,0.0042724609375,32,,CenterFallback,1,32,0,,
20250721_074300_232,-34,NO_RADIO,32,0,7.747835719638019,0.08720517158508301,0.004402875900268555,32,,CenterFallback,1,32,0,,
20250721_074300_326,-34,NO_RADIO,32,0,7.747835719638019,0.09041452407836914,0.004079103469848633,32,,CenterFallback,1,32,0,,
20250721_074300_423,-34,51,51,27.6,19.682116568068324,0.0890965461730957,0.0044934749603271484,51,51,YOLO,1,32,0,19.682116568068324,0
20250721_074300_520,-33,NO_RADIO,51,27.6,20.344345152002944,0.08852505683898926,0.004497051239013672,51,,CenterFallback,1,32,0,,
20250721_074300_617,-33,NO_RADIO,51,27.6,20.344345152002944,0.07964134216308594,0.0043599605560302734,51,,CenterFallback,1,32,0,,
20250721_074300_704,-33,NO_RADIO,51,27.6,20.344345152002944,0.0870206356048584,0.004854440689086914,51,,CenterFallback,1,32,0,,
20250721_074300_799,-33,NO_RADIO,51,27.6,20.344345152002944,0.08736467361450195,0.00455021858215332,51,,CenterFallback,1,32,0,,
20250721_074300_894,-33,NO_RADIO,51,27.6,20.344345152002944,0.09712934494018555,0.004377841949462891,51,,CenterFallback,1,32,0,,
20250721_074300_999,-33,NO_RADIO,51,27.6,20.344345152002944,0.09424972534179688,0.004730701446533203,51,,CenterFallback,1,32,0,,
20250721_074301_101,-33,NO_RADIO,51,27.6,20.344345152002944,0.08886551856994629,0.004423856735229492,51,,CenterFallback,1,32,0,,
20250721_074301_197,-33,NO_RADIO,51,27.6,20.344345152002944,0.09543085098266602,0.0043408870697021484,51,,CenterFallback,1,32,0,,
20250721_074301_300,-33,NO_RADIO,51,27.6,20.344345152002944,0.08039093017578125,0.004137754440307617,51,,CenterFallback,1,32,0,,
20250721_074301_388,-33,NO_RADIO,51,27.6,20.344345152002944,0.08679533004760742,0.004450082778930664,51,,CenterFallback,1,32,0,,
20250721_074301_482,-33,NO_RADIO,51,27.6,20.344345152002944,0.0878450870513916,0.004050254821777344,51,,CenterFallback,1,32,0,,
20250721_074301_577,-33,NO_RADIO,51,27.6,20.344345152002944,0.09660553932189941,0.004242420196533203,51,,CenterFallback,1,32,0,,
20250721_074301_681,-33,NO_RADIO,51,27.6,20.344345152002944,0.08203434944152832,0.004202842712402344,51,,CenterFallback,1,32,0,,
20250721_074301_770,-33,NO_RADIO,51,27.6,20.344345152002944,0.07855796813964844,0.003998517990112305,51,,CenterFallback,1,32,0,,
20250721_074301_856,-33,NO_RADIO,51,27.6,20.344345152002944,0.0871577262878418,0.0041790008544921875,51,,CenterFallback,1,32,0,,
20250721_074301_950,-33,NO_RADIO,51,27.6,20.344345152002944,0.09559965133666992,0.0044400691986083984,51,,CenterFallback,1,32,0,,
20250721_074302_053,-33,NO_RADIO,51,27.6,20.344345152002944,0.09163379669189453,0.0043942928314208984,51,,CenterFallback,1,32,0,,
20250721_074302_152,-33,NO_RADIO,51,27.6,20.344345152002944,0.08348417282104492,0.0040400028228759766,51,,CenterFallback,1,32,0,,
20250721_074302_243,-33,NO_RADIO,51,27.6,20.344345152002944,0.09314966201782227,0.004502058029174805,51,,CenterFallback,1,32,0,,
20250721_074302_343,-33,NO_RADIO,51,27.6,20.344345152002944,0.0944361686706543,0.0045435428619384766,51,,CenterFallback,1,32,0,,
20250721_074302_445,-32,NO_RADIO,51,27.6,20.05073723451256,0.0905466079711914,0.0041904449462890625,51,,CenterFallback,1,32,0,,
20250721_074302_543,-32,NO_RADIO,51,27.6,20.05073723451256,0.09066033363342285,0.004441261291503906,51,,CenterFallback,1,32,0,,
20250721_074302_641,-32,NO_RADIO,51,27.6,20.05073723451256,0.09105253219604492,0.004028797149658203,51,,CenterFallback,1,32,0,,
20250721_074302_739,-32,NO_RADIO,51,27.6,20.05073723451256,0.0933380126953125,0.004472255706787109,51,,CenterFallback,1,32,0,,
20250721_074302_840,-32,NO_RADIO,51,27.6,20.05073723451256,0.08884739875793457,0.003943920135498047,51,,CenterFallback,1,32,0,,
20250721_074302_936,-32,NO_RADIO,51,27.6,20.05073723451256,0.08508801460266113,0.004516124725341797,51,,CenterFallback,1,32,0,,
20250721_074303_029,-32,NO_RADIO,51,27.6,20.05073723451256,0.09733748435974121,0.004346370697021484,51,,CenterFallback,1,32,0,,
20250721_074303_134,-32,NO_RADIO,51,27.6,20.05073723451256,0.08520340919494629,0.004399776458740234,51,,CenterFallback,1,32,0,,
20250721_074303_226,-32,NO_RADIO,51,27.6,20.05073723451256,0.08571529388427734,0.00429224967956543,51,,CenterFallback,1,32,0,,
20250721_074303_320,-32,NO_RADIO,51,27.6,20.05073723451256,0.08745145797729492,0.004038333892822266,51,,CenterFallback,1,32,0,,
20250721_074303_414,-32,NO_RADIO,51,27.6,20.05073723451256,0.09315848350524902,0.004177093505859375,51,,CenterFallback,1,32,0,,
20250721_074303_514,-32,NO_RADIO,51,27.6,20.05073723451256,0.08812880516052246,0.0044286251068115234,51,,CenterFallback,1,32,0,,
20250721_074303_610,-32,NO_RADIO,51,27.6,20.05073723451256,0.08811235427856445,0.00395512580871582,51,,CenterFallback,1,32,0,,
20250721_074303_705,-32,NO_RADIO,51,27.6,20.05073723451256,0.08735203742980957,0.00441288948059082,51,,CenterFallback,1,32,0,,
20250721_074303_800,-32,NO_RADIO,51,27.6,20.05073723451256,0.08014464378356934,0.00433349609375,51,,CenterFallback,1,32,0,,
20250721_074303_887,-32,NO_RADIO,51,27.6,20.05073723451256,0.08923745155334473,0.004197835922241211,51,,CenterFallback,1,32,0,,
20250721_074303_984,-32,NO_RADIO,51,27.6,20.05073723451256,0.08875823020935059,0.0043871402740478516,51,,CenterFallback,1,32,0,,
20250721_074304_080,-32,NO_RADIO,51,27.6,20.05073723451256,0.08711791038513184,0.004378557205200195,51,,CenterFallback,1,32,0,,
20250721_074304_175,-32,NO_RADIO,51,27.6,20.05073723451256,0.09487605094909668,0.0046062469482421875,51,,CenterFallback,1,32,0,,
20250721_074304_278,-32,NO_RADIO,51,27.6,20.05073723451256,0.09976530075073242,0.004414081573486328,51,,CenterFallback,1,32,0,,
20250721_074304_385,-32,NO_RADIO,51,27.6,20.05073723451256,0.09390878677368164,0.004460811614990234,51,,CenterFallback,1,32,0,,
20250721_074304_486,-31,NO_RADIO,51,27.6,20.53557951269317,0.08204317092895508,0.004051685333251953,51,,CenterFallback,1,32,0,,
20250721_074304_575,-31,NO_RADIO,51,27.6,20.53557951269317,0.08812928199768066,0.004413127899169922,51,,CenterFallback,1,32,0,,
20250721_074304_671,-31,NO_RADIO,51,27.6,20.53557951269317,0.10544323921203613,0.004302263259887695,51,,CenterFallback,1,32,0,,
20250721_074304_784,-31,51,51,27.6,20.53557951269317,0.09594535827636719,0.004256725311279297,51,51,YOLO,1,32,0,20.53557951269317,0
20250721_074304_887,-31,51,51,27.6,20.53557951269317,0.09736323356628418,0.0040857791900634766,51,51,YOLO,1,32,0,20.53557951269317,0
20250721_074304_992,-31,51,51,27.6,20.53557951269317,0.09360408782958984,0.0048503875732421875,51,51,YOLO,1,32,0,20.53557951269317,0
20250721_074305_094,-31,51,51,27.6,20.53557951269317,0.08969235420227051,0.004021644592285156,51,51,YOLO,1,32,0,20.53557951269317,0
20250721_074305_190,-31,51,51,27.6,20.53557951269317,0.08808016777038574,0.004291057586669922,51,51,YOLO,1,32,0,20.53557951269317,0
20250721_074305_286,-31,NO_RADIO,51,27.6,20.53557951269317,0.08284640312194824,0.004174947738647461,51,,CenterFallback,1,32,0,,
20250721_074305_376,-31,51,51,27.6,20.53557951269317,0.0971224308013916,0.004273414611816406,51,51,YOLO,1,32,0,20.53557951269317,0
20250721_074305_481,-31,51,51,27.6,20.53557951269317,0.097930908203125,0.003937482833862305,51,51,YOLO,1,32,0,20.53557951269317,0
20250721_074305_585,-31,NO_RADIO,51,27.6,20.53557951269317,0.09329700469970703,0.0043299198150634766,51,,CenterFallback,1,32,0,,
20250721_074305_686,-31,NO_RADIO,51,27.6,20.53557951269317,0.09111785888671875,0.004275321960449219,51,,CenterFallback,1,32,0,,
20250721_074305_784,-31,51,51,27.6,20.53557951269317,0.09640240669250488,0.004310131072998047,51,51,YOLO,1,32,0,20.53557951269317,0
20250721_074305_888,-31,NO_RADIO,51,27.6,20.53557951269317,0.08973288536071777,0.004415273666381836,51,,CenterFallback,1,32,0,,
20250721_074305_985,-31,51,51,27.6,20.53557951269317,0.09179997444152832,0.004244327545166016,51,51,YOLO,1,32,0,20.53557951269317,0
20250721_074306_085,-31,51,51,27.6,20.53557951269317,0.0975637435913086,0.004288434982299805,51,51,YOLO,1,32,0,20.53557951269317,0
20250721_074306_189,-31,NO_RADIO,51,27.6,20.53557951269317,0.0842287540435791,0.004201412200927734,51,,CenterFallback,1,32,0,,
20250721_074306_281,-31,NO_RADIO,51,27.6,20.53557951269317,0.08771038055419922,0.004393100738525391,51,,CenterFallback,1,32,0,,
20250721_074306_376,-31,NO_RADIO,51,27.6,20.53557951269317,0.08751225471496582,0.004449367523193359,51,,CenterFallback,1,32,0,,
20250721_074306_471,-30,51,51,27.6,19.539869176009503,0.08720755577087402,0.004348278045654297,51,51,YOLO,1,32,0,19.539869176009503,0
20250721_074306_566,-30,NO_RADIO,51,27.6,19.539869176009503,0.0839238166809082,0.0043888092041015625,51,,CenterFallback,1,32,0,,
20250721_074306_658,-30,51,51,27.6,19.539869176009503,0.09332990646362305,0.004343271255493164,51,51,YOLO,1,32,0,19.539869176009503,0
20250721_074306_759,-30,51,51,27.6,19.539869176009503,0.1032865047454834,0.004312992095947266,51,51,YOLO,1,32,0,19.539869176009503,0
20250721_074306_870,-30,50,50,26.1,20.16422311447306,0.09480690956115723,0.004187345504760742,50,50,YOLO,1,32,0,20.16422311447306,0
20250721_074306_972,-30,51,51,27.6,19.539869176009503,0.0982508659362793,0.004323244094848633,51,51,YOLO,1,32,0,19.539869176009503,0
20250721_074307_078,-30,51,51,27.6,19.539869176009503,0.08874869346618652,0.004262208938598633,51,51,YOLO,1,32,0,19.539869176009503,0
20250721_074307_174,-30,51,51,27.6,19.539869176009503,0.09424686431884766,0.004266977310180664,51,51,YOLO,1,32,0,19.539869176009503,0
20250721_074307_275,-30,51,51,27.6,19.539869176009503,0.0977165699005127,0.004319190979003906,51,51,YOLO,1,32,0,19.539869176009503,0
20250721_074307_381,-30,50,50,26.1,20.16422311447306,0.09045696258544922,0.0042781829833984375,50,50,YOLO,1,32,0,20.16422311447306,0
20250721_074307_479,-30,51,51,27.6,19.539869176009503,0.08576536178588867,0.00427556037902832,51,51,YOLO,1,32,0,19.539869176009503,0
20250721_074307_572,-30,51,51,27.6,19.539869176009503,0.0881950855255127,0.0043256282806396484,51,51,YOLO,1,32,0,19.539869176009503,0
20250721_074307_667,-30,50,50,26.1,20.16422311447306,0.08972477912902832,0.004283428192138672,50,50,YOLO,1,32,0,20.16422311447306,0
20250721_074307_765,-30,50,50,26.1,20.16422311447306,0.0984187126159668,0.004201173782348633,50,50,YOLO,1,32,0,20.16422311447306,0
20250721_074307_870,-30,51,51,27.6,19.539869176009503,0.08896207809448242,0.004254817962646484,51,51,YOLO,1,32,0,19.539869176009503,0
20250721_074307_967,-30,50,50,26.1,20.16422311447306,0.10132336616516113,0.004424095153808594,50,50,YOLO,1,32,0,20.16422311447306,0
20250721_074308_076,-30,50,50,26.1,20.16422311447306,0.09241104125976562,0.00423121452331543,50,50,YOLO,1,32,0,20.16422311447306,0
20250721_074308_175,-30,50,50,26.1,20.16422311447306,0.08960151672363281,0.0043065547943115234,50,50,YOLO,1,32,0,20.16422311447306,0
20250721_074308_272,-30,50,50,26.1,20.16422311447306,0.09196281433105469,0.004205465316772461,50,50,YOLO,1,32,0,20.16422311447306,0
20250721_074308_370,-30,51,51,27.6,19.539869176009503,0.0968775749206543,0.004503488540649414,51,51,YOLO,1,32,0,19.539869176009503,0
20250721_074308_475,-29,50,50,26.1,19.98581286382988,0.08721017837524414,0.004491090774536133,50,50,YOLO,1,32,0,19.98581286382988,0
20250721_074308_570,-29,50,50,26.1,19.98581286382988,0.08285093307495117,0.004312753677368164,50,50,YOLO,1,32,0,19.98581286382988,0
20250721_074308_660,-29,50,50,26.1,19.98581286382988,0.08886837959289551,0.004173994064331055,50,50,YOLO,1,32,0,19.98581286382988,0
20250721_074308_756,-29,50,50,26.1,19.98581286382988,0.09372401237487793,0.004292726516723633,50,50,YOLO,1,32,0,19.98581286382988,0
20250721_074308_858,-29,50,50,26.1,19.98581286382988,0.08450531959533691,0.004060983657836914,50,50,YOLO,1,32,0,19.98581286382988,0
20250721_074308_949,-29,50,50,26.1,19.98581286382988,0.08774137496948242,0.0041425228118896484,50,50,YOLO,1,32,0,19.98581286382988,0
20250721_074309_044,-29,50,50,26.1,19.98581286382988,0.10117363929748535,0.0042269229888916016,50,50,YOLO,1,32,0,19.98581286382988,0
20250721_074309_153,-29,50,50,26.1,19.98581286382988,0.09043335914611816,0.004319667816162109,50,50,YOLO,1,32,0,19.98581286382988,0
20250721_074309_251,-29,50,50,26.1,19.98581286382988,0.08942651748657227,0.0041501522064208984,50,50,YOLO,1,32,0,19.98581286382988,0
20250721_074309_347,-29,50,50,26.1,19.98581286382988,0.0915687084197998,0.004033565521240234,50,50,YOLO,1,32,0,19.98581286382988,0
20250721_074309_446,-29,50,50,26.1,19.98581286382988,0.09617948532104492,0.003993511199951172,50,50,YOLO,1,32,0,19.98581286382988,0
20250721_074309_549,-29,50,50,26.1,19.98581286382988,0.09759807586669922,0.004296779632568359,50,50,YOLO,1,32,0,19.98581286382988,0
20250721_074309_654,-29,50,50,26.1,19.98581286382988,0.08577466011047363,0.004076242446899414,50,50,YOLO,1,32,0,19.98581286382988,0
20250721_074309_747,-29,50,50,26.1,19.98581286382988,0.09101581573486328,0.0042819976806640625,50,50,YOLO,1,32,0,19.98581286382988,0
20250721_074309_846,-29,50,50,26.1,19.98581286382988,0.10028696060180664,0.004312276840209961,50,50,YOLO,1,32,0,19.98581286382988,0
20250721_074309_953,-29,NO_RADIO,50,26.1,19.98581286382988,0.0826265811920166,0.004425525665283203,50,,CenterFallback,1,32,0,,
20250721_074310_043,-29,50,50,26.1,19.98581286382988,0.08856773376464844,0.004130840301513672,50,50,YOLO,1,32,0,19.98581286382988,0
20250721_074310_139,-29,50,50,26.1,19.98581286382988,0.08565735816955566,0.0038912296295166016,50,50,YOLO,1,32,0,19.98581286382988,0
20250721_074310_231,-29,50,50,26.1,19.98581286382988,0.09601116180419922,0.0038967132568359375,50,50,YOLO,1,32,0,19.98581286382988,0
20250721_074310_334,-29,NO_RADIO,50,26.1,19.98581286382988,0.08027100563049316,0.0040166378021240234,50,,CenterFallback,1,32,0,,
20250721_074310_422,-29,50,50,26.1,19.98581286382988,0.08231139183044434,0.004048347473144531,50,50,YOLO,1,32,0,19.98581286382988,0
20250721_074310_511,-28,50,50,26.1,19.579450919391192,0.09021162986755371,0.003950357437133789,50,50,YOLO,1,32,0,19.579450919391192,0
20250721_074310_608,-28,50,50,26.1,19.579450919391192,0.09905457496643066,0.004170417785644531,50,50,YOLO,1,32,0,19.579450919391192,0
20250721_074310_715,-28,50,50,26.1,19.579450919391192,0.08771562576293945,0.0039021968841552734,50,50,YOLO,1,32,0,19.579450919391192,0
20250721_074310_809,-28,49,49,24.7,20.29729016007778,0.08534431457519531,0.004144191741943359,49,49,YOLO,1,32,0,20.29729016007778,0
20250721_074310_902,-28,49,49,24.7,20.29729016007778,0.09012031555175781,0.0042877197265625,49,49,YOLO,1,32,0,20.29729016007778,0
20250721_074310_999,-28,49,49,24.7,20.29729016007778,0.09669899940490723,0.004303932189941406,49,49,YOLO,1,32,0,20.29729016007778,0
20250721_074311_103,-28,49,49,24.7,20.29729016007778,0.09097433090209961,0.004254579544067383,49,49,YOLO,1,32,0,20.29729016007778,0
20250721_074311_200,-28,49,49,24.7,20.29729016007778,0.08523869514465332,0.0042879581451416016,49,49,YOLO,1,32,0,20.29729016007778,0
20250721_074311_293,-28,49,49,24.7,20.29729016007778,0.09747815132141113,0.003938436508178711,49,49,YOLO,1,32,0,20.29729016007778,0
20250721_074311_397,-28,49,49,24.7,20.29729016007778,0.08801078796386719,0.00413203239440918,49,49,YOLO,1,32,0,20.29729016007778,0
20250721_074311_491,-28,49,49,24.7,20.29729016007778,0.09476161003112793,0.003924846649169922,49,49,YOLO,1,32,0,20.29729016007778,0
20250721_074311_593,-28,49,49,24.7,20.29729016007778,0.10242199897766113,0.00421905517578125,49,49,YOLO,1,32,0,20.29729016007778,0
20250721_074311_702,-28,49,49,24.7,20.29729016007778,0.08820486068725586,0.0043222904205322266,49,49,YOLO,1,32,0,20.29729016007778,0
20250721_074311_798,-28,49,49,24.7,20.29729016007778,0.10161280632019043,0.004242658615112305,49,49,YOLO,1,32,0,20.29729016007778,0
20250721_074311_907,-28,49,49,24.7,20.29729016007778,0.09522867202758789,0.0020635128021240234,49,49,YOLO,1,32,0,20.29729016007778,0
20250721_074312_006,-28,49,49,24.7,20.29729016007778,0.08783197402954102,0.004252195358276367,49,49,YOLO,1,32,0,20.29729016007778,0
20250721_074312_101,-28,49,49,24.7,20.29729016007778,0.08452153205871582,0.004262208938598633,49,49,YOLO,1,32,0,20.29729016007778,0
20250721_074312_193,-28,49,49,24.7,20.29729016007778,0.09997749328613281,0.0042266845703125,49,49,YOLO,1,32,0,20.29729016007778,0
20250721_074312_300,-28,50,50,26.1,19.579450919391192,0.0856328010559082,0.00457763671875,50,50,YOLO,1,32,0,19.579450919391192,0
20250721_074312_393,-28,50,50,26.1,19.579450919391192,0.08547544479370117,0.0041811466217041016,50,50,YOLO,1,32,0,19.579450919391192,0
20250721_074312_486,-27,50,50,26.1,18.84561229096579,0.08258771896362305,0.004895210266113281,50,49,NeighborSearch,2,32,0,19.926110779462466,-1
20250721_074312_576,-27,50,50,26.1,18.84561229096579,0.09021186828613281,0.011141061782836914,50,49,NeighborSearch,2,32,0,19.926110779462466,-1
20250721_074312_680,-27,49,49,24.7,19.926110779462466,0.08966493606567383,0.004148244857788086,49,49,YOLO,1,32,0,19.926110779462466,0
20250721_074312_777,-27,49,49,24.7,19.926110779462466,0.09213757514953613,0.00419163703918457,49,49,YOLO,1,32,0,19.926110779462466,0
20250721_074312_876,-27,49,49,24.7,19.926110779462466,0.09453368186950684,0.004347801208496094,49,49,YOLO,1,32,0,19.926110779462466,0
20250721_074312_978,-27,49,49,24.7,19.926110779462466,0.09136176109313965,0.004367351531982422,49,49,YOLO,1,32,0,19.926110779462466,0
20250721_074313_077,-27,49,49,24.7,19.926110779462466,0.09554719924926758,0.004256725311279297,49,49,YOLO,1,32,0,19.926110779462466,0
20250721_074313_180,-27,49,49,24.7,19.926110779462466,0.09398293495178223,0.004415035247802734,49,49,YOLO,1,32,0,19.926110779462466,0
20250721_074313_282,-27,49,49,24.7,19.926110779462466,0.08826923370361328,0.003943920135498047,49,49,YOLO,1,32,0,19.926110779462466,0
20250721_074313_377,-27,49,49,24.7,19.926110779462466,0.0871424674987793,0.004183053970336914,49,49,YOLO,1,32,0,19.926110779462466,0
20250721_074313_471,-27,49,49,24.7,19.926110779462466,0.09591436386108398,0.0042266845703125,49,49,YOLO,1,32,0,19.926110779462466,0
20250721_074313_574,-27,49,49,24.7,19.926110779462466,0.09303450584411621,0.004023551940917969,49,49,YOLO,1,32,0,19.926110779462466,0
20250721_074313_675,-27,49,49,24.7,19.926110779462466,0.09076786041259766,0.004286050796508789,49,49,YOLO,1,32,0,19.926110779462466,0
20250721_074313_773,-27,49,49,24.7,19.926110779462466,0.08646798133850098,0.0042705535888671875,49,49,YOLO,1,32,0,19.926110779462466,0
20250721_074313_866,-27,49,49,24.7,19.926110779462466,0.08252930641174316,0.004066944122314453,49,49,YOLO,1,32,0,19.926110779462466,0
20250721_074313_956,-27,49,49,24.7,19.926110779462466,0.09038853645324707,0.0042650699615478516,49,49,YOLO,1,32,0,19.926110779462466,0
20250721_074314_054,-27,49,49,24.7,19.926110779462466,0.0885322093963623,0.004127025604248047,49,49,YOLO,1,32,0,19.926110779462466,0
20250721_074314_149,-27,49,49,24.7,19.926110779462466,0.09717679023742676,0.003947257995605469,49,49,YOLO,1,32,0,19.926110779462466,0
20250721_074314_253,-27,49,49,24.7,19.926110779462466,0.09238648414611816,0.0040285587310791016,49,49,YOLO,1,32,0,19.926110779462466,0
20250721_074314_353,-27,49,49,24.7,19.926110779462466,0.08742475509643555,0.004152536392211914,49,49,YOLO,1,32,0,19.926110779462466,0
20250721_074314_447,-26,49,49,24.7,18.75428503364457,0.08655309677124023,0.01035928726196289,49,48,NeighborSearch,2,32,0,19.95282059303496,-1
20250721_074314_547,-26,49,49,24.7,18.75428503364457,0.08408212661743164,0.011544466018676758,49,48,NeighborSearch,2,32,0,19.95282059303496,-1
20250721_074314_646,-26,48,48,23.2,19.95282059303496,0.09181952476501465,0.004277944564819336,48,48,YOLO,1,32,0,19.95282059303496,0
20250721_074314_745,-26,48,48,23.2,19.95282059303496,0.10065245628356934,0.00428009033203125,48,48,YOLO,1,32,0,19.95282059303496,0
20250721_074314_853,-26,48,48,23.2,19.95282059303496,0.0904548168182373,0.003635406494140625,48,48,YOLO,1,32,0,19.95282059303496,0
20250721_074314_950,-26,48,48,23.2,19.95282059303496,0.09429597854614258,0.00427699089050293,48,48,YOLO,1,32,0,19.95282059303496,0
20250721_074315_052,-26,48,48,23.2,19.95282059303496,0.0830378532409668,0.0041751861572265625,48,48,YOLO,1,32,0,19.95282059303496,0
20250721_074315_142,-26,48,48,23.2,19.95282059303496,0.09450221061706543,0.004309892654418945,48,48,YOLO,1,32,0,19.95282059303496,0
20250721_074315_244,-26,48,48,23.2,19.95282059303496,0.08782196044921875,0.004078865051269531,48,48,YOLO,1,32,0,19.95282059303496,0
20250721_074315_339,-26,48,48,23.2,19.95282059303496,0.08896541595458984,0.004192829132080078,48,48,YOLO,1,32,0,19.95282059303496,0
20250721_074315_435,-26,48,48,23.2,19.95282059303496,0.09268546104431152,0.004202127456665039,48,48,YOLO,1,32,0,19.95282059303496,0
20250721_074315_535,-26,48,48,23.2,19.95282059303496,0.08542990684509277,0.004021883010864258,48,48,YOLO,1,32,0,19.95282059303496,0
20250721_074315_628,-26,48,48,23.2,19.95282059303496,0.08974909782409668,0.0039365291595458984,48,48,YOLO,1,32,0,19.95282059303496,0
20250721_074315_724,-26,48,48,23.2,19.95282059303496,0.08358883857727051,0.004036664962768555,48,48,YOLO,1,32,0,19.95282059303496,0
20250721_074315_815,-26,48,48,23.2,19.95282059303496,0.08579325675964355,0.004263162612915039,48,48,YOLO,1,32,0,19.95282059303496,0
20250721_074315_908,-26,48,48,23.2,19.95282059303496,0.09084415435791016,0.004275083541870117,48,48,YOLO,1,32,0,19.95282059303496,0
20250721_074316_006,-26,48,48,23.2,19.95282059303496,0.09485840797424316,0.0042955875396728516,48,48,YOLO,1,32,0,19.95282059303496,0
20250721_074316_109,-26,48,48,23.2,19.95282059303496,0.09609842300415039,0.004294872283935547,48,48,YOLO,1,32,0,19.95282059303496,0
20250721_074316_212,-26,48,48,23.2,19.95282059303496,0.09023022651672363,0.004064083099365234,48,48,YOLO,1,32,0,19.95282059303496,0
20250721_074316_309,-26,48,48,23.2,19.95282059303496,0.09104585647583008,0.0040378570556640625,48,48,YOLO,1,32,0,19.95282059303496,0
20250721_074316_407,-26,48,48,23.2,19.95282059303496,0.09056210517883301,0.004131317138671875,48,48,YOLO,1,32,0,19.95282059303496,0
20250721_074316_505,-25,48,48,23.2,19.579417836185343,0.0928964614868164,0.0039365291595458984,48,48,YOLO,1,32,0,19.579417836185343,0
20250721_074316_605,-25,48,48,23.2,19.579417836185343,0.10025596618652344,0.0043277740478515625,48,48,YOLO,1,32,0,19.579417836185343,0
20250721_074316_713,-25,47,47,21.8,20.285254533650487,0.10007286071777344,0.004431009292602539,47,47,YOLO,1,32,0,20.285254533650487,0
20250721_074316_821,-25,47,47,21.8,20.285254533650487,0.08963513374328613,0.0039327144622802734,47,47,YOLO,1,32,0,20.285254533650487,0
20250721_074316_917,-25,47,47,21.8,20.285254533650487,0.09063029289245605,0.004308938980102539,47,47,YOLO,1,32,0,20.285254533650487,0
20250721_074317_015,-25,47,47,21.8,20.285254533650487,0.08785080909729004,0.004327535629272461,47,47,YOLO,1,32,0,20.285254533650487,0
20250721_074317_111,-25,47,47,21.8,20.285254533650487,0.0983734130859375,0.004262685775756836,47,47,YOLO,1,32,0,20.285254533650487,0
20250721_074317_217,-25,47,47,21.8,20.285254533650487,0.09389829635620117,0.004298686981201172,47,47,YOLO,1,32,0,20.285254533650487,0
20250721_074317_318,-25,47,47,21.8,20.285254533650487,0.08875465393066406,0.0039446353912353516,47,47,YOLO,1,32,0,20.285254533650487,0
20250721_074317_414,-25,47,47,21.8,20.285254533650487,0.08314871788024902,0.003902435302734375,47,47,YOLO,1,32,0,20.285254533650487,0
20250721_074317_504,-25,47,47,21.8,20.285254533650487,0.08331847190856934,0.0041658878326416016,47,47,YOLO,1,32,0,20.285254533650487,0
20250721_074317_594,-25,47,47,21.8,20.285254533650487,0.08694934844970703,0.0042362213134765625,47,47,YOLO,1,32,0,20.285254533650487,0
20250721_074317_688,-25,47,47,21.8,20.285254533650487,0.0932931900024414,0.004183292388916016,47,47,YOLO,1,32,0,20.285254533650487,0
20250721_074317_789,-25,47,47,21.8,20.285254533650487,0.09007620811462402,0.0042917728424072266,47,47,YOLO,1,32,0,20.285254533650487,0
20250721_074317_886,-25,47,47,21.8,20.285254533650487,0.08078122138977051,0.004133462905883789,47,47,YOLO,1,32,0,20.285254533650487,0
20250721_074317_974,-25,47,47,21.8,20.285254533650487,0.09040999412536621,0.004192352294921875,47,47,YOLO,1,32,0,20.285254533650487,0
20250721_074318_072,-25,47,47,21.8,20.285254533650487,0.09100508689880371,0.004032135009765625,47,47,YOLO,1,32,0,20.285254533650487,0
20250721_074318_170,-25,47,47,21.8,20.285254533650487,0.10285544395446777,0.003887176513671875,47,47,YOLO,1,32,0,20.285254533650487,0
20250721_074318_279,-25,47,47,21.8,20.285254533650487,0.08800196647644043,0.004194736480712891,47,47,YOLO,1,32,0,20.285254533650487,0
20250721_074318_375,-25,47,47,21.8,20.285254533650487,0.0854034423828125,0.0021491050720214844,47,47,YOLO,1,32,0,20.285254533650487,0
20250721_074318_463,-24,47,47,21.8,19.37886170750444,0.08711051940917969,0.003930091857910156,47,47,YOLO,1,32,0,19.37886170750444,0
20250721_074318_558,-24,47,47,21.8,19.37886170750444,0.10188746452331543,0.004271745681762695,47,47,YOLO,1,32,0,19.37886170750444,0
20250721_074318_667,-24,47,47,21.8,19.37886170750444,0.08416461944580078,0.00429224967956543,47,47,YOLO,1,32,0,19.37886170750444,0
20250721_074318_759,-24,47,47,21.8,19.37886170750444,0.08748984336853027,0.004265308380126953,47,47,YOLO,1,32,0,19.37886170750444,0
20250721_074318_854,-24,47,47,21.8,19.37886170750444,0.09669852256774902,0.0040836334228515625,47,47,YOLO,1,32,0,19.37886170750444,0
20250721_074318_958,-24,47,47,21.8,19.37886170750444,0.09478402137756348,0.0043942928314208984,47,47,YOLO,1,32,0,19.37886170750444,0
20250721_074319_060,-24,47,47,21.8,19.37886170750444,0.08557295799255371,0.0039234161376953125,47,47,YOLO,1,32,0,19.37886170750444,0
20250721_074319_153,-24,47,47,21.8,19.37886170750444,0.08814430236816406,0.003966808319091797,47,47,YOLO,1,32,0,19.37886170750444,0
20250721_074319_248,-24,47,47,21.8,19.37886170750444,0.09691810607910156,0.004225254058837891,47,47,YOLO,1,32,0,19.37886170750444,0
20250721_074319_352,-24,47,47,21.8,19.37886170750444,0.08583950996398926,0.004446744918823242,47,47,YOLO,1,32,0,19.37886170750444,0
20250721_074319_445,-24,47,47,21.8,19.37886170750444,0.09366750717163086,0.004217863082885742,47,47,YOLO,1,32,0,19.37886170750444,0
20250721_074319_546,-24,47,47,21.8,19.37886170750444,0.09088349342346191,0.0043756961822509766,47,47,YOLO,1,32,0,19.37886170750444,0
20250721_074319_645,-24,47,47,21.8,19.37886170750444,0.09205222129821777,0.0039408206939697266,47,47,YOLO,1,32,0,19.37886170750444,0
20250721_074319_743,-24,47,47,21.8,19.37886170750444,0.08564639091491699,0.004348278045654297,47,47,YOLO,1,32,0,19.37886170750444,0
20250721_074319_836,-24,47,47,21.8,19.37886170750444,0.09425616264343262,0.0039844512939453125,47,47,YOLO,1,32,0,19.37886170750444,0
20250721_074319_937,-24,47,47,21.8,19.37886170750444,0.09297752380371094,0.0043849945068359375,47,47,YOLO,1,32,0,19.37886170750444,0
20250721_074320_037,-24,47,47,21.8,19.37886170750444,0.08523035049438477,0.004276752471923828,47,47,YOLO,1,32,0,19.37886170750444,0
20250721_074320_130,-24,47,47,21.8,19.37886170750444,0.08768177032470703,0.004243612289428711,47,47,YOLO,1,32,0,19.37886170750444,0
20250721_074320_225,-24,47,47,21.8,19.37886170750444,0.08898687362670898,0.004418849945068359,47,47,YOLO,1,32,0,19.37886170750444,0
20250721_074320_322,-24,47,47,21.8,19.37886170750444,0.09123349189758301,0.004433870315551758,47,47,YOLO,1,32,0,19.37886170750444,0
20250721_074320_421,-23,47,47,21.8,19.37886170750444,0.09876036643981934,0.0045702457427978516,47,47,YOLO,1,32,0,19.37886170750444,0
20250721_074320_527,-23,47,47,21.8,19.21457609187693,0.09018135070800781,0.0042455196380615234,47,47,YOLO,1,32,0,19.21457609187693,0
20250721_074320_625,-23,47,47,21.8,19.21457609187693,0.0865180492401123,0.004105567932128906,47,47,YOLO,1,32,0,19.21457609187693,0
20250721_074320_718,-23,46,46,20.3,20.508420822578245,0.09745573997497559,0.004262447357177734,46,46,YOLO,1,32,0,20.508420822578245,0
20250721_074320_823,-23,46,46,20.3,20.508420822578245,0.09008431434631348,0.004178285598754883,46,46,YOLO,1,32,0,20.508420822578245,0
20250721_074320_921,-23,46,46,20.3,20.508420822578245,0.09709000587463379,0.004328489303588867,46,46,YOLO,1,32,0,20.508420822578245,0
20250721_074321_026,-23,46,46,20.3,20.508420822578245,0.09273672103881836,0.004276275634765625,46,46,YOLO,1,32,0,20.508420822578245,0
20250721_074321_126,-23,46,46,20.3,20.508420822578245,0.08671402931213379,0.004526853561401367,46,46,YOLO,1,32,0,20.508420822578245,0
20250721_074321_220,-23,46,46,20.3,20.508420822578245,0.09396529197692871,0.004305601119995117,46,46,YOLO,1,32,0,20.508420822578245,0
20250721_074321_322,-23,46,46,20.3,20.508420822578245,0.0876152515411377,0.004238128662109375,46,46,YOLO,1,32,0,20.508420822578245,0
20250721_074321_417,-23,46,46,20.3,20.508420822578245,0.08905816078186035,0.00457000732421875,46,46,YOLO,1,32,0,20.508420822578245,0
20250721_074321_514,-23,46,46,20.3,20.508420822578245,0.0957338809967041,0.003968238830566406,46,46,YOLO,1,32,0,20.508420822578245,0
20250721_074321_616,-23,46,46,20.3,20.508420822578245,0.08800506591796875,0.004142284393310547,46,46,YOLO,1,32,0,20.508420822578245,0
20250721_074321_711,-23,46,46,20.3,20.508420822578245,0.08985733985900879,0.004266262054443359,46,46,YOLO,1,32,0,20.508420822578245,0
20250721_074321_809,-23,46,46,20.3,20.508420822578245,0.10272955894470215,0.004318952560424805,46,46,YOLO,1,32,0,20.508420822578245,0
20250721_074321_919,-23,46,46,20.3,20.508420822578245,0.08389711380004883,0.004285097122192383,46,46,YOLO,1,32,0,20.508420822578245,0
20250721_074322_010,-23,46,46,20.3,20.508420822578245,0.08702731132507324,0.004362344741821289,46,46,YOLO,1,32,0,20.508420822578245,0
20250721_074322_105,-23,46,46,20.3,20.508420822578245,0.09018373489379883,0.004297018051147461,46,46,YOLO,1,32,0,20.508420822578245,0
20250721_074322_202,-23,46,46,20.3,20.508420822578245,0.09622573852539062,0.004160881042480469,46,46,YOLO,1,32,0,20.508420822578245,0
20250721_074322_306,-23,46,46,20.3,20.508420822578245,0.08594560623168945,0.004310131072998047,46,46,YOLO,1,32,0,20.508420822578245,0
20250721_074322_399,-23,46,46,20.3,20.508420822578245,0.0946047306060791,0.004446744918823242,46,46,YOLO,1,32,0,20.508420822578245,0
20250721_074322_502,-22,46,46,20.3,20.10090523937108,0.09527850151062012,0.004273176193237305,46,46,YOLO,1,32,0,20.10090523937108,0
20250721_074322_604,-22,46,46,20.3,20.10090523937108,0.08702254295349121,0.0042150020599365234,46,46,YOLO,1,32,0,20.10090523937108,0
20250721_074322_699,-22,45,45,18.9,20.354599947883244,0.08786535263061523,0.0043108463287353516,45,45,YOLO,1,32,0,20.354599947883244,0
20250721_074322_794,-22,45,45,18.9,20.354599947883244,0.08469557762145996,0.004157304763793945,45,45,YOLO,1,32,0,20.354599947883244,0
20250721_074322_886,-22,45,45,18.9,20.354599947883244,0.0891413688659668,0.004279375076293945,45,45,YOLO,1,32,0,20.354599947883244,0
20250721_074322_982,-22,45,45,18.9,20.354599947883244,0.10276031494140625,0.004315614700317383,45,45,YOLO,1,32,0,20.354599947883244,0
20250721_074323_092,-22,45,45,18.9,20.354599947883244,0.08295226097106934,0.004248857498168945,45,45,YOLO,1,32,0,20.354599947883244,0
20250721_074323_183,-22,45,45,18.9,20.354599947883244,0.08587646484375,0.004331827163696289,45,45,YOLO,1,32,0,20.354599947883244,0
20250721_074323_276,-22,45,45,18.9,20.354599947883244,0.08813643455505371,0.0039250850677490234,45,45,YOLO,1,32,0,20.354599947883244,0
20250721_074323_371,-22,45,45,18.9,20.354599947883244,0.09421777725219727,0.004267215728759766,45,45,YOLO,1,32,0,20.354599947883244,0
20250721_074323_473,-22,45,45,18.9,20.354599947883244,0.0823507308959961,0.003969907760620117,45,45,YOLO,1,32,0,20.354599947883244,0
20250721_074323_562,-22,45,45,18.9,20.354599947883244,0.0870521068572998,0.004269123077392578,45,45,YOLO,1,32,0,20.354599947883244,0
20250721_074323_656,-22,45,45,18.9,20.354599947883244,0.11029648780822754,0.003995180130004883,45,45,YOLO,1,32,0,20.354599947883244,0
20250721_074323_774,-22,45,45,18.9,20.354599947883244,0.09822320938110352,0.00429534912109375,45,45,YOLO,1,32,0,20.354599947883244,0
20250721_074323_878,-22,45,45,18.9,20.354599947883244,0.09007811546325684,0.004239320755004883,45,45,YOLO,1,32,0,20.354599947883244,0
20250721_074323_976,-22,45,45,18.9,20.354599947883244,0.09608769416809082,0.004262447357177734,45,45,YOLO,1,32,0,20.354599947883244,0
20250721_074324_079,-22,45,45,18.9,20.354599947883244,0.08615326881408691,0.0039234161376953125,45,45,YOLO,1,32,0,20.354599947883244,0
20250721_074324_172,-22,45,45,18.9,20.354599947883244,0.09613537788391113,0.004297018051147461,45,45,YOLO,1,32,0,20.354599947883244,0
20250721_074324_276,-22,45,45,18.9,20.354599947883244,0.08959412574768066,0.0038521289825439453,45,45,YOLO,1,32,0,20.354599947883244,0
20250721_074324_372,-22,45,45,18.9,20.354599947883244,0.09013581275939941,0.0042133331298828125,45,45,YOLO,1,32,0,20.354599947883244,0
20250721_074324_469,-21,45,45,18.9,20.14010516567308,0.09643077850341797,0.004069089889526367,45,45,YOLO,1,32,0,20.14010516567308,0
20250721_074324_573,-21,45,45,18.9,20.14010516567308,0.09353518486022949,0.0020601749420166016,45,45,YOLO,1,32,0,20.14010516567308,0
20250721_074324_670,-21,44,44,17.4,20.15529590289728,0.08847594261169434,0.00389862060546875,44,44,YOLO,1,32,0,20.15529590289728,0
20250721_074324_765,-21,44,44,17.4,20.15529590289728,0.0906822681427002,0.004178762435913086,44,44,YOLO,1,32,0,20.15529590289728,0
20250721_074324_863,-21,44,44,17.4,20.15529590289728,0.09946107864379883,0.004085540771484375,44,44,YOLO,1,32,0,20.15529590289728,0
20250721_074324_970,-21,44,44,17.4,20.15529590289728,0.08820152282714844,0.004227399826049805,44,44,YOLO,1,32,0,20.15529590289728,0
20250721_074325_066,-21,44,44,17.4,20.15529590289728,0.08666825294494629,0.004114866256713867,44,44,YOLO,1,32,0,20.15529590289728,0
20250721_074325_159,-21,44,44,17.4,20.15529590289728,0.09360551834106445,0.004259347915649414,44,44,YOLO,1,32,0,20.15529590289728,0
20250721_074325_260,-21,44,44,17.4,20.15529590289728,0.08676934242248535,0.0020313262939453125,44,44,YOLO,1,32,0,20.15529590289728,0
20250721_074325_350,-21,44,44,17.4,20.15529590289728,0.0944070816040039,0.003934383392333984,44,44,YOLO,1,32,0,20.15529590289728,0
20250721_074325_452,-21,44,44,17.4,20.15529590289728,0.09705209732055664,0.003933906555175781,44,44,YOLO,1,32,0,20.15529590289728,0
20250721_074325_556,-21,44,44,17.4,20.15529590289728,0.09332561492919922,0.004029750823974609,44,44,YOLO,1,32,0,20.15529590289728,0
20250721_074325_656,-21,44,44,17.4,20.15529590289728,0.09699487686157227,0.004271030426025391,44,44,YOLO,1,32,0,20.15529590289728,0
20250721_074325_761,-21,44,44,17.4,20.15529590289728,0.09186863899230957,0.004301309585571289,44,44,YOLO,1,32,0,20.15529590289728,0
20250721_074325_860,-21,44,44,17.4,20.15529590289728,0.08821439743041992,0.004151105880737305,44,44,YOLO,1,32,0,20.15529590289728,0
20250721_074325_954,-21,44,44,17.4,20.15529590289728,0.09424781799316406,0.0042378902435302734,44,44,YOLO,1,32,0,20.15529590289728,0
20250721_074326_056,-21,44,44,17.4,20.15529590289728,0.09798407554626465,0.002031564712524414,44,44,YOLO,1,32,0,20.15529590289728,0
20250721_074326_157,-21,44,44,17.4,20.15529590289728,0.08943867683410645,0.001984119415283203,44,44,YOLO,1,32,0,20.15529590289728,0
20250721_074326_250,-21,44,44,17.4,20.15529590289728,0.08669543266296387,0.001972675323486328,44,44,YOLO,1,32,0,20.15529590289728,0
20250721_074326_340,-21,44,44,17.4,20.15529590289728,0.09222531318664551,0.001971006393432617,44,44,YOLO,1,32,0,20.15529590289728,0
20250721_074326_436,-20,44,44,17.4,19.929988490551903,0.08952975273132324,0.002028942108154297,44,44,YOLO,1,32,0,19.929988490551903,0
20250721_074326_529,-20,44,44,17.4,19.929988490551903,0.09337973594665527,0.0019562244415283203,44,44,YOLO,1,32,0,19.929988490551903,0
20250721_074326_625,-20,44,44,17.4,19.929988490551903,0.0907437801361084,0.0019965171813964844,44,44,YOLO,1,32,0,19.929988490551903,0
20250721_074326_719,-20,44,44,17.4,19.929988490551903,0.08299136161804199,0.002086162567138672,44,44,YOLO,1,32,0,19.929988490551903,0
20250721_074326_806,-20,44,44,17.4,19.929988490551903,0.08917737007141113,0.001991748809814453,44,44,YOLO,1,32,0,19.929988490551903,0
20250721_074326_898,-20,44,44,17.4,19.929988490551903,0.08463096618652344,0.002044200897216797,44,44,YOLO,1,32,0,19.929988490551903,0
20250721_074326_986,-20,44,44,17.4,19.929988490551903,0.0877985954284668,0.001924276351928711,44,44,YOLO,1,32,0,19.929988490551903,0
20250721_074327_077,-20,44,44,17.4,19.929988490551903,0.0987393856048584,0.001982450485229492,44,44,YOLO,1,32,0,19.929988490551903,0
20250721_074327_179,-20,44,44,17.4,19.929988490551903,0.08895182609558105,0.001987934112548828,44,44,YOLO,1,32,0,19.929988490551903,0
20250721_074327_271,-20,44,44,17.4,19.929988490551903,0.08557772636413574,0.002023935317993164,44,44,YOLO,1,32,0,19.929988490551903,0
20250721_074327_360,-20,44,44,17.4,19.929988490551903,0.09073328971862793,0.002156972885131836,44,44,YOLO,1,32,0,19.929988490551903,0
20250721_074327_454,-20,44,44,17.4,19.929988490551903,0.08742189407348633,0.0019693374633789062,44,44,YOLO,1,32,0,19.929988490551903,0
20250721_074327_545,-20,44,44,17.4,19.929988490551903,0.09090805053710938,0.003909587860107422,44,44,YOLO,1,32,0,19.929988490551903,0
20250721_074327_643,-20,44,44,17.4,19.929988490551903,0.08661389350891113,0.00414729118347168,44,44,YOLO,1,32,0,19.929988490551903,0
20250721_074327_737,-20,44,44,17.4,19.929988490551903,0.08471345901489258,0.004236698150634766,44,44,YOLO,1,32,0,19.929988490551903,0
20250721_074327_829,-20,44,44,17.4,19.929988490551903,0.10042452812194824,0.004143238067626953,44,44,YOLO,1,32,0,19.929988490551903,0
20250721_074327_936,-20,44,44,17.4,19.929988490551903,0.08266496658325195,0.004249095916748047,44,44,YOLO,1,32,0,19.929988490551903,0
20250721_074328_026,-20,44,44,17.4,19.929988490551903,0.0908668041229248,0.004342317581176758,44,44,YOLO,1,32,0,19.929988490551903,0
20250721_074328_124,-20,44,44,17.4,19.929988490551903,0.09903812408447266,0.0042340755462646484,44,44,YOLO,1,32,0,19.929988490551903,0
20250721_074328_231,-20,44,44,17.4,19.929988490551903,0.08702492713928223,0.004244565963745117,44,44,YOLO,1,32,0,19.929988490551903,0
20250721_074328_325,-20,44,44,17.4,19.929988490551903,0.08918285369873047,0.0038826465606689453,44,44,YOLO,1,32,0,19.929988490551903,0
20250721_074328_421,-20,44,44,17.4,19.929988490551903,0.08502078056335449,0.0020618438720703125,44,44,YOLO,1,32,0,19.929988490551903,0
20250721_074328_509,-19,44,44,17.4,19.725712090300703,0.09119892120361328,0.002130746841430664,44,44,YOLO,1,32,0,19.725712090300703,0
20250721_074328_604,-19,44,44,17.4,19.725712090300703,0.08888816833496094,0.0021338462829589844,44,44,YOLO,1,32,0,19.725712090300703,0
20250721_074328_696,-19,43,43,16.0,20.44929433344545,0.09545111656188965,0.0021064281463623047,43,43,YOLO,1,32,0,20.44929433344545,0
20250721_074328_795,-19,43,43,16.0,20.44929433344545,0.08652019500732422,0.0020933151245117188,43,43,YOLO,1,32,0,20.44929433344545,0
20250721_074328_885,-19,43,43,16.0,20.44929433344545,0.08360481262207031,0.002061128616333008,43,43,YOLO,1,32,0,20.44929433344545,0
20250721_074328_972,-19,43,43,16.0,20.44929433344545,0.09061050415039062,0.001978635787963867,43,43,YOLO,1,32,0,20.44929433344545,0
20250721_074329_066,-19,43,43,16.0,20.44929433344545,0.09370183944702148,0.003907680511474609,43,43,YOLO,1,32,0,20.44929433344545,0
20250721_074329_166,-19,43,43,16.0,20.44929433344545,0.08681869506835938,0.003921985626220703,43,43,YOLO,1,32,0,20.44929433344545,0
20250721_074329_260,-19,43,43,16.0,20.44929433344545,0.09331989288330078,0.004128932952880859,43,43,YOLO,1,32,0,20.44929433344545,0
20250721_074329_361,-19,43,43,16.0,20.44929433344545,0.08843851089477539,0.003862142562866211,43,43,YOLO,1,32,0,20.44929433344545,0
20250721_074329_456,-19,43,43,16.0,20.44929433344545,0.09770488739013672,0.004227399826049805,43,43,YOLO,1,32,0,20.44929433344545,0
20250721_074329_561,-19,43,43,16.0,20.44929433344545,0.08759784698486328,0.0043163299560546875,43,43,YOLO,1,32,0,20.44929433344545,0
20250721_074329_656,-19,43,43,16.0,20.44929433344545,0.09264588356018066,0.0038688182830810547,43,43,YOLO,1,32,0,20.44929433344545,0
20250721_074329_755,-19,43,43,16.0,20.44929433344545,0.09265589714050293,0.004187107086181641,43,43,YOLO,1,32,0,20.44929433344545,0
20250721_074329_855,-19,43,43,16.0,20.44929433344545,0.09610557556152344,0.004280567169189453,43,43,YOLO,1,32,0,20.44929433344545,0
20250721_074329_959,-19,43,43,16.0,20.44929433344545,0.22753286361694336,0.0037374496459960938,43,43,YOLO,1,32,0,20.44929433344545,0
20250721_074330_192,-19,43,43,16.0,20.44929433344545,0.08772683143615723,0.0040318965911865234,43,43,YOLO,1,32,0,20.44929433344545,0
20250721_074330_287,-19,43,43,16.0,20.44929433344545,0.11055278778076172,0.004415273666381836,43,43,YOLO,1,32,0,20.44929433344545,0
20250721_074330_405,-19,43,43,16.0,20.44929433344545,0.09221887588500977,0.004292488098144531,43,43,YOLO,1,32,0,20.44929433344545,0
20250721_074330_505,-18,43,43,16.0,20.02549559143135,0.10924649238586426,0.004395723342895508,43,43,YOLO,1,32,0,20.02549559143135,0
20250721_074330_621,-18,NO_RADIO,43,16.0,20.02549559143135,0.11375260353088379,0.004478931427001953,43,,CenterFallback,1,32,0,,
20250721_074330_743,-18,42,42,14.5,20.354345977057847,0.09091472625732422,0.004813432693481445,42,42,YOLO,1,32,0,20.354345977057847,0
20250721_074330_842,-18,42,42,14.5,20.354345977057847,0.08870124816894531,0.004372358322143555,42,42,YOLO,1,32,0,20.354345977057847,0
20250721_074330_938,-18,42,42,14.5,20.354345977057847,0.08994626998901367,0.004530668258666992,42,42,YOLO,1,32,0,20.354345977057847,0
20250721_074331_036,-18,42,42,14.5,20.354345977057847,0.08535385131835938,0.0043942928314208984,42,42,YOLO,1,32,0,20.354345977057847,0
20250721_074331_129,-18,42,42,14.5,20.354345977057847,0.08750653266906738,0.004433155059814453,42,42,YOLO,1,32,0,20.354345977057847,0
20250721_074331_224,-18,42,42,14.5,20.354345977057847,0.09454655647277832,0.004400014877319336,42,42,YOLO,1,32,0,20.354345977057847,0
20250721_074331_326,-18,42,42,14.5,20.354345977057847,0.10296225547790527,0.004259824752807617,42,42,YOLO,1,32,0,20.354345977057847,0
20250721_074331_437,-18,42,42,14.5,20.354345977057847,0.08980178833007812,0.0038909912109375,42,42,YOLO,1,32,0,20.354345977057847,0
20250721_074331_533,-18,42,42,14.5,20.354345977057847,0.09251999855041504,0.004294872283935547,42,42,YOLO,1,32,0,20.354345977057847,0
20250721_074331_633,-18,42,42,14.5,20.354345977057847,0.09454083442687988,0.004259824752807617,42,42,YOLO,1,32,0,20.354345977057847,0
20250721_074331_735,-18,43,43,16.0,20.02549559143135,0.08922362327575684,0.00423741340637207,43,43,YOLO,1,32,0,20.02549559143135,0
20250721_074331_832,-18,43,43,16.0,20.02549559143135,0.08741617202758789,0.0043714046478271484,43,43,YOLO,1,32,0,20.02549559143135,0
20250721_074331_927,-18,43,43,16.0,20.02549559143135,0.09054112434387207,0.004351377487182617,43,43,YOLO,1,32,0,20.02549559143135,0
20250721_074332_025,-18,43,43,16.0,20.02549559143135,0.09211015701293945,0.0044324398040771484,43,43,YOLO,1,32,0,20.02549559143135,0
20250721_074332_125,-18,43,43,16.0,20.02549559143135,0.09236288070678711,0.0044155120849609375,43,43,YOLO,1,32,0,20.02549559143135,0
20250721_074332_226,-18,42,42,14.5,20.354345977057847,0.10094857215881348,0.004461050033569336,42,42,YOLO,1,32,0,20.354345977057847,0
20250721_074332_335,-18,42,42,14.5,20.354345977057847,0.09075403213500977,0.0038428306579589844,42,42,YOLO,1,32,0,20.354345977057847,0
20250721_074332_432,-17,42,42,14.5,19.98588872229529,0.09651064872741699,0.003979921340942383,42,42,YOLO,1,32,0,19.98588872229529,0
20250721_074332_535,-17,42,42,14.5,19.98588872229529,0.09897708892822266,0.004250526428222656,42,42,YOLO,1,32,0,19.98588872229529,0
20250721_074332_642,-17,42,42,14.5,19.98588872229529,0.09126448631286621,0.0042877197265625,42,42,YOLO,1,32,0,19.98588872229529,0
20250721_074332_740,-17,42,42,14.5,19.98588872229529,0.09261107444763184,0.004268646240234375,42,42,YOLO,1,32,0,19.98588872229529,0
20250721_074332_840,-17,42,42,14.5,19.98588872229529,0.09694695472717285,0.0036220550537109375,42,42,YOLO,1,32,0,19.98588872229529,0
20250721_074332_944,-17,42,42,14.5,19.98588872229529,0.092529296875,0.004273653030395508,42,42,YOLO,1,32,0,19.98588872229529,0
20250721_074333_044,-17,42,42,14.5,19.98588872229529,0.08855223655700684,0.004231691360473633,42,42,YOLO,1,32,0,19.98588872229529,0
20250721_074333_139,-17,42,42,14.5,19.98588872229529,0.10265898704528809,0.004241228103637695,42,42,YOLO,1,32,0,19.98588872229529,0
20250721_074333_250,-17,42,42,14.5,19.98588872229529,0.1002044677734375,0.004501819610595703,42,42,YOLO,1,32,0,19.98588872229529,0
20250721_074333_357,-17,42,42,14.5,19.98588872229529,0.09231781959533691,0.004179477691650391,42,42,YOLO,1,32,0,19.98588872229529,0
20250721_074333_457,-17,42,42,14.5,19.98588872229529,0.08928966522216797,0.003906726837158203,42,42,YOLO,1,32,0,19.98588872229529,0
20250721_074333_553,-17,42,42,14.5,19.98588872229529,0.08268547058105469,0.004313230514526367,42,42,YOLO,1,32,0,19.98588872229529,0
20250721_074333_643,-17,42,42,14.5,19.98588872229529,0.0894310474395752,0.004335880279541016,42,42,YOLO,1,32,0,19.98588872229529,0
20250721_074333_740,-17,42,42,14.5,19.98588872229529,0.10377144813537598,0.00426936149597168,42,42,YOLO,1,32,0,19.98588872229529,0
20250721_074333_851,-17,42,42,14.5,19.98588872229529,0.08115339279174805,0.0038809776306152344,42,42,YOLO,1,32,0,19.98588872229529,0
20250721_074333_940,-17,42,42,14.5,19.98588872229529,0.0869596004486084,0.004275321960449219,42,42,YOLO,1,32,0,19.98588872229529,0
20250721_074334_034,-17,42,42,14.5,19.98588872229529,0.0984029769897461,0.004258155822753906,42,42,YOLO,1,32,0,19.98588872229529,0
20250721_074334_140,-17,42,42,14.5,19.98588872229529,0.09400629997253418,0.00395965576171875,42,42,YOLO,1,32,0,19.98588872229529,0
20250721_074334_241,-17,42,42,14.5,19.98588872229529,0.08533000946044922,0.003902912139892578,42,42,YOLO,1,32,0,19.98588872229529,0
20250721_074334_333,-17,42,42,14.5,19.98588872229529,0.09051275253295898,0.003978252410888672,42,42,YOLO,1,32,0,19.98588872229529,0
20250721_074334_431,-16,42,42,14.5,19.42798830172086,0.08843088150024414,0.004105806350708008,42,42,YOLO,1,32,0,19.42798830172086,0
20250721_074334_526,-16,42,42,14.5,19.42798830172086,0.09906816482543945,0.0042455196380615234,42,42,YOLO,1,32,0,19.42798830172086,0
20250721_074334_632,-16,41,41,13.1,20.432803748092795,0.11661052703857422,0.004343986511230469,41,41,YOLO,1,32,0,20.432803748092795,0
20250721_074334_757,-16,41,41,13.1,20.432803748092795,0.08882689476013184,0.004549741744995117,41,41,YOLO,1,32,0,20.432803748092795,0
20250721_074334_853,-16,41,41,13.1,20.432803748092795,0.09422826766967773,0.0037844181060791016,41,41,YOLO,1,32,0,20.432803748092795,0
20250721_074334_954,-16,41,41,13.1,20.432803748092795,0.09146571159362793,0.004407405853271484,41,41,YOLO,1,32,0,20.432803748092795,0
20250721_074335_053,-16,41,41,13.1,20.432803748092795,0.08471131324768066,0.004361152648925781,41,41,YOLO,1,32,0,20.432803748092795,0
20250721_074335_145,-16,41,41,13.1,20.432803748092795,0.08916616439819336,0.004266500473022461,41,41,YOLO,1,32,0,20.432803748092795,0
20250721_074335_242,-16,41,41,13.1,20.432803748092795,0.09327197074890137,0.0043218135833740234,41,41,YOLO,1,32,0,20.432803748092795,0
20250721_074335_342,-16,41,41,13.1,20.432803748092795,0.08948159217834473,0.0040781497955322266,41,41,YOLO,1,32,0,20.432803748092795,0
20250721_074335_439,-16,41,41,13.1,20.432803748092795,0.09016966819763184,0.003908634185791016,41,41,YOLO,1,32,0,20.432803748092795,0
20250721_074335_536,-16,41,41,13.1,20.432803748092795,0.09322714805603027,0.004395484924316406,41,41,YOLO,1,32,0,20.432803748092795,0
20250721_074335_637,-16,41,41,13.1,20.432803748092795,0.0901033878326416,0.0042459964752197266,41,41,YOLO,1,32,0,20.432803748092795,0
20250721_074335_734,-16,41,41,13.1,20.432803748092795,0.10523748397827148,0.004261016845703125,41,41,YOLO,1,32,0,20.432803748092795,0
20250721_074335_847,-16,41,41,13.1,20.432803748092795,0.0888984203338623,0.004114627838134766,41,41,YOLO,1,32,0,20.432803748092795,0
20250721_074335_943,-16,41,41,13.1,20.432803748092795,0.09445524215698242,0.004293680191040039,41,41,YOLO,1,32,0,20.432803748092795,0
20250721_074336_045,-16,41,41,13.1,20.432803748092795,0.08945846557617188,0.0043659210205078125,41,41,YOLO,1,32,0,20.432803748092795,0
20250721_074336_142,-16,41,41,13.1,20.432803748092795,0.09278082847595215,0.0040819644927978516,41,41,YOLO,1,32,0,20.432803748092795,0
20250721_074336_241,-16,41,41,13.1,20.432803748092795,0.09066462516784668,0.004323244094848633,41,41,YOLO,1,32,0,20.432803748092795,0
20250721_074336_340,-16,41,41,13.1,20.432803748092795,0.09123945236206055,0.004309177398681641,41,41,YOLO,1,32,0,20.432803748092795,0
20250721_074336_438,-15,41,41,13.1,20.66102041937131,0.09089851379394531,0.004286289215087891,41,41,YOLO,1,32,0,20.66102041937131,0
20250721_074336_536,-15,41,41,13.1,20.66102041937131,0.09924650192260742,0.004282236099243164,41,41,YOLO,1,32,0,20.66102041937131,0
20250721_074336_643,-15,40,40,11.6,20.950883423627506,0.09292960166931152,0.004308223724365234,40,40,YOLO,1,32,0,20.950883423627506,0
20250721_074336_744,-15,40,40,11.6,20.950883423627506,0.10231447219848633,0.004264116287231445,40,40,YOLO,1,32,0,20.950883423627506,0
20250721_074336_853,-15,40,40,11.6,20.950883423627506,0.0938417911529541,0.003981828689575195,40,40,YOLO,1,32,0,20.950883423627506,0
20250721_074336_954,-15,40,40,11.6,20.950883423627506,0.09670472145080566,0.004231929779052734,40,40,YOLO,1,32,0,20.950883423627506,0
20250721_074337_058,-15,40,40,11.6,20.950883423627506,0.09280848503112793,0.002737760543823242,40,40,YOLO,1,32,0,20.950883423627506,0
20250721_074337_156,-15,40,40,11.6,20.950883423627506,0.09343242645263672,0.0042574405670166016,40,40,YOLO,1,32,0,20.950883423627506,0
20250721_074337_257,-15,40,40,11.6,20.950883423627506,0.09119629859924316,0.003950595855712891,40,40,YOLO,1,32,0,20.950883423627506,0
20250721_074337_355,-15,40,40,11.6,20.950883423627506,0.09566974639892578,0.0039920806884765625,40,40,YOLO,1,32,0,20.950883423627506,0
20250721_074337_457,-15,40,40,11.6,20.950883423627506,0.09697341918945312,0.0039713382720947266,40,40,YOLO,1,32,0,20.950883423627506,0
20250721_074337_561,-15,41,41,13.1,20.66102041937131,0.08932304382324219,0.004182100296020508,41,41,YOLO,1,32,0,20.66102041937131,0
20250721_074337_658,-15,41,41,13.1,20.66102041937131,0.08435368537902832,0.004342079162597656,41,41,YOLO,1,32,0,20.66102041937131,0
20250721_074337_750,-15,41,41,13.1,20.66102041937131,0.0868079662322998,0.004199028015136719,41,41,YOLO,1,32,0,20.66102041937131,0
20250721_074337_844,-15,41,41,13.1,20.66102041937131,0.08751845359802246,0.0038797855377197266,41,41,YOLO,1,32,0,20.66102041937131,0
20250721_074337_938,-15,41,41,13.1,20.66102041937131,0.09871554374694824,0.004288434982299805,41,41,YOLO,1,32,0,20.66102041937131,0
20250721_074338_044,-15,41,41,13.1,20.66102041937131,0.09236955642700195,0.004281759262084961,41,41,YOLO,1,32,0,20.66102041937131,0
20250721_074338_144,-15,41,41,13.1,20.66102041937131,0.08855009078979492,0.004271745681762695,41,41,YOLO,1,32,0,20.66102041937131,0
20250721_074338_240,-15,41,41,13.1,20.66102041937131,0.09416770935058594,0.0042133331298828125,41,41,YOLO,1,32,0,20.66102041937131,0
20250721_074338_342,-15,41,41,13.1,20.66102041937131,0.0863194465637207,0.0041887760162353516,41,41,YOLO,1,32,0,20.66102041937131,0
20250721_074338_435,-14,41,41,13.1,20.137042811436928,0.09595823287963867,0.003940582275390625,41,41,YOLO,1,32,0,20.137042811436928,0
20250721_074338_538,-14,41,41,13.1,20.137042811436928,0.08861970901489258,0.0042493343353271484,41,41,YOLO,1,32,0,20.137042811436928,0
20250721_074338_634,-14,40,40,11.6,20.684931335855552,0.09377264976501465,0.004263639450073242,40,40,YOLO,1,32,0,20.684931335855552,0
20250721_074338_735,-14,40,40,11.6,20.684931335855552,0.08906173706054688,0.004312753677368164,40,40,YOLO,1,32,0,20.684931335855552,0
20250721_074338_831,-14,40,40,11.6,20.684931335855552,0.09359097480773926,0.003967761993408203,40,40,YOLO,1,32,0,20.684931335855552,0
20250721_074338_932,-14,39,39,10.2,20.76877690563053,0.0979163646697998,0.004256486892700195,39,39,YOLO,1,32,0,20.76877690563053,0
20250721_074339_037,-14,39,39,10.2,20.76877690563053,0.0859379768371582,0.004186153411865234,39,39,YOLO,1,32,0,20.76877690563053,0
20250721_074339_130,-14,39,39,10.2,20.76877690563053,0.09229302406311035,0.004258871078491211,39,39,YOLO,1,32,0,20.76877690563053,0
20250721_074339_230,-14,39,39,10.2,20.76877690563053,0.09582686424255371,0.004273653030395508,39,39,YOLO,1,32,0,20.76877690563053,0
20250721_074339_333,-14,39,39,10.2,20.76877690563053,0.08879637718200684,0.003966808319091797,39,39,YOLO,1,32,0,20.76877690563053,0
20250721_074339_429,-14,39,39,10.2,20.76877690563053,0.09049224853515625,0.004060983657836914,39,39,YOLO,1,32,0,20.76877690563053,0
20250721_074339_526,-14,39,39,10.2,20.76877690563053,0.08423900604248047,0.004233360290527344,39,39,YOLO,1,32,0,20.76877690563053,0
20250721_074339_618,-14,39,39,10.2,20.76877690563053,0.09425139427185059,0.004138469696044922,39,39,YOLO,1,32,0,20.76877690563053,0
20250721_074339_719,-14,39,39,10.2,20.76877690563053,0.08743643760681152,0.004242420196533203,39,39,YOLO,1,32,0,20.76877690563053,0
20250721_074339_814,-14,39,39,10.2,20.76877690563053,0.09132075309753418,0.0043375492095947266,39,39,YOLO,1,32,0,20.76877690563053,0
20250721_074339_913,-14,39,39,10.2,20.76877690563053,0.08735370635986328,0.004027843475341797,39,39,YOLO,1,32,0,20.76877690563053,0
20250721_074340_007,-14,39,39,10.2,20.76877690563053,0.09314990043640137,0.004168987274169922,39,39,YOLO,1,32,0,20.76877690563053,0
20250721_074340_107,-14,39,39,10.2,20.76877690563053,0.09481072425842285,0.0042836666107177734,39,39,YOLO,1,32,0,20.76877690563053,0
20250721_074340_209,-14,39,39,10.2,20.76877690563053,0.08934664726257324,0.00397944450378418,39,39,YOLO,1,32,0,20.76877690563053,0
20250721_074340_306,-14,39,39,10.2,20.76877690563053,0.08410167694091797,0.004018306732177734,39,39,YOLO,1,32,0,20.76877690563053,0
20250721_074340_397,-14,39,39,10.2,20.76877690563053,0.08802080154418945,0.004401445388793945,39,39,YOLO,1,32,0,20.76877690563053,0
20250721_074340_493,-13,39,39,10.2,21.166090889014924,0.09026122093200684,0.003936052322387695,39,39,YOLO,1,32,0,21.166090889014924,0
20250721_074340_590,-13,39,39,10.2,21.166090889014924,0.09680676460266113,0.0043604373931884766,39,39,YOLO,1,32,0,21.166090889014924,0
20250721_074340_694,-13,39,39,10.2,21.166090889014924,0.09104514122009277,0.004483222961425781,39,39,YOLO,1,32,0,21.166090889014924,0
20250721_074340_793,-13,39,39,10.2,21.166090889014924,0.08496499061584473,0.004243373870849609,39,39,YOLO,1,32,0,21.166090889014924,0
20250721_074340_886,-13,39,39,10.2,21.166090889014924,0.09098434448242188,0.004212856292724609,39,39,YOLO,1,32,0,21.166090889014924,0
20250721_074340_984,-13,39,39,10.2,21.166090889014924,0.09109640121459961,0.0039937496185302734,39,39,YOLO,1,32,0,21.166090889014924,0
20250721_074341_082,-13,39,39,10.2,21.166090889014924,0.1016538143157959,0.004174470901489258,39,39,YOLO,1,32,0,21.166090889014924,0
20250721_074341_191,-13,39,39,10.2,21.166090889014924,0.08106184005737305,0.0039017200469970703,39,39,YOLO,1,32,0,21.166090889014924,0
20250721_074341_279,-13,39,39,10.2,21.166090889014924,0.0858302116394043,0.004353523254394531,39,39,YOLO,1,32,0,21.166090889014924,0
20250721_074341_372,-13,39,39,10.2,21.166090889014924,0.08954834938049316,0.004071950912475586,39,39,YOLO,1,32,0,21.166090889014924,0
20250721_074341_469,-13,39,39,10.2,21.166090889014924,0.09955930709838867,0.003956317901611328,39,39,YOLO,1,32,0,21.166090889014924,0
20250721_074341_576,-13,39,39,10.2,21.166090889014924,0.0942082405090332,0.003907203674316406,39,39,YOLO,1,32,0,21.166090889014924,0
20250721_074341_677,-13,39,39,10.2,21.166090889014924,0.08803510665893555,0.004361629486083984,39,39,YOLO,1,32,0,21.166090889014924,0
20250721_074341_772,-13,39,39,10.2,21.166090889014924,0.0937654972076416,0.004293203353881836,39,39,YOLO,1,32,0,21.166090889014924,0
20250721_074341_874,-13,39,39,10.2,21.166090889014924,0.09017300605773926,0.003947257995605469,39,39,YOLO,1,32,0,21.166090889014924,0
20250721_074341_971,-13,39,39,10.2,21.166090889014924,0.08906221389770508,0.00420069694519043,39,39,YOLO,1,32,0,21.166090889014924,0
20250721_074342_067,-13,39,39,10.2,21.166090889014924,0.08526921272277832,0.003920316696166992,39,39,YOLO,1,32,0,21.166090889014924,0
20250721_074342_159,-13,39,39,10.2,21.166090889014924,0.09165501594543457,0.004314422607421875,39,39,YOLO,1,32,0,21.166090889014924,0
20250721_074342_258,-13,39,39,10.2,21.166090889014924,0.0942070484161377,0.004317760467529297,39,39,YOLO,1,32,0,21.166090889014924,0
20250721_074342_358,-13,39,39,10.2,21.166090889014924,0.09738969802856445,0.003875255584716797,39,39,YOLO,1,32,0,21.166090889014924,0
20250721_074342_462,-12,39,39,10.2,20.199031257559568,0.09778928756713867,0.004796266555786133,39,39,YOLO,1,32,0,20.199031257559568,0
20250721_074342_568,-12,39,39,10.2,20.199031257559568,0.09262299537658691,0.004235744476318359,39,39,YOLO,1,32,0,20.199031257559568,0
20250721_074342_668,-12,38,38,8.7,20.63251142908078,0.09739470481872559,0.00436091423034668,38,38,YOLO,1,32,0,20.63251142908078,0
20250721_074342_773,-12,38,38,8.7,20.63251142908078,0.08315157890319824,0.004331827163696289,38,38,YOLO,1,32,0,20.63251142908078,0
20250721_074342_863,-12,38,38,8.7,20.63251142908078,0.08888578414916992,0.003902435302734375,38,38,YOLO,1,32,0,20.63251142908078,0
20250721_074342_959,-12,38,38,8.7,20.63251142908078,0.08585000038146973,0.004009246826171875,38,38,YOLO,1,32,0,20.63251142908078,0
20250721_074343_052,-12,38,38,8.7,20.63251142908078,0.08153724670410156,0.004240274429321289,38,38,YOLO,1,32,0,20.63251142908078,0
20250721_074343_141,-12,38,38,8.7,20.63251142908078,0.08821964263916016,0.0043048858642578125,38,38,YOLO,1,32,0,20.63251142908078,0
20250721_074343_237,-12,38,38,8.7,20.63251142908078,0.09480142593383789,0.004287242889404297,38,38,YOLO,1,32,0,20.63251142908078,0
20250721_074343_340,-12,38,38,8.7,20.63251142908078,0.08021330833435059,0.004247188568115234,38,38,YOLO,1,32,0,20.63251142908078,0
20250721_074343_427,-12,38,38,8.7,20.63251142908078,0.08797335624694824,0.004151344299316406,38,38,YOLO,1,32,0,20.63251142908078,0
20250721_074343_522,-12,38,38,8.7,20.63251142908078,0.08319759368896484,0.004297494888305664,38,38,YOLO,1,32,0,20.63251142908078,0
20250721_074343_613,-12,38,38,8.7,20.63251142908078,0.08982229232788086,0.004311323165893555,38,38,YOLO,1,32,0,20.63251142908078,0
20250721_074343_710,-12,38,38,8.7,20.63251142908078,0.10151362419128418,0.004258394241333008,38,38,YOLO,1,32,0,20.63251142908078,0
20250721_074343_819,-12,38,38,8.7,20.63251142908078,0.08192777633666992,0.003952503204345703,38,38,YOLO,1,32,0,20.63251142908078,0
20250721_074343_908,-12,38,38,8.7,20.63251142908078,0.08206486701965332,0.004105329513549805,38,38,YOLO,1,32,0,20.63251142908078,0
20250721_074343_997,-12,38,38,8.7,20.63251142908078,0.0915989875793457,0.0043070316314697266,38,38,YOLO,1,32,0,20.63251142908078,0
20250721_074344_096,-12,38,38,8.7,20.63251142908078,0.09761404991149902,0.004260063171386719,38,38,YOLO,1,32,0,20.63251142908078,0
20250721_074344_201,-12,38,38,8.7,20.63251142908078,0.08613181114196777,0.0041980743408203125,38,38,YOLO,1,32,0,20.63251142908078,0
20250721_074344_294,-12,38,38,8.7,20.63251142908078,0.08549714088439941,0.004185676574707031,38,38,YOLO,1,32,0,20.63251142908078,0
20250721_074344_388,-12,38,38,8.7,20.63251142908078,0.09188723564147949,0.0043795108795166016,38,38,YOLO,1,32,0,20.63251142908078,0
20250721_074344_487,-11,38,38,8.7,20.78398045702696,0.09430241584777832,0.003905057907104492,38,38,YOLO,1,32,0,20.78398045702696,0
20250721_074344_588,-11,38,38,8.7,20.78398045702696,0.0827023983001709,0.004350185394287109,38,38,YOLO,1,32,0,20.78398045702696,0
20250721_074344_678,-11,38,38,8.7,20.78398045702696,0.08741211891174316,0.0043146610260009766,38,38,YOLO,1,32,0,20.78398045702696,0
20250721_074344_773,-11,38,38,8.7,20.78398045702696,0.08925795555114746,0.00429844856262207,38,38,YOLO,1,32,0,20.78398045702696,0
20250721_074344_870,-11,38,38,8.7,20.78398045702696,0.09874629974365234,0.0038886070251464844,38,38,YOLO,1,32,0,20.78398045702696,0
20250721_074344_975,-11,38,38,8.7,20.78398045702696,0.08355021476745605,0.0042192935943603516,38,38,YOLO,1,32,0,20.78398045702696,0
20250721_074345_066,-11,38,38,8.7,20.78398045702696,0.0880734920501709,0.003710031509399414,38,38,YOLO,1,32,0,20.78398045702696,0
20250721_074345_161,-11,38,38,8.7,20.78398045702696,0.08984565734863281,0.0042879581451416016,38,38,YOLO,1,32,0,20.78398045702696,0
20250721_074345_258,-11,38,38,8.7,20.78398045702696,0.10457253456115723,0.004286289215087891,38,38,YOLO,1,32,0,20.78398045702696,0
20250721_074345_370,-11,37,37,7.3,20.801519444197083,0.10111188888549805,0.004316806793212891,37,37,YOLO,1,32,0,20.801519444197083,0
20250721_074345_478,-11,37,37,7.3,20.801519444197083,0.09300637245178223,0.0036787986755371094,37,37,YOLO,1,32,0,20.801519444197083,0
20250721_074345_577,-11,37,37,7.3,20.801519444197083,0.09290003776550293,0.004403591156005859,37,37,YOLO,1,32,0,20.801519444197083,0
20250721_074345_678,-11,37,37,7.3,20.801519444197083,0.09278988838195801,0.004084348678588867,37,37,YOLO,1,32,0,20.801519444197083,0
20250721_074345_778,-11,37,37,7.3,20.801519444197083,0.09200859069824219,0.004323482513427734,37,37,YOLO,1,32,0,20.801519444197083,0
20250721_074345_877,-11,37,37,7.3,20.801519444197083,0.09070324897766113,0.003948211669921875,37,37,YOLO,1,32,0,20.801519444197083,0
20250721_074345_975,-11,38,38,8.7,20.78398045702696,0.07831478118896484,0.004338741302490234,38,38,YOLO,1,32,0,20.78398045702696,0
20250721_074346_061,-11,38,38,8.7,20.78398045702696,0.08462762832641602,0.0042302608489990234,38,38,YOLO,1,32,0,20.78398045702696,0
20250721_074346_153,-11,38,38,8.7,20.78398045702696,0.08905410766601562,0.0043010711669921875,38,38,YOLO,1,32,0,20.78398045702696,0
20250721_074346_249,-11,38,38,8.7,20.78398045702696,0.09905529022216797,0.004205226898193359,38,38,YOLO,1,32,0,20.78398045702696,0
20250721_074346_355,-11,38,38,8.7,20.78398045702696,0.09032058715820312,0.004171848297119141,38,38,YOLO,1,32,0,20.78398045702696,0
20250721_074346_453,-10,38,38,8.7,19.54918985184892,0.09998607635498047,0.003786802291870117,38,38,YOLO,1,32,0,19.54918985184892,0
20250721_074346_559,-10,38,38,8.7,19.54918985184892,0.09294843673706055,0.004296541213989258,38,38,YOLO,1,32,0,19.54918985184892,0
20250721_074346_660,-10,37,37,7.3,20.58575949811884,0.09347057342529297,0.0039675235748291016,37,37,YOLO,1,32,0,20.58575949811884,0
20250721_074346_760,-10,37,37,7.3,20.58575949811884,0.09226131439208984,0.004265546798706055,37,37,YOLO,1,32,0,20.58575949811884,0
20250721_074346_858,-10,37,37,7.3,20.58575949811884,0.09366297721862793,0.003907203674316406,37,37,YOLO,1,32,0,20.58575949811884,0
20250721_074346_958,-10,37,37,7.3,20.58575949811884,0.09171700477600098,0.004433870315551758,37,37,YOLO,1,32,0,20.58575949811884,0
20250721_074347_058,-10,37,37,7.3,20.58575949811884,0.09168434143066406,0.004269599914550781,37,37,YOLO,1,32,0,20.58575949811884,0
20250721_074347_157,-10,37,37,7.3,20.58575949811884,0.1000828742980957,0.004204273223876953,37,37,YOLO,1,32,0,20.58575949811884,0
20250721_074347_264,-10,37,37,7.3,20.58575949811884,0.08822917938232422,0.00453639030456543,37,37,YOLO,1,32,0,20.58575949811884,0
20250721_074347_360,-10,37,37,7.3,20.58575949811884,0.09352898597717285,0.004274845123291016,37,37,YOLO,1,32,0,20.58575949811884,0
20250721_074347_461,-10,37,37,7.3,20.58575949811884,0.09372687339782715,0.0043010711669921875,37,37,YOLO,1,32,0,20.58575949811884,0
20250721_074347_562,-10,37,37,7.3,20.58575949811884,0.09272336959838867,0.004264116287231445,37,37,YOLO,1,32,0,20.58575949811884,0
20250721_074347_662,-10,37,37,7.3,20.58575949811884,0.09425902366638184,0.004234790802001953,37,37,YOLO,1,32,0,20.58575949811884,0
20250721_074347_763,-10,37,37,7.3,20.58575949811884,0.09002470970153809,0.0042645931243896484,37,37,YOLO,1,32,0,20.58575949811884,0
20250721_074347_861,-10,37,37,7.3,20.58575949811884,0.09312152862548828,0.0039026737213134766,37,37,YOLO,1,32,0,20.58575949811884,0
20250721_074347_961,-10,37,37,7.3,20.58575949811884,0.08882951736450195,0.0042874813079833984,37,37,YOLO,1,32,0,20.58575949811884,0
20250721_074348_057,-10,37,37,7.3,20.58575949811884,0.08953976631164551,0.003918170928955078,37,37,YOLO,1,32,0,20.58575949811884,0
20250721_074348_154,-10,37,37,7.3,20.58575949811884,0.09944748878479004,0.004281044006347656,37,37,YOLO,1,32,0,20.58575949811884,0
20250721_074348_261,-10,37,37,7.3,20.58575949811884,0.08988142013549805,0.004187107086181641,37,37,YOLO,1,32,0,20.58575949811884,0
20250721_074348_358,-10,37,37,7.3,20.58575949811884,0.08501863479614258,0.004153251647949219,37,37,YOLO,1,32,0,20.58575949811884,0
20250721_074348_450,-9,37,37,7.3,20.508212429527475,0.10487771034240723,0.004050493240356445,37,37,YOLO,1,32,0,20.508212429527475,0
20250721_074348_562,-9,37,37,7.3,20.508212429527475,0.09205889701843262,0.004300355911254883,37,37,YOLO,1,32,0,20.508212429527475,0
20250721_074348_662,-9,36,36,5.8,20.602245915993024,0.10031437873840332,0.004255056381225586,36,36,YOLO,1,32,0,20.602245915993024,0
20250721_074348_769,-9,36,36,5.8,20.602245915993024,0.09643268585205078,0.004215240478515625,36,36,YOLO,1,32,0,20.602245915993024,0
20250721_074348_873,-9,36,36,5.8,20.602245915993024,0.08768653869628906,0.0039005279541015625,36,36,YOLO,1,32,0,20.602245915993024,0
20250721_074348_968,-9,36,36,5.8,20.602245915993024,0.08831095695495605,0.004235744476318359,36,36,YOLO,1,32,0,20.602245915993024,0
20250721_074349_063,-9,36,36,5.8,20.602245915993024,0.09988975524902344,0.0041921138763427734,36,36,YOLO,1,32,0,20.602245915993024,0
20250721_074349_170,-9,36,36,5.8,20.602245915993024,0.08324122428894043,0.004280805587768555,36,36,YOLO,1,32,0,20.602245915993024,0
20250721_074349_261,-9,36,36,5.8,20.602245915993024,0.08695220947265625,0.004266262054443359,36,36,YOLO,1,32,0,20.602245915993024,0
20250721_074349_355,-9,36,36,5.8,20.602245915993024,0.0876307487487793,0.004118680953979492,36,36,YOLO,1,32,0,20.602245915993024,0
20250721_074349_450,-9,36,36,5.8,20.602245915993024,0.09050583839416504,0.00429534912109375,36,36,YOLO,1,32,0,20.602245915993024,0
20250721_074349_548,-9,36,36,5.8,20.602245915993024,0.08445167541503906,0.003892660140991211,36,36,YOLO,1,32,0,20.602245915993024,0
20250721_074349_639,-9,36,36,5.8,20.602245915993024,0.0829782485961914,0.004004955291748047,36,36,YOLO,1,32,0,20.602245915993024,0
20250721_074349_729,-9,36,36,5.8,20.602245915993024,0.09161090850830078,0.004260540008544922,36,36,YOLO,1,32,0,20.602245915993024,0
20250721_074349_828,-9,36,36,5.8,20.602245915993024,0.09949278831481934,0.003856658935546875,36,36,YOLO,1,32,0,20.602245915993024,0
20250721_074349_935,-9,36,36,5.8,20.602245915993024,0.09332585334777832,0.004148244857788086,36,36,YOLO,1,32,0,20.602245915993024,0
20250721_074350_035,-9,36,36,5.8,20.602245915993024,0.09142661094665527,0.00427699089050293,36,36,YOLO,1,32,0,20.602245915993024,0
20250721_074350_134,-9,36,36,5.8,20.602245915993024,0.09053754806518555,0.003871917724609375,36,36,YOLO,1,32,0,20.602245915993024,0
20250721_074350_231,-9,36,36,5.8,20.602245915993024,0.09229779243469238,0.0042226314544677734,36,36,YOLO,1,32,0,20.602245915993024,0
20250721_074350_331,-9,36,36,5.8,20.602245915993024,0.0930027961730957,0.004293203353881836,36,36,YOLO,1,32,0,20.602245915993024,0
20250721_074350_431,-8,36,36,5.8,20.145034741588148,0.0843055248260498,0.00419306755065918,36,36,YOLO,1,32,0,20.145034741588148,0
20250721_074350_523,-8,36,36,5.8,20.145034741588148,0.08370065689086914,0.004257678985595703,36,36,YOLO,1,32,0,20.145034741588148,0
20250721_074350_613,-8,36,36,5.8,20.145034741588148,0.0915834903717041,0.004312992095947266,36,36,YOLO,1,32,0,20.145034741588148,0
20250721_074350_713,-8,35,35,4.4,20.134975071779124,0.10199093818664551,0.004199981689453125,35,35,YOLO,1,32,0,20.134975071779124,0
20250721_074350_822,-8,35,35,4.4,20.134975071779124,0.08746147155761719,0.004193544387817383,35,35,YOLO,1,32,0,20.134975071779124,0
20250721_074350_917,-8,35,35,4.4,20.134975071779124,0.08705854415893555,0.00428462028503418,35,35,YOLO,1,32,0,20.134975071779124,0
20250721_074351_011,-8,35,35,4.4,20.134975071779124,0.08654928207397461,0.0038743019104003906,35,35,YOLO,1,32,0,20.134975071779124,0
20250721_074351_104,-8,36,36,5.8,20.145034741588148,0.09125113487243652,0.004004716873168945,36,36,YOLO,1,32,0,20.145034741588148,0
20250721_074351_203,-8,36,36,5.8,20.145034741588148,0.09032678604125977,0.003935098648071289,36,36,YOLO,1,32,0,20.145034741588148,0
20250721_074351_300,-8,36,36,5.8,20.145034741588148,0.09976768493652344,0.0038900375366210938,36,36,YOLO,1,32,0,20.145034741588148,0
20250721_074351_407,-8,36,36,5.8,20.145034741588148,0.09372282028198242,0.004222869873046875,36,36,YOLO,1,32,0,20.145034741588148,0
20250721_074351_507,-8,36,36,5.8,20.145034741588148,0.0874166488647461,0.004362821578979492,36,36,YOLO,1,32,0,20.145034741588148,0
20250721_074351_603,-8,36,36,5.8,20.145034741588148,0.09704732894897461,0.004088163375854492,36,36,YOLO,1,32,0,20.145034741588148,0
20250721_074351_707,-8,36,36,5.8,20.145034741588148,0.09659957885742188,0.004324674606323242,36,36,YOLO,1,32,0,20.145034741588148,0
20250721_074351_811,-8,36,36,5.8,20.145034741588148,0.09072446823120117,0.0042917728424072266,36,36,YOLO,1,32,0,20.145034741588148,0
20250721_074351_909,-8,36,36,5.8,20.145034741588148,0.09195852279663086,0.004427194595336914,36,36,YOLO,1,32,0,20.145034741588148,0
20250721_074352_009,-8,36,36,5.8,20.145034741588148,0.0879671573638916,0.004297971725463867,36,36,YOLO,1,32,0,20.145034741588148,0
20250721_074352_104,-8,36,36,5.8,20.145034741588148,0.08186602592468262,0.004357337951660156,36,36,YOLO,1,32,0,20.145034741588148,0
20250721_074352_193,-8,36,36,5.8,20.145034741588148,0.08925271034240723,0.004079341888427734,36,36,YOLO,1,32,0,20.145034741588148,0
20250721_074352_290,-8,35,35,4.4,20.134975071779124,0.09335041046142578,0.0045168399810791016,35,35,YOLO,1,32,0,20.134975071779124,0
20250721_074352_391,-8,35,35,4.4,20.134975071779124,0.09103155136108398,0.0043790340423583984,35,35,YOLO,1,32,0,20.134975071779124,0
20250721_074352_489,-7,35,35,4.4,19.879104743318493,0.08490800857543945,0.003966808319091797,35,35,YOLO,1,32,0,19.879104743318493,0
20250721_074352_581,-7,35,35,4.4,19.879104743318493,0.08980989456176758,0.0041882991790771484,35,35,YOLO,1,32,0,19.879104743318493,0
20250721_074352_678,-7,35,35,4.4,19.879104743318493,0.10246944427490234,0.00427699089050293,35,35,YOLO,1,32,0,19.879104743318493,0
20250721_074352_788,-7,35,35,4.4,19.879104743318493,0.0843343734741211,0.003961801528930664,35,35,YOLO,1,32,0,19.879104743318493,0
20250721_074352_877,-7,35,35,4.4,19.879104743318493,0.09138107299804688,0.0039327144622802734,35,35,YOLO,1,32,0,19.879104743318493,0
20250721_074352_976,-7,35,35,4.4,19.879104743318493,0.08144044876098633,0.004338979721069336,35,35,YOLO,1,32,0,19.879104743318493,0
20250721_074353_065,-7,35,35,4.4,19.879104743318493,0.08484935760498047,0.004254341125488281,35,35,YOLO,1,32,0,19.879104743318493,0
20250721_074353_157,-7,35,35,4.4,19.879104743318493,0.09156990051269531,0.004342079162597656,35,35,YOLO,1,32,0,19.879104743318493,0
20250721_074353_256,-7,35,35,4.4,19.879104743318493,0.09008169174194336,0.004265308380126953,35,35,YOLO,1,32,0,19.879104743318493,0
20250721_074353_353,-7,35,35,4.4,19.879104743318493,0.09180235862731934,0.004168272018432617,35,35,YOLO,1,32,0,19.879104743318493,0
20250721_074353_452,-7,35,35,4.4,19.879104743318493,0.0826566219329834,0.004136323928833008,35,35,YOLO,1,32,0,19.879104743318493,0
20250721_074353_540,-7,35,35,4.4,19.879104743318493,0.08197903633117676,0.0041522979736328125,35,35,YOLO,1,32,0,19.879104743318493,0
20250721_074353_629,-7,35,35,4.4,19.879104743318493,0.08743119239807129,0.003874063491821289,35,35,YOLO,1,32,0,19.879104743318493,0
20250721_074353_724,-7,35,35,4.4,19.879104743318493,0.09562110900878906,0.004297733306884766,35,35,YOLO,1,32,0,19.879104743318493,0
20250721_074353_827,-7,35,35,4.4,19.879104743318493,0.09075474739074707,0.004223823547363281,35,35,YOLO,1,32,0,19.879104743318493,0
20250721_074353_925,-7,35,35,4.4,19.879104743318493,0.0879371166229248,0.0042552947998046875,35,35,YOLO,1,32,0,19.879104743318493,0
20250721_074354_020,-7,35,35,4.4,19.879104743318493,0.08709239959716797,0.004244565963745117,35,35,YOLO,1,32,0,19.879104743318493,0
20250721_074354_115,-7,35,35,4.4,19.879104743318493,0.08910894393920898,0.004214286804199219,35,35,YOLO,1,32,0,19.879104743318493,0
20250721_074354_211,-7,35,35,4.4,19.879104743318493,0.08935761451721191,0.0039179325103759766,35,35,YOLO,1,32,0,19.879104743318493,0
20250721_074354_308,-7,35,35,4.4,19.879104743318493,0.08239436149597168,0.003989696502685547,35,35,YOLO,1,32,0,19.879104743318493,0
20250721_074354_397,-7,35,35,4.4,19.879104743318493,0.08858180046081543,0.004336118698120117,35,35,YOLO,1,32,0,19.879104743318493,0
20250721_074354_493,-6,35,35,4.4,19.405543180804955,0.09515070915222168,0.004288673400878906,35,35,YOLO,1,32,0,19.405543180804955,0
20250721_074354_596,-6,34,34,2.9,20.431409177261287,0.08511710166931152,0.0038971900939941406,34,34,YOLO,1,32,0,20.431409177261287,0
20250721_074354_688,-6,34,34,2.9,20.431409177261287,0.09367823600769043,0.0038983821868896484,34,34,YOLO,1,32,0,20.431409177261287,0
20250721_074354_788,-6,34,34,2.9,20.431409177261287,0.08706235885620117,0.004287004470825195,34,34,YOLO,1,32,0,20.431409177261287,0
20250721_074354_883,-6,34,34,2.9,20.431409177261287,0.09129452705383301,0.003899812698364258,34,34,YOLO,1,32,0,20.431409177261287,0
20250721_074354_981,-6,34,34,2.9,20.431409177261287,0.09142756462097168,0.0042798519134521484,34,34,YOLO,1,32,0,20.431409177261287,0
20250721_074355_080,-6,34,34,2.9,20.431409177261287,0.08839297294616699,0.0042836666107177734,34,34,YOLO,1,32,0,20.431409177261287,0
20250721_074355_175,-6,34,34,2.9,20.431409177261287,0.08389854431152344,0.004258155822753906,34,34,YOLO,1,32,0,20.431409177261287,0
20250721_074355_266,-6,34,34,2.9,20.431409177261287,0.08708357810974121,0.004210233688354492,34,34,YOLO,1,32,0,20.431409177261287,0
20250721_074355_361,-6,34,34,2.9,20.431409177261287,0.08782076835632324,0.004250526428222656,34,34,YOLO,1,32,0,20.431409177261287,0
20250721_074355_456,-6,34,34,2.9,20.431409177261287,0.09168267250061035,0.004235267639160156,34,34,YOLO,1,32,0,20.431409177261287,0
20250721_074355_553,-6,34,34,2.9,20.431409177261287,0.09412455558776855,0.004052400588989258,34,34,YOLO,1,32,0,20.431409177261287,0
20250721_074355_654,-6,34,34,2.9,20.431409177261287,0.08176422119140625,0.004299163818359375,34,34,YOLO,1,32,0,20.431409177261287,0
20250721_074355_743,-6,34,34,2.9,20.431409177261287,0.09310507774353027,0.0019311904907226562,34,34,YOLO,1,32,0,20.431409177261287,0
20250721_074355_840,-6,34,34,2.9,20.431409177261287,0.0880134105682373,0.003751993179321289,34,34,YOLO,1,32,0,20.431409177261287,0
20250721_074355_934,-6,34,34,2.9,20.431409177261287,0.08751416206359863,0.004202604293823242,34,34,YOLO,1,32,0,20.431409177261287,0
20250721_074356_029,-6,34,34,2.9,20.431409177261287,0.08838796615600586,0.004282712936401367,34,34,YOLO,1,32,0,20.431409177261287,0
20250721_074356_125,-6,34,34,2.9,20.431409177261287,0.09278059005737305,0.0039865970611572266,34,34,YOLO,1,32,0,20.431409177261287,0
20250721_074356_224,-6,34,34,2.9,20.431409177261287,0.08810091018676758,0.001970529556274414,34,34,YOLO,1,32,0,20.431409177261287,0
20250721_074356_316,-6,34,34,2.9,20.431409177261287,0.08078432083129883,0.004026651382446289,34,34,YOLO,1,32,0,20.431409177261287,0
20250721_074356_404,-5,34,34,2.9,20.431409177261287,0.09411859512329102,0.004027605056762695,34,34,YOLO,1,32,0,20.431409177261287,0
20250721_074356_505,-5,34,34,2.9,19.97503476011257,0.09544062614440918,0.004285335540771484,34,34,YOLO,1,32,0,19.97503476011257,0
20250721_074356_608,-5,34,34,2.9,19.97503476011257,0.0864872932434082,0.004323720932006836,34,34,YOLO,1,32,0,19.97503476011257,0
20250721_074356_702,-5,33,33,1.5,20.3393480211354,0.09432673454284668,0.004317522048950195,33,33,YOLO,1,32,0,20.3393480211354,0
20250721_074356_803,-5,33,33,1.5,20.3393480211354,0.0866706371307373,0.0038404464721679688,33,33,YOLO,1,32,0,20.3393480211354,0
20250721_074356_897,-5,33,33,1.5,20.3393480211354,0.08921623229980469,0.003704547882080078,33,33,YOLO,1,32,0,20.3393480211354,0
20250721_074356_992,-5,33,33,1.5,20.3393480211354,0.07747364044189453,0.0043697357177734375,33,33,YOLO,1,32,0,20.3393480211354,0
20250721_074357_077,-5,33,33,1.5,20.3393480211354,0.09172749519348145,0.003977537155151367,33,33,YOLO,1,32,0,20.3393480211354,0
20250721_074357_176,-5,33,33,1.5,20.3393480211354,0.08896231651306152,0.004235029220581055,33,33,YOLO,1,32,0,20.3393480211354,0
20250721_074357_273,-5,33,33,1.5,20.3393480211354,0.09953165054321289,0.004281282424926758,33,33,YOLO,1,32,0,20.3393480211354,0
20250721_074357_380,-5,34,34,2.9,19.97503476011257,0.09906506538391113,0.0043010711669921875,34,34,YOLO,1,32,0,19.97503476011257,0
20250721_074357_486,-5,34,34,2.9,19.97503476011257,0.08890938758850098,0.0019061565399169922,34,34,YOLO,1,32,0,19.97503476011257,0
20250721_074357_580,-5,34,34,2.9,19.97503476011257,0.09305405616760254,0.0020813941955566406,34,34,YOLO,1,32,0,19.97503476011257,0
20250721_074357_676,-5,34,34,2.9,19.97503476011257,0.08513116836547852,0.0021250247955322266,34,34,YOLO,1,32,0,19.97503476011257,0
20250721_074357_765,-5,34,34,2.9,19.97503476011257,0.08552908897399902,0.0022139549255371094,34,34,YOLO,1,32,0,19.97503476011257,0
20250721_074357_854,-5,34,34,2.9,19.97503476011257,0.08789968490600586,0.0023827552795410156,34,34,YOLO,1,32,0,19.97503476011257,0
20250721_074357_946,-5,34,34,2.9,19.97503476011257,0.09009838104248047,0.0020363330841064453,34,34,YOLO,1,32,0,19.97503476011257,0
20250721_074358_039,-5,34,34,2.9,19.97503476011257,0.08863568305969238,0.0021059513092041016,34,34,YOLO,1,32,0,19.97503476011257,0
20250721_074358_131,-5,34,34,2.9,19.97503476011257,0.08974719047546387,0.0020589828491210938,34,34,YOLO,1,32,0,19.97503476011257,0
20250721_074358_224,-5,34,34,2.9,19.97503476011257,0.08603787422180176,0.002006053924560547,34,34,YOLO,1,32,0,19.97503476011257,0
20250721_074358_314,-5,34,34,2.9,19.97503476011257,0.09867191314697266,0.0020329952239990234,34,34,YOLO,1,32,0,19.97503476011257,0
20250721_074358_416,-4,34,34,2.9,19.88130475581771,0.09132504463195801,0.002023458480834961,34,34,YOLO,1,32,0,19.88130475581771,0
20250721_074358_510,-4,34,34,2.9,19.88130475581771,0.08623290061950684,0.0020346641540527344,34,34,YOLO,1,32,0,19.88130475581771,0
20250721_074358_600,-4,33,33,1.5,20.58273326728235,0.09644150733947754,0.0032837390899658203,33,33,YOLO,1,32,0,20.58273326728235,0
20250721_074358_701,-4,33,33,1.5,20.58273326728235,0.08560347557067871,0.002031564712524414,33,33,YOLO,1,32,0,20.58273326728235,0
20250721_074358_790,-4,33,33,1.5,20.58273326728235,0.09017753601074219,0.0019998550415039062,33,33,YOLO,1,32,0,20.58273326728235,0
20250721_074358_883,-4,33,33,1.5,20.58273326728235,0.08290910720825195,0.0019898414611816406,33,33,YOLO,1,32,0,20.58273326728235,0
20250721_074358_969,-4,33,33,1.5,20.58273326728235,0.08360052108764648,0.002009153366088867,33,33,YOLO,1,32,0,20.58273326728235,0
20250721_074359_056,-4,33,33,1.5,20.58273326728235,0.08975505828857422,0.002999544143676758,33,33,YOLO,1,32,0,20.58273326728235,0
20250721_074359_151,-4,33,33,1.5,20.58273326728235,0.0983588695526123,0.003955364227294922,33,33,YOLO,1,32,0,20.58273326728235,0
20250721_074359_256,-4,33,33,1.5,20.58273326728235,0.09193110466003418,0.004431486129760742,33,33,YOLO,1,32,0,20.58273326728235,0
20250721_074359_356,-4,33,33,1.5,20.58273326728235,0.09088301658630371,0.004005908966064453,33,33,YOLO,1,32,0,20.58273326728235,0
20250721_074359_454,-4,33,33,1.5,20.58273326728235,0.09497928619384766,0.004189729690551758,33,33,YOLO,1,32,0,20.58273326728235,0
20250721_074359_556,-4,33,33,1.5,20.58273326728235,0.08908724784851074,0.004185914993286133,33,33,YOLO,1,32,0,20.58273326728235,0
20250721_074359_652,-4,33,33,1.5,20.58273326728235,0.09473562240600586,0.0028738975524902344,33,33,YOLO,1,32,0,20.58273326728235,0
20250721_074359_752,-4,33,33,1.5,20.58273326728235,0.08688116073608398,0.004164695739746094,33,33,YOLO,1,32,0,20.58273326728235,0
20250721_074359_846,-4,33,33,1.5,20.58273326728235,0.08937501907348633,0.003851175308227539,33,33,YOLO,1,32,0,20.58273326728235,0
20250721_074359_942,-4,33,33,1.5,20.58273326728235,0.09350848197937012,0.004191875457763672,33,33,YOLO,1,32,0,20.58273326728235,0
20250721_074400_043,-4,33,33,1.5,20.58273326728235,0.0883936882019043,0.002093076705932617,33,33,YOLO,1,32,0,20.58273326728235,0
20250721_074400_135,-4,33,33,1.5,20.58273326728235,0.09536576271057129,0.0024840831756591797,33,33,YOLO,1,32,0,20.58273326728235,0
20250721_074400_234,-4,33,33,1.5,20.58273326728235,0.09223270416259766,0.002121448516845703,33,33,YOLO,1,32,0,20.58273326728235,0
20250721_074400_329,-4,33,33,1.5,20.58273326728235,0.08420872688293457,0.0021331310272216797,33,33,YOLO,1,32,0,20.58273326728235,0
20250721_074400_417,-3,33,33,1.5,19.79819199246812,0.08844447135925293,0.001994609832763672,33,33,YOLO,1,32,0,19.79819199246812,0
20250721_074400_509,-3,33,33,1.5,19.79819199246812,0.09842753410339355,0.0021092891693115234,33,33,YOLO,1,32,0,19.79819199246812,0
20250721_074400_611,-3,32,32,0,20.680920869871755,0.08793067932128906,0.0020759105682373047,32,32,YOLO,1,32,0,20.680920869871755,0
20250721_074400_703,-3,32,32,0,20.680920869871755,0.09121966361999512,0.0042645931243896484,32,32,YOLO,1,32,0,20.680920869871755,0
20250721_074400_802,-3,32,32,0,20.680920869871755,0.09863853454589844,0.003977060317993164,32,32,YOLO,1,32,0,20.680920869871755,0
20250721_074400_907,-3,32,32,0,20.680920869871755,0.09499907493591309,0.004241228103637695,32,32,YOLO,1,32,0,20.680920869871755,0
20250721_074401_010,-3,32,32,0,20.680920869871755,0.08661389350891113,0.004098653793334961,32,32,YOLO,1,32,0,20.680920869871755,0
20250721_074401_104,-3,32,32,0,20.680920869871755,0.0932919979095459,0.004228353500366211,32,32,YOLO,1,32,0,20.680920869871755,0
20250721_074401_204,-3,32,32,0,20.680920869871755,0.09293937683105469,0.004163026809692383,32,32,YOLO,1,32,0,20.680920869871755,0
20250721_074401_304,-3,32,32,0,20.680920869871755,0.08263111114501953,0.004004001617431641,32,32,YOLO,1,32,0,20.680920869871755,0
20250721_074401_394,-3,32,32,0,20.680920869871755,0.0863802433013916,0.004156589508056641,32,32,YOLO,1,32,0,20.680920869871755,0
20250721_074401_488,-3,32,32,0,20.680920869871755,0.09406566619873047,0.0040395259857177734,32,32,YOLO,1,32,0,20.680920869871755,0
20250721_074401_589,-3,32,32,0,20.680920869871755,0.08135104179382324,0.004172086715698242,32,32,YOLO,1,32,0,20.680920869871755,0
20250721_074401_677,-3,32,32,0,20.680920869871755,0.08746600151062012,0.004286766052246094,32,32,YOLO,1,32,0,20.680920869871755,0
20250721_074401_772,-3,32,32,0,20.680920869871755,0.09729480743408203,0.004435062408447266,32,32,YOLO,1,32,0,20.680920869871755,0
20250721_074401_877,-3,32,32,0,20.680920869871755,0.08933711051940918,0.003900766372680664,32,32,YOLO,1,32,0,20.680920869871755,0
20250721_074401_974,-3,32,32,0,20.680920869871755,0.09132099151611328,0.0042459964752197266,32,32,YOLO,1,32,0,20.680920869871755,0
20250721_074402_072,-3,32,32,0,20.680920869871755,0.08478689193725586,0.003973960876464844,32,32,YOLO,1,32,0,20.680920869871755,0
20250721_074402_164,-3,32,32,0,20.680920869871755,0.08712458610534668,0.0041348934173583984,32,32,YOLO,1,32,0,20.680920869871755,0
20250721_074402_258,-3,32,32,0,20.680920869871755,0.08538603782653809,0.004261016845703125,32,32,YOLO,1,32,0,20.680920869871755,0
20250721_074402_351,-3,32,32,0,20.680920869871755,0.08683228492736816,0.004220485687255859,32,32,YOLO,1,32,0,20.680920869871755,0
20250721_074402_445,-2,32,32,0,20.88918522383746,0.09488248825073242,0.003924369812011719,32,32,YOLO,1,32,0,20.88918522383746,0
20250721_074402_547,-2,32,32,0,20.88918522383746,0.09962868690490723,0.00425410270690918,32,32,YOLO,1,32,0,20.88918522383746,0
20250721_074402_654,-2,31,31,-1.5,21.32172847746935,0.08246684074401855,0.0043811798095703125,31,31,YOLO,1,32,0,21.32172847746935,0
20250721_074402_743,-2,31,31,-1.5,21.32172847746935,0.08484339714050293,0.004180908203125,31,31,YOLO,1,32,0,21.32172847746935,0
20250721_074402_836,-2,31,31,-1.5,21.32172847746935,0.08702898025512695,0.0040874481201171875,31,31,YOLO,1,32,0,21.32172847746935,0
20250721_074402_929,-2,31,31,-1.5,21.32172847746935,0.09472846984863281,0.0042726993560791016,31,31,YOLO,1,32,0,21.32172847746935,0
20250721_074403_031,-2,31,31,-1.5,21.32172847746935,0.09265375137329102,0.003766298294067383,31,31,YOLO,1,32,0,21.32172847746935,0
20250721_074403_131,-2,31,31,-1.5,21.32172847746935,0.09646916389465332,0.004319906234741211,31,31,YOLO,1,32,0,21.32172847746935,0
20250721_074403_234,-2,31,31,-1.5,21.32172847746935,0.08889436721801758,0.0042247772216796875,31,31,YOLO,1,32,0,21.32172847746935,0
20250721_074403_331,-2,31,31,-1.5,21.32172847746935,0.09020304679870605,0.0038623809814453125,31,31,YOLO,1,32,0,21.32172847746935,0
20250721_074403_428,-2,31,31,-1.5,21.32172847746935,0.09175300598144531,0.004225015640258789,31,31,YOLO,1,32,0,21.32172847746935,0
20250721_074403_527,-2,31,31,-1.5,21.32172847746935,0.08919262886047363,0.004004478454589844,31,31,YOLO,1,32,0,21.32172847746935,0
20250721_074403_623,-2,31,31,-1.5,21.32172847746935,0.08519482612609863,0.004106283187866211,31,31,YOLO,1,32,0,21.32172847746935,0
20250721_074403_715,-2,31,31,-1.5,21.32172847746935,0.09728884696960449,0.0042269229888916016,31,31,YOLO,1,32,0,21.32172847746935,0
20250721_074403_820,-2,31,31,-1.5,21.32172847746935,0.09052181243896484,0.004316806793212891,31,31,YOLO,1,32,0,21.32172847746935,0
20250721_074403_918,-2,31,31,-1.5,21.32172847746935,0.09853553771972656,0.004062652587890625,31,31,YOLO,1,32,0,21.32172847746935,0
20250721_074404_023,-2,31,31,-1.5,21.32172847746935,0.08808374404907227,0.004271745681762695,31,31,YOLO,1,32,0,21.32172847746935,0
20250721_074404_119,-2,31,31,-1.5,21.32172847746935,0.09345269203186035,0.004321098327636719,31,31,YOLO,1,32,0,21.32172847746935,0
20250721_074404_220,-2,31,31,-1.5,21.32172847746935,0.08698534965515137,0.00395655632019043,31,31,YOLO,1,32,0,21.32172847746935,0
20250721_074404_313,-2,31,31,-1.5,21.32172847746935,0.0897824764251709,0.0038688182830810547,31,31,YOLO,1,32,0,21.32172847746935,0
20250721_074404_410,-1,31,31,-1.5,20.985161754898968,0.0896296501159668,0.004172086715698242,31,31,YOLO,1,32,0,20.985161754898968,0
20250721_074404_507,-1,31,31,-1.5,20.985161754898968,0.08234024047851562,0.004195451736450195,31,31,YOLO,1,32,0,20.985161754898968,0
20250721_074404_596,-1,31,31,-1.5,20.985161754898968,0.0882565975189209,0.00437617301940918,31,31,YOLO,1,32,0,20.985161754898968,0
20250721_074404_692,-1,31,31,-1.5,20.985161754898968,0.09695315361022949,0.004118442535400391,31,31,YOLO,1,32,0,20.985161754898968,0
20250721_074404_796,-1,31,31,-1.5,20.985161754898968,0.08800244331359863,0.0041615962982177734,31,31,YOLO,1,32,0,20.985161754898968,0
20250721_074404_891,-1,31,31,-1.5,20.985161754898968,0.0866546630859375,0.004055500030517578,31,31,YOLO,1,32,0,20.985161754898968,0
20250721_074404_985,-1,31,31,-1.5,20.985161754898968,0.08891677856445312,0.004335880279541016,31,31,YOLO,1,32,0,20.985161754898968,0
20250721_074405_081,-1,31,31,-1.5,20.985161754898968,0.08835434913635254,0.004174709320068359,31,31,YOLO,1,32,0,20.985161754898968,0
20250721_074405_177,-1,31,31,-1.5,20.985161754898968,0.08671188354492188,0.0042612552642822266,31,31,YOLO,1,32,0,20.985161754898968,0
20250721_074405_271,-1,31,31,-1.5,20.985161754898968,0.08835148811340332,0.004259586334228516,31,31,YOLO,1,32,0,20.985161754898968,0
20250721_074405_366,-1,31,31,-1.5,20.985161754898968,0.09686017036437988,0.0038862228393554688,31,31,YOLO,1,32,0,20.985161754898968,0
20250721_074405_470,-1,31,31,-1.5,20.985161754898968,0.08164310455322266,0.00439000129699707,31,31,YOLO,1,32,0,20.985161754898968,0
20250721_074405_559,-1,31,31,-1.5,20.985161754898968,0.0791926383972168,0.004029512405395508,31,31,YOLO,1,32,0,20.985161754898968,0
20250721_074405_645,-1,31,31,-1.5,20.985161754898968,0.09121012687683105,0.00404047966003418,31,31,YOLO,1,32,0,20.985161754898968,0
20250721_074405_744,-1,31,31,-1.5,20.985161754898968,0.08991265296936035,0.0041942596435546875,31,31,YOLO,1,32,0,20.985161754898968,0
20250721_074405_841,-1,31,31,-1.5,20.985161754898968,0.08984494209289551,0.003912925720214844,31,31,YOLO,1,32,0,20.985161754898968,0
20250721_074405_937,-1,31,31,-1.5,20.985161754898968,0.08086013793945312,0.004268646240234375,31,31,YOLO,1,32,0,20.985161754898968,0
20250721_074406_025,-1,30,30,-2.9,21.25458700468016,0.09582805633544922,0.004176139831542969,30,30,YOLO,1,32,0,21.25458700468016,0
20250721_074406_128,-1,30,30,-2.9,21.25458700468016,0.09051918983459473,0.004038095474243164,30,30,YOLO,1,32,0,21.25458700468016,0
20250721_074406_226,-1,30,30,-2.9,21.25458700468016,0.08969426155090332,0.003919124603271484,30,30,YOLO,1,32,0,21.25458700468016,0
20250721_074406_322,-1,30,30,-2.9,21.25458700468016,0.0922238826751709,0.004012584686279297,30,30,YOLO,1,32,0,21.25458700468016,0
20250721_074406_421,0,30,30,-2.9,20.97852816331165,0.09123635292053223,0.004226207733154297,30,30,YOLO,1,32,0,20.97852816331165,0
20250721_074406_520,0,31,31,-1.5,20.29527720658355,0.09687399864196777,0.004245281219482422,31,31,YOLO,1,32,0,20.29527720658355,0
20250721_074406_624,0,30,30,-2.9,20.97852816331165,0.0947120189666748,0.004259347915649414,30,30,YOLO,1,32,0,20.97852816331165,0
20250721_074406_726,0,30,30,-2.9,20.97852816331165,0.09201216697692871,0.0042765140533447266,30,30,YOLO,1,32,0,20.97852816331165,0
20250721_074406_826,0,30,30,-2.9,20.97852816331165,0.09314298629760742,0.004323720932006836,30,30,YOLO,1,32,0,20.97852816331165,0
20250721_074406_926,0,30,30,-2.9,20.97852816331165,0.0850987434387207,0.004326343536376953,30,30,YOLO,1,32,0,20.97852816331165,0
20250721_074407_019,0,30,30,-2.9,20.97852816331165,0.10088396072387695,0.0042455196380615234,30,30,YOLO,1,32,0,20.97852816331165,0
20250721_074407_127,0,30,30,-2.9,20.97852816331165,0.08779191970825195,0.004263639450073242,30,30,YOLO,1,32,0,20.97852816331165,0
20250721_074407_222,0,30,30,-2.9,20.97852816331165,0.09463644027709961,0.004002809524536133,30,30,YOLO,1,32,0,20.97852816331165,0
20250721_074407_324,0,30,30,-2.9,20.97852816331165,0.08252072334289551,0.003903627395629883,30,30,YOLO,1,32,0,20.97852816331165,0
20250721_074407_413,0,30,30,-2.9,20.97852816331165,0.09540200233459473,0.004200935363769531,30,30,YOLO,1,32,0,20.97852816331165,0
20250721_074407_516,0,30,30,-2.9,20.97852816331165,0.09965801239013672,0.0042266845703125,30,30,YOLO,1,32,0,20.97852816331165,0
20250721_074407_623,0,30,30,-2.9,20.97852816331165,0.08106660842895508,0.00439000129699707,30,30,YOLO,1,32,0,20.97852816331165,0
20250721_074407_711,0,30,30,-2.9,20.97852816331165,0.08443260192871094,0.00435638427734375,30,30,YOLO,1,32,0,20.97852816331165,0
20250721_074407_803,0,30,30,-2.9,20.97852816331165,0.08837127685546875,0.004229307174682617,30,30,YOLO,1,32,0,20.97852816331165,0
20250721_074407_899,0,30,30,-2.9,20.97852816331165,0.09170341491699219,0.0039103031158447266,30,30,YOLO,1,32,0,20.97852816331165,0
20250721_074407_998,0,30,30,-2.9,20.97852816331165,0.08784294128417969,0.004271745681762695,30,30,YOLO,1,32,0,20.97852816331165,0
20250721_074408_093,0,30,30,-2.9,20.97852816331165,0.08364605903625488,0.0042171478271484375,30,30,YOLO,1,32,0,20.97852816331165,0
20250721_074408_184,0,30,30,-2.9,20.97852816331165,0.08595895767211914,0.004287242889404297,30,30,YOLO,1,32,0,20.97852816331165,0
20250721_074408_277,0,30,30,-2.9,20.97852816331165,0.0809786319732666,0.00391840934753418,30,30,YOLO,1,32,0,20.97852816331165,0
20250721_074408_365,0,30,30,-2.9,20.97852816331165,0.09033608436584473,0.004007577896118164,30,30,YOLO,1,32,0,20.97852816331165,0
20250721_074408_462,1,30,30,-2.9,20.71910171723502,0.09133648872375488,0.004313468933105469,30,30,YOLO,1,32,0,20.71910171723502,0
20250721_074408_561,1,30,30,-2.9,20.71910171723502,0.07792472839355469,0.004072427749633789,30,30,YOLO,1,32,0,20.71910171723502,0
20250721_074408_646,1,29,29,-4.4,21.112046555562685,0.08884882926940918,0.00402522087097168,29,29,YOLO,1,32,0,21.112046555562685,0
20250721_074408_742,1,29,29,-4.4,21.112046555562685,0.09163808822631836,0.004265785217285156,29,29,YOLO,1,32,0,21.112046555562685,0
20250721_074408_841,1,29,29,-4.4,21.112046555562685,0.08395242691040039,0.004050731658935547,29,29,YOLO,1,32,0,21.112046555562685,0
20250721_074408_933,1,29,29,-4.4,21.112046555562685,0.09204626083374023,0.004204511642456055,29,29,YOLO,1,32,0,21.112046555562685,0
20250721_074409_032,1,29,29,-4.4,21.112046555562685,0.09586453437805176,0.0041959285736083984,29,29,YOLO,1,32,0,21.112046555562685,0
20250721_074409_135,1,29,29,-4.4,21.112046555562685,0.0882561206817627,0.004155635833740234,29,29,YOLO,1,32,0,21.112046555562685,0
20250721_074409_230,1,29,29,-4.4,21.112046555562685,0.0935983657836914,0.004446268081665039,29,29,YOLO,1,32,0,21.112046555562685,0
20250721_074409_331,1,29,29,-4.4,21.112046555562685,0.0896902084350586,0.003897428512573242,29,29,YOLO,1,32,0,21.112046555562685,0
20250721_074409_427,1,29,29,-4.4,21.112046555562685,0.0928652286529541,0.00421452522277832,29,29,YOLO,1,32,0,21.112046555562685,0
20250721_074409_528,1,29,29,-4.4,21.112046555562685,0.0895395278930664,0.004363059997558594,29,29,YOLO,1,32,0,21.112046555562685,0
20250721_074409_624,1,29,29,-4.4,21.112046555562685,0.0931856632232666,0.003973484039306641,29,29,YOLO,1,32,0,21.112046555562685,0
20250721_074409_725,1,29,29,-4.4,21.112046555562685,0.09205222129821777,0.004036426544189453,29,29,YOLO,1,32,0,21.112046555562685,0
20250721_074409_824,1,29,29,-4.4,21.112046555562685,0.08488631248474121,0.0041849613189697266,29,29,YOLO,1,32,0,21.112046555562685,0
20250721_074409_916,1,29,29,-4.4,21.112046555562685,0.09821319580078125,0.004253387451171875,29,29,YOLO,1,32,0,21.112046555562685,0
20250721_074410_021,1,29,29,-4.4,21.112046555562685,0.09128475189208984,0.0040283203125,29,29,YOLO,1,32,0,21.112046555562685,0
20250721_074410_120,1,29,29,-4.4,21.112046555562685,0.09644031524658203,0.004238128662109375,29,29,YOLO,1,32,0,21.112046555562685,0
20250721_074410_224,1,29,29,-4.4,21.112046555562685,0.0872793197631836,0.004288434982299805,29,29,YOLO,1,32,0,21.112046555562685,0
20250721_074410_318,1,29,29,-4.4,21.112046555562685,0.09882521629333496,0.004262208938598633,29,29,YOLO,1,32,0,21.112046555562685,0
20250721_074410_424,2,29,29,-4.4,20.61133409978285,0.09447002410888672,0.004277467727661133,29,29,YOLO,1,32,0,20.61133409978285,0
20250721_074410_526,2,29,29,-4.4,20.61133409978285,0.08590888977050781,0.0044100284576416016,29,29,YOLO,1,32,0,20.61133409978285,0
20250721_074410_620,2,29,29,-4.4,20.61133409978285,0.09229683876037598,0.004195213317871094,29,29,YOLO,1,32,0,20.61133409978285,0
20250721_074410_719,2,28,28,-5.8,20.434968710706485,0.09533429145812988,0.004032135009765625,28,28,YOLO,1,32,0,20.434968710706485,0
20250721_074410_820,2,28,28,-5.8,20.434968710706485,0.08276057243347168,0.004216194152832031,28,28,YOLO,1,32,0,20.434968710706485,0
20250721_074410_910,2,28,28,-5.8,20.434968710706485,0.0874333381652832,0.004297494888305664,28,28,YOLO,1,32,0,20.434968710706485,0
20250721_074411_005,2,28,28,-5.8,20.434968710706485,0.08424758911132812,0.003988027572631836,28,28,YOLO,1,32,0,20.434968710706485,0
20250721_074411_096,2,28,28,-5.8,20.434968710706485,0.08901238441467285,0.004168987274169922,28,28,YOLO,1,32,0,20.434968710706485,0
20250721_074411_192,2,28,28,-5.8,20.434968710706485,0.09688067436218262,0.004308223724365234,28,28,YOLO,1,32,0,20.434968710706485,0
20250721_074411_296,2,28,28,-5.8,20.434968710706485,0.0920865535736084,0.003937244415283203,28,28,YOLO,1,32,0,20.434968710706485,0
20250721_074411_395,2,28,28,-5.8,20.434968710706485,0.0875556468963623,0.0041272640228271484,28,28,YOLO,1,32,0,20.434968710706485,0
20250721_074411_490,2,28,28,-5.8,20.434968710706485,0.0911874771118164,0.003791332244873047,28,28,YOLO,1,32,0,20.434968710706485,0
20250721_074411_588,2,28,28,-5.8,20.434968710706485,0.08380794525146484,0.00420069694519043,28,28,YOLO,1,32,0,20.434968710706485,0
20250721_074411_679,2,28,28,-5.8,20.434968710706485,0.08518266677856445,0.0039179325103759766,28,28,YOLO,1,32,0,20.434968710706485,0
20250721_074411_771,2,28,28,-5.8,20.434968710706485,0.08280730247497559,0.004203319549560547,28,28,YOLO,1,32,0,20.434968710706485,0
20250721_074411_861,2,28,28,-5.8,20.434968710706485,0.09012198448181152,0.003741741180419922,28,28,YOLO,1,32,0,20.434968710706485,0
20250721_074411_958,2,28,28,-5.8,20.434968710706485,0.10245180130004883,0.00432133674621582,28,28,YOLO,1,32,0,20.434968710706485,0
20250721_074412_067,2,28,28,-5.8,20.434968710706485,0.0899348258972168,0.004252195358276367,28,28,YOLO,1,32,0,20.434968710706485,0
20250721_074412_165,2,28,28,-5.8,20.434968710706485,0.08465433120727539,0.00429224967956543,28,28,YOLO,1,32,0,20.434968710706485,0
20250721_074412_257,2,28,28,-5.8,20.434968710706485,0.09280061721801758,0.004203319549560547,28,28,YOLO,1,32,0,20.434968710706485,0
20250721_074412_357,2,28,28,-5.8,20.434968710706485,0.0991060733795166,0.004124164581298828,28,28,YOLO,1,32,0,20.434968710706485,0
20250721_074412_462,3,28,28,-5.8,20.453825141565066,0.09050726890563965,0.003937959671020508,28,28,YOLO,1,32,0,20.453825141565066,0
20250721_074412_559,3,28,28,-5.8,20.453825141565066,0.09964609146118164,0.004192829132080078,28,28,YOLO,1,32,0,20.453825141565066,0
20250721_074412_666,3,28,28,-5.8,20.453825141565066,0.08941173553466797,0.004221439361572266,28,28,YOLO,1,32,0,20.453825141565066,0
20250721_074412_763,3,28,28,-5.8,20.453825141565066,0.08431458473205566,0.004337787628173828,28,28,YOLO,1,32,0,20.453825141565066,0
20250721_074412_855,3,28,28,-5.8,20.453825141565066,0.08609652519226074,0.003971099853515625,28,28,YOLO,1,32,0,20.453825141565066,0
20250721_074412_948,3,28,28,-5.8,20.453825141565066,0.09589600563049316,0.004387617111206055,28,28,YOLO,1,32,0,20.453825141565066,0
20250721_074413_052,3,28,28,-5.8,20.453825141565066,0.08888053894042969,0.004277706146240234,28,28,YOLO,1,32,0,20.453825141565066,0
20250721_074413_147,3,28,28,-5.8,20.453825141565066,0.08139824867248535,0.004391193389892578,28,28,YOLO,1,32,0,20.453825141565066,0
20250721_074413_236,3,28,28,-5.8,20.453825141565066,0.08568024635314941,0.004236698150634766,28,28,YOLO,1,32,0,20.453825141565066,0
20250721_074413_329,3,28,28,-5.8,20.453825141565066,0.09588027000427246,0.003882884979248047,28,28,YOLO,1,32,0,20.453825141565066,0
20250721_074413_431,3,28,28,-5.8,20.453825141565066,0.09959840774536133,0.004232645034790039,28,28,YOLO,1,32,0,20.453825141565066,0
20250721_074413_538,3,28,28,-5.8,20.453825141565066,0.09389567375183105,0.003983974456787109,28,28,YOLO,1,32,0,20.453825141565066,0
20250721_074413_639,3,28,28,-5.8,20.453825141565066,0.09516191482543945,0.004300117492675781,28,28,YOLO,1,32,0,20.453825141565066,0
20250721_074413_742,3,28,28,-5.8,20.453825141565066,0.09186625480651855,0.004273891448974609,28,28,YOLO,1,32,0,20.453825141565066,0
20250721_074413_841,3,28,28,-5.8,20.453825141565066,0.08435821533203125,0.003927469253540039,28,28,YOLO,1,32,0,20.453825141565066,0
20250721_074413_932,3,28,28,-5.8,20.453825141565066,0.09124970436096191,0.004224300384521484,28,28,YOLO,1,32,0,20.453825141565066,0
20250721_074414_030,3,28,28,-5.8,20.453825141565066,0.09642457962036133,0.004270076751708984,28,28,YOLO,1,32,0,20.453825141565066,0
20250721_074414_134,3,28,28,-5.8,20.453825141565066,0.08873367309570312,0.004235506057739258,28,28,YOLO,1,32,0,20.453825141565066,0
20250721_074414_230,3,28,28,-5.8,20.453825141565066,0.09724593162536621,0.0038728713989257812,28,28,YOLO,1,32,0,20.453825141565066,0
20250721_074414_334,3,28,28,-5.8,20.453825141565066,0.0910799503326416,0.004237651824951172,28,28,YOLO,1,32,0,20.453825141565066,0
20250721_074414_433,4,28,28,-5.8,19.9725834748274,0.09132218360900879,0.004473209381103516,28,28,YOLO,1,32,0,19.9725834748274,0
20250721_074414_532,4,28,28,-5.8,19.9725834748274,0.09952974319458008,0.0043261051177978516,28,28,YOLO,1,32,0,19.9725834748274,0
20250721_074414_639,4,27,27,-7.3,20.56187537739349,0.09312891960144043,0.004255771636962891,27,27,YOLO,1,32,0,20.56187537739349,0
20250721_074414_739,4,27,27,-7.3,20.56187537739349,0.08867955207824707,0.0039942264556884766,27,27,YOLO,1,32,0,20.56187537739349,0
20250721_074414_835,4,27,27,-7.3,20.56187537739349,0.10092663764953613,0.004052162170410156,27,27,YOLO,1,32,0,20.56187537739349,0
20250721_074414_943,4,27,27,-7.3,20.56187537739349,0.09895777702331543,0.0040340423583984375,27,27,YOLO,1,32,0,20.56187537739349,0
20250721_074415_049,4,27,27,-7.3,20.56187537739349,0.09649968147277832,0.0044934749603271484,27,27,YOLO,1,32,0,20.56187537739349,0
20250721_074415_153,4,27,27,-7.3,20.56187537739349,0.08744692802429199,0.003977060317993164,27,27,YOLO,1,32,0,20.56187537739349,0
20250721_074415_248,4,27,27,-7.3,20.56187537739349,0.09909319877624512,0.004255771636962891,27,27,YOLO,1,32,0,20.56187537739349,0
20250721_074415_354,4,27,27,-7.3,20.56187537739349,0.09674644470214844,0.004297018051147461,27,27,YOLO,1,32,0,20.56187537739349,0
20250721_074415_458,4,27,27,-7.3,20.56187537739349,0.08368515968322754,0.004289865493774414,27,27,YOLO,1,32,0,20.56187537739349,0
20250721_074415_550,4,27,27,-7.3,20.56187537739349,0.08954858779907227,0.004137992858886719,27,27,YOLO,1,32,0,20.56187537739349,0
20250721_074415_646,4,27,27,-7.3,20.56187537739349,0.10047435760498047,0.004167795181274414,27,27,YOLO,1,32,0,20.56187537739349,0
20250721_074415_754,4,27,27,-7.3,20.56187537739349,0.08712887763977051,0.004229545593261719,27,27,YOLO,1,32,0,20.56187537739349,0
20250721_074415_848,4,27,27,-7.3,20.56187537739349,0.08478665351867676,0.003930807113647461,27,27,YOLO,1,32,0,20.56187537739349,0
20250721_074415_940,4,27,27,-7.3,20.56187537739349,0.08820104598999023,0.004217386245727539,27,27,YOLO,1,32,0,20.56187537739349,0
20250721_074416_035,4,27,27,-7.3,20.56187537739349,0.0980379581451416,0.004265785217285156,27,27,YOLO,1,32,0,20.56187537739349,0
20250721_074416_140,4,27,27,-7.3,20.56187537739349,0.08749270439147949,0.004312038421630859,27,27,YOLO,1,32,0,20.56187537739349,0
20250721_074416_236,4,27,27,-7.3,20.56187537739349,0.09378409385681152,0.004259586334228516,27,27,YOLO,1,32,0,20.56187537739349,0
20250721_074416_337,4,27,27,-7.3,20.56187537739349,0.08686947822570801,0.0042057037353515625,27,27,YOLO,1,32,0,20.56187537739349,0
20250721_074416_431,5,27,27,-7.3,20.418760090819944,0.0906975269317627,0.004093647003173828,27,27,YOLO,1,32,0,20.418760090819944,0
20250721_074416_529,5,27,27,-7.3,20.418760090819944,0.08825969696044922,0.004139900207519531,27,27,YOLO,1,32,0,20.418760090819944,0
20250721_074416_624,5,27,27,-7.3,20.418760090819944,0.0838778018951416,0.00423884391784668,27,27,YOLO,1,32,0,20.418760090819944,0
20250721_074416_716,5,27,27,-7.3,20.418760090819944,0.08933353424072266,0.004290103912353516,27,27,YOLO,1,32,0,20.418760090819944,0
20250721_074416_812,5,26,26,-8.7,20.74878966962234,0.09227681159973145,0.0041120052337646484,26,26,YOLO,1,32,0,20.74878966962234,0
20250721_074416_912,5,26,26,-8.7,20.74878966962234,0.0907602310180664,0.004110574722290039,26,26,YOLO,1,32,0,20.74878966962234,0
20250721_074417_010,5,26,26,-8.7,20.74878966962234,0.0901784896850586,0.004357576370239258,26,26,YOLO,1,32,0,20.74878966962234,0
20250721_074417_108,5,26,26,-8.7,20.74878966962234,0.09234237670898438,0.004142284393310547,26,26,YOLO,1,32,0,20.74878966962234,0
20250721_074417_207,5,26,26,-8.7,20.74878966962234,0.08540606498718262,0.004240512847900391,26,26,YOLO,1,32,0,20.74878966962234,0
20250721_074417_300,5,26,26,-8.7,20.74878966962234,0.0856168270111084,0.004319190979003906,26,26,YOLO,1,32,0,20.74878966962234,0
20250721_074417_393,5,26,26,-8.7,20.74878966962234,0.10157275199890137,0.0040204524993896484,26,26,YOLO,1,32,0,20.74878966962234,0
20250721_074417_502,5,26,26,-8.7,20.74878966962234,0.09089541435241699,0.003862619400024414,26,26,YOLO,1,32,0,20.74878966962234,0
20250721_074417_599,5,26,26,-8.7,20.74878966962234,0.08931493759155273,0.004271268844604492,26,26,YOLO,1,32,0,20.74878966962234,0
20250721_074417_696,5,26,26,-8.7,20.74878966962234,0.09490084648132324,0.004126787185668945,26,26,YOLO,1,32,0,20.74878966962234,0
20250721_074417_798,5,26,26,-8.7,20.74878966962234,0.09102106094360352,0.004022359848022461,26,26,YOLO,1,32,0,20.74878966962234,0
20250721_074417_896,5,26,26,-8.7,20.74878966962234,0.09339141845703125,0.003997802734375,26,26,YOLO,1,32,0,20.74878966962234,0
20250721_074417_997,5,26,26,-8.7,20.74878966962234,0.09914207458496094,0.004156589508056641,26,26,YOLO,1,32,0,20.74878966962234,0
20250721_074418_103,5,26,26,-8.7,20.74878966962234,0.09610795974731445,0.003998279571533203,26,26,YOLO,1,32,0,20.74878966962234,0
20250721_074418_206,5,26,26,-8.7,20.74878966962234,0.08843207359313965,0.004431009292602539,26,26,YOLO,1,32,0,20.74878966962234,0
20250721_074418_302,5,26,26,-8.7,20.74878966962234,0.08608841896057129,0.004236936569213867,26,26,YOLO,1,32,0,20.74878966962234,0
20250721_074418_395,6,26,26,-8.7,20.74878966962234,0.09090447425842285,0.004410505294799805,26,26,YOLO,1,32,0,20.74878966962234,0
20250721_074418_494,6,27,27,-7.3,19.69794720604873,0.09027290344238281,0.004077911376953125,27,27,YOLO,1,32,0,19.69794720604873,0
20250721_074418_591,6,26,26,-8.7,20.31358893936134,0.08813977241516113,0.003911018371582031,26,26,YOLO,1,32,0,20.31358893936134,0
20250721_074418_686,6,26,26,-8.7,20.31358893936134,0.08711028099060059,0.0039899349212646484,26,26,YOLO,1,32,0,20.31358893936134,0
20250721_074418_780,6,26,26,-8.7,20.31358893936134,0.10073590278625488,0.0042116641998291016,26,26,YOLO,1,32,0,20.31358893936134,0
20250721_074418_888,6,26,26,-8.7,20.31358893936134,0.08283782005310059,0.003962278366088867,26,26,YOLO,1,32,0,20.31358893936134,0
20250721_074418_978,6,26,26,-8.7,20.31358893936134,0.09607529640197754,0.00464177131652832,26,26,YOLO,1,32,0,20.31358893936134,0
20250721_074419_081,6,26,26,-8.7,20.31358893936134,0.09463691711425781,0.004110097885131836,26,26,YOLO,1,32,0,20.31358893936134,0
20250721_074419_183,6,26,26,-8.7,20.31358893936134,0.09952282905578613,0.0039098262786865234,26,26,YOLO,1,32,0,20.31358893936134,0
20250721_074419_290,6,26,26,-8.7,20.31358893936134,0.08721065521240234,0.004345893859863281,26,26,YOLO,1,32,0,20.31358893936134,0
20250721_074419_384,6,26,26,-8.7,20.31358893936134,0.08366799354553223,0.004158735275268555,26,26,YOLO,1,32,0,20.31358893936134,0
20250721_074419_475,6,26,26,-8.7,20.31358893936134,0.09065437316894531,0.003962278366088867,26,26,YOLO,1,32,0,20.31358893936134,0
20250721_074419_573,6,26,26,-8.7,20.31358893936134,0.10175085067749023,0.0040836334228515625,26,26,YOLO,1,32,0,20.31358893936134,0
20250721_074419_681,6,26,26,-8.7,20.31358893936134,0.08970189094543457,0.004236459732055664,26,26,YOLO,1,32,0,20.31358893936134,0
20250721_074419_778,6,26,26,-8.7,20.31358893936134,0.08798408508300781,0.003957033157348633,26,26,YOLO,1,32,0,20.31358893936134,0
20250721_074419_873,6,26,26,-8.7,20.31358893936134,0.09701371192932129,0.004255771636962891,26,26,YOLO,1,32,0,20.31358893936134,0
20250721_074419_978,6,26,26,-8.7,20.31358893936134,0.08962011337280273,0.004158973693847656,26,26,YOLO,1,32,0,20.31358893936134,0
20250721_074420_074,6,26,26,-8.7,20.31358893936134,0.08795785903930664,0.00417780876159668,26,26,YOLO,1,32,0,20.31358893936134,0
20250721_074420_169,6,26,26,-8.7,20.31358893936134,0.09881734848022461,0.004271268844604492,26,26,YOLO,1,32,0,20.31358893936134,0
20250721_074420_275,6,26,26,-8.7,20.31358893936134,0.09142041206359863,0.004228830337524414,26,26,YOLO,1,32,0,20.31358893936134,0
20250721_074420_374,6,26,26,-8.7,20.31358893936134,0.08315443992614746,0.004190683364868164,26,26,YOLO,1,32,0,20.31358893936134,0
20250721_074420_464,7,26,26,-8.7,19.88555987135001,0.09135293960571289,0.004219532012939453,26,26,YOLO,1,32,0,19.88555987135001,0
20250721_074420_563,7,26,26,-8.7,19.88555987135001,0.10152411460876465,0.004202842712402344,26,26,YOLO,1,32,0,19.88555987135001,0
20250721_074420_672,7,25,25,-10.2,20.488052313921315,0.08919191360473633,0.004370212554931641,25,25,YOLO,1,32,0,20.488052313921315,0
20250721_074420_768,7,25,25,-10.2,20.488052313921315,0.0905296802520752,0.004224061965942383,25,25,YOLO,1,32,0,20.488052313921315,0
20250721_074420_866,7,25,25,-10.2,20.488052313921315,0.09545683860778809,0.004330635070800781,25,25,YOLO,1,32,0,20.488052313921315,0
20250721_074420_969,7,25,25,-10.2,20.488052313921315,0.09576582908630371,0.0043141841888427734,25,25,YOLO,1,32,0,20.488052313921315,0
20250721_074421_072,7,25,25,-10.2,20.488052313921315,0.08287858963012695,0.0039789676666259766,25,25,YOLO,1,32,0,20.488052313921315,0
20250721_074421_162,7,25,25,-10.2,20.488052313921315,0.09158945083618164,0.004316568374633789,25,25,YOLO,1,32,0,20.488052313921315,0
20250721_074421_261,7,25,25,-10.2,20.488052313921315,0.09407472610473633,0.004174470901489258,25,25,YOLO,1,32,0,20.488052313921315,0
20250721_074421_362,7,25,25,-10.2,20.488052313921315,0.10179805755615234,0.004263639450073242,25,25,YOLO,1,32,0,20.488052313921315,0
20250721_074421_472,7,25,25,-10.2,20.488052313921315,0.09473967552185059,0.004179954528808594,25,25,YOLO,1,32,0,20.488052313921315,0
20250721_074421_573,7,25,25,-10.2,20.488052313921315,0.08377242088317871,0.004317045211791992,25,25,YOLO,1,32,0,20.488052313921315,0
20250721_074421_665,7,25,25,-10.2,20.488052313921315,0.09452676773071289,0.00421905517578125,25,25,YOLO,1,32,0,20.488052313921315,0
20250721_074421_766,7,25,25,-10.2,20.488052313921315,0.10223126411437988,0.004250526428222656,25,25,YOLO,1,32,0,20.488052313921315,0
20250721_074421_876,7,25,25,-10.2,20.488052313921315,0.08808350563049316,0.004091501235961914,25,25,YOLO,1,32,0,20.488052313921315,0
20250721_074421_971,7,25,25,-10.2,20.488052313921315,0.09070014953613281,0.004354238510131836,25,25,YOLO,1,32,0,20.488052313921315,0
20250721_074422_069,7,25,25,-10.2,20.488052313921315,0.08522272109985352,0.00392460823059082,25,25,YOLO,1,32,0,20.488052313921315,0
20250721_074422_161,7,25,25,-10.2,20.488052313921315,0.08941841125488281,0.004238128662109375,25,25,YOLO,1,32,0,20.488052313921315,0
20250721_074422_258,7,25,25,-10.2,20.488052313921315,0.09749889373779297,0.003908395767211914,25,25,YOLO,1,32,0,20.488052313921315,0
20250721_074422_362,7,25,25,-10.2,20.488052313921315,0.0974283218383789,0.004052400588989258,25,25,YOLO,1,32,0,20.488052313921315,0
20250721_074422_467,8,25,25,-10.2,19.900117664197523,0.09448647499084473,0.004849672317504883,25,25,YOLO,1,32,0,19.900117664197523,0
20250721_074422_569,8,25,25,-10.2,19.900117664197523,0.09077143669128418,0.004239559173583984,25,25,YOLO,1,32,0,19.900117664197523,0
20250721_074422_668,8,24,24,-11.6,20.658205545480342,0.08841896057128906,0.004249095916748047,24,24,YOLO,1,32,0,20.658205545480342,0
20250721_074422_763,8,24,24,-11.6,20.658205545480342,0.08600378036499023,0.0020737648010253906,24,24,YOLO,1,32,0,20.658205545480342,0
20250721_074422_853,8,24,24,-11.6,20.658205545480342,0.0877537727355957,0.0035419464111328125,24,24,YOLO,1,32,0,20.658205545480342,0
20250721_074422_947,8,24,24,-11.6,20.658205545480342,0.09504008293151855,0.0041599273681640625,24,24,YOLO,1,32,0,20.658205545480342,0
20250721_074423_049,8,24,24,-11.6,20.658205545480342,0.09024453163146973,0.0044438838958740234,24,24,YOLO,1,32,0,20.658205545480342,0
20250721_074423_147,8,24,24,-11.6,20.658205545480342,0.09205007553100586,0.004050493240356445,24,24,YOLO,1,32,0,20.658205545480342,0
20250721_074423_246,8,24,24,-11.6,20.658205545480342,0.08755898475646973,0.003915071487426758,24,24,YOLO,1,32,0,20.658205545480342,0
20250721_074423_341,8,24,24,-11.6,20.658205545480342,0.09300827980041504,0.0036475658416748047,24,24,YOLO,1,32,0,20.658205545480342,0
20250721_074423_440,8,24,24,-11.6,20.658205545480342,0.0991818904876709,0.004244565963745117,24,24,YOLO,1,32,0,20.658205545480342,0
20250721_074423_547,8,24,24,-11.6,20.658205545480342,0.08715963363647461,0.004091978073120117,24,24,YOLO,1,32,0,20.658205545480342,0
20250721_074423_641,8,24,24,-11.6,20.658205545480342,0.09017181396484375,0.004242420196533203,24,24,YOLO,1,32,0,20.658205545480342,0
20250721_074423_738,8,24,24,-11.6,20.658205545480342,0.09455180168151855,0.004526853561401367,24,24,YOLO,1,32,0,20.658205545480342,0
20250721_074423_840,8,25,25,-10.2,19.900117664197523,0.09416556358337402,0.004343986511230469,25,25,YOLO,1,32,0,19.900117664197523,0
20250721_074423_942,8,25,25,-10.2,19.900117664197523,0.08928465843200684,0.004288196563720703,25,25,YOLO,1,32,0,19.900117664197523,0
20250721_074424_039,8,25,25,-10.2,19.900117664197523,0.09587359428405762,0.004174947738647461,25,25,YOLO,1,32,0,19.900117664197523,0
20250721_074424_142,8,25,25,-10.2,19.900117664197523,0.0941317081451416,0.004300594329833984,25,25,YOLO,1,32,0,19.900117664197523,0
20250721_074424_243,8,25,25,-10.2,19.900117664197523,0.08583426475524902,0.004250049591064453,25,25,YOLO,1,32,0,19.900117664197523,0
20250721_074424_337,8,25,25,-10.2,19.900117664197523,0.08953666687011719,0.004218101501464844,25,25,YOLO,1,32,0,19.900117664197523,0
20250721_074424_433,9,25,25,-10.2,18.756975783738,0.09445786476135254,0.011083841323852539,25,24,NeighborSearch,2,32,0,19.97815232910176,-1
20250721_074424_542,9,25,25,-10.2,18.756975783738,0.09154248237609863,0.011296987533569336,25,24,NeighborSearch,2,32,0,19.97815232910176,-1
20250721_074424_648,9,24,24,-11.6,19.97815232910176,0.09129881858825684,0.004296302795410156,24,24,YOLO,1,32,0,19.97815232910176,0
20250721_074424_746,9,24,24,-11.6,19.97815232910176,0.08915019035339355,0.004178047180175781,24,24,YOLO,1,32,0,19.97815232910176,0
20250721_074424_843,9,24,24,-11.6,19.97815232910176,0.08958148956298828,0.0041620731353759766,24,24,YOLO,1,32,0,19.97815232910176,0
20250721_074424_939,9,24,24,-11.6,19.97815232910176,0.08583760261535645,0.003921031951904297,24,24,YOLO,1,32,0,19.97815232910176,0
20250721_074425_032,9,24,24,-11.6,19.97815232910176,0.09896111488342285,0.004246234893798828,24,24,YOLO,1,32,0,19.97815232910176,0
20250721_074425_138,9,24,24,-11.6,19.97815232910176,0.08529400825500488,0.004264354705810547,24,24,YOLO,1,32,0,19.97815232910176,0
20250721_074425_231,9,24,24,-11.6,19.97815232910176,0.0879201889038086,0.0042569637298583984,24,24,YOLO,1,32,0,19.97815232910176,0
20250721_074425_326,9,24,24,-11.6,19.97815232910176,0.09723472595214844,0.003902912139892578,24,24,YOLO,1,32,0,19.97815232910176,0
20250721_074425_430,9,24,24,-11.6,19.97815232910176,0.10031318664550781,0.004149436950683594,24,24,YOLO,1,32,0,19.97815232910176,0
20250721_074425_538,9,24,24,-11.6,19.97815232910176,0.08476853370666504,0.003905057907104492,24,24,YOLO,1,32,0,19.97815232910176,0
20250721_074425_630,9,24,24,-11.6,19.97815232910176,0.09140396118164062,0.004190206527709961,24,24,YOLO,1,32,0,19.97815232910176,0
20250721_074425_728,9,24,24,-11.6,19.97815232910176,0.08693742752075195,0.0041637420654296875,24,24,YOLO,1,32,0,19.97815232910176,0
20250721_074425_822,9,24,24,-11.6,19.97815232910176,0.0846872329711914,0.004260540008544922,24,24,YOLO,1,32,0,19.97815232910176,0
20250721_074425_914,9,24,24,-11.6,19.97815232910176,0.09047293663024902,0.00392913818359375,24,24,YOLO,1,32,0,19.97815232910176,0
20250721_074426_011,9,24,24,-11.6,19.97815232910176,0.09730410575866699,0.004296064376831055,24,24,YOLO,1,32,0,19.97815232910176,0
20250721_074426_116,9,24,24,-11.6,19.97815232910176,0.08927774429321289,0.0039000511169433594,24,24,YOLO,1,32,0,19.97815232910176,0
20250721_074426_212,9,24,24,-11.6,19.97815232910176,0.09175443649291992,0.0042455196380615234,24,24,YOLO,1,32,0,19.97815232910176,0
20250721_074426_311,9,24,24,-11.6,19.97815232910176,0.08787178993225098,0.003667116165161133,24,24,YOLO,1,32,0,19.97815232910176,0
20250721_074426_405,10,24,24,-11.6,19.746905733684983,0.0945425033569336,0.004229068756103516,24,24,YOLO,1,32,0,19.746905733684983,0
20250721_074426_507,10,24,24,-11.6,19.746905733684983,0.0906074047088623,0.004347324371337891,24,24,YOLO,1,32,0,19.746905733684983,0
20250721_074426_605,10,23,23,-13.1,20.17191501366064,0.0875558853149414,0.004202842712402344,23,23,YOLO,1,32,0,20.17191501366064,0
20250721_074426_700,10,23,23,-13.1,20.17191501366064,0.08223104476928711,0.004359006881713867,23,23,YOLO,1,32,0,20.17191501366064,0
20250721_074426_789,10,23,23,-13.1,20.17191501366064,0.09056496620178223,0.004481077194213867,23,23,YOLO,1,32,0,20.17191501366064,0
20250721_074426_888,10,23,23,-13.1,20.17191501366064,0.09287571907043457,0.0039327144622802734,23,23,YOLO,1,32,0,20.17191501366064,0
20250721_074426_987,10,23,23,-13.1,20.17191501366064,0.08631658554077148,0.004294633865356445,23,23,YOLO,1,32,0,20.17191501366064,0
20250721_074427_080,10,23,23,-13.1,20.17191501366064,0.08892107009887695,0.004348039627075195,23,23,YOLO,1,32,0,20.17191501366064,0
20250721_074427_176,10,23,23,-13.1,20.17191501366064,0.0834207534790039,0.004208087921142578,23,23,YOLO,1,32,0,20.17191501366064,0
20250721_074427_267,10,23,23,-13.1,20.17191501366064,0.09037542343139648,0.00449061393737793,23,23,YOLO,1,32,0,20.17191501366064,0
20250721_074427_365,10,23,23,-13.1,20.17191501366064,0.09336185455322266,0.004171848297119141,23,23,YOLO,1,32,0,20.17191501366064,0
20250721_074427_466,10,23,23,-13.1,20.17191501366064,0.08814263343811035,0.0044023990631103516,23,23,YOLO,1,32,0,20.17191501366064,0
20250721_074427_562,10,23,23,-13.1,20.17191501366064,0.0886080265045166,0.004364728927612305,23,23,YOLO,1,32,0,20.17191501366064,0
20250721_074427_658,10,23,23,-13.1,20.17191501366064,0.08937311172485352,0.004354715347290039,23,23,YOLO,1,32,0,20.17191501366064,0
20250721_074427_755,10,23,23,-13.1,20.17191501366064,0.1010286808013916,0.0019989013671875,23,23,YOLO,1,32,0,20.17191501366064,0
20250721_074427_859,10,23,23,-13.1,20.17191501366064,0.09128785133361816,0.003927707672119141,23,23,YOLO,1,32,0,20.17191501366064,0
20250721_074427_957,10,23,23,-13.1,20.17191501366064,0.09841227531433105,0.0042493343353271484,23,23,YOLO,1,32,0,20.17191501366064,0
20250721_074428_063,10,23,23,-13.1,20.17191501366064,0.0877232551574707,0.0040013790130615234,23,23,YOLO,1,32,0,20.17191501366064,0
20250721_074428_157,10,23,23,-13.1,20.17191501366064,0.08828496932983398,0.0042073726654052734,23,23,YOLO,1,32,0,20.17191501366064,0
20250721_074428_253,10,23,23,-13.1,20.17191501366064,0.09318757057189941,0.004244804382324219,23,23,YOLO,1,32,0,20.17191501366064,0
20250721_074428_353,10,23,23,-13.1,20.17191501366064,0.0962069034576416,0.004196882247924805,23,23,YOLO,1,32,0,20.17191501366064,0
20250721_074428_457,11,23,23,-13.1,20.04937434575648,0.09062409400939941,0.0019123554229736328,23,23,YOLO,1,32,0,20.04937434575648,0
20250721_074428_550,11,23,23,-13.1,20.04937434575648,0.09811758995056152,0.004324436187744141,23,23,YOLO,1,32,0,20.04937434575648,0
20250721_074428_656,11,22,22,-14.5,20.54678771260461,0.08237481117248535,0.0042743682861328125,22,22,YOLO,1,32,0,20.54678771260461,0
20250721_074428_746,11,22,22,-14.5,20.54678771260461,0.08937454223632812,0.003996372222900391,22,22,YOLO,1,32,0,20.54678771260461,0
20250721_074428_842,11,22,22,-14.5,20.54678771260461,0.08916139602661133,0.003874540328979492,22,22,YOLO,1,32,0,20.54678771260461,0
20250721_074428_938,11,22,22,-14.5,20.54678771260461,0.09607291221618652,0.0042247772216796875,22,22,YOLO,1,32,0,20.54678771260461,0
20250721_074429_041,11,22,22,-14.5,20.54678771260461,0.09160828590393066,0.0021593570709228516,22,22,YOLO,1,32,0,20.54678771260461,0
20250721_074429_136,11,22,22,-14.5,20.54678771260461,0.08445286750793457,0.004889249801635742,22,22,YOLO,1,32,0,20.54678771260461,0
20250721_074429_227,11,22,22,-14.5,20.54678771260461,0.08843731880187988,0.0020177364349365234,22,22,YOLO,1,32,0,20.54678771260461,0
20250721_074429_319,11,22,22,-14.5,20.54678771260461,0.09058070182800293,0.001943349838256836,22,22,YOLO,1,32,0,20.54678771260461,0
20250721_074429_413,11,22,22,-14.5,20.54678771260461,0.09941673278808594,0.002018451690673828,22,22,YOLO,1,32,0,20.54678771260461,0
20250721_074429_515,11,22,22,-14.5,20.54678771260461,0.08817601203918457,0.0020220279693603516,22,22,YOLO,1,32,0,20.54678771260461,0
20250721_074429_607,11,22,22,-14.5,20.54678771260461,0.090118408203125,0.0019600391387939453,22,22,YOLO,1,32,0,20.54678771260461,0
20250721_074429_700,11,22,22,-14.5,20.54678771260461,0.08867645263671875,0.001995563507080078,22,22,YOLO,1,32,0,20.54678771260461,0
20250721_074429_792,11,22,22,-14.5,20.54678771260461,0.0936279296875,0.0020127296447753906,22,22,YOLO,1,32,0,20.54678771260461,0
20250721_074429_889,11,22,22,-14.5,20.54678771260461,0.09653091430664062,0.0019664764404296875,22,22,YOLO,1,32,0,20.54678771260461,0
20250721_074429_989,11,22,22,-14.5,20.54678771260461,0.09670400619506836,0.0019550323486328125,22,22,YOLO,1,32,0,20.54678771260461,0
20250721_074430_089,11,22,22,-14.5,20.54678771260461,0.09172630310058594,0.0019905567169189453,22,22,YOLO,1,32,0,20.54678771260461,0
20250721_074430_184,11,22,22,-14.5,20.54678771260461,0.09116768836975098,0.0019834041595458984,22,22,YOLO,1,32,0,20.54678771260461,0
20250721_074430_278,11,22,22,-14.5,20.54678771260461,0.09600400924682617,0.002044677734375,22,22,YOLO,1,32,0,20.54678771260461,0
20250721_074430_377,11,22,22,-14.5,20.54678771260461,0.09178900718688965,0.0021066665649414062,22,22,YOLO,1,32,0,20.54678771260461,0
20250721_074430_472,12,22,22,-14.5,20.54672779947917,0.09389400482177734,0.0020143985748291016,22,22,YOLO,1,32,0,20.54672779947917,0
20250721_074430_570,12,22,22,-14.5,20.54672779947917,0.09503817558288574,0.0019414424896240234,22,22,YOLO,1,32,0,20.54672779947917,0
20250721_074430_668,12,22,22,-14.5,20.54672779947917,0.08158421516418457,0.0018932819366455078,22,22,YOLO,1,32,0,20.54672779947917,0
20250721_074430_753,12,22,22,-14.5,20.54672779947917,0.08425641059875488,0.0038700103759765625,22,22,YOLO,1,32,0,20.54672779947917,0
20250721_074430_844,12,22,22,-14.5,20.54672779947917,0.08856701850891113,0.0037679672241210938,22,22,YOLO,1,32,0,20.54672779947917,0
20250721_074430_939,12,21,21,-16.0,20.62812845760704,0.08874845504760742,0.003908872604370117,21,21,YOLO,1,32,0,20.62812845760704,0
20250721_074431_034,12,22,22,-14.5,20.54672779947917,0.08870553970336914,0.0042722225189208984,22,22,YOLO,1,32,0,20.54672779947917,0
20250721_074431_130,12,21,21,-16.0,20.62812845760704,0.08382821083068848,0.004415750503540039,21,21,YOLO,1,32,0,20.62812845760704,0
20250721_074431_222,12,21,21,-16.0,20.62812845760704,0.08819961547851562,0.0044498443603515625,21,21,YOLO,1,32,0,20.62812845760704,0
20250721_074431_318,12,21,21,-16.0,20.62812845760704,0.09561729431152344,0.003942251205444336,21,21,YOLO,1,32,0,20.62812845760704,0
20250721_074431_420,12,21,21,-16.0,20.62812845760704,0.08914375305175781,0.003968238830566406,21,21,YOLO,1,32,0,20.62812845760704,0
20250721_074431_516,12,21,21,-16.0,20.62812845760704,0.11411643028259277,0.002713918685913086,21,21,YOLO,1,32,0,20.62812845760704,0
20250721_074431_635,12,21,21,-16.0,20.62812845760704,0.08987736701965332,0.0020532608032226562,21,21,YOLO,1,32,0,20.62812845760704,0
20250721_074431_728,12,22,22,-14.5,20.54672779947917,0.08693981170654297,0.0026400089263916016,22,22,YOLO,1,32,0,20.54672779947917,0
20250721_074431_819,12,22,22,-14.5,20.54672779947917,0.09435129165649414,0.0019855499267578125,22,22,YOLO,1,32,0,20.54672779947917,0
20250721_074431_917,12,22,22,-14.5,20.54672779947917,0.09758210182189941,0.0020971298217773438,22,22,YOLO,1,32,0,20.54672779947917,0
20250721_074432_018,12,22,22,-14.5,20.54672779947917,0.0852499008178711,0.002435445785522461,22,22,YOLO,1,32,0,20.54672779947917,0
20250721_074432_107,12,22,22,-14.5,20.54672779947917,0.09152626991271973,0.0020096302032470703,22,22,YOLO,1,32,0,20.54672779947917,0
20250721_074432_202,12,22,22,-14.5,20.54672779947917,0.09277153015136719,0.0038175582885742188,22,22,YOLO,1,32,0,20.54672779947917,0
20250721_074432_301,12,22,22,-14.5,20.54672779947917,0.09155750274658203,0.003928422927856445,22,22,YOLO,1,32,0,20.54672779947917,0
20250721_074432_400,13,22,22,-14.5,20.138298824928967,0.0866997241973877,0.003984212875366211,22,22,YOLO,1,32,0,20.138298824928967,0
20250721_074432_494,13,22,22,-14.5,20.138298824928967,0.0923161506652832,0.004050731658935547,22,22,YOLO,1,32,0,20.138298824928967,0
20250721_074432_593,13,21,21,-16.0,19.983418528679422,0.08959794044494629,0.0041539669036865234,21,21,YOLO,1,32,0,19.983418528679422,0
20250721_074432_690,13,21,21,-16.0,19.983418528679422,0.08238697052001953,0.004236459732055664,21,21,YOLO,1,32,0,19.983418528679422,0
20250721_074432_779,13,21,21,-16.0,19.983418528679422,0.09409952163696289,0.004216670989990234,21,21,YOLO,1,32,0,19.983418528679422,0
20250721_074432_881,13,21,21,-16.0,19.983418528679422,0.09155583381652832,0.004199028015136719,21,21,YOLO,1,32,0,19.983418528679422,0
20250721_074432_979,13,21,21,-16.0,19.983418528679422,0.09287285804748535,0.004341840744018555,21,21,YOLO,1,32,0,19.983418528679422,0
20250721_074433_080,13,21,21,-16.0,19.983418528679422,0.08759760856628418,0.0042188167572021484,21,21,YOLO,1,32,0,19.983418528679422,0
20250721_074433_174,13,21,21,-16.0,19.983418528679422,0.09316515922546387,0.0042765140533447266,21,21,YOLO,1,32,0,19.983418528679422,0
20250721_074433_275,13,21,21,-16.0,19.983418528679422,0.08992719650268555,0.0044553279876708984,21,21,YOLO,1,32,0,19.983418528679422,0
20250721_074433_373,13,21,21,-16.0,19.983418528679422,0.09548044204711914,0.004405021667480469,21,21,YOLO,1,32,0,19.983418528679422,0
20250721_074433_476,13,21,21,-16.0,19.983418528679422,0.09010815620422363,0.004506826400756836,21,21,YOLO,1,32,0,19.983418528679422,0
20250721_074433_573,13,21,21,-16.0,19.983418528679422,0.09083938598632812,0.003979682922363281,21,21,YOLO,1,32,0,19.983418528679422,0
20250721_074433_670,13,21,21,-16.0,19.983418528679422,0.08674144744873047,0.003915309906005859,21,21,YOLO,1,32,0,19.983418528679422,0
20250721_074433_763,13,21,21,-16.0,19.983418528679422,0.09287142753601074,0.00423121452331543,21,21,YOLO,1,32,0,19.983418528679422,0
20250721_074433_863,13,21,21,-16.0,19.983418528679422,0.09873557090759277,0.004174470901489258,21,21,YOLO,1,32,0,19.983418528679422,0
20250721_074433_969,13,21,21,-16.0,19.983418528679422,0.08510732650756836,0.004318714141845703,21,21,YOLO,1,32,0,19.983418528679422,0
20250721_074434_062,13,21,21,-16.0,19.983418528679422,0.08687067031860352,0.0041370391845703125,21,21,YOLO,1,32,0,19.983418528679422,0
20250721_074434_156,13,21,21,-16.0,19.983418528679422,0.0994565486907959,0.00424504280090332,21,21,YOLO,1,32,0,19.983418528679422,0
20250721_074434_263,13,21,21,-16.0,19.983418528679422,0.08919596672058105,0.004302263259887695,21,21,YOLO,1,32,0,19.983418528679422,0
20250721_074434_359,13,21,21,-16.0,19.983418528679422,0.08957266807556152,0.004426002502441406,21,21,YOLO,1,32,0,19.983418528679422,0
20250721_074434_456,14,21,21,-16.0,19.74184275750005,0.09845089912414551,0.0041577816009521484,21,21,YOLO,1,32,0,19.74184275750005,0
20250721_074434_562,14,21,21,-16.0,19.74184275750005,0.09420466423034668,0.004065036773681641,21,21,YOLO,1,32,0,19.74184275750005,0
20250721_074434_663,14,20,20,-17.4,20.33636196950816,0.10115671157836914,0.004255056381225586,20,20,YOLO,1,32,0,20.33636196950816,0
20250721_074434_772,14,20,20,-17.4,20.33636196950816,0.09180474281311035,0.0041239261627197266,20,20,YOLO,1,32,0,20.33636196950816,0
20250721_074434_871,14,20,20,-17.4,20.33636196950816,0.09845471382141113,0.003957986831665039,20,20,YOLO,1,32,0,20.33636196950816,0
20250721_074434_976,14,20,20,-17.4,20.33636196950816,0.09416317939758301,0.0041332244873046875,20,20,YOLO,1,32,0,20.33636196950816,0
20250721_074435_077,14,20,20,-17.4,20.33636196950816,0.09518837928771973,0.0041429996490478516,20,20,YOLO,1,32,0,20.33636196950816,0
20250721_074435_179,14,20,20,-17.4,20.33636196950816,0.09245872497558594,0.004307746887207031,20,20,YOLO,1,32,0,20.33636196950816,0
20250721_074435_279,14,20,20,-17.4,20.33636196950816,0.09719252586364746,0.0042760372161865234,20,20,YOLO,1,32,0,20.33636196950816,0
20250721_074435_384,14,20,20,-17.4,20.33636196950816,0.09581375122070312,0.003892660140991211,20,20,YOLO,1,32,0,20.33636196950816,0
20250721_074435_486,14,20,20,-17.4,20.33636196950816,0.09448647499084473,0.003975391387939453,20,20,YOLO,1,32,0,20.33636196950816,0
20250721_074435_588,14,20,20,-17.4,20.33636196950816,0.08624005317687988,0.004201412200927734,20,20,YOLO,1,32,0,20.33636196950816,0
20250721_074435_681,14,20,20,-17.4,20.33636196950816,0.08520793914794922,0.0042934417724609375,20,20,YOLO,1,32,0,20.33636196950816,0
20250721_074435_774,14,20,20,-17.4,20.33636196950816,0.09290099143981934,0.003564119338989258,20,20,YOLO,1,32,0,20.33636196950816,0
20250721_074435_873,14,20,20,-17.4,20.33636196950816,0.10138154029846191,0.004268646240234375,20,20,YOLO,1,32,0,20.33636196950816,0
20250721_074435_981,14,20,20,-17.4,20.33636196950816,0.08526778221130371,0.00396418571472168,20,20,YOLO,1,32,0,20.33636196950816,0
20250721_074436_074,14,20,20,-17.4,20.33636196950816,0.08483290672302246,0.004155874252319336,20,20,YOLO,1,32,0,20.33636196950816,0
20250721_074436_166,14,20,20,-17.4,20.33636196950816,0.0917668342590332,0.003936052322387695,20,20,YOLO,1,32,0,20.33636196950816,0
20250721_074436_264,14,20,20,-17.4,20.33636196950816,0.1040036678314209,0.004221439361572266,20,20,YOLO,1,32,0,20.33636196950816,0
20250721_074436_376,14,20,20,-17.4,20.33636196950816,0.09089016914367676,0.0040912628173828125,20,20,YOLO,1,32,0,20.33636196950816,0
20250721_074436_474,15,20,20,-17.4,19.48835718459651,0.09268951416015625,0.004193544387817383,20,20,YOLO,1,32,0,19.48835718459651,0
20250721_074436_573,15,20,20,-17.4,19.48835718459651,0.11629700660705566,0.004442930221557617,20,20,YOLO,1,32,0,19.48835718459651,0
20250721_074436_697,15,19,19,-18.9,20.29709869495925,0.10001516342163086,0.0042231082916259766,19,19,YOLO,1,32,0,20.29709869495925,0
20250721_074436_805,15,19,19,-18.9,20.29709869495925,0.08728790283203125,0.004274129867553711,19,19,YOLO,1,32,0,20.29709869495925,0
20250721_074436_899,15,20,20,-17.4,19.48835718459651,0.08647775650024414,0.0040493011474609375,20,20,YOLO,1,32,0,19.48835718459651,0
20250721_074436_993,15,20,20,-17.4,19.48835718459651,0.08718657493591309,0.004275798797607422,20,20,YOLO,1,32,0,19.48835718459651,0
20250721_074437_087,15,20,20,-17.4,19.48835718459651,0.23680806159973145,0.003975868225097656,20,20,YOLO,1,32,0,19.48835718459651,0
20250721_074437_329,15,20,20,-17.4,19.48835718459651,0.09325575828552246,0.0038909912109375,20,20,YOLO,1,32,0,19.48835718459651,0
20250721_074437_429,15,20,20,-17.4,19.48835718459651,0.09205126762390137,0.004212141036987305,20,20,YOLO,1,32,0,19.48835718459651,0
20250721_074437_529,15,20,20,-17.4,19.48835718459651,0.09176135063171387,0.003867626190185547,20,20,YOLO,1,32,0,19.48835718459651,0
20250721_074437_627,15,20,20,-17.4,19.48835718459651,0.09028768539428711,0.004308938980102539,20,20,YOLO,1,32,0,19.48835718459651,0
20250721_074437_725,15,20,20,-17.4,19.48835718459651,0.09142732620239258,0.004218578338623047,20,20,YOLO,1,32,0,19.48835718459651,0
20250721_074437_823,15,20,20,-17.4,19.48835718459651,0.09267711639404297,0.0042345523834228516,20,20,YOLO,1,32,0,19.48835718459651,0
20250721_074437_923,15,20,20,-17.4,19.48835718459651,0.09340596199035645,0.004218101501464844,20,20,YOLO,1,32,0,19.48835718459651,0
20250721_074438_024,15,20,20,-17.4,19.48835718459651,0.08615756034851074,0.0043163299560546875,20,20,YOLO,1,32,0,19.48835718459651,0
20250721_074438_117,15,20,20,-17.4,19.48835718459651,0.09186720848083496,0.004200935363769531,20,20,YOLO,1,32,0,19.48835718459651,0
20250721_074438_216,15,20,20,-17.4,19.48835718459651,0.08860564231872559,0.003914833068847656,20,20,YOLO,1,32,0,19.48835718459651,0
20250721_074438_312,15,20,20,-17.4,19.48835718459651,0.09200477600097656,0.0033140182495117188,20,20,YOLO,1,32,0,19.48835718459651,0
20250721_074438_409,16,20,20,-17.4,20.130471762630137,0.08837175369262695,0.003872394561767578,20,20,YOLO,1,32,0,20.130471762630137,0
20250721_074438_505,16,20,20,-17.4,20.130471762630137,0.08690881729125977,0.0039479732513427734,20,20,YOLO,1,32,0,20.130471762630137,0
20250721_074438_598,16,19,19,-18.9,20.255504304140658,0.08875417709350586,0.004243373870849609,19,19,YOLO,1,32,0,20.255504304140658,0
20250721_074438_695,16,19,19,-18.9,20.255504304140658,0.09022283554077148,0.004230022430419922,19,19,YOLO,1,32,0,20.255504304140658,0
20250721_074438_792,16,19,19,-18.9,20.255504304140658,0.09473133087158203,0.003922939300537109,19,19,YOLO,1,32,0,20.255504304140658,0
20250721_074438_894,16,19,19,-18.9,20.255504304140658,0.08702826499938965,0.004244804382324219,19,19,YOLO,1,32,0,20.255504304140658,0
20250721_074438_988,16,19,19,-18.9,20.255504304140658,0.08882784843444824,0.003943443298339844,19,19,YOLO,1,32,0,20.255504304140658,0
20250721_074439_084,16,19,19,-18.9,20.255504304140658,0.08790826797485352,0.004269599914550781,19,19,YOLO,1,32,0,20.255504304140658,0
20250721_074439_179,16,19,19,-18.9,20.255504304140658,0.0906224250793457,0.0042269229888916016,19,19,YOLO,1,32,0,20.255504304140658,0
20250721_074439_277,16,19,19,-18.9,20.255504304140658,0.09170413017272949,0.004266500473022461,19,19,YOLO,1,32,0,20.255504304140658,0
20250721_074439_376,16,19,19,-18.9,20.255504304140658,0.0843043327331543,0.004178047180175781,19,19,YOLO,1,32,0,20.255504304140658,0
20250721_074439_467,16,19,19,-18.9,20.255504304140658,0.0933220386505127,0.0044291019439697266,19,19,YOLO,1,32,0,20.255504304140658,0
20250721_074439_568,16,19,19,-18.9,20.255504304140658,0.08793234825134277,0.004023075103759766,19,19,YOLO,1,32,0,20.255504304140658,0
20250721_074439_663,16,19,19,-18.9,20.255504304140658,0.0920557975769043,0.004120826721191406,19,19,YOLO,1,32,0,20.255504304140658,0
20250721_074439_762,16,19,19,-18.9,20.255504304140658,0.08983397483825684,0.0042035579681396484,19,19,YOLO,1,32,0,20.255504304140658,0
20250721_074439_859,16,19,19,-18.9,20.255504304140658,0.08847975730895996,0.00395512580871582,19,19,YOLO,1,32,0,20.255504304140658,0
20250721_074439_954,16,19,19,-18.9,20.255504304140658,0.08281660079956055,0.0038657188415527344,19,19,YOLO,1,32,0,20.255504304140658,0
20250721_074440_044,16,19,19,-18.9,20.255504304140658,0.0829470157623291,0.0038461685180664062,19,19,YOLO,1,32,0,20.255504304140658,0
20250721_074440_134,16,19,19,-18.9,20.255504304140658,0.09022808074951172,0.004041910171508789,19,19,YOLO,1,32,0,20.255504304140658,0
20250721_074440_231,16,19,19,-18.9,20.255504304140658,0.09398460388183594,0.004155874252319336,19,19,YOLO,1,32,0,20.255504304140658,0
20250721_074440_332,16,19,19,-18.9,20.255504304140658,0.09263014793395996,0.0038874149322509766,19,19,YOLO,1,32,0,20.255504304140658,0
20250721_074440_432,17,19,19,-18.9,19.699427813235985,0.08677077293395996,0.004182100296020508,19,19,YOLO,1,32,0,19.699427813235985,0
20250721_074440_526,17,19,19,-18.9,19.699427813235985,0.09058856964111328,0.004302024841308594,19,19,YOLO,1,32,0,19.699427813235985,0
20250721_074440_623,17,18,18,-20.3,20.44040056241259,0.08771109580993652,0.00426173210144043,18,18,YOLO,1,32,0,20.44040056241259,0
20250721_074440_718,17,18,18,-20.3,20.44040056241259,0.09159088134765625,0.004290580749511719,18,18,YOLO,1,32,0,20.44040056241259,0
20250721_074440_817,17,18,18,-20.3,20.44040056241259,0.09413981437683105,0.004256010055541992,18,18,YOLO,1,32,0,20.44040056241259,0
20250721_074440_919,17,18,18,-20.3,20.44040056241259,0.10314011573791504,0.004108428955078125,18,18,YOLO,1,32,0,20.44040056241259,0
20250721_074441_029,17,18,18,-20.3,20.44040056241259,0.08533930778503418,0.0042760372161865234,18,18,YOLO,1,32,0,20.44040056241259,0
20250721_074441_122,17,18,18,-20.3,20.44040056241259,0.09368681907653809,0.0042879581451416016,18,18,YOLO,1,32,0,20.44040056241259,0
20250721_074441_223,17,18,18,-20.3,20.44040056241259,0.08982729911804199,0.004165172576904297,18,18,YOLO,1,32,0,20.44040056241259,0
20250721_074441_320,17,18,18,-20.3,20.44040056241259,0.0961296558380127,0.003972530364990234,18,18,YOLO,1,32,0,20.44040056241259,0
20250721_074441_423,17,18,18,-20.3,20.44040056241259,0.09258651733398438,0.003975868225097656,18,18,YOLO,1,32,0,20.44040056241259,0
20250721_074441_522,17,18,18,-20.3,20.44040056241259,0.08473777770996094,0.0039825439453125,18,18,YOLO,1,32,0,20.44040056241259,0
20250721_074441_614,17,18,18,-20.3,20.44040056241259,0.11778903007507324,0.004262685775756836,18,18,YOLO,1,32,0,20.44040056241259,0
20250721_074441_739,17,18,18,-20.3,20.44040056241259,0.08968591690063477,0.004248619079589844,18,18,YOLO,1,32,0,20.44040056241259,0
20250721_074441_836,17,18,18,-20.3,20.44040056241259,0.09205079078674316,0.0038521289825439453,18,18,YOLO,1,32,0,20.44040056241259,0
20250721_074441_935,17,18,18,-20.3,20.44040056241259,0.09201598167419434,0.00426483154296875,18,18,YOLO,1,32,0,20.44040056241259,0
20250721_074442_035,17,18,18,-20.3,20.44040056241259,0.08878850936889648,0.0042498111724853516,18,18,YOLO,1,32,0,20.44040056241259,0
20250721_074442_131,17,18,18,-20.3,20.44040056241259,0.08725190162658691,0.004033565521240234,18,18,YOLO,1,32,0,20.44040056241259,0
20250721_074442_225,17,18,18,-20.3,20.44040056241259,0.08825159072875977,0.0042209625244140625,18,18,YOLO,1,32,0,20.44040056241259,0
20250721_074442_320,17,18,18,-20.3,20.44040056241259,0.09099698066711426,0.003869771957397461,18,18,YOLO,1,32,0,20.44040056241259,0
20250721_074442_418,18,18,18,-20.3,20.07010447613888,0.09524345397949219,0.004230499267578125,18,18,YOLO,1,32,0,20.07010447613888,0
20250721_074442_521,18,18,18,-20.3,20.07010447613888,0.08580255508422852,0.0035686492919921875,18,18,YOLO,1,32,0,20.07010447613888,0
20250721_074442_613,18,17,17,-21.8,21.174135495481693,0.08648943901062012,0.003994941711425781,17,17,YOLO,1,32,0,21.174135495481693,0
20250721_074442_707,18,17,17,-21.8,21.174135495481693,0.08536195755004883,0.0041425228118896484,17,17,YOLO,1,32,0,21.174135495481693,0
20250721_074442_799,18,17,17,-21.8,21.174135495481693,0.11238241195678711,0.004178285598754883,17,17,YOLO,1,32,0,21.174135495481693,0
20250721_074442_919,18,17,17,-21.8,21.174135495481693,0.0912778377532959,0.004186391830444336,17,17,YOLO,1,32,0,21.174135495481693,0
20250721_074443_017,18,17,17,-21.8,21.174135495481693,0.1017293930053711,0.004199504852294922,17,17,YOLO,1,32,0,21.174135495481693,0
20250721_074443_126,18,17,17,-21.8,21.174135495481693,0.09022665023803711,0.004188060760498047,17,17,YOLO,1,32,0,21.174135495481693,0
20250721_074443_223,18,17,17,-21.8,21.174135495481693,0.09586811065673828,0.004117012023925781,17,17,YOLO,1,32,0,21.174135495481693,0
20250721_074443_326,18,17,17,-21.8,21.174135495481693,0.09030890464782715,0.004064321517944336,17,17,YOLO,1,32,0,21.174135495481693,0
20250721_074443_423,18,17,17,-21.8,21.174135495481693,0.09320187568664551,0.004227638244628906,17,17,YOLO,1,32,0,21.174135495481693,0
20250721_074443_524,18,17,17,-21.8,21.174135495481693,0.08980083465576172,0.0037636756896972656,17,17,YOLO,1,32,0,21.174135495481693,0
20250721_074443_620,18,17,17,-21.8,21.174135495481693,0.09048151969909668,0.004235267639160156,17,17,YOLO,1,32,0,21.174135495481693,0
20250721_074443_718,18,17,17,-21.8,21.174135495481693,0.09269976615905762,0.004102945327758789,17,17,YOLO,1,32,0,21.174135495481693,0
20250721_074443_818,18,17,17,-21.8,21.174135495481693,0.09963560104370117,0.0047533512115478516,17,17,YOLO,1,32,0,21.174135495481693,0
20250721_074443_926,18,17,17,-21.8,21.174135495481693,0.09133458137512207,0.004216194152832031,17,17,YOLO,1,32,0,21.174135495481693,0
20250721_074444_024,18,17,17,-21.8,21.174135495481693,0.08956098556518555,0.004290342330932617,17,17,YOLO,1,32,0,21.174135495481693,0
20250721_074444_121,18,17,17,-21.8,21.174135495481693,0.09121990203857422,0.0042171478271484375,17,17,YOLO,1,32,0,21.174135495481693,0
20250721_074444_219,18,17,17,-21.8,21.174135495481693,0.09534144401550293,0.004250764846801758,17,17,YOLO,1,32,0,21.174135495481693,0
20250721_074444_322,18,17,17,-21.8,21.174135495481693,0.08826088905334473,0.0040705204010009766,17,17,YOLO,1,32,0,21.174135495481693,0
20250721_074444_417,19,18,18,-20.3,19.698195246476445,0.0882575511932373,0.004023551940917969,18,18,YOLO,1,32,0,19.698195246476445,0
20250721_074444_513,19,18,18,-20.3,19.698195246476445,0.08908629417419434,0.004291057586669922,18,18,YOLO,1,32,0,19.698195246476445,0
20250721_074444_609,19,17,17,-21.8,19.67530830885589,0.09075403213500977,0.004279613494873047,17,17,YOLO,1,32,0,19.67530830885589,0
20250721_074444_708,19,16,16,-23.2,20.506139938381352,0.09247589111328125,0.004385232925415039,16,16,YOLO,1,32,0,20.506139938381352,0
20250721_074444_808,19,16,16,-23.2,20.506139938381352,0.09498190879821777,0.004185914993286133,16,16,YOLO,1,32,0,20.506139938381352,0
20250721_074444_910,19,16,16,-23.2,20.506139938381352,0.09268665313720703,0.004302978515625,16,16,YOLO,1,32,0,20.506139938381352,0
20250721_074445_010,19,16,16,-23.2,20.506139938381352,0.08151674270629883,0.0041196346282958984,16,16,YOLO,1,32,0,20.506139938381352,0
20250721_074445_098,19,16,16,-23.2,20.506139938381352,0.08949398994445801,0.004282236099243164,16,16,YOLO,1,32,0,20.506139938381352,0
20250721_074445_195,19,17,17,-21.8,19.67530830885589,0.08813309669494629,0.004158735275268555,17,17,YOLO,1,32,0,19.67530830885589,0
20250721_074445_291,19,17,17,-21.8,19.67530830885589,0.09660005569458008,0.0043032169342041016,17,17,YOLO,1,32,0,19.67530830885589,0
20250721_074445_395,19,17,17,-21.8,19.67530830885589,0.09135818481445312,0.004219770431518555,17,17,YOLO,1,32,0,19.67530830885589,0
20250721_074445_493,19,17,17,-21.8,19.67530830885589,0.09127640724182129,0.003949880599975586,17,17,YOLO,1,32,0,19.67530830885589,0
20250721_074445_591,19,17,17,-21.8,19.67530830885589,0.09116005897521973,0.0038785934448242188,17,17,YOLO,1,32,0,19.67530830885589,0
20250721_074445_689,19,17,17,-21.8,19.67530830885589,0.08640933036804199,0.004250288009643555,17,17,YOLO,1,32,0,19.67530830885589,0
20250721_074445_783,19,17,17,-21.8,19.67530830885589,0.08454608917236328,0.004214048385620117,17,17,YOLO,1,32,0,19.67530830885589,0
20250721_074445_875,19,17,17,-21.8,19.67530830885589,0.08844208717346191,0.0039784908294677734,17,17,YOLO,1,32,0,19.67530830885589,0
20250721_074445_970,19,17,17,-21.8,19.67530830885589,0.09815406799316406,0.004205226898193359,17,17,YOLO,1,32,0,19.67530830885589,0
20250721_074446_075,19,17,17,-21.8,19.67530830885589,0.08223080635070801,0.00391840934753418,17,17,YOLO,1,32,0,19.67530830885589,0
20250721_074446_164,19,17,17,-21.8,19.67530830885589,0.0861809253692627,0.003980398178100586,17,17,YOLO,1,32,0,19.67530830885589,0
20250721_074446_258,19,17,17,-21.8,19.67530830885589,0.08701634407043457,0.004248619079589844,17,17,YOLO,1,32,0,19.67530830885589,0
20250721_074446_352,19,17,17,-21.8,19.67530830885589,0.0939638614654541,0.0038924217224121094,17,17,YOLO,1,32,0,19.67530830885589,0
20250721_074446_453,20,17,17,-21.8,17.862160541463012,0.08866572380065918,0.010817766189575195,17,16,NeighborSearch,2,32,0,20.088047298886963,-1
20250721_074446_555,20,17,17,-21.8,17.862160541463012,0.08136439323425293,0.010438680648803711,17,16,NeighborSearch,2,32,0,20.088047298886963,-1
20250721_074446_650,20,16,16,-23.2,20.088047298886963,0.10080814361572266,0.004227161407470703,16,16,YOLO,1,32,0,20.088047298886963,0
20250721_074446_758,20,16,16,-23.2,20.088047298886963,0.08640575408935547,0.003838062286376953,16,16,YOLO,1,32,0,20.088047298886963,0
20250721_074446_851,20,16,16,-23.2,20.088047298886963,0.08826661109924316,0.0038940906524658203,16,16,YOLO,1,32,0,20.088047298886963,0
20250721_074446_947,20,16,16,-23.2,20.088047298886963,0.09003806114196777,0.004033088684082031,16,16,YOLO,1,32,0,20.088047298886963,0
20250721_074447_044,20,16,16,-23.2,20.088047298886963,0.0963599681854248,0.004255056381225586,16,16,YOLO,1,32,0,20.088047298886963,0
20250721_074447_147,20,16,16,-23.2,20.088047298886963,0.08289289474487305,0.004179477691650391,16,16,YOLO,1,32,0,20.088047298886963,0
20250721_074447_237,20,16,16,-23.2,20.088047298886963,0.08598613739013672,0.0025701522827148438,16,16,YOLO,1,32,0,20.088047298886963,0
20250721_074447_327,20,16,16,-23.2,20.088047298886963,0.09069037437438965,0.0039055347442626953,16,16,YOLO,1,32,0,20.088047298886963,0
20250721_074447_425,20,16,16,-23.2,20.088047298886963,0.09190750122070312,0.003980398178100586,16,16,YOLO,1,32,0,20.088047298886963,0
20250721_074447_523,20,16,16,-23.2,20.088047298886963,0.08369803428649902,0.0041790008544921875,16,16,YOLO,1,32,0,20.088047298886963,0
20250721_074447_614,20,16,16,-23.2,20.088047298886963,0.08149528503417969,0.004238605499267578,16,16,YOLO,1,32,0,20.088047298886963,0
20250721_074447_703,20,16,16,-23.2,20.088047298886963,0.08849859237670898,0.004273891448974609,16,16,YOLO,1,32,0,20.088047298886963,0
20250721_074447_799,20,16,16,-23.2,20.088047298886963,0.09962725639343262,0.0042574405670166016,16,16,YOLO,1,32,0,20.088047298886963,0
20250721_074447_906,20,16,16,-23.2,20.088047298886963,0.09264302253723145,0.004156827926635742,16,16,YOLO,1,32,0,20.088047298886963,0
20250721_074448_005,20,16,16,-23.2,20.088047298886963,0.08687162399291992,0.004865407943725586,16,16,YOLO,1,32,0,20.088047298886963,0
20250721_074448_100,20,16,16,-23.2,20.088047298886963,0.10415911674499512,0.004373788833618164,16,16,YOLO,1,32,0,20.088047298886963,0
20250721_074448_212,20,16,16,-23.2,20.088047298886963,0.09477519989013672,0.004300832748413086,16,16,YOLO,1,32,0,20.088047298886963,0
20250721_074448_314,20,16,16,-23.2,20.088047298886963,0.09129166603088379,0.004244804382324219,16,16,YOLO,1,32,0,20.088047298886963,0
20250721_074448_412,21,16,16,-23.2,19.851631620286483,0.08854842185974121,0.0038819313049316406,16,16,YOLO,1,32,0,19.851631620286483,0
20250721_074448_508,21,16,16,-23.2,19.851631620286483,0.09494304656982422,0.003946542739868164,16,16,YOLO,1,32,0,19.851631620286483,0
20250721_074448_610,21,15,15,-24.7,20.7983692797678,0.08859801292419434,0.004052877426147461,15,15,YOLO,1,32,0,20.7983692797678,0
20250721_074448_705,21,15,15,-24.7,20.7983692797678,0.08410406112670898,0.004247426986694336,15,15,YOLO,1,32,0,20.7983692797678,0
20250721_074448_796,21,15,15,-24.7,20.7983692797678,0.0927591323852539,0.00430750846862793,15,15,YOLO,1,32,0,20.7983692797678,0
20250721_074448_897,21,15,15,-24.7,20.7983692797678,0.09429454803466797,0.0041654109954833984,15,15,YOLO,1,32,0,20.7983692797678,0
20250721_074448_998,21,15,15,-24.7,20.7983692797678,0.08245730400085449,0.004303455352783203,15,15,YOLO,1,32,0,20.7983692797678,0
20250721_074449_088,21,15,15,-24.7,20.7983692797678,0.08621001243591309,0.0041811466217041016,15,15,YOLO,1,32,0,20.7983692797678,0
20250721_074449_181,21,15,15,-24.7,20.7983692797678,0.08771109580993652,0.0039310455322265625,15,15,YOLO,1,32,0,20.7983692797678,0
20250721_074449_276,21,15,15,-24.7,20.7983692797678,0.0934441089630127,0.00424957275390625,15,15,YOLO,1,32,0,20.7983692797678,0
20250721_074449_377,21,15,15,-24.7,20.7983692797678,0.09022998809814453,0.004181861877441406,15,15,YOLO,1,32,0,20.7983692797678,0
20250721_074449_474,21,15,15,-24.7,20.7983692797678,0.08431529998779297,0.0041751861572265625,15,15,YOLO,1,32,0,20.7983692797678,0
20250721_074449_566,21,15,15,-24.7,20.7983692797678,0.08473968505859375,0.003983974456787109,15,15,YOLO,1,32,0,20.7983692797678,0
20250721_074449_657,21,15,15,-24.7,20.7983692797678,0.09239578247070312,0.004312038421630859,15,15,YOLO,1,32,0,20.7983692797678,0
20250721_074449_757,21,15,15,-24.7,20.7983692797678,0.10055255889892578,0.00419926643371582,15,15,YOLO,1,32,0,20.7983692797678,0
20250721_074449_865,21,15,15,-24.7,20.7983692797678,0.09082674980163574,0.003988981246948242,15,15,YOLO,1,32,0,20.7983692797678,0
20250721_074449_962,21,15,15,-24.7,20.7983692797678,0.09083271026611328,0.003942012786865234,15,15,YOLO,1,32,0,20.7983692797678,0
20250721_074450_060,21,15,15,-24.7,20.7983692797678,0.09421253204345703,0.004095792770385742,15,15,YOLO,1,32,0,20.7983692797678,0
20250721_074450_161,21,15,15,-24.7,20.7983692797678,0.09080696105957031,0.004018545150756836,15,15,YOLO,1,32,0,20.7983692797678,0
20250721_074450_259,21,15,15,-24.7,20.7983692797678,0.09873557090759277,0.004397392272949219,15,15,YOLO,1,32,0,20.7983692797678,0
20250721_074450_366,21,15,15,-24.7,20.7983692797678,0.08360171318054199,0.003943204879760742,15,15,YOLO,1,32,0,20.7983692797678,0
20250721_074450_456,22,15,15,-24.7,20.29141674566685,0.08794689178466797,0.004033327102661133,15,15,YOLO,1,32,0,20.29141674566685,0
20250721_074450_551,22,15,15,-24.7,20.29141674566685,0.09694695472717285,0.004155635833740234,15,15,YOLO,1,32,0,20.29141674566685,0
20250721_074450_655,22,14,14,-26.1,20.07114294452927,0.09673857688903809,0.004254817962646484,14,14,YOLO,1,32,0,20.07114294452927,0
20250721_074450_759,22,14,14,-26.1,20.07114294452927,0.09241342544555664,0.004227399826049805,14,14,YOLO,1,32,0,20.07114294452927,0
20250721_074450_859,22,14,14,-26.1,20.07114294452927,0.09499931335449219,0.004227876663208008,14,14,YOLO,1,32,0,20.07114294452927,0
20250721_074450_961,22,14,14,-26.1,20.07114294452927,0.0911865234375,0.004006385803222656,14,14,YOLO,1,32,0,20.07114294452927,0
20250721_074451_059,22,14,14,-26.1,20.07114294452927,0.0864706039428711,0.0044841766357421875,14,14,YOLO,1,32,0,20.07114294452927,0
20250721_074451_153,22,14,14,-26.1,20.07114294452927,0.09992003440856934,0.00412440299987793,14,14,YOLO,1,32,0,20.07114294452927,0
20250721_074451_260,22,15,15,-24.7,20.29141674566685,0.09300494194030762,0.004332304000854492,15,15,YOLO,1,32,0,20.29141674566685,0
20250721_074451_361,22,15,15,-24.7,20.29141674566685,0.08789587020874023,0.00391840934753418,15,15,YOLO,1,32,0,20.29141674566685,0
20250721_074451_456,22,15,15,-24.7,20.29141674566685,0.0975499153137207,0.00418543815612793,15,15,YOLO,1,32,0,20.29141674566685,0
20250721_074451_560,22,15,15,-24.7,20.29141674566685,0.0884859561920166,0.0038874149322509766,15,15,YOLO,1,32,0,20.29141674566685,0
20250721_074451_656,22,15,15,-24.7,20.29141674566685,0.10490584373474121,0.0042378902435302734,15,15,YOLO,1,32,0,20.29141674566685,0
20250721_074451_768,22,15,15,-24.7,20.29141674566685,0.09406757354736328,0.0035958290100097656,15,15,YOLO,1,32,0,20.29141674566685,0
20250721_074451_868,22,15,15,-24.7,20.29141674566685,0.08400368690490723,0.004109382629394531,15,15,YOLO,1,32,0,20.29141674566685,0
20250721_074451_959,22,15,15,-24.7,20.29141674566685,0.09077167510986328,0.0039031505584716797,15,15,YOLO,1,32,0,20.29141674566685,0
20250721_074452_057,22,15,15,-24.7,20.29141674566685,0.09552836418151855,0.0038967132568359375,15,15,YOLO,1,32,0,20.29141674566685,0
20250721_074452_159,22,15,15,-24.7,20.29141674566685,0.09350824356079102,0.004157543182373047,15,15,YOLO,1,32,0,20.29141674566685,0
20250721_074452_260,22,15,15,-24.7,20.29141674566685,0.09078693389892578,0.00410914421081543,15,15,YOLO,1,32,0,20.29141674566685,0
20250721_074452_358,22,15,15,-24.7,20.29141674566685,0.09446525573730469,0.0040361881256103516,15,15,YOLO,1,32,0,20.29141674566685,0
20250721_074452_459,23,15,15,-24.7,19.60505411203242,0.09255862236022949,0.004204750061035156,15,15,YOLO,1,32,0,19.60505411203242,0
20250721_074452_559,23,14,14,-26.1,19.76107036790276,0.09522342681884766,0.0038683414459228516,14,14,YOLO,1,32,0,19.76107036790276,0
20250721_074452_661,23,14,14,-26.1,19.76107036790276,0.09133362770080566,0.00421595573425293,14,14,YOLO,1,32,0,19.76107036790276,0
20250721_074452_760,23,14,14,-26.1,19.76107036790276,0.08721446990966797,0.003885030746459961,14,14,YOLO,1,32,0,19.76107036790276,0
20250721_074452_854,23,14,14,-26.1,19.76107036790276,0.08804154396057129,0.0038924217224121094,14,14,YOLO,1,32,0,19.76107036790276,0
20250721_074452_949,23,14,14,-26.1,19.76107036790276,0.0928657054901123,0.003871917724609375,14,14,YOLO,1,32,0,19.76107036790276,0
20250721_074453_049,23,14,14,-26.1,19.76107036790276,0.09168457984924316,0.004277944564819336,14,14,YOLO,1,32,0,19.76107036790276,0
20250721_074453_148,23,14,14,-26.1,19.76107036790276,0.08687376976013184,0.004368782043457031,14,14,YOLO,1,32,0,19.76107036790276,0
20250721_074453_242,23,14,14,-26.1,19.76107036790276,0.0899055004119873,0.003902912139892578,14,14,YOLO,1,32,0,19.76107036790276,0
20250721_074453_339,23,14,14,-26.1,19.76107036790276,0.0951545238494873,0.003995418548583984,14,14,YOLO,1,32,0,19.76107036790276,0
20250721_074453_441,23,14,14,-26.1,19.76107036790276,0.0901651382446289,0.004168987274169922,14,14,YOLO,1,32,0,19.76107036790276,0
20250721_074453_538,23,14,14,-26.1,19.76107036790276,0.09498739242553711,0.004120588302612305,14,14,YOLO,1,32,0,19.76107036790276,0
20250721_074453_640,23,14,14,-26.1,19.76107036790276,0.08846688270568848,0.0042438507080078125,14,14,YOLO,1,32,0,19.76107036790276,0
20250721_074453_736,23,14,14,-26.1,19.76107036790276,0.09192419052124023,0.004271507263183594,14,14,YOLO,1,32,0,19.76107036790276,0
20250721_074453_835,23,14,14,-26.1,19.76107036790276,0.0815887451171875,0.004153251647949219,14,14,YOLO,1,32,0,19.76107036790276,0
20250721_074453_924,23,14,14,-26.1,19.76107036790276,0.09461641311645508,0.004148006439208984,14,14,YOLO,1,32,0,19.76107036790276,0
20250721_074454_025,23,14,14,-26.1,19.76107036790276,0.08027911186218262,0.004068851470947266,14,14,YOLO,1,32,0,19.76107036790276,0
20250721_074454_113,23,14,14,-26.1,19.76107036790276,0.07875394821166992,0.004267454147338867,14,14,YOLO,1,32,0,19.76107036790276,0
20250721_074454_199,23,14,14,-26.1,19.76107036790276,0.09211063385009766,0.003962039947509766,14,14,YOLO,1,32,0,19.76107036790276,0
20250721_074454_298,23,14,14,-26.1,19.76107036790276,0.08900332450866699,0.004369974136352539,14,14,YOLO,1,32,0,19.76107036790276,0
20250721_074454_394,24,14,14,-26.1,19.120982406018896,0.08993315696716309,0.004221439361572266,14,14,YOLO,1,32,0,19.120982406018896,0
20250721_074454_491,24,14,14,-26.1,19.120982406018896,0.09669137001037598,0.00427699089050293,14,14,YOLO,1,32,0,19.120982406018896,0
20250721_074454_595,24,14,14,-26.1,19.120982406018896,0.08925366401672363,0.0039052963256835938,14,14,YOLO,1,32,0,19.120982406018896,0
20250721_074454_692,24,13,13,-27.6,20.08976839885321,0.0926206111907959,0.004220724105834961,13,13,YOLO,1,32,0,20.08976839885321,0
20250721_074454_792,24,13,13,-27.6,20.08976839885321,0.09295105934143066,0.004286766052246094,13,13,YOLO,1,32,0,20.08976839885321,0
20250721_074454_892,24,13,13,-27.6,20.08976839885321,0.09422588348388672,0.00409388542175293,13,13,YOLO,1,32,0,20.08976839885321,0
20250721_074454_993,24,13,13,-27.6,20.08976839885321,0.0901484489440918,0.004082441329956055,13,13,YOLO,1,32,0,20.08976839885321,0
20250721_074455_090,24,13,13,-27.6,20.08976839885321,0.08945393562316895,0.0038945674896240234,13,13,YOLO,1,32,0,20.08976839885321,0
20250721_074455_187,24,14,14,-26.1,19.120982406018896,0.09230279922485352,0.0039031505584716797,14,14,YOLO,1,32,0,19.120982406018896,0
20250721_074455_286,24,14,14,-26.1,19.120982406018896,0.09228944778442383,0.004258632659912109,14,14,YOLO,1,32,0,19.120982406018896,0
20250721_074455_386,24,14,14,-26.1,19.120982406018896,0.0977180004119873,0.0041120052337646484,14,14,YOLO,1,32,0,19.120982406018896,0
20250721_074455_490,24,14,14,-26.1,19.120982406018896,0.0958867073059082,0.004291057586669922,14,14,YOLO,1,32,0,19.120982406018896,0
20250721_074455_594,24,14,14,-26.1,19.120982406018896,0.08861517906188965,0.004330158233642578,14,14,YOLO,1,32,0,19.120982406018896,0
20250721_074455_690,24,14,14,-26.1,19.120982406018896,0.09446310997009277,0.0042417049407958984,14,14,YOLO,1,32,0,19.120982406018896,0
20250721_074455_791,24,14,14,-26.1,19.120982406018896,0.08576750755310059,0.002058744430541992,14,14,YOLO,1,32,0,19.120982406018896,0
20250721_074455_881,24,14,14,-26.1,19.120982406018896,0.08754873275756836,0.0033371448516845703,14,14,YOLO,1,32,0,19.120982406018896,0
20250721_074455_974,24,14,14,-26.1,19.120982406018896,0.09047722816467285,0.004111766815185547,14,14,YOLO,1,32,0,19.120982406018896,0
20250721_074456_072,24,14,14,-26.1,19.120982406018896,0.09312176704406738,0.004225730895996094,14,14,YOLO,1,32,0,19.120982406018896,0
20250721_074456_172,24,14,14,-26.1,19.120982406018896,0.08897852897644043,0.00371551513671875,14,14,YOLO,1,32,0,19.120982406018896,0
20250721_074456_267,24,14,14,-26.1,19.120982406018896,0.08321523666381836,0.004216670989990234,14,14,YOLO,1,32,0,19.120982406018896,0
20250721_074456_358,24,14,14,-26.1,19.120982406018896,0.09401249885559082,0.003821849822998047,14,14,YOLO,1,32,0,19.120982406018896,0
20250721_074456_458,25,14,14,-26.1,18.270898669035788,0.10102415084838867,0.012074708938598633,14,13,NeighborSearch,2,32,0,20.0871994906648,-1
20250721_074456_574,25,NO_RADIO,14,-26.1,18.270898669035788,0.08227157592773438,0.004253387451171875,14,,CenterFallback,1,32,0,,
20250721_074456_663,25,NO_RADIO,14,-26.1,18.270898669035788,0.09567785263061523,0.0043408870697021484,14,,CenterFallback,1,32,0,,
20250721_074456_766,25,NO_RADIO,14,-26.1,18.270898669035788,0.08559560775756836,0.004122257232666016,14,,CenterFallback,1,32,0,,
20250721_074456_859,25,NO_RADIO,14,-26.1,18.270898669035788,0.0824897289276123,0.0018291473388671875,14,,CenterFallback,1,32,0,,
20250721_074456_945,25,NO_RADIO,14,-26.1,18.270898669035788,0.08574843406677246,0.004326820373535156,14,,CenterFallback,1,32,0,,
20250721_074457_038,25,NO_RADIO,14,-26.1,18.270898669035788,0.09369874000549316,0.004339456558227539,14,,CenterFallback,1,32,0,,
20250721_074457_139,25,NO_RADIO,14,-26.1,18.270898669035788,0.0875849723815918,0.0043218135833740234,14,,CenterFallback,1,32,0,,
20250721_074457_234,25,NO_RADIO,14,-26.1,18.270898669035788,0.08397769927978516,0.004342555999755859,14,,CenterFallback,1,32,0,,
20250721_074457_325,25,NO_RADIO,14,-26.1,18.270898669035788,0.08285236358642578,0.004060029983520508,14,,CenterFallback,1,32,0,,
20250721_074457_415,25,NO_RADIO,14,-26.1,18.270898669035788,0.08584380149841309,0.004374027252197266,14,,CenterFallback,1,32,0,,
20250721_074457_508,25,NO_RADIO,14,-26.1,18.270898669035788,0.0940711498260498,0.004171133041381836,14,,CenterFallback,1,32,0,,
20250721_074457_609,25,NO_RADIO,14,-26.1,18.270898669035788,0.08629536628723145,0.0039365291595458984,14,,CenterFallback,1,32,0,,
20250721_074457_702,25,NO_RADIO,14,-26.1,18.270898669035788,0.08496642112731934,0.004010677337646484,14,,CenterFallback,1,32,0,,
20250721_074457_794,25,NO_RADIO,14,-26.1,18.270898669035788,0.0875401496887207,0.004281520843505859,14,,CenterFallback,1,32,0,,
20250721_074457_889,25,NO_RADIO,14,-26.1,18.270898669035788,0.0827326774597168,0.003934383392333984,14,,CenterFallback,1,32,0,,
20250721_074457_979,25,NO_RADIO,14,-26.1,18.270898669035788,0.09304642677307129,0.00394439697265625,14,,CenterFallback,1,32,0,,
20250721_074458_079,25,NO_RADIO,14,-26.1,18.270898669035788,0.08613300323486328,0.004271030426025391,14,,CenterFallback,1,32,0,,
20250721_074458_172,25,NO_RADIO,14,-26.1,18.270898669035788,0.07966470718383789,0.004070758819580078,14,,CenterFallback,1,32,0,,
20250721_074458_259,25,NO_RADIO,14,-26.1,18.270898669035788,0.0911707878112793,0.004374504089355469,14,,CenterFallback,1,32,0,,
20250721_074458_357,25,NO_RADIO,14,-26.1,18.270898669035788,0.08554601669311523,0.003915548324584961,14,,CenterFallback,1,32,0,,
20250721_074458_450,26,NO_RADIO,14,-26.1,17.860958506485275,0.08396363258361816,0.004029989242553711,14,,CenterFallback,1,32,0,,
20250721_074458_541,26,NO_RADIO,14,-26.1,17.860958506485275,0.07984495162963867,0.0041234493255615234,14,,CenterFallback,1,32,0,,
20250721_074458_628,26,NO_RADIO,14,-26.1,17.860958506485275,0.089935302734375,0.0043408870697021484,14,,CenterFallback,1,32,0,,
20250721_074458_725,26,NO_RADIO,14,-26.1,17.860958506485275,0.0867013931274414,0.0043375492095947266,14,,CenterFallback,1,32,0,,
20250721_074458_819,26,NO_RADIO,14,-26.1,17.860958506485275,0.0908811092376709,0.004331827163696289,14,,CenterFallback,1,32,0,,
20250721_074458_917,26,NO_RADIO,14,-26.1,17.860958506485275,0.08492708206176758,0.00420832633972168,14,,CenterFallback,1,32,0,,
20250721_074459_009,26,NO_RADIO,14,-26.1,17.860958506485275,0.07973599433898926,0.003937721252441406,14,,CenterFallback,1,32,0,,
20250721_074459_096,26,NO_RADIO,14,-26.1,17.860958506485275,0.08916521072387695,0.0043408870697021484,14,,CenterFallback,1,32,0,,
20250721_074459_193,26,NO_RADIO,14,-26.1,17.860958506485275,0.08727192878723145,0.003957509994506836,14,,CenterFallback,1,32,0,,
20250721_074459_287,26,NO_RADIO,14,-26.1,17.860958506485275,0.09105730056762695,0.0043582916259765625,14,,CenterFallback,1,32,0,,
20250721_074459_386,26,NO_RADIO,14,-26.1,17.860958506485275,0.0839841365814209,0.0019979476928710938,14,,CenterFallback,1,32,0,,
20250721_074459_473,26,NO_RADIO,14,-26.1,17.860958506485275,0.08484745025634766,0.004162788391113281,14,,CenterFallback,1,32,0,,
20250721_074459_565,26,NO_RADIO,14,-26.1,17.860958506485275,0.08092308044433594,0.004468679428100586,14,,CenterFallback,1,32,0,,
20250721_074459_654,26,NO_RADIO,14,-26.1,17.860958506485275,0.0830078125,0.0044405460357666016,14,,CenterFallback,1,32,0,,
20250721_074459_745,26,NO_RADIO,14,-26.1,17.860958506485275,0.08551859855651855,0.004267692565917969,14,,CenterFallback,1,32,0,,
20250721_074459_837,26,NO_RADIO,14,-26.1,17.860958506485275,0.08975744247436523,0.004385948181152344,14,,CenterFallback,1,32,0,,
20250721_074459_934,26,NO_RADIO,14,-26.1,17.860958506485275,0.08623909950256348,0.004227161407470703,14,,CenterFallback,1,32,0,,
20250721_074500_028,26,NO_RADIO,14,-26.1,17.860958506485275,0.0877838134765625,0.0020253658294677734,14,,CenterFallback,1,32,0,,
20250721_074500_119,26,NO_RADIO,14,-26.1,17.860958506485275,0.08452415466308594,0.0040013790130615234,14,,CenterFallback,1,32,0,,
20250721_074500_208,26,NO_RADIO,14,-26.1,17.860958506485275,0.084197998046875,0.003998279571533203,14,,CenterFallback,1,32,0,,
20250721_074500_299,26,NO_RADIO,14,-26.1,17.860958506485275,0.09005022048950195,0.004036664962768555,14,,CenterFallback,1,32,0,,
20250721_074500_396,27,NO_RADIO,14,-26.1,16.15918003287075,0.08550715446472168,0.004183769226074219,14,,CenterFallback,1,32,0,,
20250721_074500_488,27,NO_RADIO,14,-26.1,16.15918003287075,0.08206367492675781,0.0039713382720947266,14,,CenterFallback,1,32,0,,
20250721_074500_577,27,NO_RADIO,14,-26.1,16.15918003287075,0.08890700340270996,0.004100322723388672,14,,CenterFallback,1,32,0,,
20250721_074500_673,27,NO_RADIO,14,-26.1,16.15918003287075,0.0815272331237793,0.0039052963256835938,14,,CenterFallback,1,32,0,,
20250721_074500_762,27,NO_RADIO,14,-26.1,16.15918003287075,0.09411215782165527,0.002002239227294922,14,,CenterFallback,1,32,0,,
20250721_074500_859,27,NO_RADIO,14,-26.1,16.15918003287075,0.0861501693725586,0.002077817916870117,14,,CenterFallback,1,32,0,,
20250721_074500_949,27,NO_RADIO,14,-26.1,16.15918003287075,0.08030915260314941,0.0020079612731933594,14,,CenterFallback,1,32,0,,
20250721_074501_032,27,NO_RADIO,14,-26.1,16.15918003287075,0.08960747718811035,0.002020597457885742,14,,CenterFallback,1,32,0,,
20250721_074501_125,27,NO_RADIO,14,-26.1,16.15918003287075,0.08482503890991211,0.002035856246948242,14,,CenterFallback,1,32,0,,
20250721_074501_213,27,NO_RADIO,14,-26.1,16.15918003287075,0.09089279174804688,0.0019826889038085938,14,,CenterFallback,1,32,0,,
20250721_074501_307,27,NO_RADIO,14,-26.1,16.15918003287075,0.07993388175964355,0.0020325183868408203,14,,CenterFallback,1,32,0,,
20250721_074501_390,27,NO_RADIO,14,-26.1,16.15918003287075,0.08766388893127441,0.002008676528930664,14,,CenterFallback,1,32,0,,
20250721_074501_481,27,NO_RADIO,14,-26.1,16.15918003287075,0.09171628952026367,0.0020117759704589844,14,,CenterFallback,1,32,0,,
20250721_074501_576,27,NO_RADIO,14,-26.1,16.15918003287075,0.08471298217773438,0.002027750015258789,14,,CenterFallback,1,32,0,,
20250721_074501_664,27,NO_RADIO,14,-26.1,16.15918003287075,0.08585572242736816,0.0020859241485595703,14,,CenterFallback,1,32,0,,
20250721_074501_753,27,NO_RADIO,14,-26.1,16.15918003287075,0.08665299415588379,0.0020503997802734375,14,,CenterFallback,1,32,0,,
20250721_074501_843,27,NO_RADIO,14,-26.1,16.15918003287075,0.08727598190307617,0.0020241737365722656,14,,CenterFallback,1,32,0,,
20250721_074501_934,27,NO_RADIO,14,-26.1,16.15918003287075,0.08002877235412598,0.0020132064819335938,14,,CenterFallback,1,32,0,,
20250721_074502_017,27,NO_RADIO,14,-26.1,16.15918003287075,0.08258390426635742,0.0020875930786132812,14,,CenterFallback,1,32,0,,
20250721_074502_103,27,NO_RADIO,14,-26.1,16.15918003287075,0.09208798408508301,0.0019969940185546875,14,,CenterFallback,1,32,0,,
20250721_074502_198,27,NO_RADIO,14,-26.1,16.15918003287075,0.09619617462158203,0.0020308494567871094,14,,CenterFallback,1,32,0,,
20250721_074502_298,27,NO_RADIO,14,-26.1,16.15918003287075,0.08994793891906738,0.003996133804321289,14,,CenterFallback,1,32,0,,
20250721_074502_395,28,NO_RADIO,14,-26.1,13.554533911941974,0.09811520576477051,0.003919124603271484,14,,CenterFallback,1,32,0,,
20250721_074502_500,28,NO_RADIO,14,-26.1,13.554533911941974,0.09192538261413574,0.0043642520904541016,14,,CenterFallback,1,32,0,,
20250721_074502_599,28,NO_RADIO,14,-26.1,13.554533911941974,0.08850812911987305,0.004244565963745117,14,,CenterFallback,1,32,0,,
20250721_074502_695,28,NO_RADIO,14,-26.1,13.554533911941974,0.09164047241210938,0.003913402557373047,14,,CenterFallback,1,32,0,,
20250721_074502_793,28,NO_RADIO,14,-26.1,13.554533911941974,0.08820247650146484,0.0040209293365478516,14,,CenterFallback,1,32,0,,
20250721_074502_888,28,NO_RADIO,14,-26.1,13.554533911941974,0.0926198959350586,0.0039484500885009766,14,,CenterFallback,1,32,0,,
20250721_074502_988,28,NO_RADIO,14,-26.1,13.554533911941974,0.09735321998596191,0.0039196014404296875,14,,CenterFallback,1,32,0,,
20250721_074503_092,28,NO_RADIO,14,-26.1,13.554533911941974,0.07974958419799805,0.003998279571533203,14,,CenterFallback,1,32,0,,
20250721_074503_179,28,NO_RADIO,14,-26.1,13.554533911941974,0.08888030052185059,0.0020542144775390625,14,,CenterFallback,1,32,0,,
20250721_074503_271,28,NO_RADIO,14,-26.1,13.554533911941974,0.08629608154296875,0.002008199691772461,14,,CenterFallback,1,32,0,,
20250721_074503_361,28,NO_RADIO,14,-26.1,13.554533911941974,0.09355592727661133,0.001983642578125,14,,CenterFallback,1,32,0,,
20250721_074503_457,28,NO_RADIO,14,-26.1,13.554533911941974,0.08290791511535645,0.001996278762817383,14,,CenterFallback,1,32,0,,
20250721_074503_543,28,NO_RADIO,14,-26.1,13.554533911941974,0.08498001098632812,0.00205230712890625,14,,CenterFallback,1,32,0,,
20250721_074503_632,28,NO_RADIO,14,-26.1,13.554533911941974,0.0966026782989502,0.0020532608032226562,14,,CenterFallback,1,32,0,,
20250721_074503_732,28,NO_RADIO,14,-26.1,13.554533911941974,0.08550262451171875,0.0020318031311035156,14,,CenterFallback,1,32,0,,
20250721_074503_821,28,NO_RADIO,14,-26.1,13.554533911941974,0.08820390701293945,0.004175662994384766,14,,CenterFallback,1,32,0,,
20250721_074503_916,28,NO_RADIO,14,-26.1,13.554533911941974,0.08683109283447266,0.0045969486236572266,14,,CenterFallback,1,32,0,,
20250721_074504_010,28,NO_RADIO,14,-26.1,13.554533911941974,0.09166860580444336,0.003942728042602539,14,,CenterFallback,1,32,0,,
20250721_074504_109,28,NO_RADIO,14,-26.1,13.554533911941974,0.08655476570129395,0.004289388656616211,14,,CenterFallback,1,32,0,,
20250721_074504_203,28,NO_RADIO,14,-26.1,13.554533911941974,0.08562660217285156,0.0040438175201416016,14,,CenterFallback,1,32,0,,
20250721_074504_295,28,NO_RADIO,14,-26.1,13.554533911941974,0.08909177780151367,0.004948139190673828,14,,CenterFallback,1,32,0,,
20250721_074504_392,29,NO_RADIO,14,-26.1,13.350203394437289,0.07936429977416992,0.0039403438568115234,14,,CenterFallback,1,32,0,,
20250721_074504_479,29,NO_RADIO,14,-26.1,13.350203394437289,0.07792830467224121,0.0042536258697509766,14,,CenterFallback,1,32,0,,
20250721_074504_564,29,NO_RADIO,14,-26.1,13.350203394437289,0.08810067176818848,0.004251956939697266,14,,CenterFallback,1,32,0,,
20250721_074504_659,29,NO_RADIO,14,-26.1,13.350203394437289,0.08556318283081055,0.004342794418334961,14,,CenterFallback,1,32,0,,
20250721_074504_752,29,NO_RADIO,14,-26.1,13.350203394437289,0.08721756935119629,0.004299640655517578,14,,CenterFallback,1,32,0,,
20250721_074504_847,29,NO_RADIO,14,-26.1,13.350203394437289,0.08624053001403809,0.0038759708404541016,14,,CenterFallback,1,32,0,,
20250721_074504_940,29,NO_RADIO,14,-26.1,13.350203394437289,0.09388327598571777,0.004233360290527344,14,,CenterFallback,1,32,0,,
20250721_074505_041,29,NO_RADIO,14,-26.1,13.350203394437289,0.07911276817321777,0.004289388656616211,14,,CenterFallback,1,32,0,,
20250721_074505_128,29,NO_RADIO,14,-26.1,13.350203394437289,0.08443927764892578,0.004200458526611328,14,,CenterFallback,1,32,0,,
20250721_074505_219,29,NO_RADIO,14,-26.1,13.350203394437289,0.08356857299804688,0.003919363021850586,14,,CenterFallback,1,32,0,,
20250721_074505_309,29,NO_RADIO,14,-26.1,13.350203394437289,0.09236574172973633,0.0039958953857421875,14,,CenterFallback,1,32,0,,
20250721_074505_409,29,NO_RADIO,14,-26.1,13.350203394437289,0.0980079174041748,0.003912448883056641,14,,CenterFallback,1,32,0,,
20250721_074505_513,29,NO_RADIO,14,-26.1,13.350203394437289,0.09260702133178711,0.004339694976806641,14,,CenterFallback,1,32,0,,
20250721_074505_613,29,NO_RADIO,14,-26.1,13.350203394437289,0.08258867263793945,0.00414586067199707,14,,CenterFallback,1,32,0,,
20250721_074505_703,29,NO_RADIO,14,-26.1,13.350203394437289,0.08629488945007324,0.004277467727661133,14,,CenterFallback,1,32,0,,
20250721_074505_796,29,NO_RADIO,14,-26.1,13.350203394437289,0.08649945259094238,0.0040743350982666016,14,,CenterFallback,1,32,0,,
20250721_074505_890,29,NO_RADIO,14,-26.1,13.350203394437289,0.0950014591217041,0.004334211349487305,14,,CenterFallback,1,32,0,,
20250721_074505_992,29,NO_RADIO,14,-26.1,13.350203394437289,0.08294844627380371,0.003999471664428711,14,,CenterFallback,1,32,0,,
20250721_074506_082,29,NO_RADIO,14,-26.1,13.350203394437289,0.08371973037719727,0.0042874813079833984,14,,CenterFallback,1,32,0,,
20250721_074506_173,29,NO_RADIO,14,-26.1,13.350203394437289,0.0874323844909668,0.004228830337524414,14,,CenterFallback,1,32,0,,
20250721_074506_267,29,NO_RADIO,14,-26.1,13.350203394437289,0.09182333946228027,0.0041882991790771484,14,,CenterFallback,1,32,0,,
20250721_074506_366,29,NO_RADIO,14,-26.1,13.350203394437289,0.08891916275024414,0.004013538360595703,14,,CenterFallback,1,32,0,,
20250721_074506_462,30,NO_RADIO,14,-26.1,9.011818476696504,0.09085607528686523,0.004359006881713867,14,,CenterFallback,1,32,0,,
20250721_074506_560,30,NO_RADIO,14,-26.1,9.011818476696504,0.07187795639038086,0.00398707389831543,14,,CenterFallback,1,32,0,,
20250721_074506_639,30,NO_RADIO,14,-26.1,9.011818476696504,0.09459471702575684,0.004236698150634766,14,,CenterFallback,1,32,0,,
20250721_074506_740,30,NO_RADIO,14,-26.1,9.011818476696504,0.0821681022644043,0.004273414611816406,14,,CenterFallback,1,32,0,,
20250721_074506_830,30,NO_RADIO,14,-26.1,9.011818476696504,0.08122539520263672,0.004334688186645508,14,,CenterFallback,1,32,0,,
20250721_074506_918,30,NO_RADIO,14,-26.1,9.011818476696504,0.08885455131530762,0.0042417049407958984,14,,CenterFallback,1,32,0,,
20250721_074507_014,30,NO_RADIO,14,-26.1,9.011818476696504,0.12532877922058105,0.00437617301940918,14,,CenterFallback,1,32,0,,
20250721_074507_145,30,NO_RADIO,14,-26.1,9.011818476696504,0.0935213565826416,0.004217386245727539,14,,CenterFallback,1,32,0,,
20250721_074507_246,30,NO_RADIO,14,-26.1,9.011818476696504,0.08886003494262695,0.004321098327636719,14,,CenterFallback,1,32,0,,
20250721_074507_342,30,NO_RADIO,14,-26.1,9.011818476696504,0.08824348449707031,0.004178524017333984,14,,CenterFallback,1,32,0,,
20250721_074507_438,30,NO_RADIO,14,-26.1,9.011818476696504,0.09398007392883301,0.0041043758392333984,14,,CenterFallback,1,32,0,,
20250721_074507_538,30,NO_RADIO,14,-26.1,9.011818476696504,0.09362411499023438,0.003962993621826172,14,,CenterFallback,1,32,0,,
20250721_074507_638,30,NO_RADIO,14,-26.1,9.011818476696504,0.09151697158813477,0.004275321960449219,14,,CenterFallback,1,32,0,,
20250721_074507_737,30,NO_RADIO,14,-26.1,9.011818476696504,0.08333015441894531,0.004214048385620117,14,,CenterFallback,1,32,0,,
20250721_074507_828,30,NO_RADIO,14,-26.1,9.011818476696504,0.09560298919677734,0.003958702087402344,14,,CenterFallback,1,32,0,,
20250721_074507_930,30,NO_RADIO,14,-26.1,9.011818476696504,0.08955264091491699,0.004313230514526367,14,,CenterFallback,1,32,0,,
20250721_074508_027,30,NO_RADIO,14,-26.1,9.011818476696504,0.08226490020751953,0.0042150020599365234,14,,CenterFallback,1,32,0,,
20250721_074508_116,30,NO_RADIO,14,-26.1,9.011818476696504,0.08985400199890137,0.004460811614990234,14,,CenterFallback,1,32,0,,
20250721_074508_214,30,NO_RADIO,14,-26.1,9.011818476696504,0.07996773719787598,0.003482818603515625,14,,CenterFallback,1,32,0,,
20250721_074508_299,30,NO_RADIO,14,-26.1,9.011818476696504,0.07769894599914551,0.003951549530029297,14,,CenterFallback,1,32,0,,
20250721_074508_384,31,NO_RADIO,14,-26.1,10.882601824295335,0.09508538246154785,0.003970623016357422,14,,CenterFallback,1,32,0,,
20250721_074508_486,31,NO_RADIO,14,-26.1,10.882601824295335,0.08349990844726562,0.003927946090698242,14,,CenterFallback,1,32,0,,
20250721_074508_576,31,NO_RADIO,14,-26.1,10.882601824295335,0.09696626663208008,0.004067182540893555,14,,CenterFallback,1,32,0,,
20250721_074508_680,31,NO_RADIO,14,-26.1,10.882601824295335,0.08718156814575195,0.0042459964752197266,14,,CenterFallback,1,32,0,,
20250721_074508_774,31,NO_RADIO,14,-26.1,10.882601824295335,0.08789801597595215,0.004378795623779297,14,,CenterFallback,1,32,0,,
20250721_074508_870,31,NO_RADIO,14,-26.1,10.882601824295335,0.09027671813964844,0.003937959671020508,14,,CenterFallback,1,32,0,,
20250721_074508_967,31,NO_RADIO,14,-26.1,10.882601824295335,0.09020185470581055,0.00431060791015625,14,,CenterFallback,1,32,0,,
20250721_074509_064,31,NO_RADIO,14,-26.1,10.882601824295335,0.08768177032470703,0.004265546798706055,14,,CenterFallback,1,32,0,,
20250721_074509_159,31,NO_RADIO,14,-26.1,10.882601824295335,0.0934743881225586,0.004269838333129883,14,,CenterFallback,1,32,0,,
20250721_074509_260,31,NO_RADIO,14,-26.1,10.882601824295335,0.09001708030700684,0.004393815994262695,14,,CenterFallback,1,32,0,,
20250721_074509_358,31,NO_RADIO,14,-26.1,10.882601824295335,0.0951230525970459,0.004324674606323242,14,,CenterFallback,1,32,0,,
20250721_074509_460,31,NO_RADIO,14,-26.1,10.882601824295335,0.09042835235595703,0.004075765609741211,14,,CenterFallback,1,32,0,,
20250721_074509_557,31,NO_RADIO,14,-26.1,10.882601824295335,0.09650588035583496,0.004067897796630859,14,,CenterFallback,1,32,0,,
20250721_074509_661,31,NO_RADIO,14,-26.1,10.882601824295335,0.08035588264465332,0.00417637825012207,14,,CenterFallback,1,32,0,,
20250721_074509_748,31,NO_RADIO,14,-26.1,10.882601824295335,0.09211516380310059,0.004285097122192383,14,,CenterFallback,1,32,0,,
20250721_074509_848,31,NO_RADIO,14,-26.1,10.882601824295335,0.09038972854614258,0.003908634185791016,14,,CenterFallback,1,32,0,,
20250721_074509_945,31,NO_RADIO,14,-26.1,10.882601824295335,0.0960397720336914,0.00446772575378418,14,,CenterFallback,1,32,0,,
20250721_074510_048,31,NO_RADIO,14,-26.1,10.882601824295335,0.09272980690002441,0.004375457763671875,14,,CenterFallback,1,32,0,,
20250721_074510_148,31,NO_RADIO,14,-26.1,10.882601824295335,0.08481812477111816,0.004155635833740234,14,,CenterFallback,1,32,0,,
20250721_074510_240,31,NO_RADIO,14,-26.1,10.882601824295335,0.08610343933105469,0.004198789596557617,14,,CenterFallback,1,32,0,,
20250721_074510_333,31,NO_RADIO,14,-26.1,10.882601824295335,0.08590435981750488,0.0041561126708984375,14,,CenterFallback,1,32,0,,
20250721_074510_426,32,NO_RADIO,14,-26.1,8.51688616559403,0.08077692985534668,0.004370927810668945,14,,CenterFallback,1,32,0,,
20250721_074510_514,32,NO_RADIO,14,-26.1,8.51688616559403,0.09071540832519531,0.004212141036987305,14,,CenterFallback,1,32,0,,
20250721_074510_612,32,NO_RADIO,14,-26.1,8.51688616559403,0.08749055862426758,0.003907442092895508,14,,CenterFallback,1,32,0,,
20250721_074510_707,32,NO_RADIO,14,-26.1,8.51688616559403,0.08055615425109863,0.003951549530029297,14,,CenterFallback,1,32,0,,
20250721_074510_794,32,NO_RADIO,14,-26.1,8.51688616559403,0.09096646308898926,0.0039331912994384766,14,,CenterFallback,1,32,0,,
20250721_074510_892,32,NO_RADIO,14,-26.1,8.51688616559403,0.0872797966003418,0.002051115036010742,14,,CenterFallback,1,32,0,,
20250721_074510_982,32,NO_RADIO,14,-26.1,8.51688616559403,0.08857321739196777,0.004133701324462891,14,,CenterFallback,1,32,0,,
20250721_074511_078,32,NO_RADIO,14,-26.1,8.51688616559403,0.08319783210754395,0.0043697357177734375,14,,CenterFallback,1,32,0,,
20250721_074511_168,32,NO_RADIO,14,-26.1,8.51688616559403,0.08790874481201172,0.003980159759521484,14,,CenterFallback,1,32,0,,
20250721_074511_263,32,NO_RADIO,14,-26.1,8.51688616559403,0.08311009407043457,0.004302263259887695,14,,CenterFallback,1,32,0,,
20250721_074511_354,32,NO_RADIO,14,-26.1,8.51688616559403,0.08291983604431152,0.004251718521118164,14,,CenterFallback,1,32,0,,
20250721_074511_444,32,NO_RADIO,14,-26.1,8.51688616559403,0.08714818954467773,0.003975629806518555,14,,CenterFallback,1,32,0,,
20250721_074511_538,32,NO_RADIO,14,-26.1,8.51688616559403,0.09276366233825684,0.004298210144042969,14,,CenterFallback,1,32,0,,
20250721_074511_638,32,NO_RADIO,14,-26.1,8.51688616559403,0.08134126663208008,0.003939390182495117,14,,CenterFallback,1,32,0,,
20250721_074511_726,32,NO_RADIO,14,-26.1,8.51688616559403,0.08659720420837402,0.004603147506713867,14,,CenterFallback,1,32,0,,
20250721_074511_820,32,NO_RADIO,14,-26.1,8.51688616559403,0.08858323097229004,0.0042073726654052734,14,,CenterFallback,1,32,0,,
20250721_074511_916,32,NO_RADIO,14,-26.1,8.51688616559403,0.09142732620239258,0.004068613052368164,14,,CenterFallback,1,32,0,,
20250721_074512_015,32,NO_RADIO,14,-26.1,8.51688616559403,0.08588981628417969,0.003985166549682617,14,,CenterFallback,1,32,0,,
20250721_074512_108,32,NO_RADIO,14,-26.1,8.51688616559403,0.09079360961914062,0.004274129867553711,14,,CenterFallback,1,32,0,,
20250721_074512_206,32,NO_RADIO,14,-26.1,8.51688616559403,0.08837008476257324,0.003965616226196289,14,,CenterFallback,1,32,0,,
20250721_074512_301,32,NO_RADIO,14,-26.1,8.51688616559403,0.0900413990020752,0.003960371017456055,14,,CenterFallback,1,32,0,,
20250721_074512_397,33,NO_RADIO,14,-26.1,8.1253970702504,0.08827090263366699,0.0038962364196777344,14,,CenterFallback,1,32,0,,
20250721_074512_492,33,NO_RADIO,14,-26.1,8.1253970702504,0.07884597778320312,0.0036907196044921875,14,,CenterFallback,1,32,0,,
20250721_074512_578,33,NO_RADIO,14,-26.1,8.1253970702504,0.08725237846374512,0.00404047966003418,14,,CenterFallback,1,32,0,,
20250721_074512_672,33,NO_RADIO,14,-26.1,8.1253970702504,0.08307766914367676,0.0043604373931884766,14,,CenterFallback,1,32,0,,
20250721_074512_762,33,NO_RADIO,14,-26.1,8.1253970702504,0.08840775489807129,0.00429081916809082,14,,CenterFallback,1,32,0,,
20250721_074512_858,33,NO_RADIO,14,-26.1,8.1253970702504,0.08603167533874512,0.0042209625244140625,14,,CenterFallback,1,32,0,,
20250721_074512_951,33,NO_RADIO,14,-26.1,8.1253970702504,0.09069943428039551,0.0042438507080078125,14,,CenterFallback,1,32,0,,
20250721_074513_049,33,NO_RADIO,14,-26.1,8.1253970702504,0.07921171188354492,0.0042264461517333984,14,,CenterFallback,1,32,0,,
20250721_074513_135,33,NO_RADIO,14,-26.1,8.1253970702504,0.08944344520568848,0.004458904266357422,14,,CenterFallback,1,32,0,,
20250721_074513_232,33,NO_RADIO,14,-26.1,8.1253970702504,0.08740878105163574,0.004472970962524414,14,,CenterFallback,1,32,0,,
20250721_074513_327,33,NO_RADIO,14,-26.1,8.1253970702504,0.09337329864501953,0.004431247711181641,14,,CenterFallback,1,32,0,,
20250721_074513_428,33,NO_RADIO,14,-26.1,8.1253970702504,0.09101605415344238,0.004266262054443359,14,,CenterFallback,1,32,0,,
20250721_074513_526,33,NO_RADIO,14,-26.1,8.1253970702504,0.08217835426330566,0.004413604736328125,14,,CenterFallback,1,32,0,,
20250721_074513_616,33,NO_RADIO,14,-26.1,8.1253970702504,0.08459019660949707,0.0044558048248291016,14,,CenterFallback,1,32,0,,
20250721_074513_708,33,NO_RADIO,14,-26.1,8.1253970702504,0.08376932144165039,0.0045092105865478516,14,,CenterFallback,1,32,0,,
20250721_074513_800,33,NO_RADIO,14,-26.1,8.1253970702504,0.09293198585510254,0.004408121109008789,14,,CenterFallback,1,32,0,,
20250721_074513_901,33,NO_RADIO,14,-26.1,8.1253970702504,0.07636785507202148,0.004389286041259766,14,,CenterFallback,1,32,0,,
20250721_074513_984,33,NO_RADIO,14,-26.1,8.1253970702504,0.08561015129089355,0.004380941390991211,14,,CenterFallback,1,32,0,,
20250721_074514_077,33,NO_RADIO,14,-26.1,8.1253970702504,0.0811300277709961,0.004445075988769531,14,,CenterFallback,1,32,0,,
20250721_074514_166,33,NO_RADIO,14,-26.1,8.1253970702504,0.0895535945892334,0.004482746124267578,14,,CenterFallback,1,32,0,,
20250721_074514_263,33,NO_RADIO,14,-26.1,8.1253970702504,0.0860598087310791,0.004556417465209961,14,,CenterFallback,1,32,0,,
20250721_074514_358,33,NO_RADIO,14,-26.1,8.1253970702504,0.08005857467651367,0.0043299198150634766,14,,CenterFallback,1,32,0,,
20250721_074514_445,34,NO_RADIO,14,-26.1,7.872495272513802,0.08374929428100586,0.003537893295288086,14,,CenterFallback,1,32,0,,
20250721_074514_535,34,NO_RADIO,14,-26.1,7.872495272513802,0.09279513359069824,0.004304170608520508,14,,CenterFallback,1,32,0,,
20250721_074514_635,34,NO_RADIO,14,-26.1,7.872495272513802,0.08831024169921875,0.004346132278442383,14,,CenterFallback,1,32,0,,
20250721_074514_731,34,NO_RADIO,14,-26.1,7.872495272513802,0.07992219924926758,0.004323244094848633,14,,CenterFallback,1,32,0,,
20250721_074514_818,34,NO_RADIO,14,-26.1,7.872495272513802,0.07828545570373535,0.004195213317871094,14,,CenterFallback,1,32,0,,
20250721_074514_904,34,NO_RADIO,14,-26.1,7.872495272513802,0.09080243110656738,0.004437923431396484,14,,CenterFallback,1,32,0,,
20250721_074515_002,34,NO_RADIO,14,-26.1,7.872495272513802,0.08946990966796875,0.004075288772583008,14,,CenterFallback,1,32,0,,
20250721_074515_099,34,NO_RADIO,14,-26.1,7.872495272513802,0.0863347053527832,0.004460334777832031,14,,CenterFallback,1,32,0,,
20250721_074515_193,34,NO_RADIO,14,-26.1,7.872495272513802,0.08259987831115723,0.004219532012939453,14,,CenterFallback,1,32,0,,
20250721_074515_283,34,NO_RADIO,14,-26.1,7.872495272513802,0.07356405258178711,0.0041046142578125,14,,CenterFallback,1,32,0,,
20250721_074515_363,34,NO_RADIO,14,-26.1,7.872495272513802,0.08113861083984375,0.004111528396606445,14,,CenterFallback,1,32,0,,
20250721_074515_451,34,NO_RADIO,14,-26.1,7.872495272513802,0.08890652656555176,0.0043337345123291016,14,,CenterFallback,1,32,0,,
20250721_074515_548,34,NO_RADIO,14,-26.1,7.872495272513802,0.08441424369812012,0.004235744476318359,14,,CenterFallback,1,32,0,,
20250721_074515_639,34,NO_RADIO,14,-26.1,7.872495272513802,0.07922077178955078,0.004173994064331055,14,,CenterFallback,1,32,0,,
20250721_074515_726,34,NO_RADIO,14,-26.1,7.872495272513802,0.08642792701721191,0.004268169403076172,14,,CenterFallback,1,32,0,,
20250721_074515_819,34,NO_RADIO,14,-26.1,7.872495272513802,0.08972907066345215,0.005057811737060547,14,,CenterFallback,1,32,0,,
20250721_074515_917,34,NO_RADIO,14,-26.1,7.872495272513802,0.07978940010070801,0.004381656646728516,14,,CenterFallback,1,32,0,,
20250721_074516_004,34,NO_RADIO,14,-26.1,7.872495272513802,0.07973432540893555,0.004088878631591797,14,,CenterFallback,1,32,0,,
20250721_074516_091,34,NO_RADIO,14,-26.1,7.872495272513802,0.080963134765625,0.0044214725494384766,14,,CenterFallback,1,32,0,,
20250721_074516_179,34,NO_RADIO,14,-26.1,7.872495272513802,0.08121609687805176,0.004395008087158203,14,,CenterFallback,1,32,0,,
20250721_074516_268,34,NO_RADIO,14,-26.1,7.872495272513802,0.07656288146972656,0.004455089569091797,14,,CenterFallback,1,32,0,,
20250721_074516_352,34,NO_RADIO,14,-26.1,7.872495272513802,0.08060526847839355,0.004526853561401367,14,,CenterFallback,1,32,0,,
20250721_074516_441,35,NO_RADIO,14,-26.1,7.876989138142946,0.08538222312927246,0.004388093948364258,14,,CenterFallback,1,32,0,,
20250721_074516_534,35,NO_RADIO,14,-26.1,7.876989138142946,0.07720303535461426,0.004430532455444336,14,,CenterFallback,1,32,0,,
20250721_074516_619,35,NO_RADIO,14,-26.1,7.876989138142946,0.07985782623291016,0.004089832305908203,14,,CenterFallback,1,32,0,,
20250721_074516_705,35,NO_RADIO,14,-26.1,7.876989138142946,0.08881235122680664,0.004431962966918945,14,,CenterFallback,1,32,0,,
20250721_074516_802,35,NO_RADIO,14,-26.1,7.876989138142946,0.08848381042480469,0.0040035247802734375,14,,CenterFallback,1,32,0,,
20250721_074516_897,35,NO_RADIO,14,-26.1,7.876989138142946,0.08405041694641113,0.004668235778808594,14,,CenterFallback,1,32,0,,
20250721_074516_989,35,NO_RADIO,14,-26.1,7.876989138142946,0.08192038536071777,0.004452228546142578,14,,CenterFallback,1,32,0,,
20250721_074517_079,35,NO_RADIO,14,-26.1,7.876989138142946,0.08270120620727539,0.00429534912109375,14,,CenterFallback,1,32,0,,
20250721_074517_169,35,NO_RADIO,14,-26.1,7.876989138142946,0.08738112449645996,0.004236698150634766,14,,CenterFallback,1,32,0,,
20250721_074517_263,35,NO_RADIO,14,-26.1,7.876989138142946,0.09415268898010254,0.004307270050048828,14,,CenterFallback,1,32,0,,
20250721_074517_365,35,NO_RADIO,14,-26.1,7.876989138142946,0.09062671661376953,0.00433039665222168,14,,CenterFallback,1,32,0,,
20250721_074517_462,35,NO_RADIO,14,-26.1,7.876989138142946,0.08473086357116699,0.004050254821777344,14,,CenterFallback,1,32,0,,
20250721_074517_554,35,NO_RADIO,14,-26.1,7.876989138142946,0.08318901062011719,0.003943681716918945,14,,CenterFallback,1,32,0,,
20250721_074517_644,35,NO_RADIO,14,-26.1,7.876989138142946,0.08632779121398926,0.004215717315673828,14,,CenterFallback,1,32,0,,
20250721_074517_738,35,NO_RADIO,14,-26.1,7.876989138142946,0.07934045791625977,0.004361629486083984,14,,CenterFallback,1,32,0,,
20250721_074517_824,35,NO_RADIO,14,-26.1,7.876989138142946,0.07500576972961426,0.004014730453491211,14,,CenterFallback,1,32,0,,
20250721_074517_906,35,NO_RADIO,14,-26.1,7.876989138142946,0.08633971214294434,0.00428009033203125,14,,CenterFallback,1,32,0,,
20250721_074518_000,35,NO_RADIO,14,-26.1,7.876989138142946,0.08063149452209473,0.004321575164794922,14,,CenterFallback,1,32,0,,
20250721_074518_088,35,NO_RADIO,14,-26.1,7.876989138142946,0.08732891082763672,0.004090070724487305,14,,CenterFallback,1,32,0,,
20250721_074518_182,35,NO_RADIO,14,-26.1,7.876989138142946,0.0807960033416748,0.00441431999206543,14,,CenterFallback,1,32,0,,
20250721_074518_270,35,NO_RADIO,14,-26.1,7.876989138142946,0.08744406700134277,0.004319667816162109,14,,CenterFallback,1,32,0,,
20250721_074518_365,35,NO_RADIO,14,-26.1,7.876989138142946,0.07994437217712402,0.0042917728424072266,14,,CenterFallback,1,32,0,,
20250721_074518_452,36,NO_RADIO,14,-26.1,7.740511436092206,0.08463335037231445,0.004227638244628906,14,,CenterFallback,1,32,0,,
20250721_074518_544,36,NO_RADIO,14,-26.1,7.740511436092206,0.08481955528259277,0.004051923751831055,14,,CenterFallback,1,32,0,,
20250721_074518_636,36,NO_RADIO,14,-26.1,7.740511436092206,0.09079265594482422,0.0043218135833740234,14,,CenterFallback,1,32,0,,
20250721_074518_734,36,NO_RADIO,14,-26.1,7.740511436092206,0.0918877124786377,0.004594564437866211,14,,CenterFallback,1,32,0,,
20250721_074518_834,36,NO_RADIO,14,-26.1,7.740511436092206,0.08797097206115723,0.004183769226074219,14,,CenterFallback,1,32,0,,
20250721_074518_929,36,NO_RADIO,14,-26.1,7.740511436092206,0.08514809608459473,0.0043659210205078125,14,,CenterFallback,1,32,0,,
20250721_074519_021,36,NO_RADIO,14,-26.1,7.740511436092206,0.08481001853942871,0.003942728042602539,14,,CenterFallback,1,32,0,,
20250721_074519_113,36,NO_RADIO,14,-26.1,7.740511436092206,0.08617305755615234,0.0042340755462646484,14,,CenterFallback,1,32,0,,
20250721_074519_206,36,NO_RADIO,14,-26.1,7.740511436092206,0.09109711647033691,0.004305362701416016,14,,CenterFallback,1,32,0,,
20250721_074519_305,36,NO_RADIO,14,-26.1,7.740511436092206,0.08286786079406738,0.0044476985931396484,14,,CenterFallback,1,32,0,,
20250721_074519_395,36,NO_RADIO,14,-26.1,7.740511436092206,0.07953643798828125,0.004251003265380859,14,,CenterFallback,1,32,0,,
20250721_074519_482,36,NO_RADIO,14,-26.1,7.740511436092206,0.08793902397155762,0.004037141799926758,14,,CenterFallback,1,32,0,,
20250721_074519_576,36,NO_RADIO,14,-26.1,7.740511436092206,0.08694887161254883,0.0042917728424072266,14,,CenterFallback,1,32,0,,
20250721_074519_671,36,NO_RADIO,14,-26.1,7.740511436092206,0.09743952751159668,0.004389762878417969,14,,CenterFallback,1,32,0,,
20250721_074519_776,36,NO_RADIO,14,-26.1,7.740511436092206,0.07953786849975586,0.00438237190246582,14,,CenterFallback,1,32,0,,
20250721_074519_863,36,NO_RADIO,14,-26.1,7.740511436092206,0.08596158027648926,0.004203319549560547,14,,CenterFallback,1,32,0,,
20250721_074519_954,36,NO_RADIO,14,-26.1,7.740511436092206,0.08913874626159668,0.004139900207519531,14,,CenterFallback,1,32,0,,
20250721_074520_050,36,NO_RADIO,14,-26.1,7.740511436092206,0.08941960334777832,0.003938436508178711,14,,CenterFallback,1,32,0,,
20250721_074520_146,36,NO_RADIO,14,-26.1,7.740511436092206,0.08406329154968262,0.004338741302490234,14,,CenterFallback,1,32,0,,
20250721_074520_238,36,NO_RADIO,14,-26.1,7.740511436092206,0.09054851531982422,0.00440669059753418,14,,CenterFallback,1,32,0,,
20250721_074520_336,36,NO_RADIO,14,-26.1,7.740511436092206,0.08978414535522461,0.004305839538574219,14,,CenterFallback,1,32,0,,
20250721_074520_433,37,NO_RADIO,14,-26.1,7.740757881161087,0.09399199485778809,0.004058122634887695,14,,CenterFallback,1,32,0,,
20250721_074520_534,37,NO_RADIO,14,-26.1,7.740757881161087,0.07678580284118652,0.004194498062133789,14,,CenterFallback,1,32,0,,
20250721_074520_618,37,NO_RADIO,14,-26.1,7.740757881161087,0.08549976348876953,0.003945112228393555,14,,CenterFallback,1,32,0,,
20250721_074520_710,37,NO_RADIO,14,-26.1,7.740757881161087,0.08911371231079102,0.004302501678466797,14,,CenterFallback,1,32,0,,
20250721_074520_807,37,NO_RADIO,14,-26.1,7.740757881161087,0.09079885482788086,0.004062175750732422,14,,CenterFallback,1,32,0,,
20250721_074520_905,37,NO_RADIO,14,-26.1,7.740757881161087,0.08436417579650879,0.004428386688232422,14,,CenterFallback,1,32,0,,
20250721_074520_997,37,NO_RADIO,14,-26.1,7.740757881161087,0.08479094505310059,0.0044002532958984375,14,,CenterFallback,1,32,0,,
20250721_074521_089,37,NO_RADIO,14,-26.1,7.740757881161087,0.0897667407989502,0.0043222904205322266,14,,CenterFallback,1,32,0,,
20250721_074521_186,37,NO_RADIO,14,-26.1,7.740757881161087,0.08893275260925293,0.00434422492980957,14,,CenterFallback,1,32,0,,
20250721_074521_282,37,NO_RADIO,14,-26.1,7.740757881161087,0.09225654602050781,0.004323005676269531,14,,CenterFallback,1,32,0,,
20250721_074521_382,37,NO_RADIO,14,-26.1,7.740757881161087,0.08835840225219727,0.003914594650268555,14,,CenterFallback,1,32,0,,
20250721_074521_477,37,NO_RADIO,14,-26.1,7.740757881161087,0.09613823890686035,0.003969430923461914,14,,CenterFallback,1,32,0,,
20250721_074521_580,37,NO_RADIO,14,-26.1,7.740757881161087,0.08709597587585449,0.004475831985473633,14,,CenterFallback,1,32,0,,
20250721_074521_675,37,NO_RADIO,14,-26.1,7.740757881161087,0.09622597694396973,0.004498004913330078,14,,CenterFallback,1,32,0,,
20250721_074521_779,37,NO_RADIO,14,-26.1,7.740757881161087,0.08063697814941406,0.00413823127746582,14,,CenterFallback,1,32,0,,
20250721_074521_867,37,NO_RADIO,14,-26.1,7.740757881161087,0.08474612236022949,0.004275798797607422,14,,CenterFallback,1,32,0,,
20250721_074521_959,37,NO_RADIO,14,-26.1,7.740757881161087,0.08921480178833008,0.004048824310302734,14,,CenterFallback,1,32,0,,
20250721_074522_055,37,NO_RADIO,14,-26.1,7.740757881161087,0.09132623672485352,0.004255771636962891,14,,CenterFallback,1,32,0,,
20250721_074522_154,37,NO_RADIO,14,-26.1,7.740757881161087,0.08295202255249023,0.004329681396484375,14,,CenterFallback,1,32,0,,
20250721_074522_244,37,NO_RADIO,14,-26.1,7.740757881161087,0.08269667625427246,0.003940582275390625,14,,CenterFallback,1,32,0,,
20250721_074522_333,37,NO_RADIO,14,-26.1,7.740757881161087,0.08894610404968262,0.0043947696685791016,14,,CenterFallback,1,32,0,,
20250721_074522_430,38,NO_RADIO,14,-26.1,6.904281297754281,0.09450292587280273,0.003948688507080078,14,,CenterFallback,1,32,0,,
20250721_074522_531,38,NO_RADIO,14,-26.1,6.904281297754281,0.09324336051940918,0.0040323734283447266,14,,CenterFallback,1,32,0,,
20250721_074522_631,38,NO_RADIO,14,-26.1,6.904281297754281,0.08937644958496094,0.0041277408599853516,14,,CenterFallback,1,32,0,,
20250721_074522_727,38,NO_RADIO,14,-26.1,6.904281297754281,0.09105491638183594,0.004485607147216797,14,,CenterFallback,1,32,0,,
20250721_074522_826,38,NO_RADIO,14,-26.1,6.904281297754281,0.08290576934814453,0.004068851470947266,14,,CenterFallback,1,32,0,,
20250721_074522_916,38,NO_RADIO,14,-26.1,6.904281297754281,0.08626818656921387,0.0043184757232666016,14,,CenterFallback,1,32,0,,
20250721_074523_009,38,NO_RADIO,14,-26.1,6.904281297754281,0.09053778648376465,0.00414276123046875,14,,CenterFallback,1,32,0,,
20250721_074523_106,38,NO_RADIO,14,-26.1,6.904281297754281,0.09006810188293457,0.004230499267578125,14,,CenterFallback,1,32,0,,
20250721_074523_203,38,NO_RADIO,14,-26.1,6.904281297754281,0.08161520957946777,0.004297494888305664,14,,CenterFallback,1,32,0,,
20250721_074523_292,38,NO_RADIO,14,-26.1,6.904281297754281,0.08377742767333984,0.0043354034423828125,14,,CenterFallback,1,32,0,,
20250721_074523_383,38,NO_RADIO,14,-26.1,6.904281297754281,0.08512043952941895,0.004329204559326172,14,,CenterFallback,1,32,0,,
20250721_074523_475,38,NO_RADIO,14,-26.1,6.904281297754281,0.0972437858581543,0.003951072692871094,14,,CenterFallback,1,32,0,,
20250721_074523_579,38,NO_RADIO,14,-26.1,6.904281297754281,0.09032130241394043,0.0042269229888916016,14,,CenterFallback,1,32,0,,
20250721_074523_677,38,NO_RADIO,14,-26.1,6.904281297754281,0.09022760391235352,0.004103183746337891,14,,CenterFallback,1,32,0,,
20250721_074523_774,38,NO_RADIO,14,-26.1,6.904281297754281,0.08851313591003418,0.0043904781341552734,14,,CenterFallback,1,32,0,,
20250721_074523_870,38,NO_RADIO,14,-26.1,6.904281297754281,0.08647012710571289,0.0044727325439453125,14,,CenterFallback,1,32,0,,
20250721_074523_964,38,NO_RADIO,14,-26.1,6.904281297754281,0.09160876274108887,0.004340648651123047,14,,CenterFallback,1,32,0,,
20250721_074524_063,38,NO_RADIO,14,-26.1,6.904281297754281,0.08838653564453125,0.0042705535888671875,14,,CenterFallback,1,32,0,,
20250721_074524_159,38,NO_RADIO,14,-26.1,6.904281297754281,0.08640027046203613,0.004179239273071289,14,,CenterFallback,1,32,0,,
20250721_074524_252,38,NO_RADIO,14,-26.1,6.904281297754281,0.0907449722290039,0.004080295562744141,14,,CenterFallback,1,32,0,,
20250721_074524_350,38,NO_RADIO,14,-26.1,6.904281297754281,0.0914154052734375,0.004288196563720703,14,,CenterFallback,1,32,0,,
20250721_074524_449,39,NO_RADIO,14,-26.1,7.168051540294243,0.08844518661499023,0.00413966178894043,14,,CenterFallback,1,32,0,,
20250721_074524_544,39,NO_RADIO,14,-26.1,7.168051540294243,0.08717584609985352,0.004297733306884766,14,,CenterFallback,1,32,0,,
20250721_074524_638,39,NO_RADIO,14,-26.1,7.168051540294243,0.0869286060333252,0.004033803939819336,14,,CenterFallback,1,32,0,,
20250721_074524_732,39,NO_RADIO,14,-26.1,7.168051540294243,0.0879507064819336,0.0042951107025146484,14,,CenterFallback,1,32,0,,
20250721_074524_827,39,NO_RADIO,14,-26.1,7.168051540294243,0.08287334442138672,0.004006385803222656,14,,CenterFallback,1,32,0,,
20250721_074524_917,39,NO_RADIO,14,-26.1,7.168051540294243,0.09607386589050293,0.004327297210693359,14,,CenterFallback,1,32,0,,
20250721_074525_021,39,NO_RADIO,14,-26.1,7.168051540294243,0.08583974838256836,0.004274845123291016,14,,CenterFallback,1,32,0,,
20250721_074525_114,39,NO_RADIO,14,-26.1,7.168051540294243,0.08206510543823242,0.004288911819458008,14,,CenterFallback,1,32,0,,
20250721_074525_203,39,NO_RADIO,14,-26.1,7.168051540294243,0.09134364128112793,0.004125356674194336,14,,CenterFallback,1,32,0,,
20250721_074525_301,39,NO_RADIO,14,-26.1,7.168051540294243,0.08835005760192871,0.003957033157348633,14,,CenterFallback,1,32,0,,
20250721_074525_397,39,NO_RADIO,14,-26.1,7.168051540294243,0.0891885757446289,0.004300594329833984,14,,CenterFallback,1,32,0,,
20250721_074525_493,39,NO_RADIO,14,-26.1,7.168051540294243,0.08021068572998047,0.004053354263305664,14,,CenterFallback,1,32,0,,
20250721_074525_580,39,NO_RADIO,14,-26.1,7.168051540294243,0.08171510696411133,0.004202604293823242,14,,CenterFallback,1,32,0,,
20250721_074525_669,39,NO_RADIO,14,-26.1,7.168051540294243,0.08278274536132812,0.004531383514404297,14,,CenterFallback,1,32,0,,
20250721_074525_759,39,NO_RADIO,14,-26.1,7.168051540294243,0.08517098426818848,0.004308938980102539,14,,CenterFallback,1,32,0,,
20250721_074525_852,39,NO_RADIO,14,-26.1,7.168051540294243,0.09228682518005371,0.0041315555572509766,14,,CenterFallback,1,32,0,,
20250721_074525_951,39,NO_RADIO,14,-26.1,7.168051540294243,0.08907008171081543,0.003990650177001953,14,,CenterFallback,1,32,0,,
20250721_074526_047,39,NO_RADIO,14,-26.1,7.168051540294243,0.08914399147033691,0.004323244094848633,14,,CenterFallback,1,32,0,,
20250721_074526_144,39,NO_RADIO,14,-26.1,7.168051540294243,0.0817720890045166,0.004712581634521484,14,,CenterFallback,1,32,0,,
20250721_074526_233,39,NO_RADIO,14,-26.1,7.168051540294243,0.08932089805603027,0.003975868225097656,14,,CenterFallback,1,32,0,,
20250721_074526_329,39,NO_RADIO,14,-26.1,7.168051540294243,0.09762406349182129,0.0043065547943115234,14,,CenterFallback,1,32,0,,
20250721_074526_434,40,NO_RADIO,14,-26.1,6.905210804869967,0.08685731887817383,0.00394439697265625,14,,CenterFallback,1,32,0,,
20250721_074526_527,40,NO_RADIO,14,-26.1,6.905210804869967,0.08441376686096191,0.003996372222900391,14,,CenterFallback,1,32,0,,
20250721_074526_619,40,NO_RADIO,14,-26.1,6.905210804869967,0.09131336212158203,0.0041577816009521484,14,,CenterFallback,1,32,0,,
20250721_074526_717,40,NO_RADIO,14,-26.1,6.905210804869967,0.09881114959716797,0.004334926605224609,14,,CenterFallback,1,32,0,,
20250721_074526_824,40,NO_RADIO,14,-26.1,6.905210804869967,0.09543919563293457,0.004319906234741211,14,,CenterFallback,1,32,0,,
20250721_074526_926,40,NO_RADIO,14,-26.1,6.905210804869967,0.09198212623596191,0.0044405460357666016,14,,CenterFallback,1,32,0,,
20250721_074527_026,40,NO_RADIO,14,-26.1,6.905210804869967,0.09136343002319336,0.004251956939697266,14,,CenterFallback,1,32,0,,
20250721_074527_124,40,NO_RADIO,14,-26.1,6.905210804869967,0.08575820922851562,0.00420832633972168,14,,CenterFallback,1,32,0,,
20250721_074527_217,40,NO_RADIO,14,-26.1,6.905210804869967,0.09301996231079102,0.004363059997558594,14,,CenterFallback,1,32,0,,
20250721_074527_317,40,NO_RADIO,14,-26.1,6.905210804869967,0.08964657783508301,0.004393815994262695,14,,CenterFallback,1,32,0,,
20250721_074527_414,40,NO_RADIO,14,-26.1,6.905210804869967,0.11233687400817871,0.004172086715698242,14,,CenterFallback,1,32,0,,
20250721_074527_534,40,NO_RADIO,14,-26.1,6.905210804869967,0.08928275108337402,0.004288196563720703,14,,CenterFallback,1,32,0,,
20250721_074527_630,40,NO_RADIO,14,-26.1,6.905210804869967,0.08350467681884766,0.003920555114746094,14,,CenterFallback,1,32,0,,
20250721_074527_721,40,NO_RADIO,14,-26.1,6.905210804869967,0.08704376220703125,0.004128932952880859,14,,CenterFallback,1,32,0,,
20250721_074527_815,40,NO_RADIO,14,-26.1,6.905210804869967,0.08794522285461426,0.004210948944091797,14,,CenterFallback,1,32,0,,
20250721_074527_910,40,NO_RADIO,14,-26.1,6.905210804869967,0.09546136856079102,0.0041904449462890625,14,,CenterFallback,1,32,0,,
20250721_074528_012,40,NO_RADIO,14,-26.1,6.905210804869967,0.08513212203979492,0.004212617874145508,14,,CenterFallback,1,32,0,,
20250721_074528_104,40,NO_RADIO,14,-26.1,6.905210804869967,0.08451437950134277,0.004313945770263672,14,,CenterFallback,1,32,0,,
20250721_074528_196,40,NO_RADIO,14,-26.1,6.905210804869967,0.0867919921875,0.003950595855712891,14,,CenterFallback,1,32,0,,
20250721_074528_290,40,NO_RADIO,14,-26.1,6.905210804869967,0.10079479217529297,0.0041599273681640625,14,,CenterFallback,1,32,0,,
20250721_074528_398,41,NO_RADIO,14,-26.1,7.168932092702562,0.08403801918029785,0.004306316375732422,14,,CenterFallback,1,32,0,,
20250721_074528_489,41,NO_RADIO,14,-26.1,7.168932092702562,0.0899653434753418,0.0040454864501953125,14,,CenterFallback,1,32,0,,
20250721_074528_586,41,NO_RADIO,14,-26.1,7.168932092702562,0.08538985252380371,0.004279136657714844,14,,CenterFallback,1,32,0,,
20250721_074528_679,41,NO_RADIO,14,-26.1,7.168932092702562,0.08871126174926758,0.004309654235839844,14,,CenterFallback,1,32,0,,
20250721_074528_775,41,NO_RADIO,14,-26.1,7.168932092702562,0.08904814720153809,0.004098415374755859,14,,CenterFallback,1,32,0,,
20250721_074528_871,41,NO_RADIO,14,-26.1,7.168932092702562,0.08331871032714844,0.004002809524536133,14,,CenterFallback,1,32,0,,
20250721_074528_961,41,NO_RADIO,14,-26.1,7.168932092702562,0.08389782905578613,0.00437164306640625,14,,CenterFallback,1,32,0,,
20250721_074529_052,41,NO_RADIO,14,-26.1,7.168932092702562,0.08665895462036133,0.004173755645751953,14,,CenterFallback,1,32,0,,
20250721_074529_146,41,NO_RADIO,14,-26.1,7.168932092702562,0.09451103210449219,0.0042722225189208984,14,,CenterFallback,1,32,0,,
20250721_074529_248,41,NO_RADIO,14,-26.1,7.168932092702562,0.08675765991210938,0.004263162612915039,14,,CenterFallback,1,32,0,,
20250721_074529_342,41,NO_RADIO,14,-26.1,7.168932092702562,0.08281636238098145,0.003870248794555664,14,,CenterFallback,1,32,0,,
20250721_074529_431,41,NO_RADIO,14,-26.1,7.168932092702562,0.08963799476623535,0.004139423370361328,14,,CenterFallback,1,32,0,,
20250721_074529_528,41,NO_RADIO,14,-26.1,7.168932092702562,0.08237218856811523,0.0042531490325927734,14,,CenterFallback,1,32,0,,
20250721_074529_617,41,NO_RADIO,14,-26.1,7.168932092702562,0.08896684646606445,0.004268646240234375,14,,CenterFallback,1,32,0,,
20250721_074529_713,41,NO_RADIO,14,-26.1,7.168932092702562,0.08721494674682617,0.0042841434478759766,14,,CenterFallback,1,32,0,,
20250721_074529_808,41,NO_RADIO,14,-26.1,7.168932092702562,0.08312869071960449,0.004296064376831055,14,,CenterFallback,1,32,0,,
20250721_074529_898,41,NO_RADIO,14,-26.1,7.168932092702562,0.08850336074829102,0.004232645034790039,14,,CenterFallback,1,32,0,,
20250721_074529_994,41,NO_RADIO,14,-26.1,7.168932092702562,0.0921623706817627,0.004166841506958008,14,,CenterFallback,1,32,0,,
20250721_074530_093,41,NO_RADIO,14,-26.1,7.168932092702562,0.0859377384185791,0.003944873809814453,14,,CenterFallback,1,32,0,,
20250721_074530_186,41,NO_RADIO,14,-26.1,7.168932092702562,0.08147192001342773,0.004289865493774414,14,,CenterFallback,1,32,0,,
20250721_074530_275,41,NO_RADIO,14,-26.1,7.168932092702562,0.08088946342468262,0.004283428192138672,14,,CenterFallback,1,32,0,,
20250721_074530_363,42,NO_RADIO,14,-26.1,7.168932092702562,0.08691048622131348,0.004368782043457031,14,,CenterFallback,1,32,0,,
20250721_074530_457,42,NO_RADIO,14,-26.1,7.16941045883442,0.08799862861633301,0.004052400588989258,14,,CenterFallback,1,32,0,,
20250721_074530_552,42,NO_RADIO,14,-26.1,7.16941045883442,0.07878732681274414,0.0042307376861572266,14,,CenterFallback,1,32,0,,
20250721_074530_638,42,NO_RADIO,14,-26.1,7.16941045883442,0.09226655960083008,0.003913164138793945,14,,CenterFallback,1,32,0,,
20250721_074530_737,42,NO_RADIO,14,-26.1,7.16941045883442,0.09025216102600098,0.00420832633972168,14,,CenterFallback,1,32,0,,
20250721_074530_834,42,NO_RADIO,14,-26.1,7.16941045883442,0.0836482048034668,0.0048596858978271484,14,,CenterFallback,1,32,0,,
20250721_074530_926,42,NO_RADIO,14,-26.1,7.16941045883442,0.08468818664550781,0.002096891403198242,14,,CenterFallback,1,32,0,,
20250721_074531_014,42,NO_RADIO,14,-26.1,7.16941045883442,0.09287428855895996,0.003968715667724609,14,,CenterFallback,1,32,0,,
20250721_074531_113,42,NO_RADIO,14,-26.1,7.16941045883442,0.08678960800170898,0.004216432571411133,14,,CenterFallback,1,32,0,,
20250721_074531_207,42,NO_RADIO,14,-26.1,7.16941045883442,0.08021783828735352,0.003924846649169922,14,,CenterFallback,1,32,0,,
20250721_074531_293,42,NO_RADIO,14,-26.1,7.16941045883442,0.0830390453338623,0.0045316219329833984,14,,CenterFallback,1,32,0,,
20250721_074531_383,42,NO_RADIO,14,-26.1,7.16941045883442,0.08577704429626465,0.004330873489379883,14,,CenterFallback,1,32,0,,
20250721_074531_476,42,NO_RADIO,14,-26.1,7.16941045883442,0.08817911148071289,0.004616737365722656,14,,CenterFallback,1,32,0,,
20250721_074531_571,42,NO_RADIO,14,-26.1,7.16941045883442,0.0873103141784668,0.0022499561309814453,14,,CenterFallback,1,32,0,,
20250721_074531_663,42,NO_RADIO,14,-26.1,7.16941045883442,0.0848996639251709,0.004075050354003906,14,,CenterFallback,1,32,0,,
20250721_074531_755,42,NO_RADIO,14,-26.1,7.16941045883442,0.08608746528625488,0.004429817199707031,14,,CenterFallback,1,32,0,,
20250721_074531_848,42,NO_RADIO,14,-26.1,7.16941045883442,0.09044027328491211,0.004138946533203125,14,,CenterFallback,1,32,0,,
20250721_074531_946,42,NO_RADIO,14,-26.1,7.16941045883442,0.07746338844299316,0.004312038421630859,14,,CenterFallback,1,32,0,,
20250721_074532_031,42,NO_RADIO,14,-26.1,7.16941045883442,0.08118557929992676,0.004401206970214844,14,,CenterFallback,1,32,0,,
20250721_074532_119,42,NO_RADIO,14,-26.1,7.16941045883442,0.09117746353149414,0.00432276725769043,14,,CenterFallback,1,32,0,,
20250721_074532_218,42,NO_RADIO,14,-26.1,7.16941045883442,0.10201263427734375,0.004052162170410156,14,,CenterFallback,1,32,0,,
20250721_074532_327,42,NO_RADIO,14,-26.1,7.16941045883442,0.08232426643371582,0.002059459686279297,14,,CenterFallback,1,32,0,,
20250721_074532_412,43,NO_RADIO,14,-26.1,7.369777638374813,0.08018970489501953,0.001973390579223633,14,,CenterFallback,1,32,0,,
20250721_074532_496,43,NO_RADIO,14,-26.1,7.369777638374813,0.08786916732788086,0.0021708011627197266,14,,CenterFallback,1,32,0,,
20250721_074532_587,43,NO_RADIO,14,-26.1,7.369777638374813,0.09273505210876465,0.0020596981048583984,14,,CenterFallback,1,32,0,,
20250721_074532_683,43,NO_RADIO,14,-26.1,7.369777638374813,0.08717107772827148,0.0020151138305664062,14,,CenterFallback,1,32,0,,
20250721_074532_774,43,NO_RADIO,14,-26.1,7.369777638374813,0.0768892765045166,0.002080202102661133,14,,CenterFallback,1,32,0,,
20250721_074532_854,43,NO_RADIO,14,-26.1,7.369777638374813,0.08805990219116211,0.002048969268798828,14,,CenterFallback,1,32,0,,
20250721_074532_945,43,NO_RADIO,14,-26.1,7.369777638374813,0.08555483818054199,0.002099275588989258,14,,CenterFallback,1,32,0,,
20250721_074533_034,43,NO_RADIO,14,-26.1,7.369777638374813,0.08760356903076172,0.0020110607147216797,14,,CenterFallback,1,32,0,,
20250721_074533_125,43,NO_RADIO,14,-26.1,7.369777638374813,0.08281803131103516,0.002041339874267578,14,,CenterFallback,1,32,0,,
20250721_074533_211,43,NO_RADIO,14,-26.1,7.369777638374813,0.08631324768066406,0.002075672149658203,14,,CenterFallback,1,32,0,,
20250721_074533_301,43,NO_RADIO,14,-26.1,7.369777638374813,0.09195590019226074,0.001984834671020508,14,,CenterFallback,1,32,0,,
20250721_074533_396,43,NO_RADIO,14,-26.1,7.369777638374813,0.0848698616027832,0.0019888877868652344,14,,CenterFallback,1,32,0,,
20250721_074533_484,43,NO_RADIO,14,-26.1,7.369777638374813,0.08513665199279785,0.002024412155151367,14,,CenterFallback,1,32,0,,
20250721_074533_573,43,NO_RADIO,14,-26.1,7.369777638374813,0.08698010444641113,0.002737760543823242,14,,CenterFallback,1,32,0,,
20250721_074533_664,43,NO_RADIO,14,-26.1,7.369777638374813,0.08570384979248047,0.002038717269897461,14,,CenterFallback,1,32,0,,
20250721_074533_753,43,NO_RADIO,14,-26.1,7.369777638374813,0.08828330039978027,0.0021681785583496094,14,,CenterFallback,1,32,0,,
20250721_074533_844,43,NO_RADIO,14,-26.1,7.369777638374813,0.08112621307373047,0.002669095993041992,14,,CenterFallback,1,32,0,,
20250721_074533_930,43,NO_RADIO,14,-26.1,7.369777638374813,0.08846378326416016,0.004217624664306641,14,,CenterFallback,1,32,0,,
20250721_074534_026,43,NO_RADIO,14,-26.1,7.369777638374813,0.10431432723999023,0.00443720817565918,14,,CenterFallback,1,32,0,,
20250721_074534_138,43,NO_RADIO,14,-26.1,7.369777638374813,0.09692645072937012,0.0042266845703125,14,,CenterFallback,1,32,0,,
20250721_074534_242,43,NO_RADIO,14,-26.1,7.369777638374813,0.08628582954406738,0.0042591094970703125,14,,CenterFallback,1,32,0,,
20250721_074534_335,43,NO_RADIO,14,-26.1,7.369777638374813,0.08410120010375977,0.003936052322387695,14,,CenterFallback,1,32,0,,
20250721_074534_426,44,NO_RADIO,14,-26.1,6.568738728545,0.09472036361694336,0.004301786422729492,14,,CenterFallback,1,32,0,,
20250721_074534_528,44,NO_RADIO,14,-26.1,6.568738728545,0.0908353328704834,0.0041239261627197266,14,,CenterFallback,1,32,0,,
20250721_074534_626,44,NO_RADIO,14,-26.1,6.568738728545,0.08237195014953613,0.004342079162597656,14,,CenterFallback,1,32,0,,
20250721_074534_716,44,NO_RADIO,14,-26.1,6.568738728545,0.09235358238220215,0.0020720958709716797,14,,CenterFallback,1,32,0,,
20250721_074534_811,44,NO_RADIO,14,-26.1,6.568738728545,0.0961768627166748,0.002080678939819336,14,,CenterFallback,1,32,0,,
20250721_074534_911,44,NO_RADIO,14,-26.1,6.568738728545,0.09377527236938477,0.0020885467529296875,14,,CenterFallback,1,32,0,,
20250721_074535_008,44,NO_RADIO,14,-26.1,6.568738728545,0.08384513854980469,0.0020515918731689453,14,,CenterFallback,1,32,0,,
20250721_074535_095,44,NO_RADIO,14,-26.1,6.568738728545,0.08336091041564941,0.002307891845703125,14,,CenterFallback,1,32,0,,
20250721_074535_182,44,NO_RADIO,14,-26.1,6.568738728545,0.09187579154968262,0.0027785301208496094,14,,CenterFallback,1,32,0,,
20250721_074535_278,44,NO_RADIO,14,-26.1,6.568738728545,0.09502601623535156,0.0021696090698242188,14,,CenterFallback,1,32,0,,
20250721_074535_377,44,NO_RADIO,14,-26.1,6.568738728545,0.09138822555541992,0.004335641860961914,14,,CenterFallback,1,32,0,,
20250721_074535_476,44,NO_RADIO,14,-26.1,6.568738728545,0.09086394309997559,0.004050016403198242,14,,CenterFallback,1,32,0,,
20250721_074535_574,44,NO_RADIO,14,-26.1,6.568738728545,0.09397768974304199,0.0039784908294677734,14,,CenterFallback,1,32,0,,
20250721_074535_675,44,NO_RADIO,14,-26.1,6.568738728545,0.09723925590515137,0.004247903823852539,14,,CenterFallback,1,32,0,,
20250721_074535_779,44,NO_RADIO,14,-26.1,6.568738728545,0.08437895774841309,0.004323005676269531,14,,CenterFallback,1,32,0,,
20250721_074535_871,44,NO_RADIO,14,-26.1,6.568738728545,0.0863792896270752,0.003966093063354492,14,,CenterFallback,1,32,0,,
20250721_074535_964,44,NO_RADIO,14,-26.1,6.568738728545,0.09747195243835449,0.004334211349487305,14,,CenterFallback,1,32,0,,
20250721_074536_069,44,NO_RADIO,14,-26.1,6.568738728545,0.08670854568481445,0.004263162612915039,14,,CenterFallback,1,32,0,,
20250721_074536_163,44,NO_RADIO,14,-26.1,6.568738728545,0.08291220664978027,0.0042264461517333984,14,,CenterFallback,1,32,0,,
20250721_074536_253,44,NO_RADIO,14,-26.1,6.568738728545,0.09024310111999512,0.004315376281738281,14,,CenterFallback,1,32,0,,
20250721_074536_351,45,NO_RADIO,14,-26.1,6.568738728545,0.09488916397094727,0.004480838775634766,14,,CenterFallback,1,32,0,,
20250721_074536_453,45,NO_RADIO,14,-26.1,7.030865272665537,0.09117841720581055,0.0041196346282958984,14,,CenterFallback,1,32,0,,
20250721_074536_552,45,NO_RADIO,14,-26.1,7.030865272665537,0.08964681625366211,0.004236459732055664,14,,CenterFallback,1,32,0,,
20250721_074536_648,45,NO_RADIO,14,-26.1,7.030865272665537,0.09496593475341797,0.004220724105834961,14,,CenterFallback,1,32,0,,
20250721_074536_751,45,NO_RADIO,14,-26.1,7.030865272665537,0.0863332748413086,0.00433802604675293,14,,CenterFallback,1,32,0,,
20250721_074536_844,45,NO_RADIO,14,-26.1,7.030865272665537,0.08977222442626953,0.004158496856689453,14,,CenterFallback,1,32,0,,
20250721_074536_941,45,NO_RADIO,14,-26.1,7.030865272665537,0.08492350578308105,0.004316568374633789,14,,CenterFallback,1,32,0,,
20250721_074537_033,45,NO_RADIO,14,-26.1,7.030865272665537,0.08711624145507812,0.0042972564697265625,14,,CenterFallback,1,32,0,,
20250721_074537_128,45,NO_RADIO,14,-26.1,7.030865272665537,0.08693122863769531,0.004347801208496094,14,,CenterFallback,1,32,0,,
20250721_074537_222,45,NO_RADIO,14,-26.1,7.030865272665537,0.10138130187988281,0.004151821136474609,14,,CenterFallback,1,32,0,,
20250721_074537_331,45,NO_RADIO,14,-26.1,7.030865272665537,0.08555030822753906,0.004162788391113281,14,,CenterFallback,1,32,0,,
20250721_074537_424,45,NO_RADIO,14,-26.1,7.030865272665537,0.08112692832946777,0.0042781829833984375,14,,CenterFallback,1,32,0,,
20250721_074537_512,45,NO_RADIO,14,-26.1,7.030865272665537,0.08513092994689941,0.004332542419433594,14,,CenterFallback,1,32,0,,
20250721_074537_605,45,NO_RADIO,14,-26.1,7.030865272665537,0.09029960632324219,0.0044689178466796875,14,,CenterFallback,1,32,0,,
20250721_074537_703,45,NO_RADIO,14,-26.1,7.030865272665537,0.09394359588623047,0.004012584686279297,14,,CenterFallback,1,32,0,,
20250721_074537_803,45,NO_RADIO,14,-26.1,7.030865272665537,0.08934736251831055,0.004030704498291016,14,,CenterFallback,1,32,0,,
20250721_074537_900,45,NO_RADIO,14,-26.1,7.030865272665537,0.08558368682861328,0.004404306411743164,14,,CenterFallback,1,32,0,,
20250721_074537_993,45,NO_RADIO,14,-26.1,7.030865272665537,0.08263635635375977,0.004164934158325195,14,,CenterFallback,1,32,0,,
20250721_074538_083,45,NO_RADIO,14,-26.1,7.030865272665537,0.0898141860961914,0.003945589065551758,14,,CenterFallback,1,32,0,,
20250721_074538_179,45,NO_RADIO,14,-26.1,7.030865272665537,0.09337258338928223,0.004308462142944336,14,,CenterFallback,1,32,0,,
20250721_074538_280,45,NO_RADIO,14,-26.1,7.030865272665537,0.08088874816894531,0.00414276123046875,14,,CenterFallback,1,32,0,,
20250721_074538_368,46,NO_RADIO,14,-26.1,6.962744151195238,0.08999967575073242,0.004303455352783203,14,,CenterFallback,1,32,0,,
