Timestamp,Boresight,Jetson Detection,Rx Beam Index,Rx Beam Angle,SNR (dB),Max Power (dBm),YOLO Time (s),Beam Sweep Time (s)
20250723_161750_877,-65,NO_RADIO,32,0,6.6626540374755905,-95.65385437011719,0.19122910499572754,0.10227179527282715
20250723_161751_175,-65,1,1,-45.0,6.585276209535408,-96.12810516357422,0.24921417236328125,0.15630888938903809
20250723_161751_581,-65,1,1,-45.0,7.4050580347203265,-95.15899658203125,0.2346041202545166,0.1024017333984375
20250723_161751_920,-65,NO_RADIO,1,-45.0,6.706460243697364,-95.76765441894531,0.15770244598388672,0.15831398963928223
20250723_161752_237,-65,NO_RADIO,1,-45.0,7.000857484008435,-95.6165771484375,0.15935230255126953,0.1020498275756836
20250723_161752_500,-65,NO_RADIO,1,-45.0,6.654892182126417,-95.9241714477539,0.16347718238830566,0.15841102600097656
20250723_161752_823,-65,NO_RADIO,1,-45.0,6.869619875104206,-95.9241714477539,0.16780757904052734,0.10198283195495605
20250723_161753_094,-65,NO_RADIO,1,-45.0,7.044624041678134,-95.6165771484375,0.16686224937438965,0.15839052200317383
20250723_161753_421,-65,NO_RADIO,1,-45.0,7.032831741357441,-95.65385437011719,0.16656827926635742,0.10204839706420898
20250723_161753_691,-65,NO_RADIO,1,-45.0,7.4055898409141605,-95.4705810546875,0.1684861183166504,0.15826821327209473
20250723_161754_019,-65,NO_RADIO,1,-45.0,6.833521180564219,-95.65385437011719,0.1653752326965332,0.10202193260192871
20250723_161754_288,-65,NO_RADIO,1,-45.0,7.400466452837648,-95.43484497070312,0.1634230613708496,0.15857934951782227
20250723_161754_611,-64,63,63,45.0,6.835091656543625,-95.76765441894531,0.23370671272277832,0.10205364227294922
20250723_161754_948,-64,NO_RADIO,63,45.0,7.791757186668491,-95.15899658203125,0.15544390678405762,0.158294677734375
20250723_161755_263,-64,NO_RADIO,63,45.0,7.487638624157881,-95.14919929504396,0.16068410873413086,0.10193991661071777
20250723_161755_527,-64,63,63,45.0,7.698045290492956,-94.96305084228516,0.24410009384155273,0.15833306312561035
20250723_161755_931,-64,63,63,45.0,7.493576935375486,-95.15899658203125,0.2628188133239746,0.1019287109375
20250723_161756_297,-64,63,63,45.0,7.615644151158193,-94.96305084228516,0.23459815979003906,0.15836024284362793
20250723_161756_691,-64,63,63,45.0,7.485017841452802,-95.15899658203125,0.22982311248779297,0.10195398330688477
20250723_161757_024,-64,63,63,45.0,7.600545070380122,-94.96305084228516,0.23327231407165527,0.1582963466644287
20250723_161757_417,-64,NO_RADIO,63,45.0,7.424109771697232,-95.15899658203125,0.15789532661437988,0.10209441184997559
20250723_161757_678,-64,NO_RADIO,63,45.0,7.456814152913381,-95.15899658203125,0.16574859619140625,0.1583414077758789
20250723_161758_004,-64,NO_RADIO,63,45.0,7.577902531112741,-94.96305084228516,0.16736507415771484,0.10198020935058594
20250723_161758_274,-64,NO_RADIO,63,45.0,7.629694087401859,-94.93123626708984,0.16618943214416504,0.15842294692993164
20250723_161758_600,-63,NO_RADIO,63,45.0,7.395206003744903,-94.96305084228516,0.16155266761779785,0.10196948051452637
20250723_161758_865,-63,NO_RADIO,63,45.0,7.994460540114645,-94.56656646728516,0.16742873191833496,0.1582808494567871
20250723_161759_192,-63,63,63,45.0,7.980631323269719,-94.33944702148438,0.24489045143127441,0.10201025009155273
20250723_161759_540,-63,63,63,45.0,7.936748190440966,-94.45152282714844,0.23287129402160645,0.15831494331359863
20250723_161759_933,-63,63,63,45.0,7.956887239957425,-94.59581756591797,0.23483633995056152,0.10191893577575684
20250723_161800_271,-63,63,63,45.0,7.774876167166468,-94.6549072265625,0.23073506355285645,0.15831398963928223
20250723_161800_661,-63,63,63,45.0,7.615306116028961,-94.68475341796875,0.2297368049621582,0.10194158554077148
20250723_161800_994,-63,NO_RADIO,63,45.0,7.416513143165261,-95.15899658203125,0.18894529342651367,0.15832972526550293
20250723_161801_343,-63,63,63,45.0,7.634397363501861,-94.68475341796875,0.23883724212646484,0.10191082954406738
20250723_161801_685,-63,NO_RADIO,63,45.0,7.626028951350094,-94.71480560302734,0.15755820274353027,0.15836858749389648
20250723_161802_002,-63,63,63,45.0,7.41445797773207,-94.93123626708984,0.2353506088256836,0.10193610191345215
20250723_161802_340,-63,63,63,45.0,7.604044606374117,-94.45152282714844,0.23851752281188965,0.15826892852783203
20250723_161802_738,-62,63,63,45.0,7.871978070752704,-94.6549072265625,0.2325727939605713,0.10203719139099121
20250723_161803_074,-62,63,63,45.0,8.547070239632859,-93.74571990966797,0.23157763481140137,0.1583538055419922
20250723_161803_466,-62,63,63,45.0,8.548404576750528,-93.91798400878906,0.2320089340209961,0.10216355323791504
20250723_161803_801,-62,NO_RADIO,63,45.0,8.567608492576312,-93.79424285888672,0.15757417678833008,0.15834569931030273
20250723_161804_119,-62,63,63,45.0,8.325032305681717,-93.74571990966797,0.24030804634094238,0.1020510196685791
20250723_161804_462,-62,63,63,45.0,8.311109764578077,-93.99395751953125,0.23215556144714355,0.15842294692993164
20250723_161804_854,-62,63,63,45.0,8.297700692310329,-93.99395751953125,0.23090624809265137,0.10198020935058594
20250723_161805_188,-62,63,63,45.0,8.240405656017629,-93.99395751953125,0.22990179061889648,0.1582794189453125
20250723_161805_578,-62,63,63,45.0,8.309090661563175,-93.99395751953125,0.23222827911376953,0.10188555717468262
20250723_161805_913,-62,63,63,45.0,8.320877275815505,-93.72166442871094,0.26845526695251465,0.15826058387756348
20250723_161806_341,-62,63,63,45.0,8.52660759804182,-93.91798400878906,0.23201632499694824,0.10204625129699707
20250723_161806_676,-61,63,63,45.0,9.200506663337038,-93.11781311035156,0.23243117332458496,0.15827441215515137
20250723_161807_068,-61,63,63,45.0,9.121375403849811,-93.180908203125,0.23281431198120117,0.10194063186645508
20250723_161807_404,-61,NO_RADIO,63,45.0,9.306376737714857,-93.180908203125,0.15711164474487305,0.15836477279663086
20250723_161807_721,-61,NO_RADIO,63,45.0,9.300568888455672,-92.77661895751953,0.16287684440612793,0.10211896896362305
20250723_161807_987,-61,NO_RADIO,63,45.0,9.302214130669086,-92.77661895751953,0.1658177375793457,0.15834450721740723
20250723_161808_313,-61,NO_RADIO,63,45.0,9.459064848608989,-93.02901992797852,0.16659760475158691,0.10199856758117676
20250723_161808_583,-61,NO_RADIO,63,45.0,9.109179619323783,-93.17775344848633,0.16515541076660156,0.15828847885131836
20250723_161808_908,-61,NO_RADIO,63,45.0,9.46295569184926,-92.85452270507812,0.16810822486877441,0.10193467140197754
20250723_161809_179,-61,NO_RADIO,63,45.0,9.648747465622023,-92.7756561279297,0.17086362838745117,0.15841388702392578
20250723_161809_510,-61,NO_RADIO,63,45.0,9.64013313253463,-92.70008850097656,0.17432498931884766,0.1020212173461914
20250723_161809_787,-61,NO_RADIO,63,45.0,9.274042529864303,-93.03507995605469,0.171234130859375,0.15835094451904297
20250723_161810_118,-61,NO_RADIO,63,45.0,9.401933709145723,-92.85452270507812,0.16598081588745117,0.10193157196044922
20250723_161810_387,-61,NO_RADIO,63,45.0,9.50172307737597,-92.77661895751953,0.16610026359558105,0.15841007232666016
20250723_161810_713,-60,NO_RADIO,63,45.0,9.42170580008542,-92.85452270507812,0.16516828536987305,0.1020963191986084
20250723_161810_982,-60,NO_RADIO,63,45.0,10.36964259903992,-91.68871841430663,0.1658029556274414,0.1585555076599121
20250723_161811_308,-60,NO_RADIO,63,45.0,10.487150500617005,-92.00091552734375,0.1687464714050293,0.10211992263793945
20250723_161811_580,-60,NO_RADIO,63,45.0,10.486598270023762,-91.4554443359375,0.16996479034423828,0.15851211547851562
20250723_161811_910,-60,NO_RADIO,63,45.0,10.545529368242967,-91.68946838378906,0.1711270809173584,0.10231184959411621
20250723_161812_184,-60,NO_RADIO,63,45.0,10.544367033730055,-91.67446899414062,0.16704607009887695,0.1587386131286621
20250723_161812_512,-60,NO_RADIO,63,45.0,10.475463267331406,-91.68946838378906,0.16578125953674316,0.1019585132598877
20250723_161812_781,-60,NO_RADIO,63,45.0,9.954916725272895,-92.40239715576172,0.16714000701904297,0.1582627296447754
20250723_161813_107,-60,NO_RADIO,63,45.0,10.078831821214067,-92.14787826538085,0.16251373291015625,0.1018822193145752
20250723_161813_373,-60,NO_RADIO,63,45.0,10.182980711081399,-91.9527587890625,0.16668152809143066,0.15836191177368164
20250723_161813_699,-60,NO_RADIO,63,45.0,10.180118876044489,-91.95116729736328,0.16739678382873535,0.10206174850463867
20250723_161813_970,-60,NO_RADIO,63,45.0,10.252361164350503,-91.70376129150391,0.16513514518737793,0.1584465503692627
20250723_161814_295,-60,NO_RADIO,63,45.0,10.113872098514534,-92.06598663330078,0.16561508178710938,0.10203123092651367
20250723_161814_564,-59,63,63,45.0,11.290460984270254,-91.00927734375,0.24174213409423828,0.1582350730895996
20250723_161814_966,-59,63,63,45.0,11.352468470428946,-90.82069396972656,0.23054885864257812,0.10195684432983398
20250723_161815_299,-59,63,63,45.0,11.435627864153673,-90.67550659179688,0.23025941848754883,0.15828847885131836
20250723_161815_689,-59,63,63,45.0,11.54007992553089,-90.70956459045411,0.2304387092590332,0.10199236869812012
20250723_161816_023,-59,63,63,45.0,11.443148865677657,-90.67550659179688,0.23703908920288086,0.1582791805267334
20250723_161816_419,-59,63,63,45.0,11.673928575337527,-90.71135711669922,0.2636837959289551,0.10205721855163574
20250723_161816_786,-59,63,63,45.0,11.731226902738683,-90.58135223388672,0.23171329498291016,0.15825772285461426
20250723_161817_177,-59,63,63,45.0,11.689398465900922,-90.73542022705078,0.2318739891052246,0.10193705558776855
20250723_161817_513,-59,63,63,45.0,11.229273286348146,-90.98365020751953,0.23275041580200195,0.15834832191467285
20250723_161817_905,-59,63,63,45.0,11.682060128353257,-90.57903594970703,0.2326209545135498,0.10209345817565918
20250723_161818_241,-59,63,63,45.0,11.563955842301894,-90.7815170288086,0.23283052444458008,0.15827369689941406
20250723_161818_633,-58,NO_RADIO,63,45.0,11.314866846061577,-90.7815170288086,0.1581745147705078,0.10193586349487305
20250723_161818_895,-58,63,63,45.0,13.200479154008065,-89.0556869506836,0.24034619331359863,0.15826630592346191
20250723_161819_295,-58,NO_RADIO,63,45.0,13.359665361298141,-88.94245147705078,0.15853524208068848,0.10201287269592285
20250723_161819_556,-58,NO_RADIO,63,45.0,12.974631723713202,-89.18881225585938,0.16528677940368652,0.15830254554748535
20250723_161819_881,-58,NO_RADIO,63,45.0,13.193608843788454,-89.23126220703125,0.1670701503753662,0.10205864906311035
20250723_161820_152,-58,NO_RADIO,63,45.0,13.087369817344566,-89.23126220703125,0.16427087783813477,0.15827035903930664
20250723_161820_476,-58,NO_RADIO,63,45.0,13.02311362592306,-89.30874633789062,0.16524815559387207,0.10199236869812012
20250723_161820_744,-58,NO_RADIO,63,45.0,13.191738431445145,-89.05446090698243,0.16663670539855957,0.15822744369506836
20250723_161821_070,-58,63,63,45.0,13.306046123645785,-89.20238227844239,0.24730157852172852,0.10197234153747559
20250723_161821_421,-58,NO_RADIO,63,45.0,13.091494515752373,-89.36996459960938,0.18718314170837402,0.1582472324371338
20250723_161821_768,-58,NO_RADIO,63,45.0,13.19078219585819,-89.12675704956055,0.1619563102722168,0.10204029083251953
20250723_161822_033,-58,NO_RADIO,63,45.0,13.000577170319588,-89.30874633789062,0.16504287719726562,0.1583690643310547
20250723_161822_358,-58,NO_RADIO,63,45.0,12.957004766173867,-89.30658569335938,0.165818452835083,0.10197567939758301
20250723_161822_627,-57,63,63,45.0,14.690152404396088,-87.8598861694336,0.2421126365661621,0.15834689140319824
20250723_161823_029,-57,63,63,45.0,14.458437067233021,-87.89582099914551,0.23253870010375977,0.10187625885009766
20250723_161823_364,-57,63,63,45.0,14.705761668083994,-87.48345031738282,0.23137855529785156,0.1583571434020996
20250723_161823_755,-57,63,63,45.0,14.621034179476823,-87.91625213623047,0.22984004020690918,0.10199427604675293
20250723_161824_088,-57,NO_RADIO,63,45.0,14.431957385001922,-87.97175979614258,0.15684771537780762,0.1583538055419922
20250723_161824_405,-57,63,63,45.0,14.379993300030321,-88.06142730712891,0.23396968841552734,0.10198712348937988
20250723_161824_742,-57,NO_RADIO,63,45.0,14.379893682590378,-87.97335052490234,0.16029691696166992,0.15829873085021973
20250723_161825_062,-57,63,63,45.0,14.503540008762414,-88.16930389404297,0.2420344352722168,0.10188794136047363
20250723_161825_407,-57,63,63,45.0,14.464916481683204,-87.97175979614258,0.23035693168640137,0.1582803726196289
20250723_161825_797,-57,63,63,45.0,14.734871964315346,-87.69506072998047,0.2317037582397461,0.1019587516784668
20250723_161826_132,-57,NO_RADIO,63,45.0,14.23804707705375,-88.27652435302734,0.1572732925415039,0.15830445289611816
20250723_161826_449,-56,63,63,45.0,14.310839908115312,-88.2298583984375,0.2764406204223633,0.1018683910369873
20250723_161826_829,-56,63,63,45.0,15.641267809981983,-86.75046844482422,0.23193025588989258,0.15826153755187988
20250723_161827_220,-56,63,63,45.0,15.447779716095425,-87.00246849060059,0.22893857955932617,0.10195183753967285
20250723_161827_552,-56,63,63,45.0,15.269396665180565,-87.21092796325684,0.23343944549560547,0.15831232070922852
20250723_161827_945,-56,63,63,45.0,15.391746150346307,-87.05047607421875,0.23572778701782227,0.10192751884460449
20250723_161828_284,-56,NO_RADIO,63,45.0,15.39029678239595,-87.0042495727539,0.1573479175567627,0.15833425521850586
20250723_161828_601,-56,63,63,45.0,15.386868457004297,-87.0969451904297,0.24016475677490234,0.10190391540527344
20250723_161828_945,-56,NO_RADIO,63,45.0,15.646343004323313,-86.96661071777343,0.15723705291748047,0.15871739387512207
20250723_161829_262,-56,63,63,45.0,15.667415861386147,-86.92828369140625,0.23721742630004883,0.1020655632019043
20250723_161829_602,-56,NO_RADIO,63,45.0,15.552425164507042,-86.92653350830078,0.1578688621520996,0.15830779075622559
20250723_161829_920,-56,63,63,45.0,15.74028933964513,-86.843265914917,0.24187850952148438,0.10201668739318848
20250723_161830_265,-56,NO_RADIO,63,45.0,15.49003726422211,-87.00348472595215,0.1584620475769043,0.15825486183166504
20250723_161830_583,-55,63,63,45.0,15.48844823816502,-87.0042495727539,0.23859024047851562,0.10203409194946289
20250723_161830_925,-55,63,63,45.0,16.599854069873743,-85.7684440612793,0.23219513893127441,0.15829229354858398
20250723_161831_317,-55,NO_RADIO,63,45.0,16.523450106081313,-85.92417907714844,0.1575007438659668,0.10197615623474121
20250723_161831_578,-55,NO_RADIO,63,45.0,16.321477049072058,-86.07271881103516,0.1636059284210205,0.15835094451904297
20250723_161831_901,-55,NO_RADIO,63,45.0,16.347892274999893,-86.11143493652344,0.16637134552001953,0.10195016860961914
20250723_161832_171,-55,NO_RADIO,63,45.0,16.34114719591186,-86.14002075195313,0.1580049991607666,0.15829038619995117
20250723_161832_488,-55,NO_RADIO,63,45.0,16.324783951055167,-86.08986396789551,0.1648085117340088,0.1020054817199707
20250723_161832_756,-55,NO_RADIO,63,45.0,16.082916895806378,-86.24234771728516,0.16404223442077637,0.1582038402557373
20250723_161833_080,-55,NO_RADIO,63,45.0,16.135437648783608,-86.25458221435547,0.1593155860900879,0.10211801528930664
20250723_161833_343,-55,NO_RADIO,63,45.0,16.124509441831435,-86.20754623413086,0.16190266609191895,0.15836048126220703
20250723_161833_664,-55,NO_RADIO,63,45.0,16.41293104841135,-86.19056549072266,0.16373419761657715,0.10191607475280762
20250723_161833_931,-55,NO_RADIO,63,45.0,16.415725246611714,-85.99243927001953,0.17029881477355957,0.15834355354309082
20250723_161834_261,-55,NO_RADIO,63,45.0,16.420214352493332,-86.04517517089843,0.1692802906036377,0.1019136905670166
20250723_161834_533,-54,NO_RADIO,63,45.0,17.321233172595925,-85.11892967224121,0.1688542366027832,0.1582629680633545
20250723_161834_862,-54,63,63,45.0,17.318501448689716,-85.142333984375,0.24176812171936035,0.10204434394836426
20250723_161835_207,-54,NO_RADIO,63,45.0,17.48515784210818,-84.85580444335938,0.15549254417419434,0.1584455966949463
20250723_161835_522,-54,NO_RADIO,63,45.0,17.46564088287758,-85.00702209472657,0.15868806838989258,0.10198068618774414
20250723_161835_784,-54,NO_RADIO,63,45.0,17.441450897766146,-85.08563575744628,0.16345548629760742,0.15825223922729492
20250723_161836_107,-54,NO_RADIO,63,45.0,17.46620315227996,-84.96305084228516,0.16415905952453613,0.10201287269592285
20250723_161836_375,-54,63,63,45.0,17.464309509760312,-85.1113338470459,0.24360394477844238,0.15833520889282227
20250723_161836_778,-54,63,63,45.0,17.473930954820275,-84.93440246582031,0.23300504684448242,0.10200381278991699
20250723_161837_114,-54,NO_RADIO,63,45.0,17.01734586296891,-85.43413391113282,0.1564028263092041,0.15845394134521484
20250723_161837_430,-54,NO_RADIO,63,45.0,16.959122081606708,-85.49795646667481,0.1615431308746338,0.10198307037353516
20250723_161837_695,-54,63,63,45.0,17.06311079302519,-85.4455337524414,0.23845911026000977,0.1582810878753662
20250723_161838_093,-54,NO_RADIO,63,45.0,17.12693821692237,-85.43484497070312,0.15402436256408691,0.10200262069702148
20250723_161838_350,-54,NO_RADIO,63,45.0,16.964303204089347,-85.41212348937988,0.15911436080932617,0.15825104713439941
20250723_161838_669,-53,NO_RADIO,63,45.0,17.12779387367158,-85.32933807373047,0.16368675231933594,0.10195255279541016
20250723_161838_936,-53,NO_RADIO,63,45.0,17.889338482626457,-84.55784606933594,0.1669611930847168,0.1582939624786377
20250723_161839_263,-53,NO_RADIO,63,45.0,17.7867498601382,-84.7807601928711,0.1650230884552002,0.10197782516479492
20250723_161839_531,-53,NO_RADIO,63,45.0,17.880669103138786,-84.56060752868652,0.16602420806884766,0.15831732749938965
20250723_161839_856,-53,NO_RADIO,63,45.0,17.826114363750875,-84.68326148986816,0.16527652740478516,0.10191202163696289
20250723_161840_125,-53,NO_RADIO,63,45.0,18.097353112167667,-84.28911361694335,0.16762709617614746,0.15842628479003906
20250723_161840_452,-53,NO_RADIO,63,45.0,18.13221551153609,-84.3532943725586,0.16614675521850586,0.10193991661071777
20250723_161840_722,-53,63,63,45.0,17.804036217948337,-84.73597717285156,0.23500967025756836,0.1583538055419922
20250723_161841_116,-53,NO_RADIO,63,45.0,17.7699809669804,-84.60757446289062,0.15631532669067383,0.10197186470031738
20250723_161841_376,-53,NO_RADIO,63,45.0,17.970268763056623,-84.42733116149903,0.15963959693908691,0.15838289260864258
20250723_161841_695,-53,NO_RADIO,63,45.0,18.108505435557205,-84.33943939208984,0.19740915298461914,0.10195422172546387
20250723_161841_996,-53,NO_RADIO,63,45.0,17.86335781359938,-84.56628303527832,0.16881823539733887,0.15843987464904785
20250723_161842_324,-53,NO_RADIO,63,45.0,17.624548221400815,-84.78121795654297,0.16587495803833008,0.10196089744567871
20250723_161842_593,-52,63,63,45.0,18.35666675928522,-84.29814910888672,0.24124574661254883,0.1584181785583496
20250723_161842_994,-52,63,63,45.0,18.15047886521782,-84.25452423095703,0.2302248477935791,0.10215091705322266
20250723_161843_328,-52,63,63,45.0,18.178801226368407,-84.3532943725586,0.23386311531066895,0.15839171409606934
20250723_161843_722,-52,63,63,45.0,18.218800737431835,-84.18990325927734,0.2324206829071045,0.10208296775817871
20250723_161844_057,-52,63,63,45.0,18.28106241914793,-84.20838813781738,0.23273420333862305,0.15871858596801758
20250723_161844_451,-52,63,63,45.0,18.351640080099045,-84.10508575439454,0.2332608699798584,0.10264158248901367
20250723_161844_788,-52,63,63,45.0,18.139861579085363,-84.25181579589844,0.2344987392425537,0.15828704833984375
20250723_161845_182,-52,63,63,45.0,18.27146531735214,-84.20007209777832,0.23236942291259766,0.10209369659423828
20250723_161845_518,-52,63,63,45.0,18.122669345431987,-84.37443656921387,0.23443984985351562,0.15871334075927734
20250723_161845_913,-52,63,63,45.0,18.164221805344653,-84.25154495239258,0.23333001136779785,0.10201406478881836
20250723_161846_249,-52,63,63,45.0,18.301131831493123,-83.90883102416993,0.23404836654663086,0.1583693027496338
20250723_161846_643,-51,63,63,45.0,18.566574933888575,-84.03501892089844,0.23366189002990723,0.10198116302490234
20250723_161846_980,-51,63,63,45.0,19.068854803422752,-83.41986618041992,0.2343142032623291,0.15836215019226074
20250723_161847_374,-51,NO_RADIO,63,45.0,18.98176022968545,-83.4087947845459,0.15872645378112793,0.10202312469482422
20250723_161847_636,-51,NO_RADIO,63,45.0,18.592781481752837,-83.83050193786622,0.16478729248046875,0.15843629837036133
20250723_161847_961,-51,NO_RADIO,63,45.0,18.722707131721762,-83.64023551940917,0.167860746383667,0.10198330879211426
20250723_161848_232,-51,NO_RADIO,63,45.0,18.936808535439738,-83.56321907043457,0.16013073921203613,0.15830707550048828
20250723_161848_551,-51,NO_RADIO,63,45.0,18.890499419687004,-83.50805053710937,0.15924310684204102,0.10197830200195312
20250723_161848_814,-51,NO_RADIO,63,45.0,18.977453713008586,-83.46068115234375,0.16370272636413574,0.15833306312561035
20250723_161849_137,-51,NO_RADIO,63,45.0,18.97576329743667,-83.42624435424804,0.1667652130126953,0.1019747257232666
20250723_161849_407,-51,NO_RADIO,63,45.0,18.9995116980557,-83.44287109375,0.16976571083068848,0.15838193893432617
20250723_161849_737,-51,NO_RADIO,63,45.0,18.92027416129062,-83.5916519165039,0.17197132110595703,0.10194659233093262
20250723_161850_012,-51,NO_RADIO,63,45.0,18.76027916868064,-83.72164916992188,0.16582083702087402,0.1582944393157959
20250723_161850_337,-51,NO_RADIO,63,45.0,18.844428873809562,-83.6190975189209,0.16470026969909668,0.10195064544677734
20250723_161850_605,-50,63,63,45.0,19.234617336634216,-83.18058280944824,0.23734331130981445,0.1585068702697754
20250723_161851_003,-50,63,63,45.0,19.132216441567508,-83.4464729309082,0.23137140274047852,0.10191154479980469
20250723_161851_337,-50,63,63,45.0,19.474744630109782,-83.03507995605469,0.2309706211090088,0.15830636024475098
20250723_161851_728,-50,63,63,45.0,19.282607844628643,-83.12972106933594,0.2589743137359619,0.10205245018005371
20250723_161852_090,-50,NO_RADIO,63,45.0,19.36285559320983,-83.1788974761963,0.1562061309814453,0.15833091735839844
20250723_161852_406,-50,63,63,45.0,19.301328592892617,-83.16631240844727,0.23258018493652344,0.1019582748413086
20250723_161852_742,-50,63,63,45.0,19.06940035528092,-83.38919067382812,0.23102569580078125,0.1583690643310547
20250723_161853_132,-50,63,63,45.0,19.23855967048641,-83.29432907104493,0.23387622833251953,0.10190868377685547
20250723_161853_470,-50,63,63,45.0,19.145830969442613,-83.32039413452148,0.23252320289611816,0.15834546089172363
20250723_161853_862,-50,NO_RADIO,63,45.0,19.230728774827966,-83.37056121826171,0.1568136215209961,0.10199260711669922
20250723_161854_122,-50,63,63,45.0,19.477432155802234,-83.04317893981934,0.24135875701904297,0.1584761142730713
20250723_161854_523,-49,63,63,45.0,19.125604804976078,-83.3758773803711,0.23372602462768555,0.1019582748413086
20250723_161854_860,-49,63,63,45.0,19.116505608833933,-83.42042541503906,0.23094868659973145,0.1583404541015625
20250723_161855_250,-49,NO_RADIO,63,45.0,19.172342361561448,-83.34454231262207,0.15926289558410645,0.10190343856811523
20250723_161855_513,-49,63,63,45.0,19.11190256887855,-83.32083129882812,0.23814034461975098,0.15839481353759766
20250723_161855_911,-49,63,63,45.0,19.133827009533434,-83.42042541503906,0.23231220245361328,0.10202336311340332
20250723_161856_246,-49,63,63,45.0,19.232330752745526,-83.40924072265625,0.23291301727294922,0.15833330154418945
20250723_161856_639,-49,NO_RADIO,63,45.0,19.151687285345304,-83.39164543151855,0.1579456329345703,0.10187602043151855
20250723_161856_900,-49,63,63,45.0,19.18850134750467,-83.23043861389161,0.23477435111999512,0.15828728675842285
20250723_161857_294,-49,NO_RADIO,63,45.0,19.096702683420517,-83.43567008972168,0.15943288803100586,0.10193800926208496
20250723_161857_557,-49,NO_RADIO,63,45.0,19.54236995496231,-83.0309829711914,0.16414093971252441,0.1583552360534668
20250723_161857_881,-49,NO_RADIO,63,45.0,19.484005699135707,-82.88953552246093,0.16525673866271973,0.1019439697265625
20250723_161858_149,-49,63,63,45.0,19.338396929791287,-83.18090057373047,0.24150943756103516,0.15837883949279785
20250723_161858_551,-48,63,63,45.0,19.27950423644951,-83.06313743591309,0.22973012924194336,0.10200834274291992
20250723_161858_884,-48,NO_RADIO,63,45.0,18.92701072666307,-83.57294311523438,0.15769672393798828,0.1583421230316162
20250723_161859_201,-48,NO_RADIO,63,45.0,18.854110224016964,-83.62637214660644,0.16048574447631836,0.10199236869812012
20250723_161859_465,-48,NO_RADIO,63,45.0,19.34851963234229,-83.10945892333984,0.16514205932617188,0.15844225883483887
20250723_161859_790,-48,NO_RADIO,63,45.0,19.40551452768588,-83.21471405029297,0.1668229103088379,0.10203266143798828
20250723_161900_060,-48,NO_RADIO,63,45.0,19.180624114410293,-83.20000457763672,0.1709120273590088,0.15834951400756836
20250723_161900_390,-48,NO_RADIO,63,45.0,19.069464602801403,-83.28759727478027,0.1716017723083496,0.10199642181396484
20250723_161900_665,-48,NO_RADIO,63,45.0,19.315059178375634,-83.24847030639648,0.17010235786437988,0.15837788581848145
20250723_161900_995,-48,NO_RADIO,63,45.0,19.35418239951521,-83.19958686828613,0.16698694229125977,0.10192465782165527
20250723_161901_265,-48,NO_RADIO,63,45.0,19.130894782332703,-83.32083129882812,0.16399931907653809,0.15827608108520508
20250723_161901_589,-48,NO_RADIO,63,45.0,19.150830947608398,-83.42680358886719,0.16418766975402832,0.10189533233642578
20250723_161901_856,-48,NO_RADIO,63,45.0,19.13020782645762,-83.34926261901856,0.16482329368591309,0.15851640701293945
20250723_161902_181,-48,NO_RADIO,63,45.0,19.23440493941493,-83.30085906982421,0.16517066955566406,0.10251688957214355
20250723_161902_451,-47,63,63,45.0,19.261195200655322,-83.20001220703125,0.24342012405395508,0.1582963466644287
20250723_161902_853,-47,63,63,45.0,19.042211722374148,-83.44287109375,0.22968459129333496,0.10192346572875977
20250723_161903_186,-47,63,63,45.0,18.851270272378954,-83.6009750366211,0.23065567016601562,0.158339262008667
20250723_161903_576,-47,63,63,45.0,18.740000305727094,-83.72128982543946,0.23130416870117188,0.10189008712768555
20250723_161903_911,-47,NO_RADIO,63,45.0,18.999056456120485,-83.39976539611817,0.15701699256896973,0.15834355354309082
20250723_161904_227,-47,NO_RADIO,63,45.0,19.05333704006472,-83.35355491638184,0.1630568504333496,0.10192036628723145
20250723_161904_494,-47,NO_RADIO,63,45.0,18.863933582493956,-83.56981468200684,0.16491246223449707,0.15830278396606445
20250723_161904_818,-47,63,63,45.0,18.68627249939634,-83.86049461364746,0.24451756477355957,0.10197138786315918
20250723_161905_166,-47,63,63,45.0,18.627607889593804,-83.62672424316406,0.23269939422607422,0.158430814743042
20250723_161905_558,-47,63,63,45.0,18.750685567968475,-83.62672424316406,0.23373723030090332,0.10209798812866211
20250723_161905_896,-47,NO_RADIO,63,45.0,18.908513059702628,-83.60716972351074,0.1582493782043457,0.1583080291748047
20250723_161906_213,-47,63,63,45.0,18.949690379875946,-83.56321907043457,0.23589754104614258,0.1018524169921875
20250723_161906_552,-46,63,63,45.0,18.09028143485058,-84.41126251220703,0.23177313804626465,0.15899181365966797
20250723_161906_944,-46,NO_RADIO,63,45.0,18.105114681978023,-84.29512901306153,0.18739628791809082,0.10193991661071777
20250723_161907_235,-46,63,63,45.0,18.219508334140684,-84.21375160217285,0.2420368194580078,0.15831732749938965
20250723_161907_637,-46,NO_RADIO,63,45.0,18.32250289116358,-84.1500015258789,0.15696501731872559,0.1021413803100586
20250723_161907_897,-46,62,62,43.5,18.897678900843744,-83.49550552368164,0.2391829490661621,0.15839076042175293
20250723_161908_296,-46,63,63,45.0,18.888307537623618,-83.44714736938477,0.23187923431396484,0.10201191902160645
20250723_161908_631,-46,NO_RADIO,63,45.0,18.30644512950468,-83.90044403076172,0.15806150436401367,0.15831947326660156
20250723_161908_949,-46,63,63,45.0,18.151410602431554,-84.23234062194824,0.23978781700134277,0.10194253921508789
20250723_161909_292,-46,63,63,45.0,18.16256302556978,-84.24572296142578,0.2318732738494873,0.15830683708190918
20250723_161909_683,-46,NO_RADIO,63,45.0,18.0137337622792,-84.46503295898438,0.15753602981567383,0.10204720497131348
20250723_161909_944,-46,62,62,43.5,19.016608909363867,-83.43477516174316,0.24135780334472656,0.158278226852417
20250723_161910_345,-46,63,63,45.0,19.006936056440196,-83.41942024230957,0.2343921661376953,0.10195159912109375
20250723_161910_683,-45,62,62,43.5,17.82746041246176,-84.56628303527832,0.23194289207458496,0.15828561782836914
20250723_161911_074,-45,NO_RADIO,62,43.5,18.095775956098194,-84.33943939208984,0.15770792961120605,0.10194516181945801
20250723_161911_335,-45,NO_RADIO,62,43.5,18.247116964582304,-84.1883056640625,0.16303300857543945,0.1583700180053711
20250723_161911_658,-45,NO_RADIO,62,43.5,18.26984487024147,-84.14881324768066,0.1642453670501709,0.10193824768066406
20250723_161911_925,-45,NO_RADIO,62,43.5,18.058533890675875,-84.46503295898438,0.2005596160888672,0.15841221809387207
20250723_161912_286,-45,62,62,43.5,17.89828445331173,-84.43156051635742,0.24406027793884277,0.10184550285339355
20250723_161912_633,-45,62,62,43.5,18.29925775548884,-84.08377609252929,0.23094558715820312,0.15828847885131836
20250723_161913_023,-45,62,62,43.5,18.296026935881017,-84.20007209777832,0.23357081413269043,0.10194706916809082
20250723_161913_360,-45,NO_RADIO,62,43.5,18.32309121533541,-84.07231979370117,0.15739965438842773,0.1583693027496338
20250723_161913_677,-45,NO_RADIO,62,43.5,18.218350561823584,-84.03179702758788,0.16020584106445312,0.1020050048828125
20250723_161913_941,-45,NO_RADIO,62,43.5,17.462640244738736,-84.89446487426758,0.1651310920715332,0.1583566665649414
20250723_161914_265,-45,NO_RADIO,62,43.5,17.405020020926884,-84.7970199584961,0.16054201126098633,0.10192084312438965
20250723_161914_529,-44,NO_RADIO,62,43.5,17.694309452565946,-84.77999916076661,0.16179585456848145,0.15838623046875
20250723_161914_851,-44,61,61,42.1,17.366133562548868,-85.02350769042968,0.23709821701049805,0.10207390785217285
20250723_161915_191,-44,61,61,42.1,18.1582231320684,-84.20315856933594,0.23136425018310547,0.15846753120422363
20250723_161915_582,-44,61,61,42.1,18.09003822452071,-84.33902473449707,0.23018193244934082,0.1019735336303711
20250723_161915_916,-44,61,61,42.1,18.245486956105296,-84.18990325927734,0.2317357063293457,0.15848207473754883
20250723_161916_307,-44,61,61,42.1,18.22008198102857,-84.20007209777832,0.2316596508026123,0.10195612907409668
20250723_161916_642,-44,61,61,42.1,18.34457839713609,-84.01956939697266,0.22925019264221191,0.15838384628295898
20250723_161917_031,-44,61,61,42.1,18.241490332860224,-84.18990325927734,0.2608680725097656,0.1020357608795166
20250723_161917_395,-44,61,61,42.1,18.294971676372853,-84.1437831878662,0.23186445236206055,0.15845537185668945
20250723_161917_787,-44,61,61,42.1,18.32256036994083,-84.0399185180664,0.2331676483154297,0.10192441940307617
20250723_161918_123,-44,61,61,42.1,18.222888455358955,-84.2543888092041,0.23300957679748535,0.1583096981048584
20250723_161918_516,-43,61,61,42.1,18.308046254467726,-84.1500015258789,0.23601603507995605,0.10201478004455566
20250723_161918_855,-43,61,61,42.1,17.44066039148801,-85.00766563415527,0.23283720016479492,0.15828609466552734
20250723_161919_247,-43,60,60,40.6,17.588041284737372,-84.78459091186524,0.23310446739196777,0.10196542739868164
20250723_161919_584,-43,61,61,42.1,17.674374489502455,-84.73597717285156,0.2319486141204834,0.15834665298461914
20250723_161919_975,-43,60,60,40.6,17.601867447504432,-84.68475341796875,0.22949886322021484,0.10191679000854492
20250723_161920_308,-43,60,60,40.6,19.016375223653412,-83.4463607788086,0.2320864200592041,0.1582193374633789
20250723_161920_700,-43,60,60,40.6,19.014103772842972,-83.34585113525391,0.23147940635681152,0.10199093818664551
20250723_161921_034,-43,60,60,40.6,19.222394153439822,-83.31995811462403,0.23133015632629395,0.158308744430542
20250723_161921_425,-43,60,60,40.6,19.147378597519108,-83.28813934326172,0.23337125778198242,0.10193490982055664
20250723_161921_762,-43,NO_RADIO,60,40.6,18.84049702070125,-83.3927505493164,0.15721559524536133,0.1583542823791504
20250723_161922_079,-43,60,60,40.6,18.865823638467816,-83.45639038085938,0.2771439552307129,0.1019749641418457
20250723_161922_459,-42,NO_RADIO,60,40.6,19.017598581557777,-83.35344467163085,0.15658903121948242,0.1583118438720703
20250723_161922_775,-42,NO_RADIO,60,40.6,18.48174379678919,-83.91045379638672,0.1629323959350586,0.1020059585571289
20250723_161923_041,-42,NO_RADIO,60,40.6,18.192005105635857,-84.1437831878662,0.1608128547668457,0.1582486629486084
20250723_161923_362,-42,NO_RADIO,60,40.6,18.073122447660438,-84.28870506286621,0.1643373966217041,0.10202479362487793
20250723_161923_629,-42,60,60,40.6,17.923853465350675,-84.45152282714844,0.2450399398803711,0.1583244800567627
20250723_161924_034,-42,NO_RADIO,60,40.6,18.007572473425554,-84.49990234375,0.15753459930419922,0.10202217102050781
20250723_161924_295,-42,NO_RADIO,60,40.6,18.007618165000764,-84.38937911987304,0.16618728637695312,0.1583414077758789
20250723_161924_621,-42,NO_RADIO,60,40.6,17.907622794883167,-84.40592079162597,0.16794753074645996,0.10200905799865723
20250723_161924_892,-42,NO_RADIO,60,40.6,17.92356918221516,-84.40592079162597,0.17046189308166504,0.15841126441955566
20250723_161925_222,-42,NO_RADIO,60,40.6,17.829157321903523,-84.63665618896485,0.1673586368560791,0.10244965553283691
20250723_161925_493,-42,NO_RADIO,60,40.6,18.138731471244895,-84.14973678588868,0.1668989658355713,0.15836501121520996
20250723_161925_820,-42,60,60,40.6,18.10137245058877,-84.25129318237305,0.24817752838134766,0.10196352005004883
20250723_161926_171,-42,NO_RADIO,60,40.6,18.12708463264343,-84.17922973632812,0.15787458419799805,0.1583559513092041
20250723_161926_489,-41,60,60,40.6,18.21166730464863,-84.07231979370117,0.23537564277648926,0.10181999206542969
20250723_161926_827,-41,59,59,39.2,18.89224957659178,-83.49550552368164,0.22978901863098145,0.15834426879882812
20250723_161927_216,-41,59,59,39.2,18.9558936589829,-83.3033676147461,0.2605721950531006,0.10204195976257324
20250723_161927_580,-41,59,59,39.2,18.99889790286707,-83.28813934326172,0.23219823837280273,0.15834426879882812
20250723_161927_972,-41,59,59,39.2,18.954447325471406,-83.42927017211915,0.23363399505615234,0.10194849967956543
20250723_161928_309,-41,59,59,39.2,18.61627113113218,-83.82361602783203,0.23166489601135254,0.15831899642944336
20250723_161928_700,-41,59,59,39.2,18.615671420030196,-83.75488815307617,0.23176789283752441,0.10196995735168457
20250723_161929_035,-41,59,59,39.2,18.73580139362207,-83.6190975189209,0.2332000732421875,0.15829992294311523
20250723_161929_428,-41,59,59,39.2,18.74604774791895,-83.62672424316406,0.23211240768432617,0.10196042060852051
20250723_161929_763,-41,59,59,39.2,18.88391393303992,-83.46215057373047,0.23380398750305176,0.15827441215515137
20250723_161930_157,-41,59,59,39.2,18.9537733641002,-83.3735466003418,0.23175263404846191,0.10195446014404297
20250723_161930_492,-40,59,59,39.2,17.920386237715206,-84.47586860656739,0.23024606704711914,0.15840458869934082
20250723_161930_882,-40,59,59,39.2,18.044291395746328,-84.33943939208984,0.23297548294067383,0.10203146934509277
20250723_161931_218,-40,58,58,37.7,19.698509862918087,-82.94305458068848,0.23013830184936523,0.15840411186218262
20250723_161931_608,-40,58,58,37.7,19.66735379364647,-82.6994255065918,0.2318406105041504,0.10203146934509277
20250723_161931_943,-40,58,58,37.7,19.771719722167504,-82.65668487548828,0.2320690155029297,0.15827107429504395
20250723_161932_335,-40,58,58,37.7,19.766787973799126,-82.6940185546875,0.23330283164978027,0.10190486907958984
20250723_161932_671,-40,NO_RADIO,58,37.7,19.770917822671564,-82.62394790649414,0.15833330154418945,0.1583256721496582
20250723_161932_989,-40,NO_RADIO,58,37.7,19.58492730869648,-82.83061294555664,0.16328763961791992,0.10209274291992188
20250723_161933_256,-40,NO_RADIO,58,37.7,19.714048164902266,-82.61929321289062,0.16745829582214355,0.15830445289611816
20250723_161933_583,-40,58,58,37.7,19.783933318955818,-82.65781173706054,0.2443408966064453,0.10202312469482422
20250723_161933_931,-40,58,58,37.7,19.467775396375174,-82.93584442138672,0.2323143482208252,0.1584317684173584
20250723_161934_323,-40,58,58,37.7,19.52971717220649,-82.85373039245606,0.23020601272583008,0.10195422172546387
20250723_161934_656,-39,58,58,37.7,18.41066295687456,-84.00123405456543,0.23240399360656738,0.1583552360534668
20250723_161935_048,-39,58,58,37.7,18.529168249355948,-83.83800964355468,0.23149371147155762,0.10192465782165527
20250723_161935_383,-39,58,58,37.7,18.49176736999175,-84.03179702758788,0.22930622100830078,0.1584019660949707
20250723_161935_772,-39,58,58,37.7,18.421130858430374,-83.88297271728516,0.2301340103149414,0.10193920135498047
20250723_161936_105,-39,NO_RADIO,58,37.7,18.754063365092605,-83.48004035949707,0.1572105884552002,0.15829682350158691
20250723_161936_422,-39,NO_RADIO,58,37.7,18.90741377725392,-83.51512985229492,0.16083788871765137,0.10195183753967285
20250723_161936_686,-39,58,58,37.7,18.77469934766222,-83.63788604736328,0.2371535301208496,0.158308744430542
20250723_161937_083,-39,58,58,37.7,18.800899614092643,-83.5690086364746,0.23176860809326172,0.10228824615478516
20250723_161937_418,-39,58,58,37.7,18.913652740037747,-83.575146484375,0.2601504325866699,0.15835118293762207
20250723_161937_838,-39,58,58,37.7,18.913499999017333,-83.43611907958984,0.23299956321716309,0.10198521614074707
20250723_161938_175,-39,NO_RADIO,58,37.7,18.729526109910495,-83.67608261108398,0.15710735321044922,0.15847301483154297
20250723_161938_491,-38,58,58,37.7,18.73981241902743,-83.55143241882324,0.24322175979614258,0.10197329521179199
20250723_161938_838,-38,NO_RADIO,58,37.7,17.16358163193253,-85.2263412475586,0.1583540439605713,0.15837860107421875
20250723_161939_156,-38,57,57,36.3,17.151343431636988,-85.1677017211914,0.2342979907989502,0.10223603248596191
20250723_161939_494,-38,57,57,36.3,17.418817886828933,-84.93424415588379,0.23115825653076172,0.15836739540100098
20250723_161939_884,-38,57,57,36.3,17.59522699264339,-84.6271873474121,0.23328399658203125,0.10196304321289062
20250723_161940_221,-38,57,57,36.3,17.819175719910305,-84.49990234375,0.23250746726989746,0.15838170051574707
20250723_161940_613,-38,57,57,36.3,17.87712922299987,-84.59567832946777,0.23340892791748047,0.10193681716918945
20250723_161940_950,-38,57,57,36.3,17.87651306068534,-84.48743705749511,0.23043370246887207,0.15827560424804688
20250723_161941_340,-38,57,57,36.3,18.0127340391994,-84.43170166015625,0.23322319984436035,0.10196995735168457
20250723_161941_676,-38,57,57,36.3,17.658961607250546,-84.69045028686523,0.23498249053955078,0.1584012508392334
20250723_161942_071,-38,57,57,36.3,17.570194452725815,-84.70261611938477,0.23394107818603516,0.10197734832763672
20250723_161942_408,-37,57,57,36.3,16.839741446461176,-85.57539215087891,0.2613232135772705,0.15840768814086914
20250723_161942_829,-37,57,57,36.3,16.371051836153427,-85.78691101074219,0.23306965827941895,0.10192227363586426
20250723_161943_165,-37,56,56,34.8,19.321830499417416,-83.02484893798828,0.23247790336608887,0.1583082675933838
20250723_161943_557,-37,56,56,34.8,19.30125912587509,-83.11697196960449,0.23165392875671387,0.1020040512084961
20250723_161943_892,-37,56,56,34.8,19.371257973978544,-83.04092178344726,0.2335224151611328,0.15836238861083984
20250723_161944_285,-37,56,56,34.8,19.40014908062858,-82.94385528564453,0.23193025588989258,0.1019430160522461
20250723_161944_621,-37,56,56,34.8,19.2072405379636,-83.1970272064209,0.2322235107421875,0.15876030921936035
20250723_161945_013,-37,56,56,34.8,19.370898749567218,-83.13968696594239,0.23087573051452637,0.10195755958557129
20250723_161945_348,-37,56,56,34.8,19.386955674618434,-83.1010311126709,0.23282170295715332,0.15833401679992676
20250723_161945_740,-37,56,56,34.8,19.402712926097124,-83.06591796875,0.23264431953430176,0.10200977325439453
20250723_161946_076,-37,56,56,34.8,19.37879857889476,-82.88953552246093,0.23247814178466797,0.15852928161621094
20250723_161946_468,-36,56,56,34.8,19.425409429037458,-83.03067626953126,0.23199725151062012,0.10246419906616211
20250723_161946_805,-36,56,56,34.8,18.30824874157345,-84.03488998413086,0.2338414192199707,0.15851998329162598
20250723_161947_198,-36,56,56,34.8,18.336685534182493,-84.03501892089844,0.22973203659057617,0.1020350456237793
20250723_161947_531,-36,55,55,33.4,19.79503986827831,-82.6059066772461,0.23203539848327637,0.15871095657348633
20250723_161947_924,-36,56,56,34.8,20.001257608842565,-82.49252548217774,0.2341306209564209,0.10187721252441406
20250723_161948_261,-36,56,56,34.8,18.51015036588481,-83.85950660705566,0.23028111457824707,0.15830373764038086
20250723_161948_651,-36,56,56,34.8,18.287568134942447,-84.14881324768066,0.2328662872314453,0.10204434394836426
20250723_161948_987,-36,56,56,34.8,18.29667848541493,-84.14881324768066,0.23036861419677734,0.15856289863586426
20250723_161949_377,-36,55,55,33.4,18.29522194792537,-84.01097526550294,0.23157477378845215,0.1018829345703125
20250723_161949_712,-36,56,56,34.8,18.362716461185713,-84.08429718017578,0.23352909088134766,0.15829682350158691
20250723_161950_105,-36,56,56,34.8,18.33526521307347,-84.004052734375,0.2318582534790039,0.10198664665222168
20250723_161950_440,-35,56,56,34.8,17.06247730969784,-85.2263412475586,0.2296433448791504,0.1583271026611328
20250723_161950_829,-35,56,56,34.8,17.28283692082472,-84.96305084228516,0.23192739486694336,0.1018989086151123
20250723_161951_164,-35,55,55,33.4,18.977295472056568,-83.30085906982421,0.2316148281097412,0.15823054313659668
20250723_161951_556,-35,55,55,33.4,18.94407929799503,-83.34926261901856,0.23051190376281738,0.10200071334838867
20250723_161951_889,-35,55,55,33.4,19.198880438433704,-83.25127296447754,0.23110413551330566,0.15837645530700684
20250723_161952_280,-35,55,55,33.4,19.105671115787885,-83.3191967010498,0.2324995994567871,0.10191202163696289
20250723_161952_616,-35,55,55,33.4,18.94095631705183,-83.46068115234375,0.2626338005065918,0.15821361541748047
20250723_161953_038,-35,55,55,33.4,19.042234046044527,-83.26745300292968,0.23144960403442383,0.1019442081451416
20250723_161953_373,-35,55,55,33.4,19.01331848442588,-83.50634841918945,0.23235106468200684,0.1583385467529297
20250723_161953_765,-35,55,55,33.4,18.89492349770859,-83.50862121582031,0.2314298152923584,0.10199832916259766
20250723_161954_099,-35,55,55,33.4,19.00548325770515,-83.24492645263672,0.23082709312438965,0.15841889381408691
20250723_161954_490,-34,55,55,33.4,19.00366515560249,-83.35355491638184,0.23059606552124023,0.10212516784667969
20250723_161954_824,-34,55,55,33.4,17.40680411562296,-84.90594482421875,0.23095321655273438,0.15835022926330566
20250723_161955_214,-34,54,54,31.9,17.41969827837218,-84.90547256469726,0.23072433471679688,0.10196471214294434
20250723_161955_548,-34,54,54,31.9,18.395753936858327,-83.9703815460205,0.22997689247131348,0.15831804275512695
20250723_161955_938,-34,54,54,31.9,18.405794149605782,-83.85813903808594,0.2297840118408203,0.10203289985656738
20250723_161956_271,-34,54,54,31.9,18.499669648573956,-83.82251358032227,0.22993874549865723,0.15829849243164062
20250723_161956_660,-34,54,54,31.9,18.520308024553344,-83.71985702514648,0.23124480247497559,0.10195088386535645
20250723_161956_995,-34,54,54,31.9,17.69177636147724,-84.88707733154297,0.2318720817565918,0.15842294692993164
20250723_161957_387,-34,54,54,31.9,18.072973954709312,-84.14470672607422,0.22980690002441406,0.10195016860961914
20250723_161957_720,-34,54,54,31.9,18.423822033971646,-84.03244018554688,0.26197314262390137,0.15824151039123535
20250723_161958_141,-34,54,54,31.9,18.339861433483918,-84.01097526550294,0.2320544719696045,0.10197067260742188
20250723_161958_476,-33,54,54,31.9,17.328466059467857,-84.96161842346191,0.2330918312072754,0.15827250480651855
20250723_161958_869,-33,54,54,31.9,17.20203160621338,-85.14117202758788,0.23301100730895996,0.10193705558776855
20250723_161959_205,-33,54,54,31.9,17.302231147057682,-85.05128898620606,0.23215842247009277,0.15827322006225586
20250723_161959_597,-33,53,53,30.5,17.141699895313423,-85.11562614440918,0.23328423500061035,0.10191679000854492
20250723_161959_933,-33,54,54,31.9,17.347393059064586,-85.02334632873536,0.23241734504699707,0.15835046768188477
20250723_162000_326,-33,54,54,31.9,17.187876031453456,-85.142333984375,0.23273706436157227,0.10199618339538574
20250723_162000_662,-33,54,54,31.9,17.12372047658701,-85.11562614440918,0.2307145595550537,0.15825796127319336
20250723_162001_052,-33,54,54,31.9,17.156930648465405,-85.30111846923828,0.23224401473999023,0.10201239585876465
20250723_162001_387,-33,54,54,31.9,17.33243684768412,-85.11909484863281,0.23285126686096191,0.1583237648010254
20250723_162001_780,-33,53,53,30.5,17.3475354487598,-84.93424415588379,0.23105835914611816,0.10195755958557129
20250723_162002_114,-33,53,53,30.5,19.510401010812217,-82.94586181640625,0.2299938201904297,0.15835785865783691
20250723_162002_504,-32,54,54,31.9,19.472688933946472,-82.78588371276855,0.2572052478790283,0.10191130638122559
20250723_162002_864,-32,54,54,31.9,15.401830070809538,-86.76518783569335,0.2299485206604004,0.15828371047973633
20250723_162003_254,-32,53,53,30.5,15.498369082916312,-86.86745071411133,0.2318570613861084,0.10198450088500977
20250723_162003_589,-32,53,53,30.5,18.21137169562715,-84.20262336730957,0.23068904876708984,0.1582355499267578
20250723_162003_979,-32,53,53,30.5,18.372410833514394,-83.99128379821778,0.2304682731628418,0.1019287109375
20250723_162004_313,-32,53,53,30.5,18.586705770087462,-83.91797637939453,0.23262691497802734,0.1582329273223877
20250723_162004_705,-32,53,53,30.5,18.373007674448587,-83.99280319213867,0.2293860912322998,0.10200262069702148
20250723_162005_037,-32,53,53,30.5,18.375513828639484,-84.01957664489746,0.23203253746032715,0.15829873085021973
20250723_162005_429,-32,53,53,30.5,18.0813615391245,-84.33902473449707,0.2325756549835205,0.10201406478881836
20250723_162005_765,-32,53,53,30.5,18.542799494640818,-83.79412078857422,0.23321318626403809,0.15832924842834473
20250723_162006_158,-32,53,53,30.5,18.603344515591118,-83.74089050292969,0.23159360885620117,0.10199499130249023
20250723_162006_493,-31,53,53,30.5,16.8428703125562,-85.41636848449707,0.229966402053833,0.15844035148620605
20250723_162006_882,-31,53,53,30.5,17.069884269404824,-85.3016357421875,0.23020482063293457,0.10198450088500977
20250723_162007_216,-31,52,52,29.0,19.458830535878263,-82.86386489868164,0.2302262783050537,0.15837407112121582
20250723_162007_606,-31,52,52,29.0,19.75582390948908,-82.77564849853516,0.2646336555480957,0.1019284725189209
20250723_162007_974,-31,52,52,29.0,19.299884770763242,-83.06591796875,0.23166489601135254,0.15825772285461426
20250723_162008_365,-31,52,52,29.0,19.164992305975574,-83.19989814758301,0.2317061424255371,0.10195469856262207
20250723_162008_700,-31,52,52,29.0,19.707381918278344,-82.83852767944336,0.23267197608947754,0.15831565856933594
20250723_162009_092,-31,52,52,29.0,19.752129158331485,-82.77844505310058,0.23109006881713867,0.10196781158447266
20250723_162009_426,-31,52,52,29.0,19.654415589280916,-82.76312255859375,0.23169302940368652,0.1582932472229004
20250723_162009_818,-31,52,52,29.0,19.561149831759963,-82.80100517272949,0.23198318481445312,0.10199904441833496
20250723_162010_153,-31,52,52,29.0,19.46099850965463,-82.94385528564453,0.23244190216064453,0.15840816497802734
20250723_162010_545,-30,52,52,29.0,19.319757467410966,-83.17412300109864,0.23444533348083496,0.1018977165222168
20250723_162010_883,-30,52,52,29.0,18.046399473647824,-84.21348342895507,0.23085498809814453,0.15830016136169434
20250723_162011_273,-30,52,52,29.0,18.042267265138662,-84.29814910888672,0.23323512077331543,0.10192513465881348
20250723_162011_610,-30,51,51,27.6,20.16133448098158,-82.26860809326172,0.23115992546081543,0.15834355354309082
20250723_162012_001,-30,51,51,27.6,20.137146047672474,-82.33060569763184,0.23168325424194336,0.10203242301940918
20250723_162012_336,-30,51,51,27.6,20.446612999569567,-81.9122989654541,0.23191618919372559,0.158400297164917
20250723_162012_727,-30,51,51,27.6,20.417241825203746,-82.06597900390625,0.23592019081115723,0.10204148292541504
20250723_162013_066,-30,51,51,27.6,20.08759333597,-82.37720260620118,0.2325882911682129,0.15830421447753906
20250723_162013_458,-30,51,51,27.6,19.965568348215925,-82.45122756958008,0.23180532455444336,0.10184144973754883
20250723_162013_793,-30,51,51,27.6,20.01998474459556,-82.39174194335938,0.2328634262084961,0.15831947326660156
20250723_162014_186,-30,51,51,27.6,20.345909769960485,-81.98294410705566,0.23178839683532715,0.10199189186096191
20250723_162014_521,-29,51,51,27.6,19.26229392236938,-83.18090057373047,0.23081016540527344,0.15830087661743164
20250723_162014_911,-29,51,51,27.6,19.20632625577926,-83.1915054321289,0.23223352432250977,0.10199499130249023
20250723_162015_247,-29,51,51,27.6,18.905615549397723,-83.5518928527832,0.2303752899169922,0.1583237648010254
20250723_162015_637,-29,50,50,26.1,18.904850044675328,-83.42680358886719,0.2318878173828125,0.10196995735168457
20250723_162015_972,-29,51,51,27.6,19.20858005035558,-83.19065742492675,0.23275184631347656,0.1583108901977539
20250723_162016_364,-29,51,51,27.6,19.117434842551745,-83.16809997558593,0.22916340827941895,0.10189318656921387
20250723_162016_696,-29,51,51,27.6,19.51587886491491,-82.81840744018555,0.2306809425354004,0.1582798957824707
20250723_162017_087,-29,51,51,27.6,19.40814154070823,-83.04122924804688,0.23122000694274902,0.10188984870910645
20250723_162017_421,-29,51,51,27.6,19.09412519393898,-83.31165199279785,0.2330772876739502,0.1584315299987793
20250723_162017_814,-29,51,51,27.6,19.18681133866791,-83.23171920776367,0.26094770431518555,0.10239267349243164
20250723_162018_179,-29,51,51,27.6,18.99003347086152,-83.42713928222656,0.2311406135559082,0.15860629081726074
20250723_162018_570,-28,51,51,27.6,18.908886716194488,-83.57479934692383,0.23278307914733887,0.10201191902160645
20250723_162018_906,-28,51,51,27.6,18.058184956343112,-84.43156051635742,0.2304999828338623,0.15847420692443848
20250723_162019_296,-28,50,50,26.1,17.950897688451207,-84.46574401855469,0.2293093204498291,0.10202717781066895
20250723_162019_629,-28,50,50,26.1,19.73424811636643,-82.66965751647949,0.23357439041137695,0.15821027755737305
20250723_162020_022,-28,50,50,26.1,19.577203194498978,-82.83813743591308,0.23178672790527344,0.10205078125
20250723_162020_357,-28,50,50,26.1,20.00511348542554,-82.35873870849609,0.2338719367980957,0.15837693214416504
20250723_162020_751,-28,50,50,26.1,20.015087300692826,-82.4513168334961,0.23255133628845215,0.10203242301940918
20250723_162021_087,-28,50,50,26.1,19.76123551396492,-82.65846786499023,0.231248140335083,0.1584177017211914
20250723_162021_478,-28,50,50,26.1,19.74128911694757,-82.6717300415039,0.23295903205871582,0.10193371772766113
20250723_162021_814,-28,50,50,26.1,19.78873905930017,-82.72671508789062,0.2324979305267334,0.15826940536499023
20250723_162022_206,-28,50,50,26.1,19.735745568049367,-82.7091049194336,0.23284006118774414,0.10200858116149902
20250723_162022_542,-27,50,50,26.1,18.33965185899831,-83.97000160217286,0.2314467430114746,0.15865445137023926
20250723_162022_934,-27,50,50,26.1,18.4502867011345,-83.95072937011719,0.2614409923553467,0.10201025009155273
20250723_162023_298,-27,49,49,24.7,19.960526793930086,-82.56564331054688,0.23359012603759766,0.15829157829284668
20250723_162023_691,-27,49,49,24.7,19.8445242557639,-82.52355194091797,0.23147869110107422,0.10195183753967285
20250723_162024_026,-27,49,49,24.7,20.046153834845256,-82.37956085205079,0.23340249061584473,0.15829205513000488
20250723_162024_419,-27,49,49,24.7,20.183294816964377,-82.21434020996094,0.23139357566833496,0.10198664665222168
20250723_162024_754,-27,49,49,24.7,19.729945806661235,-82.53778190612793,0.23289251327514648,0.15829825401306152
20250723_162025_146,-27,50,50,26.1,19.872404255709,-82.4513168334961,0.2320270538330078,0.10199165344238281
20250723_162025_482,-27,49,49,24.7,20.026601159208653,-82.22079086303711,0.23948025703430176,0.15831685066223145
20250723_162025_881,-27,49,49,24.7,20.130803209670802,-82.24130592346191,0.23466968536376953,0.10198187828063965
20250723_162026_219,-27,49,49,24.7,20.257299637557665,-82.18560791015625,0.23189854621887207,0.1583712100982666
20250723_162026_610,-26,49,49,24.7,20.223339593788978,-82.1795497894287,0.23348593711853027,0.10195732116699219
20250723_162026_947,-26,49,49,24.7,18.501954965800735,-83.88048553466797,0.23120546340942383,0.1583404541015625
20250723_162027_338,-26,49,49,24.7,18.477260298178052,-83.95744323730469,0.23288655281066895,0.1018972396850586
20250723_162027_674,-26,49,49,24.7,18.7591534640747,-83.59386253356934,0.23225927352905273,0.15828347206115723
20250723_162028_066,-26,49,49,24.7,18.85083299464216,-83.37056121826171,0.26060962677001953,0.10198807716369629
20250723_162028_430,-26,49,49,24.7,18.692637073334268,-83.63788604736328,0.23320555686950684,0.15830588340759277
20250723_162028_822,-26,49,49,24.7,18.63542289946315,-83.77148323059082,0.2352771759033203,0.10202956199645996
20250723_162029_161,-26,49,49,24.7,18.594134276665415,-83.7336654663086,0.23305177688598633,0.15831446647644043
20250723_162029_554,-26,49,49,24.7,18.405143312457625,-83.91045379638672,0.23227667808532715,0.10195660591125488
20250723_162029_889,-26,49,49,24.7,18.209764097428803,-84.15888786315918,0.23421072959899902,0.1582949161529541
20250723_162030_283,-26,49,49,24.7,18.406251842762273,-83.99318466186523,0.23303937911987305,0.1019442081451416
20250723_162030_619,-25,49,49,24.7,17.200537110996564,-85.11579132080078,0.23187875747680664,0.15833687782287598
20250723_162031_011,-25,49,49,24.7,17.147674393480756,-84.95795516967773,0.232468843460083,0.10193872451782227
20250723_162031_346,-25,48,48,23.2,19.20330587166748,-83.16767768859863,0.23349857330322266,0.15831899642944336
20250723_162031_739,-25,48,48,23.2,19.174416808159208,-83.1915054321289,0.23183369636535645,0.10191488265991211
20250723_162032_075,-25,48,48,23.2,19.619120332206123,-82.77960433959962,0.23230624198913574,0.1583852767944336
20250723_162032_467,-25,48,48,23.2,19.564681958499875,-82.78037528991699,0.23282909393310547,0.10195779800415039
20250723_162032_803,-25,48,48,23.2,19.729718182275064,-82.66965751647949,0.23094964027404785,0.158308744430542
20250723_162033_193,-25,48,48,23.2,19.278155879411912,-83.10945892333984,0.2650279998779297,0.10198450088500977
20250723_162033_562,-25,48,48,23.2,19.62144999020225,-82.82514190673828,0.23378515243530273,0.15832853317260742
20250723_162033_955,-25,48,48,23.2,19.630222982891908,-82.78578720092773,0.2308063507080078,0.10194945335388184
20250723_162034_289,-25,48,48,23.2,19.5660871303767,-82.85373039245606,0.23160266876220703,0.15837812423706055
20250723_162034_680,-24,48,48,23.2,18.740476160015618,-83.68497505187989,0.23305869102478027,0.10197067260742188
20250723_162035_016,-24,48,48,23.2,18.227436989230497,-84.17922973632812,0.23189854621887207,0.15828371047973633
20250723_162035_408,-24,47,47,21.8,17.8616255100182,-84.47428894042969,0.23018193244934082,0.10203146934509277
20250723_162035_741,-24,47,47,21.8,19.35789858552667,-83.09822235107421,0.23403096199035645,0.1583240032196045
20250723_162036_135,-24,47,47,21.8,19.382359160936147,-83.02413482666016,0.23014330863952637,0.10195255279541016
20250723_162036_468,-24,47,47,21.8,19.253988741848858,-83.18090057373047,0.23002219200134277,0.15839481353759766
20250723_162036_858,-24,47,47,21.8,19.01293951780039,-83.31208801269531,0.23262691497802734,0.10191631317138672
20250723_162037_194,-24,47,47,21.8,19.300699116721646,-82.98214683532714,0.22819042205810547,0.15826988220214844
20250723_162037_582,-24,47,47,21.8,19.39801553775351,-82.91327476501465,0.2321457862854004,0.10203266143798828
20250723_162037_917,-24,47,47,21.8,19.526300429784854,-82.85422058105469,0.22987961769104004,0.1583242416381836
20250723_162038_307,-24,47,47,21.8,19.451512110631143,-82.98153343200684,0.23264288902282715,0.10193514823913574
20250723_162038_643,-23,47,47,21.8,17.57583885602594,-84.5958251953125,0.2310657501220703,0.15830230712890625
20250723_162039_033,-23,47,47,21.8,17.657483649423867,-84.70261611938477,0.2282884120941162,0.1019432544708252
20250723_162039_365,-23,47,47,21.8,17.818067603880138,-84.48857879638672,0.2320563793182373,0.15831804275512695
20250723_162039_756,-23,46,46,20.3,17.859489838458856,-84.49990234375,0.22889328002929688,0.10199427604675293
20250723_162040_089,-23,47,47,21.8,17.87014530233658,-84.47386169433594,0.23253250122070312,0.1582479476928711
20250723_162040_481,-23,47,47,21.8,17.859815615498405,-84.43170166015625,0.22959566116333008,0.10192060470581055
20250723_162040_814,-23,47,47,21.8,18.258161505755126,-84.17829856872558,0.23194122314453125,0.1583237648010254
20250723_162041_205,-23,47,47,21.8,18.11504100015216,-84.22209930419922,0.23308324813842773,0.10203003883361816
20250723_162041_542,-23,46,46,20.3,19.67419628332641,-82.84254684448243,0.22913742065429688,0.1583094596862793
20250723_162041_930,-23,47,47,21.8,19.73097144909559,-82.64272117614746,0.2303764820098877,0.10202169418334961
20250723_162042_264,-23,47,47,21.8,18.179271694950017,-84.18990325927734,0.23008441925048828,0.1583237648010254
20250723_162042_654,-22,47,47,21.8,17.87771842586433,-84.4771499633789,0.2310466766357422,0.10189962387084961
20250723_162042_988,-22,47,47,21.8,15.411654104813948,-86.7116081237793,0.2355027198791504,0.1584606170654297
20250723_162043_383,-22,46,46,20.3,15.491165743492914,-86.75119018554688,0.25937724113464355,0.10200858116149902
20250723_162043_746,-22,46,46,20.3,17.51706051768062,-84.8216781616211,0.23415708541870117,0.15835237503051758
20250723_162044_140,-22,46,46,20.3,17.333182359634534,-85.00766563415527,0.23587679862976074,0.10195016860961914
20250723_162044_479,-22,46,46,20.3,17.285880893937943,-85.08563575744628,0.23232460021972656,0.15832781791687012
20250723_162044_871,-22,46,46,20.3,17.321525516334745,-85.02334632873536,0.2327101230621338,0.10193419456481934
20250723_162045_207,-22,46,46,20.3,17.75016377986543,-84.62659988403321,0.23112845420837402,0.15825700759887695
20250723_162045_598,-22,46,46,20.3,17.812297549800434,-84.3979263305664,0.23359918594360352,0.10194873809814453
20250723_162045_934,-22,46,46,20.3,17.581239474737487,-84.74811553955078,0.2325301170349121,0.15832972526550293
20250723_162046_326,-22,46,46,20.3,17.502753280297426,-84.78474426269531,0.23038339614868164,0.10193490982055664
20250723_162046_660,-21,46,46,20.3,15.662000102037666,-86.38617706298828,0.23178625106811523,0.15821528434753418
20250723_162047_051,-21,46,46,20.3,15.6635147692255,-86.58568572998047,0.23191046714782715,0.10195422172546387
20250723_162047_386,-21,45,45,18.9,18.401687989513007,-83.91283111572265,0.23310256004333496,0.15825986862182617
20250723_162047_779,-21,45,45,18.9,18.83193542509993,-83.62637214660644,0.23485064506530762,0.10190367698669434
20250723_162048_117,-21,45,45,18.9,18.896892694268317,-83.5916519165039,0.22915863990783691,0.15836572647094727
20250723_162048_506,-21,45,45,18.9,18.95212195095553,-83.51376304626466,0.26210689544677734,0.1019747257232666
20250723_162048_871,-21,45,45,18.9,18.9514033164521,-83.48026618957519,0.22881603240966797,0.15826082229614258
20250723_162049_259,-21,45,45,18.9,18.89601073554597,-83.49697990417481,0.23347830772399902,0.10192537307739258
20250723_162049_596,-21,45,45,18.9,19.28334662092483,-83.18090057373047,0.23168396949768066,0.15834689140319824
20250723_162049_987,-21,45,45,18.9,19.364516852404407,-83.04317893981934,0.23143649101257324,0.10190534591674805
20250723_162050_322,-20,45,45,18.9,19.325923506506257,-83.11738815307618,0.23219633102416992,0.15862774848937988
20250723_162050_714,-20,45,45,18.9,17.880264218321386,-84.56060752868652,0.2322244644165039,0.10188055038452148
20250723_162051_049,-20,45,45,18.9,16.709038428796504,-85.61658477783203,0.23248958587646484,0.1583089828491211
20250723_162051_441,-20,45,45,18.9,16.74101836536947,-85.63424797058106,0.23261547088623047,0.10191631317138672
20250723_162051_777,-20,45,45,18.9,16.57795912852758,-85.63517761230469,0.25052356719970703,0.15826702117919922
20250723_162052_187,-20,45,45,18.9,16.723334745192815,-85.53549308776856,0.23152685165405273,0.10195565223693848
20250723_162052_522,-20,45,45,18.9,17.069853212742032,-85.17222595214844,0.23200011253356934,0.1582796573638916
20250723_162052_914,-20,45,45,18.9,16.960882061721506,-85.3289909362793,0.23185992240905762,0.10195541381835938
20250723_162053_249,-20,45,45,18.9,17.091998254964565,-85.15500335693359,0.2304227352142334,0.15829849243164062
20250723_162053_639,-20,45,45,18.9,17.35162931499869,-84.93123626708984,0.2317185401916504,0.10190963745117188
20250723_162053_974,-20,45,45,18.9,17.572415946846945,-84.78459091186524,0.2335677146911621,0.15834689140319824
20250723_162054_367,-19,45,45,18.9,17.227279149603234,-85.07627868652344,0.2324233055114746,0.10206174850463867
20250723_162054_703,-19,45,45,18.9,14.736882282731472,-87.6643165588379,0.2353808879852295,0.15837645530700684
20250723_162055_098,-19,44,44,17.4,14.868613310852112,-87.39982604980469,0.231764554977417,0.10197806358337402
20250723_162055_433,-19,44,44,17.4,18.61355371982239,-83.72525787353516,0.23514842987060547,0.15837717056274414
20250723_162055_827,-19,44,44,17.4,18.584694779692697,-83.83062477111817,0.23196053504943848,0.10193705558776855
20250723_162056_163,-19,44,44,17.4,18.827670118886516,-83.5916519165039,0.2283623218536377,0.15834522247314453
20250723_162056_551,-19,44,44,17.4,18.82624819584187,-83.46316528320312,0.23097968101501465,0.1019582748413086
20250723_162056_885,-19,44,44,17.4,18.888012831510466,-83.54532623291016,0.22909832000732422,0.15833044052124023
20250723_162057_274,-19,44,44,17.4,18.702384844435628,-83.61242942810058,0.23230195045471191,0.10198593139648438
20250723_162057_609,-19,44,44,17.4,18.75115665622853,-83.49550552368164,0.2294154167175293,0.15830039978027344
20250723_162057_998,-19,44,44,17.4,18.680573772617137,-83.72164916992188,0.23152518272399902,0.1019282341003418
20250723_162058_333,-18,44,44,17.4,18.47957129508748,-83.94062805175781,0.23013973236083984,0.15834879875183105
20250723_162058_723,-18,44,44,17.4,16.44825396831476,-85.89103813171387,0.26275086402893066,0.1018836498260498
20250723_162059_089,-18,43,43,16.0,18.664565806093407,-83.62637214660644,0.23193764686584473,0.15826821327209473
20250723_162059_480,-18,43,43,16.0,18.678687888875174,-83.72621536254883,0.23076677322387695,0.10200667381286621
20250723_162059_814,-18,43,43,16.0,18.323252488290365,-84.0423755645752,0.23158884048461914,0.15829873085021973
20250723_162100_206,-18,43,43,16.0,18.093977811765214,-84.20007209777832,0.23162841796875,0.10188603401184082
20250723_162100_540,-18,43,43,16.0,18.358250073192053,-84.00123405456543,0.23028945922851562,0.1582934856414795
20250723_162100_930,-18,43,43,16.0,18.4873561672716,-83.87712936401367,0.23148131370544434,0.10200142860412598
20250723_162101_265,-18,43,43,16.0,18.322242065985165,-84.01957664489746,0.23111414909362793,0.15834355354309082
20250723_162101_656,-18,43,43,16.0,18.35005732291114,-84.01097526550294,0.22920894622802734,0.10193467140197754
20250723_162101_988,-18,43,43,16.0,18.891429297400222,-83.62672424316406,0.2314152717590332,0.15826630592346191
20250723_162102_379,-17,43,43,16.0,18.82630097615818,-83.42042541503906,0.23235702514648438,0.10197758674621582
20250723_162102_715,-17,43,43,16.0,16.882379985229562,-85.41689910888672,0.2323472499847412,0.15820741653442383
20250723_162103_107,-17,43,43,16.0,16.594849993852733,-85.67600784301757,0.23145484924316406,0.1020212173461914
20250723_162103_441,-17,42,42,14.5,19.85880061996326,-82.60368270874024,0.23216986656188965,0.15831255912780762
20250723_162103_833,-17,43,43,16.0,19.61490860693354,-82.73894424438477,0.26213860511779785,0.10197305679321289
20250723_162104_199,-17,43,43,16.0,17.221943913989392,-85.11562614440918,0.2291123867034912,0.1582658290863037
20250723_162104_587,-17,42,42,14.5,17.313902974091164,-85.02350769042968,0.23282742500305176,0.10193872451782227
20250723_162104_923,-17,42,42,14.5,19.684892387238193,-82.56417694091797,0.23302769660949707,0.1583116054534912
20250723_162105_316,-17,42,42,14.5,19.57860403373931,-82.82319831848145,0.23164749145507812,0.10205769538879395
20250723_162105_651,-17,42,42,14.5,19.60683848112619,-82.76312255859375,0.2326514720916748,0.15846037864685059
20250723_162106_043,-17,42,42,14.5,19.437586778275403,-82.91597595214844,0.2326364517211914,0.10198521614074707
20250723_162106_379,-16,42,42,14.5,18.32534409832445,-83.99394989013672,0.2346663475036621,0.15837430953979492
20250723_162106_773,-16,43,43,16.0,18.25932650804691,-84.18843841552734,0.23171496391296387,0.10197806358337402
20250723_162107_108,-16,42,42,14.5,17.778774678532884,-84.65491485595703,0.23670339584350586,0.15830206871032715
20250723_162107_505,-16,42,42,14.5,17.678618906948827,-84.67503547668457,0.23469209671020508,0.10196137428283691
20250723_162107_843,-16,41,41,13.1,20.144590570888013,-82.2412208557129,0.23399877548217773,0.1584033966064453
20250723_162108_236,-16,42,42,14.5,20.070452318230608,-82.28099060058594,0.2371196746826172,0.10201406478881836
20250723_162108_577,-16,42,42,14.5,18.677301940918426,-83.61242942810058,0.2326064109802246,0.15825605392456055
20250723_162108_969,-16,42,42,14.5,18.879693237587986,-83.46282653808593,0.2597060203552246,0.10198712348937988
20250723_162109_332,-16,42,42,14.5,18.167405007506602,-84.15636558532715,0.23079156875610352,0.15844464302062988
20250723_162109_722,-16,42,42,14.5,17.772968896581034,-84.49717712402344,0.2313833236694336,0.10193610191345215
20250723_162110_057,-16,42,42,14.5,17.716314119533493,-84.69045028686523,0.2305612564086914,0.1583082675933838
20250723_162110_447,-15,42,42,14.5,17.92942467432364,-84.29773826599121,0.2340984344482422,0.10199642181396484
20250723_162110_784,-15,42,42,14.5,16.186938037928385,-86.04026908874512,0.2323904037475586,0.1583406925201416
20250723_162111_176,-15,41,41,13.1,16.254162889554877,-85.99183311462403,0.23257970809936523,0.10201430320739746
20250723_162111_512,-15,41,41,13.1,18.984476619386257,-83.48037910461426,0.23220157623291016,0.15829086303710938
20250723_162111_904,-15,41,41,13.1,18.9285631024446,-83.41986618041992,0.23355484008789062,0.1021568775177002
20250723_162112_241,-15,41,41,13.1,18.90868206198894,-83.56321907043457,0.22997570037841797,0.15855979919433594
20250723_162112_631,-15,41,41,13.1,18.832655847668377,-83.64070587158203,0.23426222801208496,0.10211634635925293
20250723_162112_969,-15,41,41,13.1,18.706946158421744,-83.75488815307617,0.2322373390197754,0.1585252285003662
20250723_162113_361,-15,41,41,13.1,18.672748672318306,-83.79157524108886,0.23185038566589355,0.10206341743469238
20250723_162113_696,-15,41,41,13.1,18.459042870138234,-83.95794830322265,0.23463034629821777,0.15839529037475586
20250723_162114_090,-15,41,41,13.1,18.547300499695254,-83.94062805175781,0.26204967498779297,0.10195565223693848
20250723_162114_455,-14,41,41,13.1,16.12728312818288,-86.17850494384766,0.2333235740661621,0.15875577926635742
20250723_162114_850,-14,41,41,13.1,15.8731132592399,-86.39882469177246,0.2310798168182373,0.10206460952758789
20250723_162115_184,-14,40,40,11.6,19.379328039623147,-83.17422828674316,0.2344834804534912,0.15836691856384277
20250723_162115_578,-14,40,40,11.6,19.446437144390643,-82.90133666992188,0.23319339752197266,0.1019749641418457
20250723_162115_914,-14,41,41,13.1,16.24603943339949,-86.07312927246093,0.2340381145477295,0.1583106517791748
20250723_162116_308,-14,41,41,13.1,16.344166890863605,-86.02086639404297,0.2320551872253418,0.1019599437713623
20250723_162116_643,-14,41,41,13.1,16.247563020873912,-86.02086639404297,0.23177266120910645,0.15836429595947266
20250723_162117_035,-14,40,40,11.6,15.909769572387091,-86.20669937133789,0.2295839786529541,0.1020045280456543
20250723_162117_368,-14,40,40,11.6,19.785578877655013,-82.65423851013183,0.233140230178833,0.1583387851715088
20250723_162117_760,-14,40,40,11.6,19.614546306132837,-82.67107162475585,0.23205327987670898,0.10195255279541016
20250723_162118_096,-14,40,40,11.6,19.715243223829816,-82.65837364196777,0.23276758193969727,0.15836215019226074
20250723_162118_488,-13,40,40,11.6,19.78839952187218,-82.62385520935058,0.23527121543884277,0.10191917419433594
20250723_162118_826,-13,40,40,11.6,18.034227366902,-84.2566982269287,0.23103070259094238,0.1582636833190918
20250723_162119_217,-13,39,39,10.2,18.213589775714283,-84.01957702636719,0.23561692237854004,0.10204529762268066
20250723_162119_556,-13,39,39,10.2,20.003130895770923,-82.20875129699706,0.2326970100402832,0.15835332870483398
20250723_162119_948,-13,39,39,10.2,20.058957777729987,-82.28073234558106,0.2327287197113037,0.1019899845123291
20250723_162120_284,-13,39,39,10.2,20.24915567674995,-82.1584861755371,0.23152828216552734,0.15824365615844727
20250723_162120_675,-13,40,40,11.6,20.319473713575206,-82.14636688232422,0.22966766357421875,0.10192561149597168
20250723_162121_008,-13,40,40,11.6,17.89052883230835,-84.37834167480469,0.2370610237121582,0.15829205513000488
20250723_162121_405,-13,40,40,11.6,17.950081111688988,-84.39750595092774,0.2304859161376953,0.1020054817199707
20250723_162121_739,-13,39,39,10.2,20.39906571199451,-82.0404899597168,0.22971582412719727,0.1583414077758789
20250723_162122_128,-13,39,39,10.2,20.260936666625213,-82.04113998413087,0.22968006134033203,0.10190820693969727
20250723_162122_461,-12,39,39,10.2,18.880132662880797,-83.50805053710937,0.23439311981201172,0.15828704833984375
20250723_162122_855,-12,39,39,10.2,18.91751488598851,-83.57537841796875,0.23021864891052246,0.10193777084350586
20250723_162123_188,-12,39,39,10.2,19.453086670959976,-82.94576148986816,0.2329566478729248,0.15836834907531738
20250723_162123_581,-12,39,39,10.2,19.382685798987268,-82.8545150756836,0.23292231559753418,0.10201382637023926
20250723_162123_917,-12,39,39,10.2,19.568103812999354,-82.85373039245606,0.23188114166259766,0.15829920768737793
20250723_162124_308,-12,39,39,10.2,19.53602661064636,-82.99176483154297,0.2603135108947754,0.10188722610473633
20250723_162124_672,-12,39,39,10.2,19.44020806774371,-82.84254684448243,0.2337174415588379,0.15831804275512695
20250723_162125_065,-12,39,39,10.2,19.374230228576565,-83.06509437561036,0.23224568367004395,0.10193920135498047
20250723_162125_401,-12,39,39,10.2,19.353693518611692,-83.03456840515136,0.23151731491088867,0.15831232070922852
20250723_162125_792,-12,39,39,10.2,18.378189288588942,-84.01957664489746,0.22937369346618652,0.10197138786315918
20250723_162126_124,-12,39,39,10.2,19.5556150229053,-82.88014221191406,0.23411989212036133,0.15839290618896484
20250723_162126_518,-11,39,39,10.2,19.430303761631606,-82.96870841979981,0.23263001441955566,0.10199403762817383
20250723_162126_854,-11,39,39,10.2,17.222221455409567,-85.15900421142578,0.232649564743042,0.1583406925201416
20250723_162127_246,-11,38,38,8.7,17.15590539298624,-85.142333984375,0.2300701141357422,0.10197687149047852
20250723_162127_580,-11,38,38,8.7,19.766307320544286,-82.62673950195312,0.2328629493713379,0.1586010456085205
20250723_162127_973,-11,38,38,8.7,19.630540006867164,-82.73082695007325,0.2332155704498291,0.10194587707519531
20250723_162128_309,-11,38,38,8.7,19.854669331838053,-82.6248779296875,0.23158764839172363,0.15838360786437988
20250723_162128_700,-11,38,38,8.7,19.76753603939244,-82.50828552246094,0.23261499404907227,0.10193324089050293
20250723_162129_036,-11,38,38,8.7,20.065780209691937,-82.3116554260254,0.231703519821167,0.1582503318786621
20250723_162129_427,-11,38,38,8.7,20.10849239052436,-82.20875129699706,0.2625608444213867,0.10193562507629395
20250723_162129_793,-11,38,38,8.7,19.872417983832534,-82.53604240417481,0.23206806182861328,0.15827274322509766
20250723_162130_185,-11,38,38,8.7,20.01738941047884,-82.42987823486328,0.23055052757263184,0.10197949409484863
20250723_162130_519,-10,38,38,8.7,17.498173378253966,-84.8216781616211,0.23024845123291016,0.15831446647644043
20250723_162130_908,-10,38,38,8.7,17.519417963675863,-84.80871086120605,0.23245549201965332,0.10190176963806152
20250723_162131_244,-10,38,38,8.7,17.964691612500687,-84.40634155273438,0.2344985008239746,0.15836215019226074
20250723_162131_638,-10,37,37,7.3,18.285510457090638,-84.12426948547363,0.2332444190979004,0.1019754409790039
20250723_162131_975,-10,37,37,7.3,20.391778685027276,-81.9783706665039,0.23105478286743164,0.15837717056274414
20250723_162132_365,-10,37,37,7.3,20.296123776870502,-82.12606353759766,0.23127532005310059,0.10193347930908203
20250723_162132_700,-10,38,38,8.7,18.036428470304656,-84.35260162353515,0.23349905014038086,0.15833139419555664
20250723_162133_093,-10,38,38,8.7,18.06058871020953,-84.28870506286621,0.23146963119506836,0.10198187828063965
20250723_162133_428,-10,38,38,8.7,17.309022197448215,-84.96305084228516,0.2310197353363037,0.15836024284362793
20250723_162133_818,-10,38,38,8.7,17.815428520267687,-84.56905174255371,0.23234820365905762,0.10195541381835938
20250723_162134_154,-10,37,37,7.3,20.22912017495638,-82.22002906799317,0.23033356666564941,0.1582033634185791
20250723_162134_544,-9,38,38,8.7,20.34702873288387,-81.97676849365234,0.2624075412750244,0.10195136070251465
20250723_162134_909,-9,38,38,8.7,15.734745445712619,-86.61758575439453,0.2317957878112793,0.15825796127319336
20250723_162135_301,-9,37,37,7.3,15.596456468153093,-86.6166561126709,0.23276042938232422,0.10194110870361328
20250723_162135_637,-9,37,37,7.3,18.213003020088124,-84.03244018554688,0.2322549819946289,0.15832042694091797
20250723_162136_029,-9,37,37,7.3,18.364218161577455,-83.87838020324708,0.23199248313903809,0.10199356079101562
20250723_162136_364,-9,37,37,7.3,18.969610337966515,-83.35377502441406,0.23577547073364258,0.15833282470703125
20250723_162136_759,-9,37,37,7.3,19.02970471140698,-83.26766777038574,0.23206520080566406,0.1019432544708252
20250723_162137_095,-9,37,37,7.3,18.745691454251315,-83.71446228027344,0.23111319541931152,0.15828251838684082
20250723_162137_485,-9,37,37,7.3,18.76160484230985,-83.60763587951661,0.23093032836914062,0.10194230079650879
20250723_162137_819,-9,37,37,7.3,18.844961947589596,-83.56321907043457,0.23038959503173828,0.15831971168518066
20250723_162138_209,-9,37,37,7.3,18.796575281422392,-83.46068115234375,0.2317981719970703,0.10191798210144043
20250723_162138_544,-8,37,37,7.3,16.787146091243045,-85.65236206054688,0.23105192184448242,0.1583116054534912
20250723_162138_935,-8,37,37,7.3,16.53609619994843,-85.86482238769531,0.23282098770141602,0.10195446014404297
20250723_162139_271,-8,36,36,5.8,19.826913663964618,-82.58886909484863,0.2306969165802002,0.15829038619995117
20250723_162139_661,-8,36,36,5.8,19.799904590977718,-82.52173614501953,0.2606945037841797,0.10190582275390625
20250723_162140_025,-8,36,36,5.8,19.488210700198493,-83.02362594604492,0.23226141929626465,0.15828490257263184
20250723_162140_417,-8,36,36,5.8,19.433575181754122,-83.02362594604492,0.23252129554748535,0.10194706916809082
20250723_162140_753,-8,36,36,5.8,20.4578915258964,-81.9755672454834,0.23604154586791992,0.1582803726196289
20250723_162141_148,-8,36,36,5.8,20.489344465287232,-81.98318481445312,0.23431968688964844,0.10194182395935059
20250723_162141_486,-8,36,36,5.8,20.165975856884316,-82.16191902160645,0.23572850227355957,0.15828371047973633
20250723_162141_881,-8,36,36,5.8,20.183456865324587,-82.1794662475586,0.23248004913330078,0.10194540023803711
20250723_162142_217,-8,36,36,5.8,19.923054053907535,-82.4513168334961,0.23282599449157715,0.1583099365234375
20250723_162142_609,-7,36,36,5.8,19.757183976251852,-82.62664642333985,0.2330458164215088,0.10192251205444336
20250723_162142_946,-7,36,36,5.8,18.390818152378202,-83.99394989013672,0.23088383674621582,0.1583702564239502
20250723_162143_336,-7,35,35,4.4,18.49021787160791,-83.88297271728516,0.2332746982574463,0.10202622413635254
20250723_162143_673,-7,35,35,4.4,18.930449778751736,-83.2483627319336,0.23125219345092773,0.15853047370910645
20250723_162144_064,-7,35,35,4.4,19.045982755852748,-83.3735538482666,0.23204898834228516,0.10201025009155273
20250723_162144_399,-7,36,36,5.8,18.67306889168367,-83.62672424316406,0.23312759399414062,0.15857625007629395
20250723_162144_792,-7,35,35,4.4,18.707049219191006,-83.68544998168946,0.23618340492248535,0.10208916664123535
20250723_162145_132,-7,36,36,5.8,18.68484338316898,-83.64070587158203,0.23003029823303223,0.15848374366760254
20250723_162145_522,-7,36,36,5.8,18.67323428498422,-83.74547119140625,0.23193120956420898,0.10194706916809082
20250723_162145_857,-7,36,36,5.8,19.130533529425847,-83.28759727478027,0.23189830780029297,0.15830469131469727
20250723_162146_248,-7,36,36,5.8,19.089353786152785,-83.2250820159912,0.2319316864013672,0.10212588310241699
20250723_162146_584,-6,36,36,5.8,15.867006328402496,-86.50750732421875,0.23236322402954102,0.15872764587402344
20250723_162146_976,-6,36,36,5.8,15.867059847812286,-86.35726318359376,0.23341083526611328,0.10216546058654785
20250723_162147_313,-6,35,35,4.4,16.587043814568858,-85.66510772705078,0.23202991485595703,0.15850496292114258
20250723_162147_705,-6,35,35,4.4,16.773627812600807,-85.53386116027832,0.23247838020324707,0.10215640068054199
20250723_162148_041,-6,35,35,4.4,17.308762666198646,-85.11447219848633,0.23395895957946777,0.15841221809387207
20250723_162148_435,-6,35,35,4.4,17.284430239602827,-84.95843048095703,0.23049211502075195,0.10195684432983398
20250723_162148_768,-6,35,35,4.4,17.739708894074923,-84.67399520874024,0.2328488826751709,0.1582784652709961
20250723_162149_161,-6,35,35,4.4,17.704950927575993,-84.6843048095703,0.23125720024108887,0.10210728645324707
20250723_162149_496,-6,35,35,4.4,17.05465948838234,-85.29129028320312,0.23384332656860352,0.1583559513092041
20250723_162149_889,-6,35,35,4.4,16.99550952556156,-85.3326358795166,0.2603321075439453,0.10195016860961914
20250723_162150_253,-6,35,35,4.4,16.775438688587144,-85.38528442382812,0.2324519157409668,0.1583390235900879
20250723_162150_645,-5,35,35,4.4,16.36884107116765,-85.89636993408203,0.23273897171020508,0.10193610191345215
20250723_162150_981,-5,35,35,4.4,15.556024395116651,-86.68850555419922,0.23303604125976562,0.15831303596496582
20250723_162151_373,-5,34,34,2.9,15.596049317835167,-86.62202873229981,0.2339775562286377,0.10206007957458496
20250723_162151_710,-5,34,34,2.9,18.250160104973318,-84.01956939697266,0.23293256759643555,0.15828514099121094
20250723_162152_103,-5,34,34,2.9,18.48912362601905,-83.91045379638672,0.23131465911865234,0.1019444465637207
20250723_162152_438,-5,34,34,2.9,18.08198627248055,-84.23234062194824,0.2325289249420166,0.15840458869934082
20250723_162152_830,-5,34,34,2.9,18.011812476948847,-84.37820205688476,0.2321760654449463,0.10194945335388184
20250723_162153_165,-5,34,34,2.9,17.518074170527555,-84.88707733154297,0.23320269584655762,0.15831255912780762
20250723_162153_558,-5,34,34,2.9,17.460836330549597,-84.85409812927246,0.23241806030273438,0.10185670852661133
20250723_162153_893,-5,34,34,2.9,17.839663560846645,-84.47700691223145,0.23358392715454102,0.15845084190368652
20250723_162154_287,-5,34,34,2.9,17.79816656362439,-84.5144271850586,0.23705554008483887,0.10234689712524414
20250723_162154_628,-4,34,34,2.9,16.12866394108461,-86.24149208068847,0.23201227188110352,0.15841102600097656
20250723_162155_019,-4,34,34,2.9,16.36865798811519,-85.86482238769531,0.26233983039855957,0.10200786590576172
20250723_162155_385,-4,33,33,1.5,19.97602322359097,-82.40545120239258,0.2315366268157959,0.15825796127319336
20250723_162155_776,-4,33,33,1.5,19.988824582758582,-82.31903076171875,0.23326849937438965,0.10198664665222168
20250723_162156_113,-4,33,33,1.5,19.657366344803762,-82.78627014160156,0.23294615745544434,0.15835213661193848
20250723_162156_505,-4,33,33,1.5,19.907027398201336,-82.40606880187988,0.23444175720214844,0.10193943977355957
20250723_162156_843,-4,33,33,1.5,19.765108416467555,-82.76302642822266,0.23501086235046387,0.15835142135620117
20250723_162157_237,-4,33,33,1.5,19.81915403479387,-82.55425262451172,0.23135590553283691,0.10201787948608398
20250723_162157_572,-4,33,33,1.5,19.79953774722216,-82.64356231689453,0.23103666305541992,0.15829825401306152
20250723_162157_963,-4,33,33,1.5,19.578127300269315,-82.6994255065918,0.2317955493927002,0.10194826126098633
20250723_162158_298,-3,33,33,1.5,18.574448524047483,-83.82349319458008,0.23225927352905273,0.1583409309387207
20250723_162158_689,-3,33,33,1.5,17.78496719624833,-84.5144271850586,0.2302250862121582,0.10198211669921875
20250723_162159_023,-3,33,33,1.5,18.485827430998953,-83.93949546813965,0.2305135726928711,0.15838313102722168
20250723_162159_413,-3,33,33,1.5,18.374459522955917,-83.97762947082519,0.23006319999694824,0.1019737720489502
20250723_162159_746,-3,33,33,1.5,18.265293332097528,-84.0841667175293,0.23251128196716309,0.15838122367858887
20250723_162200_139,-3,33,33,1.5,18.26336297107983,-83.95744323730469,0.2601354122161865,0.10204434394836426
20250723_162200_502,-3,33,33,1.5,18.264918817279153,-84.01957664489746,0.232177734375,0.15831947326660156
20250723_162200_894,-3,33,33,1.5,18.4330299254693,-83.95794830322265,0.23319697380065918,0.10195446014404297
20250723_162201_230,-3,33,33,1.5,18.33732916064389,-84.01867179870605,0.2312312126159668,0.15830349922180176
20250723_162201_621,-3,33,33,1.5,18.272467069017438,-83.9703815460205,0.23212289810180664,0.1019587516784668
20250723_162201_956,-3,33,33,1.5,18.367446967692743,-83.95072937011719,0.23200225830078125,0.15838050842285156
20250723_162202_348,-2,33,33,1.5,18.420116482188547,-83.95072937011719,0.22965073585510254,0.10207581520080566
20250723_162202_681,-2,33,33,1.5,15.591113668019574,-86.6182861328125,0.2332007884979248,0.15833425521850586
20250723_162203_074,-2,32,32,0,15.549846713644385,-86.65042533874512,0.23235416412353516,0.10195541381835938
20250723_162203_409,-2,32,32,0,18.423962006404466,-83.89044952392578,0.23210811614990234,0.15824079513549805
20250723_162203_801,-2,32,32,0,18.69195418962812,-83.70166473388672,0.2344522476196289,0.10190415382385254
20250723_162204_139,-2,32,32,0,18.52648822525481,-83.80120086669922,0.23173952102661133,0.15839052200317383
20250723_162204_530,-2,32,32,0,18.714606426056946,-83.626021194458,0.23266816139221191,0.10193204879760742
20250723_162204_866,-2,32,32,0,18.986906427646886,-83.46068115234375,0.23092079162597656,0.1582481861114502
20250723_162205_256,-2,32,32,0,19.018255075873327,-83.28813934326172,0.263744592666626,0.10192322731018066
20250723_162205_623,-2,32,32,0,18.154881717537307,-84.33073272705079,0.23083853721618652,0.15838193893432617
20250723_162206_014,-2,32,32,0,18.257151748885775,-84.03501892089844,0.23315834999084473,0.10196590423583984
20250723_162206_350,-1,32,32,0,17.255180439265928,-84.96305084228516,0.23140239715576172,0.1582505702972412
20250723_162206_741,-1,32,32,0,17.277309919967863,-85.1113338470459,0.23148798942565918,0.10201382637023926
20250723_162207_076,-1,31,31,-1.5,19.28715297547896,-82.8545150756836,0.23026394844055176,0.15842652320861816
20250723_162207_466,-1,31,31,-1.5,19.266820069395152,-83.04122924804688,0.23195505142211914,0.1018681526184082
20250723_162207_801,-1,31,31,-1.5,19.711571516606284,-82.67361450195312,0.23317646980285645,0.15827083587646484
20250723_162208_194,-1,31,31,-1.5,19.79462101212711,-82.66391792297364,0.23264026641845703,0.10198426246643066
20250723_162208_530,-1,31,31,-1.5,19.42205478558708,-82.98214721679688,0.23266363143920898,0.15833139419555664
20250723_162208_922,-1,31,31,-1.5,19.44406160505939,-82.94385528564453,0.23242974281311035,0.10209155082702637
20250723_162209_258,-1,31,31,-1.5,19.816515878289707,-82.61333694458008,0.23030686378479004,0.15837717056274414
20250723_162209_648,-1,31,31,-1.5,19.91451469224097,-82.3741943359375,0.22946476936340332,0.10202908515930176
20250723_162209_981,-1,31,31,-1.5,19.81908395490882,-82.60414543151856,0.23044705390930176,0.15835165977478027
20250723_162210_371,0,31,31,-1.5,19.75763139856666,-82.64356231689453,0.23559212684631348,0.10193037986755371
20250723_162210_709,0,31,31,-1.5,17.68309277367959,-84.67473793029785,0.22714662551879883,0.1582331657409668
20250723_162211_096,0,30,30,-2.9,17.37904748963308,-84.78474426269531,0.23012375831604004,0.10199904441833496
20250723_162211_430,0,30,30,-2.9,20.311343783021144,-82.06597900390625,0.229691743850708,0.158461332321167
20250723_162211_819,0,30,30,-2.9,20.333820828480256,-82.1403579711914,0.23167681694030762,0.1019127368927002
20250723_162212_154,0,30,30,-2.9,20.759661320712894,-81.71455192565918,0.23161602020263672,0.1583878993988037
20250723_162212_545,0,30,30,-2.9,20.786017252976023,-81.53678932189942,0.23140788078308105,0.10198974609375
20250723_162212_880,0,30,30,-2.9,21.0134978603769,-81.34917449951172,0.23351097106933594,0.15830302238464355
20250723_162213_273,0,31,31,-1.5,21.061485670815827,-81.28866767883301,0.23001646995544434,0.1019437313079834
20250723_162213_606,0,30,30,-2.9,20.11797359473654,-82.18055725097656,0.23310518264770508,0.15827465057373047
20250723_162213_999,0,31,31,-1.5,19.952405071493985,-82.45122756958008,0.23168540000915527,0.10195064544677734
20250723_162214_334,1,31,31,-1.5,16.137451001949017,-86.36385459899903,0.23338055610656738,0.15838861465454102
20250723_162214_727,1,31,31,-1.5,15.301807859722771,-86.84375762939453,0.22816181182861328,0.10204720497131348
20250723_162215_058,1,30,30,-2.9,18.96858300119348,-83.4087947845459,0.2307910919189453,0.1584155559539795
20250723_162215_449,1,30,30,-2.9,18.736451786812665,-83.49697990417481,0.261638879776001,0.10192704200744629
20250723_162215_814,1,30,30,-2.9,19.278377191506394,-83.16809997558593,0.232741117477417,0.1583540439605713
20250723_162216_206,1,30,30,-2.9,19.548594041139125,-82.95148735046386,0.2318248748779297,0.10201525688171387
20250723_162216_541,1,30,30,-2.9,19.011037607225347,-83.30085906982421,0.23203349113464355,0.15849065780639648
20250723_162216_933,1,30,30,-2.9,19.199206883415158,-83.11770133972168,0.2319483757019043,0.10197210311889648
20250723_162217_268,1,30,30,-2.9,19.662128510755295,-82.65781173706054,0.23050570487976074,0.15850043296813965
20250723_162217_658,1,30,30,-2.9,19.70667746216688,-82.7785415649414,0.2326803207397461,0.10202956199645996
20250723_162217_994,1,30,30,-2.9,19.46058668980055,-82.93544425964356,0.23322033882141113,0.1583871841430664
20250723_162218_387,2,30,30,-2.9,19.723593465465143,-82.6940185546875,0.2310652732849121,0.10200619697570801
20250723_162218_721,2,30,30,-2.9,16.671170513252022,-85.634619140625,0.2313385009765625,0.15830254554748535
20250723_162219_112,2,29,29,-4.4,16.36537767546389,-85.89241790771484,0.23092985153198242,0.1019444465637207
20250723_162219_446,2,29,29,-4.4,18.93869611014921,-83.54532623291016,0.23246216773986816,0.15828824043273926
20250723_162219_838,2,29,29,-4.4,18.612080594107482,-83.74052925109864,0.2329881191253662,0.10195398330688477
20250723_162220_175,2,29,29,-4.4,19.455764709370058,-82.90133666992188,0.2287750244140625,0.15828752517700195
20250723_162220_563,2,29,29,-4.4,19.43037064206699,-83.01005783081055,0.2621138095855713,0.10204052925109863
20250723_162220_929,2,29,29,-4.4,19.259980211157824,-83.11499328613282,0.23015618324279785,0.1583542823791504
20250723_162221_318,2,29,29,-4.4,19.37481380750131,-83.04872779846191,0.23299145698547363,0.10198974609375
20250723_162221_655,2,29,29,-4.4,19.448096738570513,-82.9427547454834,0.23182129859924316,0.1583080291748047
20250723_162222_046,2,29,29,-4.4,19.308609335224816,-82.94446182250977,0.23092293739318848,0.10197925567626953
20250723_162222_380,3,29,29,-4.4,17.269540503877636,-84.98225402832031,0.23093771934509277,0.1583397388458252
20250723_162222_771,3,29,29,-4.4,17.517442074454493,-84.8304988861084,0.23166561126708984,0.1020197868347168
20250723_162223_106,3,28,28,-5.8,19.28956437172633,-83.03067626953126,0.22971558570861816,0.15831661224365234
20250723_162223_495,3,28,28,-5.8,19.414824137450267,-82.99835968017578,0.23069381713867188,0.10196256637573242
20250723_162223_829,3,28,28,-5.8,19.961095859952124,-82.36610794067383,0.23415780067443848,0.1583249568939209
20250723_162224_223,3,28,28,-5.8,20.107652427348768,-82.3658447265625,0.23258280754089355,0.10196399688720703
20250723_162224_559,3,28,28,-5.8,19.287740749321074,-83.07966003417968,0.23235058784484863,0.15835785865783691
20250723_162224_951,3,28,28,-5.8,19.294894281997173,-83.1002010345459,0.23146939277648926,0.1020808219909668
20250723_162225_285,3,28,28,-5.8,19.57885147744733,-82.82397384643555,0.22860312461853027,0.1584165096282959
20250723_162225_674,3,28,28,-5.8,19.781809457123316,-82.6655200958252,0.23633480072021484,0.10196757316589355
20250723_162226_013,3,28,28,-5.8,20.371021612456957,-81.98294410705566,0.2323603630065918,0.15830659866333008
20250723_162226_405,4,28,28,-5.8,20.189499201166328,-82.27582550048828,0.2321925163269043,0.10201191902160645
20250723_162226_741,4,NO_RADIO,28,-5.8,18.322260501487136,-84.03424682617188,0.1573803424835205,0.15834498405456543
20250723_162227_058,4,28,28,-5.8,18.24235801357065,-84.08429718017578,0.23815011978149414,0.10197997093200684
20250723_162227_399,4,28,28,-5.8,17.882150810409712,-84.4119644165039,0.23130249977111816,0.15840578079223633
20250723_162227_790,4,27,27,-7.3,18.09695838051789,-84.2543888092041,0.23062705993652344,0.10201144218444824
20250723_162228_124,4,27,27,-7.3,20.464897855879897,-81.83928680419922,0.22944879531860352,0.15835237503051758
20250723_162228_513,4,28,28,-5.8,20.38788581105814,-82.04113998413087,0.23023128509521484,0.10202383995056152
20250723_162228_847,4,28,28,-5.8,17.9384207280996,-84.29801177978516,0.2346642017364502,0.15833687782287598
20250723_162229_241,4,28,28,-5.8,17.85205564050112,-84.43043365478516,0.23318862915039062,0.10192656517028809
20250723_162229_578,4,28,28,-5.8,17.70442402856831,-84.56060752868652,0.22983431816101074,0.15828728675842285
20250723_162229_967,4,28,28,-5.8,17.791079379536384,-84.64006042480469,0.2323155403137207,0.10194802284240723
20250723_162230_303,5,28,28,-5.8,16.775946620281516,-85.61658477783203,0.23187947273254395,0.15845370292663574
20250723_162230_694,5,28,28,-5.8,15.966162346819317,-86.2552261352539,0.2611560821533203,0.10196232795715332
20250723_162231_059,5,27,27,-7.3,19.31513278150595,-83.19723892211914,0.23188447952270508,0.15864133834838867
20250723_162231_451,5,27,27,-7.3,19.20449062643729,-83.24900703430175,0.23626327514648438,0.10205435752868652
20250723_162231_790,5,27,27,-7.3,19.34425268852098,-83.09905242919922,0.23349833488464355,0.15825295448303223
20250723_162232_183,5,27,27,-7.3,19.224466934490607,-83.04122924804688,0.23163938522338867,0.10197687149047852
20250723_162232_518,5,27,27,-7.3,19.032287446951415,-83.45639038085938,0.230208158493042,0.1582942008972168
20250723_162232_908,5,27,27,-7.3,18.984995957949977,-83.42713928222656,0.23030614852905273,0.10191655158996582
20250723_162233_241,5,27,27,-7.3,19.28528532252328,-83.03487510681153,0.23072123527526855,0.15840816497802734
20250723_162233_632,5,27,27,-7.3,19.33818961388525,-82.99887046813964,0.22965788841247559,0.10199213027954102
20250723_162233_965,5,27,27,-7.3,19.489356584225376,-82.98213958740234,0.23064422607421875,0.15835881233215332
20250723_162234_355,6,27,27,-7.3,19.364445562018815,-83.04092178344726,0.23151445388793945,0.10199260711669922
20250723_162234_690,6,27,27,-7.3,16.708956711784097,-85.62363700866699,0.23285961151123047,0.1583850383758545
20250723_162235_082,6,26,26,-8.7,16.984311352999896,-85.41707611083984,0.22802257537841797,0.10193753242492676
20250723_162235_414,6,26,26,-8.7,19.22474467229702,-83.20001182556152,0.23187804222106934,0.15828514099121094
20250723_162235_805,6,26,26,-8.7,19.225864174196303,-83.16809997558593,0.2602717876434326,0.10203123092651367
20250723_162236_169,6,26,26,-8.7,19.43431776326291,-83.06190757751465,0.23095154762268066,0.15837383270263672
20250723_162236_559,6,26,26,-8.7,19.352542452658454,-82.77844505310058,0.23110747337341309,0.10201001167297363
20250723_162236_894,6,26,26,-8.7,19.854228442315673,-82.5980297088623,0.2311878204345703,0.15825605392456055
20250723_162237_284,6,26,26,-8.7,19.824108743729326,-82.48728942871094,0.23146653175354004,0.10192060470581055
20250723_162237_619,6,26,26,-8.7,19.665701232643556,-82.83255653381347,0.23055315017700195,0.15830421447753906
20250723_162238_009,6,26,26,-8.7,19.711910801485416,-82.64356231689453,0.23042607307434082,0.10198140144348145
20250723_162238_343,7,27,27,-7.3,15.27786092392283,-86.98591918945313,0.2303926944732666,0.15830540657043457
20250723_162238_733,7,27,27,-7.3,15.201863662104444,-87.02909965515137,0.23030757904052734,0.10198235511779785
20250723_162239_067,7,26,26,-8.7,18.722487230698476,-83.5628734588623,0.23005008697509766,0.15826416015625
20250723_162239_456,7,25,25,-10.2,18.672327173750148,-83.63847351074219,0.23089361190795898,0.1019439697265625
20250723_162239_790,7,25,25,-10.2,20.68273179571817,-81.62916870117188,0.23437809944152832,0.15833473205566406
20250723_162240_184,7,25,25,-10.2,20.793115515019593,-81.61769828796386,0.22937703132629395,0.10200762748718262
20250723_162240_517,7,25,25,-10.2,20.654817420017082,-81.67873001098633,0.23015689849853516,0.15833759307861328
20250723_162240_907,7,25,25,-10.2,20.735779938688864,-81.6604736328125,0.2613637447357178,0.10197567939758301
20250723_162241_271,7,26,26,-8.7,18.349625290456373,-83.95631065368653,0.23154091835021973,0.15836691856384277
20250723_162241_663,7,26,26,-8.7,18.28362093214149,-84.01187133789062,0.23382568359375,0.10213446617126465
20250723_162242_000,7,26,26,-8.7,18.18864265566134,-84.20262336730957,0.2321150302886963,0.158522367477417
20250723_162242_392,8,26,26,-8.7,18.15908640072709,-84.20771865844726,0.23251938819885254,0.1021733283996582
20250723_162242_728,8,26,26,-8.7,16.019455850739888,-86.12768783569337,0.23100042343139648,0.15866899490356445
20250723_162243_119,8,25,25,-10.2,16.241566663768708,-86.11143493652344,0.2342541217803955,0.1020817756652832
20250723_162243_457,8,25,25,-10.2,19.624350765812466,-82.70957946777344,0.2307443618774414,0.15834283828735352
20250723_162243_847,8,25,25,-10.2,19.723382991107528,-82.58785781860352,0.23305225372314453,0.10196447372436523
20250723_162244_183,8,25,25,-10.2,19.127097019604022,-83.22561645507812,0.23298168182373047,0.15836763381958008
20250723_162244_576,8,25,25,-10.2,19.150114515729214,-83.31208801269531,0.2306656837463379,0.10214686393737793
20250723_162244_910,8,25,25,-10.2,19.346130208140735,-83.04872779846191,0.23355793952941895,0.1585395336151123
20250723_162245_304,8,25,25,-10.2,19.293392581136445,-83.1387493133545,0.23207902908325195,0.10203170776367188
20250723_162245_639,8,25,25,-10.2,19.468422901988745,-83.02444038391113,0.231032133102417,0.15845394134521484
20250723_162246_030,8,25,25,-10.2,19.374621295897555,-83.02352447509766,0.2623000144958496,0.10208868980407715
20250723_162246_395,9,25,25,-10.2,17.17592776295608,-85.11562614440918,0.2319192886352539,0.15844941139221191
20250723_162246_787,9,25,25,-10.2,17.397205133723432,-85.0110538482666,0.23234868049621582,0.10240769386291504
20250723_162247_123,9,24,24,-11.6,18.829491787542338,-83.54532623291016,0.23349523544311523,0.15831208229064941
20250723_162247_516,9,24,24,-11.6,18.737618981032426,-83.5628734588623,0.2315387725830078,0.10191583633422852
20250723_162247_851,9,24,24,-11.6,19.082671008823937,-83.3736572265625,0.23613238334655762,0.15867948532104492
20250723_162248_248,9,25,25,-10.2,19.22902467343259,-83.18090057373047,0.23313474655151367,0.10192275047302246
20250723_162248_584,9,24,24,-11.6,18.79609343529006,-83.68580627441406,0.23115944862365723,0.15835785865783691
20250723_162248_975,9,24,24,-11.6,18.871230380785377,-83.60728607177734,0.23131370544433594,0.10200715065002441
20250723_162249_309,9,NO_RADIO,24,-11.6,19.024829852143313,-83.3033676147461,0.16039085388183594,0.1583564281463623
20250723_162249_629,9,24,24,-11.6,18.979688550185188,-83.37477226257325,0.23654651641845703,0.10190892219543457
20250723_162249_969,9,25,25,-10.2,17.129024213024366,-85.07627868652344,0.236191987991333,0.1582779884338379
20250723_162250_365,10,25,25,-10.2,17.084154890641017,-85.08563575744628,0.23313522338867188,0.10196876525878906
20250723_162250_701,10,25,25,-10.2,14.858518798130135,-87.38864135742188,0.2355327606201172,0.15831780433654785
20250723_162251_096,10,24,24,-11.6,14.830162896556729,-87.46069030761718,0.23721957206726074,0.10200190544128418
20250723_162251_437,10,23,23,-13.1,19.636158294750274,-82.8545150756836,0.23364639282226562,0.15837669372558594
20250723_162251_830,10,24,24,-11.6,19.71410617688666,-82.64272117614746,0.23244905471801758,0.10197734832763672
20250723_162252_166,10,24,24,-11.6,17.166773267273655,-85.11761054992675,0.23242425918579102,0.1582944393157959
20250723_162252_558,10,24,24,-11.6,17.23864218337576,-85.0887523651123,0.23073983192443848,0.10204577445983887
20250723_162252_892,10,24,24,-11.6,17.321296793057172,-85.0110538482666,0.23184680938720703,0.15837574005126953
20250723_162253_283,10,24,24,-11.6,17.247722046925972,-85.0110538482666,0.23409342765808105,0.10191607475280762
20250723_162253_621,10,24,24,-11.6,16.994646810240894,-85.35914878845215,0.23135685920715332,0.15834641456604004
20250723_162254_012,10,24,24,-11.6,17.096905670993323,-85.22600212097169,0.23227500915527344,0.1021265983581543
20250723_162254_347,11,24,24,-11.6,14.831547308353606,-87.33180236816406,0.23277568817138672,0.15866947174072266
20250723_162254_740,11,24,24,-11.6,14.3936054441494,-87.91625213623047,0.23148536682128906,0.10200238227844238
20250723_162255_075,11,23,23,-13.1,18.61060894292666,-83.68580627441406,0.23069238662719727,0.1583843231201172
20250723_162255_465,11,23,23,-13.1,18.74497907326254,-83.67678756713867,0.23275303840637207,0.10195016860961914
20250723_162255_801,11,23,23,-13.1,18.917002325639487,-83.54532623291016,0.23392343521118164,0.15831422805786133
20250723_162256_195,11,23,23,-13.1,18.74006763538523,-83.54532623291016,0.26151132583618164,0.10186767578125
20250723_162256_559,11,23,23,-13.1,18.08714419640758,-84.29814910888672,0.23253822326660156,0.15825557708740234
20250723_162256_951,11,23,23,-13.1,18.056421333056633,-84.29540252685547,0.23350191116333008,0.10199832916259766
20250723_162257_288,11,23,23,-13.1,18.782666867635754,-83.60728607177734,0.23648667335510254,0.15834736824035645
20250723_162257_684,11,23,23,-13.1,18.79697220934824,-83.63788604736328,0.23769330978393555,0.10196089744567871
20250723_162258_025,11,23,23,-13.1,18.9254173929436,-83.44208450317383,0.2320849895477295,0.1582813262939453
20250723_162258_417,12,23,23,-13.1,19.102609436665347,-83.31165199279785,0.2377486228942871,0.10196089744567871
20250723_162258_758,12,23,23,-13.1,16.55692847529798,-85.6645450592041,0.23135900497436523,0.15827417373657227
20250723_162259_149,12,NO_RADIO,23,-13.1,16.46283503435116,-85.86482238769531,0.15724396705627441,0.1020665168762207
20250723_162259_409,12,22,22,-14.5,19.334569265676194,-83.01056671142578,0.2388601303100586,0.15832138061523438
20250723_162259_808,12,22,22,-14.5,19.153489226670686,-83.23152732849121,0.23028182983398438,0.10196065902709961
20250723_162300_141,12,22,22,-14.5,19.3615710088184,-83.04317893981934,0.2381272315979004,0.15838956832885742
20250723_162300_539,12,23,23,-13.1,19.48666303985911,-83.02484893798828,0.2341470718383789,0.10190463066101074
20250723_162300_876,12,23,23,-13.1,17.46186361387622,-84.85580444335938,0.23389530181884766,0.1584310531616211
20250723_162301_270,12,22,22,-14.5,17.510041691698632,-84.70261611938477,0.2637641429901123,0.1020054817199707
20250723_162301_637,12,22,22,-14.5,19.604212417862513,-82.80760955810547,0.2353801727294922,0.1583554744720459
20250723_162302_032,12,22,22,-14.5,19.362109836121164,-83.02484893798828,0.23357057571411133,0.10196375846862793
20250723_162302_369,13,23,23,-13.1,14.494242032701223,-87.57687377929688,0.2357490062713623,0.15844941139221191
20250723_162302_764,13,22,22,-14.5,14.494619370487229,-87.67086791992188,0.23386073112487793,0.10204434394836426
20250723_162303_101,13,21,21,-16.0,20.156813530976976,-82.2347412109375,0.2347278594970703,0.1584758758544922
20250723_162303_496,13,21,21,-16.0,20.147649630237026,-82.11376953125,0.2330324649810791,0.10209345817565918
20250723_162303_832,13,22,22,-14.5,17.261611360385842,-84.9886703491211,0.23287200927734375,0.15836477279663086
20250723_162304_225,13,22,22,-14.5,17.308407522107288,-85.07302551269531,0.23192763328552246,0.10199403762817383
20250723_162304_560,13,22,22,-14.5,17.240890817658,-85.08940887451172,0.2326793670654297,0.15827631950378418
20250723_162304_952,13,22,22,-14.5,17.49206696421942,-84.90594482421875,0.23302173614501953,0.1019289493560791
20250723_162305_289,13,22,22,-14.5,17.636724686093288,-84.78474426269531,0.23119616508483887,0.15831470489501953
20250723_162305_679,13,22,22,-14.5,17.73644953240523,-84.62659988403321,0.23399591445922852,0.10196542739868164
20250723_162306_016,13,22,22,-14.5,18.315657718290765,-84.0812973022461,0.2312157154083252,0.1583852767944336
20250723_162306_407,14,22,22,-14.5,18.241387177375913,-84.01135864257813,0.26190662384033203,0.10208415985107422
20250723_162306_773,14,22,22,-14.5,15.075375220344199,-87.2653793334961,0.2338268756866455,0.15842723846435547
20250723_162307_166,14,21,21,-16.0,14.93508275705706,-87.21868782043457,0.23405027389526367,0.10199713706970215
20250723_162307_503,14,21,21,-16.0,19.129495184573884,-83.19989814758301,0.24135732650756836,0.15835070610046387
20250723_162307_904,14,21,21,-16.0,19.254523161272274,-83.06591796875,0.2330331802368164,0.10206127166748047
20250723_162308_241,14,21,21,-16.0,18.84411577360629,-83.44287109375,0.23247790336608887,0.15838336944580078
20250723_162308_633,14,21,21,-16.0,18.83276059649151,-83.54532623291016,0.23515105247497559,0.10196566581726074
20250723_162308_971,14,21,21,-16.0,19.152906801531984,-83.16767768859863,0.23486042022705078,0.15839147567749023
20250723_162309_366,14,21,21,-16.0,19.153321596397404,-83.29432907104493,0.2324230670928955,0.10199761390686035
20250723_162309_701,14,21,21,-16.0,18.98307118830334,-83.34750862121582,0.2338089942932129,0.15832209587097168
20250723_162310_095,14,21,21,-16.0,19.133252844372834,-83.37266311645507,0.23439574241638184,0.10200381278991699
20250723_162310_433,15,21,21,-16.0,16.98280892301848,-85.30111846923828,0.2315218448638916,0.15829110145568848
20250723_162310_824,15,21,21,-16.0,17.061817913007772,-85.23652648925781,0.23093032836914062,0.10190701484680176
20250723_162311_158,15,20,20,-17.4,18.877719246778327,-83.54532623291016,0.23054909706115723,0.1583859920501709
20250723_162311_548,15,NO_RADIO,20,-17.4,18.721463898547256,-83.62637214660644,0.18680763244628906,0.10195183753967285
20250723_162311_838,15,20,20,-17.4,19.08663218105663,-83.30053329467773,0.23811650276184082,0.15834879875183105
20250723_162312_235,15,20,20,-17.4,18.95046651815322,-83.3736572265625,0.2334151268005371,0.10195422172546387
20250723_162312_572,15,20,20,-17.4,19.214472455650892,-83.08152122497559,0.2327570915222168,0.15837502479553223
20250723_162312_964,15,20,20,-17.4,19.171196391892465,-83.30085906982421,0.2324974536895752,0.10204076766967773
20250723_162313_300,15,20,20,-17.4,19.34808563648309,-83.06509437561036,0.23279142379760742,0.15879130363464355
20250723_162313_694,15,20,20,-17.4,19.368653148550877,-83.1303482055664,0.23439955711364746,0.1020500659942627
20250723_162314_031,15,20,20,-17.4,19.568941221022428,-82.70957946777344,0.23428940773010254,0.1583867073059082
20250723_162314_425,16,20,20,-17.4,19.368067218445105,-82.95068664550782,0.23090863227844238,0.10197591781616211
20250723_162314_759,16,20,20,-17.4,17.79438293254779,-84.6541648864746,0.233536958694458,0.158463716506958
20250723_162315_153,16,19,19,-18.9,17.633747511005595,-84.69045028686523,0.23235654830932617,0.10195779800415039
20250723_162315_488,16,19,19,-18.9,19.310676289700197,-83.01637229919433,0.2316114902496338,0.1583700180053711
20250723_162315_880,16,19,19,-18.9,19.358095509217875,-83.01005783081055,0.23355937004089355,0.10198712348937988
20250723_162316_216,16,19,19,-18.9,20.43873808834593,-81.95258407592773,0.234022855758667,0.15825486183166504
20250723_162316_610,16,19,19,-18.9,20.243101257169016,-82.10879516601562,0.23536229133605957,0.10194683074951172
20250723_162316_948,16,19,19,-18.9,20.235291512729432,-82.23635749816894,0.23319077491760254,0.15830111503601074
20250723_162317_341,16,19,19,-18.9,20.39229916698858,-82.10548400878906,0.23131871223449707,0.10203838348388672
20250723_162317_676,16,19,19,-18.9,20.39005107051881,-81.91293067932129,0.23270654678344727,0.15849518775939941
20250723_162318_068,16,NO_RADIO,19,-18.9,20.31596701801392,-82.07722702026368,0.15807032585144043,0.10202336311340332
20250723_162318_330,17,NO_RADIO,19,-18.9,19.850136197484986,-82.49243545532227,0.16573190689086914,0.15840864181518555
20250723_162318_656,17,NO_RADIO,19,-18.9,18.761081288999208,-83.56946907043456,0.16676831245422363,0.10232973098754883
20250723_162318_926,17,19,19,-18.9,18.60521467922115,-83.83099365234375,0.24247002601623535,0.15841126441955566
20250723_162319_328,17,19,19,-18.9,18.472138785655616,-83.91760025024413,0.23141074180603027,0.10196948051452637
20250723_162319_663,17,19,19,-18.9,18.705736915136086,-83.64082336425781,0.23395204544067383,0.15853667259216309
20250723_162320_057,17,18,18,-20.3,18.91342237387353,-83.60798645019531,0.23270297050476074,0.10210204124450684
20250723_162320_393,17,19,19,-18.9,18.47025189818052,-83.8803611755371,0.23340106010437012,0.15825533866882324
20250723_162320_786,17,19,19,-18.9,18.486009973564506,-84.01879997253418,0.23076939582824707,0.10193371772766113
20250723_162321_120,17,19,19,-18.9,18.795468398930183,-83.45639038085938,0.23266839981079102,0.158339262008667
20250723_162321_512,17,19,19,-18.9,18.96128091916472,-83.49641151428223,0.2673037052154541,0.10202717781066895
20250723_162321_883,17,19,19,-18.9,18.717602184153762,-83.66918182373047,0.23045921325683594,0.1583728790283203
20250723_162322_273,18,19,19,-18.9,18.607542375305542,-83.82361602783203,0.23403167724609375,0.10217785835266113
20250723_162322_611,18,19,19,-18.9,16.432342992710204,-85.8642333984375,0.23352599143981934,0.15835046768188477
20250723_162323_004,18,19,19,-18.9,16.489426663459227,-85.78691101074219,0.22994017601013184,0.1019144058227539
20250723_162323_337,18,18,18,-20.3,18.967636700013557,-83.40846061706543,0.23221516609191895,0.1582961082458496
20250723_162323_728,18,18,18,-20.3,18.874957684654035,-83.5448657989502,0.23297548294067383,0.10189199447631836
20250723_162324_065,18,18,18,-20.3,19.287534625561022,-83.18090057373047,0.23421835899353027,0.1583719253540039
20250723_162324_458,18,18,18,-20.3,19.04197884076285,-83.37267036437989,0.2309129238128662,0.10194897651672363
20250723_162324_793,18,18,18,-20.3,19.230041047746923,-83.19065742492675,0.23208951950073242,0.1583538055419922
20250723_162325_184,18,18,18,-20.3,19.084057156802473,-83.17454528808594,0.23293423652648926,0.10205292701721191
20250723_162325_521,18,18,18,-20.3,18.702174276083184,-83.60062522888184,0.23328661918640137,0.1583247184753418
20250723_162325_913,18,18,18,-20.3,19.043998138365936,-83.37366485595703,0.23226094245910645,0.10192227363586426
20250723_162326_249,19,18,18,-20.3,19.775020381232153,-82.65659065246582,0.2323896884918213,0.15862464904785156
20250723_162326_642,19,18,18,-20.3,18.338140554520137,-84.01714172363282,0.23121070861816406,0.10197186470031738
20250723_162326_977,19,18,18,-20.3,18.20811455318929,-84.2566982269287,0.23228669166564941,0.158278226852417
20250723_162327_369,19,17,17,-21.8,18.051854207360833,-84.26484527587891,0.23407983779907227,0.10202980041503906
20250723_162327_706,19,17,17,-21.8,19.62579714497859,-82.70957946777344,0.23234057426452637,0.1583878993988037
20250723_162328_098,19,17,17,-21.8,19.59550955880384,-82.75649147033691,0.23089265823364258,0.1019904613494873
20250723_162328_432,19,17,17,-21.8,20.049573106689664,-82.29711990356445,0.23368263244628906,0.15836143493652344
20250723_162328_825,19,17,17,-21.8,19.969806466016053,-82.32233581542968,0.23176884651184082,0.10199785232543945
20250723_162329_160,19,17,17,-21.8,19.025026797536967,-83.34926261901856,0.2330188751220703,0.15839672088623047
20250723_162329_553,19,17,17,-21.8,19.149300330919928,-83.25127296447754,0.2324075698852539,0.1019904613494873
20250723_162329_889,19,17,17,-21.8,19.1354334868153,-83.21012268066406,0.2333388328552246,0.1583385467529297
20250723_162330_282,20,17,17,-21.8,19.084147884308948,-83.31952247619628,0.23250985145568848,0.10216498374938965
20250723_162330_618,20,17,17,-21.8,18.03212592159356,-84.33943939208984,0.2336101531982422,0.1584014892578125
20250723_162331_011,20,17,17,-21.8,18.025910477398853,-84.20007209777832,0.2326960563659668,0.10195183753967285
20250723_162331_347,20,17,17,-21.8,18.28738837609238,-84.12623596191406,0.2322099208831787,0.1583559513092041
20250723_162331_739,20,17,17,-21.8,18.312968105307235,-83.97826385498047,0.23409152030944824,0.10204315185546875
20250723_162332_076,20,17,17,-21.8,18.53010481646477,-83.83813285827637,0.2378067970275879,0.1583566665649414
20250723_162332_474,20,17,17,-21.8,18.607938366825607,-83.6858139038086,0.23164749145507812,0.1019437313079834
20250723_162332_808,20,17,17,-21.8,18.96187516049531,-83.48037910461426,0.2326493263244629,0.1583847999572754
20250723_162333_201,20,17,17,-21.8,18.90285799599401,-83.57039260864258,0.23368215560913086,0.1020057201385498
20250723_162333_538,20,17,17,-21.8,18.367938644241974,-83.89957046508789,0.23196935653686523,0.1583108901977539
20250723_162333_929,20,17,17,-21.8,18.36805937271133,-84.00123405456543,0.23166990280151367,0.10199642181396484
20250723_162334_264,21,17,17,-21.8,17.766635227484173,-84.6549144744873,0.23303818702697754,0.1583235263824463
20250723_162334_657,21,17,17,-21.8,16.788221397200033,-85.57539215087891,0.23363256454467773,0.10206961631774902
20250723_162334_994,21,16,16,-23.2,18.815981695005448,-83.54532623291016,0.2325606346130371,0.15835213661193848
20250723_162335_386,21,16,16,-23.2,18.508047007808088,-83.83837890625,0.23209571838378906,0.10201072692871094
20250723_162335_722,21,16,16,-23.2,19.447297909321065,-82.93494529724121,0.2338399887084961,0.15834856033325195
20250723_162336_115,21,16,16,-23.2,19.550648296560013,-82.69439697265625,0.23363018035888672,0.10209155082702637
20250723_162336_452,21,16,16,-23.2,19.36853606110637,-83.03487510681153,0.23322343826293945,0.15845727920532227
20250723_162336_845,21,16,16,-23.2,19.435847715094297,-82.96639442443848,0.2637495994567871,0.1019134521484375
20250723_162337_212,21,16,16,-23.2,19.424100689343675,-83.07966003417968,0.2376728057861328,0.15833139419555664
20250723_162337_609,21,16,16,-23.2,19.310899316447546,-83.10904273986816,0.23318195343017578,0.10200119018554688
20250723_162337_946,21,16,16,-23.2,18.60241947341575,-83.68544998168946,0.23144149780273438,0.15834569931030273
20250723_162338_337,22,16,16,-23.2,19.13802233159545,-83.14681816101074,0.23360204696655273,0.10205554962158203
20250723_162338_674,22,16,16,-23.2,16.41874134416983,-85.95616912841797,0.2339470386505127,0.15831637382507324
20250723_162339_067,22,15,15,-24.7,16.481980314458113,-85.76479110717774,0.23068666458129883,0.10203170776367188
20250723_162339_401,22,NO_RADIO,15,-24.7,19.33956566394282,-83.1303482055664,0.1575307846069336,0.15870881080627441
20250723_162339_719,22,15,15,-24.7,19.290024334101275,-83.1777458190918,0.23564553260803223,0.101959228515625
20250723_162340_058,22,NO_RADIO,15,-24.7,19.484691476221627,-82.83255653381347,0.1579275131225586,0.15836238861083984
20250723_162340_375,22,NO_RADIO,15,-24.7,19.553025650806873,-82.80654258728028,0.16277074813842773,0.10201454162597656
20250723_162340_641,22,15,15,-24.7,19.0657594967538,-83.24900703430175,0.24288535118103027,0.15836811065673828
20250723_162341_044,22,15,15,-24.7,18.92972564817991,-83.32039413452148,0.2312183380126953,0.10201644897460938
20250723_162341_378,22,NO_RADIO,15,-24.7,19.13542486850517,-83.30325851440429,0.15738272666931152,0.15832042694091797
20250723_162341_695,22,15,15,-24.7,19.135365244537226,-83.24492645263672,0.26990628242492676,0.10192370414733887
20250723_162342_068,22,NO_RADIO,15,-24.7,18.87540291891598,-83.35355491638184,0.1579585075378418,0.15840935707092285
20250723_162342_386,23,NO_RADIO,15,-24.7,19.086962841968727,-83.22422943115234,0.16538619995117188,0.1020660400390625
20250723_162342_655,23,14,14,-26.1,20.144417992496187,-82.22113037109375,0.2454395294189453,0.15832901000976562
20250723_162343_060,23,NO_RADIO,14,-26.1,20.279389352976196,-82.11376953125,0.15749526023864746,0.10210847854614258
20250723_162343_320,23,14,14,-26.1,19.8229671623818,-82.62459869384766,0.23801827430725098,0.15845394134521484
20250723_162343_718,23,14,14,-26.1,19.749519015089078,-82.5252841949463,0.23207998275756836,0.10204958915710449
20250723_162344_054,23,14,14,-26.1,20.515009511733567,-81.78825378417969,0.23206019401550293,0.15843605995178223
20250723_162344_445,23,15,15,-24.7,20.51562409648325,-81.87662086486816,0.23126888275146484,0.1019446849822998
20250723_162344_780,23,NO_RADIO,15,-24.7,18.478887536195856,-83.79082794189453,0.15751194953918457,0.15832734107971191
20250723_162345_097,23,14,14,-26.1,18.385383180575857,-83.91772537231445,0.23611211776733398,0.10199642181396484
20250723_162345_436,23,14,14,-26.1,19.70735603012207,-82.62664642333985,0.2317962646484375,0.15834617614746094
20250723_162345_828,23,14,14,-26.1,19.817210515777276,-82.5252841949463,0.230865478515625,0.1020362377166748
20250723_162346_162,23,14,14,-26.1,20.512381971604242,-81.89517288208008,0.23082375526428223,0.15837550163269043
20250723_162346_552,24,14,14,-26.1,20.640003843430833,-81.83796844482421,0.23055529594421387,0.10199451446533203
20250723_162346_886,24,14,14,-26.1,18.91865716856924,-83.40846061706543,0.2588350772857666,0.15832066535949707
20250723_162347_305,24,14,14,-26.1,18.83133269488863,-83.42624435424804,0.23387551307678223,0.10242581367492676
20250723_162347_642,24,14,14,-26.1,19.25726736705174,-83.06591796875,0.2319507598876953,0.15835118293762207
20250723_162348_034,24,14,14,-26.1,19.579442806440227,-82.8545150756836,0.23371171951293945,0.1020660400390625
20250723_162348_371,24,14,14,-26.1,19.542267068710984,-82.776611328125,0.23365354537963867,0.15837788581848145
20250723_162348_764,24,14,14,-26.1,19.550795812217075,-82.78396110534668,0.23444008827209473,0.10195684432983398
20250723_162349_102,24,14,14,-26.1,19.149712469571483,-83.28813934326172,0.23280096054077148,0.1585235595703125
20250723_162349_494,24,14,14,-26.1,19.151480758485775,-83.35355491638184,0.2376537322998047,0.10207915306091309
20250723_162349_836,24,14,14,-26.1,19.02656265354034,-83.40924072265625,0.23620080947875977,0.15847349166870117
20250723_162350_232,24,14,14,-26.1,19.095841096578,-83.16567726135254,0.23654699325561523,0.10202741622924805
20250723_162350_571,25,13,13,-27.6,18.70349043491052,-83.61968231201172,0.23440098762512207,0.15830445289611816
20250723_162350_965,25,14,14,-26.1,18.669153471719937,-83.78949699401856,0.23244738578796387,0.10197043418884277
20250723_162351_301,25,13,13,-27.6,19.345745010006482,-83.18058280944824,0.2328019142150879,0.15870928764343262
20250723_162351_694,25,13,13,-27.6,19.289143170586414,-83.04872779846191,0.2617759704589844,0.1023857593536377
20250723_162352_060,25,13,13,-27.6,19.45597205180816,-82.9969425201416,0.23517966270446777,0.1585533618927002
20250723_162352_455,25,13,13,-27.6,19.34580064995491,-83.01056671142578,0.23523688316345215,0.10206413269042969
20250723_162352_794,25,13,13,-27.6,19.427736815295404,-83.02484893798828,0.23261713981628418,0.15834379196166992
20250723_162353_186,25,13,13,-27.6,19.279918753275737,-83.11572265625,0.23203659057617188,0.10207939147949219
20250723_162353_521,25,13,13,-27.6,18.97956102783084,-83.44208450317383,0.2345438003540039,0.1583404541015625
20250723_162353_916,25,13,13,-27.6,18.96071047297073,-83.43567008972168,0.23337531089782715,0.10206031799316406
20250723_162354_252,26,13,13,-27.6,17.878096913936588,-84.49990234375,0.23534131050109863,0.15862631797790527
20250723_162354_648,26,13,13,-27.6,17.431849853412075,-85.05339813232422,0.2332158088684082,0.10208749771118164
20250723_162354_984,26,13,13,-27.6,17.159841928425934,-85.13900756835938,0.23696041107177734,0.1583542823791504
20250723_162355_381,26,12,12,-29.0,16.980491283709853,-85.23601722717285,0.23465180397033691,0.10198020935058594
20250723_162355_719,26,12,12,-29.0,20.186083931085847,-82.30205574035645,0.23443388938903809,0.15832090377807617
20250723_162356_113,26,13,13,-27.6,20.240696082932516,-82.04146575927734,0.2342684268951416,0.10198044776916504
20250723_162356_450,26,13,13,-27.6,17.66976328717719,-84.63665618896485,0.23425507545471191,0.1583719253540039
20250723_162356_844,26,13,13,-27.6,17.751188234844037,-84.62821960449219,0.23714065551757812,0.10204172134399414
20250723_162357_184,26,13,13,-27.6,17.867304012509337,-84.49947242736816,0.23334002494812012,0.15839695930480957
20250723_162357_577,26,13,13,-27.6,17.835671429154445,-84.56657409667969,0.23350858688354492,0.10199904441833496
20250723_162357_914,26,13,13,-27.6,16.989706361640742,-85.3326358795166,0.23341035842895508,0.15833806991577148
20250723_162358_307,27,13,13,-27.6,17.433761852988553,-84.83096313476562,0.23577570915222168,0.10199284553527832
20250723_162358_646,27,13,13,-27.6,15.706558050982153,-86.63632087707519,0.2325136661529541,0.15839815139770508
20250723_162359_038,27,12,12,-29.0,15.64575512785764,-86.38507194519043,0.23466014862060547,0.10196948051452637
20250723_162359_376,27,12,12,-29.0,19.12686579909152,-83.30085906982421,0.2331078052520752,0.15834808349609375
20250723_162359_769,27,12,12,-29.0,19.094793096482192,-83.27686500549316,0.23536300659179688,0.10199856758117676
20250723_162400_107,27,11,11,-30.5,20.104580617807954,-82.3783332824707,0.23243474960327148,0.15836119651794434
20250723_162400_499,27,12,12,-29.0,19.75994900528515,-82.64262809753419,0.23229551315307617,0.10199689865112305
20250723_162400_835,27,12,12,-29.0,19.780656772595734,-82.6641170501709,0.23251867294311523,0.15841221809387207
20250723_162401_227,27,12,12,-29.0,19.57428908246584,-82.6717300415039,0.23541474342346191,0.10204219818115234
20250723_162401_566,27,12,12,-29.0,19.725158492357238,-82.65423851013183,0.23398208618164062,0.15834856033325195
20250723_162401_959,27,12,12,-29.0,19.59252414982035,-82.7561092376709,0.26020121574401855,0.10197591781616211
20250723_162402_323,28,12,12,-29.0,18.029057466085163,-84.33943939208984,0.23355388641357422,0.15840911865234375
20250723_162402_716,28,11,11,-30.5,18.009127501925263,-84.29512901306153,0.23561644554138184,0.1021718978881836
20250723_162403_055,28,11,11,-30.5,18.60701452793073,-83.64070587158203,0.23200607299804688,0.15842604637145996
20250723_162403_447,28,11,11,-30.5,18.702318534383664,-83.72621536254883,0.23221731185913086,0.10228776931762695
20250723_162403_783,28,11,11,-30.5,18.915587755802378,-83.38841438293457,0.23354744911193848,0.15836644172668457
20250723_162404_176,28,NO_RADIO,11,-30.5,18.917935901512593,-83.54383354187011,0.15671586990356445,0.10199332237243652
20250723_162404_436,28,11,11,-30.5,18.902227283746868,-83.45593948364258,0.23551416397094727,0.15838909149169922
20250723_162404_831,28,11,11,-30.5,18.91638796141787,-83.51547241210938,0.23506784439086914,0.10197114944458008
20250723_162405_169,28,11,11,-30.5,19.067048780976364,-83.24900703430175,0.23414826393127441,0.1587355136871338
20250723_162405_564,28,NO_RADIO,11,-30.5,19.084225070565395,-83.27686500549316,0.1564645767211914,0.10206413269042969
20250723_162405_824,28,11,11,-30.5,19.624013625491415,-82.82319831848145,0.24019885063171387,0.15838027000427246
20250723_162406_224,28,11,11,-30.5,19.374674937302416,-82.92005577087403,0.23229074478149414,0.10196232795715332
20250723_162406_559,29,11,11,-30.5,17.272468790616287,-85.19406242370606,0.23243165016174316,0.1590592861175537
20250723_162406_952,29,NO_RADIO,11,-30.5,17.43186861317257,-84.93440246582031,0.18643403053283691,0.1020212173461914
20250723_162407_241,29,NO_RADIO,11,-30.5,17.503987662261338,-84.80886421203613,0.1608281135559082,0.15839433670043945
20250723_162407_562,29,NO_RADIO,11,-30.5,17.515115932607102,-84.77127265930176,0.16312742233276367,0.1019904613494873
20250723_162407_828,29,NO_RADIO,11,-30.5,17.681754247879482,-84.56890640258788,0.165665864944458,0.15838122367858887
20250723_162408_154,29,10,10,-31.9,17.779404116880016,-84.46574401855469,0.24165010452270508,0.10211038589477539
20250723_162408_499,29,NO_RADIO,10,-31.9,20.01078616153086,-82.42872314453125,0.15784096717834473,0.1584455966949463
20250723_162408_816,29,NO_RADIO,10,-31.9,20.0229153164137,-82.38027153015136,0.16389250755310059,0.10192656517028809
20250723_162409_083,29,NO_RADIO,10,-31.9,19.848409369665603,-82.5252841949463,0.1661670207977295,0.15840864181518555
20250723_162409_409,29,NO_RADIO,10,-31.9,19.760639543410946,-82.64356231689453,0.16478180885314941,0.10200786590576172
20250723_162409_677,29,NO_RADIO,10,-31.9,20.00012870876948,-82.48728942871094,0.1629340648651123,0.15836620330810547
20250723_162409_999,29,NO_RADIO,10,-31.9,19.79512438092712,-82.65837364196777,0.1636805534362793,0.10200905799865723
20250723_162410_266,30,NO_RADIO,10,-31.9,20.21774083317827,-82.26860809326172,0.1640312671661377,0.15828824043273926
20250723_162410_590,30,9,9,-33.4,19.088221184719245,-83.34937286376953,0.24631190299987793,0.10197687149047852
20250723_162410_939,30,9,9,-33.4,20.54273675111247,-81.91902542114258,0.23209762573242188,0.15833663940429688
20250723_162411_331,30,9,9,-33.4,20.315112125670396,-81.99582939147949,0.23397207260131836,0.1020822525024414
20250723_162411_668,30,NO_RADIO,9,-33.4,20.391636161187336,-82.04113998413087,0.1565563678741455,0.15842413902282715
20250723_162411_985,30,NO_RADIO,9,-33.4,20.40884554590481,-81.94477806091308,0.17037224769592285,0.10196352005004883
20250723_162412_258,30,10,10,-31.9,18.871104311772257,-83.45639038085938,0.24619007110595703,0.15835165977478027
20250723_162412_664,30,NO_RADIO,10,-31.9,18.91226560370302,-83.44253349304199,0.1577911376953125,0.10198473930358887
20250723_162412_925,30,10,10,-31.9,18.39697243961254,-83.83800964355468,0.24582791328430176,0.1583395004272461
20250723_162413_330,30,NO_RADIO,10,-31.9,18.285202173632896,-84.004052734375,0.1563880443572998,0.10197639465332031
20250723_162413_590,30,NO_RADIO,10,-31.9,18.09298288151588,-84.04263343811036,0.16212153434753418,0.15844130516052246
20250723_162413_912,30,10,10,-31.9,18.235572246549424,-84.18843841552734,0.2478008270263672,0.10199522972106934
20250723_162414_263,31,10,10,-31.9,17.3829294441353,-84.9089454650879,0.2328660488128662,0.15856218338012695
20250723_162414_656,31,10,10,-31.9,17.149270640675468,-85.15500335693359,0.2336866855621338,0.10192275047302246
20250723_162414_992,31,9,9,-33.4,18.980012679647473,-83.28813934326172,0.23370766639709473,0.15848183631896973
20250723_162415_386,31,9,9,-33.4,18.8487679797273,-83.48128509521484,0.23689031600952148,0.10198020935058594
20250723_162415_726,31,9,9,-33.4,19.250821711818986,-83.11697196960449,0.2348620891571045,0.1583707332611084
20250723_162416_120,31,9,9,-33.4,19.19927610478011,-83.17454528808594,0.23349595069885254,0.10204029083251953
20250723_162416_457,31,9,9,-33.4,19.1681120827039,-83.1978759765625,0.2347111701965332,0.15845417976379395
20250723_162416_852,31,9,9,-33.4,19.228612408450715,-83.1636848449707,0.26721739768981934,0.10206055641174316
20250723_162417_222,31,9,9,-33.4,19.218860883250187,-83.26777572631836,0.23369097709655762,0.1583237648010254
20250723_162417_615,31,NO_RADIO,9,-33.4,19.085519122922165,-83.30905265808106,0.15882420539855957,0.10194802284240723
20250723_162417_877,31,NO_RADIO,9,-33.4,19.191902951421696,-83.16631240844727,0.16512656211853027,0.1583566665649414
20250723_162418_202,31,9,9,-33.4,19.130204112873457,-83.35377502441406,0.2416999340057373,0.10185694694519043
20250723_162418_547,32,NO_RADIO,9,-33.4,18.159784572506027,-84.18990325927734,0.15830016136169434,0.15831446647644043
20250723_162418_865,32,8,8,-34.8,18.208023891656225,-83.99280319213867,0.23973441123962402,0.10195183753967285
20250723_162419_208,32,NO_RADIO,8,-34.8,18.958312595175144,-83.42042541503906,0.16058087348937988,0.1583540439605713
20250723_162419_528,32,NO_RADIO,8,-34.8,19.230690916891064,-83.22561645507812,0.16630768775939941,0.10202145576477051
20250723_162419_797,32,NO_RADIO,8,-34.8,19.486275850402137,-82.87935295104981,0.16763663291931152,0.15836477279663086
20250723_162420_125,32,8,8,-34.8,19.425558074481856,-83.0158634185791,0.2434711456298828,0.10191988945007324
20250723_162420_471,32,8,8,-34.8,19.54205920764589,-82.73215827941894,0.23467254638671875,0.15840816497802734
20250723_162420_866,32,8,8,-34.8,19.504900191927405,-82.95148735046386,0.2352001667022705,0.10208916664123535
20250723_162421_204,32,8,8,-34.8,19.379646414842995,-83.03067626953126,0.23214435577392578,0.15881991386413574
20250723_162421_597,32,8,8,-34.8,19.401064708343696,-82.99573478698731,0.2360520362854004,0.10208582878112793
20250723_162421_936,32,8,8,-34.8,19.4281987195246,-83.01005783081055,0.26888298988342285,0.15851426124572754
20250723_162422_365,33,8,8,-34.8,19.348781032482236,-83.01056671142578,0.23619699478149414,0.10206747055053711
20250723_162422_705,33,8,8,-34.8,17.842159119157657,-84.48857879638672,0.2342205047607422,0.15842103958129883
20250723_162423_098,33,7,7,-36.3,18.09689770748423,-84.28870506286621,0.2344346046447754,0.10214400291442871
20250723_162423_436,33,7,7,-36.3,20.249506896128395,-82.09393310546875,0.2333359718322754,0.15843582153320312
20250723_162423_829,33,7,7,-36.3,20.25009629289795,-82.13203430175781,0.2353227138519287,0.10202717781066895
20250723_162424_168,33,8,8,-34.8,18.705602879471016,-83.62672424316406,0.23197722434997559,0.1582961082458496
20250723_162424_559,33,8,8,-34.8,18.543253596544588,-83.80120086669922,0.23292303085327148,0.1019890308380127
20250723_162424_895,33,8,8,-34.8,18.721939054564814,-83.57259597778321,0.2326653003692627,0.15838193893432617
20250723_162425_288,33,8,8,-34.8,18.698041656454507,-83.59072227478028,0.23264241218566895,0.10197830200195312
20250723_162425_624,33,8,8,-34.8,18.486938773853893,-83.74052925109864,0.23466134071350098,0.15840816497802734
20250723_162426_018,33,8,8,-34.8,18.578553208572345,-83.74016876220703,0.2341938018798828,0.10193872451782227
20250723_162426_355,34,8,8,-34.8,16.366989688934197,-85.89103813171387,0.23813915252685547,0.15837574005126953
20250723_162426_753,34,8,8,-34.8,16.439414391893933,-85.86482238769531,0.23488259315490723,0.10199260711669922
20250723_162427_091,34,7,7,-36.3,19.02827789513283,-83.2250820159912,0.2624061107635498,0.15826797485351562
20250723_162427_513,34,7,7,-36.3,19.138729834674834,-83.23118476867675,0.2362973690032959,0.1019892692565918
20250723_162427_853,34,7,7,-36.3,19.563116088583897,-82.87935295104981,0.23341059684753418,0.15847301483154297
20250723_162428_246,34,7,7,-36.3,19.470854850859126,-82.99805526733398,0.23448419570922852,0.1020212173461914
20250723_162428_584,34,7,7,-36.3,20.225066934343175,-82.14703369140625,0.2348310947418213,0.15834307670593262
20250723_162428_978,34,7,7,-36.3,20.073081777186616,-82.20925903320312,0.23494458198547363,0.1019430160522461
20250723_162429_316,34,7,7,-36.3,19.714631142059915,-82.65837364196777,0.23349666595458984,0.15831518173217773
20250723_162429_709,34,7,7,-36.3,19.65572279790905,-82.77564849853516,0.23116183280944824,0.10199117660522461
20250723_162430_044,34,7,7,-36.3,19.29038134903881,-83.1303482055664,0.23459625244140625,0.15874409675598145
20250723_162430_439,35,7,7,-36.3,19.23257937117245,-83.18090057373047,0.2337956428527832,0.10212516784667969
20250723_162430_776,35,7,7,-36.3,18.38996709481188,-83.8606185913086,0.23210453987121582,0.15827727317810059
20250723_162431_167,35,6,6,-37.7,18.496428220464807,-83.79314727783203,0.23444056510925293,0.10202741622924805
20250723_162431_505,35,NO_RADIO,6,-37.7,19.795138132544793,-82.5305721282959,0.1598045825958252,0.15835094451904297
20250723_162431_825,35,NO_RADIO,6,-37.7,19.634631185520647,-82.73942070007324,0.16451573371887207,0.10200262069702148
20250723_162432_092,35,NO_RADIO,6,-37.7,19.28808628585857,-83.01056671142578,0.20134496688842773,0.15830540657043457
20250723_162432_453,35,6,6,-37.7,19.369624767249775,-82.95108680725097,0.2515389919281006,0.10207366943359375
20250723_162432_808,35,NO_RADIO,6,-37.7,19.95673277169422,-82.48728942871094,0.15737271308898926,0.15836739540100098
20250723_162433_125,35,6,6,-37.7,19.70745576401208,-82.77767448425293,0.2416374683380127,0.10199785232543945
20250723_162433_470,35,6,6,-37.7,19.816689263799987,-82.73856391906739,0.23279428482055664,0.15835237503051758
20250723_162433_862,35,NO_RADIO,6,-37.7,19.988902934304974,-82.48728942871094,0.15911078453063965,0.10191941261291504
20250723_162434_124,35,NO_RADIO,6,-37.7,19.77647293032956,-82.70957946777344,0.16395950317382812,0.15848112106323242
20250723_162434_448,36,NO_RADIO,6,-37.7,19.727902656120108,-82.64356231689453,0.16866779327392578,0.10201072692871094
20250723_162434_720,36,NO_RADIO,6,-37.7,19.150774302171726,-83.28759727478027,0.1700584888458252,0.1583871841430664
20250723_162435_050,36,5,5,-39.2,19.290129436998072,-83.11540946960449,0.24589276313781738,0.10190606117248535
20250723_162435_399,36,5,5,-39.2,19.867456228755657,-82.6248779296875,0.23380279541015625,0.15831589698791504
20250723_162435_792,36,NO_RADIO,5,-39.2,19.927934212477084,-82.5252841949463,0.15837812423706055,0.10197019577026367
20250723_162436_054,36,5,5,-39.2,19.818234004168175,-82.38027153015136,0.24427223205566406,0.15851211547851562
20250723_162436_458,36,5,5,-39.2,19.82734206369217,-82.5467456817627,0.23520779609680176,0.10197663307189941
20250723_162436_796,36,NO_RADIO,5,-39.2,19.534472082698883,-82.88201942443848,0.1592845916748047,0.15838360786437988
20250723_162437_115,36,5,5,-39.2,19.471489036758555,-82.96991577148438,0.2754402160644531,0.10197019577026367
20250723_162437_494,36,5,5,-39.2,19.581983630664823,-82.78598022460938,0.23630261421203613,0.15846776962280273
20250723_162437_890,36,5,5,-39.2,19.580277660045937,-82.78511276245118,0.23308539390563965,0.10201239585876465
20250723_162438_226,36,NO_RADIO,5,-39.2,19.470893515417217,-82.88211822509766,0.15734648704528809,0.15841054916381836
20250723_162438_543,37,NO_RADIO,5,-39.2,18.783600603462347,-83.61968231201172,0.16561675071716309,0.10206913948059082
20250723_162438_812,37,NO_RADIO,5,-39.2,18.982134101638223,-83.45639038085938,0.16557812690734863,0.15861177444458008
20250723_162439_137,37,5,5,-39.2,18.926869659670643,-83.42713928222656,0.24543213844299316,0.10199928283691406
20250723_162439_486,37,NO_RADIO,5,-39.2,18.760032090805723,-83.59969520568848,0.158935546875,0.15836095809936523
20250723_162439_805,37,NO_RADIO,5,-39.2,18.56547517060943,-83.74089050292969,0.16497397422790527,0.10197973251342773
20250723_162440_073,37,NO_RADIO,5,-39.2,19.087703150312336,-83.14083862304688,0.16902947425842285,0.15832853317260742
20250723_162440_402,37,5,5,-39.2,19.026611389302147,-83.42042541503906,0.24675273895263672,0.10205864906311035
20250723_162440_752,37,5,5,-39.2,19.377853414353893,-82.98062705993652,0.23324990272521973,0.15846896171569824
20250723_162441_145,37,5,5,-39.2,19.333966444250336,-83.02484893798828,0.23395967483520508,0.10204815864562988
20250723_162441_482,37,5,5,-39.2,18.840928223959438,-83.54532623291016,0.2353041172027588,0.15844416618347168
20250723_162441_877,37,5,5,-39.2,18.969814584284137,-83.49697990417481,0.23256802558898926,0.10189342498779297
20250723_162442_213,38,5,5,-39.2,17.437046872981938,-84.93123626708984,0.2657966613769531,0.1587533950805664
20250723_162442_639,38,5,5,-39.2,17.30781262106788,-84.93424415588379,0.23346924781799316,0.10199213027954102
20250723_162442_976,38,4,4,-40.6,18.32155376691118,-84.01957664489746,0.23288702964782715,0.15836644172668457
20250723_162443_368,38,NO_RADIO,4,-40.6,18.362387862870662,-84.03978958129883,0.15797781944274902,0.1020352840423584
20250723_162443_629,38,NO_RADIO,4,-40.6,18.283716628887433,-84.10430145263672,0.16118383407592773,0.15831661224365234
20250723_162443_950,38,4,4,-40.6,18.4221709995642,-84.01957702636719,0.24216890335083008,0.10197806358337402
20250723_162444_296,38,NO_RADIO,4,-40.6,18.57710843139172,-83.68580627441406,0.15793275833129883,0.15831303596496582
20250723_162444_613,38,4,4,-40.6,18.830378015330098,-83.74052925109864,0.23859643936157227,0.10203170776367188
20250723_162444_955,38,4,4,-40.6,18.574468799678485,-83.74089050292969,0.2349390983581543,0.15843534469604492
20250723_162445_349,38,4,4,-40.6,18.669820344225116,-83.61933135986328,0.23302340507507324,0.10196685791015625
20250723_162445_686,38,4,4,-40.6,18.14678444980568,-84.03179702758788,0.23656725883483887,0.15836787223815918
20250723_162446_082,38,4,4,-40.6,18.288246729415803,-84.08690643310547,0.2350010871887207,0.10198831558227539
20250723_162446_420,39,NO_RADIO,4,-40.6,16.61111650755018,-85.66886138916016,0.1574718952178955,0.15834641456604004
20250723_162446_737,39,3,3,-42.1,16.91508317523038,-85.42044639587402,0.23941969871520996,0.10198211669921875
20250723_162447_080,39,3,3,-42.1,19.424560664807842,-82.81869888305664,0.26407766342163086,0.1584033966064453
20250723_162447_503,39,3,3,-42.1,19.654604805495964,-82.75947570800781,0.2351984977722168,0.10195422172546387
20250723_162447_842,39,3,3,-42.1,19.382998698026142,-82.94385528564453,0.23620820045471191,0.15826773643493652
20250723_162448_238,39,3,3,-42.1,19.17632032468923,-83.14031410217285,0.23089957237243652,0.10194253921508789
20250723_162448_572,39,3,3,-42.1,18.937001119637316,-83.34585113525391,0.2331829071044922,0.15840935707092285
20250723_162448_965,39,3,3,-42.1,18.955950971327866,-83.43611907958984,0.23444628715515137,0.1020512580871582
20250723_162449_302,39,3,3,-42.1,18.91275186572247,-83.45639038085938,0.23328065872192383,0.15832281112670898
20250723_162449_695,39,3,3,-42.1,19.02683401848641,-83.22486839294433,0.23284387588500977,0.10189414024353027
20250723_162450_031,39,3,3,-42.1,19.012064051897227,-83.30325851440429,0.23363757133483887,0.15837764739990234
20250723_162450_424,40,3,3,-42.1,19.33099497327494,-83.18090057373047,0.2359168529510498,0.10198330879211426
20250723_162450_764,40,3,3,-42.1,18.157707509769097,-84.18936958312989,0.2346658706665039,0.158433198928833
20250723_162451_158,40,2,2,-43.5,18.338516876154642,-84.03244018554688,0.23730015754699707,0.10201907157897949
20250723_162451_499,40,3,3,-42.1,17.38156790229573,-84.93424415588379,0.23314881324768066,0.15843772888183594
20250723_162451_891,40,3,3,-42.1,17.765976521385724,-84.68475341796875,0.23439335823059082,0.10207772254943848
20250723_162452_229,40,3,3,-42.1,18.57599973178685,-83.87712936401367,0.2359635829925537,0.15842747688293457
20250723_162452_625,40,3,3,-42.1,18.600119749123877,-83.82115936279297,0.23536324501037598,0.10210037231445312
20250723_162452_964,40,3,3,-42.1,18.265019067638917,-84.01187133789062,0.23386335372924805,0.15857625007629395
20250723_162453_358,40,2,2,-43.5,18.16730815999796,-84.25724029541016,0.2317647933959961,0.10253238677978516
20250723_162453_694,40,3,3,-42.1,18.094925974598524,-84.25696907043456,0.23314404487609863,0.1586003303527832
20250723_162454_086,40,3,3,-42.1,18.359679046320238,-84.03244018554688,0.23506569862365723,0.10205769538879395
20250723_162454_425,41,2,2,-43.5,18.387417590319984,-84.04276275634766,0.23496198654174805,0.1587386131286621
20250723_162454_820,41,2,2,-43.5,18.337216190817514,-83.95794830322265,0.23249316215515137,0.10211491584777832
20250723_162455_156,41,2,2,-43.5,17.998531111304814,-84.43071479797364,0.23378920555114746,0.15878748893737793
20250723_162455_551,41,2,2,-43.5,18.02637444548384,-84.3228759765625,0.2335832118988037,0.10190701484680176
20250723_162455_887,41,2,2,-43.5,18.056266863790583,-84.26498107910156,0.2348954677581787,0.15836000442504883
20250723_162456_282,41,2,2,-43.5,18.18599666385228,-84.29540252685547,0.23488736152648926,0.10197305679321289
20250723_162456_620,41,2,2,-43.5,18.316831940935884,-84.03501892089844,0.23422884941101074,0.15834331512451172
20250723_162457_014,41,2,2,-43.5,18.185674538866067,-84.16060638427734,0.25460076332092285,0.1019737720489502
20250723_162457_371,41,2,2,-43.5,18.318612769541758,-84.01148681640625,0.2329263687133789,0.15837407112121582
20250723_162457_764,41,2,2,-43.5,18.284596542754855,-84.07231979370117,0.23247408866882324,0.10198116302490234
20250723_162458_100,41,2,2,-43.5,18.346737797862303,-83.99318466186523,0.23845195770263672,0.15845060348510742
20250723_162458_498,42,2,2,-43.5,18.081497633925352,-84.29814910888672,0.23305773735046387,0.10206484794616699
20250723_162458_834,42,2,2,-43.5,17.254547062599386,-85.16853523254395,0.23348665237426758,0.15834641456604004
20250723_162459_227,42,1,1,-45.0,17.270889669040542,-84.99818420410156,0.23545384407043457,0.10195207595825195
20250723_162459_566,42,1,1,-45.0,18.381668024861696,-84.0841667175293,0.23691940307617188,0.1583547592163086
20250723_162459_962,42,NO_RADIO,1,-45.0,18.31949786220801,-84.03978958129883,0.1586000919342041,0.10198283195495605
20250723_162500_224,42,NO_RADIO,1,-45.0,18.26057061684581,-84.1437831878662,0.16447854042053223,0.1583874225616455
20250723_162500_548,42,1,1,-45.0,18.095023288832564,-84.15728912353515,0.24871325492858887,0.1020205020904541
20250723_162500_900,42,1,1,-45.0,18.076845511316918,-84.46503295898438,0.2333812713623047,0.15840578079223633
20250723_162501_293,42,1,1,-45.0,18.117155985135398,-84.23193664550782,0.23522114753723145,0.10195302963256836
20250723_162501_632,42,1,1,-45.0,18.53868690845367,-83.771000289917,0.23297643661499023,0.15831470489501953
20250723_162502_024,42,1,1,-45.0,18.735543927207658,-83.6289493560791,0.2645266056060791,0.10190844535827637
20250723_162502_392,43,1,1,-45.0,17.667695358747125,-84.62645301818849,0.23382139205932617,0.15831303596496582
20250723_162502_785,43,1,1,-45.0,17.667166492364103,-84.67399520874024,0.23410987854003906,0.10199141502380371
20250723_162503_122,43,1,1,-45.0,17.745979888446612,-84.5958251953125,0.23563480377197266,0.1583869457244873
20250723_162503_518,43,1,1,-45.0,17.755094362523508,-84.4765796661377,0.23138070106506348,0.10202574729919434
20250723_162503_852,43,1,1,-45.0,17.844109244511145,-84.48800735473633,0.23458552360534668,0.15845942497253418
20250723_162504_247,43,1,1,-45.0,18.113338140584432,-84.28870506286621,0.23653912544250488,0.10206127166748047
20250723_162504_586,43,1,1,-45.0,18.155742132836806,-84.14470672607422,0.23625540733337402,0.15853118896484375
20250723_162504_982,43,1,1,-45.0,18.144237395146988,-84.18990325927734,0.23557114601135254,0.10207128524780273
20250723_162505_321,43,1,1,-45.0,17.806593673511543,-84.67503547668457,0.23514723777770996,0.15834379196166992
20250723_162505_716,43,1,1,-45.0,17.669436242051177,-84.6541648864746,0.2342681884765625,0.10190272331237793
20250723_162506_053,43,1,1,-45.0,17.846732725444426,-84.38630714416504,0.23311758041381836,0.15841341018676758
20250723_162506_446,44,1,1,-45.0,17.859018013510052,-84.62821960449219,0.23624682426452637,0.10198736190795898
20250723_162506_786,44,1,1,-45.0,16.544663902288363,-85.79058570861817,0.23512959480285645,0.15842580795288086
20250723_162507_181,44,1,1,-45.0,16.696059569519235,-85.71038818359375,0.23659682273864746,0.10222935676574707
20250723_162507_521,44,1,1,-45.0,16.811949250243586,-85.63517761230469,0.23425507545471191,0.15836262702941895
20250723_162507_915,44,1,1,-45.0,16.784697379847444,-85.32933807373047,0.23347878456115723,0.10196161270141602
20250723_162508_251,44,1,1,-45.0,17.173806953283844,-85.11579132080078,0.2340855598449707,0.1584022045135498
20250723_162508_645,44,1,1,-45.0,17.21246234519495,-85.08940887451172,0.23479390144348145,0.10199642181396484
20250723_162508_983,44,1,1,-45.0,17.33747428871419,-85.08940887451172,0.23630023002624512,0.15834593772888184
20250723_162509_379,44,1,1,-45.0,17.378780528951054,-84.93424415588379,0.2379615306854248,0.10207605361938477
20250723_162509_720,44,1,1,-45.0,17.496987247070365,-84.88253479003906,0.23404765129089355,0.1584012508392334
20250723_162510_114,44,NO_RADIO,1,-45.0,17.318735518722974,-84.90910339355469,0.1574392318725586,0.10203313827514648
20250723_162510_374,45,1,1,-45.0,15.250180730132769,-86.92828369140625,0.24151206016540527,0.15835857391357422
20250723_162510_776,45,1,1,-45.0,15.269063223711925,-87.02986907958984,0.23543500900268555,0.1020817756652832
20250723_162511_114,45,1,1,-45.0,16.1363932846117,-86.42938575744628,0.2355971336364746,0.1584775447845459
20250723_162511_510,45,1,1,-45.0,16.162144027053586,-86.19120025634766,0.23491239547729492,0.10199213027954102
20250723_162511_848,45,1,1,-45.0,15.941613040041489,-86.25287399291993,0.23421883583068848,0.1584627628326416
20250723_162512_242,45,1,1,-45.0,15.912840691747846,-86.22502136230469,0.2644338607788086,0.10191941261291504
20250723_162512_609,45,1,1,-45.0,15.470080103675073,-86.73194885253906,0.23403239250183105,0.1583700180053711
20250723_162513_003,45,1,1,-45.0,15.561675451241214,-86.75577087402344,0.23572015762329102,0.10209226608276367
20250723_162513_342,45,NO_RADIO,1,-45.0,16.003912882793912,-86.43923416137696,0.15812468528747559,0.15833520889282227
20250723_162513_660,45,NO_RADIO,1,-45.0,16.175513908321165,-86.04129028320312,0.16465330123901367,0.10209345817565918
20250723_162513_928,45,1,1,-45.0,16.16038271466347,-86.07312927246093,0.2446591854095459,0.15838003158569336
20250723_162514_332,46,1,1,-45.0,16.177343119512955,-86.00784835815429,0.23334121704101562,0.10199236869812012
20250723_162514_669,46,1,1,-45.0,14.035269155048894,-88.25704193115234,0.2345731258392334,0.15844392776489258
20250723_162515_063,46,1,1,-45.0,14.035389739464478,-88.06142730712891,0.2352609634399414,0.1020510196685791
20250723_162515_402,46,1,1,-45.0,14.223205298314753,-88.12940216064453,0.23579740524291992,0.15832877159118652
20250723_162515_797,46,1,1,-45.0,14.109216015086858,-87.94027175903321,0.23472285270690918,0.10202598571777344
20250723_162516_135,46,1,1,-45.0,14.230372918911854,-87.97335052490234,0.23459696769714355,0.15834259986877441
20250723_162516_529,46,1,1,-45.0,14.417692434649922,-87.81039428710938,0.23354530334472656,0.10210871696472168
20250723_162516_866,46,1,1,-45.0,14.852923687893053,-87.26753997802734,0.23739862442016602,0.15840411186218262
20250723_162517_263,46,1,1,-45.0,14.625340952364652,-87.52386436462402,0.23719382286071777,0.10195803642272949
20250723_162517_604,46,1,1,-45.0,14.687617351783658,-87.60612487792969,0.23536443710327148,0.1583540439605713
20250723_162517_999,46,1,1,-45.0,14.683637875974554,-87.66520690917969,0.23586273193359375,0.1019434928894043
20250723_162518_338,47,1,1,-45.0,12.983873692576282,-89.30658569335938,0.23418116569519043,0.1583869457244873
20250723_162518_732,47,1,1,-45.0,13.140087610951355,-89.0556869506836,0.23489117622375488,0.10204815864562988
20250723_162519_070,47,NO_RADIO,1,-45.0,12.898205303824028,-89.26553344726562,0.15954828262329102,0.15829920768737793
20250723_162519_389,47,NO_RADIO,1,-45.0,12.887157274079115,-89.36690368652344,0.16485214233398438,0.10208463668823242
20250723_162519_657,47,NO_RADIO,1,-45.0,13.000401035069103,-89.03116607666016,0.1648426055908203,0.1584470272064209
20250723_162519_982,47,1,1,-45.0,12.897970130953695,-89.22998657226563,0.24194812774658203,0.10203957557678223
20250723_162520_327,47,NO_RADIO,1,-45.0,13.231662518273879,-88.93328666687012,0.15914273262023926,0.15839672088623047
20250723_162520_645,47,NO_RADIO,1,-45.0,12.995054535565657,-89.1384048461914,0.16159987449645996,0.10209131240844727
20250723_162520_910,47,1,1,-45.0,13.14085662333288,-88.77642250061035,0.24004888534545898,0.15864253044128418
20250723_162521_311,47,1,1,-45.0,13.261753018646019,-89.02913894653321,0.23499608039855957,0.10201501846313477
20250723_162521_649,47,1,1,-45.0,13.466442293127784,-88.66229782104493,0.23313117027282715,0.1583089828491211
20250723_162522_042,47,1,1,-45.0,13.401548468518598,-88.7779541015625,0.26250481605529785,0.1019144058227539
20250723_162522_407,48,1,1,-45.0,11.52328188974343,-90.52990379333497,0.23652267456054688,0.1583564281463623
20250723_162522_804,48,1,1,-45.0,11.580851042330693,-90.22389221191406,0.2343614101409912,0.10198307037353516
20250723_162523_141,48,NO_RADIO,1,-45.0,11.521704636447637,-90.53502655029297,0.15604281425476074,0.15844464302062988
20250723_162523_457,48,1,1,-45.0,11.60999824406322,-90.36447982788086,0.23916125297546387,0.10198473930358887
20250723_162523_799,48,NO_RADIO,1,-45.0,12.296175958273224,-89.81483459472656,0.15897035598754883,0.1584489345550537
20250723_162524_118,48,NO_RADIO,1,-45.0,12.490503544923087,-89.47698974609375,0.16420769691467285,0.10206460952758789
20250723_162524_386,48,NO_RADIO,1,-45.0,12.258634825449292,-89.90357971191406,0.16851115226745605,0.15857934951782227
20250723_162524_714,48,1,1,-45.0,12.092618879190866,-90.05407638549805,0.24500632286071777,0.10227298736572266
20250723_162525_062,48,NO_RADIO,1,-45.0,12.183166842015225,-89.93356323242188,0.1591815948486328,0.15862679481506348
20250723_162525_382,48,NO_RADIO,1,-45.0,12.182910856262907,-90.17060852050781,0.16405153274536133,0.10237646102905273
20250723_162525_650,48,NO_RADIO,1,-45.0,12.09232340190789,-89.84422302246094,0.1652998924255371,0.15847015380859375
20250723_162525_975,48,1,1,-45.0,12.182543322464426,-89.84275360107422,0.2419910430908203,0.10198497772216797
20250723_162526_320,49,NO_RADIO,1,-45.0,10.522839947543872,-91.62976837158203,0.15797185897827148,0.1583728790283203
20250723_162526_637,49,NO_RADIO,1,-45.0,10.390037826004459,-91.67446899414062,0.1615145206451416,0.10207223892211914
20250723_162526_902,49,1,1,-45.0,10.320025405001218,-91.64387283325195,0.2410905361175537,0.15844321250915527
20250723_162527_303,49,1,1,-45.0,10.312348398772542,-91.87364959716797,0.26281166076660156,0.10202431678771973
20250723_162527_669,49,1,1,-45.0,10.390609127999738,-91.81137084960938,0.23372673988342285,0.15839362144470215
20250723_162528_062,49,NO_RADIO,1,-45.0,10.848591734859198,-91.17960357666016,0.15755724906921387,0.10201191902160645
20250723_162528_323,49,NO_RADIO,1,-45.0,11.166809171640622,-90.73542022705078,0.1621110439300537,0.15833711624145508
20250723_162528_645,49,NO_RADIO,1,-45.0,11.24646446680805,-90.73542022705078,0.16646218299865723,0.10199356079101562
20250723_162528_915,49,NO_RADIO,1,-45.0,10.760727175293226,-91.17960357666016,0.1650235652923584,0.15840458869934082
20250723_162529_239,49,NO_RADIO,1,-45.0,10.710858182715171,-91.24424324035645,0.16668105125427246,0.10204887390136719
20250723_162529_509,49,NO_RADIO,1,-45.0,10.409931185157703,-91.64461517333984,0.16852164268493652,0.15834760665893555
20250723_162529_837,49,NO_RADIO,1,-45.0,10.312910787744926,-91.64461517333984,0.16566753387451172,0.10205626487731934
20250723_162530_106,49,NO_RADIO,1,-45.0,10.049912010586525,-91.92092895507812,0.16437792778015137,0.15831851959228516
20250723_162530_430,50,1,1,-45.0,10.31303703517841,-91.81137084960938,0.2395188808441162,0.10204553604125977
20250723_162530_773,50,1,1,-45.0,9.173817715342153,-92.85452270507812,0.2337188720703125,0.15840673446655273
20250723_162531_166,50,1,1,-45.0,9.373947090676424,-92.478271484375,0.23542380332946777,0.10211539268493652
20250723_162531_505,50,1,1,-45.0,9.373380679261743,-92.69726219177247,0.23383831977844238,0.1583261489868164
20250723_162531_899,50,NO_RADIO,1,-45.0,9.174005986865382,-92.75736236572266,0.15837788581848145,0.10196685791015625
20250723_162532_160,50,1,1,-45.0,9.541820602143957,-92.42454528808594,0.24238824844360352,0.15839529037475586
20250723_162532_562,50,1,1,-45.0,9.542020019790229,-92.478271484375,0.23638916015625,0.10200119018554688
20250723_162532_902,50,1,1,-45.0,9.174376955260428,-92.75736236572266,0.24094033241271973,0.15874457359313965
20250723_162533_304,50,1,1,-45.0,9.14886365030199,-93.11781311035156,0.23585224151611328,0.10203313827514648
20250723_162533_643,50,1,1,-45.0,8.828822157404034,-93.24172554016114,0.2334003448486328,0.15838241577148438
20250723_162534_036,50,1,1,-45.0,8.82859278669487,-93.180908203125,0.2346036434173584,0.10202574729919434
20250723_162534_373,51,1,1,-45.0,7.838794612255839,-93.99395751953125,0.23419404029846191,0.15835237503051758
20250723_162534_767,51,NO_RADIO,1,-45.0,8.20506760115039,-93.91798400878906,0.1608872413635254,0.10201597213745117
20250723_162535_031,51,1,1,-45.0,8.483285067270785,-93.72166442871094,0.24489688873291016,0.15834593772888184
20250723_162535_436,51,NO_RADIO,1,-45.0,8.009249777840424,-93.91798400878906,0.1572566032409668,0.10202527046203613
20250723_162535_696,51,NO_RADIO,1,-45.0,8.009295164945897,-93.91179695129395,0.16654706001281738,0.15842175483703613
20250723_162536_023,51,NO_RADIO,1,-45.0,8.02962951790252,-93.79424285888672,0.1685631275177002,0.10202336311340332
20250723_162536_294,51,1,1,-45.0,8.209036035987992,-93.61753158569337,0.2490394115447998,0.15836238861083984
20250723_162536_703,51,NO_RADIO,1,-45.0,8.237279899607799,-93.72166442871094,0.15744233131408691,0.10199499130249023
20250723_162536_964,51,1,1,-45.0,8.48339216529115,-93.72166442871094,0.2376091480255127,0.15844440460205078
20250723_162537_361,51,1,1,-45.0,8.205146015706177,-93.99395751953125,0.2625737190246582,0.10206437110900879
20250723_162537_727,51,NO_RADIO,1,-45.0,8.513333851009847,-93.61753158569337,0.1589488983154297,0.1583561897277832
20250723_162538_046,51,NO_RADIO,1,-45.0,8.205711997865663,-93.79424285888672,0.1620168685913086,0.10203146934509277
20250723_162538_311,52,1,1,-45.0,7.552532105725149,-94.56656646728516,0.23380303382873535,0.15834879875183105
20250723_162538_704,52,NO_RADIO,1,-45.0,7.698735938193437,-94.45152282714844,0.1586284637451172,0.10219049453735352
20250723_162538_966,52,1,1,-45.0,7.553185931594811,-94.45152282714844,0.23978781700134277,0.1582486629486084
20250723_162539_365,52,1,1,-45.0,7.734837346628225,-94.25724792480469,0.2335355281829834,0.10200309753417969
20250723_162539_702,52,1,1,-45.0,7.840282131280063,-94.01829605102539,0.2334580421447754,0.15830540657043457
20250723_162540_095,52,1,1,-45.0,7.840835264546001,-94.44591903686523,0.23374009132385254,0.10201311111450195
20250723_162540_432,52,1,1,-45.0,7.840829785001574,-94.01957702636719,0.2340250015258789,0.1583552360534668
20250723_162540_826,52,1,1,-45.0,7.841540633516516,-94.25724792480469,0.23505234718322754,0.10202622413635254
20250723_162541_164,52,1,1,-45.0,7.736096320730027,-94.1500015258789,0.23424077033996582,0.15837717056274414
20250723_162541_558,52,1,1,-45.0,7.841645548982569,-94.01829605102539,0.23466110229492188,0.10198068618774414
20250723_162541_896,52,1,1,-45.0,7.736245956397269,-94.56656646728516,0.23615050315856934,0.1583704948425293
20250723_162542_291,53,1,1,-45.0,7.944982343284394,-93.99395751953125,0.23260784149169922,0.10198330879211426
20250723_162542_627,53,1,1,-45.0,7.5177626904697945,-94.6549072265625,0.235579252243042,0.15839409828186035
20250723_162543_022,53,1,1,-45.0,7.51791760251362,-94.56656646728516,0.23404979705810547,0.1020059585571289
20250723_162543_360,53,1,1,-45.0,7.5181908964661375,-94.59581756591797,0.23410940170288086,0.15835070610046387
20250723_162543_754,53,1,1,-45.0,7.404233371355559,-94.68475341796875,0.2330946922302246,0.10207891464233398
20250723_162544_090,53,1,1,-45.0,7.5553109098677425,-94.56656646728516,0.23319172859191895,0.1583085060119629
20250723_162544_483,53,1,1,-45.0,7.701374178344537,-94.25724792480469,0.23328542709350586,0.10204529762268066
20250723_162544_819,53,1,1,-45.0,7.7017657780302216,-94.45152282714844,0.23485255241394043,0.15839934349060059
20250723_162545_214,53,1,1,-45.0,7.404950097950149,-94.59581756591797,0.23319101333618164,0.10197806358337402
20250723_162545_550,53,1,1,-45.0,7.249148540163787,-94.68475341796875,0.23324990272521973,0.1583540439605713
20250723_162545_943,53,1,1,-45.0,7.556920150021398,-94.44591903686523,0.23226165771484375,0.10194253921508789
20250723_162546_278,54,1,1,-45.0,7.249263603861635,-94.68475341796875,0.23526620864868164,0.1583101749420166
20250723_162546_673,54,1,1,-45.0,7.405734409834565,-94.68475341796875,0.23417925834655762,0.10193443298339844
20250723_162547_011,54,NO_RADIO,1,-45.0,7.249225278481276,-94.71330299377442,0.15884828567504883,0.15836334228515625
20250723_162547_329,54,NO_RADIO,1,-45.0,7.519496143930468,-94.59581756591797,0.1655128002166748,0.10199928283691406
20250723_162547_598,54,NO_RADIO,1,-45.0,7.405557357711444,-94.68475341796875,0.16533660888671875,0.15836620330810547
20250723_162547_923,54,1,1,-45.0,7.140239542789885,-94.65195274353027,0.24425244331359863,0.10209417343139648
20250723_162548_271,54,NO_RADIO,1,-45.0,7.51955581973516,-94.33944702148438,0.16214227676391602,0.15837335586547852
20250723_162548_592,54,1,1,-45.0,7.843514358052559,-94.33944702148438,0.24106812477111816,0.10196828842163086
20250723_162548_937,54,NO_RADIO,1,-45.0,7.24895154580544,-94.93123626708984,0.16109800338745117,0.1584000587463379
20250723_162549_257,54,NO_RADIO,1,-45.0,7.248946379815578,-94.6549072265625,0.16594457626342773,0.10193419456481934
20250723_162549_526,54,NO_RADIO,1,-45.0,7.127578446881088,-94.71480560302734,0.16339826583862305,0.1584007740020752
20250723_162549_849,54,1,1,-45.0,7.405298439978083,-94.6549072265625,0.2419743537902832,0.102020263671875
20250723_162550_195,55,NO_RADIO,1,-45.0,7.127556964820727,-94.71480560302734,0.16048049926757812,0.15850615501403809
20250723_162550_515,55,NO_RADIO,1,-45.0,7.405552703122595,-94.68475341796875,0.16593670845031738,0.10195446014404297
20250723_162550_784,55,NO_RADIO,1,-45.0,7.405375512175453,-94.59581756591797,0.16876769065856934,0.1583859920501709
20250723_162551_112,55,NO_RADIO,1,-45.0,7.519292091206552,-94.56081428527833,0.16837763786315918,0.1019437313079834
20250723_162551_384,55,NO_RADIO,1,-45.0,7.41647687368274,-94.6549072265625,0.16729116439819336,0.15840554237365723
20250723_162551_711,55,NO_RADIO,1,-45.0,7.737697909593578,-94.45152282714844,0.16623282432556152,0.10202884674072266
20250723_162551_981,55,NO_RADIO,1,-45.0,7.701661114080935,-94.59581756591797,0.16639995574951172,0.15835237503051758
20250723_162552_306,55,NO_RADIO,1,-45.0,7.248631284767029,-94.68475341796875,0.16514062881469727,0.10196375846862793
20250723_162552_575,55,NO_RADIO,1,-45.0,7.519307324264588,-94.65195274353027,0.16592025756835938,0.15834712982177734
20250723_162552_900,55,NO_RADIO,1,-45.0,7.045063985586324,-94.93123626708984,0.1672990322113037,0.10206818580627441
20250723_162553_171,55,NO_RADIO,1,-45.0,7.518995297073403,-94.44591903686523,0.16835427284240723,0.1584017276763916
20250723_162553_499,55,NO_RADIO,1,-45.0,7.519003609810213,-94.56081428527833,0.16910648345947266,0.10201573371887207
20250723_162553_771,55,NO_RADIO,1,-45.0,7.405294644748835,-94.6549072265625,0.1679837703704834,0.15842199325561523
20250723_162554_099,55,NO_RADIO,1,-45.0,7.4056496675729875,-94.59581756591797,0.16570782661437988,0.10203766822814941
20250723_162554_368,56,1,1,-45.0,7.738445339926912,-94.45152282714844,0.24336957931518555,0.15855693817138672
20250723_162554_771,56,NO_RADIO,1,-45.0,7.405774783642983,-94.68475341796875,0.1577472686767578,0.10202360153198242
20250723_162555_032,56,NO_RADIO,1,-45.0,7.405869390214946,-94.56656646728516,0.1638963222503662,0.1582655906677246
20250723_162555_356,56,NO_RADIO,1,-45.0,7.5200756784929155,-94.45152282714844,0.16629433631896973,0.10201525688171387
20250723_162555_625,56,NO_RADIO,1,-45.0,7.406227113163325,-94.6549072265625,0.16649985313415527,0.15839648246765137
20250723_162555_951,56,NO_RADIO,1,-45.0,7.128946719717547,-94.68475341796875,0.16837477684020996,0.10210776329040527
20250723_162556_223,56,NO_RADIO,1,-45.0,7.557251948493985,-94.45152282714844,0.1680278778076172,0.15844106674194336
20250723_162556_551,56,NO_RADIO,1,-45.0,7.557267056173444,-94.56081428527833,0.1626601219177246,0.10211443901062012
20250723_162556_817,56,NO_RADIO,1,-45.0,7.844344261507544,-94.01957702636719,0.16404366493225098,0.15883588790893555
20250723_162557_141,56,NO_RADIO,1,-45.0,7.045821333414409,-94.96305084228516,0.16666197776794434,0.10214853286743164
20250723_162557_411,56,NO_RADIO,1,-45.0,7.8445248276955795,-94.33944702148438,0.20267081260681152,0.1584939956665039
20250723_162557_774,56,NO_RADIO,1,-45.0,7.265524951894179,-94.6549072265625,0.16742920875549316,0.10201644897460938
20250723_162558_045,56,NO_RADIO,1,-45.0,7.520085274676447,-94.68475341796875,0.16684603691101074,0.15839695930480957
20250723_162558_371,57,NO_RADIO,1,-45.0,7.2495726179066935,-94.96146011352539,0.16436147689819336,0.10204458236694336
20250723_162558_639,57,NO_RADIO,1,-45.0,7.04557315669787,-94.96146011352539,0.16542959213256836,0.1584944725036621
20250723_162558_964,57,NO_RADIO,1,-45.0,7.249996267195883,-94.59435501098633,0.16233158111572266,0.1020205020904541
20250723_162559_230,57,NO_RADIO,1,-45.0,7.520328509803107,-94.33944702148438,0.16319704055786133,0.15832877159118652
20250723_162559_552,57,NO_RADIO,1,-45.0,7.046425007449429,-95.15899658203125,0.16405415534973145,0.1019906997680664
20250723_162559_820,57,NO_RADIO,1,-45.0,7.129129766059648,-94.96146011352539,0.16403555870056152,0.1584005355834961
20250723_162600_143,57,NO_RADIO,1,-45.0,7.558008602802786,-94.59581756591797,0.16944050788879395,0.10203742980957031
20250723_162600_416,57,1,1,-45.0,7.0465074795452125,-94.68475341796875,0.24148106575012207,0.15842652320861816
20250723_162600_817,57,1,1,-45.0,7.407334900047928,-94.56081428527833,0.2337026596069336,0.10202503204345703
20250723_162601_154,57,NO_RADIO,1,-45.0,7.129642683444686,-94.96305084228516,0.1585702896118164,0.15839862823486328
20250723_162601_473,57,NO_RADIO,1,-45.0,7.046964850585979,-94.93123626708984,0.1626601219177246,0.10208535194396973
20250723_162601_739,57,NO_RADIO,1,-45.0,7.129756334437502,-94.68475341796875,0.16610383987426758,0.15833139419555664
20250723_162602_064,57,NO_RADIO,1,-45.0,7.266714731989197,-94.68475341796875,0.1691603660583496,0.10210490226745605
20250723_162602_337,58,NO_RADIO,1,-45.0,6.920363634384586,-94.71330299377442,0.16902709007263184,0.15837335586547852
20250723_162602_665,58,1,1,-45.0,6.877523004832383,-94.71330299377442,0.24331140518188477,0.10202336311340332
20250723_162603_012,58,1,1,-45.0,7.408480437006929,-94.68326110839844,0.23336553573608398,0.15846037864685059
20250723_162603_405,58,1,1,-45.0,7.252296202761073,-94.68475341796875,0.23300504684448242,0.10201311111450195
20250723_162603_742,58,1,1,-45.0,7.252582547566604,-94.68475341796875,0.23253965377807617,0.15853095054626465
20250723_162604_134,58,1,1,-45.0,7.048827278151862,-94.93123626708984,0.23435521125793457,0.10198640823364258
20250723_162604_472,58,1,1,-45.0,7.523143831904676,-94.45152282714844,0.23540759086608887,0.1583232879638672
20250723_162604_867,58,1,1,-45.0,7.252816029061989,-94.68475341796875,0.23273944854736328,0.10206747055053711
20250723_162605_203,58,1,1,-45.0,7.252961434010999,-94.93123626708984,0.23251652717590332,0.15835261344909668
20250723_162605_595,58,1,1,-45.0,7.252405424225714,-94.68475341796875,0.23380017280578613,0.10204267501831055
20250723_162605_932,58,NO_RADIO,1,-45.0,7.131413756251604,-94.68475341796875,0.1581127643585205,0.158280611038208
20250723_162606_250,59,NO_RADIO,1,-45.0,7.25241798030622,-94.68475341796875,0.15938210487365723,0.10210704803466797
20250723_162606_512,59,NO_RADIO,1,-45.0,7.131370146156399,-94.96305084228516,0.16456890106201172,0.15832781791687012
20250723_162606_836,59,1,1,-45.0,7.057470435322841,-94.96305084228516,0.240556001663208,0.10199403762817383
20250723_162607_180,59,NO_RADIO,1,-45.0,7.409802559859102,-94.56656646728516,0.15783309936523438,0.15840578079223633
20250723_162607_498,59,1,1,-45.0,7.253303598771623,-94.68475341796875,0.27082395553588867,0.1020662784576416
20250723_162607_872,59,NO_RADIO,1,-45.0,7.04965299001735,-94.68475341796875,0.1591780185699463,0.15837621688842773
20250723_162608_191,59,NO_RADIO,1,-45.0,7.253560761356653,-94.6549072265625,0.16358447074890137,0.10207009315490723
20250723_162608_458,59,1,1,-45.0,7.132540061894076,-94.96305084228516,0.24570584297180176,0.15833544731140137
20250723_162608_863,59,1,1,-45.0,7.561259742222973,-94.33944702148438,0.2363417148590088,0.10211849212646484
20250723_162609_202,59,1,1,-45.0,6.922581550224663,-94.93123626708984,0.2341611385345459,0.15829801559448242
20250723_162609_596,59,1,1,-45.0,7.132566454890835,-94.68475341796875,0.23629140853881836,0.10204935073852539
20250723_162609_936,59,1,1,-45.0,7.1325055676924904,-95.15899658203125,0.2372727394104004,0.15836834907531738
20250723_162610_333,60,NO_RADIO,1,-45.0,7.524072586946858,-94.59435501098633,0.1608428955078125,0.10188889503479004
20250723_162610_596,60,1,1,-45.0,6.879766794166159,-95.15899658203125,0.24482202529907227,0.15827417373657227
20250723_162611_001,60,1,1,-45.0,6.923170004148091,-95.14919929504396,0.23535561561584473,0.10193991661071777
20250723_162611_339,60,1,1,-45.0,7.254315367188838,-94.68475341796875,0.23520255088806152,0.15844249725341797
20250723_162611_734,60,1,1,-45.0,7.254546419493863,-94.68475341796875,0.2315967082977295,0.10198974609375
20250723_162612_069,60,NO_RADIO,1,-45.0,7.411530145781654,-94.68475341796875,0.15788745880126953,0.1584165096282959
20250723_162612_386,60,1,1,-45.0,7.255223596002452,-94.59581756591797,0.2678952217102051,0.10196232795715332
20250723_162612_758,60,1,1,-45.0,7.255393384812152,-94.65195274353027,0.23430562019348145,0.15845060348510742
20250723_162613_152,60,1,1,-45.0,7.255415608011731,-94.93123626708984,0.23148322105407715,0.10208725929260254
20250723_162613_487,60,1,1,-45.0,6.924864726057848,-94.71330299377442,0.2322394847869873,0.15849065780639648
20250723_162613_878,60,1,1,-45.0,7.135073450080554,-94.71330299377442,0.2319951057434082,0.10204505920410156
20250723_162614_214,61,1,1,-45.0,6.925255708122791,-95.15899658203125,0.23422479629516602,0.15836262702941895
20250723_162614_608,61,NO_RADIO,1,-45.0,7.135026185047067,-94.68475341796875,0.15848994255065918,0.10197591781616211
20250723_162614_869,61,NO_RADIO,1,-45.0,6.882027394921664,-95.2263412475586,0.16653132438659668,0.15841889381408691
20250723_162615_195,61,NO_RADIO,1,-45.0,6.925519506033339,-94.96305084228516,0.17083048820495605,0.10199928283691406
20250723_162615_469,61,NO_RADIO,1,-45.0,6.925542051362058,-94.96305084228516,0.16416430473327637,0.15838050842285156
20250723_162615_793,61,NO_RADIO,1,-45.0,6.925863563630699,-94.93123626708984,0.16856074333190918,0.10201406478881836
20250723_162616_065,61,NO_RADIO,1,-45.0,6.925660681260268,-95.15899658203125,0.1672360897064209,0.15842247009277344
20250723_162616_392,61,NO_RADIO,1,-45.0,7.061015341254645,-94.96305084228516,0.16888642311096191,0.10201025009155273
20250723_162616_664,61,NO_RADIO,1,-45.0,7.135525322666695,-94.92041473388673,0.16794848442077637,0.1583406925201416
20250723_162616_992,61,1,1,-45.0,6.7949321540548056,-95.2263412475586,0.24422717094421387,0.10195779800415039
20250723_162617_339,61,NO_RADIO,1,-45.0,6.92605209242447,-95.15899658203125,0.16319680213928223,0.15848541259765625
20250723_162617_662,61,NO_RADIO,1,-45.0,6.883071069391349,-95.32933807373047,0.1983013153076172,0.10204172134399414
20250723_162617_964,61,NO_RADIO,1,-45.0,7.273080583125278,-94.68475341796875,0.1698908805847168,0.15842008590698242
20250723_162618_293,62,NO_RADIO,1,-45.0,6.883560383689925,-95.32933807373047,0.16377735137939453,0.1027684211730957
20250723_162618_562,62,NO_RADIO,1,-45.0,6.883645641374159,-95.15899658203125,0.16688275337219238,0.1584033966064453
20250723_162618_888,62,NO_RADIO,1,-45.0,6.883889149005682,-95.15899658203125,0.1663062572479248,0.10202550888061523
20250723_162619_158,62,NO_RADIO,1,-45.0,6.796259856531748,-95.32933807373047,0.16522002220153809,0.15846800804138184
20250723_162619_483,62,NO_RADIO,1,-45.0,6.751850082390376,-95.32933807373047,0.16412067413330078,0.10199213027954102
20250723_162619_750,62,NO_RADIO,1,-45.0,6.796618265006529,-95.32933807373047,0.16750049591064453,0.15842270851135254
20250723_162620_077,62,NO_RADIO,1,-45.0,6.9277507814394,-95.15899658203125,0.1674633026123047,0.1019887924194336
20250723_162620_348,62,NO_RADIO,1,-45.0,6.459696155247357,-95.60927734375001,0.16786599159240723,0.1583716869354248
20250723_162620_675,62,NO_RADIO,1,-45.0,6.797131947082278,-95.32933807373047,0.16583871841430664,0.10205721855163574
20250723_162620_944,62,NO_RADIO,1,-45.0,6.752732486052025,-95.32933807373047,0.16694974899291992,0.1586475372314453
20250723_162621_272,62,NO_RADIO,1,-45.0,7.055325747138497,-94.93123626708984,0.1692650318145752,0.1020498275756836
20250723_162621_544,62,NO_RADIO,1,-45.0,6.752832790889983,-95.32933807373047,0.1688683032989502,0.15830087661743164
20250723_162621_872,62,NO_RADIO,1,-45.0,6.88543208989465,-95.2263412475586,0.16938400268554688,0.10204100608825684
20250723_162622_145,62,NO_RADIO,1,-45.0,6.753590295289641,-95.32933807373047,0.16951465606689453,0.1583998203277588
20250723_162622_474,63,NO_RADIO,1,-45.0,6.798285884686237,-95.32933807373047,0.16811084747314453,0.10200762748718262
20250723_162622_746,63,NO_RADIO,1,-45.0,6.461302757193806,-95.32933807373047,0.20011496543884277,0.158369779586792
20250723_162623_105,63,NO_RADIO,1,-45.0,6.754378604400358,-95.43484497070312,0.16792511940002441,0.1020667552947998
20250723_162623_377,63,NO_RADIO,1,-45.0,6.380738605887473,-95.65199050903321,0.16881155967712402,0.15841388702392578
20250723_162623_705,63,NO_RADIO,1,-45.0,6.1813455824206756,-95.76765441894531,0.1710963249206543,0.10207319259643555
20250723_162623_980,63,NO_RADIO,1,-45.0,6.462473781931649,-95.43484497070312,0.16767334938049316,0.15835976600646973
20250723_162624_307,63,NO_RADIO,1,-45.0,6.430038301527475,-95.32933807373047,0.1663973331451416,0.10201287269592285
20250723_162624_576,63,NO_RADIO,1,-45.0,6.931111002335982,-95.22297401428223,0.17024683952331543,0.15848135948181152
20250723_162624_906,63,NO_RADIO,1,-45.0,6.755912580935828,-95.32933807373047,0.1676781177520752,0.10200905799865723
20250723_162625_177,63,NO_RADIO,1,-45.0,6.430899697803966,-95.6165771484375,0.16839337348937988,0.1582813262939453
20250723_162625_505,63,NO_RADIO,1,-45.0,6.931969313569283,-95.15899658203125,0.1669294834136963,0.10208916664123535
20250723_162625_775,63,NO_RADIO,1,-45.0,6.183171267443868,-95.65385437011719,0.16667819023132324,0.15847992897033691
20250723_162626_102,63,NO_RADIO,1,-45.0,6.889125811290938,-95.32933807373047,0.1681046485900879,0.10196995735168457
20250723_162626_373,64,NO_RADIO,1,-45.0,6.383486293538581,-95.6165771484375,0.16822338104248047,0.15834975242614746
20250723_162626_701,64,NO_RADIO,1,-45.0,6.8897360745249046,-95.15899658203125,0.1669907569885254,0.10196805000305176
20250723_162626_971,64,NO_RADIO,1,-45.0,6.184232579895777,-95.6165771484375,0.1645805835723877,0.15845370292663574
20250723_162627_296,64,NO_RADIO,1,-45.0,6.757846774828764,-95.4295696258545,0.16322612762451172,0.10203933715820312
20250723_162627_562,64,NO_RADIO,1,-45.0,6.758192982532108,-95.15899658203125,0.16798090934753418,0.1587085723876953
20250723_162627_890,64,NO_RADIO,1,-45.0,6.384574719184755,-95.6165771484375,0.19995427131652832,0.1020667552947998
20250723_162628_194,64,NO_RADIO,1,-45.0,6.891012533699737,-95.32933807373047,0.16813039779663086,0.1585521697998047
20250723_162628_522,64,NO_RADIO,1,-45.0,6.803672906148677,-95.2263412475586,0.16730499267578125,0.10204434394836426
20250723_162628_792,64,NO_RADIO,1,-45.0,6.759527166863165,-95.43484497070312,0.16451334953308105,0.15848588943481445
20250723_162629_117,64,NO_RADIO,1,-45.0,6.759695973103959,-95.46879425048829,0.16611528396606445,0.10205221176147461
20250723_162629_386,64,NO_RADIO,1,-45.0,6.386207940660896,-95.32933807373047,0.16546368598937988,0.15836763381958008
20250723_162629_711,64,NO_RADIO,1,-45.0,6.935427777736393,-95.15899658203125,0.16293764114379883,0.10210108757019043
20250723_162629_978,64,NO_RADIO,1,-45.0,7.145283591131928,-94.68475341796875,0.16520166397094727,0.15879511833190918
20250723_162630_303,65,NO_RADIO,1,-45.0,6.434819366143259,-95.43484497070312,0.16566157341003418,0.10208487510681152
20250723_162630_572,65,NO_RADIO,1,-45.0,6.435252217589678,-95.43484497070312,0.16454076766967773,0.15848565101623535
20250723_162630_897,65,NO_RADIO,1,-45.0,6.760783917794441,-95.43484497070312,0.16551661491394043,0.10207176208496094
20250723_162631_165,65,NO_RADIO,1,-45.0,6.435795553171062,-95.43484497070312,0.16573071479797363,0.15834546089172363
20250723_162631_491,65,NO_RADIO,1,-45.0,6.436064810651814,-95.43484497070312,0.16734957695007324,0.10254287719726562
20250723_162631_762,65,NO_RADIO,1,-45.0,7.063832524193799,-95.15899658203125,0.16751742362976074,0.15833640098571777
20250723_162632_090,65,NO_RADIO,1,-45.0,6.436501275110146,-95.46879425048829,0.16565775871276855,0.10206437110900879
20250723_162632_358,65,NO_RADIO,1,-45.0,6.437130020626071,-95.43484497070312,0.16642212867736816,0.15847182273864746
20250723_162632_685,65,NO_RADIO,1,-45.0,6.894981462191936,-95.2263412475586,0.16833138465881348,0.10194659233093262
20250723_162632_956,65,NO_RADIO,1,-45.0,6.389100284941122,-95.6165771484375,0.19987010955810547,0.15828752517700195
20250723_162633_315,65,NO_RADIO,1,-45.0,6.3893955131738664,-95.65385437011719,0.16856789588928223,0.10199427604675293
20250723_162633_587,65,NO_RADIO,1,-45.0,6.763264171711171,-95.43484497070312,0.16610407829284668,0.15836882591247559
20250723_162633_913,65,NO_RADIO,1,-45.0,6.3897015671578,-95.6165771484375,0.16596412658691406,0.10210943222045898
20250723_162634_182,66,NO_RADIO,1,-45.0,6.763774977970911,-95.32933807373047,0.16599011421203613,0.15835046768188477
20250723_162634_508,66,NO_RADIO,1,-45.0,6.190578711500606,-95.76765441894531,0.16151833534240723,0.10196685791015625
20250723_162634_773,66,NO_RADIO,1,-45.0,6.390574868841497,-95.6165771484375,0.16930627822875977,0.15846920013427734
20250723_162635_102,66,NO_RADIO,1,-45.0,6.439287330012263,-95.65385437011719,0.16752004623413086,0.10197997093200684
20250723_162635_373,66,NO_RADIO,1,-45.0,6.391236722787681,-95.43484497070312,0.16260457038879395,0.15845990180969238
20250723_162635_695,66,NO_RADIO,1,-45.0,6.897737369835056,-95.32933807373047,0.17369794845581055,0.10204720497131348
20250723_162635_972,66,NO_RADIO,1,-45.0,6.765694555289485,-95.32933807373047,0.16903305053710938,0.1583704948425293
20250723_162636_301,66,NO_RADIO,1,-45.0,6.392113156899967,-95.46879425048829,0.16521334648132324,0.10202741622924805
20250723_162636_569,66,NO_RADIO,1,-45.0,6.473518364604715,-95.46879425048829,0.17011260986328125,0.15837693214416504
20250723_162636_899,66,NO_RADIO,1,-45.0,6.193019716420295,-95.76765441894531,0.16651368141174316,0.1020822525024414
20250723_162637_169,66,NO_RADIO,1,-45.0,6.7667211861163,-95.32933807373047,0.16623353958129883,0.15837502479553223
20250723_162637_494,66,NO_RADIO,1,-45.0,6.441765341798003,-95.60927734375001,0.16649365425109863,0.10206842422485352
20250723_162637_764,66,NO_RADIO,1,-45.0,6.393570707647271,-95.65385437011719,0.16592168807983398,0.15840959548950195
20250723_162638_090,66,NO_RADIO,1,-45.0,6.900065447314589,-95.2263412475586,0.19901585578918457,0.1020505428314209
20250723_162638_392,67,NO_RADIO,1,-45.0,6.4427906899688026,-95.43484497070312,0.1659688949584961,0.15834999084472656
20250723_162638_718,67,NO_RADIO,1,-45.0,6.443106825678683,-95.4295696258545,0.16511821746826172,0.1019754409790039
20250723_162638_986,67,NO_RADIO,1,-45.0,6.39971956518022,-95.60927734375001,0.16425561904907227,0.15839266777038574
20250723_162639_310,67,NO_RADIO,1,-45.0,6.195702799955939,-95.9241714477539,0.16302990913391113,0.10196471214294434
20250723_162639_576,67,NO_RADIO,1,-45.0,6.8139425444071975,-95.43484497070312,0.16502761840820312,0.15837526321411133
20250723_162639_901,67,NO_RADIO,1,-45.0,6.814149722404693,-95.32933807373047,0.16429471969604492,0.10205650329589844
20250723_162640_169,67,NO_RADIO,1,-45.0,6.04050682794086,-96.12810516357422,0.1640012264251709,0.15843415260314941
20250723_162640_492,67,NO_RADIO,1,-45.0,6.445085285374091,-95.6165771484375,0.16318392753601074,0.10209941864013672
20250723_162640_759,67,NO_RADIO,1,-45.0,6.396951016494526,-95.65385437011719,0.16370439529418945,0.1584005355834961
20250723_162641_082,67,NO_RADIO,1,-45.0,6.81550374593958,-95.32933807373047,0.1623239517211914,0.10206031799316406
20250723_162641_348,67,NO_RADIO,1,-45.0,6.397547327695946,-95.6165771484375,0.16300559043884277,0.15856027603149414
20250723_162641_671,67,NO_RADIO,1,-45.0,6.446378668565032,-95.46879425048829,0.16511321067810059,0.10201644897460938
20250723_162641_939,67,NO_RADIO,1,-45.0,6.446546690000673,-95.43484497070312,0.16468381881713867,0.1583855152130127
20250723_162642_263,68,NO_RADIO,1,-45.0,6.904386575463576,-95.43484497070312,0.16601943969726562,0.10202336311340332
20250723_162642_533,68,NO_RADIO,1,-45.0,6.447058452315503,-95.60927734375001,0.16810297966003418,0.15835356712341309
20250723_162642_860,68,NO_RADIO,1,-45.0,6.398859269219656,-95.6165771484375,0.1683027744293213,0.10205388069152832
20250723_162643_132,68,NO_RADIO,1,-45.0,6.199416406668732,-95.65385437011719,0.199599027633667,0.15836787223815918
20250723_162643_491,68,NO_RADIO,1,-45.0,6.447979721038195,-95.6165771484375,0.16807937622070312,0.10213613510131836
20250723_162643_763,68,NO_RADIO,1,-45.0,6.778047989071098,-95.43484497070312,0.1663651466369629,0.15837407112121582
20250723_162644_089,68,NO_RADIO,1,-45.0,6.448587927321199,-95.32933807373047,0.16571807861328125,0.10206007957458496
20250723_162644_358,68,NO_RADIO,1,-45.0,6.448904455992476,-95.43484497070312,0.1685020923614502,0.15838909149169922
20250723_162644_686,68,NO_RADIO,1,-45.0,6.400924008989762,-95.43484497070312,0.16553759574890137,0.1020352840423584
20250723_162644_955,68,NO_RADIO,1,-45.0,6.449816776014245,-95.4705810546875,0.16580891609191895,0.1584320068359375
20250723_162645_280,68,NO_RADIO,1,-45.0,6.0460125373123645,-96.04537200927734,0.16544294357299805,0.10197567939758301
20250723_162645_549,68,NO_RADIO,1,-45.0,6.202568420182374,-95.76765441894531,0.16585826873779297,0.1585988998413086
20250723_162645_874,68,NO_RADIO,1,-45.0,6.2027825822889895,-95.76765441894531,0.16872143745422363,0.10209536552429199
20250723_162646_147,69,NO_RADIO,1,-45.0,6.407716626437136,-95.65385437011719,0.16901540756225586,0.15840482711791992
20250723_162646_475,69,NO_RADIO,1,-45.0,6.203528778031725,-95.9241714477539,0.16839313507080078,0.10218644142150879
20250723_162646_747,69,NO_RADIO,1,-45.0,6.403619903454214,-95.76765441894531,0.17351198196411133,0.15837693214416504
20250723_162647_080,69,NO_RADIO,1,-45.0,6.452512372761788,-95.43484497070312,0.17055463790893555,0.10206723213195801
20250723_162647_354,69,NO_RADIO,1,-45.0,6.404263827487526,-95.6165771484375,0.17185235023498535,0.15835165977478027
20250723_162647_686,69,NO_RADIO,1,-45.0,6.404666278160704,-95.65385437011719,0.16945481300354004,0.10232186317443848
20250723_162647_959,69,NO_RADIO,1,-45.0,6.205360007958319,-95.76765441894531,0.16799616813659668,0.15850257873535156
20250723_162648_287,69,NO_RADIO,1,-45.0,6.205882677173079,-95.65385437011719,0.20025324821472168,0.1021120548248291
20250723_162648_591,69,NO_RADIO,1,-45.0,6.454558190667143,-95.6165771484375,0.16953134536743164,0.15853643417358398
20250723_162648_920,69,NO_RADIO,1,-45.0,6.45480371582353,-95.46879425048829,0.17125844955444336,0.10204243659973145
20250723_162649_195,69,NO_RADIO,1,-45.0,6.9126894340830916,-94.96305084228516,0.17215991020202637,0.15858960151672363
20250723_162649_527,69,NO_RADIO,1,-45.0,6.207313634713387,-95.65385437011719,0.1707775592803955,0.10199928283691406
20250723_162649_801,69,NO_RADIO,1,-45.0,6.455792085512215,-95.60927734375001,0.16987943649291992,0.15838384628295898
20250723_162650_130,69,NO_RADIO,1,-45.0,6.781345959826012,-95.6165771484375,0.168778657913208,0.10200166702270508
20250723_162650_402,70,NO_RADIO,1,-45.0,6.2079652971033,-95.65385437011719,0.16868329048156738,0.15885400772094727
20250723_162650_732,70,NO_RADIO,1,-45.0,6.208318162280463,-95.9241714477539,0.1658189296722412,0.10211944580078125
20250723_162651_001,70,NO_RADIO,1,-45.0,6.408455891105859,-95.76196441650391,0.1672229766845703,0.15841388702392578
20250723_162651_328,70,NO_RADIO,1,-45.0,6.408743366467263,-95.4705810546875,0.16884827613830566,0.10208940505981445
20250723_162651_600,70,NO_RADIO,1,-45.0,6.053300166569812,-95.9241714477539,0.16761350631713867,0.1583559513092041
20250723_162651_927,70,NO_RADIO,1,-45.0,6.409339761310704,-95.60927734375001,0.16740870475769043,0.10203766822814941
20250723_162652_198,70,NO_RADIO,1,-45.0,6.783428417870141,-95.4295696258545,0.17003107070922852,0.1582486629486084
20250723_162652_528,70,NO_RADIO,1,-45.0,6.783816427075024,-95.60927734375001,0.16859078407287598,0.10209321975708008
20250723_162652_800,70,NO_RADIO,1,-45.0,6.41035719734225,-95.4705810546875,0.16643238067626953,0.15831756591796875
20250723_162653_126,70,NO_RADIO,1,-45.0,6.210961183322439,-95.76765441894531,0.16958260536193848,0.10210514068603516
20250723_162653_399,70,NO_RADIO,1,-45.0,6.459462414268472,-95.4705810546875,0.20007085800170898,0.15840721130371094
20250723_162653_758,70,NO_RADIO,1,-45.0,6.211511038503119,-96.04537200927734,0.1654984951019287,0.10207557678222656
20250723_162654_027,70,NO_RADIO,1,-45.0,6.46005020638367,-95.4705810546875,0.16498565673828125,0.15886735916137695
20250723_162654_353,71,NO_RADIO,1,-45.0,6.2120659786878605,-95.65199050903321,0.16688823699951172,0.103057861328125
