Timestamp,Boresight,Jetson Detection,Rx Beam Index,Rx Beam Angle,Initial SNR (dB),YOLO Time (s),Beam Sweep Time (s),Rx Beam Index (YOLO Predicted),Rx Beam Index (Selected),Adjustment Method,Beams Checked in Search,Adjusted Beam Index,Adjusted Beam Angle,SNR (dB),Offset Error,Beam Offset History
20250720_235025_814,-45,NO_RADIO,32,0,6.587617577283098,0.25832486152648926,0.007238626480102539,32,,CenterFallback,1,32,0,,,[]
20250720_235026_082,-45,NO_RADIO,32,0,6.587617577283098,0.09253096580505371,0.0046844482421875,32,,CenterFallback,1,32,0,,,[]
20250720_235026_182,-45,NO_RADIO,32,0,6.587617577283098,0.09674739837646484,0.004973888397216797,32,,CenterFallback,1,32,0,,,[]
20250720_235026_287,-45,NO_RADIO,32,0,6.587617577283098,0.10221290588378906,0.004476308822631836,32,,CenterFallback,1,32,0,,,[]
20250720_235026_396,-45,NO_RADIO,32,0,6.587617577283098,0.09290933609008789,0.004462003707885742,32,,CenterFallback,1,32,0,,,[]
20250720_235026_497,-45,NO_RADIO,32,0,6.587617577283098,0.08467578887939453,0.004075050354003906,32,,CenterFallback,1,32,0,,,[]
20250720_235026_589,-45,NO_RADIO,32,0,6.587617577283098,0.09627819061279297,0.004489421844482422,32,,CenterFallback,1,32,0,,,[]
20250720_235026_693,-45,NO_RADIO,32,0,6.587617577283098,0.09013652801513672,0.004481792449951172,32,,CenterFallback,1,32,0,,,[]
20250720_235026_791,-45,NO_RADIO,32,0,6.587617577283098,0.08226299285888672,0.004491567611694336,32,,CenterFallback,1,32,0,,,[]
20250720_235026_881,-45,NO_RADIO,32,0,6.587617577283098,0.09977912902832031,0.0041043758392333984,32,,CenterFallback,1,32,0,,,[]
20250720_235026_987,-45,NO_RADIO,32,0,6.587617577283098,0.09338974952697754,0.004460334777832031,32,,CenterFallback,1,32,0,,,[]
20250720_235027_088,-45,NO_RADIO,32,0,6.587617577283098,0.10202860832214355,0.004488945007324219,32,,CenterFallback,1,32,0,,,[]
20250720_235027_198,-45,NO_RADIO,32,0,6.587617577283098,0.09627914428710938,0.004610300064086914,32,,CenterFallback,1,32,0,,,[]
20250720_235027_302,-45,NO_RADIO,32,0,6.587617577283098,0.09171104431152344,0.004258394241333008,32,,CenterFallback,1,32,0,,,[]
20250720_235027_401,-45,NO_RADIO,32,0,6.587617577283098,0.09525465965270996,0.004495382308959961,32,,CenterFallback,1,32,0,,,[]
20250720_235027_504,-45,NO_RADIO,32,0,6.587617577283098,0.09628510475158691,0.00439000129699707,32,,CenterFallback,1,32,0,,,[]
20250720_235027_608,-45,NO_RADIO,32,0,6.587617577283098,0.09783673286437988,0.0042018890380859375,32,,CenterFallback,1,32,0,,,[]
20250720_235027_713,-45,NO_RADIO,32,0,6.587617577283098,0.09814667701721191,0.004460334777832031,32,,CenterFallback,1,32,0,,,[]
20250720_235027_818,-45,NO_RADIO,32,0,6.587617577283098,0.09931397438049316,0.005059003829956055,32,,CenterFallback,1,32,0,,,[]
20250720_235027_926,-45,NO_RADIO,32,0,6.587617577283098,0.09859561920166016,0.004499912261962891,32,,CenterFallback,1,32,0,,,[]
20250720_235028_032,-45,NO_RADIO,32,0,6.587617577283098,0.0972752571105957,0.0043544769287109375,32,,CenterFallback,1,32,0,,,[]
20250720_235028_135,-45,NO_RADIO,32,0,6.587617577283098,0.0972142219543457,0.004458189010620117,32,,CenterFallback,1,32,0,,,[]
20250720_235028_240,-45,NO_RADIO,32,0,6.587617577283098,0.09519529342651367,0.004185676574707031,32,,CenterFallback,1,32,0,,,[]
20250720_235028_343,-45,NO_RADIO,32,0,6.587617577283098,0.09077215194702148,0.004480838775634766,32,,CenterFallback,1,32,0,,,[]
20250720_235028_441,-45,NO_RADIO,32,0,6.587617577283098,0.08631658554077148,0.004537343978881836,32,,CenterFallback,1,32,0,,,[]
20250720_235028_535,-45,NO_RADIO,32,0,6.587617577283098,0.09639453887939453,0.004411220550537109,32,,CenterFallback,1,32,0,,,[]
20250720_235028_639,-45,NO_RADIO,32,0,6.587617577283098,0.0909721851348877,0.004594326019287109,32,,CenterFallback,1,32,0,,,[]
20250720_235028_738,-45,NO_RADIO,32,0,6.587617577283098,0.09566450119018555,0.00447535514831543,32,,CenterFallback,1,32,0,,,[]
20250720_235028_841,-45,NO_RADIO,32,0,6.587617577283098,0.09158635139465332,0.004576921463012695,32,,CenterFallback,1,32,0,,,[]
20250720_235028_941,-45,NO_RADIO,32,0,6.587617577283098,0.09313225746154785,0.004586458206176758,32,,CenterFallback,1,32,0,,,[]
20250720_235029_042,-45,NO_RADIO,32,0,6.587617577283098,0.0999746322631836,0.00436711311340332,32,,CenterFallback,1,32,0,,,[]
20250720_235029_149,-45,NO_RADIO,32,0,6.587617577283098,0.09776425361633301,0.004358768463134766,32,,CenterFallback,1,32,0,,,[]
20250720_235029_254,-45,NO_RADIO,32,0,6.587617577283098,0.09952020645141602,0.004468679428100586,32,,CenterFallback,1,32,0,,,[]
20250720_235029_361,-45,NO_RADIO,32,0,6.587617577283098,0.09668970108032227,0.004495143890380859,32,,CenterFallback,1,32,0,,,[]
20250720_235029_465,-45,NO_RADIO,32,0,6.587617577283098,0.09470605850219727,0.0046558380126953125,32,,CenterFallback,1,32,0,,,[]
20250720_235029_568,-45,NO_RADIO,32,0,6.587617577283098,0.0972900390625,0.004498004913330078,32,,CenterFallback,1,32,0,,,[]
20250720_235029_673,-45,NO_RADIO,32,0,6.587617577283098,0.09590649604797363,0.004479408264160156,32,,CenterFallback,1,32,0,,,[]
20250720_235029_776,-44,NO_RADIO,32,0,6.977760553676589,0.09633803367614746,0.004502296447753906,32,,CenterFallback,1,32,0,,,[]
20250720_235029_880,-44,NO_RADIO,32,0,6.977760553676589,0.09456133842468262,0.004461050033569336,32,,CenterFallback,1,32,0,,,[]
20250720_235029_983,-44,NO_RADIO,32,0,6.977760553676589,0.09733200073242188,0.0041925907135009766,32,,CenterFallback,1,32,0,,,[]
20250720_235030_088,-44,NO_RADIO,32,0,6.977760553676589,0.0850670337677002,0.004536151885986328,32,,CenterFallback,1,32,0,,,[]
20250720_235030_180,-44,NO_RADIO,32,0,6.977760553676589,0.09305024147033691,0.004012107849121094,32,,CenterFallback,1,32,0,,,[]
20250720_235030_279,-44,NO_RADIO,32,0,6.977760553676589,0.08993697166442871,0.0044248104095458984,32,,CenterFallback,1,32,0,,,[]
20250720_235030_376,-44,NO_RADIO,32,0,6.977760553676589,0.09953737258911133,0.004453182220458984,32,,CenterFallback,1,32,0,,,[]
20250720_235030_483,-44,NO_RADIO,32,0,6.977760553676589,0.09530401229858398,0.004508018493652344,32,,CenterFallback,1,32,0,,,[]
20250720_235030_586,-44,NO_RADIO,32,0,6.977760553676589,0.09527230262756348,0.004233121871948242,32,,CenterFallback,1,32,0,,,[]
20250720_235030_689,-44,NO_RADIO,32,0,6.977760553676589,0.09375381469726562,0.004456281661987305,32,,CenterFallback,1,32,0,,,[]
20250720_235030_791,-44,NO_RADIO,32,0,6.977760553676589,0.09766960144042969,0.004519224166870117,32,,CenterFallback,1,32,0,,,[]
20250720_235030_896,-44,NO_RADIO,32,0,6.977760553676589,0.08876442909240723,0.00405430793762207,32,,CenterFallback,1,32,0,,,[]
20250720_235030_992,-44,NO_RADIO,32,0,6.977760553676589,0.09067749977111816,0.004532575607299805,32,,CenterFallback,1,32,0,,,[]
20250720_235031_090,-44,NO_RADIO,32,0,6.977760553676589,0.09365606307983398,0.00444793701171875,32,,CenterFallback,1,32,0,,,[]
20250720_235031_192,-44,NO_RADIO,32,0,6.977760553676589,0.09187841415405273,0.004479646682739258,32,,CenterFallback,1,32,0,,,[]
20250720_235031_291,-44,NO_RADIO,32,0,6.977760553676589,0.08956456184387207,0.004644632339477539,32,,CenterFallback,1,32,0,,,[]
20250720_235031_389,-44,NO_RADIO,32,0,6.977760553676589,0.10197973251342773,0.0044689178466796875,32,,CenterFallback,1,32,0,,,[]
20250720_235031_499,-44,NO_RADIO,32,0,6.977760553676589,0.0946049690246582,0.004158496856689453,32,,CenterFallback,1,32,0,,,[]
20250720_235031_600,-44,NO_RADIO,32,0,6.977760553676589,0.09577727317810059,0.00448155403137207,32,,CenterFallback,1,32,0,,,[]
20250720_235031_704,-44,NO_RADIO,32,0,6.977760553676589,0.09726619720458984,0.004668712615966797,32,,CenterFallback,1,32,0,,,[]
20250720_235031_808,-44,NO_RADIO,32,0,6.977760553676589,0.08907032012939453,0.004761934280395508,32,,CenterFallback,1,32,0,,,[]
20250720_235031_905,-44,NO_RADIO,32,0,6.977760553676589,0.09539055824279785,0.004528522491455078,32,,CenterFallback,1,32,0,,,[]
20250720_235032_008,-44,NO_RADIO,32,0,6.977760553676589,0.08878374099731445,0.004853963851928711,32,,CenterFallback,1,32,0,,,[]
20250720_235032_104,-44,NO_RADIO,32,0,6.977760553676589,0.09114980697631836,0.0041010379791259766,32,,CenterFallback,1,32,0,,,[]
20250720_235032_202,-44,NO_RADIO,32,0,6.977760553676589,0.09081411361694336,0.004400014877319336,32,,CenterFallback,1,32,0,,,[]
20250720_235032_300,-44,NO_RADIO,32,0,6.977760553676589,0.09202361106872559,0.0042266845703125,32,,CenterFallback,1,32,0,,,[]
20250720_235032_399,-44,NO_RADIO,32,0,6.977760553676589,0.09393811225891113,0.004187107086181641,32,,CenterFallback,1,32,0,,,[]
20250720_235032_500,-44,NO_RADIO,32,0,6.977760553676589,0.09245586395263672,0.004411458969116211,32,,CenterFallback,1,32,0,,,[]
20250720_235032_600,-44,NO_RADIO,32,0,6.977760553676589,0.08689737319946289,0.00432276725769043,32,,CenterFallback,1,32,0,,,[]
20250720_235032_694,-44,NO_RADIO,32,0,6.977760553676589,0.09512639045715332,0.004729747772216797,32,,CenterFallback,1,32,0,,,[]
20250720_235032_797,-44,NO_RADIO,32,0,6.977760553676589,0.09456157684326172,0.004773139953613281,32,,CenterFallback,1,32,0,,,[]
20250720_235032_900,-44,NO_RADIO,32,0,6.977760553676589,0.09410548210144043,0.0043451786041259766,32,,CenterFallback,1,32,0,,,[]
20250720_235033_001,-44,NO_RADIO,32,0,6.977760553676589,0.08707070350646973,0.004477024078369141,32,,CenterFallback,1,32,0,,,[]
20250720_235033_096,-44,NO_RADIO,32,0,6.977760553676589,0.09195184707641602,0.004479408264160156,32,,CenterFallback,1,32,0,,,[]
20250720_235033_195,-44,NO_RADIO,32,0,6.977760553676589,0.09806990623474121,0.0044901371002197266,32,,CenterFallback,1,32,0,,,[]
20250720_235033_301,-44,NO_RADIO,32,0,6.977760553676589,0.0916132926940918,0.00450897216796875,32,,CenterFallback,1,32,0,,,[]
20250720_235033_400,-44,NO_RADIO,32,0,6.977760553676589,0.09270477294921875,0.004405498504638672,32,,CenterFallback,1,32,0,,,[]
20250720_235033_500,-44,NO_RADIO,32,0,6.977760553676589,0.09192371368408203,0.004241466522216797,32,,CenterFallback,1,32,0,,,[]
20250720_235033_599,-44,NO_RADIO,32,0,6.977760553676589,0.09447431564331055,0.004397392272949219,32,,CenterFallback,1,32,0,,,[]
20250720_235033_701,-43,NO_RADIO,32,0,6.977760553676589,0.09291815757751465,0.004640817642211914,32,,CenterFallback,1,32,0,,,[]
20250720_235033_801,-43,NO_RADIO,32,0,6.522047355585215,0.08700013160705566,0.004494428634643555,32,,CenterFallback,1,32,0,,,[]
20250720_235033_896,-43,NO_RADIO,32,0,6.522047355585215,0.08631515502929688,0.00461125373840332,32,,CenterFallback,1,32,0,,,[]
20250720_235033_990,-43,NO_RADIO,32,0,6.522047355585215,0.08972001075744629,0.004498481750488281,32,,CenterFallback,1,32,0,,,[]
20250720_235034_087,-43,NO_RADIO,32,0,6.522047355585215,0.08887219429016113,0.004441976547241211,32,,CenterFallback,1,32,0,,,[]
20250720_235034_184,-43,NO_RADIO,32,0,6.522047355585215,0.09928083419799805,0.004512786865234375,32,,CenterFallback,1,32,0,,,[]
20250720_235034_291,-43,NO_RADIO,32,0,6.522047355585215,0.08815455436706543,0.004517078399658203,32,,CenterFallback,1,32,0,,,[]
20250720_235034_387,-43,NO_RADIO,32,0,6.522047355585215,0.09457564353942871,0.004659414291381836,32,,CenterFallback,1,32,0,,,[]
20250720_235034_490,-43,NO_RADIO,32,0,6.522047355585215,0.09520888328552246,0.00409698486328125,32,,CenterFallback,1,32,0,,,[]
20250720_235034_592,-43,NO_RADIO,32,0,6.522047355585215,0.1011662483215332,0.004486560821533203,32,,CenterFallback,1,32,0,,,[]
20250720_235034_701,-43,NO_RADIO,32,0,6.522047355585215,0.09182238578796387,0.004453420639038086,32,,CenterFallback,1,32,0,,,[]
20250720_235034_799,-43,NO_RADIO,32,0,6.522047355585215,0.09371066093444824,0.004462242126464844,32,,CenterFallback,1,32,0,,,[]
20250720_235034_900,-43,NO_RADIO,32,0,6.522047355585215,0.08451175689697266,0.004556894302368164,32,,CenterFallback,1,32,0,,,[]
20250720_235034_993,-43,NO_RADIO,32,0,6.522047355585215,0.09879326820373535,0.004484653472900391,32,,CenterFallback,1,32,0,,,[]
20250720_235035_099,-43,NO_RADIO,32,0,6.522047355585215,0.08661913871765137,0.004512310028076172,32,,CenterFallback,1,32,0,,,[]
20250720_235035_194,-43,NO_RADIO,32,0,6.522047355585215,0.08861064910888672,0.004455089569091797,32,,CenterFallback,1,32,0,,,[]
20250720_235035_290,-43,NO_RADIO,32,0,6.522047355585215,0.09195780754089355,0.004681587219238281,32,,CenterFallback,1,32,0,,,[]
20250720_235035_390,-43,NO_RADIO,32,0,6.522047355585215,0.09220719337463379,0.004503011703491211,32,,CenterFallback,1,32,0,,,[]
20250720_235035_490,-43,NO_RADIO,32,0,6.522047355585215,0.0936288833618164,0.004486560821533203,32,,CenterFallback,1,32,0,,,[]
20250720_235035_592,-43,NO_RADIO,32,0,6.522047355585215,0.09695315361022949,0.00450897216796875,32,,CenterFallback,1,32,0,,,[]
20250720_235035_696,-43,NO_RADIO,32,0,6.522047355585215,0.08587026596069336,0.004336833953857422,32,,CenterFallback,1,32,0,,,[]
20250720_235035_790,-43,NO_RADIO,32,0,6.522047355585215,0.0949406623840332,0.0045566558837890625,32,,CenterFallback,1,32,0,,,[]
20250720_235035_892,-43,NO_RADIO,32,0,6.522047355585215,0.09729218482971191,0.004440784454345703,32,,CenterFallback,1,32,0,,,[]
20250720_235035_997,-43,NO_RADIO,32,0,6.522047355585215,0.09835338592529297,0.004638195037841797,32,,CenterFallback,1,32,0,,,[]
20250720_235036_103,-43,NO_RADIO,32,0,6.522047355585215,0.09162044525146484,0.004504203796386719,32,,CenterFallback,1,32,0,,,[]
20250720_235036_201,-43,NO_RADIO,32,0,6.522047355585215,0.09179830551147461,0.004426002502441406,32,,CenterFallback,1,32,0,,,[]
20250720_235036_300,-43,NO_RADIO,32,0,6.522047355585215,0.09280133247375488,0.004212617874145508,32,,CenterFallback,1,32,0,,,[]
20250720_235036_400,-43,NO_RADIO,32,0,6.522047355585215,0.09198641777038574,0.004518747329711914,32,,CenterFallback,1,32,0,,,[]
20250720_235036_499,-43,NO_RADIO,32,0,6.522047355585215,0.09860062599182129,0.004174232482910156,32,,CenterFallback,1,32,0,,,[]
20250720_235036_605,-43,NO_RADIO,32,0,6.522047355585215,0.08791899681091309,0.004159212112426758,32,,CenterFallback,1,32,0,,,[]
20250720_235036_700,-43,NO_RADIO,32,0,6.522047355585215,0.09219551086425781,0.004519224166870117,32,,CenterFallback,1,32,0,,,[]
20250720_235036_800,-43,NO_RADIO,32,0,6.522047355585215,0.0966346263885498,0.00445556640625,32,,CenterFallback,1,32,0,,,[]
20250720_235036_904,-43,NO_RADIO,32,0,6.522047355585215,0.09621810913085938,0.0040912628173828125,32,,CenterFallback,1,32,0,,,[]
20250720_235037_008,-43,NO_RADIO,32,0,6.522047355585215,0.08890652656555176,0.004454851150512695,32,,CenterFallback,1,32,0,,,[]
20250720_235037_104,-43,NO_RADIO,32,0,6.522047355585215,0.09062862396240234,0.004443645477294922,32,,CenterFallback,1,32,0,,,[]
20250720_235037_202,-43,NO_RADIO,32,0,6.522047355585215,0.09036087989807129,0.004538774490356445,32,,CenterFallback,1,32,0,,,[]
20250720_235037_300,-43,NO_RADIO,32,0,6.522047355585215,0.09100604057312012,0.003793001174926758,32,,CenterFallback,1,32,0,,,[]
20250720_235037_398,-43,NO_RADIO,32,0,6.522047355585215,0.09427952766418457,0.004509449005126953,32,,CenterFallback,1,32,0,,,[]
20250720_235037_500,-43,NO_RADIO,32,0,6.522047355585215,0.09333324432373047,0.004126787185668945,32,,CenterFallback,1,32,0,,,[]
20250720_235037_601,-43,NO_RADIO,32,0,6.522047355585215,0.09186720848083496,0.0046176910400390625,32,,CenterFallback,1,32,0,,,[]
20250720_235037_701,-43,NO_RADIO,32,0,6.522047355585215,0.0880277156829834,0.004517078399658203,32,,CenterFallback,1,32,0,,,[]
20250720_235037_796,-42,NO_RADIO,32,0,6.917008681489023,0.09176254272460938,0.004164457321166992,32,,CenterFallback,1,32,0,,,[]
20250720_235037_895,-42,NO_RADIO,32,0,6.917008681489023,0.09203743934631348,0.00451970100402832,32,,CenterFallback,1,32,0,,,[]
20250720_235037_995,-42,NO_RADIO,32,0,6.917008681489023,0.10221982002258301,0.004481077194213867,32,,CenterFallback,1,32,0,,,[]
20250720_235038_102,-42,NO_RADIO,32,0,6.917008681489023,0.0975027084350586,0.0031213760375976562,32,,CenterFallback,1,32,0,,,[]
20250720_235038_204,-42,NO_RADIO,32,0,6.917008681489023,0.08943462371826172,0.0044708251953125,32,,CenterFallback,1,32,0,,,[]
20250720_235038_301,-42,NO_RADIO,32,0,6.917008681489023,0.09746646881103516,0.004364728927612305,32,,CenterFallback,1,32,0,,,[]
20250720_235038_406,-42,NO_RADIO,32,0,6.917008681489023,0.09057092666625977,0.004488468170166016,32,,CenterFallback,1,32,0,,,[]
20250720_235038_504,-42,NO_RADIO,32,0,6.917008681489023,0.0875093936920166,0.004484415054321289,32,,CenterFallback,1,32,0,,,[]
20250720_235038_599,-42,NO_RADIO,32,0,6.917008681489023,0.09304690361022949,0.0043942928314208984,32,,CenterFallback,1,32,0,,,[]
20250720_235038_700,-42,NO_RADIO,32,0,6.917008681489023,0.08869338035583496,0.004485130310058594,32,,CenterFallback,1,32,0,,,[]
20250720_235038_796,-42,NO_RADIO,32,0,6.917008681489023,0.0887608528137207,0.00447535514831543,32,,CenterFallback,1,32,0,,,[]
20250720_235038_893,-42,NO_RADIO,32,0,6.917008681489023,0.09129190444946289,0.004434823989868164,32,,CenterFallback,1,32,0,,,[]
20250720_235038_991,-42,NO_RADIO,32,0,6.917008681489023,0.09877824783325195,0.004156589508056641,32,,CenterFallback,1,32,0,,,[]
20250720_235039_096,-42,NO_RADIO,32,0,6.917008681489023,0.0950174331665039,0.00453639030456543,32,,CenterFallback,1,32,0,,,[]
20250720_235039_199,-42,NO_RADIO,32,0,6.917008681489023,0.09296536445617676,0.0021295547485351562,32,,CenterFallback,1,32,0,,,[]
20250720_235039_296,-42,NO_RADIO,32,0,6.917008681489023,0.09645366668701172,0.002300262451171875,32,,CenterFallback,1,32,0,,,[]
20250720_235039_396,-42,NO_RADIO,32,0,6.917008681489023,0.08905577659606934,0.002130746841430664,32,,CenterFallback,1,32,0,,,[]
20250720_235039_488,-42,NO_RADIO,32,0,6.917008681489023,0.09106755256652832,0.002106189727783203,32,,CenterFallback,1,32,0,,,[]
20250720_235039_582,-42,NO_RADIO,32,0,6.917008681489023,0.09032773971557617,0.00213623046875,32,,CenterFallback,1,32,0,,,[]
20250720_235039_676,-42,NO_RADIO,32,0,6.917008681489023,0.09146380424499512,0.002087831497192383,32,,CenterFallback,1,32,0,,,[]
20250720_235039_771,-42,NO_RADIO,32,0,6.917008681489023,0.09038281440734863,0.0020754337310791016,32,,CenterFallback,1,32,0,,,[]
20250720_235039_865,-42,NO_RADIO,32,0,6.917008681489023,0.09094977378845215,0.002159595489501953,32,,CenterFallback,1,32,0,,,[]
20250720_235039_959,-42,NO_RADIO,32,0,6.917008681489023,0.09361910820007324,0.0021996498107910156,32,,CenterFallback,1,32,0,,,[]
20250720_235040_056,-42,NO_RADIO,32,0,6.917008681489023,0.09635806083679199,0.0021109580993652344,32,,CenterFallback,1,32,0,,,[]
20250720_235040_156,-42,NO_RADIO,32,0,6.917008681489023,0.08470368385314941,0.0032236576080322266,32,,CenterFallback,1,32,0,,,[]
20250720_235040_246,-42,NO_RADIO,32,0,6.917008681489023,0.09032583236694336,0.002091646194458008,32,,CenterFallback,1,32,0,,,[]
20250720_235040_339,-42,NO_RADIO,32,0,6.917008681489023,0.09363651275634766,0.002190113067626953,32,,CenterFallback,1,32,0,,,[]
20250720_235040_436,-42,NO_RADIO,32,0,6.917008681489023,0.08973050117492676,0.002125978469848633,32,,CenterFallback,1,32,0,,,[]
20250720_235040_530,-42,NO_RADIO,32,0,6.917008681489023,0.09696364402770996,0.002176046371459961,32,,CenterFallback,1,32,0,,,[]
20250720_235040_630,-42,NO_RADIO,32,0,6.917008681489023,0.09608650207519531,0.0019047260284423828,32,,CenterFallback,1,32,0,,,[]
20250720_235040_729,-42,NO_RADIO,32,0,6.917008681489023,0.09734988212585449,0.0044553279876708984,32,,CenterFallback,1,32,0,,,[]
20250720_235040_834,-42,NO_RADIO,32,0,6.917008681489023,0.09353303909301758,0.004270076751708984,32,,CenterFallback,1,32,0,,,[]
20250720_235040_935,-42,NO_RADIO,32,0,6.917008681489023,0.09708142280578613,0.004456520080566406,32,,CenterFallback,1,32,0,,,[]
20250720_235041_040,-42,NO_RADIO,32,0,6.917008681489023,0.09578299522399902,0.004461765289306641,32,,CenterFallback,1,32,0,,,[]
20250720_235041_143,-42,NO_RADIO,32,0,6.917008681489023,0.09504246711730957,0.004488229751586914,32,,CenterFallback,1,32,0,,,[]
20250720_235041_246,-42,NO_RADIO,32,0,6.917008681489023,0.09699273109436035,0.0044939517974853516,32,,CenterFallback,1,32,0,,,[]
20250720_235041_350,-42,NO_RADIO,32,0,6.917008681489023,0.09613513946533203,0.004355192184448242,32,,CenterFallback,1,32,0,,,[]
20250720_235041_453,-42,NO_RADIO,32,0,6.917008681489023,0.09591960906982422,0.004438161849975586,32,,CenterFallback,1,32,0,,,[]
20250720_235041_557,-42,NO_RADIO,32,0,6.917008681489023,0.09278559684753418,0.002153158187866211,32,,CenterFallback,1,32,0,,,[]
20250720_235041_653,-42,NO_RADIO,32,0,6.917008681489023,0.095977783203125,0.002141714096069336,32,,CenterFallback,1,32,0,,,[]
20250720_235041_752,-41,NO_RADIO,32,0,6.915939406622158,0.0943756103515625,0.0022280216217041016,32,,CenterFallback,1,32,0,,,[]
20250720_235041_850,-41,NO_RADIO,32,0,6.915939406622158,0.09307289123535156,0.002245187759399414,32,,CenterFallback,1,32,0,,,[]
20250720_235041_947,-41,NO_RADIO,32,0,6.915939406622158,0.09300947189331055,0.0022096633911132812,32,,CenterFallback,1,32,0,,,[]
20250720_235042_043,-41,NO_RADIO,32,0,6.915939406622158,0.08665800094604492,0.002150297164916992,32,,CenterFallback,1,32,0,,,[]
20250720_235042_133,-41,NO_RADIO,32,0,6.915939406622158,0.09145140647888184,0.0020635128021240234,32,,CenterFallback,1,32,0,,,[]
20250720_235042_228,-41,NO_RADIO,32,0,6.915939406622158,0.09401297569274902,0.004804372787475586,32,,CenterFallback,1,32,0,,,[]
20250720_235042_330,-41,NO_RADIO,32,0,6.915939406622158,0.09573054313659668,0.004470348358154297,32,,CenterFallback,1,32,0,,,[]
20250720_235042_433,-41,NO_RADIO,32,0,6.915939406622158,0.09555244445800781,0.004504203796386719,32,,CenterFallback,1,32,0,,,[]
20250720_235042_537,-41,NO_RADIO,32,0,6.915939406622158,0.09663176536560059,0.0039904117584228516,32,,CenterFallback,1,32,0,,,[]
20250720_235042_640,-41,NO_RADIO,32,0,6.915939406622158,0.09338760375976562,0.004423618316650391,32,,CenterFallback,1,32,0,,,[]
20250720_235042_741,-41,NO_RADIO,32,0,6.915939406622158,0.09390759468078613,0.004450321197509766,32,,CenterFallback,1,32,0,,,[]
20250720_235042_843,-41,NO_RADIO,32,0,6.915939406622158,0.09382271766662598,0.0044476985931396484,32,,CenterFallback,1,32,0,,,[]
20250720_235042_944,-41,NO_RADIO,32,0,6.915939406622158,0.09073925018310547,0.004304170608520508,32,,CenterFallback,1,32,0,,,[]
20250720_235043_042,-41,NO_RADIO,32,0,6.915939406622158,0.09250211715698242,0.004595279693603516,32,,CenterFallback,1,32,0,,,[]
20250720_235043_143,-41,NO_RADIO,32,0,6.915939406622158,0.0956580638885498,0.004447460174560547,32,,CenterFallback,1,32,0,,,[]
20250720_235043_246,-41,NO_RADIO,32,0,6.915939406622158,0.09270310401916504,0.00415802001953125,32,,CenterFallback,1,32,0,,,[]
20250720_235043_346,-41,NO_RADIO,32,0,6.915939406622158,0.09176421165466309,0.004431247711181641,32,,CenterFallback,1,32,0,,,[]
20250720_235043_445,-41,NO_RADIO,32,0,6.915939406622158,0.08878660202026367,0.004481315612792969,32,,CenterFallback,1,32,0,,,[]
20250720_235043_542,-41,NO_RADIO,32,0,6.915939406622158,0.09037017822265625,0.004469871520996094,32,,CenterFallback,1,32,0,,,[]
20250720_235043_639,-41,NO_RADIO,32,0,6.915939406622158,0.0900731086730957,0.004807472229003906,32,,CenterFallback,1,32,0,,,[]
20250720_235043_738,-41,NO_RADIO,32,0,6.915939406622158,0.08920693397521973,0.00437474250793457,32,,CenterFallback,1,32,0,,,[]
20250720_235043_834,-41,NO_RADIO,32,0,6.915939406622158,0.0932164192199707,0.0040662288665771484,32,,CenterFallback,1,32,0,,,[]
20250720_235043_934,-41,NO_RADIO,32,0,6.915939406622158,0.09457254409790039,0.004425525665283203,32,,CenterFallback,1,32,0,,,[]
20250720_235044_037,-41,NO_RADIO,32,0,6.915939406622158,0.0966942310333252,0.004853248596191406,32,,CenterFallback,1,32,0,,,[]
20250720_235044_142,-41,NO_RADIO,32,0,6.915939406622158,0.09181332588195801,0.004107475280761719,32,,CenterFallback,1,32,0,,,[]
20250720_235044_239,-41,NO_RADIO,32,0,6.915939406622158,0.09034943580627441,0.004398345947265625,32,,CenterFallback,1,32,0,,,[]
20250720_235044_337,-41,NO_RADIO,32,0,6.915939406622158,0.09940576553344727,0.004507303237915039,32,,CenterFallback,1,32,0,,,[]
20250720_235044_444,-41,NO_RADIO,32,0,6.915939406622158,0.09105348587036133,0.004488945007324219,32,,CenterFallback,1,32,0,,,[]
20250720_235044_542,-41,NO_RADIO,32,0,6.915939406622158,0.0870065689086914,0.004463672637939453,32,,CenterFallback,1,32,0,,,[]
20250720_235044_637,-41,NO_RADIO,32,0,6.915939406622158,0.08800435066223145,0.004410982131958008,32,,CenterFallback,1,32,0,,,[]
20250720_235044_733,-41,NO_RADIO,32,0,6.915939406622158,0.09367108345031738,0.004528999328613281,32,,CenterFallback,1,32,0,,,[]
20250720_235044_834,-41,NO_RADIO,32,0,6.915939406622158,0.09293484687805176,0.004093170166015625,32,,CenterFallback,1,32,0,,,[]
20250720_235044_934,-41,NO_RADIO,32,0,6.915939406622158,0.09752488136291504,0.0044100284576416016,32,,CenterFallback,1,32,0,,,[]
20250720_235045_039,-41,NO_RADIO,32,0,6.915939406622158,0.09383225440979004,0.004355430603027344,32,,CenterFallback,1,32,0,,,[]
20250720_235045_140,-41,NO_RADIO,32,0,6.915939406622158,0.09853529930114746,0.0044231414794921875,32,,CenterFallback,1,32,0,,,[]
20250720_235045_246,-41,NO_RADIO,32,0,6.915939406622158,0.0924830436706543,0.004407644271850586,32,,CenterFallback,1,32,0,,,[]
20250720_235045_347,-41,NO_RADIO,32,0,6.915939406622158,0.08651280403137207,0.004246234893798828,32,,CenterFallback,1,32,0,,,[]
20250720_235045_440,-41,NO_RADIO,32,0,6.915939406622158,0.08861136436462402,0.0044023990631103516,32,,CenterFallback,1,32,0,,,[]
20250720_235045_537,-41,NO_RADIO,32,0,6.915939406622158,0.09140825271606445,0.004443168640136719,32,,CenterFallback,1,32,0,,,[]
20250720_235045_635,-41,NO_RADIO,32,0,6.915939406622158,0.08936619758605957,0.004479408264160156,32,,CenterFallback,1,32,0,,,[]
20250720_235045_732,-40,NO_RADIO,32,0,6.9147096789532725,0.09171223640441895,0.004427433013916016,32,,CenterFallback,1,32,0,,,[]
20250720_235045_831,-40,NO_RADIO,32,0,6.9147096789532725,0.08990788459777832,0.0043926239013671875,32,,CenterFallback,1,32,0,,,[]
20250720_235045_927,-40,NO_RADIO,32,0,6.9147096789532725,0.09127950668334961,0.004483699798583984,32,,CenterFallback,1,32,0,,,[]
20250720_235046_026,-40,NO_RADIO,32,0,6.9147096789532725,0.09075355529785156,0.004378318786621094,32,,CenterFallback,1,32,0,,,[]
20250720_235046_124,-40,NO_RADIO,32,0,6.9147096789532725,0.08933067321777344,0.004488706588745117,32,,CenterFallback,1,32,0,,,[]
20250720_235046_221,-40,NO_RADIO,32,0,6.9147096789532725,0.09209918975830078,0.004488229751586914,32,,CenterFallback,1,32,0,,,[]
20250720_235046_321,-40,NO_RADIO,32,0,6.9147096789532725,0.09434628486633301,0.0044116973876953125,32,,CenterFallback,1,32,0,,,[]
20250720_235046_423,-40,NO_RADIO,32,0,6.9147096789532725,0.10465574264526367,0.004510402679443359,32,,CenterFallback,1,32,0,,,[]
20250720_235046_535,-40,NO_RADIO,32,0,6.9147096789532725,0.08931827545166016,0.00440526008605957,32,,CenterFallback,1,32,0,,,[]
20250720_235046_632,-40,NO_RADIO,32,0,6.9147096789532725,0.09092545509338379,0.004425048828125,32,,CenterFallback,1,32,0,,,[]
20250720_235046_731,-40,NO_RADIO,32,0,6.9147096789532725,0.09247684478759766,0.004427433013916016,32,,CenterFallback,1,32,0,,,[]
20250720_235046_831,-40,NO_RADIO,32,0,6.9147096789532725,0.08705663681030273,0.005126237869262695,32,,CenterFallback,1,32,0,,,[]
20250720_235046_926,-40,NO_RADIO,32,0,6.9147096789532725,0.09572839736938477,0.004025936126708984,32,,CenterFallback,1,32,0,,,[]
20250720_235047_029,-40,NO_RADIO,32,0,6.9147096789532725,0.09525847434997559,0.0040438175201416016,32,,CenterFallback,1,32,0,,,[]
20250720_235047_131,-40,NO_RADIO,32,0,6.9147096789532725,0.09399795532226562,0.004424095153808594,32,,CenterFallback,1,32,0,,,[]
20250720_235047_233,-40,NO_RADIO,32,0,6.9147096789532725,0.09266209602355957,0.004650592803955078,32,,CenterFallback,1,32,0,,,[]
20250720_235047_333,-40,NO_RADIO,32,0,6.9147096789532725,0.09442520141601562,0.0043756961822509766,32,,CenterFallback,1,32,0,,,[]
20250720_235047_435,-40,NO_RADIO,32,0,6.9147096789532725,0.0974736213684082,0.0045506954193115234,32,,CenterFallback,1,32,0,,,[]
20250720_235047_540,-40,NO_RADIO,32,0,6.9147096789532725,0.10074877738952637,0.0043027400970458984,32,,CenterFallback,1,32,0,,,[]
20250720_235047_648,-40,NO_RADIO,32,0,6.9147096789532725,0.08706784248352051,0.004376649856567383,32,,CenterFallback,1,32,0,,,[]
20250720_235047_743,-40,NO_RADIO,32,0,6.9147096789532725,0.09743475914001465,0.00449371337890625,32,,CenterFallback,1,32,0,,,[]
20250720_235047_848,-40,NO_RADIO,32,0,6.9147096789532725,0.09041523933410645,0.004038810729980469,32,,CenterFallback,1,32,0,,,[]
20250720_235047_945,-40,NO_RADIO,32,0,6.9147096789532725,0.09308576583862305,0.004268646240234375,32,,CenterFallback,1,32,0,,,[]
20250720_235048_045,-40,NO_RADIO,32,0,6.9147096789532725,0.09666132926940918,0.004341602325439453,32,,CenterFallback,1,32,0,,,[]
20250720_235048_149,-40,NO_RADIO,32,0,6.9147096789532725,0.09541559219360352,0.0044710636138916016,32,,CenterFallback,1,32,0,,,[]
20250720_235048_252,-40,NO_RADIO,32,0,6.9147096789532725,0.09665393829345703,0.004427194595336914,32,,CenterFallback,1,32,0,,,[]
20250720_235048_357,-40,NO_RADIO,32,0,6.9147096789532725,0.08980703353881836,0.004181623458862305,32,,CenterFallback,1,32,0,,,[]
20250720_235048_454,-40,NO_RADIO,32,0,6.9147096789532725,0.09437155723571777,0.004377603530883789,32,,CenterFallback,1,32,0,,,[]
20250720_235048_555,-40,NO_RADIO,32,0,6.9147096789532725,0.08577919006347656,0.004378795623779297,32,,CenterFallback,1,32,0,,,[]
20250720_235048_649,-40,NO_RADIO,32,0,6.9147096789532725,0.09292745590209961,0.004411220550537109,32,,CenterFallback,1,32,0,,,[]
20250720_235048_749,-40,NO_RADIO,32,0,6.9147096789532725,0.0876779556274414,0.00443267822265625,32,,CenterFallback,1,32,0,,,[]
20250720_235048_844,-40,NO_RADIO,32,0,6.9147096789532725,0.08604311943054199,0.004309415817260742,32,,CenterFallback,1,32,0,,,[]
20250720_235048_938,-40,NO_RADIO,32,0,6.9147096789532725,0.09857177734375,0.004331827163696289,32,,CenterFallback,1,32,0,,,[]
20250720_235049_043,-40,NO_RADIO,32,0,6.9147096789532725,0.08774542808532715,0.0043964385986328125,32,,CenterFallback,1,32,0,,,[]
20250720_235049_139,-40,NO_RADIO,32,0,6.9147096789532725,0.0891110897064209,0.004153251647949219,32,,CenterFallback,1,32,0,,,[]
20250720_235049_235,-40,NO_RADIO,32,0,6.9147096789532725,0.09236645698547363,0.0043697357177734375,32,,CenterFallback,1,32,0,,,[]
20250720_235049_335,-40,NO_RADIO,32,0,6.9147096789532725,0.09820771217346191,0.0042841434478759766,32,,CenterFallback,1,32,0,,,[]
20250720_235049_439,-40,NO_RADIO,32,0,6.9147096789532725,0.09514355659484863,0.004564046859741211,32,,CenterFallback,1,32,0,,,[]
20250720_235049_542,-40,NO_RADIO,32,0,6.9147096789532725,0.09108138084411621,0.0036809444427490234,32,,CenterFallback,1,32,0,,,[]
20250720_235049_638,-40,NO_RADIO,32,0,6.9147096789532725,0.09101223945617676,0.004395484924316406,32,,CenterFallback,1,32,0,,,[]
20250720_235049_736,-39,NO_RADIO,32,0,6.574758069923774,0.09154677391052246,0.004286527633666992,32,,CenterFallback,1,32,0,,,[]
20250720_235049_835,-39,NO_RADIO,32,0,6.574758069923774,0.09577298164367676,0.004065990447998047,32,,CenterFallback,1,32,0,,,[]
20250720_235049_938,-39,NO_RADIO,32,0,6.574758069923774,0.0919189453125,0.00440216064453125,32,,CenterFallback,1,32,0,,,[]
20250720_235050_037,-39,NO_RADIO,32,0,6.574758069923774,0.09441065788269043,0.0045392513275146484,32,,CenterFallback,1,32,0,,,[]
20250720_235050_139,-39,NO_RADIO,32,0,6.574758069923774,0.09764981269836426,0.004361629486083984,32,,CenterFallback,1,32,0,,,[]
20250720_235050_244,-39,NO_RADIO,32,0,6.574758069923774,0.09581351280212402,0.004439830780029297,32,,CenterFallback,1,32,0,,,[]
20250720_235050_347,-39,NO_RADIO,32,0,6.574758069923774,0.09898233413696289,0.004125356674194336,32,,CenterFallback,1,32,0,,,[]
20250720_235050_454,-39,NO_RADIO,32,0,6.574758069923774,0.09773516654968262,0.004452943801879883,32,,CenterFallback,1,32,0,,,[]
20250720_235050_559,-39,NO_RADIO,32,0,6.574758069923774,0.09377503395080566,0.004023551940917969,32,,CenterFallback,1,32,0,,,[]
20250720_235050_660,-39,NO_RADIO,32,0,6.574758069923774,0.09702420234680176,0.0044727325439453125,32,,CenterFallback,1,32,0,,,[]
20250720_235050_764,-39,NO_RADIO,32,0,6.574758069923774,0.09159541130065918,0.0043675899505615234,32,,CenterFallback,1,32,0,,,[]
20250720_235050_863,-39,NO_RADIO,32,0,6.574758069923774,0.09729456901550293,0.004416942596435547,32,,CenterFallback,1,32,0,,,[]
20250720_235050_968,-39,NO_RADIO,32,0,6.574758069923774,0.09252810478210449,0.004164934158325195,32,,CenterFallback,1,32,0,,,[]
20250720_235051_068,-39,NO_RADIO,32,0,6.574758069923774,0.09299612045288086,0.004483461380004883,32,,CenterFallback,1,32,0,,,[]
20250720_235051_168,-39,NO_RADIO,32,0,6.574758069923774,0.09189438819885254,0.004428386688232422,32,,CenterFallback,1,32,0,,,[]
20250720_235051_268,-39,NO_RADIO,32,0,6.574758069923774,0.09105896949768066,0.004423856735229492,32,,CenterFallback,1,32,0,,,[]
20250720_235051_367,-39,NO_RADIO,32,0,6.574758069923774,0.09112548828125,0.004422187805175781,32,,CenterFallback,1,32,0,,,[]
20250720_235051_465,-39,NO_RADIO,32,0,6.574758069923774,0.09420490264892578,0.00435638427734375,32,,CenterFallback,1,32,0,,,[]
20250720_235051_567,-39,NO_RADIO,32,0,6.574758069923774,0.09286689758300781,0.0044286251068115234,32,,CenterFallback,1,32,0,,,[]
20250720_235051_668,-39,NO_RADIO,32,0,6.574758069923774,0.09425067901611328,0.004475116729736328,32,,CenterFallback,1,32,0,,,[]
20250720_235051_770,-39,NO_RADIO,32,0,6.574758069923774,0.09056735038757324,0.004373311996459961,32,,CenterFallback,1,32,0,,,[]
20250720_235051_868,-39,NO_RADIO,32,0,6.574758069923774,0.09403181076049805,0.004318714141845703,32,,CenterFallback,1,32,0,,,[]
20250720_235051_969,-39,NO_RADIO,32,0,6.574758069923774,0.09430837631225586,0.00453948974609375,32,,CenterFallback,1,32,0,,,[]
20250720_235052_071,-39,NO_RADIO,32,0,6.574758069923774,0.09294390678405762,0.004479885101318359,32,,CenterFallback,1,32,0,,,[]
20250720_235052_172,-39,NO_RADIO,32,0,6.574758069923774,0.09532618522644043,0.004370212554931641,32,,CenterFallback,1,32,0,,,[]
20250720_235052_275,-39,NO_RADIO,32,0,6.574758069923774,0.09161496162414551,0.004530191421508789,32,,CenterFallback,1,32,0,,,[]
20250720_235052_374,-39,NO_RADIO,32,0,6.574758069923774,0.09102869033813477,0.004424095153808594,32,,CenterFallback,1,32,0,,,[]
20250720_235052_472,-39,NO_RADIO,32,0,6.574758069923774,0.09440255165100098,0.004071235656738281,32,,CenterFallback,1,32,0,,,[]
20250720_235052_574,-39,NO_RADIO,32,0,6.574758069923774,0.09582757949829102,0.004425048828125,32,,CenterFallback,1,32,0,,,[]
20250720_235052_677,-39,NO_RADIO,32,0,6.574758069923774,0.09819364547729492,0.0048618316650390625,32,,CenterFallback,1,32,0,,,[]
20250720_235052_784,-39,NO_RADIO,32,0,6.574758069923774,0.09421229362487793,0.004425764083862305,32,,CenterFallback,1,32,0,,,[]
20250720_235052_885,-39,NO_RADIO,32,0,6.574758069923774,0.09693527221679688,0.004356861114501953,32,,CenterFallback,1,32,0,,,[]
20250720_235052_989,-39,NO_RADIO,32,0,6.574758069923774,0.09629631042480469,0.0043888092041015625,32,,CenterFallback,1,32,0,,,[]
20250720_235053_093,-39,NO_RADIO,32,0,6.574758069923774,0.09714055061340332,0.004434347152709961,32,,CenterFallback,1,32,0,,,[]
20250720_235053_198,-39,NO_RADIO,32,0,6.574758069923774,0.1005709171295166,0.004452228546142578,32,,CenterFallback,1,32,0,,,[]
20250720_235053_306,-39,NO_RADIO,32,0,6.574758069923774,0.09518265724182129,0.004461526870727539,32,,CenterFallback,1,32,0,,,[]
20250720_235053_409,-39,NO_RADIO,32,0,6.574758069923774,0.09087848663330078,0.004343986511230469,32,,CenterFallback,1,32,0,,,[]
20250720_235053_507,-39,NO_RADIO,32,0,6.574758069923774,0.09193277359008789,0.004351139068603516,32,,CenterFallback,1,32,0,,,[]
20250720_235053_606,-39,NO_RADIO,32,0,6.574758069923774,0.09105443954467773,0.004375457763671875,32,,CenterFallback,1,32,0,,,[]
20250720_235053_705,-38,NO_RADIO,32,0,7.175818584887423,0.09699630737304688,0.00438690185546875,32,,CenterFallback,1,32,0,,,[]
20250720_235053_809,-38,NO_RADIO,32,0,7.175818584887423,0.10036587715148926,0.004418134689331055,32,,CenterFallback,1,32,0,,,[]
20250720_235053_917,-38,NO_RADIO,32,0,7.175818584887423,0.08674192428588867,0.004488229751586914,32,,CenterFallback,1,32,0,,,[]
20250720_235054_011,-38,NO_RADIO,32,0,7.175818584887423,0.09593868255615234,0.004139423370361328,32,,CenterFallback,1,32,0,,,[]
20250720_235054_115,-38,NO_RADIO,32,0,7.175818584887423,0.09845662117004395,0.0045316219329833984,32,,CenterFallback,1,32,0,,,[]
20250720_235054_219,-38,NO_RADIO,32,0,7.175818584887423,0.09898805618286133,0.004431724548339844,32,,CenterFallback,1,32,0,,,[]
20250720_235054_326,-38,NO_RADIO,32,0,7.175818584887423,0.09078645706176758,0.0044438838958740234,32,,CenterFallback,1,32,0,,,[]
20250720_235054_424,-38,NO_RADIO,32,0,7.175818584887423,0.08873891830444336,0.004624366760253906,32,,CenterFallback,1,32,0,,,[]
20250720_235054_521,-38,NO_RADIO,32,0,7.175818584887423,0.0867464542388916,0.004418134689331055,32,,CenterFallback,1,32,0,,,[]
20250720_235054_615,-38,NO_RADIO,32,0,7.175818584887423,0.09624814987182617,0.004039764404296875,32,,CenterFallback,1,32,0,,,[]
20250720_235054_718,-38,NO_RADIO,32,0,7.175818584887423,0.09495830535888672,0.0045261383056640625,32,,CenterFallback,1,32,0,,,[]
20250720_235054_821,-38,NO_RADIO,32,0,7.175818584887423,0.09699249267578125,0.004454135894775391,32,,CenterFallback,1,32,0,,,[]
20250720_235054_926,-38,NO_RADIO,32,0,7.175818584887423,0.09403514862060547,0.004422187805175781,32,,CenterFallback,1,32,0,,,[]
20250720_235055_027,-38,NO_RADIO,32,0,7.175818584887423,0.10407543182373047,0.004288911819458008,32,,CenterFallback,1,32,0,,,[]
20250720_235055_137,-38,NO_RADIO,32,0,7.175818584887423,0.08945345878601074,0.004593372344970703,32,,CenterFallback,1,32,0,,,[]
20250720_235055_235,-38,NO_RADIO,32,0,7.175818584887423,0.09879350662231445,0.004404544830322266,32,,CenterFallback,1,32,0,,,[]
20250720_235055_341,-38,NO_RADIO,32,0,7.175818584887423,0.09752035140991211,0.004397153854370117,32,,CenterFallback,1,32,0,,,[]
20250720_235055_446,-38,NO_RADIO,32,0,7.175818584887423,0.09416007995605469,0.004541635513305664,32,,CenterFallback,1,32,0,,,[]
20250720_235055_548,-38,NO_RADIO,32,0,7.175818584887423,0.09206986427307129,0.004459857940673828,32,,CenterFallback,1,32,0,,,[]
20250720_235055_647,-38,NO_RADIO,32,0,7.175818584887423,0.09533333778381348,0.004410982131958008,32,,CenterFallback,1,32,0,,,[]
20250720_235055_750,-38,NO_RADIO,32,0,7.175818584887423,0.10013437271118164,0.00439763069152832,32,,CenterFallback,1,32,0,,,[]
20250720_235055_858,-38,NO_RADIO,32,0,7.175818584887423,0.08823466300964355,0.004015922546386719,32,,CenterFallback,1,32,0,,,[]
20250720_235055_953,-38,NO_RADIO,32,0,7.175818584887423,0.08973526954650879,0.0040283203125,32,,CenterFallback,1,32,0,,,[]
20250720_235056_050,-38,NO_RADIO,32,0,7.175818584887423,0.08814311027526855,0.004416942596435547,32,,CenterFallback,1,32,0,,,[]
20250720_235056_145,-38,NO_RADIO,32,0,7.175818584887423,0.09523224830627441,0.00436854362487793,32,,CenterFallback,1,32,0,,,[]
20250720_235056_247,-38,NO_RADIO,32,0,7.175818584887423,0.08925366401672363,0.004369974136352539,32,,CenterFallback,1,32,0,,,[]
20250720_235056_343,-38,NO_RADIO,32,0,7.175818584887423,0.09783649444580078,0.004414081573486328,32,,CenterFallback,1,32,0,,,[]
20250720_235056_449,-38,NO_RADIO,32,0,7.175818584887423,0.08897161483764648,0.004438161849975586,32,,CenterFallback,1,32,0,,,[]
20250720_235056_545,-38,NO_RADIO,32,0,7.175818584887423,0.09594058990478516,0.004153251647949219,32,,CenterFallback,1,32,0,,,[]
20250720_235056_649,-38,NO_RADIO,32,0,7.175818584887423,0.09559130668640137,0.0043468475341796875,32,,CenterFallback,1,32,0,,,[]
20250720_235056_751,-38,NO_RADIO,32,0,7.175818584887423,0.09530329704284668,0.00446629524230957,32,,CenterFallback,1,32,0,,,[]
20250720_235056_854,-38,NO_RADIO,32,0,7.175818584887423,0.09360933303833008,0.0040285587310791016,32,,CenterFallback,1,32,0,,,[]
20250720_235056_955,-38,NO_RADIO,32,0,7.175818584887423,0.09668660163879395,0.0044498443603515625,32,,CenterFallback,1,32,0,,,[]
20250720_235057_059,-38,NO_RADIO,32,0,7.175818584887423,0.09524703025817871,0.0045130252838134766,32,,CenterFallback,1,32,0,,,[]
20250720_235057_162,-38,NO_RADIO,32,0,7.175818584887423,0.09967327117919922,0.004350423812866211,32,,CenterFallback,1,32,0,,,[]
20250720_235057_268,-38,NO_RADIO,32,0,7.175818584887423,0.09662652015686035,0.004433393478393555,32,,CenterFallback,1,32,0,,,[]
20250720_235057_372,-38,NO_RADIO,32,0,7.175818584887423,0.09507417678833008,0.0045926570892333984,32,,CenterFallback,1,32,0,,,[]
20250720_235057_475,-38,NO_RADIO,32,0,7.175818584887423,0.09419608116149902,0.004109859466552734,32,,CenterFallback,1,32,0,,,[]
20250720_235057_576,-38,NO_RADIO,32,0,7.175818584887423,0.09683465957641602,0.004459381103515625,32,,CenterFallback,1,32,0,,,[]
20250720_235057_680,-38,NO_RADIO,32,0,7.175818584887423,0.09232378005981445,0.004405021667480469,32,,CenterFallback,1,32,0,,,[]
20250720_235057_781,-37,NO_RADIO,32,0,7.1756515498423,0.09576010704040527,0.004414796829223633,32,,CenterFallback,1,32,0,,,[]
20250720_235057_884,-37,NO_RADIO,32,0,7.1756515498423,0.09136605262756348,0.004369020462036133,32,,CenterFallback,1,32,0,,,[]
20250720_235057_983,-37,NO_RADIO,32,0,7.1756515498423,0.09226465225219727,0.004578590393066406,32,,CenterFallback,1,32,0,,,[]
20250720_235058_082,-37,NO_RADIO,32,0,7.1756515498423,0.09483647346496582,0.004499912261962891,32,,CenterFallback,1,32,0,,,[]
20250720_235058_185,-37,NO_RADIO,32,0,7.1756515498423,0.09522795677185059,0.0043375492095947266,32,,CenterFallback,1,32,0,,,[]
20250720_235058_287,-37,NO_RADIO,32,0,7.1756515498423,0.09204292297363281,0.0044972896575927734,32,,CenterFallback,1,32,0,,,[]
20250720_235058_388,-37,NO_RADIO,32,0,7.1756515498423,0.08713698387145996,0.004460811614990234,32,,CenterFallback,1,32,0,,,[]
20250720_235058_482,-37,NO_RADIO,32,0,7.1756515498423,0.09275937080383301,0.004442930221557617,32,,CenterFallback,1,32,0,,,[]
20250720_235058_583,-37,NO_RADIO,32,0,7.1756515498423,0.09421253204345703,0.004435539245605469,32,,CenterFallback,1,32,0,,,[]
20250720_235058_684,-37,NO_RADIO,32,0,7.1756515498423,0.10081148147583008,0.004445791244506836,32,,CenterFallback,1,32,0,,,[]
20250720_235058_791,-37,NO_RADIO,32,0,7.1756515498423,0.09118080139160156,0.0044214725494384766,32,,CenterFallback,1,32,0,,,[]
20250720_235058_890,-37,NO_RADIO,32,0,7.1756515498423,0.10276412963867188,0.004074811935424805,32,,CenterFallback,1,32,0,,,[]
20250720_235059_000,-37,NO_RADIO,32,0,7.1756515498423,0.09471964836120605,0.0044574737548828125,32,,CenterFallback,1,32,0,,,[]
20250720_235059_102,-37,NO_RADIO,32,0,7.1756515498423,0.08208680152893066,0.004419803619384766,32,,CenterFallback,1,32,0,,,[]
20250720_235059_192,-37,NO_RADIO,32,0,7.1756515498423,0.08538365364074707,0.004304409027099609,32,,CenterFallback,1,32,0,,,[]
20250720_235059_285,-37,NO_RADIO,32,0,7.1756515498423,0.0947718620300293,0.004427909851074219,32,,CenterFallback,1,32,0,,,[]
20250720_235059_388,-37,NO_RADIO,32,0,7.1756515498423,0.09411764144897461,0.004376888275146484,32,,CenterFallback,1,32,0,,,[]
20250720_235059_490,-37,NO_RADIO,32,0,7.1756515498423,0.09091591835021973,0.003740072250366211,32,,CenterFallback,1,32,0,,,[]
20250720_235059_587,-37,NO_RADIO,32,0,7.1756515498423,0.09298872947692871,0.0044460296630859375,32,,CenterFallback,1,32,0,,,[]
20250720_235059_688,-37,NO_RADIO,32,0,7.1756515498423,0.08793067932128906,0.004851818084716797,32,,CenterFallback,1,32,0,,,[]
20250720_235059_784,-37,NO_RADIO,32,0,7.1756515498423,0.10110044479370117,0.004182338714599609,32,,CenterFallback,1,32,0,,,[]
20250720_235059_892,-37,NO_RADIO,32,0,7.1756515498423,0.10253715515136719,0.0040454864501953125,32,,CenterFallback,1,32,0,,,[]
20250720_235100_002,-37,NO_RADIO,32,0,7.1756515498423,0.09765839576721191,0.004341602325439453,32,,CenterFallback,1,32,0,,,[]
20250720_235100_107,-37,NO_RADIO,32,0,7.1756515498423,0.09709715843200684,0.004497051239013672,32,,CenterFallback,1,32,0,,,[]
20250720_235100_212,-37,NO_RADIO,32,0,7.1756515498423,0.09608745574951172,0.004700422286987305,32,,CenterFallback,1,32,0,,,[]
20250720_235100_314,-37,NO_RADIO,32,0,7.1756515498423,0.09451675415039062,0.0043904781341552734,32,,CenterFallback,1,32,0,,,[]
20250720_235100_416,-37,NO_RADIO,32,0,7.1756515498423,0.09676218032836914,0.00438690185546875,32,,CenterFallback,1,32,0,,,[]
20250720_235100_521,-37,NO_RADIO,32,0,7.1756515498423,0.0946207046508789,0.004323482513427734,32,,CenterFallback,1,32,0,,,[]
20250720_235100_623,-37,NO_RADIO,32,0,7.1756515498423,0.09662604331970215,0.004454374313354492,32,,CenterFallback,1,32,0,,,[]
20250720_235100_727,-37,NO_RADIO,32,0,7.1756515498423,0.09489631652832031,0.004633426666259766,32,,CenterFallback,1,32,0,,,[]
20250720_235100_830,-37,NO_RADIO,32,0,7.1756515498423,0.09660482406616211,0.0045511722564697266,32,,CenterFallback,1,32,0,,,[]
20250720_235100_934,-37,NO_RADIO,32,0,7.1756515498423,0.09539985656738281,0.004541873931884766,32,,CenterFallback,1,32,0,,,[]
20250720_235101_037,-37,NO_RADIO,32,0,7.1756515498423,0.0992896556854248,0.004448413848876953,32,,CenterFallback,1,32,0,,,[]
20250720_235101_144,-37,NO_RADIO,32,0,7.1756515498423,0.0971684455871582,0.004480838775634766,32,,CenterFallback,1,32,0,,,[]
20250720_235101_249,-37,NO_RADIO,32,0,7.1756515498423,0.09922361373901367,0.004436016082763672,32,,CenterFallback,1,32,0,,,[]
20250720_235101_356,-37,NO_RADIO,32,0,7.1756515498423,0.09034538269042969,0.004441738128662109,32,,CenterFallback,1,32,0,,,[]
20250720_235101_454,-37,NO_RADIO,32,0,7.1756515498423,0.09502863883972168,0.0043964385986328125,32,,CenterFallback,1,32,0,,,[]
20250720_235101_556,-37,NO_RADIO,32,0,7.1756515498423,0.09949684143066406,0.004414081573486328,32,,CenterFallback,1,32,0,,,[]
20250720_235101_664,-37,NO_RADIO,32,0,7.1756515498423,0.0941917896270752,0.0043866634368896484,32,,CenterFallback,1,32,0,,,[]
20250720_235101_766,-36,NO_RADIO,32,0,7.423387784931805,0.09578943252563477,0.004414081573486328,32,,CenterFallback,1,32,0,,,[]
20250720_235101_869,-36,NO_RADIO,32,0,7.423387784931805,0.09244346618652344,0.004423618316650391,32,,CenterFallback,1,32,0,,,[]
20250720_235101_969,-36,NO_RADIO,32,0,7.423387784931805,0.08671069145202637,0.004362344741821289,32,,CenterFallback,1,32,0,,,[]
20250720_235102_063,-36,NO_RADIO,32,0,7.423387784931805,0.0943291187286377,0.0043604373931884766,32,,CenterFallback,1,32,0,,,[]
20250720_235102_165,-36,NO_RADIO,32,0,7.423387784931805,0.0897519588470459,0.004379987716674805,32,,CenterFallback,1,32,0,,,[]
20250720_235102_262,-36,NO_RADIO,32,0,7.423387784931805,0.09248900413513184,0.0044405460357666016,32,,CenterFallback,1,32,0,,,[]
20250720_235102_362,-36,NO_RADIO,32,0,7.423387784931805,0.09081244468688965,0.004365205764770508,32,,CenterFallback,1,32,0,,,[]
20250720_235102_460,-36,NO_RADIO,32,0,7.423387784931805,0.09073066711425781,0.004302024841308594,32,,CenterFallback,1,32,0,,,[]
20250720_235102_558,-36,NO_RADIO,32,0,7.423387784931805,0.08776092529296875,0.0043985843658447266,32,,CenterFallback,1,32,0,,,[]
20250720_235102_654,-36,NO_RADIO,32,0,7.423387784931805,0.09168148040771484,0.0043752193450927734,32,,CenterFallback,1,32,0,,,[]
20250720_235102_753,-36,NO_RADIO,32,0,7.423387784931805,0.0886225700378418,0.004436969757080078,32,,CenterFallback,1,32,0,,,[]
20250720_235102_849,-36,NO_RADIO,32,0,7.423387784931805,0.08944129943847656,0.00414276123046875,32,,CenterFallback,1,32,0,,,[]
20250720_235102_946,-36,NO_RADIO,32,0,7.423387784931805,0.09755373001098633,0.004742860794067383,32,,CenterFallback,1,32,0,,,[]
20250720_235103_051,-36,NO_RADIO,32,0,7.423387784931805,0.0885157585144043,0.004366636276245117,32,,CenterFallback,1,32,0,,,[]
20250720_235103_147,-36,NO_RADIO,32,0,7.423387784931805,0.09587740898132324,0.004488706588745117,32,,CenterFallback,1,32,0,,,[]
20250720_235103_250,-36,NO_RADIO,32,0,7.423387784931805,0.09925222396850586,0.0043909549713134766,32,,CenterFallback,1,32,0,,,[]
20250720_235103_357,-36,NO_RADIO,32,0,7.423387784931805,0.09871649742126465,0.004415750503540039,32,,CenterFallback,1,32,0,,,[]
20250720_235103_463,-36,NO_RADIO,32,0,7.423387784931805,0.0977632999420166,0.004540920257568359,32,,CenterFallback,1,32,0,,,[]
20250720_235103_569,-36,NO_RADIO,32,0,7.423387784931805,0.0964958667755127,0.004310131072998047,32,,CenterFallback,1,32,0,,,[]
20250720_235103_673,-36,NO_RADIO,32,0,7.423387784931805,0.10067939758300781,0.004430055618286133,32,,CenterFallback,1,32,0,,,[]
20250720_235103_781,-36,NO_RADIO,32,0,7.423387784931805,0.09915018081665039,0.004419803619384766,32,,CenterFallback,1,32,0,,,[]
20250720_235103_888,-36,NO_RADIO,32,0,7.423387784931805,0.09772038459777832,0.004493236541748047,32,,CenterFallback,1,32,0,,,[]
20250720_235103_994,-36,NO_RADIO,32,0,7.423387784931805,0.09781599044799805,0.0044133663177490234,32,,CenterFallback,1,32,0,,,[]
20250720_235104_099,-36,NO_RADIO,32,0,7.423387784931805,0.09197878837585449,0.00443267822265625,32,,CenterFallback,1,32,0,,,[]
20250720_235104_199,-36,NO_RADIO,32,0,7.423387784931805,0.09688282012939453,0.004380226135253906,32,,CenterFallback,1,32,0,,,[]
20250720_235104_303,-36,NO_RADIO,32,0,7.423387784931805,0.09645390510559082,0.003918647766113281,32,,CenterFallback,1,32,0,,,[]
20250720_235104_406,-36,NO_RADIO,32,0,7.423387784931805,0.09925317764282227,0.004404306411743164,32,,CenterFallback,1,32,0,,,[]
20250720_235104_513,-36,NO_RADIO,32,0,7.423387784931805,0.09348130226135254,0.004085063934326172,32,,CenterFallback,1,32,0,,,[]
20250720_235104_614,-36,NO_RADIO,32,0,7.423387784931805,0.09673213958740234,0.004390716552734375,32,,CenterFallback,1,32,0,,,[]
20250720_235104_718,-36,NO_RADIO,32,0,7.423387784931805,0.09726119041442871,0.0043621063232421875,32,,CenterFallback,1,32,0,,,[]
20250720_235104_822,-36,NO_RADIO,32,0,7.423387784931805,0.08588743209838867,0.004569292068481445,32,,CenterFallback,1,32,0,,,[]
20250720_235104_915,-36,NO_RADIO,32,0,7.423387784931805,0.0946347713470459,0.0044329166412353516,32,,CenterFallback,1,32,0,,,[]
20250720_235105_017,-36,NO_RADIO,32,0,7.423387784931805,0.09570598602294922,0.004420280456542969,32,,CenterFallback,1,32,0,,,[]
20250720_235105_121,-36,NO_RADIO,32,0,7.423387784931805,0.09225678443908691,0.004416465759277344,32,,CenterFallback,1,32,0,,,[]
20250720_235105_220,-36,NO_RADIO,32,0,7.423387784931805,0.09652876853942871,0.0043964385986328125,32,,CenterFallback,1,32,0,,,[]
20250720_235105_325,-36,NO_RADIO,32,0,7.423387784931805,0.10342955589294434,0.0040493011474609375,32,,CenterFallback,1,32,0,,,[]
20250720_235105_435,-36,NO_RADIO,32,0,7.423387784931805,0.09521079063415527,0.004076242446899414,32,,CenterFallback,1,32,0,,,[]
20250720_235105_538,-36,NO_RADIO,32,0,7.423387784931805,0.10429501533508301,0.0044403076171875,32,,CenterFallback,1,32,0,,,[]
20250720_235105_649,-36,NO_RADIO,32,0,7.423387784931805,0.08838081359863281,0.0048067569732666016,32,,CenterFallback,1,32,0,,,[]
20250720_235105_746,-35,NO_RADIO,32,0,7.748058345160416,0.07718706130981445,0.00438380241394043,32,,CenterFallback,1,32,0,,,[]
20250720_235105_831,-35,NO_RADIO,32,0,7.748058345160416,0.09363293647766113,0.004271984100341797,32,,CenterFallback,1,32,0,,,[]
20250720_235105_931,-35,NO_RADIO,32,0,7.748058345160416,0.09409141540527344,0.004513263702392578,32,,CenterFallback,1,32,0,,,[]
20250720_235106_033,-35,NO_RADIO,32,0,7.748058345160416,0.09069705009460449,0.00460052490234375,32,,CenterFallback,1,32,0,,,[]
20250720_235106_131,-35,NO_RADIO,32,0,7.748058345160416,0.08592510223388672,0.004534006118774414,32,,CenterFallback,1,32,0,,,[]
20250720_235106_225,-35,NO_RADIO,32,0,7.748058345160416,0.09094643592834473,0.004425525665283203,32,,CenterFallback,1,32,0,,,[]
20250720_235106_324,-35,NO_RADIO,32,0,7.748058345160416,0.09281086921691895,0.0043659210205078125,32,,CenterFallback,1,32,0,,,[]
20250720_235106_424,-35,NO_RADIO,32,0,7.748058345160416,0.12100887298583984,0.0037283897399902344,32,,CenterFallback,1,32,0,,,[]
20250720_235106_550,-35,NO_RADIO,32,0,7.748058345160416,0.09987783432006836,0.004576444625854492,32,,CenterFallback,1,32,0,,,[]
20250720_235106_658,-35,NO_RADIO,32,0,7.748058345160416,0.09128785133361816,0.004511594772338867,32,,CenterFallback,1,32,0,,,[]
20250720_235106_757,-35,NO_RADIO,32,0,7.748058345160416,0.09510660171508789,0.004594087600708008,32,,CenterFallback,1,32,0,,,[]
20250720_235106_860,-35,NO_RADIO,32,0,7.748058345160416,0.09703922271728516,0.004248857498168945,32,,CenterFallback,1,32,0,,,[]
20250720_235106_964,-35,NO_RADIO,32,0,7.748058345160416,0.08728766441345215,0.00450444221496582,32,,CenterFallback,1,32,0,,,[]
20250720_235107_059,-35,NO_RADIO,32,0,7.748058345160416,0.09116244316101074,0.004387617111206055,32,,CenterFallback,1,32,0,,,[]
20250720_235107_158,-35,NO_RADIO,32,0,7.748058345160416,0.09173369407653809,0.0043752193450927734,32,,CenterFallback,1,32,0,,,[]
20250720_235107_257,-35,NO_RADIO,32,0,7.748058345160416,0.09015297889709473,0.004350423812866211,32,,CenterFallback,1,32,0,,,[]
20250720_235107_355,-35,NO_RADIO,32,0,7.748058345160416,0.08849263191223145,0.00436854362487793,32,,CenterFallback,1,32,0,,,[]
20250720_235107_451,-35,NO_RADIO,32,0,7.748058345160416,0.0919961929321289,0.004259347915649414,32,,CenterFallback,1,32,0,,,[]
20250720_235107_550,-35,NO_RADIO,32,0,7.748058345160416,0.09896659851074219,0.004593849182128906,32,,CenterFallback,1,32,0,,,[]
20250720_235107_657,-35,NO_RADIO,32,0,7.748058345160416,0.094635009765625,0.004907846450805664,32,,CenterFallback,1,32,0,,,[]
20250720_235107_760,-35,NO_RADIO,32,0,7.748058345160416,0.09517121315002441,0.004556417465209961,32,,CenterFallback,1,32,0,,,[]
20250720_235107_863,-35,NO_RADIO,32,0,7.748058345160416,0.10434317588806152,0.004426002502441406,32,,CenterFallback,1,32,0,,,[]
20250720_235107_975,-35,NO_RADIO,32,0,7.748058345160416,0.09087967872619629,0.00458216667175293,32,,CenterFallback,1,32,0,,,[]
20250720_235108_074,-35,NO_RADIO,32,0,7.748058345160416,0.09000134468078613,0.0045015811920166016,32,,CenterFallback,1,32,0,,,[]
20250720_235108_170,-35,NO_RADIO,32,0,7.748058345160416,0.09688901901245117,0.00474858283996582,32,,CenterFallback,1,32,0,,,[]
20250720_235108_275,-35,NO_RADIO,32,0,7.748058345160416,0.08769750595092773,0.0021829605102539062,32,,CenterFallback,1,32,0,,,[]
20250720_235108_366,-35,NO_RADIO,32,0,7.748058345160416,0.09375548362731934,0.003049135208129883,32,,CenterFallback,1,32,0,,,[]
20250720_235108_465,-35,NO_RADIO,32,0,7.748058345160416,0.09489822387695312,0.00490117073059082,32,,CenterFallback,1,32,0,,,[]
20250720_235108_568,-35,NO_RADIO,32,0,7.748058345160416,0.09941887855529785,0.004107952117919922,32,,CenterFallback,1,32,0,,,[]
20250720_235108_675,-35,NO_RADIO,32,0,7.748058345160416,0.08770108222961426,0.004345417022705078,32,,CenterFallback,1,32,0,,,[]
20250720_235108_770,-35,NO_RADIO,32,0,7.748058345160416,0.08997344970703125,0.004082918167114258,32,,CenterFallback,1,32,0,,,[]
20250720_235108_867,-35,NO_RADIO,32,0,7.748058345160416,0.09700393676757812,0.004355430603027344,32,,CenterFallback,1,32,0,,,[]
20250720_235108_971,-35,NO_RADIO,32,0,7.748058345160416,0.08958601951599121,0.004397392272949219,32,,CenterFallback,1,32,0,,,[]
20250720_235109_069,-35,NO_RADIO,32,0,7.748058345160416,0.09452581405639648,0.00429224967956543,32,,CenterFallback,1,32,0,,,[]
20250720_235109_171,-35,NO_RADIO,32,0,7.748058345160416,0.09602546691894531,0.00405430793762207,32,,CenterFallback,1,32,0,,,[]
20250720_235109_273,-35,NO_RADIO,32,0,7.748058345160416,0.08680868148803711,0.004400730133056641,32,,CenterFallback,1,32,0,,,[]
20250720_235109_367,-35,NO_RADIO,32,0,7.748058345160416,0.08999752998352051,0.001959562301635742,32,,CenterFallback,1,32,0,,,[]
20250720_235109_461,-35,NO_RADIO,32,0,7.748058345160416,0.08998465538024902,0.004470348358154297,32,,CenterFallback,1,32,0,,,[]
20250720_235109_558,-35,NO_RADIO,32,0,7.748058345160416,0.0905754566192627,0.004298686981201172,32,,CenterFallback,1,32,0,,,[]
20250720_235109_656,-35,NO_RADIO,32,0,7.748058345160416,0.08638978004455566,0.004432201385498047,32,,CenterFallback,1,32,0,,,[]
20250720_235109_750,-34,NO_RADIO,32,0,7.747835719638019,0.09828019142150879,0.004355192184448242,32,,CenterFallback,1,32,0,,,[]
20250720_235109_856,-34,NO_RADIO,32,0,7.747835719638019,0.0980081558227539,0.004427909851074219,32,,CenterFallback,1,32,0,,,[]
20250720_235109_960,-34,NO_RADIO,32,0,7.747835719638019,0.09496021270751953,0.002385854721069336,32,,CenterFallback,1,32,0,,,[]
20250720_235110_059,-34,NO_RADIO,32,0,7.747835719638019,0.09741973876953125,0.0041043758392333984,32,,CenterFallback,1,32,0,,,[]
20250720_235110_164,-34,NO_RADIO,32,0,7.747835719638019,0.09732770919799805,0.004464626312255859,32,,CenterFallback,1,32,0,,,[]
20250720_235110_267,-34,NO_RADIO,32,0,7.747835719638019,0.09346127510070801,0.0044062137603759766,32,,CenterFallback,1,32,0,,,[]
20250720_235110_368,-34,NO_RADIO,32,0,7.747835719638019,0.09603285789489746,0.00417017936706543,32,,CenterFallback,1,32,0,,,[]
20250720_235110_471,-34,NO_RADIO,32,0,7.747835719638019,0.0922234058380127,0.004497051239013672,32,,CenterFallback,1,32,0,,,[]
20250720_235110_571,-34,NO_RADIO,32,0,7.747835719638019,0.09493684768676758,0.00399470329284668,32,,CenterFallback,1,32,0,,,[]
20250720_235110_671,-34,NO_RADIO,32,0,7.747835719638019,0.09544157981872559,0.004907846450805664,32,,CenterFallback,1,32,0,,,[]
20250720_235110_775,-34,NO_RADIO,32,0,7.747835719638019,0.09775304794311523,0.0020651817321777344,32,,CenterFallback,1,32,0,,,[]
20250720_235110_876,-34,NO_RADIO,32,0,7.747835719638019,0.10023808479309082,0.0021224021911621094,32,,CenterFallback,1,32,0,,,[]
20250720_235110_980,-34,NO_RADIO,32,0,7.747835719638019,0.08864307403564453,0.0021131038665771484,32,,CenterFallback,1,32,0,,,[]
20250720_235111_072,-34,NO_RADIO,32,0,7.747835719638019,0.0926816463470459,0.0020825862884521484,32,,CenterFallback,1,32,0,,,[]
20250720_235111_168,-34,NO_RADIO,32,0,7.747835719638019,0.08900070190429688,0.002535104751586914,32,,CenterFallback,1,32,0,,,[]
20250720_235111_262,-34,NO_RADIO,32,0,7.747835719638019,0.09576535224914551,0.002084970474243164,32,,CenterFallback,1,32,0,,,[]
20250720_235111_361,-34,NO_RADIO,32,0,7.747835719638019,0.0975039005279541,0.0021436214447021484,32,,CenterFallback,1,32,0,,,[]
20250720_235111_462,-34,NO_RADIO,32,0,7.747835719638019,0.09719395637512207,0.0022270679473876953,32,,CenterFallback,1,32,0,,,[]
20250720_235111_563,-34,NO_RADIO,32,0,7.747835719638019,0.08901643753051758,0.0024116039276123047,32,,CenterFallback,1,32,0,,,[]
20250720_235111_655,-34,51,51,27.6,19.682116568068324,0.09086155891418457,0.0021104812622070312,51,51,YOLO,1,32,0,19.682116568068324,0,[]
20250720_235111_750,-34,NO_RADIO,51,27.6,19.682116568068324,0.09551262855529785,0.0021119117736816406,51,,CenterFallback,1,32,0,,,[]
20250720_235111_849,-34,NO_RADIO,51,27.6,19.682116568068324,0.09287190437316895,0.002106904983520508,51,,CenterFallback,1,32,0,,,[]
20250720_235111_945,-34,NO_RADIO,51,27.6,19.682116568068324,0.09303855895996094,0.002053976058959961,51,,CenterFallback,1,32,0,,,[]
20250720_235112_041,-34,NO_RADIO,51,27.6,19.682116568068324,0.0976865291595459,0.002099275588989258,51,,CenterFallback,1,32,0,,,[]
20250720_235112_142,-34,NO_RADIO,51,27.6,19.682116568068324,0.0869150161743164,0.002127408981323242,51,,CenterFallback,1,32,0,,,[]
20250720_235112_233,-34,NO_RADIO,51,27.6,19.682116568068324,0.09343576431274414,0.003998994827270508,51,,CenterFallback,1,32,0,,,[]
20250720_235112_333,-34,NO_RADIO,51,27.6,19.682116568068324,0.08655858039855957,0.004437923431396484,51,,CenterFallback,1,32,0,,,[]
20250720_235112_427,-34,NO_RADIO,51,27.6,19.682116568068324,0.09331059455871582,0.004404544830322266,51,,CenterFallback,1,32,0,,,[]
20250720_235112_529,-34,NO_RADIO,51,27.6,19.682116568068324,0.09540128707885742,0.004442691802978516,51,,CenterFallback,1,32,0,,,[]
20250720_235112_632,-34,NO_RADIO,51,27.6,19.682116568068324,0.09367203712463379,0.004052877426147461,51,,CenterFallback,1,32,0,,,[]
20250720_235112_732,-34,NO_RADIO,51,27.6,19.682116568068324,0.08632946014404297,0.004507303237915039,51,,CenterFallback,1,32,0,,,[]
20250720_235112_827,-34,NO_RADIO,51,27.6,19.682116568068324,0.08947539329528809,0.0043790340423583984,51,,CenterFallback,1,32,0,,,[]
20250720_235112_924,-34,NO_RADIO,51,27.6,19.682116568068324,0.08901834487915039,0.004393577575683594,51,,CenterFallback,1,32,0,,,[]
20250720_235113_020,-34,NO_RADIO,51,27.6,19.682116568068324,0.09814834594726562,0.004115581512451172,51,,CenterFallback,1,32,0,,,[]
20250720_235113_125,-34,NO_RADIO,51,27.6,19.682116568068324,0.08735179901123047,0.0020418167114257812,51,,CenterFallback,1,32,0,,,[]
20250720_235113_216,-34,NO_RADIO,51,27.6,19.682116568068324,0.0903770923614502,0.0020852088928222656,51,,CenterFallback,1,32,0,,,[]
20250720_235113_310,-34,51,51,27.6,19.682116568068324,0.09494423866271973,0.002165079116821289,51,51,YOLO,1,32,0,19.682116568068324,0,[]
20250720_235113_408,-34,51,51,27.6,19.682116568068324,0.08862733840942383,0.0021848678588867188,51,51,YOLO,1,32,0,19.682116568068324,0,[]
20250720_235113_500,-34,NO_RADIO,51,27.6,19.682116568068324,0.09283137321472168,0.002275705337524414,51,,CenterFallback,1,32,0,,,[]
20250720_235113_597,-34,NO_RADIO,51,27.6,19.682116568068324,0.08817911148071289,0.0020699501037597656,51,,CenterFallback,1,32,0,,,[]
20250720_235113_688,-33,NO_RADIO,51,27.6,20.344345152002944,0.09241199493408203,0.0021033287048339844,51,,CenterFallback,1,32,0,,,[]
20250720_235113_784,-33,NO_RADIO,51,27.6,20.344345152002944,0.09209465980529785,0.004736423492431641,51,,CenterFallback,1,32,0,,,[]
20250720_235113_884,-33,51,51,27.6,20.344345152002944,0.09287858009338379,0.0046575069427490234,51,51,YOLO,1,32,0,20.344345152002944,0,[]
20250720_235113_985,-33,NO_RADIO,51,27.6,20.344345152002944,0.09169268608093262,0.0044977664947509766,51,,CenterFallback,1,32,0,,,[]
20250720_235114_084,-33,NO_RADIO,51,27.6,20.344345152002944,0.0866098403930664,0.004420757293701172,51,,CenterFallback,1,32,0,,,[]
20250720_235114_178,-33,NO_RADIO,51,27.6,20.344345152002944,0.09668326377868652,0.00440216064453125,51,,CenterFallback,1,32,0,,,[]
20250720_235114_282,-33,NO_RADIO,51,27.6,20.344345152002944,0.09800910949707031,0.0047130584716796875,51,,CenterFallback,1,32,0,,,[]
20250720_235114_386,-33,NO_RADIO,51,27.6,20.344345152002944,0.09425640106201172,0.004542827606201172,51,,CenterFallback,1,32,0,,,[]
20250720_235114_487,-33,NO_RADIO,51,27.6,20.344345152002944,0.08884978294372559,0.0041713714599609375,51,,CenterFallback,1,32,0,,,[]
20250720_235114_583,-33,NO_RADIO,51,27.6,20.344345152002944,0.09419608116149902,0.004038333892822266,51,,CenterFallback,1,32,0,,,[]
20250720_235114_684,-33,NO_RADIO,51,27.6,20.344345152002944,0.08817887306213379,0.0045337677001953125,51,,CenterFallback,1,32,0,,,[]
20250720_235114_778,-33,51,51,27.6,20.344345152002944,0.09886455535888672,0.004262685775756836,51,51,YOLO,1,32,0,20.344345152002944,0,[]
20250720_235114_884,-33,NO_RADIO,51,27.6,20.344345152002944,0.09222555160522461,0.004314899444580078,51,,CenterFallback,1,32,0,,,[]
20250720_235114_984,-33,NO_RADIO,51,27.6,20.344345152002944,0.08962082862854004,0.004090785980224609,51,,CenterFallback,1,32,0,,,[]
20250720_235115_081,-33,NO_RADIO,51,27.6,20.344345152002944,0.09585809707641602,0.004385232925415039,51,,CenterFallback,1,32,0,,,[]
20250720_235115_184,-33,NO_RADIO,51,27.6,20.344345152002944,0.08845353126525879,0.004391670227050781,51,,CenterFallback,1,32,0,,,[]
20250720_235115_281,-33,NO_RADIO,51,27.6,20.344345152002944,0.1009054183959961,0.005075931549072266,51,,CenterFallback,1,32,0,,,[]
20250720_235115_390,-33,NO_RADIO,51,27.6,20.344345152002944,0.08784651756286621,0.004378080368041992,51,,CenterFallback,1,32,0,,,[]
20250720_235115_486,-33,NO_RADIO,51,27.6,20.344345152002944,0.10037350654602051,0.003968715667724609,51,,CenterFallback,1,32,0,,,[]
20250720_235115_593,-33,NO_RADIO,51,27.6,20.344345152002944,0.092315673828125,0.00439453125,51,,CenterFallback,1,32,0,,,[]
20250720_235115_693,-33,NO_RADIO,51,27.6,20.344345152002944,0.09730243682861328,0.004385948181152344,51,,CenterFallback,1,32,0,,,[]
20250720_235115_798,-33,NO_RADIO,51,27.6,20.344345152002944,0.09527158737182617,0.0043485164642333984,51,,CenterFallback,1,32,0,,,[]
20250720_235115_901,-33,NO_RADIO,51,27.6,20.344345152002944,0.09412622451782227,0.0043239593505859375,51,,CenterFallback,1,32,0,,,[]
20250720_235116_001,-33,NO_RADIO,51,27.6,20.344345152002944,0.09556198120117188,0.004017829895019531,51,,CenterFallback,1,32,0,,,[]
20250720_235116_103,-33,NO_RADIO,51,27.6,20.344345152002944,0.1010899543762207,0.004346609115600586,51,,CenterFallback,1,32,0,,,[]
20250720_235116_212,-33,NO_RADIO,51,27.6,20.344345152002944,0.09594082832336426,0.004151105880737305,51,,CenterFallback,1,32,0,,,[]
20250720_235116_315,-33,NO_RADIO,51,27.6,20.344345152002944,0.09303808212280273,0.00439763069152832,51,,CenterFallback,1,32,0,,,[]
20250720_235116_416,-33,NO_RADIO,51,27.6,20.344345152002944,0.08730936050415039,0.00417637825012207,51,,CenterFallback,1,32,0,,,[]
20250720_235116_511,-33,NO_RADIO,51,27.6,20.344345152002944,0.08931159973144531,0.004359006881713867,51,,CenterFallback,1,32,0,,,[]
20250720_235116_607,-33,NO_RADIO,51,27.6,20.344345152002944,0.09255552291870117,0.004315614700317383,51,,CenterFallback,1,32,0,,,[]
20250720_235116_707,-33,NO_RADIO,51,27.6,20.344345152002944,0.10562610626220703,0.0045013427734375,51,,CenterFallback,1,32,0,,,[]
20250720_235116_821,-33,NO_RADIO,51,27.6,20.344345152002944,0.09386444091796875,0.0043506622314453125,51,,CenterFallback,1,32,0,,,[]
20250720_235116_922,-33,NO_RADIO,51,27.6,20.344345152002944,0.09038805961608887,0.004334926605224609,51,,CenterFallback,1,32,0,,,[]
20250720_235117_020,-33,NO_RADIO,51,27.6,20.344345152002944,0.09458160400390625,0.0041370391845703125,51,,CenterFallback,1,32,0,,,[]
20250720_235117_122,-33,NO_RADIO,51,27.6,20.344345152002944,0.0967245101928711,0.0044155120849609375,51,,CenterFallback,1,32,0,,,[]
20250720_235117_226,-33,NO_RADIO,51,27.6,20.344345152002944,0.09223365783691406,0.0043752193450927734,51,,CenterFallback,1,32,0,,,[]
20250720_235117_326,-33,NO_RADIO,51,27.6,20.344345152002944,0.09249424934387207,0.00434112548828125,51,,CenterFallback,1,32,0,,,[]
20250720_235117_426,-33,NO_RADIO,51,27.6,20.344345152002944,0.08875703811645508,0.004046201705932617,51,,CenterFallback,1,32,0,,,[]
20250720_235117_521,-33,NO_RADIO,51,27.6,20.344345152002944,0.0973055362701416,0.004497051239013672,51,,CenterFallback,1,32,0,,,[]
20250720_235117_627,-33,NO_RADIO,51,27.6,20.344345152002944,0.08851265907287598,0.004181385040283203,51,,CenterFallback,1,32,0,,,[]
20250720_235117_722,-32,NO_RADIO,51,27.6,20.05073723451256,0.09363269805908203,0.0044558048248291016,51,,CenterFallback,1,32,0,,,[]
20250720_235117_823,-32,NO_RADIO,51,27.6,20.05073723451256,0.09900140762329102,0.003911256790161133,51,,CenterFallback,1,32,0,,,[]
20250720_235117_929,-32,NO_RADIO,51,27.6,20.05073723451256,0.09462714195251465,0.0043182373046875,51,,CenterFallback,1,32,0,,,[]
20250720_235118_031,-32,NO_RADIO,51,27.6,20.05073723451256,0.09603166580200195,0.004431009292602539,51,,CenterFallback,1,32,0,,,[]
20250720_235118_135,-32,NO_RADIO,51,27.6,20.05073723451256,0.09717535972595215,0.00426793098449707,51,,CenterFallback,1,32,0,,,[]
20250720_235118_240,-32,NO_RADIO,51,27.6,20.05073723451256,0.09414958953857422,0.004402875900268555,51,,CenterFallback,1,32,0,,,[]
20250720_235118_341,-32,NO_RADIO,51,27.6,20.05073723451256,0.09294748306274414,0.004070758819580078,51,,CenterFallback,1,32,0,,,[]
20250720_235118_441,-32,NO_RADIO,51,27.6,20.05073723451256,0.0909891128540039,0.004560708999633789,51,,CenterFallback,1,32,0,,,[]
20250720_235118_540,-32,NO_RADIO,51,27.6,20.05073723451256,0.09827637672424316,0.0044498443603515625,51,,CenterFallback,1,32,0,,,[]
20250720_235118_646,-32,NO_RADIO,51,27.6,20.05073723451256,0.10049271583557129,0.004366159439086914,51,,CenterFallback,1,32,0,,,[]
20250720_235118_754,-32,NO_RADIO,51,27.6,20.05073723451256,0.09463214874267578,0.0045087337493896484,51,,CenterFallback,1,32,0,,,[]
20250720_235118_856,-32,NO_RADIO,51,27.6,20.05073723451256,0.10133981704711914,0.004311561584472656,51,,CenterFallback,1,32,0,,,[]
20250720_235118_965,-32,NO_RADIO,51,27.6,20.05073723451256,0.08987045288085938,0.004450559616088867,51,,CenterFallback,1,32,0,,,[]
20250720_235119_063,-32,NO_RADIO,51,27.6,20.05073723451256,0.09118986129760742,0.004391908645629883,51,,CenterFallback,1,32,0,,,[]
20250720_235119_161,-32,NO_RADIO,51,27.6,20.05073723451256,0.09136199951171875,0.004393100738525391,51,,CenterFallback,1,32,0,,,[]
20250720_235119_260,-32,NO_RADIO,51,27.6,20.05073723451256,0.09218192100524902,0.0041162967681884766,51,,CenterFallback,1,32,0,,,[]
20250720_235119_358,-32,NO_RADIO,51,27.6,20.05073723451256,0.09777998924255371,0.004356861114501953,51,,CenterFallback,1,32,0,,,[]
20250720_235119_463,-32,NO_RADIO,51,27.6,20.05073723451256,0.09014606475830078,0.0044040679931640625,51,,CenterFallback,1,32,0,,,[]
20250720_235119_561,-32,NO_RADIO,51,27.6,20.05073723451256,0.08582711219787598,0.0043866634368896484,51,,CenterFallback,1,32,0,,,[]
20250720_235119_654,-32,NO_RADIO,51,27.6,20.05073723451256,0.09234976768493652,0.004353523254394531,51,,CenterFallback,1,32,0,,,[]
20250720_235119_754,-32,NO_RADIO,51,27.6,20.05073723451256,0.0900874137878418,0.004412412643432617,51,,CenterFallback,1,32,0,,,[]
20250720_235119_852,-32,NO_RADIO,51,27.6,20.05073723451256,0.09646034240722656,0.00438690185546875,51,,CenterFallback,1,32,0,,,[]
20250720_235119_956,-32,NO_RADIO,51,27.6,20.05073723451256,0.09023594856262207,0.004396677017211914,51,,CenterFallback,1,32,0,,,[]
20250720_235120_054,-32,NO_RADIO,51,27.6,20.05073723451256,0.09189844131469727,0.004341602325439453,51,,CenterFallback,1,32,0,,,[]
20250720_235120_153,-32,NO_RADIO,51,27.6,20.05073723451256,0.09587430953979492,0.0038356781005859375,51,,CenterFallback,1,32,0,,,[]
20250720_235120_254,-32,NO_RADIO,51,27.6,20.05073723451256,0.09432125091552734,0.0045125484466552734,51,,CenterFallback,1,32,0,,,[]
20250720_235120_356,-32,NO_RADIO,51,27.6,20.05073723451256,0.0947275161743164,0.004407167434692383,51,,CenterFallback,1,32,0,,,[]
20250720_235120_459,-32,NO_RADIO,51,27.6,20.05073723451256,0.10097050666809082,0.004498720169067383,51,,CenterFallback,1,32,0,,,[]
20250720_235120_568,-32,NO_RADIO,51,27.6,20.05073723451256,0.09450578689575195,0.004435539245605469,51,,CenterFallback,1,32,0,,,[]
20250720_235120_670,-32,NO_RADIO,51,27.6,20.05073723451256,0.09427452087402344,0.004698991775512695,51,,CenterFallback,1,32,0,,,[]
20250720_235120_772,-32,NO_RADIO,51,27.6,20.05073723451256,0.0954127311706543,0.004350900650024414,51,,CenterFallback,1,32,0,,,[]
20250720_235120_875,-32,NO_RADIO,51,27.6,20.05073723451256,0.08839821815490723,0.0044133663177490234,51,,CenterFallback,1,32,0,,,[]
20250720_235120_971,-32,NO_RADIO,51,27.6,20.05073723451256,0.08981919288635254,0.0043506622314453125,51,,CenterFallback,1,32,0,,,[]
20250720_235121_067,-32,NO_RADIO,51,27.6,20.05073723451256,0.08885312080383301,0.004413127899169922,51,,CenterFallback,1,32,0,,,[]
20250720_235121_163,-32,NO_RADIO,51,27.6,20.05073723451256,0.09557652473449707,0.00441288948059082,51,,CenterFallback,1,32,0,,,[]
20250720_235121_266,-32,NO_RADIO,51,27.6,20.05073723451256,0.09433484077453613,0.00439000129699707,51,,CenterFallback,1,32,0,,,[]
20250720_235121_368,-32,NO_RADIO,51,27.6,20.05073723451256,0.09170389175415039,0.004414796829223633,51,,CenterFallback,1,32,0,,,[]
20250720_235121_467,-32,NO_RADIO,51,27.6,20.05073723451256,0.0904531478881836,0.0042726993560791016,51,,CenterFallback,1,32,0,,,[]
20250720_235121_565,-32,NO_RADIO,51,27.6,20.05073723451256,0.09981369972229004,0.0043528079986572266,51,,CenterFallback,1,32,0,,,[]
20250720_235121_672,-32,NO_RADIO,51,27.6,20.05073723451256,0.08812904357910156,0.004443645477294922,51,,CenterFallback,1,32,0,,,[]
20250720_235121_769,-31,NO_RADIO,51,27.6,20.53557951269317,0.09428644180297852,0.004349946975708008,51,,CenterFallback,1,32,0,,,[]
20250720_235121_869,-31,NO_RADIO,51,27.6,20.53557951269317,0.09642744064331055,0.004236698150634766,51,,CenterFallback,1,32,0,,,[]
20250720_235121_973,-31,NO_RADIO,51,27.6,20.53557951269317,0.09398818016052246,0.004454374313354492,51,,CenterFallback,1,32,0,,,[]
20250720_235122_075,-31,51,51,27.6,20.53557951269317,0.09216761589050293,0.004353523254394531,51,51,YOLO,1,32,0,20.53557951269317,0,[]
20250720_235122_174,-31,51,51,27.6,20.53557951269317,0.1012716293334961,0.004396677017211914,51,51,YOLO,1,32,0,20.53557951269317,0,[]
20250720_235122_283,-31,51,51,27.6,20.53557951269317,0.09842085838317871,0.004477262496948242,51,51,YOLO,1,32,0,20.53557951269317,0,[]
20250720_235122_389,-31,51,51,27.6,20.53557951269317,0.09464311599731445,0.0043087005615234375,51,51,YOLO,1,32,0,20.53557951269317,0,[]
20250720_235122_490,-31,51,51,27.6,20.53557951269317,0.09252142906188965,0.003975629806518555,51,51,YOLO,1,32,0,20.53557951269317,0,[]
20250720_235122_589,-31,51,51,27.6,20.53557951269317,0.10409164428710938,0.00438237190246582,51,51,YOLO,1,32,0,20.53557951269317,0,[]
20250720_235122_701,-31,51,51,27.6,20.53557951269317,0.0936880111694336,0.0043909549713134766,51,51,YOLO,1,32,0,20.53557951269317,0,[]
20250720_235122_802,-31,51,51,27.6,20.53557951269317,0.09100961685180664,0.004271745681762695,51,51,YOLO,1,32,0,20.53557951269317,0,[]
20250720_235122_901,-31,51,51,27.6,20.53557951269317,0.09236359596252441,0.004331350326538086,51,51,YOLO,1,32,0,20.53557951269317,0,[]
20250720_235123_000,-31,51,51,27.6,20.53557951269317,0.09210515022277832,0.0039670467376708984,51,51,YOLO,1,32,0,20.53557951269317,0,[]
20250720_235123_099,-31,51,51,27.6,20.53557951269317,0.09219241142272949,0.004401683807373047,51,51,YOLO,1,32,0,20.53557951269317,0,[]
20250720_235123_199,-31,51,51,27.6,20.53557951269317,0.09222197532653809,0.004231452941894531,51,51,YOLO,1,32,0,20.53557951269317,0,[]
20250720_235123_299,-31,51,51,27.6,20.53557951269317,0.09104800224304199,0.004272937774658203,51,51,YOLO,1,32,0,20.53557951269317,0,[]
20250720_235123_397,-31,51,51,27.6,20.53557951269317,0.09151458740234375,0.00438380241394043,51,51,YOLO,1,32,0,20.53557951269317,0,[]
20250720_235123_496,-31,51,51,27.6,20.53557951269317,0.10034465789794922,0.004393577575683594,51,51,YOLO,1,32,0,20.53557951269317,0,[]
20250720_235123_604,-31,51,51,27.6,20.53557951269317,0.1003272533416748,0.0040645599365234375,51,51,YOLO,1,32,0,20.53557951269317,0,[]
20250720_235123_712,-31,51,51,27.6,20.53557951269317,0.09848237037658691,0.004354000091552734,51,51,YOLO,1,32,0,20.53557951269317,0,[]
20250720_235123_816,-31,51,51,27.6,20.53557951269317,0.10003113746643066,0.004471778869628906,51,51,YOLO,1,32,0,20.53557951269317,0,[]
20250720_235123_924,-31,51,51,27.6,20.53557951269317,0.09174346923828125,0.0043523311614990234,51,51,YOLO,1,32,0,20.53557951269317,0,[]
20250720_235124_023,-31,51,51,27.6,20.53557951269317,0.09470796585083008,0.004277706146240234,51,51,YOLO,1,32,0,20.53557951269317,0,[]
20250720_235124_125,-31,51,51,27.6,20.53557951269317,0.09897804260253906,0.0043447017669677734,51,51,YOLO,1,32,0,20.53557951269317,0,[]
20250720_235124_232,-31,51,51,27.6,20.53557951269317,0.1002194881439209,0.004319667816162109,51,51,YOLO,1,32,0,20.53557951269317,0,[]
20250720_235124_339,-31,51,51,27.6,20.53557951269317,0.09779906272888184,0.004522800445556641,51,51,YOLO,1,32,0,20.53557951269317,0,[]
20250720_235124_445,-31,51,51,27.6,20.53557951269317,0.09979033470153809,0.004259347915649414,51,51,YOLO,1,32,0,20.53557951269317,0,[]
20250720_235124_552,-31,51,51,27.6,20.53557951269317,0.09255456924438477,0.00434112548828125,51,51,YOLO,1,32,0,20.53557951269317,0,[]
20250720_235124_652,-31,51,51,27.6,20.53557951269317,0.10097289085388184,0.004336118698120117,51,51,YOLO,1,32,0,20.53557951269317,0,[]
20250720_235124_761,-31,51,51,27.6,20.53557951269317,0.10143017768859863,0.004341840744018555,51,51,YOLO,1,32,0,20.53557951269317,0,[]
20250720_235124_869,-31,51,51,27.6,20.53557951269317,0.09909939765930176,0.004271030426025391,51,51,YOLO,1,32,0,20.53557951269317,0,[]
20250720_235124_975,-31,51,51,27.6,20.53557951269317,0.0978081226348877,0.00436711311340332,51,51,YOLO,1,32,0,20.53557951269317,0,[]
20250720_235125_080,-31,51,51,27.6,20.53557951269317,0.1017463207244873,0.004373073577880859,51,51,YOLO,1,32,0,20.53557951269317,0,[]
20250720_235125_189,-31,51,51,27.6,20.53557951269317,0.09256505966186523,0.004378557205200195,51,51,YOLO,1,32,0,20.53557951269317,0,[]
20250720_235125_289,-31,51,51,27.6,20.53557951269317,0.09819555282592773,0.0043523311614990234,51,51,YOLO,1,32,0,20.53557951269317,0,[]
20250720_235125_395,-31,51,51,27.6,20.53557951269317,0.09722208976745605,0.004318714141845703,51,51,YOLO,1,32,0,20.53557951269317,0,[]
20250720_235125_500,-31,51,51,27.6,20.53557951269317,0.09825491905212402,0.00437474250793457,51,51,YOLO,1,32,0,20.53557951269317,0,[]
20250720_235125_604,-31,51,51,27.6,20.53557951269317,0.09209990501403809,0.0041239261627197266,51,51,YOLO,1,32,0,20.53557951269317,0,[]
20250720_235125_703,-30,51,51,27.6,19.539869176009503,0.09155988693237305,0.00426936149597168,51,51,YOLO,1,32,0,19.539869176009503,0,[]
20250720_235125_802,-30,51,51,27.6,19.539869176009503,0.0941915512084961,0.004118442535400391,51,51,YOLO,1,32,0,19.539869176009503,0,[]
20250720_235125_903,-30,51,51,27.6,19.539869176009503,0.10797858238220215,0.0039539337158203125,51,51,YOLO,1,32,0,19.539869176009503,0,[]
20250720_235126_018,-30,51,51,27.6,19.539869176009503,0.09882116317749023,0.004297494888305664,51,51,YOLO,1,32,0,19.539869176009503,0,[]
20250720_235126_124,-30,50,50,26.1,20.16422311447306,0.10123348236083984,0.004377603530883789,50,50,YOLO,1,32,0,20.16422311447306,0,[]
20250720_235126_233,-30,51,51,27.6,19.539869176009503,0.08916115760803223,0.004187345504760742,51,51,YOLO,1,32,0,19.539869176009503,0,[]
20250720_235126_330,-30,50,50,26.1,20.16422311447306,0.10179686546325684,0.0043506622314453125,50,50,YOLO,1,32,0,20.16422311447306,0,[]
20250720_235126_439,-30,50,50,26.1,20.16422311447306,0.08931827545166016,0.004394054412841797,50,50,YOLO,1,32,0,20.16422311447306,0,[]
20250720_235126_536,-30,51,51,27.6,19.539869176009503,0.09798240661621094,0.0043642520904541016,51,51,YOLO,1,32,0,19.539869176009503,0,[]
20250720_235126_641,-30,51,51,27.6,19.539869176009503,0.12596368789672852,0.004627704620361328,51,51,YOLO,1,32,0,19.539869176009503,0,[]
20250720_235126_775,-30,51,51,27.6,19.539869176009503,0.09105038642883301,0.004410266876220703,51,51,YOLO,1,32,0,19.539869176009503,0,[]
20250720_235126_874,-30,50,50,26.1,20.16422311447306,0.09186482429504395,0.004296064376831055,50,50,YOLO,1,32,0,20.16422311447306,0,[]
20250720_235126_973,-30,50,50,26.1,20.16422311447306,0.09154510498046875,0.004599571228027344,50,50,YOLO,1,32,0,20.16422311447306,0,[]
20250720_235127_073,-30,51,51,27.6,19.539869176009503,0.0948331356048584,0.004347801208496094,51,51,YOLO,1,32,0,19.539869176009503,0,[]
20250720_235127_175,-30,51,51,27.6,19.539869176009503,0.09853720664978027,0.00447845458984375,51,51,YOLO,1,32,0,19.539869176009503,0,[]
20250720_235127_281,-30,50,50,26.1,20.16422311447306,0.10257816314697266,0.005318880081176758,50,50,YOLO,1,32,0,20.16422311447306,0,[]
20250720_235127_392,-30,51,51,27.6,19.539869176009503,0.0978093147277832,0.004315376281738281,51,51,YOLO,1,32,0,19.539869176009503,0,[]
20250720_235127_498,-30,51,51,27.6,19.539869176009503,0.09392714500427246,0.00423121452331543,51,51,YOLO,1,32,0,19.539869176009503,0,[]
20250720_235127_599,-30,51,51,27.6,19.539869176009503,0.09587979316711426,0.004355669021606445,51,51,YOLO,1,32,0,19.539869176009503,0,[]
20250720_235127_703,-30,51,51,27.6,19.539869176009503,0.09974479675292969,0.0044443607330322266,51,51,YOLO,1,32,0,19.539869176009503,0,[]
20250720_235127_810,-30,50,50,26.1,20.16422311447306,0.09758257865905762,0.00432896614074707,50,50,YOLO,1,32,0,20.16422311447306,0,[]
20250720_235127_915,-30,50,50,26.1,20.16422311447306,0.1079568862915039,0.004148006439208984,50,50,YOLO,1,32,0,20.16422311447306,0,[]
20250720_235128_030,-30,51,51,27.6,19.539869176009503,0.10605382919311523,0.004084348678588867,51,51,YOLO,1,32,0,19.539869176009503,0,[]
20250720_235128_144,-30,51,51,27.6,19.539869176009503,0.08874320983886719,0.004315853118896484,51,51,YOLO,1,32,0,19.539869176009503,0,[]
20250720_235128_240,-30,51,51,27.6,19.539869176009503,0.10003471374511719,0.003983497619628906,51,51,YOLO,1,32,0,19.539869176009503,0,[]
20250720_235128_347,-30,51,51,27.6,19.539869176009503,0.09332489967346191,0.004364013671875,51,51,YOLO,1,32,0,19.539869176009503,0,[]
20250720_235128_448,-30,51,51,27.6,19.539869176009503,0.09984397888183594,0.004298686981201172,51,51,YOLO,1,32,0,19.539869176009503,0,[]
20250720_235128_554,-30,51,51,27.6,19.539869176009503,0.10587549209594727,0.0044400691986083984,51,51,YOLO,1,32,0,19.539869176009503,0,[]
20250720_235128_667,-30,50,50,26.1,20.16422311447306,0.09610748291015625,0.0043370723724365234,50,50,YOLO,1,32,0,20.16422311447306,0,[]
20250720_235128_771,-30,51,51,27.6,19.539869176009503,0.09161138534545898,0.004644870758056641,51,51,YOLO,1,32,0,19.539869176009503,0,[]
20250720_235128_870,-30,51,51,27.6,19.539869176009503,0.10045337677001953,0.004305124282836914,51,51,YOLO,1,32,0,19.539869176009503,0,[]
20250720_235128_978,-30,51,51,27.6,19.539869176009503,0.09766840934753418,0.004424333572387695,51,51,YOLO,1,32,0,19.539869176009503,0,[]
20250720_235129_084,-30,51,51,27.6,19.539869176009503,0.09346842765808105,0.004327058792114258,51,51,YOLO,1,32,0,19.539869176009503,0,[]
20250720_235129_185,-30,51,51,27.6,19.539869176009503,0.09587240219116211,0.004328012466430664,51,51,YOLO,1,32,0,19.539869176009503,0,[]
20250720_235129_288,-30,51,51,27.6,19.539869176009503,0.09162545204162598,0.004400491714477539,51,51,YOLO,1,32,0,19.539869176009503,0,[]
20250720_235129_388,-30,51,51,27.6,19.539869176009503,0.10251307487487793,0.004369497299194336,51,51,YOLO,1,32,0,19.539869176009503,0,[]
20250720_235129_498,-30,51,51,27.6,19.539869176009503,0.09178853034973145,0.004214763641357422,51,51,YOLO,1,32,0,19.539869176009503,0,[]
20250720_235129_598,-30,51,51,27.6,19.539869176009503,0.08959507942199707,0.004324436187744141,51,51,YOLO,1,32,0,19.539869176009503,0,[]
20250720_235129_695,-29,51,51,27.6,18.956136952667435,0.08893847465515137,0.004334688186645508,51,51,YOLO,1,32,0,18.956136952667435,0,[]
20250720_235129_791,-29,51,51,27.6,18.956136952667435,0.10392022132873535,0.0043642520904541016,51,51,YOLO,1,32,0,18.956136952667435,0,[]
20250720_235129_903,-29,50,50,26.1,19.98581286382988,0.08945441246032715,0.004325389862060547,50,50,YOLO,1,32,0,19.98581286382988,0,[]
20250720_235129_999,-29,50,50,26.1,19.98581286382988,0.09873604774475098,0.004275321960449219,50,50,YOLO,1,32,0,19.98581286382988,0,[]
20250720_235130_106,-29,NO_RADIO,50,26.1,19.98581286382988,0.09542179107666016,0.004333972930908203,50,,CenterFallback,1,32,0,,,[]
20250720_235130_208,-29,50,50,26.1,19.98581286382988,0.0952293872833252,0.004628896713256836,50,50,YOLO,1,32,0,19.98581286382988,0,[]
20250720_235130_312,-29,50,50,26.1,19.98581286382988,0.09644675254821777,0.00434422492980957,50,50,YOLO,1,32,0,19.98581286382988,0,[]
20250720_235130_415,-29,NO_RADIO,50,26.1,19.98581286382988,0.09702181816101074,0.004791259765625,50,,CenterFallback,1,32,0,,,[]
20250720_235130_520,-29,50,50,26.1,19.98581286382988,0.1011965274810791,0.0043714046478271484,50,50,YOLO,1,32,0,19.98581286382988,0,[]
20250720_235130_629,-29,50,50,26.1,19.98581286382988,0.10227370262145996,0.0042781829833984375,50,50,YOLO,1,32,0,19.98581286382988,0,[]
20250720_235130_738,-29,50,50,26.1,19.98581286382988,0.09192967414855957,0.004483222961425781,50,50,YOLO,1,32,0,19.98581286382988,0,[]
20250720_235130_838,-29,50,50,26.1,19.98581286382988,0.09240865707397461,0.004287242889404297,50,50,YOLO,1,32,0,19.98581286382988,0,[]
20250720_235130_938,-29,50,50,26.1,19.98581286382988,0.09501218795776367,0.004203319549560547,50,50,YOLO,1,32,0,19.98581286382988,0,[]
20250720_235131_040,-29,50,50,26.1,19.98581286382988,0.09326910972595215,0.004031658172607422,50,50,YOLO,1,32,0,19.98581286382988,0,[]
20250720_235131_140,-29,50,50,26.1,19.98581286382988,0.10353755950927734,0.0044040679931640625,50,50,YOLO,1,32,0,19.98581286382988,0,[]
20250720_235131_250,-29,50,50,26.1,19.98581286382988,0.09825420379638672,0.004407644271850586,50,50,YOLO,1,32,0,19.98581286382988,0,[]
20250720_235131_356,-29,50,50,26.1,19.98581286382988,0.10347247123718262,0.0043408870697021484,50,50,YOLO,1,32,0,19.98581286382988,0,[]
20250720_235131_467,-29,50,50,26.1,19.98581286382988,0.09415483474731445,0.004511594772338867,50,50,YOLO,1,32,0,19.98581286382988,0,[]
20250720_235131_569,-29,50,50,26.1,19.98581286382988,0.09591197967529297,0.004331111907958984,50,50,YOLO,1,32,0,19.98581286382988,0,[]
20250720_235131_672,-29,50,50,26.1,19.98581286382988,0.0948936939239502,0.004379987716674805,50,50,YOLO,1,32,0,19.98581286382988,0,[]
20250720_235131_775,-29,50,50,26.1,19.98581286382988,0.09475469589233398,0.004366636276245117,50,50,YOLO,1,32,0,19.98581286382988,0,[]
20250720_235131_877,-29,50,50,26.1,19.98581286382988,0.09165239334106445,0.004306793212890625,50,50,YOLO,1,32,0,19.98581286382988,0,[]
20250720_235131_976,-29,50,50,26.1,19.98581286382988,0.09377169609069824,0.004315853118896484,50,50,YOLO,1,32,0,19.98581286382988,0,[]
20250720_235132_077,-29,50,50,26.1,19.98581286382988,0.08932828903198242,0.004350185394287109,50,50,YOLO,1,32,0,19.98581286382988,0,[]
20250720_235132_174,-29,50,50,26.1,19.98581286382988,0.09556031227111816,0.00437617301940918,50,50,YOLO,1,32,0,19.98581286382988,0,[]
20250720_235132_276,-29,50,50,26.1,19.98581286382988,0.09247684478759766,0.00436854362487793,50,50,YOLO,1,32,0,19.98581286382988,0,[]
20250720_235132_376,-29,50,50,26.1,19.98581286382988,0.08981037139892578,0.004439592361450195,50,50,YOLO,1,32,0,19.98581286382988,0,[]
20250720_235132_473,-29,50,50,26.1,19.98581286382988,0.08971285820007324,0.004560947418212891,50,50,YOLO,1,32,0,19.98581286382988,0,[]
20250720_235132_571,-29,50,50,26.1,19.98581286382988,0.09370684623718262,0.004285097122192383,50,50,YOLO,1,32,0,19.98581286382988,0,[]
20250720_235132_672,-29,50,50,26.1,19.98581286382988,0.10559606552124023,0.0043239593505859375,50,50,YOLO,1,32,0,19.98581286382988,0,[]
20250720_235132_785,-29,50,50,26.1,19.98581286382988,0.08992671966552734,0.004374980926513672,50,50,YOLO,1,32,0,19.98581286382988,0,[]
20250720_235132_883,-29,50,50,26.1,19.98581286382988,0.09652209281921387,0.004264354705810547,50,50,YOLO,1,32,0,19.98581286382988,0,[]
20250720_235132_986,-29,50,50,26.1,19.98581286382988,0.09901213645935059,0.004146099090576172,50,50,YOLO,1,32,0,19.98581286382988,0,[]
20250720_235133_093,-29,50,50,26.1,19.98581286382988,0.09113478660583496,0.004350185394287109,50,50,YOLO,1,32,0,19.98581286382988,0,[]
20250720_235133_191,-29,50,50,26.1,19.98581286382988,0.09386277198791504,0.004186153411865234,50,50,YOLO,1,32,0,19.98581286382988,0,[]
20250720_235133_293,-29,50,50,26.1,19.98581286382988,0.09983277320861816,0.0039556026458740234,50,50,YOLO,1,32,0,19.98581286382988,0,[]
20250720_235133_400,-29,50,50,26.1,19.98581286382988,0.09818696975708008,0.0044519901275634766,50,50,YOLO,1,32,0,19.98581286382988,0,[]
20250720_235133_506,-29,50,50,26.1,19.98581286382988,0.09238052368164062,0.004342079162597656,50,50,YOLO,1,32,0,19.98581286382988,0,[]
20250720_235133_605,-29,50,50,26.1,19.98581286382988,0.09318304061889648,0.00425410270690918,50,50,YOLO,1,32,0,19.98581286382988,0,[]
20250720_235133_706,-28,NO_RADIO,50,26.1,19.579450919391192,0.09540224075317383,0.0043599605560302734,50,,CenterFallback,1,32,0,,,[]
20250720_235133_809,-28,50,50,26.1,19.579450919391192,0.09421515464782715,0.004352092742919922,50,50,YOLO,1,32,0,19.579450919391192,0,[]
20250720_235133_910,-28,50,50,26.1,19.579450919391192,0.09924602508544922,0.004095315933227539,50,50,YOLO,1,32,0,19.579450919391192,0,[]
20250720_235134_017,-28,49,49,24.7,20.29729016007778,0.09650015830993652,0.004350185394287109,49,49,YOLO,1,32,0,20.29729016007778,0,[]
20250720_235134_121,-28,49,49,24.7,20.29729016007778,0.10511612892150879,0.004303693771362305,49,49,YOLO,1,32,0,20.29729016007778,0,[]
20250720_235134_233,-28,49,49,24.7,20.29729016007778,0.0934140682220459,0.0043523311614990234,49,49,YOLO,1,32,0,20.29729016007778,0,[]
20250720_235134_333,-28,49,49,24.7,20.29729016007778,0.0955960750579834,0.004279613494873047,49,49,YOLO,1,32,0,20.29729016007778,0,[]
20250720_235134_436,-28,49,49,24.7,20.29729016007778,0.1017465591430664,0.004306793212890625,49,49,YOLO,1,32,0,20.29729016007778,0,[]
20250720_235134_545,-28,49,49,24.7,20.29729016007778,0.08994817733764648,0.004359722137451172,49,49,YOLO,1,32,0,20.29729016007778,0,[]
20250720_235134_642,-28,49,49,24.7,20.29729016007778,0.09256935119628906,0.0042650699615478516,49,49,YOLO,1,32,0,20.29729016007778,0,[]
20250720_235134_742,-28,49,49,24.7,20.29729016007778,0.08915972709655762,0.004330158233642578,49,49,YOLO,1,32,0,20.29729016007778,0,[]
20250720_235134_839,-28,49,49,24.7,20.29729016007778,0.09089088439941406,0.003965616226196289,49,49,YOLO,1,32,0,20.29729016007778,0,[]
20250720_235134_937,-28,49,49,24.7,20.29729016007778,0.0984349250793457,0.004344940185546875,49,49,YOLO,1,32,0,20.29729016007778,0,[]
20250720_235135_043,-28,49,49,24.7,20.29729016007778,0.09227228164672852,0.0042650699615478516,49,49,YOLO,1,32,0,20.29729016007778,0,[]
20250720_235135_143,-28,49,49,24.7,20.29729016007778,0.09223365783691406,0.004008293151855469,49,49,YOLO,1,32,0,20.29729016007778,0,[]
20250720_235135_242,-28,49,49,24.7,20.29729016007778,0.09694194793701172,0.0042879581451416016,49,49,YOLO,1,32,0,20.29729016007778,0,[]
20250720_235135_346,-28,49,49,24.7,20.29729016007778,0.08890199661254883,0.004334688186645508,49,49,YOLO,1,32,0,20.29729016007778,0,[]
20250720_235135_443,-28,49,49,24.7,20.29729016007778,0.08868217468261719,0.004260063171386719,49,49,YOLO,1,32,0,20.29729016007778,0,[]
20250720_235135_539,-28,49,49,24.7,20.29729016007778,0.09236979484558105,0.00435185432434082,49,49,YOLO,1,32,0,20.29729016007778,0,[]
20250720_235135_639,-28,49,49,24.7,20.29729016007778,0.09302544593811035,0.004168272018432617,49,49,YOLO,1,32,0,20.29729016007778,0,[]
20250720_235135_739,-28,49,49,24.7,20.29729016007778,0.09390091896057129,0.004323482513427734,49,49,YOLO,1,32,0,20.29729016007778,0,[]
20250720_235135_841,-28,49,49,24.7,20.29729016007778,0.09934496879577637,0.003923177719116211,49,49,YOLO,1,32,0,20.29729016007778,0,[]
20250720_235135_947,-28,49,49,24.7,20.29729016007778,0.09572386741638184,0.0042934417724609375,49,49,YOLO,1,32,0,20.29729016007778,0,[]
20250720_235136_050,-28,49,49,24.7,20.29729016007778,0.09578061103820801,0.004002571105957031,49,49,YOLO,1,32,0,20.29729016007778,0,[]
20250720_235136_153,-28,49,49,24.7,20.29729016007778,0.09775805473327637,0.004402637481689453,49,49,YOLO,1,32,0,20.29729016007778,0,[]
20250720_235136_258,-28,49,49,24.7,20.29729016007778,0.0957024097442627,0.003523588180541992,49,49,YOLO,1,32,0,20.29729016007778,0,[]
20250720_235136_359,-28,49,49,24.7,20.29729016007778,0.09486079216003418,0.004367351531982422,49,49,YOLO,1,32,0,20.29729016007778,0,[]
20250720_235136_461,-28,49,49,24.7,20.29729016007778,0.09944725036621094,0.0045642852783203125,49,49,YOLO,1,32,0,20.29729016007778,0,[]
20250720_235136_568,-28,49,49,24.7,20.29729016007778,0.0942537784576416,0.004461765289306641,49,49,YOLO,1,32,0,20.29729016007778,0,[]
20250720_235136_670,-28,49,49,24.7,20.29729016007778,0.09982967376708984,0.0043752193450927734,49,49,YOLO,1,32,0,20.29729016007778,0,[]
20250720_235136_778,-28,49,49,24.7,20.29729016007778,0.09190487861633301,0.004397153854370117,49,49,YOLO,1,32,0,20.29729016007778,0,[]
20250720_235136_878,-28,50,50,26.1,19.579450919391192,0.09257292747497559,0.004358530044555664,50,50,YOLO,1,32,0,19.579450919391192,0,[]
20250720_235136_978,-28,50,50,26.1,19.579450919391192,0.09709811210632324,0.0043947696685791016,50,50,YOLO,1,32,0,19.579450919391192,0,[]
20250720_235137_083,-28,50,50,26.1,19.579450919391192,0.0910332202911377,0.00433659553527832,50,50,YOLO,1,32,0,19.579450919391192,0,[]
20250720_235137_181,-28,50,50,26.1,19.579450919391192,0.08860588073730469,0.004799604415893555,50,50,YOLO,1,32,0,19.579450919391192,0,[]
20250720_235137_278,-28,50,50,26.1,19.579450919391192,0.09039831161499023,0.004380464553833008,50,50,YOLO,1,32,0,19.579450919391192,0,[]
20250720_235137_376,-28,50,50,26.1,19.579450919391192,0.09331035614013672,0.0044574737548828125,50,50,YOLO,1,32,0,19.579450919391192,0,[]
20250720_235137_475,-28,50,50,26.1,19.579450919391192,0.09216523170471191,0.004273891448974609,50,50,YOLO,1,32,0,19.579450919391192,0,[]
20250720_235137_575,-28,50,50,26.1,19.579450919391192,0.09821629524230957,0.004374027252197266,50,50,YOLO,1,32,0,19.579450919391192,0,[]
20250720_235137_679,-27,50,50,26.1,18.84561229096579,0.09616565704345703,0.004119396209716797,50,50,YOLO,1,32,0,18.84561229096579,0,[]
20250720_235137_782,-27,50,50,26.1,18.84561229096579,0.09981751441955566,0.0044097900390625,50,50,YOLO,1,32,0,18.84561229096579,0,[]
20250720_235137_890,-27,49,49,24.7,19.926110779462466,0.09239006042480469,0.00433349609375,49,49,YOLO,1,32,0,19.926110779462466,0,[]
20250720_235137_990,-27,49,49,24.7,19.926110779462466,0.1004033088684082,0.004417896270751953,49,49,YOLO,1,32,0,19.926110779462466,0,[]
20250720_235138_098,-27,49,49,24.7,19.926110779462466,0.1036081314086914,0.004416227340698242,49,49,YOLO,1,32,0,19.926110779462466,0,[]
20250720_235138_209,-27,49,49,24.7,19.926110779462466,0.09071135520935059,0.004412174224853516,49,49,YOLO,1,32,0,19.926110779462466,0,[]
20250720_235138_307,-27,49,49,24.7,19.926110779462466,0.09021663665771484,0.003963470458984375,49,49,YOLO,1,32,0,19.926110779462466,0,[]
20250720_235138_405,-27,49,49,24.7,19.926110779462466,0.10251283645629883,0.003950595855712891,49,49,YOLO,1,32,0,19.926110779462466,0,[]
20250720_235138_514,-27,49,49,24.7,19.926110779462466,0.0963602066040039,0.004382610321044922,49,49,YOLO,1,32,0,19.926110779462466,0,[]
20250720_235138_618,-27,49,49,24.7,19.926110779462466,0.09858465194702148,0.004340648651123047,49,49,YOLO,1,32,0,19.926110779462466,0,[]
20250720_235138_724,-27,49,49,24.7,19.926110779462466,0.09402298927307129,0.004538536071777344,49,49,YOLO,1,32,0,19.926110779462466,0,[]
20250720_235138_826,-27,49,49,24.7,19.926110779462466,0.0977323055267334,0.0043621063232421875,49,49,YOLO,1,32,0,19.926110779462466,0,[]
20250720_235138_932,-27,49,49,24.7,19.926110779462466,0.10090374946594238,0.004349708557128906,49,49,YOLO,1,32,0,19.926110779462466,0,[]
20250720_235139_040,-27,49,49,24.7,19.926110779462466,0.09459614753723145,0.0039522647857666016,49,49,YOLO,1,32,0,19.926110779462466,0,[]
20250720_235139_141,-27,49,49,24.7,19.926110779462466,0.09191036224365234,0.0046308040618896484,49,49,YOLO,1,32,0,19.926110779462466,0,[]
20250720_235139_241,-27,49,49,24.7,19.926110779462466,0.09913945198059082,0.004386186599731445,49,49,YOLO,1,32,0,19.926110779462466,0,[]
20250720_235139_348,-27,49,49,24.7,19.926110779462466,0.09884953498840332,0.002046346664428711,49,49,YOLO,1,32,0,19.926110779462466,0,[]
20250720_235139_450,-27,49,49,24.7,19.926110779462466,0.09071087837219238,0.00431513786315918,49,49,YOLO,1,32,0,19.926110779462466,0,[]
20250720_235139_549,-27,49,49,24.7,19.926110779462466,0.09846305847167969,0.004319190979003906,49,49,YOLO,1,32,0,19.926110779462466,0,[]
20250720_235139_655,-27,49,49,24.7,19.926110779462466,0.10575294494628906,0.0031921863555908203,49,49,YOLO,1,32,0,19.926110779462466,0,[]
20250720_235139_766,-27,49,49,24.7,19.926110779462466,0.09990310668945312,0.004033803939819336,49,49,YOLO,1,32,0,19.926110779462466,0,[]
20250720_235139_873,-27,49,49,24.7,19.926110779462466,0.10161876678466797,0.0045092105865478516,49,49,YOLO,1,32,0,19.926110779462466,0,[]
20250720_235139_982,-27,49,49,24.7,19.926110779462466,0.10201263427734375,0.0021300315856933594,49,49,YOLO,1,32,0,19.926110779462466,0,[]
20250720_235140_088,-27,49,49,24.7,19.926110779462466,0.09362983703613281,0.004193305969238281,49,49,YOLO,1,32,0,19.926110779462466,0,[]
20250720_235140_188,-27,49,49,24.7,19.926110779462466,0.09244513511657715,0.0039825439453125,49,49,YOLO,1,32,0,19.926110779462466,0,[]
20250720_235140_288,-27,49,49,24.7,19.926110779462466,0.09366321563720703,0.0044023990631103516,49,49,YOLO,1,32,0,19.926110779462466,0,[]
20250720_235140_390,-27,49,49,24.7,19.926110779462466,0.09351086616516113,0.004307270050048828,49,49,YOLO,1,32,0,19.926110779462466,0,[]
20250720_235140_490,-27,49,49,24.7,19.926110779462466,0.0920097827911377,0.004212617874145508,49,49,YOLO,1,32,0,19.926110779462466,0,[]
20250720_235140_590,-27,49,49,24.7,19.926110779462466,0.09818434715270996,0.003999948501586914,49,49,YOLO,1,32,0,19.926110779462466,0,[]
20250720_235140_695,-27,49,49,24.7,19.926110779462466,0.09022188186645508,0.004374980926513672,49,49,YOLO,1,32,0,19.926110779462466,0,[]
20250720_235140_793,-27,49,49,24.7,19.926110779462466,0.09176015853881836,0.004167318344116211,49,49,YOLO,1,32,0,19.926110779462466,0,[]
20250720_235140_892,-27,49,49,24.7,19.926110779462466,0.08899497985839844,0.0020651817321777344,49,49,YOLO,1,32,0,19.926110779462466,0,[]
20250720_235140_984,-27,49,49,24.7,19.926110779462466,0.09275484085083008,0.003963470458984375,49,49,YOLO,1,32,0,19.926110779462466,0,[]
20250720_235141_084,-27,49,49,24.7,19.926110779462466,0.09301137924194336,0.004337787628173828,49,49,YOLO,1,32,0,19.926110779462466,0,[]
20250720_235141_184,-27,49,49,24.7,19.926110779462466,0.08638930320739746,0.004402875900268555,49,49,YOLO,1,32,0,19.926110779462466,0,[]
20250720_235141_278,-27,49,49,24.7,19.926110779462466,0.09848976135253906,0.004397869110107422,49,49,YOLO,1,32,0,19.926110779462466,0,[]
20250720_235141_385,-27,49,49,24.7,19.926110779462466,0.09484148025512695,0.002907991409301758,49,49,YOLO,1,32,0,19.926110779462466,0,[]
20250720_235141_484,-27,49,49,24.7,19.926110779462466,0.08879494667053223,0.0023450851440429688,49,49,YOLO,1,32,0,19.926110779462466,0,[]
20250720_235141_577,-27,49,49,24.7,19.926110779462466,0.09641027450561523,0.0026366710662841797,49,49,YOLO,1,32,0,19.926110779462466,0,[]
20250720_235141_677,-26,49,49,24.7,18.75428503364457,0.09681320190429688,0.002363920211791992,49,49,YOLO,1,32,0,18.75428503364457,0,[]
20250720_235141_778,-26,49,49,24.7,18.75428503364457,0.09851264953613281,0.0024476051330566406,49,49,YOLO,1,32,0,18.75428503364457,0,[]
20250720_235141_881,-26,48,48,23.2,19.95282059303496,0.09203696250915527,0.0021619796752929688,48,48,YOLO,1,32,0,19.95282059303496,0,[]
20250720_235141_976,-26,48,48,23.2,19.95282059303496,0.09376382827758789,0.003040313720703125,48,48,YOLO,1,32,0,19.95282059303496,0,[]
20250720_235142_074,-26,48,48,23.2,19.95282059303496,0.0932002067565918,0.002032756805419922,48,48,YOLO,1,32,0,19.95282059303496,0,[]
20250720_235142_171,-26,48,48,23.2,19.95282059303496,0.09305310249328613,0.0022933483123779297,48,48,YOLO,1,32,0,19.95282059303496,0,[]
20250720_235142_267,-26,48,48,23.2,19.95282059303496,0.09226083755493164,0.0020265579223632812,48,48,YOLO,1,32,0,19.95282059303496,0,[]
20250720_235142_363,-26,48,48,23.2,19.95282059303496,0.09658956527709961,0.002207517623901367,48,48,YOLO,1,32,0,19.95282059303496,0,[]
20250720_235142_463,-26,48,48,23.2,19.95282059303496,0.0949850082397461,0.002099275588989258,48,48,YOLO,1,32,0,19.95282059303496,0,[]
20250720_235142_561,-26,48,48,23.2,19.95282059303496,0.10110974311828613,0.002107381820678711,48,48,YOLO,1,32,0,19.95282059303496,0,[]
20250720_235142_666,-26,48,48,23.2,19.95282059303496,0.10408592224121094,0.002093791961669922,48,48,YOLO,1,32,0,19.95282059303496,0,[]
20250720_235142_773,-26,48,48,23.2,19.95282059303496,0.09507203102111816,0.0021507740020751953,48,48,YOLO,1,32,0,19.95282059303496,0,[]
20250720_235142_872,-26,48,48,23.2,19.95282059303496,0.09317803382873535,0.002033710479736328,48,48,YOLO,1,32,0,19.95282059303496,0,[]
20250720_235142_968,-26,48,48,23.2,19.95282059303496,0.09541463851928711,0.0020122528076171875,48,48,YOLO,1,32,0,19.95282059303496,0,[]
20250720_235143_067,-26,48,48,23.2,19.95282059303496,0.08851957321166992,0.002084970474243164,48,48,YOLO,1,32,0,19.95282059303496,0,[]
20250720_235143_159,-26,48,48,23.2,19.95282059303496,0.09040236473083496,0.004365205764770508,48,48,YOLO,1,32,0,19.95282059303496,0,[]
20250720_235143_257,-26,48,48,23.2,19.95282059303496,0.09220647811889648,0.004331111907958984,48,48,YOLO,1,32,0,19.95282059303496,0,[]
20250720_235143_357,-26,48,48,23.2,19.95282059303496,0.08942341804504395,0.0042150020599365234,48,48,YOLO,1,32,0,19.95282059303496,0,[]
20250720_235143_453,-26,48,48,23.2,19.95282059303496,0.09974193572998047,0.004355907440185547,48,48,YOLO,1,32,0,19.95282059303496,0,[]
20250720_235143_561,-26,48,48,23.2,19.95282059303496,0.10339117050170898,0.004362821578979492,48,48,YOLO,1,32,0,19.95282059303496,0,[]
20250720_235143_672,-26,48,48,23.2,19.95282059303496,0.09532356262207031,0.004296302795410156,48,48,YOLO,1,32,0,19.95282059303496,0,[]
20250720_235143_775,-26,48,48,23.2,19.95282059303496,0.10227012634277344,0.004116535186767578,48,48,YOLO,1,32,0,19.95282059303496,0,[]
20250720_235143_884,-26,48,48,23.2,19.95282059303496,0.10132575035095215,0.0026018619537353516,48,48,YOLO,1,32,0,19.95282059303496,0,[]
20250720_235143_989,-26,48,48,23.2,19.95282059303496,0.09958052635192871,0.002093076705932617,48,48,YOLO,1,32,0,19.95282059303496,0,[]
20250720_235144_092,-26,48,48,23.2,19.95282059303496,0.09727811813354492,0.0020647048950195312,48,48,YOLO,1,32,0,19.95282059303496,0,[]
20250720_235144_193,-26,48,48,23.2,19.95282059303496,0.09881234169006348,0.0021347999572753906,48,48,YOLO,1,32,0,19.95282059303496,0,[]
20250720_235144_295,-26,48,48,23.2,19.95282059303496,0.09366607666015625,0.0021514892578125,48,48,YOLO,1,32,0,19.95282059303496,0,[]
20250720_235144_392,-26,48,48,23.2,19.95282059303496,0.09719705581665039,0.0020990371704101562,48,48,YOLO,1,32,0,19.95282059303496,0,[]
20250720_235144_493,-26,48,48,23.2,19.95282059303496,0.09655594825744629,0.0027031898498535156,48,48,YOLO,1,32,0,19.95282059303496,0,[]
20250720_235144_594,-26,48,48,23.2,19.95282059303496,0.09102177619934082,0.0020945072174072266,48,48,YOLO,1,32,0,19.95282059303496,0,[]
20250720_235144_689,-26,48,48,23.2,19.95282059303496,0.09138298034667969,0.002619028091430664,48,48,YOLO,1,32,0,19.95282059303496,0,[]
20250720_235144_784,-26,48,48,23.2,19.95282059303496,0.09589505195617676,0.0020699501037597656,48,48,YOLO,1,32,0,19.95282059303496,0,[]
20250720_235144_883,-26,48,48,23.2,19.95282059303496,0.09099340438842773,0.004205465316772461,48,48,YOLO,1,32,0,19.95282059303496,0,[]
20250720_235144_982,-26,48,48,23.2,19.95282059303496,0.10263729095458984,0.004088878631591797,48,48,YOLO,1,32,0,19.95282059303496,0,[]
20250720_235145_091,-26,48,48,23.2,19.95282059303496,0.09168338775634766,0.004232168197631836,48,48,YOLO,1,32,0,19.95282059303496,0,[]
20250720_235145_190,-26,48,48,23.2,19.95282059303496,0.0985567569732666,0.00433039665222168,48,48,YOLO,1,32,0,19.95282059303496,0,[]
20250720_235145_297,-26,48,48,23.2,19.95282059303496,0.09185004234313965,0.0043489933013916016,48,48,YOLO,1,32,0,19.95282059303496,0,[]
20250720_235145_396,-26,48,48,23.2,19.95282059303496,0.09318995475769043,0.0043103694915771484,48,48,YOLO,1,32,0,19.95282059303496,0,[]
20250720_235145_497,-26,48,48,23.2,19.95282059303496,0.10089588165283203,0.004331350326538086,48,48,YOLO,1,32,0,19.95282059303496,0,[]
20250720_235145_605,-26,48,48,23.2,19.95282059303496,0.09470033645629883,0.00439906120300293,48,48,YOLO,1,32,0,19.95282059303496,0,[]
20250720_235145_707,-25,48,48,23.2,19.579417836185343,0.09405183792114258,0.004351139068603516,48,48,YOLO,1,32,0,19.579417836185343,0,[]
20250720_235145_809,-25,48,48,23.2,19.579417836185343,0.10106873512268066,0.0043487548828125,48,48,YOLO,1,32,0,19.579417836185343,0,[]
20250720_235145_917,-25,47,47,21.8,20.285254533650487,0.09721755981445312,0.004258871078491211,47,47,YOLO,1,32,0,20.285254533650487,0,[]
20250720_235146_022,-25,47,47,21.8,20.285254533650487,0.0952296257019043,0.004259586334228516,47,47,YOLO,1,32,0,20.285254533650487,0,[]
20250720_235146_124,-25,47,47,21.8,20.285254533650487,0.09126758575439453,0.004403591156005859,47,47,YOLO,1,32,0,20.285254533650487,0,[]
20250720_235146_223,-25,47,47,21.8,20.285254533650487,0.09792256355285645,0.004261016845703125,47,47,YOLO,1,32,0,20.285254533650487,0,[]
20250720_235146_328,-25,47,47,21.8,20.285254533650487,0.09016132354736328,0.004363298416137695,47,47,YOLO,1,32,0,20.285254533650487,0,[]
20250720_235146_426,-25,47,47,21.8,20.285254533650487,0.09095549583435059,0.004251956939697266,47,47,YOLO,1,32,0,20.285254533650487,0,[]
20250720_235146_524,-25,47,47,21.8,20.285254533650487,0.09684062004089355,0.004333972930908203,47,47,YOLO,1,32,0,20.285254533650487,0,[]
20250720_235146_628,-25,47,47,21.8,20.285254533650487,0.10026407241821289,0.0039501190185546875,47,47,YOLO,1,32,0,20.285254533650487,0,[]
20250720_235146_734,-25,47,47,21.8,20.285254533650487,0.09825420379638672,0.004040718078613281,47,47,YOLO,1,32,0,20.285254533650487,0,[]
20250720_235146_840,-25,47,47,21.8,20.285254533650487,0.0923917293548584,0.003973245620727539,47,47,YOLO,1,32,0,20.285254533650487,0,[]
20250720_235146_939,-25,47,47,21.8,20.285254533650487,0.10170674324035645,0.004346370697021484,47,47,YOLO,1,32,0,20.285254533650487,0,[]
20250720_235147_048,-25,47,47,21.8,20.285254533650487,0.09793591499328613,0.004053592681884766,47,47,YOLO,1,32,0,20.285254533650487,0,[]
20250720_235147_153,-25,47,47,21.8,20.285254533650487,0.10680532455444336,0.0042705535888671875,47,47,YOLO,1,32,0,20.285254533650487,0,[]
20250720_235147_267,-25,47,47,21.8,20.285254533650487,0.0963582992553711,0.004428386688232422,47,47,YOLO,1,32,0,20.285254533650487,0,[]
20250720_235147_370,-25,47,47,21.8,20.285254533650487,0.10098385810852051,0.004388093948364258,47,47,YOLO,1,32,0,20.285254533650487,0,[]
20250720_235147_478,-25,47,47,21.8,20.285254533650487,0.09517550468444824,0.004228115081787109,47,47,YOLO,1,32,0,20.285254533650487,0,[]
20250720_235147_581,-25,47,47,21.8,20.285254533650487,0.09455275535583496,0.004129171371459961,47,47,YOLO,1,32,0,20.285254533650487,0,[]
20250720_235147_683,-25,47,47,21.8,20.285254533650487,0.09427690505981445,0.004345893859863281,47,47,YOLO,1,32,0,20.285254533650487,0,[]
20250720_235147_784,-25,47,47,21.8,20.285254533650487,0.09795498847961426,0.004394054412841797,47,47,YOLO,1,32,0,20.285254533650487,0,[]
20250720_235147_890,-25,47,47,21.8,20.285254533650487,0.09092473983764648,0.004125118255615234,47,47,YOLO,1,32,0,20.285254533650487,0,[]
20250720_235147_988,-25,47,47,21.8,20.285254533650487,0.09332156181335449,0.004311800003051758,47,47,YOLO,1,32,0,20.285254533650487,0,[]
20250720_235148_089,-25,47,47,21.8,20.285254533650487,0.0921013355255127,0.0046083927154541016,47,47,YOLO,1,32,0,20.285254533650487,0,[]
20250720_235148_189,-25,47,47,21.8,20.285254533650487,0.09305667877197266,0.0043828487396240234,47,47,YOLO,1,32,0,20.285254533650487,0,[]
20250720_235148_287,-25,48,48,23.2,19.579417836185343,0.09552264213562012,0.004561185836791992,48,48,YOLO,1,32,0,19.579417836185343,0,[]
20250720_235148_391,-25,47,47,21.8,20.285254533650487,0.10341715812683105,0.004398822784423828,47,47,YOLO,1,32,0,20.285254533650487,0,[]
20250720_235148_502,-25,47,47,21.8,20.285254533650487,0.09187150001525879,0.004265308380126953,47,47,YOLO,1,32,0,20.285254533650487,0,[]
20250720_235148_601,-25,47,47,21.8,20.285254533650487,0.09423112869262695,0.004334926605224609,47,47,YOLO,1,32,0,20.285254533650487,0,[]
20250720_235148_703,-25,47,47,21.8,20.285254533650487,0.09711456298828125,0.004346370697021484,47,47,YOLO,1,32,0,20.285254533650487,0,[]
20250720_235148_807,-25,47,47,21.8,20.285254533650487,0.09129953384399414,0.0043489933013916016,47,47,YOLO,1,32,0,20.285254533650487,0,[]
20250720_235148_906,-25,47,47,21.8,20.285254533650487,0.09483790397644043,0.003983974456787109,47,47,YOLO,1,32,0,20.285254533650487,0,[]
20250720_235149_008,-25,47,47,21.8,20.285254533650487,0.09839272499084473,0.004355907440185547,47,47,YOLO,1,32,0,20.285254533650487,0,[]
20250720_235149_114,-25,47,47,21.8,20.285254533650487,0.10104942321777344,0.004346370697021484,47,47,YOLO,1,32,0,20.285254533650487,0,[]
20250720_235149_222,-25,47,47,21.8,20.285254533650487,0.09430074691772461,0.0039746761322021484,47,47,YOLO,1,32,0,20.285254533650487,0,[]
20250720_235149_324,-25,47,47,21.8,20.285254533650487,0.10580778121948242,0.0038263797760009766,47,47,YOLO,1,32,0,20.285254533650487,0,[]
20250720_235149_436,-25,47,47,21.8,20.285254533650487,0.0956733226776123,0.0042231082916259766,47,47,YOLO,1,32,0,20.285254533650487,0,[]
20250720_235149_537,-25,47,47,21.8,20.285254533650487,0.09491133689880371,0.0043790340423583984,47,47,YOLO,1,32,0,20.285254533650487,0,[]
20250720_235149_640,-25,47,47,21.8,20.285254533650487,0.09948611259460449,0.0043392181396484375,47,47,YOLO,1,32,0,20.285254533650487,0,[]
20250720_235149_747,-24,47,47,21.8,19.37886170750444,0.09855771064758301,0.004383563995361328,47,47,YOLO,1,32,0,19.37886170750444,0,[]
20250720_235149_853,-24,47,47,21.8,19.37886170750444,0.09299111366271973,0.004278421401977539,47,47,YOLO,1,32,0,19.37886170750444,0,[]
20250720_235149_953,-24,47,47,21.8,19.37886170750444,0.0925137996673584,0.0043735504150390625,47,47,YOLO,1,32,0,19.37886170750444,0,[]
20250720_235150_053,-24,47,47,21.8,19.37886170750444,0.09399986267089844,0.0045430660247802734,47,47,YOLO,1,32,0,19.37886170750444,0,[]
20250720_235150_155,-24,47,47,21.8,19.37886170750444,0.09450626373291016,0.004445791244506836,47,47,YOLO,1,32,0,19.37886170750444,0,[]
20250720_235150_257,-24,47,47,21.8,19.37886170750444,0.09550642967224121,0.004339694976806641,47,47,YOLO,1,32,0,19.37886170750444,0,[]
20250720_235150_358,-24,47,47,21.8,19.37886170750444,0.09239816665649414,0.0043222904205322266,47,47,YOLO,1,32,0,19.37886170750444,0,[]
20250720_235150_458,-24,47,47,21.8,19.37886170750444,0.09161019325256348,0.0044062137603759766,47,47,YOLO,1,32,0,19.37886170750444,0,[]
20250720_235150_558,-24,47,47,21.8,19.37886170750444,0.09209752082824707,0.004365444183349609,47,47,YOLO,1,32,0,19.37886170750444,0,[]
20250720_235150_658,-24,47,47,21.8,19.37886170750444,0.1008000373840332,0.004716157913208008,47,47,YOLO,1,32,0,19.37886170750444,0,[]
20250720_235150_766,-24,47,47,21.8,19.37886170750444,0.09220647811889648,0.004416227340698242,47,47,YOLO,1,32,0,19.37886170750444,0,[]
20250720_235150_866,-24,47,47,21.8,19.37886170750444,0.10469174385070801,0.004342317581176758,47,47,YOLO,1,32,0,19.37886170750444,0,[]
20250720_235150_978,-24,47,47,21.8,19.37886170750444,0.09840512275695801,0.004261970520019531,47,47,YOLO,1,32,0,19.37886170750444,0,[]
20250720_235151_084,-24,47,47,21.8,19.37886170750444,0.09136414527893066,0.004204511642456055,47,47,YOLO,1,32,0,19.37886170750444,0,[]
20250720_235151_183,-24,47,47,21.8,19.37886170750444,0.0959630012512207,0.00432896614074707,47,47,YOLO,1,32,0,19.37886170750444,0,[]
20250720_235151_286,-24,47,47,21.8,19.37886170750444,0.0967416763305664,0.0047762393951416016,47,47,YOLO,1,32,0,19.37886170750444,0,[]
20250720_235151_391,-24,47,47,21.8,19.37886170750444,0.09967470169067383,0.004120588302612305,47,47,YOLO,1,32,0,19.37886170750444,0,[]
20250720_235151_496,-24,47,47,21.8,19.37886170750444,0.09515929222106934,0.003900766372680664,47,47,YOLO,1,32,0,19.37886170750444,0,[]
20250720_235151_598,-24,47,47,21.8,19.37886170750444,0.09906315803527832,0.004313468933105469,47,47,YOLO,1,32,0,19.37886170750444,0,[]
20250720_235151_704,-24,47,47,21.8,19.37886170750444,0.09481048583984375,0.004295825958251953,47,47,YOLO,1,32,0,19.37886170750444,0,[]
20250720_235151_806,-24,47,47,21.8,19.37886170750444,0.09852814674377441,0.00437617301940918,47,47,YOLO,1,32,0,19.37886170750444,0,[]
20250720_235151_912,-24,47,47,21.8,19.37886170750444,0.09708714485168457,0.004029035568237305,47,47,YOLO,1,32,0,19.37886170750444,0,[]
20250720_235152_016,-24,47,47,21.8,19.37886170750444,0.09740138053894043,0.0043714046478271484,47,47,YOLO,1,32,0,19.37886170750444,0,[]
20250720_235152_121,-24,47,47,21.8,19.37886170750444,0.09841752052307129,0.004357337951660156,47,47,YOLO,1,32,0,19.37886170750444,0,[]
20250720_235152_227,-24,47,47,21.8,19.37886170750444,0.09673380851745605,0.004375457763671875,47,47,YOLO,1,32,0,19.37886170750444,0,[]
20250720_235152_332,-24,47,47,21.8,19.37886170750444,0.1038351058959961,0.004251956939697266,47,47,YOLO,1,32,0,19.37886170750444,0,[]
20250720_235152_443,-24,47,47,21.8,19.37886170750444,0.0997920036315918,0.004210472106933594,47,47,YOLO,1,32,0,19.37886170750444,0,[]
20250720_235152_548,-24,47,47,21.8,19.37886170750444,0.09970211982727051,0.004347324371337891,47,47,YOLO,1,32,0,19.37886170750444,0,[]
20250720_235152_655,-24,47,47,21.8,19.37886170750444,0.09452700614929199,0.004057168960571289,47,47,YOLO,1,32,0,19.37886170750444,0,[]
20250720_235152_757,-24,47,47,21.8,19.37886170750444,0.09714365005493164,0.004360198974609375,47,47,YOLO,1,32,0,19.37886170750444,0,[]
20250720_235152_862,-24,47,47,21.8,19.37886170750444,0.08955669403076172,0.004141807556152344,47,47,YOLO,1,32,0,19.37886170750444,0,[]
20250720_235152_959,-24,47,47,21.8,19.37886170750444,0.10234546661376953,0.0043430328369140625,47,47,YOLO,1,32,0,19.37886170750444,0,[]
20250720_235153_068,-24,47,47,21.8,19.37886170750444,0.08877873420715332,0.004161834716796875,47,47,YOLO,1,32,0,19.37886170750444,0,[]
20250720_235153_164,-24,47,47,21.8,19.37886170750444,0.0932004451751709,0.0043790340423583984,47,47,YOLO,1,32,0,19.37886170750444,0,[]
20250720_235153_265,-24,47,47,21.8,19.37886170750444,0.0895700454711914,0.004201173782348633,47,47,YOLO,1,32,0,19.37886170750444,0,[]
20250720_235153_362,-24,47,47,21.8,19.37886170750444,0.10065054893493652,0.004368305206298828,47,47,YOLO,1,32,0,19.37886170750444,0,[]
20250720_235153_470,-24,47,47,21.8,19.37886170750444,0.09633040428161621,0.004378795623779297,47,47,YOLO,1,32,0,19.37886170750444,0,[]
20250720_235153_574,-24,47,47,21.8,19.37886170750444,0.09892487525939941,0.004389524459838867,47,47,YOLO,1,32,0,19.37886170750444,0,[]
20250720_235153_681,-23,47,47,21.8,19.21457609187693,0.09320878982543945,0.0044231414794921875,47,47,YOLO,1,32,0,19.21457609187693,0,[]
20250720_235153_781,-23,47,47,21.8,19.21457609187693,0.09642648696899414,0.0042226314544677734,47,47,YOLO,1,32,0,19.21457609187693,0,[]
20250720_235153_885,-23,46,46,20.3,20.508420822578245,0.09171009063720703,0.004358768463134766,46,46,YOLO,1,32,0,20.508420822578245,0,[]
20250720_235153_984,-23,46,46,20.3,20.508420822578245,0.10010576248168945,0.004431009292602539,46,46,YOLO,1,32,0,20.508420822578245,0,[]
20250720_235154_092,-23,46,46,20.3,20.508420822578245,0.09433937072753906,0.004332542419433594,46,46,YOLO,1,32,0,20.508420822578245,0,[]
20250720_235154_194,-23,46,46,20.3,20.508420822578245,0.1016838550567627,0.004338264465332031,46,46,YOLO,1,32,0,20.508420822578245,0,[]
20250720_235154_303,-23,46,46,20.3,20.508420822578245,0.09905052185058594,0.003880739212036133,46,46,YOLO,1,32,0,20.508420822578245,0,[]
20250720_235154_409,-23,46,46,20.3,20.508420822578245,0.09541010856628418,0.004080057144165039,46,46,YOLO,1,32,0,20.508420822578245,0,[]
20250720_235154_510,-23,46,46,20.3,20.508420822578245,0.09096717834472656,0.004330635070800781,46,46,YOLO,1,32,0,20.508420822578245,0,[]
20250720_235154_608,-23,46,46,20.3,20.508420822578245,0.10372447967529297,0.0040018558502197266,46,46,YOLO,1,32,0,20.508420822578245,0,[]
20250720_235154_719,-23,46,46,20.3,20.508420822578245,0.0970771312713623,0.0044133663177490234,46,46,YOLO,1,32,0,20.508420822578245,0,[]
20250720_235154_823,-23,46,46,20.3,20.508420822578245,0.0993046760559082,0.004370212554931641,46,46,YOLO,1,32,0,20.508420822578245,0,[]
20250720_235154_930,-23,46,46,20.3,20.508420822578245,0.09253907203674316,0.004245281219482422,46,46,YOLO,1,32,0,20.508420822578245,0,[]
20250720_235155_030,-23,46,46,20.3,20.508420822578245,0.10086417198181152,0.004381418228149414,46,46,YOLO,1,32,0,20.508420822578245,0,[]
20250720_235155_139,-23,46,46,20.3,20.508420822578245,0.08843779563903809,0.004510402679443359,46,46,YOLO,1,32,0,20.508420822578245,0,[]
20250720_235155_235,-23,46,46,20.3,20.508420822578245,0.0933375358581543,0.00424504280090332,46,46,YOLO,1,32,0,20.508420822578245,0,[]
20250720_235155_335,-23,46,46,20.3,20.508420822578245,0.09170198440551758,0.004041433334350586,46,46,YOLO,1,32,0,20.508420822578245,0,[]
20250720_235155_434,-23,46,46,20.3,20.508420822578245,0.09702920913696289,0.004351377487182617,46,46,YOLO,1,32,0,20.508420822578245,0,[]
20250720_235155_539,-23,46,46,20.3,20.508420822578245,0.09943127632141113,0.004369974136352539,46,46,YOLO,1,32,0,20.508420822578245,0,[]
20250720_235155_646,-23,46,46,20.3,20.508420822578245,0.1027078628540039,0.004343748092651367,46,46,YOLO,1,32,0,20.508420822578245,0,[]
20250720_235155_756,-23,46,46,20.3,20.508420822578245,0.09386301040649414,0.004319906234741211,46,46,YOLO,1,32,0,20.508420822578245,0,[]
20250720_235155_857,-23,46,46,20.3,20.508420822578245,0.09005069732666016,0.004064083099365234,46,46,YOLO,1,32,0,20.508420822578245,0,[]
20250720_235155_954,-23,46,46,20.3,20.508420822578245,0.37021803855895996,0.004302263259887695,46,46,YOLO,1,32,0,20.508420822578245,0,[]
20250720_235156_331,-23,46,46,20.3,20.508420822578245,0.08944988250732422,0.004254817962646484,46,46,YOLO,1,32,0,20.508420822578245,0,[]
20250720_235156_428,-23,46,46,20.3,20.508420822578245,0.0921487808227539,0.004447221755981445,46,46,YOLO,1,32,0,20.508420822578245,0,[]
20250720_235156_528,-23,46,46,20.3,20.508420822578245,0.12240195274353027,0.004336118698120117,46,46,YOLO,1,32,0,20.508420822578245,0,[]
20250720_235156_658,-23,46,46,20.3,20.508420822578245,0.08766341209411621,0.004189014434814453,46,46,YOLO,1,32,0,20.508420822578245,0,[]
20250720_235156_753,-23,46,46,20.3,20.508420822578245,0.10194540023803711,0.0043487548828125,46,46,YOLO,1,32,0,20.508420822578245,0,[]
20250720_235156_862,-23,46,46,20.3,20.508420822578245,0.08874988555908203,0.004163980484008789,46,46,YOLO,1,32,0,20.508420822578245,0,[]
20250720_235156_958,-23,46,46,20.3,20.508420822578245,0.08469033241271973,0.0043065547943115234,46,46,YOLO,1,32,0,20.508420822578245,0,[]
20250720_235157_050,-23,46,46,20.3,20.508420822578245,0.08445382118225098,0.004313468933105469,46,46,YOLO,1,32,0,20.508420822578245,0,[]
20250720_235157_142,-23,46,46,20.3,20.508420822578245,0.09400510787963867,0.0043866634368896484,46,46,YOLO,1,32,0,20.508420822578245,0,[]
20250720_235157_244,-23,46,46,20.3,20.508420822578245,0.10227584838867188,0.0042591094970703125,46,46,YOLO,1,32,0,20.508420822578245,0,[]
20250720_235157_354,-23,46,46,20.3,20.508420822578245,0.09755611419677734,0.004565715789794922,46,46,YOLO,1,32,0,20.508420822578245,0,[]
20250720_235157_459,-23,46,46,20.3,20.508420822578245,0.08996939659118652,0.0043582916259765625,46,46,YOLO,1,32,0,20.508420822578245,0,[]
20250720_235157_557,-23,46,46,20.3,20.508420822578245,0.09400367736816406,0.004375934600830078,46,46,YOLO,1,32,0,20.508420822578245,0,[]
20250720_235157_659,-22,46,46,20.3,20.10090523937108,0.09028434753417969,0.00397491455078125,46,46,YOLO,1,32,0,20.10090523937108,0,[]
20250720_235157_756,-22,46,46,20.3,20.10090523937108,0.08797788619995117,0.0043146610260009766,46,46,YOLO,1,32,0,20.10090523937108,0,[]
20250720_235157_851,-22,46,46,20.3,20.10090523937108,0.10210967063903809,0.0018987655639648438,46,46,YOLO,1,32,0,20.10090523937108,0,[]
20250720_235157_956,-22,45,45,18.9,20.354599947883244,0.0974116325378418,0.0038199424743652344,45,45,YOLO,1,32,0,20.354599947883244,0,[]
20250720_235158_061,-22,45,45,18.9,20.354599947883244,0.09561586380004883,0.0039768218994140625,45,45,YOLO,1,32,0,20.354599947883244,0,[]
20250720_235158_163,-22,45,45,18.9,20.354599947883244,0.0896146297454834,0.004296302795410156,45,45,YOLO,1,32,0,20.354599947883244,0,[]
20250720_235158_260,-22,45,45,18.9,20.354599947883244,0.09286999702453613,0.003984212875366211,45,45,YOLO,1,32,0,20.354599947883244,0,[]
20250720_235158_360,-22,45,45,18.9,20.354599947883244,0.09212398529052734,0.004590749740600586,45,45,YOLO,1,32,0,20.354599947883244,0,[]
20250720_235158_460,-22,45,45,18.9,20.354599947883244,0.09387469291687012,0.0047359466552734375,45,45,YOLO,1,32,0,20.354599947883244,0,[]
20250720_235158_562,-22,45,45,18.9,20.354599947883244,0.0905604362487793,0.0046405792236328125,45,45,YOLO,1,32,0,20.354599947883244,0,[]
20250720_235158_661,-22,45,45,18.9,20.354599947883244,0.09008312225341797,0.0043487548828125,45,45,YOLO,1,32,0,20.354599947883244,0,[]
20250720_235158_757,-22,45,45,18.9,20.354599947883244,0.09596586227416992,0.004372835159301758,45,45,YOLO,1,32,0,20.354599947883244,0,[]
20250720_235158_861,-22,45,45,18.9,20.354599947883244,0.0970160961151123,0.004147768020629883,45,45,YOLO,1,32,0,20.354599947883244,0,[]
20250720_235158_965,-22,45,45,18.9,20.354599947883244,0.10283493995666504,0.004423618316650391,45,45,YOLO,1,32,0,20.354599947883244,0,[]
20250720_235159_075,-22,45,45,18.9,20.354599947883244,0.09733390808105469,0.004082918167114258,45,45,YOLO,1,32,0,20.354599947883244,0,[]
20250720_235159_180,-22,45,45,18.9,20.354599947883244,0.09726524353027344,0.003939390182495117,45,45,YOLO,1,32,0,20.354599947883244,0,[]
20250720_235159_284,-22,45,45,18.9,20.354599947883244,0.09587454795837402,0.004387855529785156,45,45,YOLO,1,32,0,20.354599947883244,0,[]
20250720_235159_388,-22,45,45,18.9,20.354599947883244,0.09386777877807617,0.004084587097167969,45,45,YOLO,1,32,0,20.354599947883244,0,[]
20250720_235159_489,-22,45,45,18.9,20.354599947883244,0.09792494773864746,0.004193305969238281,45,45,YOLO,1,32,0,20.354599947883244,0,[]
20250720_235159_594,-22,45,45,18.9,20.354599947883244,0.09664559364318848,0.0045201778411865234,45,45,YOLO,1,32,0,20.354599947883244,0,[]
20250720_235159_699,-22,45,45,18.9,20.354599947883244,0.09408998489379883,0.004076719284057617,45,45,YOLO,1,32,0,20.354599947883244,0,[]
20250720_235159_800,-22,45,45,18.9,20.354599947883244,0.09713029861450195,0.004355907440185547,45,45,YOLO,1,32,0,20.354599947883244,0,[]
20250720_235159_903,-22,45,45,18.9,20.354599947883244,0.09754037857055664,0.00432133674621582,45,45,YOLO,1,32,0,20.354599947883244,0,[]
20250720_235200_008,-22,45,45,18.9,20.354599947883244,0.09385919570922852,0.004419565200805664,45,45,YOLO,1,32,0,20.354599947883244,0,[]
20250720_235200_110,-22,45,45,18.9,20.354599947883244,0.10356903076171875,0.004290580749511719,45,45,YOLO,1,32,0,20.354599947883244,0,[]
20250720_235200_221,-22,45,45,18.9,20.354599947883244,0.0984659194946289,0.004276275634765625,45,45,YOLO,1,32,0,20.354599947883244,0,[]
20250720_235200_326,-22,45,45,18.9,20.354599947883244,0.09439635276794434,0.004126548767089844,45,45,YOLO,1,32,0,20.354599947883244,0,[]
20250720_235200_428,-22,45,45,18.9,20.354599947883244,0.09803175926208496,0.0042591094970703125,45,45,YOLO,1,32,0,20.354599947883244,0,[]
20250720_235200_534,-22,45,45,18.9,20.354599947883244,0.09414315223693848,0.003965616226196289,45,45,YOLO,1,32,0,20.354599947883244,0,[]
20250720_235200_635,-22,45,45,18.9,20.354599947883244,0.09131264686584473,0.004196882247924805,45,45,YOLO,1,32,0,20.354599947883244,0,[]
20250720_235200_733,-22,45,45,18.9,20.354599947883244,0.09583377838134766,0.004328012466430664,45,45,YOLO,1,32,0,20.354599947883244,0,[]
20250720_235200_837,-22,45,45,18.9,20.354599947883244,0.09742426872253418,0.003942728042602539,45,45,YOLO,1,32,0,20.354599947883244,0,[]
20250720_235200_941,-22,45,45,18.9,20.354599947883244,0.09031081199645996,0.004363298416137695,45,45,YOLO,1,32,0,20.354599947883244,0,[]
20250720_235201_037,-22,45,45,18.9,20.354599947883244,0.08933424949645996,0.004574298858642578,45,45,YOLO,1,32,0,20.354599947883244,0,[]
20250720_235201_135,-22,45,45,18.9,20.354599947883244,0.09290504455566406,0.004419803619384766,45,45,YOLO,1,32,0,20.354599947883244,0,[]
20250720_235201_235,-22,45,45,18.9,20.354599947883244,0.09743928909301758,0.004332780838012695,45,45,YOLO,1,32,0,20.354599947883244,0,[]
20250720_235201_340,-22,45,45,18.9,20.354599947883244,0.0926368236541748,0.004391670227050781,45,45,YOLO,1,32,0,20.354599947883244,0,[]
20250720_235201_440,-22,45,45,18.9,20.354599947883244,0.09191370010375977,0.004313468933105469,45,45,YOLO,1,32,0,20.354599947883244,0,[]
20250720_235201_540,-22,45,45,18.9,20.354599947883244,0.09447407722473145,0.004422426223754883,45,45,YOLO,1,32,0,20.354599947883244,0,[]
20250720_235201_642,-21,45,45,18.9,20.354599947883244,0.09767389297485352,0.004358768463134766,45,45,YOLO,1,32,0,20.354599947883244,0,[]
20250720_235201_747,-21,45,45,18.9,20.14010516567308,0.0983419418334961,0.004380226135253906,45,45,YOLO,1,32,0,20.14010516567308,0,[]
20250720_235201_853,-21,45,45,18.9,20.14010516567308,0.09191298484802246,0.0040738582611083984,45,45,YOLO,1,32,0,20.14010516567308,0,[]
20250720_235201_952,-21,45,45,18.9,20.14010516567308,0.10046887397766113,0.004227638244628906,45,45,YOLO,1,32,0,20.14010516567308,0,[]
20250720_235202_059,-21,45,45,18.9,20.14010516567308,0.09316182136535645,0.003985166549682617,45,45,YOLO,1,32,0,20.14010516567308,0,[]
20250720_235202_160,-21,45,45,18.9,20.14010516567308,0.09726786613464355,0.004378080368041992,45,45,YOLO,1,32,0,20.14010516567308,0,[]
20250720_235202_264,-21,45,45,18.9,20.14010516567308,0.09501767158508301,0.0043392181396484375,45,45,YOLO,1,32,0,20.14010516567308,0,[]
20250720_235202_367,-21,44,44,17.4,20.15529590289728,0.10822677612304688,0.004346370697021484,44,44,YOLO,1,32,0,20.15529590289728,0,[]
20250720_235202_483,-21,44,44,17.4,20.15529590289728,0.10411310195922852,0.00395655632019043,44,44,YOLO,1,32,0,20.15529590289728,0,[]
20250720_235202_594,-21,44,44,17.4,20.15529590289728,0.09724020957946777,0.004378080368041992,44,44,YOLO,1,32,0,20.15529590289728,0,[]
20250720_235202_698,-21,44,44,17.4,20.15529590289728,0.09833240509033203,0.0043735504150390625,44,44,YOLO,1,32,0,20.15529590289728,0,[]
20250720_235202_803,-21,44,44,17.4,20.15529590289728,0.1050560474395752,0.00396275520324707,44,44,YOLO,1,32,0,20.15529590289728,0,[]
20250720_235202_914,-21,44,44,17.4,20.15529590289728,0.09495234489440918,0.004130840301513672,44,44,YOLO,1,32,0,20.15529590289728,0,[]
20250720_235203_016,-21,45,45,18.9,20.14010516567308,0.09683609008789062,0.0041656494140625,45,45,YOLO,1,32,0,20.14010516567308,0,[]
20250720_235203_121,-21,44,44,17.4,20.15529590289728,0.10056805610656738,0.004250526428222656,44,44,YOLO,1,32,0,20.15529590289728,0,[]
20250720_235203_228,-21,44,44,17.4,20.15529590289728,0.09818243980407715,0.00431513786315918,44,44,YOLO,1,32,0,20.15529590289728,0,[]
20250720_235203_334,-21,45,45,18.9,20.14010516567308,0.09167337417602539,0.004465579986572266,45,45,YOLO,1,32,0,20.14010516567308,0,[]
20250720_235203_434,-21,45,45,18.9,20.14010516567308,0.08645486831665039,0.004580497741699219,45,45,YOLO,1,32,0,20.14010516567308,0,[]
20250720_235203_528,-21,45,45,18.9,20.14010516567308,0.0897979736328125,0.004474639892578125,45,45,YOLO,1,32,0,20.14010516567308,0,[]
20250720_235203_625,-21,45,45,18.9,20.14010516567308,0.0930490493774414,0.0044934749603271484,45,45,YOLO,1,32,0,20.14010516567308,0,[]
20250720_235203_726,-21,45,45,18.9,20.14010516567308,0.09367680549621582,0.004369497299194336,45,45,YOLO,1,32,0,20.14010516567308,0,[]
20250720_235203_827,-21,45,45,18.9,20.14010516567308,0.09398341178894043,0.004826068878173828,45,45,YOLO,1,32,0,20.14010516567308,0,[]
20250720_235203_929,-21,45,45,18.9,20.14010516567308,0.09747672080993652,0.004156351089477539,45,45,YOLO,1,32,0,20.14010516567308,0,[]
20250720_235204_034,-21,45,45,18.9,20.14010516567308,0.09849953651428223,0.00431060791015625,45,45,YOLO,1,32,0,20.14010516567308,0,[]
20250720_235204_140,-21,45,45,18.9,20.14010516567308,0.10475325584411621,0.004445075988769531,45,45,YOLO,1,32,0,20.14010516567308,0,[]
20250720_235204_252,-21,45,45,18.9,20.14010516567308,0.08942461013793945,0.004297018051147461,45,45,YOLO,1,32,0,20.14010516567308,0,[]
20250720_235204_349,-21,45,45,18.9,20.14010516567308,0.09814286231994629,0.004331827163696289,45,45,YOLO,1,32,0,20.14010516567308,0,[]
20250720_235204_455,-21,45,45,18.9,20.14010516567308,0.09822654724121094,0.0044307708740234375,45,45,YOLO,1,32,0,20.14010516567308,0,[]
20250720_235204_561,-21,45,45,18.9,20.14010516567308,0.09144759178161621,0.0043261051177978516,45,45,YOLO,1,32,0,20.14010516567308,0,[]
20250720_235204_659,-21,45,45,18.9,20.14010516567308,0.09279680252075195,0.004134654998779297,45,45,YOLO,1,32,0,20.14010516567308,0,[]
20250720_235204_759,-21,45,45,18.9,20.14010516567308,0.0919950008392334,0.004164934158325195,45,45,YOLO,1,32,0,20.14010516567308,0,[]
20250720_235204_857,-21,45,45,18.9,20.14010516567308,0.08991336822509766,0.004201173782348633,45,45,YOLO,1,32,0,20.14010516567308,0,[]
20250720_235204_954,-21,45,45,18.9,20.14010516567308,0.09545207023620605,0.003989696502685547,45,45,YOLO,1,32,0,20.14010516567308,0,[]
20250720_235205_056,-21,45,45,18.9,20.14010516567308,0.09103560447692871,0.004369497299194336,45,45,YOLO,1,32,0,20.14010516567308,0,[]
20250720_235205_154,-21,45,45,18.9,20.14010516567308,0.09859848022460938,0.0043523311614990234,45,45,YOLO,1,32,0,20.14010516567308,0,[]
20250720_235205_260,-21,45,45,18.9,20.14010516567308,0.09859704971313477,0.004488706588745117,45,45,YOLO,1,32,0,20.14010516567308,0,[]
20250720_235205_366,-21,45,45,18.9,20.14010516567308,0.09931659698486328,0.0042760372161865234,45,45,YOLO,1,32,0,20.14010516567308,0,[]
20250720_235205_473,-21,45,45,18.9,20.14010516567308,0.09499669075012207,0.0042035579681396484,45,45,YOLO,1,32,0,20.14010516567308,0,[]
20250720_235205_575,-21,45,45,18.9,20.14010516567308,0.09730124473571777,0.0044901371002197266,45,45,YOLO,1,32,0,20.14010516567308,0,[]
20250720_235205_680,-20,45,45,18.9,17.9838315715202,0.09879565238952637,0.0043790340423583984,45,45,YOLO,1,32,0,17.9838315715202,0,[]
20250720_235205_786,-20,45,45,18.9,17.9838315715202,0.09432864189147949,0.0044667720794677734,45,45,YOLO,1,32,0,17.9838315715202,0,[]
20250720_235205_889,-20,44,44,17.4,19.929988490551903,0.09395623207092285,0.004277706146240234,44,44,YOLO,1,32,0,19.929988490551903,0,[]
20250720_235205_990,-20,44,44,17.4,19.929988490551903,0.09548568725585938,0.0039522647857666016,44,44,YOLO,1,32,0,19.929988490551903,0,[]
20250720_235206_092,-20,44,44,17.4,19.929988490551903,0.09554028511047363,0.0045015811920166016,44,44,YOLO,1,32,0,19.929988490551903,0,[]
20250720_235206_196,-20,44,44,17.4,19.929988490551903,0.1014249324798584,0.004479646682739258,44,44,YOLO,1,32,0,19.929988490551903,0,[]
20250720_235206_305,-20,44,44,17.4,19.929988490551903,0.09874463081359863,0.004262447357177734,44,44,YOLO,1,32,0,19.929988490551903,0,[]
20250720_235206_411,-20,44,44,17.4,19.929988490551903,0.09461164474487305,0.004391908645629883,44,44,YOLO,1,32,0,19.929988490551903,0,[]
20250720_235206_513,-20,44,44,17.4,19.929988490551903,0.09587311744689941,0.004113912582397461,44,44,YOLO,1,32,0,19.929988490551903,0,[]
20250720_235206_616,-20,44,44,17.4,19.929988490551903,0.09238862991333008,0.004053592681884766,44,44,YOLO,1,32,0,19.929988490551903,0,[]
20250720_235206_716,-20,44,44,17.4,19.929988490551903,0.10135579109191895,0.004064798355102539,44,44,YOLO,1,32,0,19.929988490551903,0,[]
20250720_235206_823,-20,44,44,17.4,19.929988490551903,0.09088253974914551,0.0044116973876953125,44,44,YOLO,1,32,0,19.929988490551903,0,[]
20250720_235206_922,-20,44,44,17.4,19.929988490551903,0.09388375282287598,0.004252433776855469,44,44,YOLO,1,32,0,19.929988490551903,0,[]
20250720_235207_023,-20,44,44,17.4,19.929988490551903,0.09386324882507324,0.004340410232543945,44,44,YOLO,1,32,0,19.929988490551903,0,[]
20250720_235207_124,-20,44,44,17.4,19.929988490551903,0.08829045295715332,0.0039899349212646484,44,44,YOLO,1,32,0,19.929988490551903,0,[]
20250720_235207_220,-20,44,44,17.4,19.929988490551903,0.09038496017456055,0.0041730403900146484,44,44,YOLO,1,32,0,19.929988490551903,0,[]
20250720_235207_317,-20,44,44,17.4,19.929988490551903,0.09769344329833984,0.004193782806396484,44,44,YOLO,1,32,0,19.929988490551903,0,[]
20250720_235207_422,-20,44,44,17.4,19.929988490551903,0.09769320487976074,0.004392862319946289,44,44,YOLO,1,32,0,19.929988490551903,0,[]
20250720_235207_528,-20,44,44,17.4,19.929988490551903,0.08761405944824219,0.0041887760162353516,44,44,YOLO,1,32,0,19.929988490551903,0,[]
20250720_235207_622,-20,44,44,17.4,19.929988490551903,0.09443831443786621,0.0047380924224853516,44,44,YOLO,1,32,0,19.929988490551903,0,[]
20250720_235207_725,-20,44,44,17.4,19.929988490551903,0.09274578094482422,0.004389286041259766,44,44,YOLO,1,32,0,19.929988490551903,0,[]
20250720_235207_823,-20,44,44,17.4,19.929988490551903,0.09215831756591797,0.0048065185546875,44,44,YOLO,1,32,0,19.929988490551903,0,[]
20250720_235207_924,-20,44,44,17.4,19.929988490551903,0.10720205307006836,0.004381895065307617,44,44,YOLO,1,32,0,19.929988490551903,0,[]
20250720_235208_038,-20,44,44,17.4,19.929988490551903,0.08976173400878906,0.004441738128662109,44,44,YOLO,1,32,0,19.929988490551903,0,[]
20250720_235208_136,-20,44,44,17.4,19.929988490551903,0.09278488159179688,0.0040471553802490234,44,44,YOLO,1,32,0,19.929988490551903,0,[]
20250720_235208_236,-20,44,44,17.4,19.929988490551903,0.09059667587280273,0.004421234130859375,44,44,YOLO,1,32,0,19.929988490551903,0,[]
20250720_235208_334,-20,44,44,17.4,19.929988490551903,0.0930182933807373,0.004156351089477539,44,44,YOLO,1,32,0,19.929988490551903,0,[]
20250720_235208_434,-20,44,44,17.4,19.929988490551903,0.10056114196777344,0.004207611083984375,44,44,YOLO,1,32,0,19.929988490551903,0,[]
20250720_235208_542,-20,44,44,17.4,19.929988490551903,0.09126758575439453,0.004335165023803711,44,44,YOLO,1,32,0,19.929988490551903,0,[]
20250720_235208_641,-20,44,44,17.4,19.929988490551903,0.09288740158081055,0.00435638427734375,44,44,YOLO,1,32,0,19.929988490551903,0,[]
20250720_235208_741,-20,44,44,17.4,19.929988490551903,0.09342598915100098,0.0043370723724365234,44,44,YOLO,1,32,0,19.929988490551903,0,[]
20250720_235208_842,-20,44,44,17.4,19.929988490551903,0.09751391410827637,0.003989458084106445,44,44,YOLO,1,32,0,19.929988490551903,0,[]
20250720_235208_947,-20,44,44,17.4,19.929988490551903,0.09686636924743652,0.004357337951660156,44,44,YOLO,1,32,0,19.929988490551903,0,[]
20250720_235209_051,-20,44,44,17.4,19.929988490551903,0.09680914878845215,0.0044138431549072266,44,44,YOLO,1,32,0,19.929988490551903,0,[]
20250720_235209_155,-20,44,44,17.4,19.929988490551903,0.0964963436126709,0.004288673400878906,44,44,YOLO,1,32,0,19.929988490551903,0,[]
20250720_235209_259,-20,44,44,17.4,19.929988490551903,0.09552693367004395,0.004331350326538086,44,44,YOLO,1,32,0,19.929988490551903,0,[]
20250720_235209_362,-20,44,44,17.4,19.929988490551903,0.0996556282043457,0.001955747604370117,44,44,YOLO,1,32,0,19.929988490551903,0,[]
20250720_235209_465,-20,44,44,17.4,19.929988490551903,0.08906149864196777,0.004358053207397461,44,44,YOLO,1,32,0,19.929988490551903,0,[]
20250720_235209_562,-20,44,44,17.4,19.929988490551903,0.09522438049316406,0.0043756961822509766,44,44,YOLO,1,32,0,19.929988490551903,0,[]
20250720_235209_664,-19,44,44,17.4,19.725712090300703,0.09923744201660156,0.0040798187255859375,44,44,YOLO,1,32,0,19.725712090300703,0,[]
20250720_235209_771,-19,44,44,17.4,19.725712090300703,0.09660983085632324,0.004379987716674805,44,44,YOLO,1,32,0,19.725712090300703,0,[]
20250720_235209_875,-19,43,43,16.0,20.44929433344545,0.09337735176086426,0.0043485164642333984,43,43,YOLO,1,32,0,20.44929433344545,0,[]
20250720_235209_976,-19,43,43,16.0,20.44929433344545,0.09460330009460449,0.0041615962982177734,43,43,YOLO,1,32,0,20.44929433344545,0,[]
20250720_235210_078,-19,43,43,16.0,20.44929433344545,0.09775090217590332,0.004303455352783203,43,43,YOLO,1,32,0,20.44929433344545,0,[]
20250720_235210_183,-19,43,43,16.0,20.44929433344545,0.10480499267578125,0.00457000732421875,43,43,YOLO,1,32,0,20.44929433344545,0,[]
20250720_235210_295,-19,43,43,16.0,20.44929433344545,0.09615635871887207,0.0039882659912109375,43,43,YOLO,1,32,0,20.44929433344545,0,[]
20250720_235210_399,-19,43,43,16.0,20.44929433344545,0.0885169506072998,0.0040435791015625,43,43,YOLO,1,32,0,20.44929433344545,0,[]
20250720_235210_494,-19,43,43,16.0,20.44929433344545,0.09671854972839355,0.003992319107055664,43,43,YOLO,1,32,0,20.44929433344545,0,[]
20250720_235210_598,-19,43,43,16.0,20.44929433344545,0.09578967094421387,0.004276275634765625,43,43,YOLO,1,32,0,20.44929433344545,0,[]
20250720_235210_701,-19,43,43,16.0,20.44929433344545,0.09656238555908203,0.004215717315673828,43,43,YOLO,1,32,0,20.44929433344545,0,[]
20250720_235210_805,-19,43,43,16.0,20.44929433344545,0.08942580223083496,0.004137516021728516,43,43,YOLO,1,32,0,20.44929433344545,0,[]
20250720_235210_902,-19,43,43,16.0,20.44929433344545,0.09692072868347168,0.00429844856262207,43,43,YOLO,1,32,0,20.44929433344545,0,[]
20250720_235211_006,-19,43,43,16.0,20.44929433344545,0.09019947052001953,0.0043332576751708984,43,43,YOLO,1,32,0,20.44929433344545,0,[]
20250720_235211_104,-19,43,43,16.0,20.44929433344545,0.1020956039428711,0.004209041595458984,43,43,YOLO,1,32,0,20.44929433344545,0,[]
20250720_235211_213,-19,43,43,16.0,20.44929433344545,0.09088349342346191,0.0043256282806396484,43,43,YOLO,1,32,0,20.44929433344545,0,[]
20250720_235211_311,-19,43,43,16.0,20.44929433344545,0.0985419750213623,0.00433802604675293,43,43,YOLO,1,32,0,20.44929433344545,0,[]
20250720_235211_417,-19,43,43,16.0,20.44929433344545,0.0896768569946289,0.004282474517822266,43,43,YOLO,1,32,0,20.44929433344545,0,[]
20250720_235211_514,-19,43,43,16.0,20.44929433344545,0.09306097030639648,0.003088712692260742,43,43,YOLO,1,32,0,20.44929433344545,0,[]
20250720_235211_612,-19,43,43,16.0,20.44929433344545,0.0966644287109375,0.004008769989013672,43,43,YOLO,1,32,0,20.44929433344545,0,[]
20250720_235211_715,-19,43,43,16.0,20.44929433344545,0.09690690040588379,0.00411534309387207,43,43,YOLO,1,32,0,20.44929433344545,0,[]
20250720_235211_820,-19,43,43,16.0,20.44929433344545,0.09929203987121582,0.0047473907470703125,43,43,YOLO,1,32,0,20.44929433344545,0,[]
20250720_235211_927,-19,43,43,16.0,20.44929433344545,0.09772396087646484,0.00432586669921875,43,43,YOLO,1,32,0,20.44929433344545,0,[]
20250720_235212_032,-19,43,43,16.0,20.44929433344545,0.09909772872924805,0.004309415817260742,43,43,YOLO,1,32,0,20.44929433344545,0,[]
20250720_235212_138,-19,43,43,16.0,20.44929433344545,0.095306396484375,0.002202272415161133,43,43,YOLO,1,32,0,20.44929433344545,0,[]
20250720_235212_237,-19,43,43,16.0,20.44929433344545,0.09055304527282715,0.003856182098388672,43,43,YOLO,1,32,0,20.44929433344545,0,[]
20250720_235212_334,-19,43,43,16.0,20.44929433344545,0.09013509750366211,0.0020720958709716797,43,43,YOLO,1,32,0,20.44929433344545,0,[]
20250720_235212_428,-19,43,43,16.0,20.44929433344545,0.09328007698059082,0.004292726516723633,43,43,YOLO,1,32,0,20.44929433344545,0,[]
20250720_235212_529,-19,43,43,16.0,20.44929433344545,0.09872126579284668,0.0039501190185546875,43,43,YOLO,1,32,0,20.44929433344545,0,[]
20250720_235212_634,-19,43,43,16.0,20.44929433344545,0.09621119499206543,0.004329681396484375,43,43,YOLO,1,32,0,20.44929433344545,0,[]
20250720_235212_738,-19,43,43,16.0,20.44929433344545,0.09622979164123535,0.004238128662109375,43,43,YOLO,1,32,0,20.44929433344545,0,[]
20250720_235212_841,-19,43,43,16.0,20.44929433344545,0.0992894172668457,0.00392913818359375,43,43,YOLO,1,32,0,20.44929433344545,0,[]
20250720_235212_947,-19,43,43,16.0,20.44929433344545,0.10387897491455078,0.0043828487396240234,43,43,YOLO,1,32,0,20.44929433344545,0,[]
20250720_235213_058,-19,43,43,16.0,20.44929433344545,0.09753870964050293,0.004248380661010742,43,43,YOLO,1,32,0,20.44929433344545,0,[]
20250720_235213_163,-19,43,43,16.0,20.44929433344545,0.09743404388427734,0.004449129104614258,43,43,YOLO,1,32,0,20.44929433344545,0,[]
20250720_235213_266,-19,43,43,16.0,20.44929433344545,0.09139776229858398,0.004271030426025391,43,43,YOLO,1,32,0,20.44929433344545,0,[]
20250720_235213_365,-19,43,43,16.0,20.44929433344545,0.0933992862701416,0.004343509674072266,43,43,YOLO,1,32,0,20.44929433344545,0,[]
20250720_235213_466,-19,43,43,16.0,20.44929433344545,0.0937809944152832,0.004592418670654297,43,43,YOLO,1,32,0,20.44929433344545,0,[]
20250720_235213_568,-19,43,43,16.0,20.44929433344545,0.0900275707244873,0.0043544769287109375,43,43,YOLO,1,32,0,20.44929433344545,0,[]
20250720_235213_665,-18,43,43,16.0,20.02549559143135,0.09489703178405762,0.004302263259887695,43,43,YOLO,1,32,0,20.02549559143135,0,[]
20250720_235213_768,-18,43,43,16.0,20.02549559143135,0.10440659523010254,0.004454135894775391,43,43,YOLO,1,32,0,20.02549559143135,0,[]
20250720_235213_880,-18,42,42,14.5,20.354345977057847,0.09406399726867676,0.004331111907958984,42,42,YOLO,1,32,0,20.354345977057847,0,[]
20250720_235213_981,-18,42,42,14.5,20.354345977057847,0.09445023536682129,0.004242897033691406,42,42,YOLO,1,32,0,20.354345977057847,0,[]
20250720_235214_083,-18,42,42,14.5,20.354345977057847,0.09042549133300781,0.004336118698120117,42,42,YOLO,1,32,0,20.354345977057847,0,[]
20250720_235214_181,-18,42,42,14.5,20.354345977057847,0.09291315078735352,0.0043179988861083984,42,42,YOLO,1,32,0,20.354345977057847,0,[]
20250720_235214_281,-18,42,42,14.5,20.354345977057847,0.09621334075927734,0.0043392181396484375,42,42,YOLO,1,32,0,20.354345977057847,0,[]
20250720_235214_385,-18,42,42,14.5,20.354345977057847,0.09363460540771484,0.00437474250793457,42,42,YOLO,1,32,0,20.354345977057847,0,[]
20250720_235214_484,-18,42,42,14.5,20.354345977057847,0.09809398651123047,0.0040934085845947266,42,42,YOLO,1,32,0,20.354345977057847,0,[]
20250720_235214_589,-18,42,42,14.5,20.354345977057847,0.09245586395263672,0.004708766937255859,42,42,YOLO,1,32,0,20.354345977057847,0,[]
20250720_235214_690,-18,42,42,14.5,20.354345977057847,0.09223389625549316,0.004241466522216797,42,42,YOLO,1,32,0,20.354345977057847,0,[]
20250720_235214_789,-18,43,43,16.0,20.02549559143135,0.0913233757019043,0.004323244094848633,43,43,YOLO,1,32,0,20.02549559143135,0,[]
20250720_235214_888,-18,43,43,16.0,20.02549559143135,0.09392690658569336,0.0044786930084228516,43,43,YOLO,1,32,0,20.02549559143135,0,[]
20250720_235214_989,-18,43,43,16.0,20.02549559143135,0.09141397476196289,0.004305839538574219,43,43,YOLO,1,32,0,20.02549559143135,0,[]
20250720_235215_088,-18,43,43,16.0,20.02549559143135,0.0941627025604248,0.004069805145263672,43,43,YOLO,1,32,0,20.02549559143135,0,[]
20250720_235215_189,-18,43,43,16.0,20.02549559143135,0.09959673881530762,0.004386425018310547,43,43,YOLO,1,32,0,20.02549559143135,0,[]
20250720_235215_295,-18,42,42,14.5,20.354345977057847,0.09784364700317383,0.004185199737548828,42,42,YOLO,1,32,0,20.354345977057847,0,[]
20250720_235215_400,-18,42,42,14.5,20.354345977057847,0.09210038185119629,0.004300117492675781,42,42,YOLO,1,32,0,20.354345977057847,0,[]
20250720_235215_498,-18,42,42,14.5,20.354345977057847,0.09569549560546875,0.003959178924560547,42,42,YOLO,1,32,0,20.354345977057847,0,[]
20250720_235215_601,-18,42,42,14.5,20.354345977057847,0.09666705131530762,0.003916501998901367,42,42,YOLO,1,32,0,20.354345977057847,0,[]
20250720_235215_705,-18,42,42,14.5,20.354345977057847,0.09536552429199219,0.004303455352783203,42,42,YOLO,1,32,0,20.354345977057847,0,[]
20250720_235215_808,-18,42,42,14.5,20.354345977057847,0.10227489471435547,0.004392385482788086,42,42,YOLO,1,32,0,20.354345977057847,0,[]
20250720_235215_917,-18,42,42,14.5,20.354345977057847,0.09340023994445801,0.004283428192138672,42,42,YOLO,1,32,0,20.354345977057847,0,[]
20250720_235216_018,-18,42,42,14.5,20.354345977057847,0.10020112991333008,0.004343271255493164,42,42,YOLO,1,32,0,20.354345977057847,0,[]
20250720_235216_126,-18,42,42,14.5,20.354345977057847,0.09226131439208984,0.004035234451293945,42,42,YOLO,1,32,0,20.354345977057847,0,[]
20250720_235216_225,-18,42,42,14.5,20.354345977057847,0.09321260452270508,0.00427699089050293,42,42,YOLO,1,32,0,20.354345977057847,0,[]
20250720_235216_326,-18,42,42,14.5,20.354345977057847,0.09839653968811035,0.0043354034423828125,42,42,YOLO,1,32,0,20.354345977057847,0,[]
20250720_235216_432,-18,43,43,16.0,20.02549559143135,0.09900736808776855,0.004377603530883789,43,43,YOLO,1,32,0,20.02549559143135,0,[]
20250720_235216_538,-18,43,43,16.0,20.02549559143135,0.09227108955383301,0.004297733306884766,43,43,YOLO,1,32,0,20.02549559143135,0,[]
20250720_235216_638,-18,43,43,16.0,20.02549559143135,0.098724365234375,0.004327058792114258,43,43,YOLO,1,32,0,20.02549559143135,0,[]
20250720_235216_744,-18,43,43,16.0,20.02549559143135,0.09836935997009277,0.003703594207763672,43,43,YOLO,1,32,0,20.02549559143135,0,[]
20250720_235216_847,-18,43,43,16.0,20.02549559143135,0.09567093849182129,0.004349708557128906,43,43,YOLO,1,32,0,20.02549559143135,0,[]
20250720_235216_951,-18,43,43,16.0,20.02549559143135,0.1018221378326416,0.00421142578125,43,43,YOLO,1,32,0,20.02549559143135,0,[]
20250720_235217_060,-18,42,42,14.5,20.354345977057847,0.0958709716796875,0.004349470138549805,42,42,YOLO,1,32,0,20.354345977057847,0,[]
20250720_235217_163,-18,42,42,14.5,20.354345977057847,0.0955657958984375,0.00420379638671875,42,42,YOLO,1,32,0,20.354345977057847,0,[]
20250720_235217_266,-18,42,42,14.5,20.354345977057847,0.09345626831054688,0.004261016845703125,42,42,YOLO,1,32,0,20.354345977057847,0,[]
20250720_235217_367,-18,42,42,14.5,20.354345977057847,0.10051107406616211,0.004199504852294922,42,42,YOLO,1,32,0,20.354345977057847,0,[]
20250720_235217_475,-18,42,42,14.5,20.354345977057847,0.08948564529418945,0.004383563995361328,42,42,YOLO,1,32,0,20.354345977057847,0,[]
20250720_235217_571,-18,42,42,14.5,20.354345977057847,0.09462523460388184,0.004323244094848633,42,42,YOLO,1,32,0,20.354345977057847,0,[]
20250720_235217_672,-17,42,42,14.5,19.98588872229529,0.09580016136169434,0.004279136657714844,42,42,YOLO,1,32,0,19.98588872229529,0,[]
20250720_235217_775,-17,42,42,14.5,19.98588872229529,0.08929157257080078,0.004327297210693359,42,42,YOLO,1,32,0,19.98588872229529,0,[]
20250720_235217_872,-17,42,42,14.5,19.98588872229529,0.09054136276245117,0.004183053970336914,42,42,YOLO,1,32,0,19.98588872229529,0,[]
20250720_235217_969,-17,42,42,14.5,19.98588872229529,0.09400534629821777,0.0041751861572265625,42,42,YOLO,1,32,0,19.98588872229529,0,[]
20250720_235218_071,-17,42,42,14.5,19.98588872229529,0.09911036491394043,0.0041310787200927734,42,42,YOLO,1,32,0,19.98588872229529,0,[]
20250720_235218_177,-17,42,42,14.5,19.98588872229529,0.09124445915222168,0.004260063171386719,42,42,YOLO,1,32,0,19.98588872229529,0,[]
20250720_235218_275,-17,42,42,14.5,19.98588872229529,0.09157991409301758,0.004308938980102539,42,42,YOLO,1,32,0,19.98588872229529,0,[]
20250720_235218_375,-17,42,42,14.5,19.98588872229529,0.08908748626708984,0.0044727325439453125,42,42,YOLO,1,32,0,19.98588872229529,0,[]
20250720_235218_471,-17,42,42,14.5,19.98588872229529,0.08225488662719727,0.004446506500244141,42,42,YOLO,1,32,0,19.98588872229529,0,[]
20250720_235218_561,-17,42,42,14.5,19.98588872229529,0.08734965324401855,0.004368782043457031,42,42,YOLO,1,32,0,19.98588872229529,0,[]
20250720_235218_656,-17,42,42,14.5,19.98588872229529,0.09921097755432129,0.004253864288330078,42,42,YOLO,1,32,0,19.98588872229529,0,[]
20250720_235218_763,-17,42,42,14.5,19.98588872229529,0.10082459449768066,0.00436091423034668,42,42,YOLO,1,32,0,19.98588872229529,0,[]
20250720_235218_871,-17,42,42,14.5,19.98588872229529,0.09245038032531738,0.0043985843658447266,42,42,YOLO,1,32,0,19.98588872229529,0,[]
20250720_235218_971,-17,42,42,14.5,19.98588872229529,0.09962129592895508,0.004040718078613281,42,42,YOLO,1,32,0,19.98588872229529,0,[]
20250720_235219_078,-17,42,42,14.5,19.98588872229529,0.09274625778198242,0.004291057586669922,42,42,YOLO,1,32,0,19.98588872229529,0,[]
20250720_235219_178,-17,42,42,14.5,19.98588872229529,0.09211993217468262,0.0044214725494384766,42,42,YOLO,1,32,0,19.98588872229529,0,[]
20250720_235219_278,-17,42,42,14.5,19.98588872229529,0.09198260307312012,0.004476785659790039,42,42,YOLO,1,32,0,19.98588872229529,0,[]
20250720_235219_378,-17,42,42,14.5,19.98588872229529,0.08944153785705566,0.004499673843383789,42,42,YOLO,1,32,0,19.98588872229529,0,[]
20250720_235219_475,-17,42,42,14.5,19.98588872229529,0.09034848213195801,0.004119396209716797,42,42,YOLO,1,32,0,19.98588872229529,0,[]
20250720_235219_570,-17,42,42,14.5,19.98588872229529,0.09439873695373535,0.004367351531982422,42,42,YOLO,1,32,0,19.98588872229529,0,[]
20250720_235219_672,-17,42,42,14.5,19.98588872229529,0.09610986709594727,0.004207134246826172,42,42,YOLO,1,32,0,19.98588872229529,0,[]
20250720_235219_776,-17,42,42,14.5,19.98588872229529,0.09145355224609375,0.003570079803466797,42,42,YOLO,1,32,0,19.98588872229529,0,[]
20250720_235219_872,-17,42,42,14.5,19.98588872229529,0.0937812328338623,0.004002094268798828,42,42,YOLO,1,32,0,19.98588872229529,0,[]
20250720_235219_973,-17,42,42,14.5,19.98588872229529,0.09128499031066895,0.003957986831665039,42,42,YOLO,1,32,0,19.98588872229529,0,[]
20250720_235220_071,-17,42,42,14.5,19.98588872229529,0.08980345726013184,0.004431247711181641,42,42,YOLO,1,32,0,19.98588872229529,0,[]
20250720_235220_168,-17,42,42,14.5,19.98588872229529,0.09510016441345215,0.004303693771362305,42,42,YOLO,1,32,0,19.98588872229529,0,[]
20250720_235220_271,-17,42,42,14.5,19.98588872229529,0.09520769119262695,0.004297494888305664,42,42,YOLO,1,32,0,19.98588872229529,0,[]
20250720_235220_374,-17,42,42,14.5,19.98588872229529,0.09276962280273438,0.004265785217285156,42,42,YOLO,1,32,0,19.98588872229529,0,[]
20250720_235220_474,-17,42,42,14.5,19.98588872229529,0.09670090675354004,0.004273653030395508,42,42,YOLO,1,32,0,19.98588872229529,0,[]
20250720_235220_578,-17,42,42,14.5,19.98588872229529,0.09275245666503906,0.0042765140533447266,42,42,YOLO,1,32,0,19.98588872229529,0,[]
20250720_235220_678,-17,42,42,14.5,19.98588872229529,0.09540581703186035,0.0040607452392578125,42,42,YOLO,1,32,0,19.98588872229529,0,[]
20250720_235220_780,-17,42,42,14.5,19.98588872229529,0.09807443618774414,0.0046155452728271484,42,42,YOLO,1,32,0,19.98588872229529,0,[]
20250720_235220_886,-17,42,42,14.5,19.98588872229529,0.09250998497009277,0.004336357116699219,42,42,YOLO,1,32,0,19.98588872229529,0,[]
20250720_235220_986,-17,42,42,14.5,19.98588872229529,0.10181045532226562,0.004011392593383789,42,42,YOLO,1,32,0,19.98588872229529,0,[]
20250720_235221_095,-17,42,42,14.5,19.98588872229529,0.09845519065856934,0.004301309585571289,42,42,YOLO,1,32,0,19.98588872229529,0,[]
20250720_235221_201,-17,42,42,14.5,19.98588872229529,0.09581756591796875,0.004304647445678711,42,42,YOLO,1,32,0,19.98588872229529,0,[]
20250720_235221_304,-17,42,42,14.5,19.98588872229529,0.09400010108947754,0.0039293766021728516,42,42,YOLO,1,32,0,19.98588872229529,0,[]
20250720_235221_405,-17,42,42,14.5,19.98588872229529,0.0897371768951416,0.004361867904663086,42,42,YOLO,1,32,0,19.98588872229529,0,[]
20250720_235221_502,-17,42,42,14.5,19.98588872229529,0.10738658905029297,0.003939390182495117,42,42,YOLO,1,32,0,19.98588872229529,0,[]
20250720_235221_616,-17,42,42,14.5,19.98588872229529,0.08992505073547363,0.004293203353881836,42,42,YOLO,1,32,0,19.98588872229529,0,[]
20250720_235221_714,-16,42,42,14.5,19.42798830172086,0.0976114273071289,0.0042836666107177734,42,42,YOLO,1,32,0,19.42798830172086,0,[]
20250720_235221_819,-16,NO_RADIO,42,14.5,19.42798830172086,0.09479618072509766,0.0041904449462890625,42,,CenterFallback,1,32,0,,,[]
20250720_235221_921,-16,41,41,13.1,20.432803748092795,0.09883952140808105,0.004228353500366211,41,41,YOLO,1,32,0,20.432803748092795,0,[]
20250720_235222_027,-16,41,41,13.1,20.432803748092795,0.09997916221618652,0.0042994022369384766,41,41,YOLO,1,32,0,20.432803748092795,0,[]
20250720_235222_134,-16,41,41,13.1,20.432803748092795,0.09431886672973633,0.00398707389831543,41,41,YOLO,1,32,0,20.432803748092795,0,[]
20250720_235222_236,-16,41,41,13.1,20.432803748092795,0.0949254035949707,0.00432586669921875,41,41,YOLO,1,32,0,20.432803748092795,0,[]
20250720_235222_338,-16,41,41,13.1,20.432803748092795,0.0976412296295166,0.004414081573486328,41,41,YOLO,1,32,0,20.432803748092795,0,[]
20250720_235222_443,-16,41,41,13.1,20.432803748092795,0.09926104545593262,0.004420042037963867,41,41,YOLO,1,32,0,20.432803748092795,0,[]
20250720_235222_550,-16,41,41,13.1,20.432803748092795,0.09627938270568848,0.004292964935302734,41,41,YOLO,1,32,0,20.432803748092795,0,[]
20250720_235222_652,-16,41,41,13.1,20.432803748092795,0.10024857521057129,0.0041446685791015625,41,41,YOLO,1,32,0,20.432803748092795,0,[]
20250720_235222_760,-16,41,41,13.1,20.432803748092795,0.08822202682495117,0.004372119903564453,41,41,YOLO,1,32,0,20.432803748092795,0,[]
20250720_235222_855,-16,41,41,13.1,20.432803748092795,0.09703826904296875,0.004321098327636719,41,41,YOLO,1,32,0,20.432803748092795,0,[]
20250720_235222_960,-16,41,41,13.1,20.432803748092795,0.09312582015991211,0.004366874694824219,41,41,YOLO,1,32,0,20.432803748092795,0,[]
20250720_235223_060,-16,41,41,13.1,20.432803748092795,0.09415793418884277,0.004433631896972656,41,41,YOLO,1,32,0,20.432803748092795,0,[]
20250720_235223_162,-16,41,41,13.1,20.432803748092795,0.10074377059936523,0.004151582717895508,41,41,YOLO,1,32,0,20.432803748092795,0,[]
20250720_235223_270,-16,41,41,13.1,20.432803748092795,0.09176921844482422,0.004431962966918945,41,41,YOLO,1,32,0,20.432803748092795,0,[]
20250720_235223_370,-16,41,41,13.1,20.432803748092795,0.1041707992553711,0.0037055015563964844,41,41,YOLO,1,32,0,20.432803748092795,0,[]
20250720_235223_480,-16,41,41,13.1,20.432803748092795,0.08745002746582031,0.003980159759521484,41,41,YOLO,1,32,0,20.432803748092795,0,[]
20250720_235223_574,-16,41,41,13.1,20.432803748092795,0.09753060340881348,0.003932952880859375,41,41,YOLO,1,32,0,20.432803748092795,0,[]
20250720_235223_679,-16,41,41,13.1,20.432803748092795,0.09671711921691895,0.0042171478271484375,41,41,YOLO,1,32,0,20.432803748092795,0,[]
20250720_235223_783,-16,41,41,13.1,20.432803748092795,0.10027933120727539,0.0037851333618164062,41,41,YOLO,1,32,0,20.432803748092795,0,[]
20250720_235223_889,-16,41,41,13.1,20.432803748092795,0.09528183937072754,0.004415035247802734,41,41,YOLO,1,32,0,20.432803748092795,0,[]
20250720_235223_992,-16,41,41,13.1,20.432803748092795,0.10063314437866211,0.00390625,41,41,YOLO,1,32,0,20.432803748092795,0,[]
20250720_235224_099,-16,41,41,13.1,20.432803748092795,0.09819817543029785,0.0027306079864501953,41,41,YOLO,1,32,0,20.432803748092795,0,[]
20250720_235224_202,-16,41,41,13.1,20.432803748092795,0.0951387882232666,0.004348278045654297,41,41,YOLO,1,32,0,20.432803748092795,0,[]
20250720_235224_303,-16,41,41,13.1,20.432803748092795,0.10163736343383789,0.004402875900268555,41,41,YOLO,1,32,0,20.432803748092795,0,[]
20250720_235224_412,-16,41,41,13.1,20.432803748092795,0.09203124046325684,0.004785060882568359,41,41,YOLO,1,32,0,20.432803748092795,0,[]
20250720_235224_512,-16,41,41,13.1,20.432803748092795,0.09055137634277344,0.0044612884521484375,41,41,YOLO,1,32,0,20.432803748092795,0,[]
20250720_235224_610,-16,41,41,13.1,20.432803748092795,0.08692717552185059,0.004063844680786133,41,41,YOLO,1,32,0,20.432803748092795,0,[]
20250720_235224_704,-16,41,41,13.1,20.432803748092795,0.09123444557189941,0.004536867141723633,41,41,YOLO,1,32,0,20.432803748092795,0,[]
20250720_235224_804,-16,41,41,13.1,20.432803748092795,0.08981204032897949,0.004494667053222656,41,41,YOLO,1,32,0,20.432803748092795,0,[]
20250720_235224_901,-16,41,41,13.1,20.432803748092795,0.09365582466125488,0.004468441009521484,41,41,YOLO,1,32,0,20.432803748092795,0,[]
20250720_235225_002,-16,41,41,13.1,20.432803748092795,0.09796762466430664,0.004110813140869141,41,41,YOLO,1,32,0,20.432803748092795,0,[]
20250720_235225_108,-16,41,41,13.1,20.432803748092795,0.09058213233947754,0.004480838775634766,41,41,YOLO,1,32,0,20.432803748092795,0,[]
20250720_235225_206,-16,41,41,13.1,20.432803748092795,0.09125185012817383,0.003954172134399414,41,41,YOLO,1,32,0,20.432803748092795,0,[]
20250720_235225_305,-16,41,41,13.1,20.432803748092795,0.10951662063598633,0.004460573196411133,41,41,YOLO,1,32,0,20.432803748092795,0,[]
20250720_235225_422,-16,41,41,13.1,20.432803748092795,0.09396076202392578,0.004329681396484375,41,41,YOLO,1,32,0,20.432803748092795,0,[]
20250720_235225_523,-16,41,41,13.1,20.432803748092795,0.08922362327575684,0.004311084747314453,41,41,YOLO,1,32,0,20.432803748092795,0,[]
20250720_235225_620,-16,41,41,13.1,20.432803748092795,0.09526968002319336,0.004329681396484375,41,41,YOLO,1,32,0,20.432803748092795,0,[]
20250720_235225_723,-15,41,41,13.1,20.66102041937131,0.09355688095092773,0.004348039627075195,41,41,YOLO,1,32,0,20.66102041937131,0,[]
20250720_235225_824,-15,41,41,13.1,20.66102041937131,0.09554886817932129,0.00487208366394043,41,41,YOLO,1,32,0,20.66102041937131,0,[]
20250720_235225_927,-15,40,40,11.6,20.950883423627506,0.09400272369384766,0.004328489303588867,40,40,YOLO,1,32,0,20.950883423627506,0,[]
20250720_235226_028,-15,40,40,11.6,20.950883423627506,0.2362382411956787,0.004098415374755859,40,40,YOLO,1,32,0,20.950883423627506,0,[]
20250720_235226_270,-15,40,40,11.6,20.950883423627506,0.09346222877502441,0.004307985305786133,40,40,YOLO,1,32,0,20.950883423627506,0,[]
20250720_235226_371,-15,40,40,11.6,20.950883423627506,0.09831118583679199,0.004391908645629883,40,40,YOLO,1,32,0,20.950883423627506,0,[]
20250720_235226_477,-15,40,40,11.6,20.950883423627506,0.09353041648864746,0.003991365432739258,40,40,YOLO,1,32,0,20.950883423627506,0,[]
20250720_235226_577,-15,40,40,11.6,20.950883423627506,0.10052657127380371,0.004312276840209961,40,40,YOLO,1,32,0,20.950883423627506,0,[]
20250720_235226_685,-15,40,40,11.6,20.950883423627506,0.09514045715332031,0.004564762115478516,40,40,YOLO,1,32,0,20.950883423627506,0,[]
20250720_235226_788,-15,40,40,11.6,20.950883423627506,0.09563803672790527,0.004276752471923828,40,40,YOLO,1,32,0,20.950883423627506,0,[]
20250720_235226_891,-15,40,40,11.6,20.950883423627506,0.09840989112854004,0.004362583160400391,40,40,YOLO,1,32,0,20.950883423627506,0,[]
20250720_235226_997,-15,40,40,11.6,20.950883423627506,0.08950352668762207,0.004224300384521484,40,40,YOLO,1,32,0,20.950883423627506,0,[]
20250720_235227_094,-15,40,40,11.6,20.950883423627506,0.09249639511108398,0.0043566226959228516,40,40,YOLO,1,32,0,20.950883423627506,0,[]
20250720_235227_194,-15,40,40,11.6,20.950883423627506,0.09215307235717773,0.0043489933013916016,40,40,YOLO,1,32,0,20.950883423627506,0,[]
20250720_235227_294,-15,40,40,11.6,20.950883423627506,0.09119892120361328,0.00484919548034668,40,40,YOLO,1,32,0,20.950883423627506,0,[]
20250720_235227_393,-15,40,40,11.6,20.950883423627506,0.09579896926879883,0.004384040832519531,40,40,YOLO,1,32,0,20.950883423627506,0,[]
20250720_235227_496,-15,40,40,11.6,20.950883423627506,0.08769583702087402,0.004233598709106445,40,40,YOLO,1,32,0,20.950883423627506,0,[]
20250720_235227_591,-15,40,40,11.6,20.950883423627506,0.09096717834472656,0.0042819976806640625,40,40,YOLO,1,32,0,20.950883423627506,0,[]
20250720_235227_690,-15,40,40,11.6,20.950883423627506,0.08902382850646973,0.00433349609375,40,40,YOLO,1,32,0,20.950883423627506,0,[]
20250720_235227_786,-15,40,40,11.6,20.950883423627506,0.09031248092651367,0.004146099090576172,40,40,YOLO,1,32,0,20.950883423627506,0,[]
20250720_235227_884,-15,40,40,11.6,20.950883423627506,0.0951845645904541,0.004256010055541992,40,40,YOLO,1,32,0,20.950883423627506,0,[]
20250720_235227_986,-15,40,40,11.6,20.950883423627506,0.09297060966491699,0.0042722225189208984,40,40,YOLO,1,32,0,20.950883423627506,0,[]
20250720_235228_087,-15,40,40,11.6,20.950883423627506,0.0968320369720459,0.004262447357177734,40,40,YOLO,1,32,0,20.950883423627506,0,[]
20250720_235228_191,-15,40,40,11.6,20.950883423627506,0.09711432456970215,0.003959178924560547,40,40,YOLO,1,32,0,20.950883423627506,0,[]
20250720_235228_295,-15,40,40,11.6,20.950883423627506,0.0998990535736084,0.003969669342041016,40,40,YOLO,1,32,0,20.950883423627506,0,[]
20250720_235228_402,-15,40,40,11.6,20.950883423627506,0.10212039947509766,0.004378795623779297,40,40,YOLO,1,32,0,20.950883423627506,0,[]
20250720_235228_510,-15,40,40,11.6,20.950883423627506,0.0963897705078125,0.004450798034667969,40,40,YOLO,1,32,0,20.950883423627506,0,[]
20250720_235228_614,-15,40,40,11.6,20.950883423627506,0.09658455848693848,0.004363298416137695,40,40,YOLO,1,32,0,20.950883423627506,0,[]
20250720_235228_718,-15,40,40,11.6,20.950883423627506,0.09944725036621094,0.004419088363647461,40,40,YOLO,1,32,0,20.950883423627506,0,[]
20250720_235228_825,-15,40,40,11.6,20.950883423627506,0.09189581871032715,0.004154682159423828,40,40,YOLO,1,32,0,20.950883423627506,0,[]
20250720_235228_925,-15,40,40,11.6,20.950883423627506,0.09210562705993652,0.004361391067504883,40,40,YOLO,1,32,0,20.950883423627506,0,[]
20250720_235229_024,-15,40,40,11.6,20.950883423627506,0.09228086471557617,0.004377841949462891,40,40,YOLO,1,32,0,20.950883423627506,0,[]
20250720_235229_124,-15,41,41,13.1,20.66102041937131,0.0914616584777832,0.004288434982299805,41,41,YOLO,1,32,0,20.66102041937131,0,[]
20250720_235229_223,-15,41,41,13.1,20.66102041937131,0.09126448631286621,0.003923892974853516,41,41,YOLO,1,32,0,20.66102041937131,0,[]
20250720_235229_321,-15,41,41,13.1,20.66102041937131,0.09590268135070801,0.004012107849121094,41,41,YOLO,1,32,0,20.66102041937131,0,[]
20250720_235229_424,-15,41,41,13.1,20.66102041937131,0.0907583236694336,0.0042629241943359375,41,41,YOLO,1,32,0,20.66102041937131,0,[]
20250720_235229_522,-15,41,41,13.1,20.66102041937131,0.08918952941894531,0.0038938522338867188,41,41,YOLO,1,32,0,20.66102041937131,0,[]
20250720_235229_618,-15,41,41,13.1,20.66102041937131,0.08490729331970215,0.0043141841888427734,41,41,YOLO,1,32,0,20.66102041937131,0,[]
20250720_235229_710,-14,41,41,13.1,20.137042811436928,0.0930027961730957,0.003949403762817383,41,41,YOLO,1,32,0,20.137042811436928,0,[]
20250720_235229_810,-14,41,41,13.1,20.137042811436928,0.08790802955627441,0.004041194915771484,41,41,YOLO,1,32,0,20.137042811436928,0,[]
20250720_235229_905,-14,40,40,11.6,20.684931335855552,0.09729719161987305,0.004364490509033203,40,40,YOLO,1,32,0,20.684931335855552,0,[]
20250720_235230_010,-14,39,39,10.2,20.76877690563053,0.0999603271484375,0.0041811466217041016,39,39,YOLO,1,32,0,20.76877690563053,0,[]
20250720_235230_117,-14,39,39,10.2,20.76877690563053,0.09850192070007324,0.0044634342193603516,39,39,YOLO,1,32,0,20.76877690563053,0,[]
20250720_235230_223,-14,39,39,10.2,20.76877690563053,0.09905838966369629,0.004500627517700195,39,39,YOLO,1,32,0,20.76877690563053,0,[]
20250720_235230_330,-14,40,40,11.6,20.684931335855552,0.09635186195373535,0.004269599914550781,40,40,YOLO,1,32,0,20.684931335855552,0,[]
20250720_235230_434,-14,40,40,11.6,20.684931335855552,0.09827566146850586,0.004481077194213867,40,40,YOLO,1,32,0,20.684931335855552,0,[]
20250720_235230_540,-14,40,40,11.6,20.684931335855552,0.09379863739013672,0.0044651031494140625,40,40,YOLO,1,32,0,20.684931335855552,0,[]
20250720_235230_641,-14,40,40,11.6,20.684931335855552,0.09860396385192871,0.004537820816040039,40,40,YOLO,1,32,0,20.684931335855552,0,[]
20250720_235230_748,-14,40,40,11.6,20.684931335855552,0.09607577323913574,0.0026328563690185547,40,40,YOLO,1,32,0,20.684931335855552,0,[]
20250720_235230_850,-14,40,40,11.6,20.684931335855552,0.08839941024780273,0.003942728042602539,40,40,YOLO,1,32,0,20.684931335855552,0,[]
20250720_235230_945,-14,40,40,11.6,20.684931335855552,0.0938258171081543,0.0044519901275634766,40,40,YOLO,1,32,0,20.684931335855552,0,[]
20250720_235231_047,-14,40,40,11.6,20.684931335855552,0.09343194961547852,0.004233121871948242,40,40,YOLO,1,32,0,20.684931335855552,0,[]
20250720_235231_147,-14,40,40,11.6,20.684931335855552,0.0989835262298584,0.004775285720825195,40,40,YOLO,1,32,0,20.684931335855552,0,[]
20250720_235231_254,-14,40,40,11.6,20.684931335855552,0.09467267990112305,0.004342079162597656,40,40,YOLO,1,32,0,20.684931335855552,0,[]
20250720_235231_356,-14,40,40,11.6,20.684931335855552,0.10306906700134277,0.004453420639038086,40,40,YOLO,1,32,0,20.684931335855552,0,[]
20250720_235231_467,-14,40,40,11.6,20.684931335855552,0.09793567657470703,0.004205465316772461,40,40,YOLO,1,32,0,20.684931335855552,0,[]
20250720_235231_572,-14,40,40,11.6,20.684931335855552,0.09840178489685059,0.004328012466430664,40,40,YOLO,1,32,0,20.684931335855552,0,[]
20250720_235231_678,-14,40,40,11.6,20.684931335855552,0.09195351600646973,0.0042912960052490234,40,40,YOLO,1,32,0,20.684931335855552,0,[]
20250720_235231_778,-14,40,40,11.6,20.684931335855552,0.08906197547912598,0.004323005676269531,40,40,YOLO,1,32,0,20.684931335855552,0,[]
20250720_235231_874,-14,40,40,11.6,20.684931335855552,0.09412193298339844,0.004261970520019531,40,40,YOLO,1,32,0,20.684931335855552,0,[]
20250720_235231_976,-14,40,40,11.6,20.684931335855552,0.09943556785583496,0.0043332576751708984,40,40,YOLO,1,32,0,20.684931335855552,0,[]
20250720_235232_081,-14,40,40,11.6,20.684931335855552,0.09429240226745605,0.004221439361572266,40,40,YOLO,1,32,0,20.684931335855552,0,[]
20250720_235232_183,-14,39,39,10.2,20.76877690563053,0.09800553321838379,0.0043866634368896484,39,39,YOLO,1,32,0,20.76877690563053,0,[]
20250720_235232_288,-14,40,40,11.6,20.684931335855552,0.09854602813720703,0.0045354366302490234,40,40,YOLO,1,32,0,20.684931335855552,0,[]
20250720_235232_393,-14,39,39,10.2,20.76877690563053,0.09803318977355957,0.00422215461730957,39,39,YOLO,1,32,0,20.76877690563053,0,[]
20250720_235232_498,-14,40,40,11.6,20.684931335855552,0.09664702415466309,0.004413604736328125,40,40,YOLO,1,32,0,20.684931335855552,0,[]
20250720_235232_602,-14,39,39,10.2,20.76877690563053,0.09767580032348633,0.003960847854614258,39,39,YOLO,1,32,0,20.76877690563053,0,[]
20250720_235232_707,-14,40,40,11.6,20.684931335855552,0.09836530685424805,0.00422215461730957,40,40,YOLO,1,32,0,20.684931335855552,0,[]
20250720_235232_813,-14,39,39,10.2,20.76877690563053,0.09952545166015625,0.0028967857360839844,39,39,YOLO,1,32,0,20.76877690563053,0,[]
20250720_235232_917,-14,39,39,10.2,20.76877690563053,0.09790611267089844,0.004324913024902344,39,39,YOLO,1,32,0,20.76877690563053,0,[]
20250720_235233_022,-14,39,39,10.2,20.76877690563053,0.0937807559967041,0.0043675899505615234,39,39,YOLO,1,32,0,20.76877690563053,0,[]
20250720_235233_123,-14,39,39,10.2,20.76877690563053,0.09073972702026367,0.004308223724365234,39,39,YOLO,1,32,0,20.76877690563053,0,[]
20250720_235233_221,-14,39,39,10.2,20.76877690563053,0.09133505821228027,0.004216909408569336,39,39,YOLO,1,32,0,20.76877690563053,0,[]
20250720_235233_320,-14,39,39,10.2,20.76877690563053,0.09083414077758789,0.003945350646972656,39,39,YOLO,1,32,0,20.76877690563053,0,[]
20250720_235233_417,-14,39,39,10.2,20.76877690563053,0.09294676780700684,0.00432586669921875,39,39,YOLO,1,32,0,20.76877690563053,0,[]
20250720_235233_518,-14,39,39,10.2,20.76877690563053,0.09451055526733398,0.0044710636138916016,39,39,YOLO,1,32,0,20.76877690563053,0,[]
20250720_235233_620,-14,40,40,11.6,20.684931335855552,0.0925145149230957,0.004335165023803711,40,40,YOLO,1,32,0,20.684931335855552,0,[]
20250720_235233_720,-13,40,40,11.6,20.55133519330974,0.09226226806640625,0.00432276725769043,40,40,YOLO,1,32,0,20.55133519330974,0,[]
20250720_235233_820,-13,40,40,11.6,20.55133519330974,0.09065699577331543,0.004258632659912109,40,40,YOLO,1,32,0,20.55133519330974,0,[]
20250720_235233_918,-13,39,39,10.2,21.166090889014924,0.09213709831237793,0.004334688186645508,39,39,YOLO,1,32,0,21.166090889014924,0,[]
20250720_235234_017,-13,39,39,10.2,21.166090889014924,0.10088920593261719,0.0043163299560546875,39,39,YOLO,1,32,0,21.166090889014924,0,[]
20250720_235234_124,-13,39,39,10.2,21.166090889014924,0.09425640106201172,0.004423618316650391,39,39,YOLO,1,32,0,21.166090889014924,0,[]
20250720_235234_226,-13,39,39,10.2,21.166090889014924,0.09232020378112793,0.004307746887207031,39,39,YOLO,1,32,0,21.166090889014924,0,[]
20250720_235234_325,-13,39,39,10.2,21.166090889014924,0.10452532768249512,0.00428462028503418,39,39,YOLO,1,32,0,21.166090889014924,0,[]
20250720_235234_437,-13,39,39,10.2,21.166090889014924,0.0961005687713623,0.004351377487182617,39,39,YOLO,1,32,0,21.166090889014924,0,[]
20250720_235234_541,-13,39,39,10.2,21.166090889014924,0.10351300239562988,0.0042912960052490234,39,39,YOLO,1,32,0,21.166090889014924,0,[]
20250720_235234_652,-13,39,39,10.2,21.166090889014924,0.09436750411987305,0.004248619079589844,39,39,YOLO,1,32,0,21.166090889014924,0,[]
20250720_235234_752,-13,39,39,10.2,21.166090889014924,0.10153770446777344,0.004750728607177734,39,39,YOLO,1,32,0,21.166090889014924,0,[]
20250720_235234_862,-13,39,39,10.2,21.166090889014924,0.09357738494873047,0.003987550735473633,39,39,YOLO,1,32,0,21.166090889014924,0,[]
20250720_235234_962,-13,39,39,10.2,21.166090889014924,0.09188270568847656,0.00439143180847168,39,39,YOLO,1,32,0,21.166090889014924,0,[]
20250720_235235_062,-13,39,39,10.2,21.166090889014924,0.0948185920715332,0.004240512847900391,39,39,YOLO,1,32,0,21.166090889014924,0,[]
20250720_235235_164,-13,39,39,10.2,21.166090889014924,0.09540033340454102,0.003913164138793945,39,39,YOLO,1,32,0,21.166090889014924,0,[]
20250720_235235_266,-13,39,39,10.2,21.166090889014924,0.09384608268737793,0.004103899002075195,39,39,YOLO,1,32,0,21.166090889014924,0,[]
20250720_235235_366,-13,39,39,10.2,21.166090889014924,0.09177398681640625,0.004391670227050781,39,39,YOLO,1,32,0,21.166090889014924,0,[]
20250720_235235_465,-13,39,39,10.2,21.166090889014924,0.0915689468383789,0.004339694976806641,39,39,YOLO,1,32,0,21.166090889014924,0,[]
20250720_235235_564,-13,39,39,10.2,21.166090889014924,0.09160804748535156,0.004332065582275391,39,39,YOLO,1,32,0,21.166090889014924,0,[]
20250720_235235_663,-13,39,39,10.2,21.166090889014924,0.09547805786132812,0.004647493362426758,39,39,YOLO,1,32,0,21.166090889014924,0,[]
20250720_235235_766,-13,39,39,10.2,21.166090889014924,0.08996701240539551,0.0042836666107177734,39,39,YOLO,1,32,0,21.166090889014924,0,[]
20250720_235235_864,-13,39,39,10.2,21.166090889014924,0.09724926948547363,0.00408625602722168,39,39,YOLO,1,32,0,21.166090889014924,0,[]
20250720_235235_968,-13,39,39,10.2,21.166090889014924,0.09864258766174316,0.004327058792114258,39,39,YOLO,1,32,0,21.166090889014924,0,[]
20250720_235236_074,-13,39,39,10.2,21.166090889014924,0.09705543518066406,0.004151105880737305,39,39,YOLO,1,32,0,21.166090889014924,0,[]
20250720_235236_177,-13,39,39,10.2,21.166090889014924,0.09188175201416016,0.0043222904205322266,39,39,YOLO,1,32,0,21.166090889014924,0,[]
20250720_235236_277,-13,39,39,10.2,21.166090889014924,0.09983706474304199,0.0043294429779052734,39,39,YOLO,1,32,0,21.166090889014924,0,[]
20250720_235236_384,-13,39,39,10.2,21.166090889014924,0.09840703010559082,0.004364728927612305,39,39,YOLO,1,32,0,21.166090889014924,0,[]
20250720_235236_490,-13,39,39,10.2,21.166090889014924,0.09350323677062988,0.0020546913146972656,39,39,YOLO,1,32,0,21.166090889014924,0,[]
20250720_235236_587,-13,39,39,10.2,21.166090889014924,0.09185910224914551,0.0029282569885253906,39,39,YOLO,1,32,0,21.166090889014924,0,[]
20250720_235236_684,-13,39,39,10.2,21.166090889014924,0.09707212448120117,0.0024209022521972656,39,39,YOLO,1,32,0,21.166090889014924,0,[]
20250720_235236_785,-13,39,39,10.2,21.166090889014924,0.09313178062438965,0.002099275588989258,39,39,YOLO,1,32,0,21.166090889014924,0,[]
20250720_235236_881,-13,39,39,10.2,21.166090889014924,0.10232377052307129,0.0022928714752197266,39,39,YOLO,1,32,0,21.166090889014924,0,[]
20250720_235236_987,-13,39,39,10.2,21.166090889014924,0.08885598182678223,0.0026645660400390625,39,39,YOLO,1,32,0,21.166090889014924,0,[]
20250720_235237_080,-13,39,39,10.2,21.166090889014924,0.08778929710388184,0.0020613670349121094,39,39,YOLO,1,32,0,21.166090889014924,0,[]
20250720_235237_172,-13,39,39,10.2,21.166090889014924,0.09361386299133301,0.0021736621856689453,39,39,YOLO,1,32,0,21.166090889014924,0,[]
20250720_235237_269,-13,39,39,10.2,21.166090889014924,0.08894205093383789,0.0020627975463867188,39,39,YOLO,1,32,0,21.166090889014924,0,[]
20250720_235237_361,-13,39,39,10.2,21.166090889014924,0.09725499153137207,0.0020427703857421875,39,39,YOLO,1,32,0,21.166090889014924,0,[]
20250720_235237_462,-13,39,39,10.2,21.166090889014924,0.09993147850036621,0.002229452133178711,39,39,YOLO,1,32,0,21.166090889014924,0,[]
20250720_235237_565,-13,39,39,10.2,21.166090889014924,0.09979462623596191,0.0020360946655273438,39,39,YOLO,1,32,0,21.166090889014924,0,[]
20250720_235237_668,-12,39,39,10.2,20.199031257559568,0.09499192237854004,0.003244638442993164,39,39,YOLO,1,32,0,20.199031257559568,0,[]
20250720_235237_768,-12,39,39,10.2,20.199031257559568,0.0977315902709961,0.0020449161529541016,39,39,YOLO,1,32,0,20.199031257559568,0,[]
20250720_235237_869,-12,38,38,8.7,20.63251142908078,0.09575986862182617,0.0020720958709716797,38,38,YOLO,1,32,0,20.63251142908078,0,[]
20250720_235237_969,-12,38,38,8.7,20.63251142908078,0.09708356857299805,0.0020589828491210938,38,38,YOLO,1,32,0,20.63251142908078,0,[]
20250720_235238_069,-12,38,38,8.7,20.63251142908078,0.09565091133117676,0.0026979446411132812,38,38,YOLO,1,32,0,20.63251142908078,0,[]
20250720_235238_169,-12,38,38,8.7,20.63251142908078,0.0943295955657959,0.002221822738647461,38,38,YOLO,1,32,0,20.63251142908078,0,[]
20250720_235238_267,-12,38,38,8.7,20.63251142908078,0.09097695350646973,0.004313230514526367,38,38,YOLO,1,32,0,20.63251142908078,0,[]
20250720_235238_365,-12,38,38,8.7,20.63251142908078,0.09193921089172363,0.004322052001953125,38,38,YOLO,1,32,0,20.63251142908078,0,[]
20250720_235238_465,-12,38,38,8.7,20.63251142908078,0.08963680267333984,0.004200935363769531,38,38,YOLO,1,32,0,20.63251142908078,0,[]
20250720_235238_561,-12,38,38,8.7,20.63251142908078,0.09205055236816406,0.004319429397583008,38,38,YOLO,1,32,0,20.63251142908078,0,[]
20250720_235238_661,-12,38,38,8.7,20.63251142908078,0.09154343605041504,0.004266262054443359,38,38,YOLO,1,32,0,20.63251142908078,0,[]
20250720_235238_760,-12,38,38,8.7,20.63251142908078,0.08842706680297852,0.004295825958251953,38,38,YOLO,1,32,0,20.63251142908078,0,[]
20250720_235238_855,-12,38,38,8.7,20.63251142908078,0.08664345741271973,0.004091978073120117,38,38,YOLO,1,32,0,20.63251142908078,0,[]
20250720_235238_949,-12,38,38,8.7,20.63251142908078,0.09267330169677734,0.004517078399658203,38,38,YOLO,1,32,0,20.63251142908078,0,[]
20250720_235239_050,-12,38,38,8.7,20.63251142908078,0.09470105171203613,0.0020799636840820312,38,38,YOLO,1,32,0,20.63251142908078,0,[]
20250720_235239_148,-12,38,38,8.7,20.63251142908078,0.09704756736755371,0.0021469593048095703,38,38,YOLO,1,32,0,20.63251142908078,0,[]
20250720_235239_248,-12,38,38,8.7,20.63251142908078,0.10204505920410156,0.0022287368774414062,38,38,YOLO,1,32,0,20.63251142908078,0,[]
20250720_235239_354,-12,38,38,8.7,20.63251142908078,0.09183096885681152,0.0020842552185058594,38,38,YOLO,1,32,0,20.63251142908078,0,[]
20250720_235239_449,-12,38,38,8.7,20.63251142908078,0.08954024314880371,0.002155303955078125,38,38,YOLO,1,32,0,20.63251142908078,0,[]
20250720_235239_542,-12,38,38,8.7,20.63251142908078,0.09875726699829102,0.0025298595428466797,38,38,YOLO,1,32,0,20.63251142908078,0,[]
20250720_235239_645,-12,38,38,8.7,20.63251142908078,0.09635424613952637,0.0020906925201416016,38,38,YOLO,1,32,0,20.63251142908078,0,[]
20250720_235239_745,-12,38,38,8.7,20.63251142908078,0.08841133117675781,0.004117250442504883,38,38,YOLO,1,32,0,20.63251142908078,0,[]
20250720_235239_840,-12,38,38,8.7,20.63251142908078,0.09267091751098633,0.004019260406494141,38,38,YOLO,1,32,0,20.63251142908078,0,[]
20250720_235239_940,-12,38,38,8.7,20.63251142908078,0.09251165390014648,0.004396200180053711,38,38,YOLO,1,32,0,20.63251142908078,0,[]
20250720_235240_040,-12,38,38,8.7,20.63251142908078,0.08890819549560547,0.00432586669921875,38,38,YOLO,1,32,0,20.63251142908078,0,[]
20250720_235240_136,-12,38,38,8.7,20.63251142908078,0.09358000755310059,0.004311084747314453,38,38,YOLO,1,32,0,20.63251142908078,0,[]
20250720_235240_237,-12,38,38,8.7,20.63251142908078,0.0849306583404541,0.004351615905761719,38,38,YOLO,1,32,0,20.63251142908078,0,[]
20250720_235240_330,-12,38,38,8.7,20.63251142908078,0.08813142776489258,0.004143953323364258,38,38,YOLO,1,32,0,20.63251142908078,0,[]
20250720_235240_425,-12,38,38,8.7,20.63251142908078,0.09550094604492188,0.00432133674621582,38,38,YOLO,1,32,0,20.63251142908078,0,[]
20250720_235240_528,-12,38,38,8.7,20.63251142908078,0.09707188606262207,0.004326581954956055,38,38,YOLO,1,32,0,20.63251142908078,0,[]
20250720_235240_633,-12,38,38,8.7,20.63251142908078,0.0973660945892334,0.0042684078216552734,38,38,YOLO,1,32,0,20.63251142908078,0,[]
20250720_235240_737,-12,38,38,8.7,20.63251142908078,0.0974884033203125,0.004317760467529297,38,38,YOLO,1,32,0,20.63251142908078,0,[]
20250720_235240_842,-12,38,38,8.7,20.63251142908078,0.09142088890075684,0.0039653778076171875,38,38,YOLO,1,32,0,20.63251142908078,0,[]
20250720_235240_941,-12,38,38,8.7,20.63251142908078,0.0915215015411377,0.0032529830932617188,38,38,YOLO,1,32,0,20.63251142908078,0,[]
20250720_235241_037,-12,38,38,8.7,20.63251142908078,0.09861493110656738,0.004319190979003906,38,38,YOLO,1,32,0,20.63251142908078,0,[]
20250720_235241_143,-12,38,38,8.7,20.63251142908078,0.09277987480163574,0.0043337345123291016,38,38,YOLO,1,32,0,20.63251142908078,0,[]
20250720_235241_243,-12,38,38,8.7,20.63251142908078,0.09050846099853516,0.004364013671875,38,38,YOLO,1,32,0,20.63251142908078,0,[]
20250720_235241_341,-12,38,38,8.7,20.63251142908078,0.09816527366638184,0.0043621063232421875,38,38,YOLO,1,32,0,20.63251142908078,0,[]
20250720_235241_447,-12,38,38,8.7,20.63251142908078,0.09321904182434082,0.004350900650024414,38,38,YOLO,1,32,0,20.63251142908078,0,[]
20250720_235241_548,-12,38,38,8.7,20.63251142908078,0.09926319122314453,0.004579305648803711,38,38,YOLO,1,32,0,20.63251142908078,0,[]
20250720_235241_654,-11,38,38,8.7,20.78398045702696,0.09350085258483887,0.004330158233642578,38,38,YOLO,1,32,0,20.78398045702696,0,[]
20250720_235241_755,-11,38,38,8.7,20.78398045702696,0.0972142219543457,0.004269599914550781,38,38,YOLO,1,32,0,20.78398045702696,0,[]
20250720_235241_859,-11,38,38,8.7,20.78398045702696,0.09454798698425293,0.004273176193237305,38,38,YOLO,1,32,0,20.78398045702696,0,[]
20250720_235241_961,-11,38,38,8.7,20.78398045702696,0.09619951248168945,0.004377841949462891,38,38,YOLO,1,32,0,20.78398045702696,0,[]
20250720_235242_065,-11,38,38,8.7,20.78398045702696,0.10214519500732422,0.0042133331298828125,38,38,YOLO,1,32,0,20.78398045702696,0,[]
20250720_235242_174,-11,38,38,8.7,20.78398045702696,0.08781147003173828,0.004286289215087891,38,38,YOLO,1,32,0,20.78398045702696,0,[]
20250720_235242_270,-11,38,38,8.7,20.78398045702696,0.09555482864379883,0.00433659553527832,38,38,YOLO,1,32,0,20.78398045702696,0,[]
20250720_235242_373,-11,38,38,8.7,20.78398045702696,0.08993053436279297,0.004318952560424805,38,38,YOLO,1,32,0,20.78398045702696,0,[]
20250720_235242_470,-11,38,38,8.7,20.78398045702696,0.0972449779510498,0.0042188167572021484,38,38,YOLO,1,32,0,20.78398045702696,0,[]
20250720_235242_575,-11,38,38,8.7,20.78398045702696,0.10079550743103027,0.0042459964752197266,38,38,YOLO,1,32,0,20.78398045702696,0,[]
20250720_235242_683,-11,38,38,8.7,20.78398045702696,0.08949971199035645,0.004312276840209961,38,38,YOLO,1,32,0,20.78398045702696,0,[]
20250720_235242_780,-11,38,38,8.7,20.78398045702696,0.10348773002624512,0.004313230514526367,38,38,YOLO,1,32,0,20.78398045702696,0,[]
20250720_235242_889,-11,38,38,8.7,20.78398045702696,0.09433507919311523,0.004230976104736328,38,38,YOLO,1,32,0,20.78398045702696,0,[]
20250720_235242_991,-11,38,38,8.7,20.78398045702696,0.09309196472167969,0.004112720489501953,38,38,YOLO,1,32,0,20.78398045702696,0,[]
20250720_235243_091,-11,38,38,8.7,20.78398045702696,0.10109353065490723,0.004273653030395508,38,38,YOLO,1,32,0,20.78398045702696,0,[]
20250720_235243_199,-11,38,38,8.7,20.78398045702696,0.09311246871948242,0.004126548767089844,38,38,YOLO,1,32,0,20.78398045702696,0,[]
20250720_235243_300,-11,38,38,8.7,20.78398045702696,0.0948631763458252,0.00398564338684082,38,38,YOLO,1,32,0,20.78398045702696,0,[]
20250720_235243_401,-11,38,38,8.7,20.78398045702696,0.09850549697875977,0.004265308380126953,38,38,YOLO,1,32,0,20.78398045702696,0,[]
20250720_235243_507,-11,38,38,8.7,20.78398045702696,0.0973505973815918,0.0041582584381103516,38,38,YOLO,1,32,0,20.78398045702696,0,[]
20250720_235243_612,-11,38,38,8.7,20.78398045702696,0.09934306144714355,0.004400014877319336,38,38,YOLO,1,32,0,20.78398045702696,0,[]
20250720_235243_718,-11,38,38,8.7,20.78398045702696,0.10040926933288574,0.004468679428100586,38,38,YOLO,1,32,0,20.78398045702696,0,[]
20250720_235243_826,-11,38,38,8.7,20.78398045702696,0.09142303466796875,0.0040705204010009766,38,38,YOLO,1,32,0,20.78398045702696,0,[]
20250720_235243_925,-11,38,38,8.7,20.78398045702696,0.0989236831665039,0.0043375492095947266,38,38,YOLO,1,32,0,20.78398045702696,0,[]
20250720_235244_031,-11,38,38,8.7,20.78398045702696,0.0907430648803711,0.004246711730957031,38,38,YOLO,1,32,0,20.78398045702696,0,[]
20250720_235244_129,-11,38,38,8.7,20.78398045702696,0.09293270111083984,0.004331827163696289,38,38,YOLO,1,32,0,20.78398045702696,0,[]
20250720_235244_230,-11,38,38,8.7,20.78398045702696,0.09141755104064941,0.004307746887207031,38,38,YOLO,1,32,0,20.78398045702696,0,[]
20250720_235244_328,-11,38,38,8.7,20.78398045702696,0.08994197845458984,0.0042264461517333984,38,38,YOLO,1,32,0,20.78398045702696,0,[]
20250720_235244_426,-11,38,38,8.7,20.78398045702696,0.09069252014160156,0.004163980484008789,38,38,YOLO,1,32,0,20.78398045702696,0,[]
20250720_235244_523,-11,38,38,8.7,20.78398045702696,0.09669876098632812,0.004364013671875,38,38,YOLO,1,32,0,20.78398045702696,0,[]
20250720_235244_628,-11,38,38,8.7,20.78398045702696,0.10064458847045898,0.00431370735168457,38,38,YOLO,1,32,0,20.78398045702696,0,[]
20250720_235244_736,-11,38,38,8.7,20.78398045702696,0.0922386646270752,0.004289865493774414,38,38,YOLO,1,32,0,20.78398045702696,0,[]
20250720_235244_835,-11,38,38,8.7,20.78398045702696,0.08576178550720215,0.0041387081146240234,38,38,YOLO,1,32,0,20.78398045702696,0,[]
20250720_235244_928,-11,38,38,8.7,20.78398045702696,0.09343957901000977,0.004263401031494141,38,38,YOLO,1,32,0,20.78398045702696,0,[]
20250720_235245_029,-11,38,38,8.7,20.78398045702696,0.08974528312683105,0.004298686981201172,38,38,YOLO,1,32,0,20.78398045702696,0,[]
20250720_235245_126,-11,38,38,8.7,20.78398045702696,0.09456849098205566,0.004406452178955078,38,38,YOLO,1,32,0,20.78398045702696,0,[]
20250720_235245_228,-11,38,38,8.7,20.78398045702696,0.09806251525878906,0.004288911819458008,38,38,YOLO,1,32,0,20.78398045702696,0,[]
20250720_235245_334,-11,38,38,8.7,20.78398045702696,0.09316086769104004,0.004220724105834961,38,38,YOLO,1,32,0,20.78398045702696,0,[]
20250720_235245_434,-11,38,38,8.7,20.78398045702696,0.09800910949707031,0.004241466522216797,38,38,YOLO,1,32,0,20.78398045702696,0,[]
20250720_235245_539,-11,38,38,8.7,20.78398045702696,0.09412574768066406,0.00441741943359375,38,38,YOLO,1,32,0,20.78398045702696,0,[]
20250720_235245_641,-10,38,38,8.7,19.54918985184892,0.09956979751586914,0.004264116287231445,38,38,YOLO,1,32,0,19.54918985184892,0,[]
20250720_235245_747,-10,38,38,8.7,19.54918985184892,0.0984182357788086,0.0043773651123046875,38,38,YOLO,1,32,0,19.54918985184892,0,[]
20250720_235245_853,-10,37,37,7.3,20.58575949811884,0.0948023796081543,0.004302263259887695,37,37,YOLO,1,32,0,20.58575949811884,0,[]
20250720_235245_955,-10,37,37,7.3,20.58575949811884,0.09916520118713379,0.0042724609375,37,37,YOLO,1,32,0,20.58575949811884,0,[]
20250720_235246_061,-10,37,37,7.3,20.58575949811884,0.09835696220397949,0.004322052001953125,37,37,YOLO,1,32,0,20.58575949811884,0,[]
20250720_235246_167,-10,37,37,7.3,20.58575949811884,0.09689974784851074,0.0043179988861083984,37,37,YOLO,1,32,0,20.58575949811884,0,[]
20250720_235246_271,-10,37,37,7.3,20.58575949811884,0.10098481178283691,0.004311800003051758,37,37,YOLO,1,32,0,20.58575949811884,0,[]
20250720_235246_380,-10,37,37,7.3,20.58575949811884,0.09765863418579102,0.0043179988861083984,37,37,YOLO,1,32,0,20.58575949811884,0,[]
20250720_235246_485,-10,37,37,7.3,20.58575949811884,0.09473538398742676,0.003965139389038086,37,37,YOLO,1,32,0,20.58575949811884,0,[]
20250720_235246_587,-10,37,37,7.3,20.58575949811884,0.09839439392089844,0.003939390182495117,37,37,YOLO,1,32,0,20.58575949811884,0,[]
20250720_235246_691,-10,37,37,7.3,20.58575949811884,0.09218883514404297,0.004300594329833984,37,37,YOLO,1,32,0,20.58575949811884,0,[]
20250720_235246_791,-10,37,37,7.3,20.58575949811884,0.09312891960144043,0.004343748092651367,37,37,YOLO,1,32,0,20.58575949811884,0,[]
20250720_235246_891,-10,37,37,7.3,20.58575949811884,0.09297776222229004,0.004297971725463867,37,37,YOLO,1,32,0,20.58575949811884,0,[]
20250720_235246_992,-10,37,37,7.3,20.58575949811884,0.09175968170166016,0.004400491714477539,37,37,YOLO,1,32,0,20.58575949811884,0,[]
20250720_235247_091,-10,37,37,7.3,20.58575949811884,0.09405159950256348,0.00488734245300293,37,37,YOLO,1,32,0,20.58575949811884,0,[]
20250720_235247_193,-10,37,37,7.3,20.58575949811884,0.09443521499633789,0.0039806365966796875,37,37,YOLO,1,32,0,20.58575949811884,0,[]
20250720_235247_294,-10,37,37,7.3,20.58575949811884,0.09192848205566406,0.0044329166412353516,37,37,YOLO,1,32,0,20.58575949811884,0,[]
20250720_235247_394,-10,37,37,7.3,20.58575949811884,0.09865260124206543,0.004361391067504883,37,37,YOLO,1,32,0,20.58575949811884,0,[]
20250720_235247_500,-10,37,37,7.3,20.58575949811884,0.09900975227355957,0.0043027400970458984,37,37,YOLO,1,32,0,20.58575949811884,0,[]
20250720_235247_606,-10,37,37,7.3,20.58575949811884,0.09139347076416016,0.004307746887207031,37,37,YOLO,1,32,0,20.58575949811884,0,[]
20250720_235247_705,-10,37,37,7.3,20.58575949811884,0.11149835586547852,0.004350900650024414,37,37,YOLO,1,32,0,20.58575949811884,0,[]
20250720_235247_823,-10,37,37,7.3,20.58575949811884,0.09316062927246094,0.0031180381774902344,37,37,YOLO,1,32,0,20.58575949811884,0,[]
20250720_235247_922,-10,37,37,7.3,20.58575949811884,0.09535479545593262,0.00430750846862793,37,37,YOLO,1,32,0,20.58575949811884,0,[]
20250720_235248_025,-10,37,37,7.3,20.58575949811884,0.08776283264160156,0.004305839538574219,37,37,YOLO,1,32,0,20.58575949811884,0,[]
20250720_235248_120,-10,37,37,7.3,20.58575949811884,0.09403347969055176,0.00440669059753418,37,37,YOLO,1,32,0,20.58575949811884,0,[]
20250720_235248_221,-10,37,37,7.3,20.58575949811884,0.09127497673034668,0.004279375076293945,37,37,YOLO,1,32,0,20.58575949811884,0,[]
20250720_235248_320,-10,37,37,7.3,20.58575949811884,0.0963749885559082,0.0040819644927978516,37,37,YOLO,1,32,0,20.58575949811884,0,[]
20250720_235248_423,-10,37,37,7.3,20.58575949811884,0.08932924270629883,0.0040662288665771484,37,37,YOLO,1,32,0,20.58575949811884,0,[]
20250720_235248_520,-10,37,37,7.3,20.58575949811884,0.09330320358276367,0.0042421817779541016,37,37,YOLO,1,32,0,20.58575949811884,0,[]
20250720_235248_620,-10,37,37,7.3,20.58575949811884,0.09377837181091309,0.0042188167572021484,37,37,YOLO,1,32,0,20.58575949811884,0,[]
20250720_235248_721,-10,37,37,7.3,20.58575949811884,0.08897185325622559,0.004193305969238281,37,37,YOLO,1,32,0,20.58575949811884,0,[]
20250720_235248_817,-10,37,37,7.3,20.58575949811884,0.09095430374145508,0.0043146610260009766,37,37,YOLO,1,32,0,20.58575949811884,0,[]
20250720_235248_915,-10,37,37,7.3,20.58575949811884,0.0903472900390625,0.004426479339599609,37,37,YOLO,1,32,0,20.58575949811884,0,[]
20250720_235249_013,-10,37,37,7.3,20.58575949811884,0.09516000747680664,0.0039768218994140625,37,37,YOLO,1,32,0,20.58575949811884,0,[]
20250720_235249_116,-10,37,37,7.3,20.58575949811884,0.09060931205749512,0.0043849945068359375,37,37,YOLO,1,32,0,20.58575949811884,0,[]
20250720_235249_214,-10,37,37,7.3,20.58575949811884,0.0936880111694336,0.00443267822265625,37,37,YOLO,1,32,0,20.58575949811884,0,[]
20250720_235249_315,-10,37,37,7.3,20.58575949811884,0.09950757026672363,0.0042607784271240234,37,37,YOLO,1,32,0,20.58575949811884,0,[]
20250720_235249_422,-10,37,37,7.3,20.58575949811884,0.0909891128540039,0.004005908966064453,37,37,YOLO,1,32,0,20.58575949811884,0,[]
20250720_235249_520,-10,37,37,7.3,20.58575949811884,0.09201979637145996,0.0043370723724365234,37,37,YOLO,1,32,0,20.58575949811884,0,[]
20250720_235249_619,-9,37,37,7.3,20.58575949811884,0.09215211868286133,0.004311561584472656,37,37,YOLO,1,32,0,20.58575949811884,0,[]
20250720_235249_719,-9,37,37,7.3,20.508212429527475,0.09204554557800293,0.004341602325439453,37,37,YOLO,1,32,0,20.508212429527475,0,[]
20250720_235249_819,-9,37,37,7.3,20.508212429527475,0.09261488914489746,0.004038095474243164,37,37,YOLO,1,32,0,20.508212429527475,0,[]
20250720_235249_918,-9,36,36,5.8,20.602245915993024,0.09156060218811035,0.004271507263183594,36,36,YOLO,1,32,0,20.602245915993024,0,[]
20250720_235250_017,-9,36,36,5.8,20.602245915993024,0.09703397750854492,0.003980159759521484,36,36,YOLO,1,32,0,20.602245915993024,0,[]
20250720_235250_121,-9,36,36,5.8,20.602245915993024,0.09584736824035645,0.004213809967041016,36,36,YOLO,1,32,0,20.602245915993024,0,[]
20250720_235250_225,-9,36,36,5.8,20.602245915993024,0.09466958045959473,0.0042858123779296875,36,36,YOLO,1,32,0,20.602245915993024,0,[]
20250720_235250_326,-9,36,36,5.8,20.602245915993024,0.10063481330871582,0.004355907440185547,36,36,YOLO,1,32,0,20.602245915993024,0,[]
20250720_235250_434,-9,36,36,5.8,20.602245915993024,0.09917235374450684,0.004313468933105469,36,36,YOLO,1,32,0,20.602245915993024,0,[]
20250720_235250_541,-9,36,36,5.8,20.602245915993024,0.1022329330444336,0.00455021858215332,36,36,YOLO,1,32,0,20.602245915993024,0,[]
20250720_235250_651,-9,36,36,5.8,20.602245915993024,0.08948516845703125,0.004057407379150391,36,36,YOLO,1,32,0,20.602245915993024,0,[]
20250720_235250_748,-9,36,36,5.8,20.602245915993024,0.0920858383178711,0.004469633102416992,36,36,YOLO,1,32,0,20.602245915993024,0,[]
20250720_235250_846,-9,36,36,5.8,20.602245915993024,0.0975193977355957,0.0043561458587646484,36,36,YOLO,1,32,0,20.602245915993024,0,[]
20250720_235250_951,-9,36,36,5.8,20.602245915993024,0.09628033638000488,0.0045909881591796875,36,36,YOLO,1,32,0,20.602245915993024,0,[]
20250720_235251_054,-9,36,36,5.8,20.602245915993024,0.09861326217651367,0.004287242889404297,36,36,YOLO,1,32,0,20.602245915993024,0,[]
20250720_235251_160,-9,36,36,5.8,20.602245915993024,0.09565567970275879,0.003914356231689453,36,36,YOLO,1,32,0,20.602245915993024,0,[]
20250720_235251_262,-9,36,36,5.8,20.602245915993024,0.08663749694824219,0.0017898082733154297,36,36,YOLO,1,32,0,20.602245915993024,0,[]
20250720_235251_352,-9,36,36,5.8,20.602245915993024,0.09801483154296875,0.004326343536376953,36,36,YOLO,1,32,0,20.602245915993024,0,[]
20250720_235251_458,-9,36,36,5.8,20.602245915993024,0.09453773498535156,0.004135847091674805,36,36,YOLO,1,32,0,20.602245915993024,0,[]
20250720_235251_559,-9,36,36,5.8,20.602245915993024,0.09539461135864258,0.004260063171386719,36,36,YOLO,1,32,0,20.602245915993024,0,[]
20250720_235251_662,-9,36,36,5.8,20.602245915993024,0.09361004829406738,0.004293203353881836,36,36,YOLO,1,32,0,20.602245915993024,0,[]
20250720_235251_763,-9,36,36,5.8,20.602245915993024,0.10156440734863281,0.004323244094848633,36,36,YOLO,1,32,0,20.602245915993024,0,[]
20250720_235251_872,-9,36,36,5.8,20.602245915993024,0.08700180053710938,0.0041582584381103516,36,36,YOLO,1,32,0,20.602245915993024,0,[]
20250720_235251_966,-9,36,36,5.8,20.602245915993024,0.08829998970031738,0.004347562789916992,36,36,YOLO,1,32,0,20.602245915993024,0,[]
20250720_235252_062,-9,36,36,5.8,20.602245915993024,0.0965871810913086,0.004334688186645508,36,36,YOLO,1,32,0,20.602245915993024,0,[]
20250720_235252_166,-9,36,36,5.8,20.602245915993024,0.09643030166625977,0.0043294429779052734,36,36,YOLO,1,32,0,20.602245915993024,0,[]
20250720_235252_270,-9,36,36,5.8,20.602245915993024,0.09768509864807129,0.004357099533081055,36,36,YOLO,1,32,0,20.602245915993024,0,[]
20250720_235252_373,-9,36,36,5.8,20.602245915993024,0.09418272972106934,0.004318952560424805,36,36,YOLO,1,32,0,20.602245915993024,0,[]
20250720_235252_475,-9,36,36,5.8,20.602245915993024,0.09704017639160156,0.004248380661010742,36,36,YOLO,1,32,0,20.602245915993024,0,[]
20250720_235252_579,-9,36,36,5.8,20.602245915993024,0.09481406211853027,0.004214763641357422,36,36,YOLO,1,32,0,20.602245915993024,0,[]
20250720_235252_681,-9,36,36,5.8,20.602245915993024,0.08830046653747559,0.00435328483581543,36,36,YOLO,1,32,0,20.602245915993024,0,[]
20250720_235252_777,-9,36,36,5.8,20.602245915993024,0.09900999069213867,0.004565238952636719,36,36,YOLO,1,32,0,20.602245915993024,0,[]
20250720_235252_884,-9,36,36,5.8,20.602245915993024,0.09697890281677246,0.004211902618408203,36,36,YOLO,1,32,0,20.602245915993024,0,[]
20250720_235252_987,-9,36,36,5.8,20.602245915993024,0.09664249420166016,0.004361867904663086,36,36,YOLO,1,32,0,20.602245915993024,0,[]
20250720_235253_091,-9,36,36,5.8,20.602245915993024,0.09739112854003906,0.0044705867767333984,36,36,YOLO,1,32,0,20.602245915993024,0,[]
20250720_235253_196,-9,36,36,5.8,20.602245915993024,0.09489750862121582,0.0042514801025390625,36,36,YOLO,1,32,0,20.602245915993024,0,[]
20250720_235253_299,-9,36,36,5.8,20.602245915993024,0.09740972518920898,0.003943920135498047,36,36,YOLO,1,32,0,20.602245915993024,0,[]
20250720_235253_403,-9,36,36,5.8,20.602245915993024,0.10021471977233887,0.004349231719970703,36,36,YOLO,1,32,0,20.602245915993024,0,[]
20250720_235253_510,-9,36,36,5.8,20.602245915993024,0.09265637397766113,0.0042765140533447266,36,36,YOLO,1,32,0,20.602245915993024,0,[]
20250720_235253_610,-8,36,36,5.8,20.145034741588148,0.10168814659118652,0.0042994022369384766,36,36,YOLO,1,32,0,20.145034741588148,0,[]
20250720_235253_720,-8,36,36,5.8,20.145034741588148,0.09565544128417969,0.004276275634765625,36,36,YOLO,1,32,0,20.145034741588148,0,[]
20250720_235253_822,-8,36,36,5.8,20.145034741588148,0.09770727157592773,0.004729509353637695,36,36,YOLO,1,32,0,20.145034741588148,0,[]
20250720_235253_928,-8,35,35,4.4,20.134975071779124,0.09857678413391113,0.004320621490478516,35,35,YOLO,1,32,0,20.134975071779124,0,[]
20250720_235254_034,-8,35,35,4.4,20.134975071779124,0.09735417366027832,0.004279613494873047,35,35,YOLO,1,32,0,20.134975071779124,0,[]
20250720_235254_139,-8,35,35,4.4,20.134975071779124,0.10282135009765625,0.004341602325439453,35,35,YOLO,1,32,0,20.134975071779124,0,[]
20250720_235254_249,-8,35,35,4.4,20.134975071779124,0.09501838684082031,0.0044438838958740234,35,35,YOLO,1,32,0,20.134975071779124,0,[]
20250720_235254_352,-8,35,35,4.4,20.134975071779124,0.09779810905456543,0.004433393478393555,35,35,YOLO,1,32,0,20.134975071779124,0,[]
20250720_235254_457,-8,35,35,4.4,20.134975071779124,0.09517407417297363,0.004517078399658203,35,35,YOLO,1,32,0,20.134975071779124,0,[]
20250720_235254_560,-8,35,35,4.4,20.134975071779124,0.09458303451538086,0.004322528839111328,35,35,YOLO,1,32,0,20.134975071779124,0,[]
20250720_235254_662,-8,35,35,4.4,20.134975071779124,0.09286737442016602,0.004452228546142578,35,35,YOLO,1,32,0,20.134975071779124,0,[]
20250720_235254_762,-8,35,35,4.4,20.134975071779124,0.09415221214294434,0.0044023990631103516,35,35,YOLO,1,32,0,20.134975071779124,0,[]
20250720_235254_864,-8,35,35,4.4,20.134975071779124,0.08891844749450684,0.0043582916259765625,35,35,YOLO,1,32,0,20.134975071779124,0,[]
20250720_235254_961,-8,35,35,4.4,20.134975071779124,0.0901792049407959,0.003890514373779297,35,35,YOLO,1,32,0,20.134975071779124,0,[]
20250720_235255_057,-8,35,35,4.4,20.134975071779124,0.08997249603271484,0.003953456878662109,35,35,YOLO,1,32,0,20.134975071779124,0,[]
20250720_235255_154,-8,35,35,4.4,20.134975071779124,0.08904814720153809,0.004313945770263672,35,35,YOLO,1,32,0,20.134975071779124,0,[]
20250720_235255_251,-8,35,35,4.4,20.134975071779124,0.09714770317077637,0.0043315887451171875,35,35,YOLO,1,32,0,20.134975071779124,0,[]
20250720_235255_355,-8,35,35,4.4,20.134975071779124,0.09127211570739746,0.004353523254394531,35,35,YOLO,1,32,0,20.134975071779124,0,[]
20250720_235255_454,-8,35,35,4.4,20.134975071779124,0.09488582611083984,0.004337787628173828,35,35,YOLO,1,32,0,20.134975071779124,0,[]
20250720_235255_557,-8,35,35,4.4,20.134975071779124,0.09604644775390625,0.00434565544128418,35,35,YOLO,1,32,0,20.134975071779124,0,[]
20250720_235255_660,-8,35,35,4.4,20.134975071779124,0.09380531311035156,0.004347324371337891,35,35,YOLO,1,32,0,20.134975071779124,0,[]
20250720_235255_761,-8,35,35,4.4,20.134975071779124,0.09250330924987793,0.0043277740478515625,35,35,YOLO,1,32,0,20.134975071779124,0,[]
20250720_235255_860,-8,35,35,4.4,20.134975071779124,0.10539412498474121,0.003961086273193359,35,35,YOLO,1,32,0,20.134975071779124,0,[]
20250720_235255_972,-8,35,35,4.4,20.134975071779124,0.08816814422607422,0.004385709762573242,35,35,YOLO,1,32,0,20.134975071779124,0,[]
20250720_235256_068,-8,35,35,4.4,20.134975071779124,0.1029672622680664,0.004320859909057617,35,35,YOLO,1,32,0,20.134975071779124,0,[]
20250720_235256_178,-8,36,36,5.8,20.145034741588148,0.09684967994689941,0.004353046417236328,36,36,YOLO,1,32,0,20.145034741588148,0,[]
20250720_235256_283,-8,36,36,5.8,20.145034741588148,0.09808826446533203,0.004649639129638672,36,36,YOLO,1,32,0,20.145034741588148,0,[]
20250720_235256_389,-8,36,36,5.8,20.145034741588148,0.09794044494628906,0.003922462463378906,36,36,YOLO,1,32,0,20.145034741588148,0,[]
20250720_235256_494,-8,36,36,5.8,20.145034741588148,0.0959467887878418,0.003927946090698242,36,36,YOLO,1,32,0,20.145034741588148,0,[]
20250720_235256_597,-8,36,36,5.8,20.145034741588148,0.09883809089660645,0.004282951354980469,36,36,YOLO,1,32,0,20.145034741588148,0,[]
20250720_235256_703,-8,36,36,5.8,20.145034741588148,0.09114432334899902,0.004328250885009766,36,36,YOLO,1,32,0,20.145034741588148,0,[]
20250720_235256_801,-8,36,36,5.8,20.145034741588148,0.0947268009185791,0.004342079162597656,36,36,YOLO,1,32,0,20.145034741588148,0,[]
20250720_235256_904,-8,36,36,5.8,20.145034741588148,0.09846091270446777,0.004351615905761719,36,36,YOLO,1,32,0,20.145034741588148,0,[]
20250720_235257_010,-8,36,36,5.8,20.145034741588148,0.08768510818481445,0.0042629241943359375,36,36,YOLO,1,32,0,20.145034741588148,0,[]
20250720_235257_105,-8,36,36,5.8,20.145034741588148,0.0952305793762207,0.004328250885009766,36,36,YOLO,1,32,0,20.145034741588148,0,[]
20250720_235257_207,-8,36,36,5.8,20.145034741588148,0.09260082244873047,0.004462003707885742,36,36,YOLO,1,32,0,20.145034741588148,0,[]
20250720_235257_308,-8,36,36,5.8,20.145034741588148,0.0915365219116211,0.00412750244140625,36,36,YOLO,1,32,0,20.145034741588148,0,[]
20250720_235257_406,-8,36,36,5.8,20.145034741588148,0.09459829330444336,0.004340648651123047,36,36,YOLO,1,32,0,20.145034741588148,0,[]
20250720_235257_508,-8,36,36,5.8,20.145034741588148,0.09214234352111816,0.0043354034423828125,36,36,YOLO,1,32,0,20.145034741588148,0,[]
20250720_235257_608,-8,36,36,5.8,20.145034741588148,0.09103965759277344,0.0040187835693359375,36,36,YOLO,1,32,0,20.145034741588148,0,[]
20250720_235257_706,-7,36,36,5.8,19.36885048254834,0.08920812606811523,0.0043087005615234375,36,36,YOLO,1,32,0,19.36885048254834,0,[]
20250720_235257_803,-7,36,36,5.8,19.36885048254834,0.09264707565307617,0.004630088806152344,36,36,YOLO,1,32,0,19.36885048254834,0,[]
20250720_235257_903,-7,35,35,4.4,19.879104743318493,0.0907127857208252,0.00414586067199707,35,35,YOLO,1,32,0,19.879104743318493,0,[]
20250720_235258_001,-7,35,35,4.4,19.879104743318493,0.09345078468322754,0.004395484924316406,35,35,YOLO,1,32,0,19.879104743318493,0,[]
20250720_235258_102,-7,35,35,4.4,19.879104743318493,0.08876705169677734,0.004312992095947266,35,35,YOLO,1,32,0,19.879104743318493,0,[]
20250720_235258_199,-7,35,35,4.4,19.879104743318493,0.0915212631225586,0.004133462905883789,35,35,YOLO,1,32,0,19.879104743318493,0,[]
20250720_235258_298,-7,35,35,4.4,19.879104743318493,0.0926980972290039,0.004253387451171875,35,35,YOLO,1,32,0,19.879104743318493,0,[]
20250720_235258_398,-7,35,35,4.4,19.879104743318493,0.09577178955078125,0.004336833953857422,35,35,YOLO,1,32,0,19.879104743318493,0,[]
20250720_235258_501,-7,35,35,4.4,19.879104743318493,0.09632277488708496,0.004288911819458008,35,35,YOLO,1,32,0,19.879104743318493,0,[]
20250720_235258_605,-7,35,35,4.4,19.879104743318493,0.09350371360778809,0.004323720932006836,35,35,YOLO,1,32,0,19.879104743318493,0,[]
20250720_235258_706,-7,35,35,4.4,19.879104743318493,0.0923922061920166,0.003934144973754883,35,35,YOLO,1,32,0,19.879104743318493,0,[]
20250720_235258_805,-7,35,35,4.4,19.879104743318493,0.0880734920501709,0.00405430793762207,35,35,YOLO,1,32,0,19.879104743318493,0,[]
20250720_235258_900,-7,35,35,4.4,19.879104743318493,0.09643125534057617,0.00430607795715332,35,35,YOLO,1,32,0,19.879104743318493,0,[]
20250720_235259_004,-7,35,35,4.4,19.879104743318493,0.08746600151062012,0.004299640655517578,35,35,YOLO,1,32,0,19.879104743318493,0,[]
20250720_235259_099,-7,35,35,4.4,19.879104743318493,0.10034608840942383,0.0044519901275634766,35,35,YOLO,1,32,0,19.879104743318493,0,[]
20250720_235259_205,-7,35,35,4.4,19.879104743318493,0.09969544410705566,0.003979206085205078,35,35,YOLO,1,32,0,19.879104743318493,0,[]
20250720_235259_312,-7,35,35,4.4,19.879104743318493,0.0955045223236084,0.003947734832763672,35,35,YOLO,1,32,0,19.879104743318493,0,[]
20250720_235259_414,-7,35,35,4.4,19.879104743318493,0.08755016326904297,0.004351139068603516,35,35,YOLO,1,32,0,19.879104743318493,0,[]
20250720_235259_509,-7,35,35,4.4,19.879104743318493,0.0936434268951416,0.0043299198150634766,35,35,YOLO,1,32,0,19.879104743318493,0,[]
20250720_235259_610,-7,35,35,4.4,19.879104743318493,0.09117722511291504,0.0044062137603759766,35,35,YOLO,1,32,0,19.879104743318493,0,[]
20250720_235259_709,-7,35,35,4.4,19.879104743318493,0.09219145774841309,0.00432896614074707,35,35,YOLO,1,32,0,19.879104743318493,0,[]
20250720_235259_809,-7,35,35,4.4,19.879104743318493,0.09055447578430176,0.004682064056396484,35,35,YOLO,1,32,0,19.879104743318493,0,[]
20250720_235259_907,-7,35,35,4.4,19.879104743318493,0.09391331672668457,0.004333972930908203,35,35,YOLO,1,32,0,19.879104743318493,0,[]
20250720_235300_009,-7,35,35,4.4,19.879104743318493,0.09250712394714355,0.004270315170288086,35,35,YOLO,1,32,0,19.879104743318493,0,[]
20250720_235300_108,-7,35,35,4.4,19.879104743318493,0.09541034698486328,0.004279613494873047,35,35,YOLO,1,32,0,19.879104743318493,0,[]
20250720_235300_211,-7,35,35,4.4,19.879104743318493,0.09928560256958008,0.0044023990631103516,35,35,YOLO,1,32,0,19.879104743318493,0,[]
20250720_235300_318,-7,35,35,4.4,19.879104743318493,0.09851479530334473,0.004319190979003906,35,35,YOLO,1,32,0,19.879104743318493,0,[]
20250720_235300_424,-7,35,35,4.4,19.879104743318493,0.09413957595825195,0.00431513786315918,35,35,YOLO,1,32,0,19.879104743318493,0,[]
20250720_235300_526,-7,35,35,4.4,19.879104743318493,0.09213900566101074,0.004338979721069336,35,35,YOLO,1,32,0,19.879104743318493,0,[]
20250720_235300_625,-7,35,35,4.4,19.879104743318493,0.0989222526550293,0.004362821578979492,35,35,YOLO,1,32,0,19.879104743318493,0,[]
20250720_235300_732,-7,35,35,4.4,19.879104743318493,0.09233379364013672,0.004302263259887695,35,35,YOLO,1,32,0,19.879104743318493,0,[]
20250720_235300_832,-7,35,35,4.4,19.879104743318493,0.09633612632751465,0.0042154788970947266,35,35,YOLO,1,32,0,19.879104743318493,0,[]
20250720_235300_935,-7,35,35,4.4,19.879104743318493,0.0924079418182373,0.00434112548828125,35,35,YOLO,1,32,0,19.879104743318493,0,[]
20250720_235301_035,-7,35,35,4.4,19.879104743318493,0.10034823417663574,0.0043048858642578125,35,35,YOLO,1,32,0,19.879104743318493,0,[]
20250720_235301_143,-7,35,35,4.4,19.879104743318493,0.08521389961242676,0.00347137451171875,35,35,YOLO,1,32,0,19.879104743318493,0,[]
20250720_235301_233,-7,35,35,4.4,19.879104743318493,0.09354519844055176,0.004309177398681641,35,35,YOLO,1,32,0,19.879104743318493,0,[]
20250720_235301_334,-7,35,35,4.4,19.879104743318493,0.09941363334655762,0.00422215461730957,35,35,YOLO,1,32,0,19.879104743318493,0,[]
20250720_235301_440,-7,35,35,4.4,19.879104743318493,0.09478759765625,0.00442957878112793,35,35,YOLO,1,32,0,19.879104743318493,0,[]
20250720_235301_543,-7,35,35,4.4,19.879104743318493,0.09362316131591797,0.004277229309082031,35,35,YOLO,1,32,0,19.879104743318493,0,[]
20250720_235301_644,-6,35,35,4.4,19.405543180804955,0.09800481796264648,0.004555940628051758,35,35,YOLO,1,32,0,19.405543180804955,0,[]
20250720_235301_750,-6,35,35,4.4,19.405543180804955,0.0881204605102539,0.004514217376708984,35,35,YOLO,1,32,0,19.405543180804955,0,[]
20250720_235301_846,-6,34,34,2.9,20.431409177261287,0.09016776084899902,0.004271745681762695,34,34,YOLO,1,32,0,20.431409177261287,0,[]
20250720_235301_943,-6,34,34,2.9,20.431409177261287,0.09170126914978027,0.004314899444580078,34,34,YOLO,1,32,0,20.431409177261287,0,[]
20250720_235302_042,-6,34,34,2.9,20.431409177261287,0.09052443504333496,0.004339694976806641,34,34,YOLO,1,32,0,20.431409177261287,0,[]
20250720_235302_140,-6,34,34,2.9,20.431409177261287,0.0885920524597168,0.004328489303588867,34,34,YOLO,1,32,0,20.431409177261287,0,[]
20250720_235302_236,-6,34,34,2.9,20.431409177261287,0.09737682342529297,0.004364728927612305,34,34,YOLO,1,32,0,20.431409177261287,0,[]
20250720_235302_341,-6,34,34,2.9,20.431409177261287,0.09952616691589355,0.0044057369232177734,34,34,YOLO,1,32,0,20.431409177261287,0,[]
20250720_235302_448,-6,34,34,2.9,20.431409177261287,0.09624290466308594,0.004271984100341797,34,34,YOLO,1,32,0,20.431409177261287,0,[]
20250720_235302_552,-6,34,34,2.9,20.431409177261287,0.09415221214294434,0.003966569900512695,34,34,YOLO,1,32,0,20.431409177261287,0,[]
20250720_235302_653,-6,34,34,2.9,20.431409177261287,0.09209299087524414,0.0043792724609375,34,34,YOLO,1,32,0,20.431409177261287,0,[]
20250720_235302_752,-6,34,34,2.9,20.431409177261287,0.09953141212463379,0.0045812129974365234,34,34,YOLO,1,32,0,20.431409177261287,0,[]
20250720_235302_860,-6,34,34,2.9,20.431409177261287,0.09662389755249023,0.004281282424926758,34,34,YOLO,1,32,0,20.431409177261287,0,[]
20250720_235302_964,-6,34,34,2.9,20.431409177261287,0.09090828895568848,0.004336118698120117,34,34,YOLO,1,32,0,20.431409177261287,0,[]
20250720_235303_062,-6,34,34,2.9,20.431409177261287,0.09094786643981934,0.0043141841888427734,34,34,YOLO,1,32,0,20.431409177261287,0,[]
20250720_235303_160,-6,34,34,2.9,20.431409177261287,0.09986162185668945,0.004319190979003906,34,34,YOLO,1,32,0,20.431409177261287,0,[]
20250720_235303_268,-6,34,34,2.9,20.431409177261287,0.09925103187561035,0.004514217376708984,34,34,YOLO,1,32,0,20.431409177261287,0,[]
20250720_235303_375,-6,34,34,2.9,20.431409177261287,0.09949994087219238,0.004681110382080078,34,34,YOLO,1,32,0,20.431409177261287,0,[]
20250720_235303_483,-6,34,34,2.9,20.431409177261287,0.09993147850036621,0.003966093063354492,34,34,YOLO,1,32,0,20.431409177261287,0,[]
20250720_235303_590,-6,34,34,2.9,20.431409177261287,0.09154105186462402,0.004136323928833008,34,34,YOLO,1,32,0,20.431409177261287,0,[]
20250720_235303_688,-6,34,34,2.9,20.431409177261287,0.09851527214050293,0.004227161407470703,34,34,YOLO,1,32,0,20.431409177261287,0,[]
20250720_235303_793,-6,34,34,2.9,20.431409177261287,0.09987258911132812,0.004336833953857422,34,34,YOLO,1,32,0,20.431409177261287,0,[]
20250720_235303_900,-6,34,34,2.9,20.431409177261287,0.08907794952392578,0.0041904449462890625,34,34,YOLO,1,32,0,20.431409177261287,0,[]
20250720_235303_997,-6,34,34,2.9,20.431409177261287,0.09082436561584473,0.004332542419433594,34,34,YOLO,1,32,0,20.431409177261287,0,[]
20250720_235304_095,-6,34,34,2.9,20.431409177261287,0.08923888206481934,0.004336357116699219,34,34,YOLO,1,32,0,20.431409177261287,0,[]
20250720_235304_192,-6,34,34,2.9,20.431409177261287,0.09000754356384277,0.004090309143066406,34,34,YOLO,1,32,0,20.431409177261287,0,[]
20250720_235304_289,-6,34,34,2.9,20.431409177261287,0.09276795387268066,0.00458979606628418,34,34,YOLO,1,32,0,20.431409177261287,0,[]
20250720_235304_389,-6,34,34,2.9,20.431409177261287,0.09353470802307129,0.00455927848815918,34,34,YOLO,1,32,0,20.431409177261287,0,[]
20250720_235304_491,-6,34,34,2.9,20.431409177261287,0.09255146980285645,0.004225015640258789,34,34,YOLO,1,32,0,20.431409177261287,0,[]
20250720_235304_591,-6,34,34,2.9,20.431409177261287,0.08217215538024902,0.004217386245727539,34,34,YOLO,1,32,0,20.431409177261287,0,[]
20250720_235304_680,-6,34,34,2.9,20.431409177261287,0.09078359603881836,0.004222869873046875,34,34,YOLO,1,32,0,20.431409177261287,0,[]
20250720_235304_778,-6,34,34,2.9,20.431409177261287,0.08616423606872559,0.0042607784271240234,34,34,YOLO,1,32,0,20.431409177261287,0,[]
20250720_235304_872,-6,34,34,2.9,20.431409177261287,0.0962822437286377,0.004498481750488281,34,34,YOLO,1,32,0,20.431409177261287,0,[]
20250720_235304_976,-6,34,34,2.9,20.431409177261287,0.09516429901123047,0.004151821136474609,34,34,YOLO,1,32,0,20.431409177261287,0,[]
20250720_235305_077,-6,34,34,2.9,20.431409177261287,0.09541583061218262,0.00429224967956543,34,34,YOLO,1,32,0,20.431409177261287,0,[]
20250720_235305_180,-6,34,34,2.9,20.431409177261287,0.09153151512145996,0.0043065547943115234,34,34,YOLO,1,32,0,20.431409177261287,0,[]
20250720_235305_279,-6,34,34,2.9,20.431409177261287,0.08829998970031738,0.0043182373046875,34,34,YOLO,1,32,0,20.431409177261287,0,[]
20250720_235305_375,-6,34,34,2.9,20.431409177261287,0.08980107307434082,0.004522085189819336,34,34,YOLO,1,32,0,20.431409177261287,0,[]
20250720_235305_472,-6,34,34,2.9,20.431409177261287,0.08912301063537598,0.004650115966796875,34,34,YOLO,1,32,0,20.431409177261287,0,[]
20250720_235305_569,-6,34,34,2.9,20.431409177261287,0.09750485420227051,0.00442814826965332,34,34,YOLO,1,32,0,20.431409177261287,0,[]
20250720_235305_674,-5,34,34,2.9,19.97503476011257,0.09430813789367676,0.004365205764770508,34,34,YOLO,1,32,0,19.97503476011257,0,[]
20250720_235305_776,-5,34,34,2.9,19.97503476011257,0.08754920959472656,0.004666566848754883,34,34,YOLO,1,32,0,19.97503476011257,0,[]
20250720_235305_872,-5,33,33,1.5,20.3393480211354,0.08710098266601562,0.0042650699615478516,33,33,YOLO,1,32,0,20.3393480211354,0,[]
20250720_235305_966,-5,33,33,1.5,20.3393480211354,0.09378623962402344,0.004358530044555664,33,33,YOLO,1,32,0,20.3393480211354,0,[]
20250720_235306_068,-5,33,33,1.5,20.3393480211354,0.09067606925964355,0.004360675811767578,33,33,YOLO,1,32,0,20.3393480211354,0,[]
20250720_235306_166,-5,33,33,1.5,20.3393480211354,0.09790825843811035,0.004333972930908203,33,33,YOLO,1,32,0,20.3393480211354,0,[]
20250720_235306_271,-5,33,33,1.5,20.3393480211354,0.08348584175109863,0.004393577575683594,33,33,YOLO,1,32,0,20.3393480211354,0,[]
20250720_235306_363,-5,33,33,1.5,20.3393480211354,0.09100079536437988,0.004343509674072266,33,33,YOLO,1,32,0,20.3393480211354,0,[]
20250720_235306_461,-5,33,33,1.5,20.3393480211354,0.08732795715332031,0.004314422607421875,33,33,YOLO,1,32,0,20.3393480211354,0,[]
20250720_235306_556,-5,33,33,1.5,20.3393480211354,0.09598875045776367,0.004149436950683594,33,33,YOLO,1,32,0,20.3393480211354,0,[]
20250720_235306_659,-5,33,33,1.5,20.3393480211354,0.09617304801940918,0.004428863525390625,33,33,YOLO,1,32,0,20.3393480211354,0,[]
20250720_235306_763,-5,34,34,2.9,19.97503476011257,0.10306882858276367,0.0020761489868164062,34,34,YOLO,1,32,0,19.97503476011257,0,[]
20250720_235306_870,-5,34,34,2.9,19.97503476011257,0.0948026180267334,0.004056215286254883,34,34,YOLO,1,32,0,19.97503476011257,0,[]
20250720_235306_971,-5,34,34,2.9,19.97503476011257,0.09571266174316406,0.004507303237915039,34,34,YOLO,1,32,0,19.97503476011257,0,[]
20250720_235307_075,-5,34,34,2.9,19.97503476011257,0.09950637817382812,0.0039424896240234375,34,34,YOLO,1,32,0,19.97503476011257,0,[]
20250720_235307_181,-5,34,34,2.9,19.97503476011257,0.0963897705078125,0.004002094268798828,34,34,YOLO,1,32,0,19.97503476011257,0,[]
20250720_235307_285,-5,34,34,2.9,19.97503476011257,0.08964920043945312,0.004323005676269531,34,34,YOLO,1,32,0,19.97503476011257,0,[]
20250720_235307_382,-5,34,34,2.9,19.97503476011257,0.09351563453674316,0.004403352737426758,34,34,YOLO,1,32,0,19.97503476011257,0,[]
20250720_235307_483,-5,34,34,2.9,19.97503476011257,0.0943293571472168,0.0019185543060302734,34,34,YOLO,1,32,0,19.97503476011257,0,[]
20250720_235307_581,-5,34,34,2.9,19.97503476011257,0.09188985824584961,0.00431060791015625,34,34,YOLO,1,32,0,19.97503476011257,0,[]
20250720_235307_680,-5,34,34,2.9,19.97503476011257,0.09502315521240234,0.004331111907958984,34,34,YOLO,1,32,0,19.97503476011257,0,[]
20250720_235307_782,-5,34,34,2.9,19.97503476011257,0.09481287002563477,0.004092216491699219,34,34,YOLO,1,32,0,19.97503476011257,0,[]
20250720_235307_884,-5,34,34,2.9,19.97503476011257,0.08890032768249512,0.004239082336425781,34,34,YOLO,1,32,0,19.97503476011257,0,[]
20250720_235307_980,-5,34,34,2.9,19.97503476011257,0.09076166152954102,0.004345893859863281,34,34,YOLO,1,32,0,19.97503476011257,0,[]
20250720_235308_078,-5,34,34,2.9,19.97503476011257,0.08575201034545898,0.004471540451049805,34,34,YOLO,1,32,0,19.97503476011257,0,[]
20250720_235308_171,-5,34,34,2.9,19.97503476011257,0.08815979957580566,0.004304170608520508,34,34,YOLO,1,32,0,19.97503476011257,0,[]
20250720_235308_267,-5,34,34,2.9,19.97503476011257,0.09229874610900879,0.002223968505859375,34,34,YOLO,1,32,0,19.97503476011257,0,[]
20250720_235308_362,-5,34,34,2.9,19.97503476011257,0.09005308151245117,0.0023183822631835938,34,34,YOLO,1,32,0,19.97503476011257,0,[]
20250720_235308_456,-5,34,34,2.9,19.97503476011257,0.087493896484375,0.0021066665649414062,34,34,YOLO,1,32,0,19.97503476011257,0,[]
20250720_235308_547,-5,34,34,2.9,19.97503476011257,0.09965014457702637,0.002050161361694336,34,34,YOLO,1,32,0,19.97503476011257,0,[]
20250720_235308_650,-5,34,34,2.9,19.97503476011257,0.0871896743774414,0.002068042755126953,34,34,YOLO,1,32,0,19.97503476011257,0,[]
20250720_235308_740,-5,34,34,2.9,19.97503476011257,0.09640073776245117,0.002046346664428711,34,34,YOLO,1,32,0,19.97503476011257,0,[]
20250720_235308_840,-5,34,34,2.9,19.97503476011257,0.0944831371307373,0.0020411014556884766,34,34,YOLO,1,32,0,19.97503476011257,0,[]
20250720_235308_938,-5,34,34,2.9,19.97503476011257,0.09726643562316895,0.0020673274993896484,34,34,YOLO,1,32,0,19.97503476011257,0,[]
20250720_235309_039,-5,34,34,2.9,19.97503476011257,0.08908295631408691,0.00211334228515625,34,34,YOLO,1,32,0,19.97503476011257,0,[]
20250720_235309_131,-5,34,34,2.9,19.97503476011257,0.09537148475646973,0.0020728111267089844,34,34,YOLO,1,32,0,19.97503476011257,0,[]
20250720_235309_230,-5,34,34,2.9,19.97503476011257,0.08900165557861328,0.0020995140075683594,34,34,YOLO,1,32,0,19.97503476011257,0,[]
20250720_235309_322,-5,34,34,2.9,19.97503476011257,0.09092855453491211,0.002097606658935547,34,34,YOLO,1,32,0,19.97503476011257,0,[]
20250720_235309_416,-5,34,34,2.9,19.97503476011257,0.09591794013977051,0.002189159393310547,34,34,YOLO,1,32,0,19.97503476011257,0,[]
20250720_235309_516,-5,34,34,2.9,19.97503476011257,0.08796358108520508,0.0020508766174316406,34,34,YOLO,1,32,0,19.97503476011257,0,[]
20250720_235309_607,-4,34,34,2.9,19.97503476011257,0.08999276161193848,0.0023038387298583984,34,34,YOLO,1,32,0,19.97503476011257,0,[]
20250720_235309_701,-4,34,34,2.9,19.88130475581771,0.09031987190246582,0.002033710479736328,34,34,YOLO,1,32,0,19.88130475581771,0,[]
20250720_235309_795,-4,33,33,1.5,20.58273326728235,0.09753847122192383,0.004720211029052734,33,33,YOLO,1,32,0,20.58273326728235,0,[]
20250720_235309_900,-4,33,33,1.5,20.58273326728235,0.09835696220397949,0.004348039627075195,33,33,YOLO,1,32,0,20.58273326728235,0,[]
20250720_235310_006,-4,33,33,1.5,20.58273326728235,0.0969698429107666,0.0026395320892333984,33,33,YOLO,1,32,0,20.58273326728235,0,[]
20250720_235310_107,-4,33,33,1.5,20.58273326728235,0.09937071800231934,0.00425410270690918,33,33,YOLO,1,32,0,20.58273326728235,0,[]
20250720_235310_214,-4,33,33,1.5,20.58273326728235,0.09049439430236816,0.004339456558227539,33,33,YOLO,1,32,0,20.58273326728235,0,[]
20250720_235310_312,-4,33,33,1.5,20.58273326728235,0.10124087333679199,0.004248380661010742,33,33,YOLO,1,32,0,20.58273326728235,0,[]
20250720_235310_420,-4,33,33,1.5,20.58273326728235,0.09284710884094238,0.004347562789916992,33,33,YOLO,1,32,0,20.58273326728235,0,[]
20250720_235310_521,-4,33,33,1.5,20.58273326728235,0.09162330627441406,0.004065990447998047,33,33,YOLO,1,32,0,20.58273326728235,0,[]
20250720_235310_620,-4,33,33,1.5,20.58273326728235,0.09971785545349121,0.0025072097778320312,33,33,YOLO,1,32,0,20.58273326728235,0,[]
20250720_235310_723,-4,33,33,1.5,20.58273326728235,0.08709120750427246,0.002185821533203125,33,33,YOLO,1,32,0,20.58273326728235,0,[]
20250720_235310_814,-4,33,33,1.5,20.58273326728235,0.08878421783447266,0.002725362777709961,33,33,YOLO,1,32,0,20.58273326728235,0,[]
20250720_235310_907,-4,33,33,1.5,20.58273326728235,0.09204554557800293,0.0021038055419921875,33,33,YOLO,1,32,0,20.58273326728235,0,[]
20250720_235311_002,-4,33,33,1.5,20.58273326728235,0.08498406410217285,0.002109050750732422,33,33,YOLO,1,32,0,20.58273326728235,0,[]
20250720_235311_091,-4,33,33,1.5,20.58273326728235,0.09490537643432617,0.0023369789123535156,33,33,YOLO,1,32,0,20.58273326728235,0,[]
20250720_235311_190,-4,33,33,1.5,20.58273326728235,0.08808588981628418,0.0021479129791259766,33,33,YOLO,1,32,0,20.58273326728235,0,[]
20250720_235311_281,-4,33,33,1.5,20.58273326728235,0.09561848640441895,0.003348112106323242,33,33,YOLO,1,32,0,20.58273326728235,0,[]
20250720_235311_383,-4,33,33,1.5,20.58273326728235,0.08971953392028809,0.004493236541748047,33,33,YOLO,1,32,0,20.58273326728235,0,[]
20250720_235311_480,-4,33,33,1.5,20.58273326728235,0.08867311477661133,0.00471043586730957,33,33,YOLO,1,32,0,20.58273326728235,0,[]
20250720_235311_576,-4,33,33,1.5,20.58273326728235,0.09107542037963867,0.004572391510009766,33,33,YOLO,1,32,0,20.58273326728235,0,[]
20250720_235311_676,-4,33,33,1.5,20.58273326728235,0.0917198657989502,0.004810810089111328,33,33,YOLO,1,32,0,20.58273326728235,0,[]
20250720_235311_775,-4,33,33,1.5,20.58273326728235,0.09243464469909668,0.004317760467529297,33,33,YOLO,1,32,0,20.58273326728235,0,[]
20250720_235311_875,-4,33,33,1.5,20.58273326728235,0.0934898853302002,0.004296302795410156,33,33,YOLO,1,32,0,20.58273326728235,0,[]
20250720_235311_976,-4,33,33,1.5,20.58273326728235,0.09014463424682617,0.004437923431396484,33,33,YOLO,1,32,0,20.58273326728235,0,[]
20250720_235312_074,-4,32,32,0,21.135488031618465,0.0918123722076416,0.004263401031494141,32,32,YOLO,1,32,0,21.135488031618465,0,[]
20250720_235312_173,-4,33,33,1.5,20.58273326728235,0.0961458683013916,0.00422358512878418,33,33,YOLO,1,32,0,20.58273326728235,0,[]
20250720_235312_277,-4,33,33,1.5,20.58273326728235,0.09159135818481445,0.004397869110107422,33,33,YOLO,1,32,0,20.58273326728235,0,[]
20250720_235312_376,-4,33,33,1.5,20.58273326728235,0.08630251884460449,0.004425048828125,33,33,YOLO,1,32,0,20.58273326728235,0,[]
20250720_235312_470,-4,33,33,1.5,20.58273326728235,0.09845829010009766,0.0018780231475830078,33,33,YOLO,1,32,0,20.58273326728235,0,[]
20250720_235312_572,-4,33,33,1.5,20.58273326728235,0.0874485969543457,0.004506587982177734,33,33,YOLO,1,32,0,20.58273326728235,0,[]
20250720_235312_666,-4,33,33,1.5,20.58273326728235,0.09701848030090332,0.00433039665222168,33,33,YOLO,1,32,0,20.58273326728235,0,[]
20250720_235312_771,-4,33,33,1.5,20.58273326728235,0.09128713607788086,0.004342317581176758,33,33,YOLO,1,32,0,20.58273326728235,0,[]
20250720_235312_869,-4,33,33,1.5,20.58273326728235,0.09408998489379883,0.004144906997680664,33,33,YOLO,1,32,0,20.58273326728235,0,[]
20250720_235312_970,-4,33,33,1.5,20.58273326728235,0.09256935119628906,0.004060268402099609,33,33,YOLO,1,32,0,20.58273326728235,0,[]
20250720_235313_070,-4,33,33,1.5,20.58273326728235,0.09534144401550293,0.004364490509033203,33,33,YOLO,1,32,0,20.58273326728235,0,[]
20250720_235313_173,-4,33,33,1.5,20.58273326728235,0.09458732604980469,0.004325151443481445,33,33,YOLO,1,32,0,20.58273326728235,0,[]
20250720_235313_275,-4,33,33,1.5,20.58273326728235,0.09294915199279785,0.004352569580078125,33,33,YOLO,1,32,0,20.58273326728235,0,[]
20250720_235313_374,-4,33,33,1.5,20.58273326728235,0.10044479370117188,0.00445246696472168,33,33,YOLO,1,32,0,20.58273326728235,0,[]
20250720_235313_482,-4,33,33,1.5,20.58273326728235,0.0893714427947998,0.0040514469146728516,33,33,YOLO,1,32,0,20.58273326728235,0,[]
20250720_235313_578,-4,33,33,1.5,20.58273326728235,0.08992362022399902,0.004328727722167969,33,33,YOLO,1,32,0,20.58273326728235,0,[]
20250720_235313_676,-3,33,33,1.5,19.79819199246812,0.09101557731628418,0.004373311996459961,33,33,YOLO,1,32,0,19.79819199246812,0,[]
20250720_235313_774,-3,33,33,1.5,19.79819199246812,0.09066295623779297,0.0043239593505859375,33,33,YOLO,1,32,0,19.79819199246812,0,[]
20250720_235313_872,-3,32,32,0,20.680920869871755,0.09159231185913086,0.00433349609375,32,32,YOLO,1,32,0,20.680920869871755,0,[]
20250720_235313_971,-3,32,32,0,20.680920869871755,0.09396910667419434,0.004257678985595703,32,32,YOLO,1,32,0,20.680920869871755,0,[]
20250720_235314_073,-3,32,32,0,20.680920869871755,0.09457635879516602,0.004299640655517578,32,32,YOLO,1,32,0,20.680920869871755,0,[]
20250720_235314_175,-3,32,32,0,20.680920869871755,0.09334468841552734,0.004319429397583008,32,32,YOLO,1,32,0,20.680920869871755,0,[]
20250720_235314_276,-3,32,32,0,20.680920869871755,0.09060096740722656,0.0045964717864990234,32,32,YOLO,1,32,0,20.680920869871755,0,[]
20250720_235314_374,-3,32,32,0,20.680920869871755,0.09008097648620605,0.004314422607421875,32,32,YOLO,1,32,0,20.680920869871755,0,[]
20250720_235314_471,-3,32,32,0,20.680920869871755,0.10073304176330566,0.004023551940917969,32,32,YOLO,1,32,0,20.680920869871755,0,[]
20250720_235314_579,-3,32,32,0,20.680920869871755,0.0896153450012207,0.004266023635864258,32,32,YOLO,1,32,0,20.680920869871755,0,[]
20250720_235314_676,-3,32,32,0,20.680920869871755,0.0962529182434082,0.00429534912109375,32,32,YOLO,1,32,0,20.680920869871755,0,[]
20250720_235314_780,-3,32,32,0,20.680920869871755,0.09568619728088379,0.004282474517822266,32,32,YOLO,1,32,0,20.680920869871755,0,[]
20250720_235314_881,-3,32,32,0,20.680920869871755,0.09118533134460449,0.004319429397583008,32,32,YOLO,1,32,0,20.680920869871755,0,[]
20250720_235314_980,-3,32,32,0,20.680920869871755,0.08988237380981445,0.0042994022369384766,32,32,YOLO,1,32,0,20.680920869871755,0,[]
20250720_235315_077,-3,32,32,0,20.680920869871755,0.08949899673461914,0.004191160202026367,32,32,YOLO,1,32,0,20.680920869871755,0,[]
20250720_235315_174,-3,32,32,0,20.680920869871755,0.09288978576660156,0.004300117492675781,32,32,YOLO,1,32,0,20.680920869871755,0,[]
20250720_235315_274,-3,32,32,0,20.680920869871755,0.09214615821838379,0.004358053207397461,32,32,YOLO,1,32,0,20.680920869871755,0,[]
20250720_235315_373,-3,32,32,0,20.680920869871755,0.09345102310180664,0.0043277740478515625,32,32,YOLO,1,32,0,20.680920869871755,0,[]
20250720_235315_474,-3,32,32,0,20.680920869871755,0.09301233291625977,0.00409245491027832,32,32,YOLO,1,32,0,20.680920869871755,0,[]
20250720_235315_574,-3,32,32,0,20.680920869871755,0.0942692756652832,0.004208564758300781,32,32,YOLO,1,32,0,20.680920869871755,0,[]
20250720_235315_676,-3,32,32,0,20.680920869871755,0.0925300121307373,0.004337310791015625,32,32,YOLO,1,32,0,20.680920869871755,0,[]
20250720_235315_776,-3,32,32,0,20.680920869871755,0.09186744689941406,0.004372358322143555,32,32,YOLO,1,32,0,20.680920869871755,0,[]
20250720_235315_875,-3,32,32,0,20.680920869871755,0.09362411499023438,0.003952503204345703,32,32,YOLO,1,32,0,20.680920869871755,0,[]
20250720_235315_976,-3,32,32,0,20.680920869871755,0.0970456600189209,0.00448298454284668,32,32,YOLO,1,32,0,20.680920869871755,0,[]
20250720_235316_080,-3,32,32,0,20.680920869871755,0.09066367149353027,0.004349946975708008,32,32,YOLO,1,32,0,20.680920869871755,0,[]
20250720_235316_178,-3,32,32,0,20.680920869871755,0.09100461006164551,0.004384517669677734,32,32,YOLO,1,32,0,20.680920869871755,0,[]
20250720_235316_277,-3,32,32,0,20.680920869871755,0.09268736839294434,0.004323244094848633,32,32,YOLO,1,32,0,20.680920869871755,0,[]
20250720_235316_377,-3,32,32,0,20.680920869871755,0.09097933769226074,0.004236459732055664,32,32,YOLO,1,32,0,20.680920869871755,0,[]
20250720_235316_475,-3,32,32,0,20.680920869871755,0.09312939643859863,0.003973960876464844,32,32,YOLO,1,32,0,20.680920869871755,0,[]
20250720_235316_575,-3,32,32,0,20.680920869871755,0.09462118148803711,0.004316568374633789,32,32,YOLO,1,32,0,20.680920869871755,0,[]
20250720_235316_677,-3,32,32,0,20.680920869871755,0.09128189086914062,0.004468679428100586,32,32,YOLO,1,32,0,20.680920869871755,0,[]
20250720_235316_774,-3,32,32,0,20.680920869871755,0.09423518180847168,0.004368305206298828,32,32,YOLO,1,32,0,20.680920869871755,0,[]
20250720_235316_876,-3,32,32,0,20.680920869871755,0.09035181999206543,0.0042455196380615234,32,32,YOLO,1,32,0,20.680920869871755,0,[]
20250720_235316_974,-3,32,32,0,20.680920869871755,0.09851598739624023,0.004432201385498047,32,32,YOLO,1,32,0,20.680920869871755,0,[]
20250720_235317_080,-3,32,32,0,20.680920869871755,0.08625960350036621,0.00432896614074707,32,32,YOLO,1,32,0,20.680920869871755,0,[]
20250720_235317_174,-3,32,32,0,20.680920869871755,0.08925747871398926,0.0043103694915771484,32,32,YOLO,1,32,0,20.680920869871755,0,[]
20250720_235317_270,-3,32,32,0,20.680920869871755,0.0892326831817627,0.004531383514404297,32,32,YOLO,1,32,0,20.680920869871755,0,[]
20250720_235317_367,-3,32,32,0,20.680920869871755,0.09707522392272949,0.004302978515625,32,32,YOLO,1,32,0,20.680920869871755,0,[]
20250720_235317_472,-3,32,32,0,20.680920869871755,0.09346747398376465,0.0044879913330078125,32,32,YOLO,1,32,0,20.680920869871755,0,[]
20250720_235317_572,-3,32,32,0,20.680920869871755,0.10197567939758301,0.004374027252197266,32,32,YOLO,1,32,0,20.680920869871755,0,[]
20250720_235317_681,-2,32,32,0,20.88918522383746,0.0891563892364502,0.004703044891357422,32,32,YOLO,1,32,0,20.88918522383746,0,[]
20250720_235317_778,-2,32,32,0,20.88918522383746,0.0914609432220459,0.004369258880615234,32,32,YOLO,1,32,0,20.88918522383746,0,[]
20250720_235317_877,-2,31,31,-1.5,21.32172847746935,0.10520625114440918,0.004290103912353516,31,31,YOLO,1,32,0,21.32172847746935,0,[]
20250720_235317_990,-2,31,31,-1.5,21.32172847746935,0.08706855773925781,0.004323482513427734,31,31,YOLO,1,32,0,21.32172847746935,0,[]
20250720_235318_085,-2,31,31,-1.5,21.32172847746935,0.09678792953491211,0.00433349609375,31,31,YOLO,1,32,0,21.32172847746935,0,[]
20250720_235318_189,-2,31,31,-1.5,21.32172847746935,0.09398818016052246,0.004558086395263672,31,31,YOLO,1,32,0,21.32172847746935,0,[]
20250720_235318_290,-2,31,31,-1.5,21.32172847746935,0.09169387817382812,0.0045735836029052734,31,31,YOLO,1,32,0,21.32172847746935,0,[]
20250720_235318_390,-2,31,31,-1.5,21.32172847746935,0.09194183349609375,0.004283905029296875,31,31,YOLO,1,32,0,21.32172847746935,0,[]
20250720_235318_489,-2,31,31,-1.5,21.32172847746935,0.09301614761352539,0.004195213317871094,31,31,YOLO,1,32,0,21.32172847746935,0,[]
20250720_235318_589,-2,31,31,-1.5,21.32172847746935,0.09240865707397461,0.004122495651245117,31,31,YOLO,1,32,0,21.32172847746935,0,[]
20250720_235318_689,-2,31,31,-1.5,21.32172847746935,0.09393811225891113,0.004254817962646484,31,31,YOLO,1,32,0,21.32172847746935,0,[]
20250720_235318_790,-2,31,31,-1.5,21.32172847746935,0.10479927062988281,0.004350900650024414,31,31,YOLO,1,32,0,21.32172847746935,0,[]
20250720_235318_902,-2,31,31,-1.5,21.32172847746935,0.09526920318603516,0.004300117492675781,31,31,YOLO,1,32,0,21.32172847746935,0,[]
20250720_235319_005,-2,31,31,-1.5,21.32172847746935,0.09808230400085449,0.0036492347717285156,31,31,YOLO,1,32,0,21.32172847746935,0,[]
20250720_235319_108,-2,31,31,-1.5,21.32172847746935,0.0908658504486084,0.004187822341918945,31,31,YOLO,1,32,0,21.32172847746935,0,[]
20250720_235319_206,-2,31,31,-1.5,21.32172847746935,0.09226441383361816,0.00394749641418457,31,31,YOLO,1,32,0,21.32172847746935,0,[]
20250720_235319_305,-2,31,31,-1.5,21.32172847746935,0.1009213924407959,0.003918647766113281,31,31,YOLO,1,32,0,21.32172847746935,0,[]
20250720_235319_413,-2,31,31,-1.5,21.32172847746935,0.0974266529083252,0.0043795108795166016,31,31,YOLO,1,32,0,21.32172847746935,0,[]
20250720_235319_518,-2,31,31,-1.5,21.32172847746935,0.09913277626037598,0.004317522048950195,31,31,YOLO,1,32,0,21.32172847746935,0,[]
20250720_235319_625,-2,31,31,-1.5,21.32172847746935,0.08643174171447754,0.004172325134277344,31,31,YOLO,1,32,0,21.32172847746935,0,[]
20250720_235319_719,-2,31,31,-1.5,21.32172847746935,0.08765316009521484,0.004366636276245117,31,31,YOLO,1,32,0,21.32172847746935,0,[]
20250720_235319_814,-2,31,31,-1.5,21.32172847746935,0.0869131088256836,0.0042972564697265625,31,31,YOLO,1,32,0,21.32172847746935,0,[]
20250720_235319_908,-2,31,31,-1.5,21.32172847746935,0.09694933891296387,0.0044133663177490234,31,31,YOLO,1,32,0,21.32172847746935,0,[]
20250720_235320_013,-2,31,31,-1.5,21.32172847746935,0.09032630920410156,0.004319429397583008,31,31,YOLO,1,32,0,21.32172847746935,0,[]
20250720_235320_111,-2,31,31,-1.5,21.32172847746935,0.09122443199157715,0.004328727722167969,31,31,YOLO,1,32,0,21.32172847746935,0,[]
20250720_235320_209,-2,31,31,-1.5,21.32172847746935,0.09016871452331543,0.004103183746337891,31,31,YOLO,1,32,0,21.32172847746935,0,[]
20250720_235320_305,-2,31,31,-1.5,21.32172847746935,0.09032225608825684,0.004471540451049805,31,31,YOLO,1,32,0,21.32172847746935,0,[]
20250720_235320_403,-2,32,32,0,20.88918522383746,0.09062743186950684,0.004464864730834961,32,32,YOLO,1,32,0,20.88918522383746,0,[]
20250720_235320_501,-2,32,32,0,20.88918522383746,0.09492206573486328,0.004068851470947266,32,32,YOLO,1,32,0,20.88918522383746,0,[]
20250720_235320_603,-2,31,31,-1.5,21.32172847746935,0.09739398956298828,0.004379987716674805,31,31,YOLO,1,32,0,21.32172847746935,0,[]
20250720_235320_708,-2,32,32,0,20.88918522383746,0.09539556503295898,0.00432276725769043,32,32,YOLO,1,32,0,20.88918522383746,0,[]
20250720_235320_811,-2,32,32,0,20.88918522383746,0.08794355392456055,0.004348039627075195,32,32,YOLO,1,32,0,20.88918522383746,0,[]
20250720_235320_906,-2,31,31,-1.5,21.32172847746935,0.09955573081970215,0.004316568374633789,31,31,YOLO,1,32,0,21.32172847746935,0,[]
20250720_235321_013,-2,32,32,0,20.88918522383746,0.10331392288208008,0.004229068756103516,32,32,YOLO,1,32,0,20.88918522383746,0,[]
20250720_235321_123,-2,31,31,-1.5,21.32172847746935,0.0987691879272461,0.0043354034423828125,31,31,YOLO,1,32,0,21.32172847746935,0,[]
20250720_235321_230,-2,31,31,-1.5,21.32172847746935,0.08617401123046875,0.004250764846801758,31,31,YOLO,1,32,0,21.32172847746935,0,[]
20250720_235321_323,-2,31,31,-1.5,21.32172847746935,0.09088635444641113,0.003935575485229492,31,31,YOLO,1,32,0,21.32172847746935,0,[]
20250720_235321_421,-2,32,32,0,20.88918522383746,0.09555935859680176,0.004286050796508789,32,32,YOLO,1,32,0,20.88918522383746,0,[]
20250720_235321_523,-2,31,31,-1.5,21.32172847746935,0.09240889549255371,0.004283905029296875,31,31,YOLO,1,32,0,21.32172847746935,0,[]
20250720_235321_623,-1,31,31,-1.5,20.985161754898968,0.09710359573364258,0.0044498443603515625,31,31,YOLO,1,32,0,20.985161754898968,0,[]
20250720_235321_727,-1,31,31,-1.5,20.985161754898968,0.08890843391418457,0.0042095184326171875,31,31,YOLO,1,32,0,20.985161754898968,0,[]
20250720_235321_823,-1,31,31,-1.5,20.985161754898968,0.0823359489440918,0.004315376281738281,31,31,YOLO,1,32,0,20.985161754898968,0,[]
20250720_235321_913,-1,31,31,-1.5,20.985161754898968,0.09206581115722656,0.004253864288330078,31,31,YOLO,1,32,0,20.985161754898968,0,[]
20250720_235322_013,-1,31,31,-1.5,20.985161754898968,0.08947610855102539,0.004253864288330078,31,31,YOLO,1,32,0,20.985161754898968,0,[]
20250720_235322_109,-1,31,31,-1.5,20.985161754898968,0.10265469551086426,0.0041637420654296875,31,31,YOLO,1,32,0,20.985161754898968,0,[]
20250720_235322_219,-1,31,31,-1.5,20.985161754898968,0.08722043037414551,0.0043256282806396484,31,31,YOLO,1,32,0,20.985161754898968,0,[]
20250720_235322_314,-1,31,31,-1.5,20.985161754898968,0.08965373039245605,0.004117727279663086,31,31,YOLO,1,32,0,20.985161754898968,0,[]
20250720_235322_411,-1,31,31,-1.5,20.985161754898968,0.10047268867492676,0.0043163299560546875,31,31,YOLO,1,32,0,20.985161754898968,0,[]
20250720_235322_517,-1,31,31,-1.5,20.985161754898968,0.09549331665039062,0.004335880279541016,31,31,YOLO,1,32,0,20.985161754898968,0,[]
20250720_235322_620,-1,31,31,-1.5,20.985161754898968,0.09393906593322754,0.004355192184448242,31,31,YOLO,1,32,0,20.985161754898968,0,[]
20250720_235322_722,-1,31,31,-1.5,20.985161754898968,0.09438729286193848,0.004373311996459961,31,31,YOLO,1,32,0,20.985161754898968,0,[]
20250720_235322_823,-1,31,31,-1.5,20.985161754898968,0.09588909149169922,0.004845857620239258,31,31,YOLO,1,32,0,20.985161754898968,0,[]
20250720_235322_927,-1,31,31,-1.5,20.985161754898968,0.10285019874572754,0.004388570785522461,31,31,YOLO,1,32,0,20.985161754898968,0,[]
20250720_235323_038,-1,31,31,-1.5,20.985161754898968,0.09771370887756348,0.004263639450073242,31,31,YOLO,1,32,0,20.985161754898968,0,[]
20250720_235323_143,-1,31,31,-1.5,20.985161754898968,0.0970163345336914,0.004314899444580078,31,31,YOLO,1,32,0,20.985161754898968,0,[]
20250720_235323_247,-1,31,31,-1.5,20.985161754898968,0.09035968780517578,0.0040318965911865234,31,31,YOLO,1,32,0,20.985161754898968,0,[]
20250720_235323_345,-1,31,31,-1.5,20.985161754898968,0.08644342422485352,0.004260063171386719,31,31,YOLO,1,32,0,20.985161754898968,0,[]
20250720_235323_438,-1,31,31,-1.5,20.985161754898968,0.0979623794555664,0.0042569637298583984,31,31,YOLO,1,32,0,20.985161754898968,0,[]
20250720_235323_544,-1,31,31,-1.5,20.985161754898968,0.09293270111083984,0.0042989253997802734,31,31,YOLO,1,32,0,20.985161754898968,0,[]
20250720_235323_644,-1,31,31,-1.5,20.985161754898968,0.09575676918029785,0.004312992095947266,31,31,YOLO,1,32,0,20.985161754898968,0,[]
20250720_235323_747,-1,31,31,-1.5,20.985161754898968,0.0998067855834961,0.004329204559326172,31,31,YOLO,1,32,0,20.985161754898968,0,[]
20250720_235323_855,-1,31,31,-1.5,20.985161754898968,0.09118843078613281,0.0043430328369140625,31,31,YOLO,1,32,0,20.985161754898968,0,[]
20250720_235323_953,-1,31,31,-1.5,20.985161754898968,0.09832382202148438,0.004320859909057617,31,31,YOLO,1,32,0,20.985161754898968,0,[]
20250720_235324_059,-1,31,31,-1.5,20.985161754898968,0.09932351112365723,0.00423431396484375,31,31,YOLO,1,32,0,20.985161754898968,0,[]
20250720_235324_165,-1,31,31,-1.5,20.985161754898968,0.10075807571411133,0.004379987716674805,31,31,YOLO,1,32,0,20.985161754898968,0,[]
20250720_235324_274,-1,31,31,-1.5,20.985161754898968,0.08302187919616699,0.00429224967956543,31,31,YOLO,1,32,0,20.985161754898968,0,[]
20250720_235324_364,-1,31,31,-1.5,20.985161754898968,0.08832573890686035,0.0045163631439208984,31,31,YOLO,1,32,0,20.985161754898968,0,[]
20250720_235324_458,-1,31,31,-1.5,20.985161754898968,0.08835434913635254,0.004488468170166016,31,31,YOLO,1,32,0,20.985161754898968,0,[]
20250720_235324_554,-1,31,31,-1.5,20.985161754898968,0.09586071968078613,0.00431060791015625,31,31,YOLO,1,32,0,20.985161754898968,0,[]
20250720_235324_658,-1,31,31,-1.5,20.985161754898968,0.09132838249206543,0.0042231082916259766,31,31,YOLO,1,32,0,20.985161754898968,0,[]
20250720_235324_756,-1,31,31,-1.5,20.985161754898968,0.09098410606384277,0.004248142242431641,31,31,YOLO,1,32,0,20.985161754898968,0,[]
20250720_235324_854,-1,31,31,-1.5,20.985161754898968,0.09009289741516113,0.004245281219482422,31,31,YOLO,1,32,0,20.985161754898968,0,[]
20250720_235324_952,-1,31,31,-1.5,20.985161754898968,0.09589409828186035,0.004299163818359375,31,31,YOLO,1,32,0,20.985161754898968,0,[]
20250720_235325_055,-1,31,31,-1.5,20.985161754898968,0.09867262840270996,0.0041484832763671875,31,31,YOLO,1,32,0,20.985161754898968,0,[]
20250720_235325_161,-1,31,31,-1.5,20.985161754898968,0.08553647994995117,0.004255771636962891,31,31,YOLO,1,32,0,20.985161754898968,0,[]
20250720_235325_253,-1,31,31,-1.5,20.985161754898968,0.08994269371032715,0.004331350326538086,31,31,YOLO,1,32,0,20.985161754898968,0,[]
20250720_235325_351,-1,31,31,-1.5,20.985161754898968,0.09162402153015137,0.004332065582275391,31,31,YOLO,1,32,0,20.985161754898968,0,[]
20250720_235325_450,-1,31,31,-1.5,20.985161754898968,0.09333539009094238,0.004062652587890625,31,31,YOLO,1,32,0,20.985161754898968,0,[]
20250720_235325_549,-1,30,30,-2.9,21.25458700468016,0.09624147415161133,0.0041391849517822266,30,30,YOLO,1,32,0,21.25458700468016,0,[]
20250720_235325_652,0,31,31,-1.5,20.29527720658355,0.09163880348205566,0.00432133674621582,31,31,YOLO,1,32,0,20.29527720658355,0,[]
20250720_235325_751,0,31,31,-1.5,20.29527720658355,0.09203481674194336,0.004221200942993164,31,31,YOLO,1,32,0,20.29527720658355,0,[]
20250720_235325_850,0,30,30,-2.9,20.97852816331165,0.09360575675964355,0.004304170608520508,30,30,YOLO,1,32,0,20.97852816331165,0,[]
20250720_235325_951,0,30,30,-2.9,20.97852816331165,0.09570789337158203,0.004136323928833008,30,30,YOLO,1,32,0,20.97852816331165,0,[]
20250720_235326_054,0,30,30,-2.9,20.97852816331165,0.0919950008392334,0.004265785217285156,30,30,YOLO,1,32,0,20.97852816331165,0,[]
20250720_235326_153,0,30,30,-2.9,20.97852816331165,0.09575867652893066,0.004331350326538086,30,30,YOLO,1,32,0,20.97852816331165,0,[]
20250720_235326_256,0,30,30,-2.9,20.97852816331165,0.09588980674743652,0.0037839412689208984,30,30,YOLO,1,32,0,20.97852816331165,0,[]
20250720_235326_357,0,30,30,-2.9,20.97852816331165,0.09496903419494629,0.004033088684082031,30,30,YOLO,1,32,0,20.97852816331165,0,[]
20250720_235326_459,0,30,30,-2.9,20.97852816331165,0.09585046768188477,0.004246234893798828,30,30,YOLO,1,32,0,20.97852816331165,0,[]
20250720_235326_563,0,30,30,-2.9,20.97852816331165,0.09758853912353516,0.0045778751373291016,30,30,YOLO,1,32,0,20.97852816331165,0,[]
20250720_235326_668,0,30,30,-2.9,20.97852816331165,0.0995492935180664,0.0043408870697021484,30,30,YOLO,1,32,0,20.97852816331165,0,[]
20250720_235326_775,0,30,30,-2.9,20.97852816331165,0.09650683403015137,0.004225730895996094,30,30,YOLO,1,32,0,20.97852816331165,0,[]
20250720_235326_878,0,30,30,-2.9,20.97852816331165,0.10222172737121582,0.004360675811767578,30,30,YOLO,1,32,0,20.97852816331165,0,[]
20250720_235326_988,0,30,30,-2.9,20.97852816331165,0.08529877662658691,0.004464864730834961,30,30,YOLO,1,32,0,20.97852816331165,0,[]
20250720_235327_081,0,30,30,-2.9,20.97852816331165,0.09098649024963379,0.0043375492095947266,30,30,YOLO,1,32,0,20.97852816331165,0,[]
20250720_235327_179,0,30,30,-2.9,20.97852816331165,0.08834004402160645,0.0040361881256103516,30,30,YOLO,1,32,0,20.97852816331165,0,[]
20250720_235327_273,0,30,30,-2.9,20.97852816331165,0.10861706733703613,0.004561185836791992,30,30,YOLO,1,32,0,20.97852816331165,0,[]
20250720_235327_388,0,30,30,-2.9,20.97852816331165,0.09381532669067383,0.004319906234741211,30,30,YOLO,1,32,0,20.97852816331165,0,[]
20250720_235327_489,0,30,30,-2.9,20.97852816331165,0.09349846839904785,0.004270792007446289,30,30,YOLO,1,32,0,20.97852816331165,0,[]
20250720_235327_590,0,30,30,-2.9,20.97852816331165,0.09668898582458496,0.0042417049407958984,30,30,YOLO,1,32,0,20.97852816331165,0,[]
20250720_235327_694,0,30,30,-2.9,20.97852816331165,0.09098672866821289,0.004316806793212891,30,30,YOLO,1,32,0,20.97852816331165,0,[]
20250720_235327_792,0,30,30,-2.9,20.97852816331165,0.09229087829589844,0.004220485687255859,30,30,YOLO,1,32,0,20.97852816331165,0,[]
20250720_235327_892,0,30,30,-2.9,20.97852816331165,0.09212279319763184,0.004350900650024414,30,30,YOLO,1,32,0,20.97852816331165,0,[]
20250720_235327_992,0,30,30,-2.9,20.97852816331165,0.09362912178039551,0.004393339157104492,30,30,YOLO,1,32,0,20.97852816331165,0,[]
20250720_235328_093,0,30,30,-2.9,20.97852816331165,0.09068942070007324,0.0042569637298583984,30,30,YOLO,1,32,0,20.97852816331165,0,[]
20250720_235328_189,0,30,30,-2.9,20.97852816331165,0.09810924530029297,0.004683017730712891,30,30,YOLO,1,32,0,20.97852816331165,0,[]
20250720_235328_294,0,30,30,-2.9,20.97852816331165,0.08960866928100586,0.004366636276245117,30,30,YOLO,1,32,0,20.97852816331165,0,[]
20250720_235328_391,0,30,30,-2.9,20.97852816331165,0.08591628074645996,0.004384517669677734,30,30,YOLO,1,32,0,20.97852816331165,0,[]
20250720_235328_485,0,30,30,-2.9,20.97852816331165,0.09111881256103516,0.003964900970458984,30,30,YOLO,1,32,0,20.97852816331165,0,[]
20250720_235328_583,0,30,30,-2.9,20.97852816331165,0.09465265274047852,0.0044286251068115234,30,30,YOLO,1,32,0,20.97852816331165,0,[]
20250720_235328_685,0,30,30,-2.9,20.97852816331165,0.10013055801391602,0.004384040832519531,30,30,YOLO,1,32,0,20.97852816331165,0,[]
20250720_235328_793,0,30,30,-2.9,20.97852816331165,0.10476994514465332,0.004342555999755859,30,30,YOLO,1,32,0,20.97852816331165,0,[]
20250720_235328_905,0,30,30,-2.9,20.97852816331165,0.08377718925476074,0.004388332366943359,30,30,YOLO,1,32,0,20.97852816331165,0,[]
20250720_235328_996,0,30,30,-2.9,20.97852816331165,0.08957910537719727,0.004275083541870117,30,30,YOLO,1,32,0,20.97852816331165,0,[]
20250720_235329_093,0,30,30,-2.9,20.97852816331165,0.0939943790435791,0.004349946975708008,30,30,YOLO,1,32,0,20.97852816331165,0,[]
20250720_235329_195,0,30,30,-2.9,20.97852816331165,0.09158945083618164,0.004310131072998047,30,30,YOLO,1,32,0,20.97852816331165,0,[]
20250720_235329_294,0,30,30,-2.9,20.97852816331165,0.09645271301269531,0.0041081905364990234,30,30,YOLO,1,32,0,20.97852816331165,0,[]
20250720_235329_398,0,30,30,-2.9,20.97852816331165,0.09762430191040039,0.003942966461181641,30,30,YOLO,1,32,0,20.97852816331165,0,[]
20250720_235329_502,0,30,30,-2.9,20.97852816331165,0.0938260555267334,0.003936290740966797,30,30,YOLO,1,32,0,20.97852816331165,0,[]
20250720_235329_603,1,30,30,-2.9,20.71910171723502,0.09554696083068848,0.004418611526489258,30,30,YOLO,1,32,0,20.71910171723502,0,[]
20250720_235329_706,1,30,30,-2.9,20.71910171723502,0.0890812873840332,0.004279375076293945,30,30,YOLO,1,32,0,20.71910171723502,0,[]
20250720_235329_802,1,30,30,-2.9,20.71910171723502,0.10214877128601074,0.0042912960052490234,30,30,YOLO,1,32,0,20.71910171723502,0,[]
20250720_235329_912,1,29,29,-4.4,21.112046555562685,0.08965516090393066,0.0028853416442871094,29,29,YOLO,1,32,0,21.112046555562685,0,[]
20250720_235330_006,1,29,29,-4.4,21.112046555562685,0.09807300567626953,0.004552602767944336,29,29,YOLO,1,32,0,21.112046555562685,0,[]
20250720_235330_112,1,29,29,-4.4,21.112046555562685,0.0936574935913086,0.004393339157104492,29,29,YOLO,1,32,0,21.112046555562685,0,[]
20250720_235330_213,1,29,29,-4.4,21.112046555562685,0.08992457389831543,0.004298210144042969,29,29,YOLO,1,32,0,21.112046555562685,0,[]
20250720_235330_310,1,30,30,-2.9,20.71910171723502,0.0926666259765625,0.00437164306640625,30,30,YOLO,1,32,0,20.71910171723502,0,[]
20250720_235330_410,1,30,30,-2.9,20.71910171723502,0.09978079795837402,0.004286527633666992,30,30,YOLO,1,32,0,20.71910171723502,0,[]
20250720_235330_518,1,30,30,-2.9,20.71910171723502,0.09713292121887207,0.004243373870849609,30,30,YOLO,1,32,0,20.71910171723502,0,[]
20250720_235330_622,1,30,30,-2.9,20.71910171723502,0.08769369125366211,0.004312753677368164,30,30,YOLO,1,32,0,20.71910171723502,0,[]
20250720_235330_717,1,29,29,-4.4,21.112046555562685,0.09665846824645996,0.00410008430480957,29,29,YOLO,1,32,0,21.112046555562685,0,[]
20250720_235330_820,1,29,29,-4.4,21.112046555562685,0.09830331802368164,0.004472017288208008,29,29,YOLO,1,32,0,21.112046555562685,0,[]
20250720_235330_926,1,29,29,-4.4,21.112046555562685,0.09770488739013672,0.004257917404174805,29,29,YOLO,1,32,0,21.112046555562685,0,[]
20250720_235331_031,1,29,29,-4.4,21.112046555562685,0.09638094902038574,0.0044291019439697266,29,29,YOLO,1,32,0,21.112046555562685,0,[]
20250720_235331_135,1,29,29,-4.4,21.112046555562685,0.09908103942871094,0.004327535629272461,29,29,YOLO,1,32,0,21.112046555562685,0,[]
20250720_235331_241,1,29,29,-4.4,21.112046555562685,0.0911715030670166,0.00386810302734375,29,29,YOLO,1,32,0,21.112046555562685,0,[]
20250720_235331_339,1,29,29,-4.4,21.112046555562685,0.09381651878356934,0.003980875015258789,29,29,YOLO,1,32,0,21.112046555562685,0,[]
20250720_235331_440,1,29,29,-4.4,21.112046555562685,0.08885884284973145,0.004315614700317383,29,29,YOLO,1,32,0,21.112046555562685,0,[]
20250720_235331_536,1,29,29,-4.4,21.112046555562685,0.09763884544372559,0.0043103694915771484,29,29,YOLO,1,32,0,21.112046555562685,0,[]
20250720_235331_641,1,29,29,-4.4,21.112046555562685,0.09730672836303711,0.004427671432495117,29,29,YOLO,1,32,0,21.112046555562685,0,[]
20250720_235331_746,1,29,29,-4.4,21.112046555562685,0.09182143211364746,0.004111051559448242,29,29,YOLO,1,32,0,21.112046555562685,0,[]
20250720_235331_845,1,29,29,-4.4,21.112046555562685,0.09540891647338867,0.003942251205444336,29,29,YOLO,1,32,0,21.112046555562685,0,[]
20250720_235331_947,1,29,29,-4.4,21.112046555562685,0.09977579116821289,0.004277229309082031,29,29,YOLO,1,32,0,21.112046555562685,0,[]
20250720_235332_054,1,29,29,-4.4,21.112046555562685,0.0926666259765625,0.003939390182495117,29,29,YOLO,1,32,0,21.112046555562685,0,[]
20250720_235332_154,1,29,29,-4.4,21.112046555562685,0.11086249351501465,0.0043408870697021484,29,29,YOLO,1,32,0,21.112046555562685,0,[]
20250720_235332_272,1,29,29,-4.4,21.112046555562685,0.1039133071899414,0.004293918609619141,29,29,YOLO,1,32,0,21.112046555562685,0,[]
20250720_235332_383,1,30,30,-2.9,20.71910171723502,0.10065126419067383,0.004308223724365234,30,30,YOLO,1,32,0,20.71910171723502,0,[]
20250720_235332_491,1,30,30,-2.9,20.71910171723502,0.10028553009033203,0.003923654556274414,30,30,YOLO,1,32,0,20.71910171723502,0,[]
20250720_235332_598,1,30,30,-2.9,20.71910171723502,0.09661674499511719,0.004275083541870117,30,30,YOLO,1,32,0,20.71910171723502,0,[]
20250720_235332_702,1,30,30,-2.9,20.71910171723502,0.10012197494506836,0.004377603530883789,30,30,YOLO,1,32,0,20.71910171723502,0,[]
20250720_235332_809,1,30,30,-2.9,20.71910171723502,0.09684443473815918,0.004150867462158203,30,30,YOLO,1,32,0,20.71910171723502,0,[]
20250720_235332_913,1,30,30,-2.9,20.71910171723502,0.09223699569702148,0.00414729118347168,30,30,YOLO,1,32,0,20.71910171723502,0,[]
20250720_235333_012,1,30,30,-2.9,20.71910171723502,0.09039688110351562,0.00409245491027832,30,30,YOLO,1,32,0,20.71910171723502,0,[]
20250720_235333_110,1,30,30,-2.9,20.71910171723502,0.09186053276062012,0.004363298416137695,30,30,YOLO,1,32,0,20.71910171723502,0,[]
20250720_235333_209,1,30,30,-2.9,20.71910171723502,0.09729981422424316,0.004460334777832031,30,30,YOLO,1,32,0,20.71910171723502,0,[]
20250720_235333_314,1,30,30,-2.9,20.71910171723502,0.08915925025939941,0.004287004470825195,30,30,YOLO,1,32,0,20.71910171723502,0,[]
20250720_235333_411,1,29,29,-4.4,21.112046555562685,0.08650684356689453,0.004334211349487305,29,29,YOLO,1,32,0,21.112046555562685,0,[]
20250720_235333_505,1,29,29,-4.4,21.112046555562685,0.09537911415100098,0.004132509231567383,29,29,YOLO,1,32,0,21.112046555562685,0,[]
20250720_235333_607,2,29,29,-4.4,20.61133409978285,0.09068107604980469,0.004000186920166016,29,29,YOLO,1,32,0,20.61133409978285,0,[]
20250720_235333_705,2,29,29,-4.4,20.61133409978285,0.09475278854370117,0.004305124282836914,29,29,YOLO,1,32,0,20.61133409978285,0,[]
20250720_235333_807,2,29,29,-4.4,20.61133409978285,0.0944983959197998,0.004071950912475586,29,29,YOLO,1,32,0,20.61133409978285,0,[]
20250720_235333_908,2,28,28,-5.8,20.434968710706485,0.0986325740814209,0.0046274662017822266,28,28,YOLO,1,32,0,20.434968710706485,0,[]
20250720_235334_013,2,28,28,-5.8,20.434968710706485,0.09116101264953613,0.00417637825012207,28,28,YOLO,1,32,0,20.434968710706485,0,[]
20250720_235334_112,2,28,28,-5.8,20.434968710706485,0.0924983024597168,0.00421905517578125,28,28,YOLO,1,32,0,20.434968710706485,0,[]
20250720_235334_211,2,28,28,-5.8,20.434968710706485,0.08584332466125488,0.004242420196533203,28,28,YOLO,1,32,0,20.434968710706485,0,[]
20250720_235334_304,2,28,28,-5.8,20.434968710706485,0.09718036651611328,0.003975391387939453,28,28,YOLO,1,32,0,20.434968710706485,0,[]
20250720_235334_408,2,28,28,-5.8,20.434968710706485,0.0940561294555664,0.004289388656616211,28,28,YOLO,1,32,0,20.434968710706485,0,[]
20250720_235334_510,2,28,28,-5.8,20.434968710706485,0.09981226921081543,0.003980398178100586,28,28,YOLO,1,32,0,20.434968710706485,0,[]
20250720_235334_617,2,28,28,-5.8,20.434968710706485,0.09916973114013672,0.004450082778930664,28,28,YOLO,1,32,0,20.434968710706485,0,[]
20250720_235334_723,2,28,28,-5.8,20.434968710706485,0.0937032699584961,0.004418849945068359,28,28,YOLO,1,32,0,20.434968710706485,0,[]
20250720_235334_825,2,28,28,-5.8,20.434968710706485,0.0944058895111084,0.004373788833618164,28,28,YOLO,1,32,0,20.434968710706485,0,[]
20250720_235334_926,2,28,28,-5.8,20.434968710706485,0.10542535781860352,0.004343986511230469,28,28,YOLO,1,32,0,20.434968710706485,0,[]
20250720_235335_040,2,28,28,-5.8,20.434968710706485,0.0947270393371582,0.00426936149597168,28,28,YOLO,1,32,0,20.434968710706485,0,[]
20250720_235335_142,2,28,28,-5.8,20.434968710706485,0.10533952713012695,0.004327058792114258,28,28,YOLO,1,32,0,20.434968710706485,0,[]
20250720_235335_254,2,28,28,-5.8,20.434968710706485,0.0928959846496582,0.003902912139892578,28,28,YOLO,1,32,0,20.434968710706485,0,[]
20250720_235335_354,2,28,28,-5.8,20.434968710706485,0.09472179412841797,0.00432896614074707,28,28,YOLO,1,32,0,20.434968710706485,0,[]
20250720_235335_456,2,28,28,-5.8,20.434968710706485,0.09625625610351562,0.00431370735168457,28,28,YOLO,1,32,0,20.434968710706485,0,[]
20250720_235335_558,2,28,28,-5.8,20.434968710706485,0.0936119556427002,0.004356861114501953,28,28,YOLO,1,32,0,20.434968710706485,0,[]
20250720_235335_659,2,28,28,-5.8,20.434968710706485,0.09725236892700195,0.0042819976806640625,28,28,YOLO,1,32,0,20.434968710706485,0,[]
20250720_235335_764,2,28,28,-5.8,20.434968710706485,0.08904242515563965,0.004090785980224609,28,28,YOLO,1,32,0,20.434968710706485,0,[]
20250720_235335_860,2,28,28,-5.8,20.434968710706485,0.09158492088317871,0.004316091537475586,28,28,YOLO,1,32,0,20.434968710706485,0,[]
20250720_235335_959,2,28,28,-5.8,20.434968710706485,0.09352254867553711,0.00426793098449707,28,28,YOLO,1,32,0,20.434968710706485,0,[]
20250720_235336_060,2,28,28,-5.8,20.434968710706485,0.09629273414611816,0.0040738582611083984,28,28,YOLO,1,32,0,20.434968710706485,0,[]
20250720_235336_163,2,28,28,-5.8,20.434968710706485,0.08701300621032715,0.004396915435791016,28,28,YOLO,1,32,0,20.434968710706485,0,[]
20250720_235336_257,2,28,28,-5.8,20.434968710706485,0.08328032493591309,0.0042438507080078125,28,28,YOLO,1,32,0,20.434968710706485,0,[]
20250720_235336_348,2,28,28,-5.8,20.434968710706485,0.09946322441101074,0.004473686218261719,28,28,YOLO,1,32,0,20.434968710706485,0,[]
20250720_235336_455,2,28,28,-5.8,20.434968710706485,0.09330511093139648,0.0044231414794921875,28,28,YOLO,1,32,0,20.434968710706485,0,[]
20250720_235336_556,2,28,28,-5.8,20.434968710706485,0.10108089447021484,0.004277944564819336,28,28,YOLO,1,32,0,20.434968710706485,0,[]
20250720_235336_664,2,28,28,-5.8,20.434968710706485,0.09223484992980957,0.004653215408325195,28,28,YOLO,1,32,0,20.434968710706485,0,[]
20250720_235336_764,2,28,28,-5.8,20.434968710706485,0.10008478164672852,0.004314899444580078,28,28,YOLO,1,32,0,20.434968710706485,0,[]
20250720_235336_872,2,28,28,-5.8,20.434968710706485,0.09335017204284668,0.0042455196380615234,28,28,YOLO,1,32,0,20.434968710706485,0,[]
20250720_235336_971,2,28,28,-5.8,20.434968710706485,0.10133790969848633,0.004378795623779297,28,28,YOLO,1,32,0,20.434968710706485,0,[]
20250720_235337_080,2,28,28,-5.8,20.434968710706485,0.09860849380493164,0.004335641860961914,28,28,YOLO,1,32,0,20.434968710706485,0,[]
20250720_235337_186,2,28,28,-5.8,20.434968710706485,0.09795212745666504,0.0043451786041259766,28,28,YOLO,1,32,0,20.434968710706485,0,[]
20250720_235337_291,2,28,28,-5.8,20.434968710706485,0.09072422981262207,0.005080223083496094,28,28,YOLO,1,32,0,20.434968710706485,0,[]
20250720_235337_390,2,28,28,-5.8,20.434968710706485,0.09663128852844238,0.004350900650024414,28,28,YOLO,1,32,0,20.434968710706485,0,[]
20250720_235337_494,2,28,28,-5.8,20.434968710706485,0.09623050689697266,0.0042667388916015625,28,28,YOLO,1,32,0,20.434968710706485,0,[]
20250720_235337_598,3,28,28,-5.8,20.453825141565066,0.09404397010803223,0.004310131072998047,28,28,YOLO,1,32,0,20.453825141565066,0,[]
20250720_235337_699,3,28,28,-5.8,20.453825141565066,0.09647202491760254,0.004395723342895508,28,28,YOLO,1,32,0,20.453825141565066,0,[]
20250720_235337_801,3,28,28,-5.8,20.453825141565066,0.09432339668273926,0.00409245491027832,28,28,YOLO,1,32,0,20.453825141565066,0,[]
20250720_235337_903,3,28,28,-5.8,20.453825141565066,0.09864425659179688,0.004685163497924805,28,28,YOLO,1,32,0,20.453825141565066,0,[]
20250720_235338_009,3,28,28,-5.8,20.453825141565066,0.09605073928833008,0.004342555999755859,28,28,YOLO,1,32,0,20.453825141565066,0,[]
20250720_235338_113,3,28,28,-5.8,20.453825141565066,0.09152746200561523,0.00429081916809082,28,28,YOLO,1,32,0,20.453825141565066,0,[]
20250720_235338_212,3,28,28,-5.8,20.453825141565066,0.0895233154296875,0.004310131072998047,28,28,YOLO,1,32,0,20.453825141565066,0,[]
20250720_235338_309,3,28,28,-5.8,20.453825141565066,0.09112000465393066,0.0041658878326416016,28,28,YOLO,1,32,0,20.453825141565066,0,[]
20250720_235338_407,3,28,28,-5.8,20.453825141565066,0.08912158012390137,0.0020089149475097656,28,28,YOLO,1,32,0,20.453825141565066,0,[]
20250720_235338_499,3,28,28,-5.8,20.453825141565066,0.09215521812438965,0.003969669342041016,28,28,YOLO,1,32,0,20.453825141565066,0,[]
20250720_235338_598,3,28,28,-5.8,20.453825141565066,0.09139013290405273,0.0042476654052734375,28,28,YOLO,1,32,0,20.453825141565066,0,[]
20250720_235338_697,3,28,28,-5.8,20.453825141565066,0.09258222579956055,0.0042896270751953125,28,28,YOLO,1,32,0,20.453825141565066,0,[]
20250720_235338_797,3,28,28,-5.8,20.453825141565066,0.09412646293640137,0.004093647003173828,28,28,YOLO,1,32,0,20.453825141565066,0,[]
20250720_235338_899,3,28,28,-5.8,20.453825141565066,0.08468461036682129,0.004294157028198242,28,28,YOLO,1,32,0,20.453825141565066,0,[]
20250720_235338_991,3,28,28,-5.8,20.453825141565066,0.09148669242858887,0.00399327278137207,28,28,YOLO,1,32,0,20.453825141565066,0,[]
20250720_235339_089,3,28,28,-5.8,20.453825141565066,0.10002374649047852,0.002040386199951172,28,28,YOLO,1,32,0,20.453825141565066,0,[]
20250720_235339_193,3,28,28,-5.8,20.453825141565066,0.09440851211547852,0.004141330718994141,28,28,YOLO,1,32,0,20.453825141565066,0,[]
20250720_235339_292,3,28,28,-5.8,20.453825141565066,0.0922691822052002,0.004716634750366211,28,28,YOLO,1,32,0,20.453825141565066,0,[]
20250720_235339_392,3,28,28,-5.8,20.453825141565066,0.09861397743225098,0.004308938980102539,28,28,YOLO,1,32,0,20.453825141565066,0,[]
20250720_235339_498,3,28,28,-5.8,20.453825141565066,0.09027361869812012,0.0039708614349365234,28,28,YOLO,1,32,0,20.453825141565066,0,[]
20250720_235339_595,3,28,28,-5.8,20.453825141565066,0.08937954902648926,0.003952980041503906,28,28,YOLO,1,32,0,20.453825141565066,0,[]
20250720_235339_692,3,28,28,-5.8,20.453825141565066,0.09931421279907227,0.0038404464721679688,28,28,YOLO,1,32,0,20.453825141565066,0,[]
20250720_235339_797,3,28,28,-5.8,20.453825141565066,0.10081958770751953,0.002742767333984375,28,28,YOLO,1,32,0,20.453825141565066,0,[]
20250720_235339_902,3,28,28,-5.8,20.453825141565066,0.08938336372375488,0.0021080970764160156,28,28,YOLO,1,32,0,20.453825141565066,0,[]
20250720_235339_995,3,28,28,-5.8,20.453825141565066,0.08579516410827637,0.0022177696228027344,28,28,YOLO,1,32,0,20.453825141565066,0,[]
20250720_235340_085,3,28,28,-5.8,20.453825141565066,0.08807086944580078,0.0020856857299804688,28,28,YOLO,1,32,0,20.453825141565066,0,[]
20250720_235340_176,3,28,28,-5.8,20.453825141565066,0.0848703384399414,0.0019881725311279297,28,28,YOLO,1,32,0,20.453825141565066,0,[]
20250720_235340_264,3,28,28,-5.8,20.453825141565066,0.09421801567077637,0.0020372867584228516,28,28,YOLO,1,32,0,20.453825141565066,0,[]
20250720_235340_362,3,28,28,-5.8,20.453825141565066,0.08621907234191895,0.002134561538696289,28,28,YOLO,1,32,0,20.453825141565066,0,[]
20250720_235340_451,3,28,28,-5.8,20.453825141565066,0.09749817848205566,0.0021104812622070312,28,28,YOLO,1,32,0,20.453825141565066,0,[]
20250720_235340_552,3,28,28,-5.8,20.453825141565066,0.09371352195739746,0.0021436214447021484,28,28,YOLO,1,32,0,20.453825141565066,0,[]
20250720_235340_649,3,28,28,-5.8,20.453825141565066,0.09960532188415527,0.0022253990173339844,28,28,YOLO,1,32,0,20.453825141565066,0,[]
20250720_235340_752,3,28,28,-5.8,20.453825141565066,0.09510302543640137,0.0021288394927978516,28,28,YOLO,1,32,0,20.453825141565066,0,[]
20250720_235340_851,3,28,28,-5.8,20.453825141565066,0.09911108016967773,0.0020983219146728516,28,28,YOLO,1,32,0,20.453825141565066,0,[]
20250720_235340_953,3,28,28,-5.8,20.453825141565066,0.09040570259094238,0.0020406246185302734,28,28,YOLO,1,32,0,20.453825141565066,0,[]
20250720_235341_047,3,28,28,-5.8,20.453825141565066,0.09523129463195801,0.002054929733276367,28,28,YOLO,1,32,0,20.453825141565066,0,[]
20250720_235341_146,3,28,28,-5.8,20.453825141565066,0.08607053756713867,0.002110004425048828,28,28,YOLO,1,32,0,20.453825141565066,0,[]
20250720_235341_235,3,28,28,-5.8,20.453825141565066,0.09424638748168945,0.002039670944213867,28,28,YOLO,1,32,0,20.453825141565066,0,[]
20250720_235341_333,3,28,28,-5.8,20.453825141565066,0.08860969543457031,0.0039327144622802734,28,28,YOLO,1,32,0,20.453825141565066,0,[]
20250720_235341_428,3,28,28,-5.8,20.453825141565066,0.09872984886169434,0.004264354705810547,28,28,YOLO,1,32,0,20.453825141565066,0,[]
20250720_235341_534,3,28,28,-5.8,20.453825141565066,0.08821725845336914,0.004356861114501953,28,28,YOLO,1,32,0,20.453825141565066,0,[]
20250720_235341_630,4,28,28,-5.8,19.9725834748274,0.09046411514282227,0.004420757293701172,28,28,YOLO,1,32,0,19.9725834748274,0,[]
20250720_235341_728,4,28,28,-5.8,19.9725834748274,0.0884404182434082,0.004398345947265625,28,28,YOLO,1,32,0,19.9725834748274,0,[]
20250720_235341_824,4,27,27,-7.3,20.56187537739349,0.08270025253295898,0.00426483154296875,27,27,YOLO,1,32,0,20.56187537739349,0,[]
20250720_235341_914,4,27,27,-7.3,20.56187537739349,0.08490538597106934,0.004345893859863281,27,27,YOLO,1,32,0,20.56187537739349,0,[]
20250720_235342_007,4,27,27,-7.3,20.56187537739349,0.09654688835144043,0.0043413639068603516,27,27,YOLO,1,32,0,20.56187537739349,0,[]
20250720_235342_111,4,27,27,-7.3,20.56187537739349,0.08700203895568848,0.003968715667724609,27,27,YOLO,1,32,0,20.56187537739349,0,[]
20250720_235342_205,4,27,27,-7.3,20.56187537739349,0.08151936531066895,0.0020911693572998047,27,27,YOLO,1,32,0,20.56187537739349,0,[]
20250720_235342_290,4,27,27,-7.3,20.56187537739349,0.09443807601928711,0.0023980140686035156,27,27,YOLO,1,32,0,20.56187537739349,0,[]
20250720_235342_388,4,27,27,-7.3,20.56187537739349,0.08253002166748047,0.0021789073944091797,27,27,YOLO,1,32,0,20.56187537739349,0,[]
20250720_235342_474,4,27,27,-7.3,20.56187537739349,0.09142518043518066,0.002161741256713867,27,27,YOLO,1,32,0,20.56187537739349,0,[]
20250720_235342_569,4,27,27,-7.3,20.56187537739349,0.08763504028320312,0.00206756591796875,27,27,YOLO,1,32,0,20.56187537739349,0,[]
20250720_235342_660,4,27,27,-7.3,20.56187537739349,0.10479044914245605,0.002705097198486328,27,27,YOLO,1,32,0,20.56187537739349,0,[]
20250720_235342_770,4,27,27,-7.3,20.56187537739349,0.08802604675292969,0.0021331310272216797,27,27,YOLO,1,32,0,20.56187537739349,0,[]
20250720_235342_861,4,27,27,-7.3,20.56187537739349,0.09605097770690918,0.004346370697021484,27,27,YOLO,1,32,0,20.56187537739349,0,[]
20250720_235342_964,4,27,27,-7.3,20.56187537739349,0.09048271179199219,0.004311323165893555,27,27,YOLO,1,32,0,20.56187537739349,0,[]
20250720_235343_062,4,27,27,-7.3,20.56187537739349,0.09180307388305664,0.004355907440185547,27,27,YOLO,1,32,0,20.56187537739349,0,[]
20250720_235343_162,4,27,27,-7.3,20.56187537739349,0.0953834056854248,0.004267692565917969,27,27,YOLO,1,32,0,20.56187537739349,0,[]
20250720_235343_264,4,27,27,-7.3,20.56187537739349,0.12339973449707031,0.0045244693756103516,27,27,YOLO,1,32,0,20.56187537739349,0,[]
20250720_235343_396,4,27,27,-7.3,20.56187537739349,0.08966326713562012,0.004395008087158203,27,27,YOLO,1,32,0,20.56187537739349,0,[]
20250720_235343_493,4,27,27,-7.3,20.56187537739349,0.09599781036376953,0.00401616096496582,27,27,YOLO,1,32,0,20.56187537739349,0,[]
20250720_235343_596,4,27,27,-7.3,20.56187537739349,0.08870244026184082,0.0043179988861083984,27,27,YOLO,1,32,0,20.56187537739349,0,[]
20250720_235343_691,4,27,27,-7.3,20.56187537739349,0.09293842315673828,0.0044863224029541016,27,27,YOLO,1,32,0,20.56187537739349,0,[]
20250720_235343_792,4,27,27,-7.3,20.56187537739349,0.09262275695800781,0.0042378902435302734,27,27,YOLO,1,32,0,20.56187537739349,0,[]
20250720_235343_892,4,27,27,-7.3,20.56187537739349,0.09847354888916016,0.003923892974853516,27,27,YOLO,1,32,0,20.56187537739349,0,[]
20250720_235343_997,4,27,27,-7.3,20.56187537739349,0.092864990234375,0.00429081916809082,27,27,YOLO,1,32,0,20.56187537739349,0,[]
20250720_235344_097,4,27,27,-7.3,20.56187537739349,0.10019302368164062,0.004440784454345703,27,27,YOLO,1,32,0,20.56187537739349,0,[]
20250720_235344_205,4,27,27,-7.3,20.56187537739349,0.09425544738769531,0.004300117492675781,27,27,YOLO,1,32,0,20.56187537739349,0,[]
20250720_235344_307,4,27,27,-7.3,20.56187537739349,0.09240150451660156,0.004306316375732422,27,27,YOLO,1,32,0,20.56187537739349,0,[]
20250720_235344_407,4,27,27,-7.3,20.56187537739349,0.08932113647460938,0.00426793098449707,27,27,YOLO,1,32,0,20.56187537739349,0,[]
20250720_235344_503,4,27,27,-7.3,20.56187537739349,0.0941622257232666,0.0042073726654052734,27,27,YOLO,1,32,0,20.56187537739349,0,[]
20250720_235344_605,4,27,27,-7.3,20.56187537739349,0.09092211723327637,0.00430750846862793,27,27,YOLO,1,32,0,20.56187537739349,0,[]
20250720_235344_702,4,27,27,-7.3,20.56187537739349,0.08924174308776855,0.004381895065307617,27,27,YOLO,1,32,0,20.56187537739349,0,[]
20250720_235344_799,4,27,27,-7.3,20.56187537739349,0.08391356468200684,0.004311561584472656,27,27,YOLO,1,32,0,20.56187537739349,0,[]
20250720_235344_890,4,27,27,-7.3,20.56187537739349,0.09107351303100586,0.00391697883605957,27,27,YOLO,1,32,0,20.56187537739349,0,[]
20250720_235344_988,4,27,27,-7.3,20.56187537739349,0.08839917182922363,0.004140615463256836,27,27,YOLO,1,32,0,20.56187537739349,0,[]
20250720_235345_083,4,27,27,-7.3,20.56187537739349,0.10200309753417969,0.004111766815185547,27,27,YOLO,1,32,0,20.56187537739349,0,[]
20250720_235345_193,4,27,27,-7.3,20.56187537739349,0.09225082397460938,0.004363298416137695,27,27,YOLO,1,32,0,20.56187537739349,0,[]
20250720_235345_292,4,27,27,-7.3,20.56187537739349,0.09194278717041016,0.005025625228881836,27,27,YOLO,1,32,0,20.56187537739349,0,[]
20250720_235345_392,4,27,27,-7.3,20.56187537739349,0.09112334251403809,0.004492998123168945,27,27,YOLO,1,32,0,20.56187537739349,0,[]
20250720_235345_491,4,27,27,-7.3,20.56187537739349,0.0893101692199707,0.003931522369384766,27,27,YOLO,1,32,0,20.56187537739349,0,[]
20250720_235345_587,5,27,27,-7.3,20.418760090819944,0.09000158309936523,0.004208803176879883,27,27,YOLO,1,32,0,20.418760090819944,0,[]
20250720_235345_684,5,27,27,-7.3,20.418760090819944,0.09532642364501953,0.004224300384521484,27,27,YOLO,1,32,0,20.418760090819944,0,[]
20250720_235345_787,5,27,27,-7.3,20.418760090819944,0.0919961929321289,0.0039899349212646484,27,27,YOLO,1,32,0,20.418760090819944,0,[]
20250720_235345_886,5,27,27,-7.3,20.418760090819944,0.09821128845214844,0.00415349006652832,27,27,YOLO,1,32,0,20.418760090819944,0,[]
20250720_235345_991,5,26,26,-8.7,20.74878966962234,0.09330892562866211,0.004309177398681641,26,26,YOLO,1,32,0,20.74878966962234,0,[]
20250720_235346_092,5,26,26,-8.7,20.74878966962234,0.09152722358703613,0.004338264465332031,26,26,YOLO,1,32,0,20.74878966962234,0,[]
20250720_235346_191,5,26,26,-8.7,20.74878966962234,0.0923910140991211,0.004326343536376953,26,26,YOLO,1,32,0,20.74878966962234,0,[]
20250720_235346_291,5,26,26,-8.7,20.74878966962234,0.0982818603515625,0.004217386245727539,26,26,YOLO,1,32,0,20.74878966962234,0,[]
20250720_235346_397,5,26,26,-8.7,20.74878966962234,0.09555220603942871,0.003813505172729492,26,26,YOLO,1,32,0,20.74878966962234,0,[]
20250720_235346_497,5,26,26,-8.7,20.74878966962234,0.09425616264343262,0.004299163818359375,26,26,YOLO,1,32,0,20.74878966962234,0,[]
20250720_235346_599,5,27,27,-7.3,20.418760090819944,0.09220004081726074,0.00417017936706543,27,27,YOLO,1,32,0,20.418760090819944,0,[]
20250720_235346_698,5,27,27,-7.3,20.418760090819944,0.09795212745666504,0.004324913024902344,27,27,YOLO,1,32,0,20.418760090819944,0,[]
20250720_235346_804,5,27,27,-7.3,20.418760090819944,0.09690690040588379,0.0039980411529541016,27,27,YOLO,1,32,0,20.418760090819944,0,[]
20250720_235346_907,5,27,27,-7.3,20.418760090819944,0.09409070014953613,0.004324436187744141,27,27,YOLO,1,32,0,20.418760090819944,0,[]
20250720_235347_009,5,27,27,-7.3,20.418760090819944,0.09011960029602051,0.0043277740478515625,27,27,YOLO,1,32,0,20.418760090819944,0,[]
20250720_235347_107,5,27,27,-7.3,20.418760090819944,0.09063506126403809,0.003761768341064453,27,27,YOLO,1,32,0,20.418760090819944,0,[]
20250720_235347_204,5,27,27,-7.3,20.418760090819944,0.0935518741607666,0.0041811466217041016,27,27,YOLO,1,32,0,20.418760090819944,0,[]
20250720_235347_305,5,27,27,-7.3,20.418760090819944,0.09260058403015137,0.003949403762817383,27,27,YOLO,1,32,0,20.418760090819944,0,[]
20250720_235347_404,5,27,27,-7.3,20.418760090819944,0.09818887710571289,0.004255056381225586,27,27,YOLO,1,32,0,20.418760090819944,0,[]
20250720_235347_510,5,27,27,-7.3,20.418760090819944,0.09437346458435059,0.004382133483886719,27,27,YOLO,1,32,0,20.418760090819944,0,[]
20250720_235347_611,5,27,27,-7.3,20.418760090819944,0.09587407112121582,0.004311800003051758,27,27,YOLO,1,32,0,20.418760090819944,0,[]
20250720_235347_715,5,27,27,-7.3,20.418760090819944,0.10365080833435059,0.004359722137451172,27,27,YOLO,1,32,0,20.418760090819944,0,[]
20250720_235347_825,5,27,27,-7.3,20.418760090819944,0.09924745559692383,0.0036973953247070312,27,27,YOLO,1,32,0,20.418760090819944,0,[]
20250720_235347_931,5,27,27,-7.3,20.418760090819944,0.09406638145446777,0.004329681396484375,27,27,YOLO,1,32,0,20.418760090819944,0,[]
20250720_235348_032,5,27,27,-7.3,20.418760090819944,0.09882164001464844,0.004318714141845703,27,27,YOLO,1,32,0,20.418760090819944,0,[]
20250720_235348_138,5,27,27,-7.3,20.418760090819944,0.09176778793334961,0.004314422607421875,27,27,YOLO,1,32,0,20.418760090819944,0,[]
20250720_235348_238,5,27,27,-7.3,20.418760090819944,0.09664201736450195,0.0042743682861328125,27,27,YOLO,1,32,0,20.418760090819944,0,[]
20250720_235348_342,5,27,27,-7.3,20.418760090819944,0.09402012825012207,0.0043447017669677734,27,27,YOLO,1,32,0,20.418760090819944,0,[]
20250720_235348_443,5,27,27,-7.3,20.418760090819944,0.10175633430480957,0.004330158233642578,27,27,YOLO,1,32,0,20.418760090819944,0,[]
20250720_235348_553,5,27,27,-7.3,20.418760090819944,0.09580039978027344,0.004307985305786133,27,27,YOLO,1,32,0,20.418760090819944,0,[]
20250720_235348_656,5,27,27,-7.3,20.418760090819944,0.08881831169128418,0.004241466522216797,27,27,YOLO,1,32,0,20.418760090819944,0,[]
20250720_235348_753,5,27,27,-7.3,20.418760090819944,0.0925593376159668,0.00437474250793457,27,27,YOLO,1,32,0,20.418760090819944,0,[]
20250720_235348_853,5,27,27,-7.3,20.418760090819944,0.09482336044311523,0.004239559173583984,27,27,YOLO,1,32,0,20.418760090819944,0,[]
20250720_235348_955,5,27,27,-7.3,20.418760090819944,0.09848737716674805,0.004292488098144531,27,27,YOLO,1,32,0,20.418760090819944,0,[]
20250720_235349_061,5,26,26,-8.7,20.74878966962234,0.10040450096130371,0.004357337951660156,26,26,YOLO,1,32,0,20.74878966962234,0,[]
20250720_235349_169,5,26,26,-8.7,20.74878966962234,0.08966326713562012,0.004340648651123047,26,26,YOLO,1,32,0,20.74878966962234,0,[]
20250720_235349_265,5,26,26,-8.7,20.74878966962234,0.09162688255310059,0.004375934600830078,26,26,YOLO,1,32,0,20.74878966962234,0,[]
20250720_235349_364,5,26,26,-8.7,20.74878966962234,0.08875131607055664,0.00410151481628418,26,26,YOLO,1,32,0,20.74878966962234,0,[]
20250720_235349_460,5,26,26,-8.7,20.74878966962234,0.08891916275024414,0.004335880279541016,26,26,YOLO,1,32,0,20.74878966962234,0,[]
20250720_235349_556,5,26,26,-8.7,20.74878966962234,0.09966564178466797,0.004482269287109375,26,26,YOLO,1,32,0,20.74878966962234,0,[]
20250720_235349_664,6,26,26,-8.7,20.31358893936134,0.10055804252624512,0.0043163299560546875,26,26,YOLO,1,32,0,20.31358893936134,0,[]
20250720_235349_772,6,27,27,-7.3,19.69794720604873,0.10100865364074707,0.0043642520904541016,27,27,YOLO,1,32,0,19.69794720604873,0,[]
20250720_235349_880,6,26,26,-8.7,20.31358893936134,0.09069228172302246,0.004303455352783203,26,26,YOLO,1,32,0,20.31358893936134,0,[]
20250720_235349_978,6,26,26,-8.7,20.31358893936134,0.10529136657714844,0.0044040679931640625,26,26,YOLO,1,32,0,20.31358893936134,0,[]
20250720_235350_091,6,26,26,-8.7,20.31358893936134,0.09284830093383789,0.0041806697845458984,26,26,YOLO,1,32,0,20.31358893936134,0,[]
20250720_235350_191,6,26,26,-8.7,20.31358893936134,0.09868192672729492,0.004261016845703125,26,26,YOLO,1,32,0,20.31358893936134,0,[]
20250720_235350_296,6,26,26,-8.7,20.31358893936134,0.09581327438354492,0.004080772399902344,26,26,YOLO,1,32,0,20.31358893936134,0,[]
20250720_235350_399,6,26,26,-8.7,20.31358893936134,0.10091280937194824,0.00400996208190918,26,26,YOLO,1,32,0,20.31358893936134,0,[]
20250720_235350_507,6,26,26,-8.7,20.31358893936134,0.09539628028869629,0.0039942264556884766,26,26,YOLO,1,32,0,20.31358893936134,0,[]
20250720_235350_609,6,26,26,-8.7,20.31358893936134,0.09994959831237793,0.0044422149658203125,26,26,YOLO,1,32,0,20.31358893936134,0,[]
20250720_235350_716,6,26,26,-8.7,20.31358893936134,0.0965418815612793,0.004271268844604492,26,26,YOLO,1,32,0,20.31358893936134,0,[]
20250720_235350_820,6,25,25,-10.2,20.58393893998202,0.09735798835754395,0.0041065216064453125,25,25,YOLO,1,32,0,20.58393893998202,0,[]
20250720_235350_924,6,26,26,-8.7,20.31358893936134,0.09111261367797852,0.004296302795410156,26,26,YOLO,1,32,0,20.31358893936134,0,[]
20250720_235351_022,6,26,26,-8.7,20.31358893936134,0.0952901840209961,0.00420832633972168,26,26,YOLO,1,32,0,20.31358893936134,0,[]
20250720_235351_125,6,26,26,-8.7,20.31358893936134,0.08578133583068848,0.0042934417724609375,26,26,YOLO,1,32,0,20.31358893936134,0,[]
20250720_235351_218,6,26,26,-8.7,20.31358893936134,0.09372162818908691,0.00429534912109375,26,26,YOLO,1,32,0,20.31358893936134,0,[]
20250720_235351_319,6,26,26,-8.7,20.31358893936134,0.0868985652923584,0.003964662551879883,26,26,YOLO,1,32,0,20.31358893936134,0,[]
20250720_235351_413,6,26,26,-8.7,20.31358893936134,0.09355974197387695,0.004014253616333008,26,26,YOLO,1,32,0,20.31358893936134,0,[]
20250720_235351_514,6,26,26,-8.7,20.31358893936134,0.08764171600341797,0.004165172576904297,26,26,YOLO,1,32,0,20.31358893936134,0,[]
20250720_235351_608,6,26,26,-8.7,20.31358893936134,0.09836125373840332,0.00429534912109375,26,26,YOLO,1,32,0,20.31358893936134,0,[]
20250720_235351_714,6,26,26,-8.7,20.31358893936134,0.09716200828552246,0.004304647445678711,26,26,YOLO,1,32,0,20.31358893936134,0,[]
20250720_235351_819,6,26,26,-8.7,20.31358893936134,0.10101056098937988,0.004204988479614258,26,26,YOLO,1,32,0,20.31358893936134,0,[]
20250720_235351_925,6,26,26,-8.7,20.31358893936134,0.09205269813537598,0.004392862319946289,26,26,YOLO,1,32,0,20.31358893936134,0,[]
20250720_235352_025,6,26,26,-8.7,20.31358893936134,0.08733010292053223,0.004330635070800781,26,26,YOLO,1,32,0,20.31358893936134,0,[]
20250720_235352_120,6,26,26,-8.7,20.31358893936134,0.09654903411865234,0.004354953765869141,26,26,YOLO,1,32,0,20.31358893936134,0,[]
20250720_235352_224,6,26,26,-8.7,20.31358893936134,0.09452652931213379,0.004364013671875,26,26,YOLO,1,32,0,20.31358893936134,0,[]
20250720_235352_326,6,26,26,-8.7,20.31358893936134,0.09803128242492676,0.004364967346191406,26,26,YOLO,1,32,0,20.31358893936134,0,[]
20250720_235352_431,6,26,26,-8.7,20.31358893936134,0.09653568267822266,0.004313468933105469,26,26,YOLO,1,32,0,20.31358893936134,0,[]
20250720_235352_535,6,26,26,-8.7,20.31358893936134,0.09787297248840332,0.004314422607421875,26,26,YOLO,1,32,0,20.31358893936134,0,[]
20250720_235352_641,6,26,26,-8.7,20.31358893936134,0.10092353820800781,0.004021406173706055,26,26,YOLO,1,32,0,20.31358893936134,0,[]
20250720_235352_749,6,26,26,-8.7,20.31358893936134,0.09006762504577637,0.004317283630371094,26,26,YOLO,1,32,0,20.31358893936134,0,[]
20250720_235352_847,6,26,26,-8.7,20.31358893936134,0.0890498161315918,0.004257678985595703,26,26,YOLO,1,32,0,20.31358893936134,0,[]
20250720_235352_943,6,26,26,-8.7,20.31358893936134,0.0915679931640625,0.004373311996459961,26,26,YOLO,1,32,0,20.31358893936134,0,[]
20250720_235353_042,6,26,26,-8.7,20.31358893936134,0.09407162666320801,0.004460811614990234,26,26,YOLO,1,32,0,20.31358893936134,0,[]
20250720_235353_144,6,26,26,-8.7,20.31358893936134,0.08678603172302246,0.004282474517822266,26,26,YOLO,1,32,0,20.31358893936134,0,[]
20250720_235353_238,6,26,26,-8.7,20.31358893936134,0.10336947441101074,0.004168510437011719,26,26,YOLO,1,32,0,20.31358893936134,0,[]
20250720_235353_347,6,26,26,-8.7,20.31358893936134,0.08979034423828125,0.004320621490478516,26,26,YOLO,1,32,0,20.31358893936134,0,[]
20250720_235353_444,6,25,25,-10.2,20.58393893998202,0.09193158149719238,0.004453897476196289,25,25,YOLO,1,32,0,20.58393893998202,0,[]
20250720_235353_544,6,26,26,-8.7,20.31358893936134,0.09396076202392578,0.00452113151550293,26,26,YOLO,1,32,0,20.31358893936134,0,[]
20250720_235353_645,7,26,26,-8.7,19.88555987135001,0.09006953239440918,0.004517793655395508,26,26,YOLO,1,32,0,19.88555987135001,0,[]
20250720_235353_743,7,26,26,-8.7,19.88555987135001,0.09084844589233398,0.00434422492980957,26,26,YOLO,1,32,0,19.88555987135001,0,[]
20250720_235353_842,7,25,25,-10.2,20.488052313921315,0.09326696395874023,0.00424504280090332,25,25,YOLO,1,32,0,20.488052313921315,0,[]
20250720_235353_942,7,25,25,-10.2,20.488052313921315,0.0955955982208252,0.004430294036865234,25,25,YOLO,1,32,0,20.488052313921315,0,[]
20250720_235354_045,7,25,25,-10.2,20.488052313921315,0.09344100952148438,0.004297971725463867,25,25,YOLO,1,32,0,20.488052313921315,0,[]
20250720_235354_146,7,25,25,-10.2,20.488052313921315,0.10375380516052246,0.0034134387969970703,25,25,YOLO,1,32,0,20.488052313921315,0,[]
20250720_235354_255,7,25,25,-10.2,20.488052313921315,0.09476137161254883,0.004063844680786133,25,25,YOLO,1,32,0,20.488052313921315,0,[]
20250720_235354_356,7,25,25,-10.2,20.488052313921315,0.09374094009399414,0.004328250885009766,25,25,YOLO,1,32,0,20.488052313921315,0,[]
20250720_235354_458,7,25,25,-10.2,20.488052313921315,0.12966442108154297,0.004349946975708008,25,25,YOLO,1,32,0,20.488052313921315,0,[]
20250720_235354_595,7,25,25,-10.2,20.488052313921315,0.08833980560302734,0.004340648651123047,25,25,YOLO,1,32,0,20.488052313921315,0,[]
20250720_235354_690,7,25,25,-10.2,20.488052313921315,0.09121537208557129,0.0043447017669677734,25,25,YOLO,1,32,0,20.488052313921315,0,[]
20250720_235354_789,7,25,25,-10.2,20.488052313921315,0.0899040699005127,0.004168272018432617,25,25,YOLO,1,32,0,20.488052313921315,0,[]
20250720_235354_886,7,25,25,-10.2,20.488052313921315,0.09319567680358887,0.003925323486328125,25,25,YOLO,1,32,0,20.488052313921315,0,[]
20250720_235354_986,7,25,25,-10.2,20.488052313921315,0.08977985382080078,0.004364013671875,25,25,YOLO,1,32,0,20.488052313921315,0,[]
20250720_235355_084,7,25,25,-10.2,20.488052313921315,0.09798312187194824,0.0043294429779052734,25,25,YOLO,1,32,0,20.488052313921315,0,[]
20250720_235355_189,7,25,25,-10.2,20.488052313921315,0.09738898277282715,0.004363298416137695,25,25,YOLO,1,32,0,20.488052313921315,0,[]
20250720_235355_294,7,25,25,-10.2,20.488052313921315,0.09380292892456055,0.0036551952362060547,25,25,YOLO,1,32,0,20.488052313921315,0,[]
20250720_235355_394,7,25,25,-10.2,20.488052313921315,0.08752107620239258,0.004282712936401367,25,25,YOLO,1,32,0,20.488052313921315,0,[]
20250720_235355_489,7,25,25,-10.2,20.488052313921315,0.10008096694946289,0.003973722457885742,25,25,YOLO,1,32,0,20.488052313921315,0,[]
20250720_235355_596,7,25,25,-10.2,20.488052313921315,0.09781908988952637,0.00435638427734375,25,25,YOLO,1,32,0,20.488052313921315,0,[]
20250720_235355_702,7,25,25,-10.2,20.488052313921315,0.09719324111938477,0.004624128341674805,25,25,YOLO,1,32,0,20.488052313921315,0,[]
20250720_235355_807,7,25,25,-10.2,20.488052313921315,0.0956118106842041,0.004086971282958984,25,25,YOLO,1,32,0,20.488052313921315,0,[]
20250720_235355_909,7,25,25,-10.2,20.488052313921315,0.08781766891479492,0.004273653030395508,25,25,YOLO,1,32,0,20.488052313921315,0,[]
20250720_235356_004,7,25,25,-10.2,20.488052313921315,0.09883785247802734,0.004354953765869141,25,25,YOLO,1,32,0,20.488052313921315,0,[]
20250720_235356_111,7,25,25,-10.2,20.488052313921315,0.09628033638000488,0.004312753677368164,25,25,YOLO,1,32,0,20.488052313921315,0,[]
20250720_235356_215,7,25,25,-10.2,20.488052313921315,0.1044464111328125,0.00419306755065918,25,25,YOLO,1,32,0,20.488052313921315,0,[]
20250720_235356_325,7,25,25,-10.2,20.488052313921315,0.08858418464660645,0.0042724609375,25,25,YOLO,1,32,0,20.488052313921315,0,[]
20250720_235356_421,7,25,25,-10.2,20.488052313921315,0.08823657035827637,0.0039823055267333984,25,25,YOLO,1,32,0,20.488052313921315,0,[]
20250720_235356_516,7,25,25,-10.2,20.488052313921315,0.09782576560974121,0.004327535629272461,25,25,YOLO,1,32,0,20.488052313921315,0,[]
20250720_235356_622,7,25,25,-10.2,20.488052313921315,0.09030413627624512,0.0042877197265625,25,25,YOLO,1,32,0,20.488052313921315,0,[]
20250720_235356_719,7,25,25,-10.2,20.488052313921315,0.0966188907623291,0.004367828369140625,25,25,YOLO,1,32,0,20.488052313921315,0,[]
20250720_235356_823,7,25,25,-10.2,20.488052313921315,0.08886218070983887,0.0041925907135009766,25,25,YOLO,1,32,0,20.488052313921315,0,[]
20250720_235356_919,7,25,25,-10.2,20.488052313921315,0.09637808799743652,0.004494190216064453,25,25,YOLO,1,32,0,20.488052313921315,0,[]
20250720_235357_023,7,25,25,-10.2,20.488052313921315,0.09458231925964355,0.004078865051269531,25,25,YOLO,1,32,0,20.488052313921315,0,[]
20250720_235357_125,7,25,25,-10.2,20.488052313921315,0.09531235694885254,0.0042874813079833984,25,25,YOLO,1,32,0,20.488052313921315,0,[]
20250720_235357_228,7,25,25,-10.2,20.488052313921315,0.09070611000061035,0.0042955875396728516,25,25,YOLO,1,32,0,20.488052313921315,0,[]
20250720_235357_326,7,25,25,-10.2,20.488052313921315,0.09559321403503418,0.004232168197631836,25,25,YOLO,1,32,0,20.488052313921315,0,[]
20250720_235357_429,7,25,25,-10.2,20.488052313921315,0.08728885650634766,0.003945112228393555,25,25,YOLO,1,32,0,20.488052313921315,0,[]
20250720_235357_523,7,25,25,-10.2,20.488052313921315,0.09580683708190918,0.0043354034423828125,25,25,YOLO,1,32,0,20.488052313921315,0,[]
20250720_235357_626,8,25,25,-10.2,19.900117664197523,0.09859299659729004,0.0043146610260009766,25,25,YOLO,1,32,0,19.900117664197523,0,[]
20250720_235357_732,8,25,25,-10.2,19.900117664197523,0.10019707679748535,0.004002571105957031,25,25,YOLO,1,32,0,19.900117664197523,0,[]
20250720_235357_838,8,24,24,-11.6,20.658205545480342,0.09969353675842285,0.0040590763092041016,24,24,YOLO,1,32,0,20.658205545480342,0,[]
20250720_235357_945,8,24,24,-11.6,20.658205545480342,0.09199142456054688,0.004293918609619141,24,24,YOLO,1,32,0,20.658205545480342,0,[]
20250720_235358_044,8,24,24,-11.6,20.658205545480342,0.09291625022888184,0.004331827163696289,24,24,YOLO,1,32,0,20.658205545480342,0,[]
20250720_235358_144,8,24,24,-11.6,20.658205545480342,0.0958859920501709,0.004258632659912109,24,24,YOLO,1,32,0,20.658205545480342,0,[]
20250720_235358_247,8,24,24,-11.6,20.658205545480342,0.09850645065307617,0.004437446594238281,24,24,YOLO,1,32,0,20.658205545480342,0,[]
20250720_235358_353,8,24,24,-11.6,20.658205545480342,0.09417414665222168,0.004310131072998047,24,24,YOLO,1,32,0,20.658205545480342,0,[]
20250720_235358_455,8,24,24,-11.6,20.658205545480342,0.0864250659942627,0.0043182373046875,24,24,YOLO,1,32,0,20.658205545480342,0,[]
20250720_235358_549,8,24,24,-11.6,20.658205545480342,0.09105348587036133,0.004349708557128906,24,24,YOLO,1,32,0,20.658205545480342,0,[]
20250720_235358_647,8,24,24,-11.6,20.658205545480342,0.09461688995361328,0.004337787628173828,24,24,YOLO,1,32,0,20.658205545480342,0,[]
20250720_235358_749,8,24,24,-11.6,20.658205545480342,0.0894632339477539,0.0041921138763427734,24,24,YOLO,1,32,0,20.658205545480342,0,[]
20250720_235358_846,8,24,24,-11.6,20.658205545480342,0.08818316459655762,0.004143476486206055,24,24,YOLO,1,32,0,20.658205545480342,0,[]
20250720_235358_941,8,24,24,-11.6,20.658205545480342,0.09644961357116699,0.004319906234741211,24,24,YOLO,1,32,0,20.658205545480342,0,[]
20250720_235359_045,8,24,24,-11.6,20.658205545480342,0.0997471809387207,0.003930568695068359,24,24,YOLO,1,32,0,20.658205545480342,0,[]
20250720_235359_152,8,24,24,-11.6,20.658205545480342,0.0962991714477539,0.004472017288208008,24,24,YOLO,1,32,0,20.658205545480342,0,[]
20250720_235359_256,8,24,24,-11.6,20.658205545480342,0.1002511978149414,0.004389762878417969,24,24,YOLO,1,32,0,20.658205545480342,0,[]
20250720_235359_364,8,24,24,-11.6,20.658205545480342,0.09989428520202637,0.004332065582275391,24,24,YOLO,1,32,0,20.658205545480342,0,[]
20250720_235359_471,8,25,25,-10.2,19.900117664197523,0.0934600830078125,0.00464177131652832,25,25,YOLO,1,32,0,19.900117664197523,0,[]
20250720_235359_571,8,25,25,-10.2,19.900117664197523,0.0953207015991211,0.004373788833618164,25,25,YOLO,1,32,0,19.900117664197523,0,[]
20250720_235359_674,8,25,25,-10.2,19.900117664197523,0.0969550609588623,0.004671335220336914,25,25,YOLO,1,32,0,19.900117664197523,0,[]
20250720_235359_779,8,25,25,-10.2,19.900117664197523,0.09981489181518555,0.004364967346191406,25,25,YOLO,1,32,0,19.900117664197523,0,[]
20250720_235359_886,8,25,25,-10.2,19.900117664197523,0.09563088417053223,0.0043528079986572266,25,25,YOLO,1,32,0,19.900117664197523,0,[]
20250720_235359_989,8,25,25,-10.2,19.900117664197523,0.09739923477172852,0.00443577766418457,25,25,YOLO,1,32,0,19.900117664197523,0,[]
20250720_235400_094,8,25,25,-10.2,19.900117664197523,0.09559130668640137,0.004353046417236328,25,25,YOLO,1,32,0,19.900117664197523,0,[]
20250720_235400_197,8,25,25,-10.2,19.900117664197523,0.09796667098999023,0.00439143180847168,25,25,YOLO,1,32,0,19.900117664197523,0,[]
20250720_235400_303,8,25,25,-10.2,19.900117664197523,0.09008932113647461,0.003973960876464844,25,25,YOLO,1,32,0,19.900117664197523,0,[]
20250720_235400_400,8,25,25,-10.2,19.900117664197523,0.09286355972290039,0.004320383071899414,25,25,YOLO,1,32,0,19.900117664197523,0,[]
20250720_235400_500,8,25,25,-10.2,19.900117664197523,0.09608745574951172,0.004298210144042969,25,25,YOLO,1,32,0,19.900117664197523,0,[]
20250720_235400_604,8,25,25,-10.2,19.900117664197523,0.09378600120544434,0.004261016845703125,25,25,YOLO,1,32,0,19.900117664197523,0,[]
20250720_235400_705,8,25,25,-10.2,19.900117664197523,0.10172295570373535,0.004647016525268555,25,25,YOLO,1,32,0,19.900117664197523,0,[]
20250720_235400_813,8,25,25,-10.2,19.900117664197523,0.09494972229003906,0.004360198974609375,25,25,YOLO,1,32,0,19.900117664197523,0,[]
20250720_235400_915,8,25,25,-10.2,19.900117664197523,0.09465694427490234,0.0043163299560546875,25,25,YOLO,1,32,0,19.900117664197523,0,[]
20250720_235401_017,8,25,25,-10.2,19.900117664197523,0.08867311477661133,0.004295825958251953,25,25,YOLO,1,32,0,19.900117664197523,0,[]
20250720_235401_113,8,25,25,-10.2,19.900117664197523,0.09099578857421875,0.004214763641357422,25,25,YOLO,1,32,0,19.900117664197523,0,[]
20250720_235401_211,8,25,25,-10.2,19.900117664197523,0.09135317802429199,0.004224300384521484,25,25,YOLO,1,32,0,19.900117664197523,0,[]
20250720_235401_310,8,25,25,-10.2,19.900117664197523,0.09190654754638672,0.00435638427734375,25,25,YOLO,1,32,0,19.900117664197523,0,[]
20250720_235401_409,8,25,25,-10.2,19.900117664197523,0.09694719314575195,0.004332304000854492,25,25,YOLO,1,32,0,19.900117664197523,0,[]
20250720_235401_514,8,25,25,-10.2,19.900117664197523,0.09268331527709961,0.004157304763793945,25,25,YOLO,1,32,0,19.900117664197523,0,[]
20250720_235401_613,9,25,25,-10.2,18.756975783738,0.08997559547424316,0.004131317138671875,25,25,YOLO,1,32,0,18.756975783738,0,[]
20250720_235401_710,9,25,25,-10.2,18.756975783738,0.10195779800415039,0.004353046417236328,25,25,YOLO,1,32,0,18.756975783738,0,[]
20250720_235401_820,9,24,24,-11.6,19.97815232910176,0.11180996894836426,0.004304170608520508,24,24,YOLO,1,32,0,19.97815232910176,0,[]
20250720_235401_939,9,24,24,-11.6,19.97815232910176,0.08863425254821777,0.004357337951660156,24,24,YOLO,1,32,0,19.97815232910176,0,[]
20250720_235402_035,9,24,24,-11.6,19.97815232910176,0.09627723693847656,0.00435328483581543,24,24,YOLO,1,32,0,19.97815232910176,0,[]
20250720_235402_139,9,24,24,-11.6,19.97815232910176,0.09832406044006348,0.004339694976806641,24,24,YOLO,1,32,0,19.97815232910176,0,[]
20250720_235402_245,9,24,24,-11.6,19.97815232910176,0.09554433822631836,0.00435185432434082,24,24,YOLO,1,32,0,19.97815232910176,0,[]
20250720_235402_348,9,24,24,-11.6,19.97815232910176,0.09723186492919922,0.004331111907958984,24,24,YOLO,1,32,0,19.97815232910176,0,[]
20250720_235402_451,9,24,24,-11.6,19.97815232910176,0.09102940559387207,0.004358530044555664,24,24,YOLO,1,32,0,19.97815232910176,0,[]
20250720_235402_549,9,24,24,-11.6,19.97815232910176,0.09129667282104492,0.004274606704711914,24,24,YOLO,1,32,0,19.97815232910176,0,[]
20250720_235402_647,9,24,24,-11.6,19.97815232910176,0.08841609954833984,0.00439453125,24,24,YOLO,1,32,0,19.97815232910176,0,[]
20250720_235402_743,9,24,24,-11.6,19.97815232910176,0.09668874740600586,0.0043201446533203125,24,24,YOLO,1,32,0,19.97815232910176,0,[]
20250720_235402_847,9,24,24,-11.6,19.97815232910176,0.09377837181091309,0.0041103363037109375,24,24,YOLO,1,32,0,19.97815232910176,0,[]
20250720_235402_948,9,24,24,-11.6,19.97815232910176,0.10365056991577148,0.004342079162597656,24,24,YOLO,1,32,0,19.97815232910176,0,[]
20250720_235403_059,9,24,24,-11.6,19.97815232910176,0.09498739242553711,0.0041351318359375,24,24,YOLO,1,32,0,19.97815232910176,0,[]
20250720_235403_161,9,24,24,-11.6,19.97815232910176,0.09163045883178711,0.004331111907958984,24,24,YOLO,1,32,0,19.97815232910176,0,[]
20250720_235403_260,9,24,24,-11.6,19.97815232910176,0.09292745590209961,0.00437617301940918,24,24,YOLO,1,32,0,19.97815232910176,0,[]
20250720_235403_361,9,24,24,-11.6,19.97815232910176,0.09249043464660645,0.0042912960052490234,24,24,YOLO,1,32,0,19.97815232910176,0,[]
20250720_235403_460,9,24,24,-11.6,19.97815232910176,0.09449267387390137,0.004351615905761719,24,24,YOLO,1,32,0,19.97815232910176,0,[]
20250720_235403_562,9,24,24,-11.6,19.97815232910176,0.09335207939147949,0.0044553279876708984,24,24,YOLO,1,32,0,19.97815232910176,0,[]
20250720_235403_664,9,24,24,-11.6,19.97815232910176,0.09269428253173828,0.004329204559326172,24,24,YOLO,1,32,0,19.97815232910176,0,[]
20250720_235403_764,9,24,24,-11.6,19.97815232910176,0.09202432632446289,0.0043125152587890625,24,24,YOLO,1,32,0,19.97815232910176,0,[]
20250720_235403_863,9,24,24,-11.6,19.97815232910176,0.09768533706665039,0.004308938980102539,24,24,YOLO,1,32,0,19.97815232910176,0,[]
20250720_235403_968,9,24,24,-11.6,19.97815232910176,0.0927271842956543,0.0043506622314453125,24,24,YOLO,1,32,0,19.97815232910176,0,[]
20250720_235404_068,9,24,24,-11.6,19.97815232910176,0.09605789184570312,0.0039255619049072266,24,24,YOLO,1,32,0,19.97815232910176,0,[]
20250720_235404_171,9,24,24,-11.6,19.97815232910176,0.0936431884765625,0.004052877426147461,24,24,YOLO,1,32,0,19.97815232910176,0,[]
20250720_235404_270,9,24,24,-11.6,19.97815232910176,0.09560418128967285,0.004364013671875,24,24,YOLO,1,32,0,19.97815232910176,0,[]
20250720_235404_374,9,24,24,-11.6,19.97815232910176,0.0937201976776123,0.004364728927612305,24,24,YOLO,1,32,0,19.97815232910176,0,[]
20250720_235404_475,9,24,24,-11.6,19.97815232910176,0.0953214168548584,0.004014730453491211,24,24,YOLO,1,32,0,19.97815232910176,0,[]
20250720_235404_577,9,24,24,-11.6,19.97815232910176,0.09017443656921387,0.004315376281738281,24,24,YOLO,1,32,0,19.97815232910176,0,[]
20250720_235404_675,9,24,24,-11.6,19.97815232910176,0.09309816360473633,0.004536151885986328,24,24,YOLO,1,32,0,19.97815232910176,0,[]
20250720_235404_776,9,24,24,-11.6,19.97815232910176,0.09076786041259766,0.00419306755065918,24,24,YOLO,1,32,0,19.97815232910176,0,[]
20250720_235404_874,9,24,24,-11.6,19.97815232910176,0.09829115867614746,0.004320621490478516,24,24,YOLO,1,32,0,19.97815232910176,0,[]
20250720_235404_980,9,24,24,-11.6,19.97815232910176,0.09125876426696777,0.004187822341918945,24,24,YOLO,1,32,0,19.97815232910176,0,[]
20250720_235405_078,9,24,24,-11.6,19.97815232910176,0.09279489517211914,0.004101991653442383,24,24,YOLO,1,32,0,19.97815232910176,0,[]
20250720_235405_178,9,24,24,-11.6,19.97815232910176,0.09930944442749023,0.0043332576751708984,24,24,YOLO,1,32,0,19.97815232910176,0,[]
20250720_235405_285,9,24,24,-11.6,19.97815232910176,0.0931389331817627,0.00417780876159668,24,24,YOLO,1,32,0,19.97815232910176,0,[]
20250720_235405_386,9,24,24,-11.6,19.97815232910176,0.09803152084350586,0.004182577133178711,24,24,YOLO,1,32,0,19.97815232910176,0,[]
20250720_235405_490,9,24,24,-11.6,19.97815232910176,0.09817385673522949,0.0041348934173583984,24,24,YOLO,1,32,0,19.97815232910176,0,[]
20250720_235405_595,10,24,24,-11.6,19.746905733684983,0.08763694763183594,0.0042972564697265625,24,24,YOLO,1,32,0,19.746905733684983,0,[]
20250720_235405_690,10,24,24,-11.6,19.746905733684983,0.09861636161804199,0.004312276840209961,24,24,YOLO,1,32,0,19.746905733684983,0,[]
20250720_235405_796,10,23,23,-13.1,20.17191501366064,0.09986376762390137,0.004561901092529297,23,23,YOLO,1,32,0,20.17191501366064,0,[]
20250720_235405_904,10,23,23,-13.1,20.17191501366064,0.09711694717407227,0.004011631011962891,23,23,YOLO,1,32,0,20.17191501366064,0,[]
20250720_235406_008,10,23,23,-13.1,20.17191501366064,0.10158944129943848,0.004061222076416016,23,23,YOLO,1,32,0,20.17191501366064,0,[]
20250720_235406_117,10,23,23,-13.1,20.17191501366064,0.0918891429901123,0.004365444183349609,23,23,YOLO,1,32,0,20.17191501366064,0,[]
20250720_235406_216,10,23,23,-13.1,20.17191501366064,0.09405732154846191,0.004021883010864258,23,23,YOLO,1,32,0,20.17191501366064,0,[]
20250720_235406_317,10,23,23,-13.1,20.17191501366064,0.09561014175415039,0.004324436187744141,23,23,YOLO,1,32,0,20.17191501366064,0,[]
20250720_235406_421,10,23,23,-13.1,20.17191501366064,0.09724593162536621,0.004380702972412109,23,23,YOLO,1,32,0,20.17191501366064,0,[]
20250720_235406_525,10,23,23,-13.1,20.17191501366064,0.0943152904510498,0.00431060791015625,23,23,YOLO,1,32,0,20.17191501366064,0,[]
20250720_235406_627,10,23,23,-13.1,20.17191501366064,0.08101511001586914,0.003908872604370117,23,23,YOLO,1,32,0,20.17191501366064,0,[]
20250720_235406_715,10,23,23,-13.1,20.17191501366064,0.0960850715637207,0.004309892654418945,23,23,YOLO,1,32,0,20.17191501366064,0,[]
20250720_235406_817,10,23,23,-13.1,20.17191501366064,0.08871102333068848,0.004397153854370117,23,23,YOLO,1,32,0,20.17191501366064,0,[]
20250720_235406_913,10,23,23,-13.1,20.17191501366064,0.09892034530639648,0.004739284515380859,23,23,YOLO,1,32,0,20.17191501366064,0,[]
20250720_235407_020,10,23,23,-13.1,20.17191501366064,0.10024499893188477,0.004173755645751953,23,23,YOLO,1,32,0,20.17191501366064,0,[]
20250720_235407_128,10,23,23,-13.1,20.17191501366064,0.09782862663269043,0.00402069091796875,23,23,YOLO,1,32,0,20.17191501366064,0,[]
20250720_235407_233,10,23,23,-13.1,20.17191501366064,0.10111570358276367,0.004321098327636719,23,23,YOLO,1,32,0,20.17191501366064,0,[]
20250720_235407_341,10,23,23,-13.1,20.17191501366064,0.0951390266418457,0.0035860538482666016,23,23,YOLO,1,32,0,20.17191501366064,0,[]
20250720_235407_442,10,23,23,-13.1,20.17191501366064,0.09754109382629395,0.004363059997558594,23,23,YOLO,1,32,0,20.17191501366064,0,[]
20250720_235407_548,10,23,23,-13.1,20.17191501366064,0.09441113471984863,0.004267454147338867,23,23,YOLO,1,32,0,20.17191501366064,0,[]
20250720_235407_649,10,23,23,-13.1,20.17191501366064,0.09746837615966797,0.003674030303955078,23,23,YOLO,1,32,0,20.17191501366064,0,[]
20250720_235407_752,10,23,23,-13.1,20.17191501366064,0.09037160873413086,0.0037665367126464844,23,23,YOLO,1,32,0,20.17191501366064,0,[]
20250720_235407_849,10,23,23,-13.1,20.17191501366064,0.09655046463012695,0.004286289215087891,23,23,YOLO,1,32,0,20.17191501366064,0,[]
20250720_235407_952,10,23,23,-13.1,20.17191501366064,0.09728217124938965,0.003941535949707031,23,23,YOLO,1,32,0,20.17191501366064,0,[]
20250720_235408_057,10,23,23,-13.1,20.17191501366064,0.09211325645446777,0.003278493881225586,23,23,YOLO,1,32,0,20.17191501366064,0,[]
20250720_235408_154,10,23,23,-13.1,20.17191501366064,0.1025240421295166,0.004629373550415039,23,23,YOLO,1,32,0,20.17191501366064,0,[]
20250720_235408_264,10,22,22,-14.5,20.54751248502633,0.08818912506103516,0.004376888275146484,22,22,YOLO,1,32,0,20.54751248502633,0,[]
20250720_235408_360,10,23,23,-13.1,20.17191501366064,0.10116720199584961,0.004232168197631836,23,23,YOLO,1,32,0,20.17191501366064,0,[]
20250720_235408_469,10,23,23,-13.1,20.17191501366064,0.09854483604431152,0.004254341125488281,23,23,YOLO,1,32,0,20.17191501366064,0,[]
20250720_235408_575,10,23,23,-13.1,20.17191501366064,0.09745526313781738,0.004340410232543945,23,23,YOLO,1,32,0,20.17191501366064,0,[]
20250720_235408_679,10,23,23,-13.1,20.17191501366064,0.09943819046020508,0.004331111907958984,23,23,YOLO,1,32,0,20.17191501366064,0,[]
20250720_235408_786,10,23,23,-13.1,20.17191501366064,0.09240889549255371,0.004327297210693359,23,23,YOLO,1,32,0,20.17191501366064,0,[]
20250720_235408_886,10,23,23,-13.1,20.17191501366064,0.09349966049194336,0.004339456558227539,23,23,YOLO,1,32,0,20.17191501366064,0,[]
20250720_235408_987,10,23,23,-13.1,20.17191501366064,0.09192347526550293,0.004208803176879883,23,23,YOLO,1,32,0,20.17191501366064,0,[]
20250720_235409_086,10,23,23,-13.1,20.17191501366064,0.09462308883666992,0.004029750823974609,23,23,YOLO,1,32,0,20.17191501366064,0,[]
20250720_235409_188,10,23,23,-13.1,20.17191501366064,0.09514975547790527,0.004439830780029297,23,23,YOLO,1,32,0,20.17191501366064,0,[]
20250720_235409_291,10,23,23,-13.1,20.17191501366064,0.09426093101501465,0.00466609001159668,23,23,YOLO,1,32,0,20.17191501366064,0,[]
20250720_235409_391,10,23,23,-13.1,20.17191501366064,0.09106707572937012,0.004606485366821289,23,23,YOLO,1,32,0,20.17191501366064,0,[]
20250720_235409_490,10,23,23,-13.1,20.17191501366064,0.09130167961120605,0.0020630359649658203,23,23,YOLO,1,32,0,20.17191501366064,0,[]
20250720_235409_585,11,23,23,-13.1,20.04937434575648,0.0946044921875,0.004122734069824219,23,23,YOLO,1,32,0,20.04937434575648,0,[]
20250720_235409_686,11,23,23,-13.1,20.04937434575648,0.09367680549621582,0.0043447017669677734,23,23,YOLO,1,32,0,20.04937434575648,0,[]
20250720_235409_788,11,23,23,-13.1,20.04937434575648,0.0942234992980957,0.0036134719848632812,23,23,YOLO,1,32,0,20.04937434575648,0,[]
20250720_235409_887,11,22,22,-14.5,20.54678771260461,0.09481072425842285,0.004798412322998047,22,22,YOLO,1,32,0,20.54678771260461,0,[]
20250720_235409_990,11,22,22,-14.5,20.54678771260461,0.09425544738769531,0.002040863037109375,22,22,YOLO,1,32,0,20.54678771260461,0,[]
20250720_235410_087,11,22,22,-14.5,20.54678771260461,0.0950174331665039,0.004036426544189453,22,22,YOLO,1,32,0,20.54678771260461,0,[]
20250720_235410_189,11,22,22,-14.5,20.54678771260461,0.09408402442932129,0.004150867462158203,22,22,YOLO,1,32,0,20.54678771260461,0,[]
20250720_235410_291,11,22,22,-14.5,20.54678771260461,0.09698176383972168,0.004117012023925781,22,22,YOLO,1,32,0,20.54678771260461,0,[]
20250720_235410_395,11,22,22,-14.5,20.54678771260461,0.10419130325317383,0.004453420639038086,22,22,YOLO,1,32,0,20.54678771260461,0,[]
20250720_235410_507,11,22,22,-14.5,20.54678771260461,0.09143471717834473,0.004255771636962891,22,22,YOLO,1,32,0,20.54678771260461,0,[]
20250720_235410_605,11,22,22,-14.5,20.54678771260461,0.0984499454498291,0.004312276840209961,22,22,YOLO,1,32,0,20.54678771260461,0,[]
20250720_235410_712,11,23,23,-13.1,20.04937434575648,0.09924626350402832,0.0021483898162841797,23,23,YOLO,1,32,0,20.04937434575648,0,[]
20250720_235410_814,11,23,23,-13.1,20.04937434575648,0.09433746337890625,0.004354238510131836,23,23,YOLO,1,32,0,20.04937434575648,0,[]
20250720_235410_916,11,22,22,-14.5,20.54678771260461,0.09250497817993164,0.004328250885009766,22,22,YOLO,1,32,0,20.54678771260461,0,[]
20250720_235411_016,11,22,22,-14.5,20.54678771260461,0.09990549087524414,0.004116535186767578,22,22,YOLO,1,32,0,20.54678771260461,0,[]
20250720_235411_123,11,22,22,-14.5,20.54678771260461,0.09775447845458984,0.004334449768066406,22,22,YOLO,1,32,0,20.54678771260461,0,[]
20250720_235411_228,11,22,22,-14.5,20.54678771260461,0.10094666481018066,0.0043141841888427734,22,22,YOLO,1,32,0,20.54678771260461,0,[]
20250720_235411_337,11,22,22,-14.5,20.54678771260461,0.09862899780273438,0.0039174556732177734,22,22,YOLO,1,32,0,20.54678771260461,0,[]
20250720_235411_442,11,22,22,-14.5,20.54678771260461,0.09204387664794922,0.002062559127807617,22,22,YOLO,1,32,0,20.54678771260461,0,[]
20250720_235411_537,11,22,22,-14.5,20.54678771260461,0.10083365440368652,0.0023767948150634766,22,22,YOLO,1,32,0,20.54678771260461,0,[]
20250720_235411_642,11,22,22,-14.5,20.54678771260461,0.09368038177490234,0.0020055770874023438,22,22,YOLO,1,32,0,20.54678771260461,0,[]
20250720_235411_739,11,22,22,-14.5,20.54678771260461,0.08541584014892578,0.002081155776977539,22,22,YOLO,1,32,0,20.54678771260461,0,[]
20250720_235411_828,11,22,22,-14.5,20.54678771260461,0.09162020683288574,0.002196073532104492,22,22,YOLO,1,32,0,20.54678771260461,0,[]
20250720_235411_923,11,22,22,-14.5,20.54678771260461,0.09457540512084961,0.0020668506622314453,22,22,YOLO,1,32,0,20.54678771260461,0,[]
20250720_235412_021,11,22,22,-14.5,20.54678771260461,0.08402252197265625,0.002042531967163086,22,22,YOLO,1,32,0,20.54678771260461,0,[]
20250720_235412_108,11,22,22,-14.5,20.54678771260461,0.09198999404907227,0.0021228790283203125,22,22,YOLO,1,32,0,20.54678771260461,0,[]
20250720_235412_203,11,22,22,-14.5,20.54678771260461,0.09095478057861328,0.0020890235900878906,22,22,YOLO,1,32,0,20.54678771260461,0,[]
20250720_235412_298,11,22,22,-14.5,20.54678771260461,0.10187363624572754,0.0021038055419921875,22,22,YOLO,1,32,0,20.54678771260461,0,[]
20250720_235412_403,11,22,22,-14.5,20.54678771260461,0.09650659561157227,0.002521991729736328,22,22,YOLO,1,32,0,20.54678771260461,0,[]
20250720_235412_504,11,22,22,-14.5,20.54678771260461,0.09758663177490234,0.0020720958709716797,22,22,YOLO,1,32,0,20.54678771260461,0,[]
20250720_235412_605,11,22,22,-14.5,20.54678771260461,0.0967564582824707,0.002101898193359375,22,22,YOLO,1,32,0,20.54678771260461,0,[]
20250720_235412_705,11,22,22,-14.5,20.54678771260461,0.09610438346862793,0.0020949840545654297,22,22,YOLO,1,32,0,20.54678771260461,0,[]
20250720_235412_804,11,22,22,-14.5,20.54678771260461,0.08867287635803223,0.0020542144775390625,22,22,YOLO,1,32,0,20.54678771260461,0,[]
20250720_235412_896,11,22,22,-14.5,20.54678771260461,0.09452390670776367,0.0027735233306884766,22,22,YOLO,1,32,0,20.54678771260461,0,[]
20250720_235412_996,11,22,22,-14.5,20.54678771260461,0.09373283386230469,0.004071950912475586,22,22,YOLO,1,32,0,20.54678771260461,0,[]
20250720_235413_097,11,22,22,-14.5,20.54678771260461,0.09568619728088379,0.004273653030395508,22,22,YOLO,1,32,0,20.54678771260461,0,[]
20250720_235413_199,11,22,22,-14.5,20.54678771260461,0.10198497772216797,0.0042572021484375,22,22,YOLO,1,32,0,20.54678771260461,0,[]
20250720_235413_309,11,22,22,-14.5,20.54678771260461,0.09366536140441895,0.003925323486328125,22,22,YOLO,1,32,0,20.54678771260461,0,[]
20250720_235413_409,11,22,22,-14.5,20.54678771260461,0.09462809562683105,0.00450897216796875,22,22,YOLO,1,32,0,20.54678771260461,0,[]
20250720_235413_512,11,22,22,-14.5,20.54678771260461,0.09465646743774414,0.004431724548339844,22,22,YOLO,1,32,0,20.54678771260461,0,[]
20250720_235413_615,12,22,22,-14.5,20.54672779947917,0.1010744571685791,0.004468441009521484,22,22,YOLO,1,32,0,20.54672779947917,0,[]
20250720_235413_723,12,22,22,-14.5,20.54672779947917,0.0941922664642334,0.004310131072998047,22,22,YOLO,1,32,0,20.54672779947917,0,[]
20250720_235413_825,12,22,22,-14.5,20.54672779947917,0.09953975677490234,0.002157449722290039,22,22,YOLO,1,32,0,20.54672779947917,0,[]
20250720_235413_928,12,22,22,-14.5,20.54672779947917,0.0942232608795166,0.002610445022583008,22,22,YOLO,1,32,0,20.54672779947917,0,[]
20250720_235414_027,12,22,22,-14.5,20.54672779947917,0.10352182388305664,0.002054929733276367,22,22,YOLO,1,32,0,20.54672779947917,0,[]
20250720_235414_134,12,22,22,-14.5,20.54672779947917,0.09630060195922852,0.002127408981323242,22,22,YOLO,1,32,0,20.54672779947917,0,[]
20250720_235414_234,12,22,22,-14.5,20.54672779947917,0.08948135375976562,0.0024292469024658203,22,22,YOLO,1,32,0,20.54672779947917,0,[]
20250720_235414_327,12,22,22,-14.5,20.54672779947917,0.09358024597167969,0.002054929733276367,22,22,YOLO,1,32,0,20.54672779947917,0,[]
20250720_235414_424,12,22,22,-14.5,20.54672779947917,0.09498071670532227,0.004006862640380859,22,22,YOLO,1,32,0,20.54672779947917,0,[]
20250720_235414_526,12,22,22,-14.5,20.54672779947917,0.08908748626708984,0.004332542419433594,22,22,YOLO,1,32,0,20.54672779947917,0,[]
20250720_235414_623,12,22,22,-14.5,20.54672779947917,0.08945703506469727,0.0044460296630859375,22,22,YOLO,1,32,0,20.54672779947917,0,[]
20250720_235414_720,12,22,22,-14.5,20.54672779947917,0.09313249588012695,0.004291057586669922,22,22,YOLO,1,32,0,20.54672779947917,0,[]
20250720_235414_820,12,22,22,-14.5,20.54672779947917,0.09639501571655273,0.00454401969909668,22,22,YOLO,1,32,0,20.54672779947917,0,[]
20250720_235414_925,12,22,22,-14.5,20.54672779947917,0.09285807609558105,0.004102945327758789,22,22,YOLO,1,32,0,20.54672779947917,0,[]
20250720_235415_023,12,22,22,-14.5,20.54672779947917,0.09606409072875977,0.0043408870697021484,22,22,YOLO,1,32,0,20.54672779947917,0,[]
20250720_235415_126,12,22,22,-14.5,20.54672779947917,0.09395337104797363,0.004296779632568359,22,22,YOLO,1,32,0,20.54672779947917,0,[]
20250720_235415_228,12,22,22,-14.5,20.54672779947917,0.09351634979248047,0.00453639030456543,22,22,YOLO,1,32,0,20.54672779947917,0,[]
20250720_235415_329,12,22,22,-14.5,20.54672779947917,0.0951838493347168,0.004183292388916016,22,22,YOLO,1,32,0,20.54672779947917,0,[]
20250720_235415_432,12,22,22,-14.5,20.54672779947917,0.09036946296691895,0.004293680191040039,22,22,YOLO,1,32,0,20.54672779947917,0,[]
20250720_235415_530,12,22,22,-14.5,20.54672779947917,0.09245586395263672,0.004413127899169922,22,22,YOLO,1,32,0,20.54672779947917,0,[]
20250720_235415_630,12,22,22,-14.5,20.54672779947917,0.0920262336730957,0.004189014434814453,22,22,YOLO,1,32,0,20.54672779947917,0,[]
20250720_235415_729,12,22,22,-14.5,20.54672779947917,0.08639883995056152,0.004285335540771484,22,22,YOLO,1,32,0,20.54672779947917,0,[]
20250720_235415_823,12,22,22,-14.5,20.54672779947917,0.08735394477844238,0.004288196563720703,22,22,YOLO,1,32,0,20.54672779947917,0,[]
20250720_235415_918,12,22,22,-14.5,20.54672779947917,0.09589338302612305,0.00431513786315918,22,22,YOLO,1,32,0,20.54672779947917,0,[]
20250720_235416_021,12,22,22,-14.5,20.54672779947917,0.08947920799255371,0.0043239593505859375,22,22,YOLO,1,32,0,20.54672779947917,0,[]
20250720_235416_118,12,22,22,-14.5,20.54672779947917,0.09953761100769043,0.004353761672973633,22,22,YOLO,1,32,0,20.54672779947917,0,[]
20250720_235416_225,12,22,22,-14.5,20.54672779947917,0.0934607982635498,0.004354000091552734,22,22,YOLO,1,32,0,20.54672779947917,0,[]
20250720_235416_326,12,22,22,-14.5,20.54672779947917,0.09354066848754883,0.004295825958251953,22,22,YOLO,1,32,0,20.54672779947917,0,[]
20250720_235416_427,12,22,22,-14.5,20.54672779947917,0.0939326286315918,0.004346370697021484,22,22,YOLO,1,32,0,20.54672779947917,0,[]
20250720_235416_529,12,22,22,-14.5,20.54672779947917,0.10480403900146484,0.004279375076293945,22,22,YOLO,1,32,0,20.54672779947917,0,[]
20250720_235416_639,12,22,22,-14.5,20.54672779947917,0.15069794654846191,0.004422426223754883,22,22,YOLO,1,32,0,20.54672779947917,0,[]
20250720_235416_798,12,22,22,-14.5,20.54672779947917,0.0999441146850586,0.004216432571411133,22,22,YOLO,1,32,0,20.54672779947917,0,[]
20250720_235416_905,12,22,22,-14.5,20.54672779947917,0.09140658378601074,0.004276752471923828,22,22,YOLO,1,32,0,20.54672779947917,0,[]
20250720_235417_004,12,22,22,-14.5,20.54672779947917,0.08341097831726074,0.0043103694915771484,22,22,YOLO,1,32,0,20.54672779947917,0,[]
20250720_235417_095,12,21,21,-16.0,20.62812845760704,0.09117579460144043,0.004106044769287109,21,21,YOLO,1,32,0,20.62812845760704,0,[]
20250720_235417_193,12,21,21,-16.0,20.62812845760704,0.09639286994934082,0.0043239593505859375,21,21,YOLO,1,32,0,20.62812845760704,0,[]
20250720_235417_297,12,22,22,-14.5,20.54672779947917,0.09191179275512695,0.0043163299560546875,22,22,YOLO,1,32,0,20.54672779947917,0,[]
20250720_235417_396,12,22,22,-14.5,20.54672779947917,0.09485554695129395,0.0041370391845703125,22,22,YOLO,1,32,0,20.54672779947917,0,[]
20250720_235417_498,12,22,22,-14.5,20.54672779947917,0.0880129337310791,0.004266262054443359,22,22,YOLO,1,32,0,20.54672779947917,0,[]
20250720_235417_593,13,22,22,-14.5,20.138298824928967,0.0975337028503418,0.004336118698120117,22,22,YOLO,1,32,0,20.138298824928967,0,[]
20250720_235417_698,13,22,22,-14.5,20.138298824928967,0.09417223930358887,0.004324197769165039,22,22,YOLO,1,32,0,20.138298824928967,0,[]
20250720_235417_800,13,21,21,-16.0,19.983418528679422,0.09638524055480957,0.004392147064208984,21,21,YOLO,1,32,0,19.983418528679422,0,[]
20250720_235417_902,13,21,21,-16.0,19.983418528679422,0.09842205047607422,0.004300117492675781,21,21,YOLO,1,32,0,19.983418528679422,0,[]
20250720_235418_008,13,21,21,-16.0,19.983418528679422,0.10092449188232422,0.004309892654418945,21,21,YOLO,1,32,0,19.983418528679422,0,[]
20250720_235418_116,13,21,21,-16.0,19.983418528679422,0.09658694267272949,0.0043487548828125,21,21,YOLO,1,32,0,19.983418528679422,0,[]
20250720_235418_220,13,21,21,-16.0,19.983418528679422,0.09363508224487305,0.004321098327636719,21,21,YOLO,1,32,0,19.983418528679422,0,[]
20250720_235418_321,13,21,21,-16.0,19.983418528679422,0.1280229091644287,0.0043849945068359375,21,21,YOLO,1,32,0,19.983418528679422,0,[]
20250720_235418_457,13,21,21,-16.0,19.983418528679422,0.09019660949707031,0.004279375076293945,21,21,YOLO,1,32,0,19.983418528679422,0,[]
20250720_235418_555,13,21,21,-16.0,19.983418528679422,0.09284210205078125,0.004376888275146484,21,21,YOLO,1,32,0,19.983418528679422,0,[]
20250720_235418_655,13,21,21,-16.0,19.983418528679422,0.09244537353515625,0.004323244094848633,21,21,YOLO,1,32,0,19.983418528679422,0,[]
20250720_235418_755,13,21,21,-16.0,19.983418528679422,0.09062838554382324,0.004265785217285156,21,21,YOLO,1,32,0,19.983418528679422,0,[]
20250720_235418_852,13,21,21,-16.0,19.983418528679422,0.09256482124328613,0.004289150238037109,21,21,YOLO,1,32,0,19.983418528679422,0,[]
20250720_235418_952,13,21,21,-16.0,19.983418528679422,0.09307217597961426,0.004406929016113281,21,21,YOLO,1,32,0,19.983418528679422,0,[]
20250720_235419_053,13,21,21,-16.0,19.983418528679422,0.09144973754882812,0.004307746887207031,21,21,YOLO,1,32,0,19.983418528679422,0,[]
20250720_235419_152,13,21,21,-16.0,19.983418528679422,0.09879922866821289,0.004366159439086914,21,21,YOLO,1,32,0,19.983418528679422,0,[]
20250720_235419_258,13,21,21,-16.0,19.983418528679422,0.09429454803466797,0.00438380241394043,21,21,YOLO,1,32,0,19.983418528679422,0,[]
20250720_235419_360,13,21,21,-16.0,19.983418528679422,0.09498310089111328,0.004304170608520508,21,21,YOLO,1,32,0,19.983418528679422,0,[]
20250720_235419_462,13,21,21,-16.0,19.983418528679422,0.10287284851074219,0.004474639892578125,21,21,YOLO,1,32,0,19.983418528679422,0,[]
20250720_235419_571,13,21,21,-16.0,19.983418528679422,0.09480667114257812,0.004423379898071289,21,21,YOLO,1,32,0,19.983418528679422,0,[]
20250720_235419_674,13,21,21,-16.0,19.983418528679422,0.0980231761932373,0.003939151763916016,21,21,YOLO,1,32,0,19.983418528679422,0,[]
20250720_235419_778,13,21,21,-16.0,19.983418528679422,0.09254884719848633,0.003991842269897461,21,21,YOLO,1,32,0,19.983418528679422,0,[]
20250720_235419_877,13,21,21,-16.0,19.983418528679422,0.09335827827453613,0.0041577816009521484,21,21,YOLO,1,32,0,19.983418528679422,0,[]
20250720_235419_978,13,21,21,-16.0,19.983418528679422,0.09847497940063477,0.004349470138549805,21,21,YOLO,1,32,0,19.983418528679422,0,[]
20250720_235420_082,13,21,21,-16.0,19.983418528679422,0.09277701377868652,0.004200935363769531,21,21,YOLO,1,32,0,19.983418528679422,0,[]
20250720_235420_182,13,21,21,-16.0,19.983418528679422,0.09822440147399902,0.0044727325439453125,21,21,YOLO,1,32,0,19.983418528679422,0,[]
20250720_235420_288,13,21,21,-16.0,19.983418528679422,0.09469008445739746,0.004960775375366211,21,21,YOLO,1,32,0,19.983418528679422,0,[]
20250720_235420_391,13,21,21,-16.0,19.983418528679422,0.09168410301208496,0.0044002532958984375,21,21,YOLO,1,32,0,19.983418528679422,0,[]
20250720_235420_490,13,21,21,-16.0,19.983418528679422,0.09430599212646484,0.003958225250244141,21,21,YOLO,1,32,0,19.983418528679422,0,[]
20250720_235420_591,13,21,21,-16.0,19.983418528679422,0.09759330749511719,0.004309892654418945,21,21,YOLO,1,32,0,19.983418528679422,0,[]
20250720_235420_697,13,21,21,-16.0,19.983418528679422,0.09136962890625,0.004321098327636719,21,21,YOLO,1,32,0,19.983418528679422,0,[]
20250720_235420_795,13,21,21,-16.0,19.983418528679422,0.08935260772705078,0.004326820373535156,21,21,YOLO,1,32,0,19.983418528679422,0,[]
20250720_235420_892,13,21,21,-16.0,19.983418528679422,0.09074664115905762,0.004343986511230469,21,21,YOLO,1,32,0,19.983418528679422,0,[]
20250720_235420_990,13,21,21,-16.0,19.983418528679422,0.09403586387634277,0.003962039947509766,21,21,YOLO,1,32,0,19.983418528679422,0,[]
20250720_235421_091,13,21,21,-16.0,19.983418528679422,0.09296369552612305,0.004050493240356445,21,21,YOLO,1,32,0,19.983418528679422,0,[]
20250720_235421_191,13,21,21,-16.0,19.983418528679422,0.09674382209777832,0.0043485164642333984,21,21,YOLO,1,32,0,19.983418528679422,0,[]
20250720_235421_295,13,21,21,-16.0,19.983418528679422,0.09316563606262207,0.004186153411865234,21,21,YOLO,1,32,0,19.983418528679422,0,[]
20250720_235421_396,13,21,21,-16.0,19.983418528679422,0.09839701652526855,0.004301309585571289,21,21,YOLO,1,32,0,19.983418528679422,0,[]
20250720_235421_502,13,21,21,-16.0,19.983418528679422,0.09044218063354492,0.0041904449462890625,21,21,YOLO,1,32,0,19.983418528679422,0,[]
20250720_235421_599,14,21,21,-16.0,19.74184275750005,0.09040307998657227,0.004422664642333984,21,21,YOLO,1,32,0,19.74184275750005,0,[]
20250720_235421_697,14,21,21,-16.0,19.74184275750005,0.08853435516357422,0.004215240478515625,21,21,YOLO,1,32,0,19.74184275750005,0,[]
20250720_235421_793,14,21,21,-16.0,19.74184275750005,0.09182596206665039,0.0042688846588134766,21,21,YOLO,1,32,0,19.74184275750005,0,[]
20250720_235421_892,14,20,20,-17.4,20.33636196950816,0.09318184852600098,0.0043985843658447266,20,20,YOLO,1,32,0,20.33636196950816,0,[]
20250720_235421_993,14,20,20,-17.4,20.33636196950816,0.09539532661437988,0.00430607795715332,20,20,YOLO,1,32,0,20.33636196950816,0,[]
20250720_235422_096,14,20,20,-17.4,20.33636196950816,0.09606385231018066,0.0042302608489990234,20,20,YOLO,1,32,0,20.33636196950816,0,[]
20250720_235422_199,14,20,20,-17.4,20.33636196950816,0.09701919555664062,0.004355669021606445,20,20,YOLO,1,32,0,20.33636196950816,0,[]
20250720_235422_304,14,20,20,-17.4,20.33636196950816,0.09760546684265137,0.00432276725769043,20,20,YOLO,1,32,0,20.33636196950816,0,[]
20250720_235422_409,14,20,20,-17.4,20.33636196950816,0.08890533447265625,0.004327297210693359,20,20,YOLO,1,32,0,20.33636196950816,0,[]
20250720_235422_505,14,20,20,-17.4,20.33636196950816,0.08948230743408203,0.004179954528808594,20,20,YOLO,1,32,0,20.33636196950816,0,[]
20250720_235422_602,14,20,20,-17.4,20.33636196950816,0.09462952613830566,0.0043599605560302734,20,20,YOLO,1,32,0,20.33636196950816,0,[]
20250720_235422_704,14,20,20,-17.4,20.33636196950816,0.09175324440002441,0.00442814826965332,20,20,YOLO,1,32,0,20.33636196950816,0,[]
20250720_235422_803,14,20,20,-17.4,20.33636196950816,0.09697365760803223,0.0038945674896240234,20,20,YOLO,1,32,0,20.33636196950816,0,[]
20250720_235422_907,14,20,20,-17.4,20.33636196950816,0.09695148468017578,0.004014253616333008,20,20,YOLO,1,32,0,20.33636196950816,0,[]
20250720_235423_011,14,20,20,-17.4,20.33636196950816,0.10049724578857422,0.004305362701416016,20,20,YOLO,1,32,0,20.33636196950816,0,[]
20250720_235423_117,14,20,20,-17.4,20.33636196950816,0.09906840324401855,0.004308938980102539,20,20,YOLO,1,32,0,20.33636196950816,0,[]
20250720_235423_224,14,20,20,-17.4,20.33636196950816,0.09806370735168457,0.0045413970947265625,20,20,YOLO,1,32,0,20.33636196950816,0,[]
20250720_235423_330,14,20,20,-17.4,20.33636196950816,0.09486746788024902,0.0038983821868896484,20,20,YOLO,1,32,0,20.33636196950816,0,[]
20250720_235423_431,14,20,20,-17.4,20.33636196950816,0.09532713890075684,0.004282236099243164,20,20,YOLO,1,32,0,20.33636196950816,0,[]
20250720_235423_534,14,20,20,-17.4,20.33636196950816,0.09364604949951172,0.004355192184448242,20,20,YOLO,1,32,0,20.33636196950816,0,[]
20250720_235423_635,14,20,20,-17.4,20.33636196950816,0.09425044059753418,0.004336833953857422,20,20,YOLO,1,32,0,20.33636196950816,0,[]
20250720_235423_737,14,20,20,-17.4,20.33636196950816,0.08857965469360352,0.004267215728759766,20,20,YOLO,1,32,0,20.33636196950816,0,[]
20250720_235423_833,14,20,20,-17.4,20.33636196950816,0.09494161605834961,0.004052877426147461,20,20,YOLO,1,32,0,20.33636196950816,0,[]
20250720_235423_935,14,20,20,-17.4,20.33636196950816,0.09700846672058105,0.004151821136474609,20,20,YOLO,1,32,0,20.33636196950816,0,[]
20250720_235424_039,14,20,20,-17.4,20.33636196950816,0.10020065307617188,0.004141569137573242,20,20,YOLO,1,32,0,20.33636196950816,0,[]
20250720_235424_147,14,20,20,-17.4,20.33636196950816,0.0893707275390625,0.004282474517822266,20,20,YOLO,1,32,0,20.33636196950816,0,[]
20250720_235424_244,14,20,20,-17.4,20.33636196950816,0.09464383125305176,0.004335165023803711,20,20,YOLO,1,32,0,20.33636196950816,0,[]
20250720_235424_346,14,20,20,-17.4,20.33636196950816,0.0962381362915039,0.004332542419433594,20,20,YOLO,1,32,0,20.33636196950816,0,[]
20250720_235424_450,14,20,20,-17.4,20.33636196950816,0.10376644134521484,0.0043506622314453125,20,20,YOLO,1,32,0,20.33636196950816,0,[]
20250720_235424_561,14,NO_RADIO,20,-17.4,20.33636196950816,0.08801126480102539,0.004157543182373047,20,,CenterFallback,1,32,0,,,[]
20250720_235424_656,14,20,20,-17.4,20.33636196950816,0.09237217903137207,0.004244565963745117,20,20,YOLO,1,32,0,20.33636196950816,0,[]
20250720_235424_756,14,20,20,-17.4,20.33636196950816,0.09307146072387695,0.004233837127685547,20,20,YOLO,1,32,0,20.33636196950816,0,[]
20250720_235424_856,14,20,20,-17.4,20.33636196950816,0.09481334686279297,0.003943443298339844,20,20,YOLO,1,32,0,20.33636196950816,0,[]
20250720_235424_958,14,20,20,-17.4,20.33636196950816,0.09394955635070801,0.004225730895996094,20,20,YOLO,1,32,0,20.33636196950816,0,[]
20250720_235425_059,14,20,20,-17.4,20.33636196950816,0.08748507499694824,0.004235267639160156,20,20,YOLO,1,32,0,20.33636196950816,0,[]
20250720_235425_154,14,20,20,-17.4,20.33636196950816,0.10086393356323242,0.004259586334228516,20,20,YOLO,1,32,0,20.33636196950816,0,[]
20250720_235425_261,14,20,20,-17.4,20.33636196950816,0.08798813819885254,0.004254817962646484,20,20,YOLO,1,32,0,20.33636196950816,0,[]
20250720_235425_356,14,20,20,-17.4,20.33636196950816,0.09669637680053711,0.004313468933105469,20,20,YOLO,1,32,0,20.33636196950816,0,[]
20250720_235425_460,14,20,20,-17.4,20.33636196950816,0.10675883293151855,0.004160642623901367,20,20,YOLO,1,32,0,20.33636196950816,0,[]
20250720_235425_574,15,20,20,-17.4,19.48835718459651,0.09233212471008301,0.0042722225189208984,20,20,YOLO,1,32,0,19.48835718459651,0,[]
20250720_235425_674,15,20,20,-17.4,19.48835718459651,0.09563946723937988,0.004329681396484375,20,20,YOLO,1,32,0,19.48835718459651,0,[]
20250720_235425_777,15,20,20,-17.4,19.48835718459651,0.09554791450500488,0.004520893096923828,20,20,YOLO,1,32,0,19.48835718459651,0,[]
20250720_235425_880,15,19,19,-18.9,20.29709869495925,0.09938359260559082,0.004331827163696289,19,19,YOLO,1,32,0,20.29709869495925,0,[]
20250720_235425_987,15,19,19,-18.9,20.29709869495925,0.09528470039367676,0.0043489933013916016,19,19,YOLO,1,32,0,20.29709869495925,0,[]
20250720_235426_090,15,19,19,-18.9,20.29709869495925,0.10053539276123047,0.004358530044555664,19,19,YOLO,1,32,0,20.29709869495925,0,[]
20250720_235426_198,15,19,19,-18.9,20.29709869495925,0.09616994857788086,0.004334211349487305,19,19,YOLO,1,32,0,20.29709869495925,0,[]
20250720_235426_301,15,19,19,-18.9,20.29709869495925,0.09861350059509277,0.00409245491027832,19,19,YOLO,1,32,0,20.29709869495925,0,[]
20250720_235426_407,15,19,19,-18.9,20.29709869495925,0.09093046188354492,0.004255056381225586,19,19,YOLO,1,32,0,20.29709869495925,0,[]
20250720_235426_506,15,19,19,-18.9,20.29709869495925,0.0871274471282959,0.003966093063354492,19,19,YOLO,1,32,0,20.29709869495925,0,[]
20250720_235426_600,15,19,19,-18.9,20.29709869495925,0.0952291488647461,0.004210472106933594,19,19,YOLO,1,32,0,20.29709869495925,0,[]
20250720_235426_702,15,19,19,-18.9,20.29709869495925,0.09612059593200684,0.00432276725769043,19,19,YOLO,1,32,0,20.29709869495925,0,[]
20250720_235426_806,15,19,19,-18.9,20.29709869495925,0.09704232215881348,0.004333019256591797,19,19,YOLO,1,32,0,20.29709869495925,0,[]
20250720_235426_910,15,20,20,-17.4,19.48835718459651,0.08521199226379395,0.004408836364746094,20,20,YOLO,1,32,0,19.48835718459651,0,[]
20250720_235427_003,15,20,20,-17.4,19.48835718459651,0.08368730545043945,0.004507303237915039,20,20,YOLO,1,32,0,19.48835718459651,0,[]
20250720_235427_094,15,20,20,-17.4,19.48835718459651,0.09338593482971191,0.004393815994262695,20,20,YOLO,1,32,0,19.48835718459651,0,[]
20250720_235427_195,15,19,19,-18.9,20.29709869495925,0.08855199813842773,0.0044400691986083984,19,19,YOLO,1,32,0,20.29709869495925,0,[]
20250720_235427_291,15,19,19,-18.9,20.29709869495925,0.1004490852355957,0.003949165344238281,19,19,YOLO,1,32,0,20.29709869495925,0,[]
20250720_235427_399,15,19,19,-18.9,20.29709869495925,0.09830236434936523,0.004266023635864258,19,19,YOLO,1,32,0,20.29709869495925,0,[]
20250720_235427_505,15,19,19,-18.9,20.29709869495925,0.08666133880615234,0.0039484500885009766,19,19,YOLO,1,32,0,20.29709869495925,0,[]
20250720_235427_598,15,19,19,-18.9,20.29709869495925,0.09220457077026367,0.0044596195220947266,19,19,YOLO,1,32,0,20.29709869495925,0,[]
20250720_235427_698,15,19,19,-18.9,20.29709869495925,0.08951067924499512,0.004425525665283203,19,19,YOLO,1,32,0,20.29709869495925,0,[]
20250720_235427_795,15,19,19,-18.9,20.29709869495925,0.08696556091308594,0.004328012466430664,19,19,YOLO,1,32,0,20.29709869495925,0,[]
20250720_235427_890,15,19,19,-18.9,20.29709869495925,0.09490609169006348,0.004032135009765625,19,19,YOLO,1,32,0,20.29709869495925,0,[]
20250720_235427_992,15,20,20,-17.4,19.48835718459651,0.09588837623596191,0.004299640655517578,20,20,YOLO,1,32,0,19.48835718459651,0,[]
20250720_235428_095,15,20,20,-17.4,19.48835718459651,0.09655308723449707,0.004332304000854492,20,20,YOLO,1,32,0,19.48835718459651,0,[]
20250720_235428_199,15,20,20,-17.4,19.48835718459651,0.09134507179260254,0.00436091423034668,20,20,YOLO,1,32,0,19.48835718459651,0,[]
20250720_235428_297,15,20,20,-17.4,19.48835718459651,0.08839750289916992,0.004303932189941406,20,20,YOLO,1,32,0,19.48835718459651,0,[]
20250720_235428_393,15,20,20,-17.4,19.48835718459651,0.10439777374267578,0.004534006118774414,20,20,YOLO,1,32,0,19.48835718459651,0,[]
20250720_235428_505,15,20,20,-17.4,19.48835718459651,0.09046030044555664,0.004160165786743164,20,20,YOLO,1,32,0,19.48835718459651,0,[]
20250720_235428_603,15,20,20,-17.4,19.48835718459651,0.08884406089782715,0.004346370697021484,20,20,YOLO,1,32,0,19.48835718459651,0,[]
20250720_235428_699,15,20,20,-17.4,19.48835718459651,0.09975004196166992,0.004284381866455078,20,20,YOLO,1,32,0,19.48835718459651,0,[]
20250720_235428_807,15,20,20,-17.4,19.48835718459651,0.09766864776611328,0.004393100738525391,20,20,YOLO,1,32,0,19.48835718459651,0,[]
20250720_235428_912,15,20,20,-17.4,19.48835718459651,0.09815073013305664,0.004294157028198242,20,20,YOLO,1,32,0,19.48835718459651,0,[]
20250720_235429_017,15,20,20,-17.4,19.48835718459651,0.09648251533508301,0.00360870361328125,20,20,YOLO,1,32,0,19.48835718459651,0,[]
20250720_235429_118,15,20,20,-17.4,19.48835718459651,0.10135293006896973,0.0042209625244140625,20,20,YOLO,1,32,0,19.48835718459651,0,[]
20250720_235429_227,15,20,20,-17.4,19.48835718459651,0.09844183921813965,0.004335165023803711,20,20,YOLO,1,32,0,19.48835718459651,0,[]
20250720_235429_333,15,20,20,-17.4,19.48835718459651,0.10210514068603516,0.00420832633972168,20,20,YOLO,1,32,0,19.48835718459651,0,[]
20250720_235429_442,15,20,20,-17.4,19.48835718459651,0.09382295608520508,0.00421452522277832,20,20,YOLO,1,32,0,19.48835718459651,0,[]
20250720_235429_543,16,20,20,-17.4,19.48835718459651,0.10499191284179688,0.0044062137603759766,20,20,YOLO,1,32,0,19.48835718459651,0,[]
20250720_235429_656,16,19,19,-18.9,20.255504304140658,0.09627461433410645,0.0044307708740234375,19,19,YOLO,1,32,0,20.255504304140658,0,[]
20250720_235429_759,16,19,19,-18.9,20.255504304140658,0.09426712989807129,0.0043408870697021484,19,19,YOLO,1,32,0,20.255504304140658,0,[]
20250720_235429_861,16,19,19,-18.9,20.255504304140658,0.09395194053649902,0.0042133331298828125,19,19,YOLO,1,32,0,20.255504304140658,0,[]
20250720_235429_962,16,19,19,-18.9,20.255504304140658,0.09044861793518066,0.00439143180847168,19,19,YOLO,1,32,0,20.255504304140658,0,[]
20250720_235430_060,16,19,19,-18.9,20.255504304140658,0.09806418418884277,0.004375457763671875,19,19,YOLO,1,32,0,20.255504304140658,0,[]
20250720_235430_166,16,19,19,-18.9,20.255504304140658,0.08876276016235352,0.00429224967956543,19,19,YOLO,1,32,0,20.255504304140658,0,[]
20250720_235430_262,16,19,19,-18.9,20.255504304140658,0.09918022155761719,0.004015684127807617,19,19,YOLO,1,32,0,20.255504304140658,0,[]
20250720_235430_369,16,19,19,-18.9,20.255504304140658,0.09019327163696289,0.004498720169067383,19,19,YOLO,1,32,0,20.255504304140658,0,[]
20250720_235430_467,16,19,19,-18.9,20.255504304140658,0.08529520034790039,0.004349231719970703,19,19,YOLO,1,32,0,20.255504304140658,0,[]
20250720_235430_559,16,19,19,-18.9,20.255504304140658,0.09331798553466797,0.004379987716674805,19,19,YOLO,1,32,0,20.255504304140658,0,[]
20250720_235430_660,16,19,19,-18.9,20.255504304140658,0.09295177459716797,0.004227399826049805,19,19,YOLO,1,32,0,20.255504304140658,0,[]
20250720_235430_761,16,19,19,-18.9,20.255504304140658,0.09709668159484863,0.004518270492553711,19,19,YOLO,1,32,0,20.255504304140658,0,[]
20250720_235430_863,16,19,19,-18.9,20.255504304140658,0.09873270988464355,0.003977298736572266,19,19,YOLO,1,32,0,20.255504304140658,0,[]
20250720_235430_969,16,19,19,-18.9,20.255504304140658,0.08741116523742676,0.004319429397583008,19,19,YOLO,1,32,0,20.255504304140658,0,[]
20250720_235431_064,16,19,19,-18.9,20.255504304140658,0.0905308723449707,0.004267215728759766,19,19,YOLO,1,32,0,20.255504304140658,0,[]
20250720_235431_162,16,19,19,-18.9,20.255504304140658,0.09308147430419922,0.004303693771362305,19,19,YOLO,1,32,0,20.255504304140658,0,[]
20250720_235431_262,16,19,19,-18.9,20.255504304140658,0.09093165397644043,0.004403352737426758,19,19,YOLO,1,32,0,20.255504304140658,0,[]
20250720_235431_361,16,19,19,-18.9,20.255504304140658,0.10334634780883789,0.004349708557128906,19,19,YOLO,1,32,0,20.255504304140658,0,[]
20250720_235431_472,16,19,19,-18.9,20.255504304140658,0.0928494930267334,0.0046482086181640625,19,19,YOLO,1,32,0,20.255504304140658,0,[]
20250720_235431_572,16,19,19,-18.9,20.255504304140658,0.09399080276489258,0.004297018051147461,19,19,YOLO,1,32,0,20.255504304140658,0,[]
20250720_235431_674,16,19,19,-18.9,20.255504304140658,0.08938050270080566,0.0042188167572021484,19,19,YOLO,1,32,0,20.255504304140658,0,[]
20250720_235431_770,16,19,19,-18.9,20.255504304140658,0.09691834449768066,0.004506111145019531,19,19,YOLO,1,32,0,20.255504304140658,0,[]
20250720_235431_873,16,19,19,-18.9,20.255504304140658,0.09404420852661133,0.00398564338684082,19,19,YOLO,1,32,0,20.255504304140658,0,[]
20250720_235431_974,16,19,19,-18.9,20.255504304140658,0.09817695617675781,0.0046558380126953125,19,19,YOLO,1,32,0,20.255504304140658,0,[]
20250720_235432_080,16,19,19,-18.9,20.255504304140658,0.09822964668273926,0.003957986831665039,19,19,YOLO,1,32,0,20.255504304140658,0,[]
20250720_235432_186,16,19,19,-18.9,20.255504304140658,0.10375332832336426,0.004316806793212891,19,19,YOLO,1,32,0,20.255504304140658,0,[]
20250720_235432_297,16,19,19,-18.9,20.255504304140658,0.09604859352111816,0.003950595855712891,19,19,YOLO,1,32,0,20.255504304140658,0,[]
20250720_235432_400,16,19,19,-18.9,20.255504304140658,0.09560561180114746,0.004323482513427734,19,19,YOLO,1,32,0,20.255504304140658,0,[]
20250720_235432_503,16,19,19,-18.9,20.255504304140658,0.0989992618560791,0.0040514469146728516,19,19,YOLO,1,32,0,20.255504304140658,0,[]
20250720_235432_609,16,19,19,-18.9,20.255504304140658,0.09718704223632812,0.0042951107025146484,19,19,YOLO,1,32,0,20.255504304140658,0,[]
20250720_235432_714,16,19,19,-18.9,20.255504304140658,0.09502840042114258,0.004294633865356445,19,19,YOLO,1,32,0,20.255504304140658,0,[]
20250720_235432_816,16,19,19,-18.9,20.255504304140658,0.089630126953125,0.003935098648071289,19,19,YOLO,1,32,0,20.255504304140658,0,[]
20250720_235432_913,16,19,19,-18.9,20.255504304140658,0.08999037742614746,0.004340648651123047,19,19,YOLO,1,32,0,20.255504304140658,0,[]
20250720_235433_010,16,19,19,-18.9,20.255504304140658,0.09200906753540039,0.004339933395385742,19,19,YOLO,1,32,0,20.255504304140658,0,[]
20250720_235433_110,16,19,19,-18.9,20.255504304140658,0.09362363815307617,0.0040874481201171875,19,19,YOLO,1,32,0,20.255504304140658,0,[]
20250720_235433_210,16,19,19,-18.9,20.255504304140658,0.09409356117248535,0.00432276725769043,19,19,YOLO,1,32,0,20.255504304140658,0,[]
20250720_235433_312,16,19,19,-18.9,20.255504304140658,0.10175180435180664,0.004076242446899414,19,19,YOLO,1,32,0,20.255504304140658,0,[]
20250720_235433_421,16,19,19,-18.9,20.255504304140658,0.09030652046203613,0.004436016082763672,19,19,YOLO,1,32,0,20.255504304140658,0,[]
20250720_235433_519,16,19,19,-18.9,20.255504304140658,0.08847570419311523,0.004273414611816406,19,19,YOLO,1,32,0,20.255504304140658,0,[]
20250720_235433_615,17,19,19,-18.9,19.699427813235985,0.09770703315734863,0.00436711311340332,19,19,YOLO,1,32,0,19.699427813235985,0,[]
20250720_235433_720,17,19,19,-18.9,19.699427813235985,0.09747147560119629,0.004441261291503906,19,19,YOLO,1,32,0,19.699427813235985,0,[]
20250720_235433_825,17,18,18,-20.3,20.44040056241259,0.09316039085388184,0.004572391510009766,18,18,YOLO,1,32,0,20.44040056241259,0,[]
20250720_235433_926,17,18,18,-20.3,20.44040056241259,0.0918128490447998,0.004329204559326172,18,18,YOLO,1,32,0,20.44040056241259,0,[]
20250720_235434_026,17,18,18,-20.3,20.44040056241259,0.09987974166870117,0.004166841506958008,18,18,YOLO,1,32,0,20.44040056241259,0,[]
20250720_235434_133,17,18,18,-20.3,20.44040056241259,0.09275293350219727,0.0039048194885253906,18,18,YOLO,1,32,0,20.44040056241259,0,[]
20250720_235434_232,17,18,18,-20.3,20.44040056241259,0.09468245506286621,0.004283428192138672,18,18,YOLO,1,32,0,20.44040056241259,0,[]
20250720_235434_334,17,18,18,-20.3,20.44040056241259,0.0909423828125,0.004326343536376953,18,18,YOLO,1,32,0,20.44040056241259,0,[]
20250720_235434_433,17,18,18,-20.3,20.44040056241259,0.09253358840942383,0.0043926239013671875,18,18,YOLO,1,32,0,20.44040056241259,0,[]
20250720_235434_533,17,18,18,-20.3,20.44040056241259,0.09037423133850098,0.004033327102661133,18,18,YOLO,1,32,0,20.44040056241259,0,[]
20250720_235434_630,17,18,18,-20.3,20.44040056241259,0.09096693992614746,0.004458189010620117,18,18,YOLO,1,32,0,20.44040056241259,0,[]
20250720_235434_729,17,18,18,-20.3,20.44040056241259,0.08911466598510742,0.004389047622680664,18,18,YOLO,1,32,0,20.44040056241259,0,[]
20250720_235434_826,17,18,18,-20.3,20.44040056241259,0.1058034896850586,0.003909587860107422,18,18,YOLO,1,32,0,20.44040056241259,0,[]
20250720_235434_938,17,18,18,-20.3,20.44040056241259,0.08580636978149414,0.0043032169342041016,18,18,YOLO,1,32,0,20.44040056241259,0,[]
20250720_235435_031,17,18,18,-20.3,20.44040056241259,0.09291219711303711,0.0043828487396240234,18,18,YOLO,1,32,0,20.44040056241259,0,[]
20250720_235435_132,17,18,18,-20.3,20.44040056241259,0.09143900871276855,0.004789829254150391,18,18,YOLO,1,32,0,20.44040056241259,0,[]
20250720_235435_231,17,18,18,-20.3,20.44040056241259,0.09899163246154785,0.004329204559326172,18,18,YOLO,1,32,0,20.44040056241259,0,[]
20250720_235435_338,17,18,18,-20.3,20.44040056241259,0.0962069034576416,0.004065990447998047,18,18,YOLO,1,32,0,20.44040056241259,0,[]
20250720_235435_441,17,18,18,-20.3,20.44040056241259,0.08889174461364746,0.004277706146240234,18,18,YOLO,1,32,0,20.44040056241259,0,[]
20250720_235435_537,17,18,18,-20.3,20.44040056241259,0.09887480735778809,0.0043904781341552734,18,18,YOLO,1,32,0,20.44040056241259,0,[]
20250720_235435_644,17,18,18,-20.3,20.44040056241259,0.09208226203918457,0.004449129104614258,18,18,YOLO,1,32,0,20.44040056241259,0,[]
20250720_235435_744,17,18,18,-20.3,20.44040056241259,0.09038734436035156,0.004351615905761719,18,18,YOLO,1,32,0,20.44040056241259,0,[]
20250720_235435_842,17,18,18,-20.3,20.44040056241259,0.09278130531311035,0.004285573959350586,18,18,YOLO,1,32,0,20.44040056241259,0,[]
20250720_235435_942,17,18,18,-20.3,20.44040056241259,0.09148049354553223,0.0035228729248046875,18,18,YOLO,1,32,0,20.44040056241259,0,[]
20250720_235436_038,17,18,18,-20.3,20.44040056241259,0.09272599220275879,0.004148721694946289,18,18,YOLO,1,32,0,20.44040056241259,0,[]
20250720_235436_138,17,18,18,-20.3,20.44040056241259,0.09395742416381836,0.0043756961822509766,18,18,YOLO,1,32,0,20.44040056241259,0,[]
20250720_235436_240,17,18,18,-20.3,20.44040056241259,0.09353017807006836,0.004336357116699219,18,18,YOLO,1,32,0,20.44040056241259,0,[]
20250720_235436_341,17,18,18,-20.3,20.44040056241259,0.09410548210144043,0.004199504852294922,18,18,YOLO,1,32,0,20.44040056241259,0,[]
20250720_235436_442,17,NO_RADIO,18,-20.3,20.44040056241259,0.09427142143249512,0.0044591426849365234,18,,CenterFallback,1,32,0,,,[]
20250720_235436_544,17,18,18,-20.3,20.44040056241259,0.08876776695251465,0.0043087005615234375,18,18,YOLO,1,32,0,20.44040056241259,0,[]
20250720_235436_640,17,18,18,-20.3,20.44040056241259,0.0895698070526123,0.004279375076293945,18,18,YOLO,1,32,0,20.44040056241259,0,[]
20250720_235436_737,17,18,18,-20.3,20.44040056241259,0.09369277954101562,0.004333019256591797,18,18,YOLO,1,32,0,20.44040056241259,0,[]
20250720_235436_838,17,18,18,-20.3,20.44040056241259,0.09403514862060547,0.004283428192138672,18,18,YOLO,1,32,0,20.44040056241259,0,[]
20250720_235436_939,17,18,18,-20.3,20.44040056241259,0.08913707733154297,0.004198312759399414,18,18,YOLO,1,32,0,20.44040056241259,0,[]
20250720_235437_036,17,18,18,-20.3,20.44040056241259,0.0898139476776123,0.0041048526763916016,18,18,YOLO,1,32,0,20.44040056241259,0,[]
20250720_235437_133,17,18,18,-20.3,20.44040056241259,0.0880124568939209,0.004170894622802734,18,18,YOLO,1,32,0,20.44040056241259,0,[]
20250720_235437_228,17,18,18,-20.3,20.44040056241259,0.09156441688537598,0.004283905029296875,18,18,YOLO,1,32,0,20.44040056241259,0,[]
20250720_235437_327,17,18,18,-20.3,20.44040056241259,0.08992695808410645,0.003973722457885742,18,18,YOLO,1,32,0,20.44040056241259,0,[]
20250720_235437_424,17,18,18,-20.3,20.44040056241259,0.09534764289855957,0.004351377487182617,18,18,YOLO,1,32,0,20.44040056241259,0,[]
20250720_235437_526,17,18,18,-20.3,20.44040056241259,0.09373259544372559,0.004136800765991211,18,18,YOLO,1,32,0,20.44040056241259,0,[]
20250720_235437_627,18,18,18,-20.3,20.07010447613888,0.10533905029296875,0.004364728927612305,18,18,YOLO,1,32,0,20.07010447613888,0,[]
20250720_235437_740,18,18,18,-20.3,20.07010447613888,0.09278130531311035,0.004186868667602539,18,18,YOLO,1,32,0,20.07010447613888,0,[]
20250720_235437_840,18,17,17,-21.8,21.174135495481693,0.09820437431335449,0.003955364227294922,17,17,YOLO,1,32,0,21.174135495481693,0,[]
20250720_235437_945,18,17,17,-21.8,21.174135495481693,0.08608794212341309,0.004362821578979492,17,17,YOLO,1,32,0,21.174135495481693,0,[]
20250720_235438_039,18,17,17,-21.8,21.174135495481693,0.09925603866577148,0.004362583160400391,17,17,YOLO,1,32,0,21.174135495481693,0,[]
20250720_235438_146,18,17,17,-21.8,21.174135495481693,0.09298133850097656,0.004091978073120117,17,17,YOLO,1,32,0,21.174135495481693,0,[]
20250720_235438_246,18,17,17,-21.8,21.174135495481693,0.09243655204772949,0.004390239715576172,17,17,YOLO,1,32,0,21.174135495481693,0,[]
20250720_235438_346,18,17,17,-21.8,21.174135495481693,0.09066629409790039,0.004292964935302734,17,17,YOLO,1,32,0,21.174135495481693,0,[]
20250720_235438_444,18,17,17,-21.8,21.174135495481693,0.09143304824829102,0.004354238510131836,17,17,YOLO,1,32,0,21.174135495481693,0,[]
20250720_235438_543,18,17,17,-21.8,21.174135495481693,0.09461307525634766,0.004317045211791992,17,17,YOLO,1,32,0,21.174135495481693,0,[]
20250720_235438_645,18,17,17,-21.8,21.174135495481693,0.08917784690856934,0.004523277282714844,17,17,YOLO,1,32,0,21.174135495481693,0,[]
20250720_235438_742,18,17,17,-21.8,21.174135495481693,0.0860753059387207,0.0044803619384765625,17,17,YOLO,1,32,0,21.174135495481693,0,[]
20250720_235438_836,18,17,17,-21.8,21.174135495481693,0.08713173866271973,0.004367828369140625,17,17,YOLO,1,32,0,21.174135495481693,0,[]
20250720_235438_931,18,17,17,-21.8,21.174135495481693,0.09256386756896973,0.004361867904663086,17,17,YOLO,1,32,0,21.174135495481693,0,[]
20250720_235439_031,18,17,17,-21.8,21.174135495481693,0.09404706954956055,0.004324436187744141,17,17,YOLO,1,32,0,21.174135495481693,0,[]
20250720_235439_132,18,17,17,-21.8,21.174135495481693,0.10216021537780762,0.004041194915771484,17,17,YOLO,1,32,0,21.174135495481693,0,[]
20250720_235439_241,18,17,17,-21.8,21.174135495481693,0.09142088890075684,0.004305124282836914,17,17,YOLO,1,32,0,21.174135495481693,0,[]
20250720_235439_340,18,17,17,-21.8,21.174135495481693,0.09484696388244629,0.004315853118896484,17,17,YOLO,1,32,0,21.174135495481693,0,[]
20250720_235439_443,18,18,18,-20.3,20.07010447613888,0.08923649787902832,0.004359245300292969,18,18,YOLO,1,32,0,20.07010447613888,0,[]
20250720_235439_539,18,18,18,-20.3,20.07010447613888,0.08023595809936523,0.0042285919189453125,18,18,YOLO,1,32,0,20.07010447613888,0,[]
20250720_235439_627,18,18,18,-20.3,20.07010447613888,0.09410619735717773,0.004324436187744141,18,18,YOLO,1,32,0,20.07010447613888,0,[]
20250720_235439_728,18,18,18,-20.3,20.07010447613888,0.09061431884765625,0.00431060791015625,18,18,YOLO,1,32,0,20.07010447613888,0,[]
20250720_235439_826,18,18,18,-20.3,20.07010447613888,0.09874606132507324,0.004302978515625,18,18,YOLO,1,32,0,20.07010447613888,0,[]
20250720_235439_933,18,18,18,-20.3,20.07010447613888,0.09782147407531738,0.004256010055541992,18,18,YOLO,1,32,0,20.07010447613888,0,[]
20250720_235440_038,18,18,18,-20.3,20.07010447613888,0.09805941581726074,0.004354238510131836,18,18,YOLO,1,32,0,20.07010447613888,0,[]
20250720_235440_143,18,18,18,-20.3,20.07010447613888,0.08265972137451172,0.0043811798095703125,18,18,YOLO,1,32,0,20.07010447613888,0,[]
20250720_235440_233,18,18,18,-20.3,20.07010447613888,0.09554672241210938,0.004272937774658203,18,18,YOLO,1,32,0,20.07010447613888,0,[]
20250720_235440_336,18,18,18,-20.3,20.07010447613888,0.09435534477233887,0.004027128219604492,18,18,YOLO,1,32,0,20.07010447613888,0,[]
20250720_235440_438,18,18,18,-20.3,20.07010447613888,0.08600974082946777,0.004407405853271484,18,18,YOLO,1,32,0,20.07010447613888,0,[]
20250720_235440_531,18,18,18,-20.3,20.07010447613888,0.09708285331726074,0.003959178924560547,18,18,YOLO,1,32,0,20.07010447613888,0,[]
20250720_235440_635,18,17,17,-21.8,21.174135495481693,0.09503650665283203,0.00434112548828125,17,17,YOLO,1,32,0,21.174135495481693,0,[]
20250720_235440_738,18,17,17,-21.8,21.174135495481693,0.0978994369506836,0.0043375492095947266,17,17,YOLO,1,32,0,21.174135495481693,0,[]
20250720_235440_843,18,17,17,-21.8,21.174135495481693,0.09853911399841309,0.004202365875244141,17,17,YOLO,1,32,0,21.174135495481693,0,[]
20250720_235440_949,18,17,17,-21.8,21.174135495481693,0.09104013442993164,0.0042781829833984375,17,17,YOLO,1,32,0,21.174135495481693,0,[]
20250720_235441_048,18,17,17,-21.8,21.174135495481693,0.08645391464233398,0.004319190979003906,17,17,YOLO,1,32,0,21.174135495481693,0,[]
20250720_235441_141,18,17,17,-21.8,21.174135495481693,0.09038949012756348,0.004326343536376953,17,17,YOLO,1,32,0,21.174135495481693,0,[]
20250720_235441_239,18,17,17,-21.8,21.174135495481693,0.08741188049316406,0.004296302795410156,17,17,YOLO,1,32,0,21.174135495481693,0,[]
20250720_235441_334,18,17,17,-21.8,21.174135495481693,0.09934353828430176,0.003945112228393555,17,17,YOLO,1,32,0,21.174135495481693,0,[]
20250720_235441_441,18,17,17,-21.8,21.174135495481693,0.09500908851623535,0.004331350326538086,17,17,YOLO,1,32,0,21.174135495481693,0,[]
20250720_235441_543,18,17,17,-21.8,21.174135495481693,0.09731006622314453,0.00193023681640625,17,17,YOLO,1,32,0,21.174135495481693,0,[]
20250720_235441_644,19,17,17,-21.8,19.67530830885589,0.09587216377258301,0.0039708614349365234,17,17,YOLO,1,32,0,19.67530830885589,0,[]
20250720_235441_747,19,17,17,-21.8,19.67530830885589,0.1037285327911377,0.0038573741912841797,17,17,YOLO,1,32,0,19.67530830885589,0,[]
20250720_235441_855,19,17,17,-21.8,19.67530830885589,0.09421849250793457,0.0041959285736083984,17,17,YOLO,1,32,0,19.67530830885589,0,[]
20250720_235441_957,19,17,17,-21.8,19.67530830885589,0.0900416374206543,0.0042972564697265625,17,17,YOLO,1,32,0,19.67530830885589,0,[]
20250720_235442_054,19,17,17,-21.8,19.67530830885589,0.09264206886291504,0.004301309585571289,17,17,YOLO,1,32,0,19.67530830885589,0,[]
20250720_235442_154,19,17,17,-21.8,19.67530830885589,0.0909876823425293,0.0042607784271240234,17,17,YOLO,1,32,0,19.67530830885589,0,[]
20250720_235442_253,19,17,17,-21.8,19.67530830885589,0.09368395805358887,0.0020089149475097656,17,17,YOLO,1,32,0,19.67530830885589,0,[]
20250720_235442_350,19,17,17,-21.8,19.67530830885589,0.09974002838134766,0.004255771636962891,17,17,YOLO,1,32,0,19.67530830885589,0,[]
20250720_235442_457,19,17,17,-21.8,19.67530830885589,0.09401750564575195,0.0042209625244140625,17,17,YOLO,1,32,0,19.67530830885589,0,[]
20250720_235442_558,19,17,17,-21.8,19.67530830885589,0.09824538230895996,0.00432586669921875,17,17,YOLO,1,32,0,19.67530830885589,0,[]
20250720_235442_663,19,17,17,-21.8,19.67530830885589,0.09859657287597656,0.004338979721069336,17,17,YOLO,1,32,0,19.67530830885589,0,[]
20250720_235442_770,19,17,17,-21.8,19.67530830885589,0.09363555908203125,0.004007577896118164,17,17,YOLO,1,32,0,19.67530830885589,0,[]
20250720_235442_870,19,17,17,-21.8,19.67530830885589,0.09686899185180664,0.004102945327758789,17,17,YOLO,1,32,0,19.67530830885589,0,[]
20250720_235442_974,19,17,17,-21.8,19.67530830885589,0.09106302261352539,0.002048015594482422,17,17,YOLO,1,32,0,19.67530830885589,0,[]
20250720_235443_069,19,17,17,-21.8,19.67530830885589,0.09450697898864746,0.0021009445190429688,17,17,YOLO,1,32,0,19.67530830885589,0,[]
20250720_235443_167,19,17,17,-21.8,19.67530830885589,0.0955500602722168,0.002171754837036133,17,17,YOLO,1,32,0,19.67530830885589,0,[]
20250720_235443_266,19,17,17,-21.8,19.67530830885589,0.09608292579650879,0.0020537376403808594,17,17,YOLO,1,32,0,19.67530830885589,0,[]
20250720_235443_365,19,17,17,-21.8,19.67530830885589,0.09335660934448242,0.002056598663330078,17,17,YOLO,1,32,0,19.67530830885589,0,[]
20250720_235443_462,19,17,17,-21.8,19.67530830885589,0.09347295761108398,0.002081632614135742,17,17,YOLO,1,32,0,19.67530830885589,0,[]
20250720_235443_559,19,17,17,-21.8,19.67530830885589,0.09247469902038574,0.0020804405212402344,17,17,YOLO,1,32,0,19.67530830885589,0,[]
20250720_235443_654,19,17,17,-21.8,19.67530830885589,0.08386445045471191,0.0020813941955566406,17,17,YOLO,1,32,0,19.67530830885589,0,[]
20250720_235443_742,19,17,17,-21.8,19.67530830885589,0.11359453201293945,0.0021355152130126953,17,17,YOLO,1,32,0,19.67530830885589,0,[]
20250720_235443_859,19,17,17,-21.8,19.67530830885589,0.09365010261535645,0.0020842552185058594,17,17,YOLO,1,32,0,19.67530830885589,0,[]
20250720_235443_956,19,17,17,-21.8,19.67530830885589,0.09822964668273926,0.002067089080810547,17,17,YOLO,1,32,0,19.67530830885589,0,[]
20250720_235444_057,19,17,17,-21.8,19.67530830885589,0.09343647956848145,0.002128124237060547,17,17,YOLO,1,32,0,19.67530830885589,0,[]
20250720_235444_154,19,17,17,-21.8,19.67530830885589,0.09372234344482422,0.002047300338745117,17,17,YOLO,1,32,0,19.67530830885589,0,[]
20250720_235444_251,19,17,17,-21.8,19.67530830885589,0.09704947471618652,0.002018451690673828,17,17,YOLO,1,32,0,19.67530830885589,0,[]
20250720_235444_351,19,17,17,-21.8,19.67530830885589,0.09035396575927734,0.0020363330841064453,17,17,YOLO,1,32,0,19.67530830885589,0,[]
20250720_235444_445,19,17,17,-21.8,19.67530830885589,0.09436607360839844,0.002991199493408203,17,17,YOLO,1,32,0,19.67530830885589,0,[]
20250720_235444_544,19,17,17,-21.8,19.67530830885589,0.09204983711242676,0.004389286041259766,17,17,YOLO,1,32,0,19.67530830885589,0,[]
20250720_235444_644,19,17,17,-21.8,19.67530830885589,0.09548544883728027,0.004494190216064453,17,17,YOLO,1,32,0,19.67530830885589,0,[]
20250720_235444_747,19,17,17,-21.8,19.67530830885589,0.09325456619262695,0.00448298454284668,17,17,YOLO,1,32,0,19.67530830885589,0,[]
20250720_235444_848,19,17,17,-21.8,19.67530830885589,0.09380817413330078,0.004325151443481445,17,17,YOLO,1,32,0,19.67530830885589,0,[]
20250720_235444_949,19,17,17,-21.8,19.67530830885589,0.0874478816986084,0.004495143890380859,17,17,YOLO,1,32,0,19.67530830885589,0,[]
20250720_235445_044,19,17,17,-21.8,19.67530830885589,0.09512090682983398,0.004388570785522461,17,17,YOLO,1,32,0,19.67530830885589,0,[]
20250720_235445_147,19,17,17,-21.8,19.67530830885589,0.09183001518249512,0.004401683807373047,17,17,YOLO,1,32,0,19.67530830885589,0,[]
20250720_235445_246,19,17,17,-21.8,19.67530830885589,0.09337925910949707,0.004366159439086914,17,17,YOLO,1,32,0,19.67530830885589,0,[]
20250720_235445_345,19,17,17,-21.8,19.67530830885589,0.0925900936126709,0.0037689208984375,17,17,YOLO,1,32,0,19.67530830885589,0,[]
20250720_235445_444,19,17,17,-21.8,19.67530830885589,0.09440970420837402,0.002120494842529297,17,17,YOLO,1,32,0,19.67530830885589,0,[]
20250720_235445_542,19,17,17,-21.8,19.67530830885589,0.09407997131347656,0.002511262893676758,17,17,YOLO,1,32,0,19.67530830885589,0,[]
20250720_235445_640,20,17,17,-21.8,17.862160541463012,0.09405016899108887,0.002071857452392578,17,17,YOLO,1,32,0,17.862160541463012,0,[]
20250720_235445_738,20,17,17,-21.8,17.862160541463012,0.08765411376953125,0.0021681785583496094,17,17,YOLO,1,32,0,17.862160541463012,0,[]
20250720_235445_829,20,16,16,-23.2,20.088047298886963,0.09678483009338379,0.0023326873779296875,16,16,YOLO,1,32,0,20.088047298886963,0,[]
20250720_235445_930,20,16,16,-23.2,20.088047298886963,0.09164142608642578,0.002013683319091797,16,16,YOLO,1,32,0,20.088047298886963,0,[]
20250720_235446_025,20,16,16,-23.2,20.088047298886963,0.07886171340942383,0.003675222396850586,16,16,YOLO,1,32,0,20.088047298886963,0,[]
20250720_235446_110,20,16,16,-23.2,20.088047298886963,0.08884334564208984,0.004265785217285156,16,16,YOLO,1,32,0,20.088047298886963,0,[]
20250720_235446_206,20,16,16,-23.2,20.088047298886963,0.0869755744934082,0.0043489933013916016,16,16,YOLO,1,32,0,20.088047298886963,0,[]
20250720_235446_301,20,16,16,-23.2,20.088047298886963,0.09935188293457031,0.003949642181396484,16,16,YOLO,1,32,0,20.088047298886963,0,[]
20250720_235446_407,20,16,16,-23.2,20.088047298886963,0.09385156631469727,0.00475311279296875,16,16,YOLO,1,32,0,20.088047298886963,0,[]
20250720_235446_509,20,16,16,-23.2,20.088047298886963,0.0910634994506836,0.003991603851318359,16,16,YOLO,1,32,0,20.088047298886963,0,[]
20250720_235446_607,20,16,16,-23.2,20.088047298886963,0.09180617332458496,0.004543781280517578,16,16,YOLO,1,32,0,20.088047298886963,0,[]
20250720_235446_706,20,16,16,-23.2,20.088047298886963,0.086181640625,0.004458904266357422,16,16,YOLO,1,32,0,20.088047298886963,0,[]
20250720_235446_800,20,16,16,-23.2,20.088047298886963,0.08542323112487793,0.004427671432495117,16,16,YOLO,1,32,0,20.088047298886963,0,[]
20250720_235446_891,20,16,16,-23.2,20.088047298886963,0.0965275764465332,0.004506826400756836,16,16,YOLO,1,32,0,20.088047298886963,0,[]
20250720_235446_996,20,16,16,-23.2,20.088047298886963,0.09650731086730957,0.00426793098449707,16,16,YOLO,1,32,0,20.088047298886963,0,[]
20250720_235447_100,20,16,16,-23.2,20.088047298886963,0.0910179615020752,0.0041790008544921875,16,16,YOLO,1,32,0,20.088047298886963,0,[]
20250720_235447_198,20,16,16,-23.2,20.088047298886963,0.09786343574523926,0.004464149475097656,16,16,YOLO,1,32,0,20.088047298886963,0,[]
20250720_235447_304,20,16,16,-23.2,20.088047298886963,0.08800935745239258,0.004145383834838867,16,16,YOLO,1,32,0,20.088047298886963,0,[]
20250720_235447_399,20,16,16,-23.2,20.088047298886963,0.09548687934875488,0.003945350646972656,16,16,YOLO,1,32,0,20.088047298886963,0,[]
20250720_235447_501,20,16,16,-23.2,20.088047298886963,0.09600019454956055,0.003945350646972656,16,16,YOLO,1,32,0,20.088047298886963,0,[]
20250720_235447_604,20,16,16,-23.2,20.088047298886963,0.0935831069946289,0.004328727722167969,16,16,YOLO,1,32,0,20.088047298886963,0,[]
20250720_235447_705,20,16,16,-23.2,20.088047298886963,0.09583878517150879,0.003983259201049805,16,16,YOLO,1,32,0,20.088047298886963,0,[]
20250720_235447_808,20,16,16,-23.2,20.088047298886963,0.09369754791259766,0.004141330718994141,16,16,YOLO,1,32,0,20.088047298886963,0,[]
20250720_235447_909,20,16,16,-23.2,20.088047298886963,0.08848118782043457,0.004331827163696289,16,16,YOLO,1,32,0,20.088047298886963,0,[]
20250720_235448_005,20,16,16,-23.2,20.088047298886963,0.0905601978302002,0.004210948944091797,16,16,YOLO,1,32,0,20.088047298886963,0,[]
20250720_235448_103,20,16,16,-23.2,20.088047298886963,0.09258794784545898,0.004410266876220703,16,16,YOLO,1,32,0,20.088047298886963,0,[]
20250720_235448_203,20,16,16,-23.2,20.088047298886963,0.09144973754882812,0.0044193267822265625,16,16,YOLO,1,32,0,20.088047298886963,0,[]
20250720_235448_302,20,16,16,-23.2,20.088047298886963,0.093536376953125,0.0039463043212890625,16,16,YOLO,1,32,0,20.088047298886963,0,[]
20250720_235448_403,20,16,16,-23.2,20.088047298886963,0.09655070304870605,0.0042572021484375,16,16,YOLO,1,32,0,20.088047298886963,0,[]
20250720_235448_506,20,16,16,-23.2,20.088047298886963,0.09945130348205566,0.0043430328369140625,16,16,YOLO,1,32,0,20.088047298886963,0,[]
20250720_235448_613,20,16,16,-23.2,20.088047298886963,0.09363627433776855,0.0042514801025390625,16,16,YOLO,1,32,0,20.088047298886963,0,[]
20250720_235448_714,20,16,16,-23.2,20.088047298886963,0.09171128273010254,0.0042018890380859375,16,16,YOLO,1,32,0,20.088047298886963,0,[]
20250720_235448_813,20,16,16,-23.2,20.088047298886963,0.09678387641906738,0.004010677337646484,16,16,YOLO,1,32,0,20.088047298886963,0,[]
20250720_235448_917,20,16,16,-23.2,20.088047298886963,0.08653926849365234,0.0041656494140625,16,16,YOLO,1,32,0,20.088047298886963,0,[]
20250720_235449_011,20,16,16,-23.2,20.088047298886963,0.08925771713256836,0.004263877868652344,16,16,YOLO,1,32,0,20.088047298886963,0,[]
20250720_235449_107,20,16,16,-23.2,20.088047298886963,0.09226155281066895,0.004327058792114258,16,16,YOLO,1,32,0,20.088047298886963,0,[]
20250720_235449_207,20,16,16,-23.2,20.088047298886963,0.08932042121887207,0.0041882991790771484,16,16,YOLO,1,32,0,20.088047298886963,0,[]
20250720_235449_304,20,16,16,-23.2,20.088047298886963,0.09810328483581543,0.0039958953857421875,16,16,YOLO,1,32,0,20.088047298886963,0,[]
20250720_235449_409,20,16,16,-23.2,20.088047298886963,0.09875917434692383,0.004321575164794922,16,16,YOLO,1,32,0,20.088047298886963,0,[]
20250720_235449_515,20,16,16,-23.2,20.088047298886963,0.09408903121948242,0.003991842269897461,16,16,YOLO,1,32,0,20.088047298886963,0,[]
20250720_235449_616,21,16,16,-23.2,19.851631620286483,0.09177494049072266,0.004333019256591797,16,16,YOLO,1,32,0,19.851631620286483,0,[]
20250720_235449_715,21,16,16,-23.2,19.851631620286483,0.09299111366271973,0.0043523311614990234,16,16,YOLO,1,32,0,19.851631620286483,0,[]
20250720_235449_816,21,15,15,-24.7,20.7983692797678,0.10259532928466797,0.005148172378540039,15,15,YOLO,1,32,0,20.7983692797678,0,[]
20250720_235449_926,21,15,15,-24.7,20.7983692797678,0.0940389633178711,0.003946781158447266,15,15,YOLO,1,32,0,20.7983692797678,0,[]
20250720_235450_027,21,15,15,-24.7,20.7983692797678,0.09260344505310059,0.004429817199707031,15,15,YOLO,1,32,0,20.7983692797678,0,[]
20250720_235450_128,21,15,15,-24.7,20.7983692797678,0.09185528755187988,0.004055500030517578,15,15,YOLO,1,32,0,20.7983692797678,0,[]
20250720_235450_226,21,15,15,-24.7,20.7983692797678,0.10720467567443848,0.004462242126464844,15,15,YOLO,1,32,0,20.7983692797678,0,[]
20250720_235450_341,21,15,15,-24.7,20.7983692797678,0.1005716323852539,0.004332304000854492,15,15,YOLO,1,32,0,20.7983692797678,0,[]
20250720_235450_449,21,15,15,-24.7,20.7983692797678,0.08965325355529785,0.00442194938659668,15,15,YOLO,1,32,0,20.7983692797678,0,[]
20250720_235450_547,21,15,15,-24.7,20.7983692797678,0.09838151931762695,0.004448652267456055,15,15,YOLO,1,32,0,20.7983692797678,0,[]
20250720_235450_653,21,15,15,-24.7,20.7983692797678,0.08929824829101562,0.0044384002685546875,15,15,YOLO,1,32,0,20.7983692797678,0,[]
20250720_235450_750,21,15,15,-24.7,20.7983692797678,0.09325218200683594,0.004442453384399414,15,15,YOLO,1,32,0,20.7983692797678,0,[]
20250720_235450_851,21,15,15,-24.7,20.7983692797678,0.08948421478271484,0.0043485164642333984,15,15,YOLO,1,32,0,20.7983692797678,0,[]
20250720_235450_948,21,15,15,-24.7,20.7983692797678,0.08613848686218262,0.004244804382324219,15,15,YOLO,1,32,0,20.7983692797678,0,[]
20250720_235451_041,21,15,15,-24.7,20.7983692797678,0.09415650367736816,0.0043182373046875,15,15,YOLO,1,32,0,20.7983692797678,0,[]
20250720_235451_143,21,15,15,-24.7,20.7983692797678,0.09147405624389648,0.004431247711181641,15,15,YOLO,1,32,0,20.7983692797678,0,[]
20250720_235451_242,21,15,15,-24.7,20.7983692797678,0.10011911392211914,0.004815340042114258,15,15,YOLO,1,32,0,20.7983692797678,0,[]
20250720_235451_350,21,15,15,-24.7,20.7983692797678,0.09669303894042969,0.004330873489379883,15,15,YOLO,1,32,0,20.7983692797678,0,[]
20250720_235451_454,21,15,15,-24.7,20.7983692797678,0.09128904342651367,0.004333972930908203,15,15,YOLO,1,32,0,20.7983692797678,0,[]
20250720_235451_553,21,15,15,-24.7,20.7983692797678,0.09566926956176758,0.00455021858215332,15,15,YOLO,1,32,0,20.7983692797678,0,[]
20250720_235451_657,21,15,15,-24.7,20.7983692797678,0.09607076644897461,0.0044612884521484375,15,15,YOLO,1,32,0,20.7983692797678,0,[]
20250720_235451_761,21,15,15,-24.7,20.7983692797678,0.0976860523223877,0.004585981369018555,15,15,YOLO,1,32,0,20.7983692797678,0,[]
20250720_235451_866,21,15,15,-24.7,20.7983692797678,0.09780168533325195,0.004449605941772461,15,15,YOLO,1,32,0,20.7983692797678,0,[]
20250720_235451_971,21,15,15,-24.7,20.7983692797678,0.09790730476379395,0.004290580749511719,15,15,YOLO,1,32,0,20.7983692797678,0,[]
20250720_235452_076,21,15,15,-24.7,20.7983692797678,0.10056781768798828,0.004179716110229492,15,15,YOLO,1,32,0,20.7983692797678,0,[]
20250720_235452_184,21,15,15,-24.7,20.7983692797678,0.09726476669311523,0.0043599605560302734,15,15,YOLO,1,32,0,20.7983692797678,0,[]
20250720_235452_289,21,15,15,-24.7,20.7983692797678,0.09568285942077637,0.0047495365142822266,15,15,YOLO,1,32,0,20.7983692797678,0,[]
20250720_235452_390,21,15,15,-24.7,20.7983692797678,0.10116767883300781,0.004344463348388672,15,15,YOLO,1,32,0,20.7983692797678,0,[]
20250720_235452_499,21,15,15,-24.7,20.7983692797678,0.09603142738342285,0.004201412200927734,15,15,YOLO,1,32,0,20.7983692797678,0,[]
20250720_235452_602,21,15,15,-24.7,20.7983692797678,0.0973973274230957,0.004359245300292969,15,15,YOLO,1,32,0,20.7983692797678,0,[]
20250720_235452_707,21,15,15,-24.7,20.7983692797678,0.09734940528869629,0.004302263259887695,15,15,YOLO,1,32,0,20.7983692797678,0,[]
20250720_235452_812,21,15,15,-24.7,20.7983692797678,0.09510326385498047,0.004061698913574219,15,15,YOLO,1,32,0,20.7983692797678,0,[]
20250720_235452_914,21,15,15,-24.7,20.7983692797678,0.09113264083862305,0.004410266876220703,15,15,YOLO,1,32,0,20.7983692797678,0,[]
20250720_235453_013,21,15,15,-24.7,20.7983692797678,0.09714722633361816,0.004338264465332031,15,15,YOLO,1,32,0,20.7983692797678,0,[]
20250720_235453_117,21,16,16,-23.2,19.851631620286483,0.09580492973327637,0.004016399383544922,16,16,YOLO,1,32,0,19.851631620286483,0,[]
20250720_235453_220,21,15,15,-24.7,20.7983692797678,0.09421181678771973,0.00437474250793457,15,15,YOLO,1,32,0,20.7983692797678,0,[]
20250720_235453_322,21,16,16,-23.2,19.851631620286483,0.09424185752868652,0.003975391387939453,16,16,YOLO,1,32,0,19.851631620286483,0,[]
20250720_235453_423,21,16,16,-23.2,19.851631620286483,0.0932002067565918,0.004264354705810547,16,16,YOLO,1,32,0,19.851631620286483,0,[]
20250720_235453_524,21,16,16,-23.2,19.851631620286483,0.09473919868469238,0.00439763069152832,16,16,YOLO,1,32,0,19.851631620286483,0,[]
20250720_235453_626,22,16,16,-23.2,18.935374320002552,0.0975189208984375,0.004340410232543945,16,16,YOLO,1,32,0,18.935374320002552,0,[]
20250720_235453_731,22,NO_RADIO,16,-23.2,18.935374320002552,0.08605480194091797,0.004506111145019531,16,,CenterFallback,1,32,0,,,[]
20250720_235453_825,22,14,14,-26.1,20.07114294452927,0.09087729454040527,0.004232645034790039,14,14,YOLO,1,32,0,20.07114294452927,0,[]
20250720_235453_923,22,14,14,-26.1,20.07114294452927,0.08878660202026367,0.004375457763671875,14,14,YOLO,1,32,0,20.07114294452927,0,[]
20250720_235454_019,22,14,14,-26.1,20.07114294452927,0.08706259727478027,0.004324674606323242,14,14,YOLO,1,32,0,20.07114294452927,0,[]
20250720_235454_114,22,14,14,-26.1,20.07114294452927,0.0913996696472168,0.0043447017669677734,14,14,YOLO,1,32,0,20.07114294452927,0,[]
20250720_235454_213,22,14,14,-26.1,20.07114294452927,0.09011387825012207,0.004469394683837891,14,14,YOLO,1,32,0,20.07114294452927,0,[]
20250720_235454_311,22,14,14,-26.1,20.07114294452927,0.09656000137329102,0.004012346267700195,14,14,YOLO,1,32,0,20.07114294452927,0,[]
20250720_235454_414,22,14,14,-26.1,20.07114294452927,0.09753775596618652,0.0043332576751708984,14,14,YOLO,1,32,0,20.07114294452927,0,[]
20250720_235454_519,22,14,14,-26.1,20.07114294452927,0.09951567649841309,0.0044019222259521484,14,14,YOLO,1,32,0,20.07114294452927,0,[]
20250720_235454_626,22,14,14,-26.1,20.07114294452927,0.09466266632080078,0.0044019222259521484,14,14,YOLO,1,32,0,20.07114294452927,0,[]
20250720_235454_728,22,14,14,-26.1,20.07114294452927,0.09781837463378906,0.00453948974609375,14,14,YOLO,1,32,0,20.07114294452927,0,[]
20250720_235454_834,22,14,14,-26.1,20.07114294452927,0.09583163261413574,0.004318952560424805,14,14,YOLO,1,32,0,20.07114294452927,0,[]
20250720_235454_937,22,14,14,-26.1,20.07114294452927,0.09736371040344238,0.004338502883911133,14,14,YOLO,1,32,0,20.07114294452927,0,[]
20250720_235455_042,22,14,14,-26.1,20.07114294452927,0.09743118286132812,0.004318714141845703,14,14,YOLO,1,32,0,20.07114294452927,0,[]
20250720_235455_147,22,14,14,-26.1,20.07114294452927,0.09708881378173828,0.0042340755462646484,14,14,YOLO,1,32,0,20.07114294452927,0,[]
20250720_235455_251,22,14,14,-26.1,20.07114294452927,0.09454727172851562,0.004327535629272461,14,14,YOLO,1,32,0,20.07114294452927,0,[]
20250720_235455_353,22,14,14,-26.1,20.07114294452927,0.09705781936645508,0.0042476654052734375,14,14,YOLO,1,32,0,20.07114294452927,0,[]
20250720_235455_457,22,14,14,-26.1,20.07114294452927,0.09533882141113281,0.004441976547241211,14,14,YOLO,1,32,0,20.07114294452927,0,[]
20250720_235455_561,22,14,14,-26.1,20.07114294452927,0.09738540649414062,0.004347324371337891,14,14,YOLO,1,32,0,20.07114294452927,0,[]
20250720_235455_665,22,14,14,-26.1,20.07114294452927,0.09752321243286133,0.004662275314331055,14,14,YOLO,1,32,0,20.07114294452927,0,[]
20250720_235455_771,22,15,15,-24.7,20.29141674566685,0.09959173202514648,0.0046117305755615234,15,15,YOLO,1,32,0,20.29141674566685,0,[]
20250720_235455_879,22,15,15,-24.7,20.29141674566685,0.09918212890625,0.0043756961822509766,15,15,YOLO,1,32,0,20.29141674566685,0,[]
20250720_235455_985,22,15,15,-24.7,20.29141674566685,0.09684205055236816,0.004276752471923828,15,15,YOLO,1,32,0,20.29141674566685,0,[]
20250720_235456_089,22,15,15,-24.7,20.29141674566685,0.09467864036560059,0.004150390625,15,15,YOLO,1,32,0,20.29141674566685,0,[]
20250720_235456_189,22,15,15,-24.7,20.29141674566685,0.09501218795776367,0.004334211349487305,15,15,YOLO,1,32,0,20.29141674566685,0,[]
20250720_235456_292,22,15,15,-24.7,20.29141674566685,0.09418702125549316,0.004817485809326172,15,15,YOLO,1,32,0,20.29141674566685,0,[]
20250720_235456_392,22,15,15,-24.7,20.29141674566685,0.10261821746826172,0.004619598388671875,15,15,YOLO,1,32,0,20.29141674566685,0,[]
20250720_235456_503,22,15,15,-24.7,20.29141674566685,0.09567832946777344,0.004256248474121094,15,15,YOLO,1,32,0,20.29141674566685,0,[]
20250720_235456_606,22,15,15,-24.7,20.29141674566685,0.10074067115783691,0.00432276725769043,15,15,YOLO,1,32,0,20.29141674566685,0,[]
20250720_235456_714,22,15,15,-24.7,20.29141674566685,0.09790611267089844,0.004408121109008789,15,15,YOLO,1,32,0,20.29141674566685,0,[]
20250720_235456_819,22,15,15,-24.7,20.29141674566685,0.09762287139892578,0.004407405853271484,15,15,YOLO,1,32,0,20.29141674566685,0,[]
20250720_235456_926,22,15,15,-24.7,20.29141674566685,0.09450674057006836,0.004353046417236328,15,15,YOLO,1,32,0,20.29141674566685,0,[]
20250720_235457_028,22,15,15,-24.7,20.29141674566685,0.09591293334960938,0.004305601119995117,15,15,YOLO,1,32,0,20.29141674566685,0,[]
20250720_235457_131,22,15,15,-24.7,20.29141674566685,0.0951528549194336,0.0040950775146484375,15,15,YOLO,1,32,0,20.29141674566685,0,[]
20250720_235457_234,22,15,15,-24.7,20.29141674566685,0.09774637222290039,0.004285573959350586,15,15,YOLO,1,32,0,20.29141674566685,0,[]
20250720_235457_339,22,15,15,-24.7,20.29141674566685,0.09643769264221191,0.004329204559326172,15,15,YOLO,1,32,0,20.29141674566685,0,[]
20250720_235457_443,22,15,15,-24.7,20.29141674566685,0.09727120399475098,0.004591941833496094,15,15,YOLO,1,32,0,20.29141674566685,0,[]
20250720_235457_548,23,15,15,-24.7,19.60505411203242,0.10295557975769043,0.0041751861572265625,15,15,YOLO,1,32,0,19.60505411203242,0,[]
20250720_235457_658,23,15,15,-24.7,19.60505411203242,0.10262894630432129,0.004304170608520508,15,15,YOLO,1,32,0,19.60505411203242,0,[]
20250720_235457_768,23,14,14,-26.1,19.76107036790276,0.09896516799926758,0.004326581954956055,14,14,YOLO,1,32,0,19.76107036790276,0,[]
20250720_235457_875,23,14,14,-26.1,19.76107036790276,0.09303712844848633,0.004303455352783203,14,14,YOLO,1,32,0,19.76107036790276,0,[]
20250720_235457_975,23,14,14,-26.1,19.76107036790276,0.09274482727050781,0.004270076751708984,14,14,YOLO,1,32,0,19.76107036790276,0,[]
20250720_235458_075,23,14,14,-26.1,19.76107036790276,0.09441542625427246,0.0043392181396484375,14,14,YOLO,1,32,0,19.76107036790276,0,[]
20250720_235458_177,23,14,14,-26.1,19.76107036790276,0.09757733345031738,0.004185914993286133,14,14,YOLO,1,32,0,19.76107036790276,0,[]
20250720_235458_282,23,14,14,-26.1,19.76107036790276,0.09216809272766113,0.004289388656616211,14,14,YOLO,1,32,0,19.76107036790276,0,[]
20250720_235458_381,23,14,14,-26.1,19.76107036790276,0.09307503700256348,0.004269838333129883,14,14,YOLO,1,32,0,19.76107036790276,0,[]
20250720_235458_482,23,14,14,-26.1,19.76107036790276,0.09647941589355469,0.0042994022369384766,14,14,YOLO,1,32,0,19.76107036790276,0,[]
20250720_235458_586,23,14,14,-26.1,19.76107036790276,0.09002399444580078,0.004225015640258789,14,14,YOLO,1,32,0,19.76107036790276,0,[]
20250720_235458_683,23,14,14,-26.1,19.76107036790276,0.09281015396118164,0.004452228546142578,14,14,YOLO,1,32,0,19.76107036790276,0,[]
20250720_235458_783,23,14,14,-26.1,19.76107036790276,0.09035372734069824,0.004349946975708008,14,14,YOLO,1,32,0,19.76107036790276,0,[]
20250720_235458_880,23,14,14,-26.1,19.76107036790276,0.09563755989074707,0.004495859146118164,14,14,YOLO,1,32,0,19.76107036790276,0,[]
20250720_235458_983,23,14,14,-26.1,19.76107036790276,0.09314870834350586,0.004457950592041016,14,14,YOLO,1,32,0,19.76107036790276,0,[]
20250720_235459_084,23,14,14,-26.1,19.76107036790276,0.09279227256774902,0.0045468807220458984,14,14,YOLO,1,32,0,19.76107036790276,0,[]
20250720_235459_185,23,14,14,-26.1,19.76107036790276,0.08785104751586914,0.00407862663269043,14,14,YOLO,1,32,0,19.76107036790276,0,[]
20250720_235459_278,23,14,14,-26.1,19.76107036790276,0.0984954833984375,0.0043103694915771484,14,14,YOLO,1,32,0,19.76107036790276,0,[]
20250720_235459_384,23,14,14,-26.1,19.76107036790276,0.09905838966369629,0.004284858703613281,14,14,YOLO,1,32,0,19.76107036790276,0,[]
20250720_235459_490,23,14,14,-26.1,19.76107036790276,0.09402036666870117,0.004421710968017578,14,14,YOLO,1,32,0,19.76107036790276,0,[]
20250720_235459_592,23,14,14,-26.1,19.76107036790276,0.0933835506439209,0.0043718814849853516,14,14,YOLO,1,32,0,19.76107036790276,0,[]
20250720_235459_692,23,14,14,-26.1,19.76107036790276,0.09685683250427246,0.004325389862060547,14,14,YOLO,1,32,0,19.76107036790276,0,[]
20250720_235459_797,23,14,14,-26.1,19.76107036790276,0.09029793739318848,0.0042879581451416016,14,14,YOLO,1,32,0,19.76107036790276,0,[]
20250720_235459_895,23,14,14,-26.1,19.76107036790276,0.09554648399353027,0.004428386688232422,14,14,YOLO,1,32,0,19.76107036790276,0,[]
20250720_235459_998,23,14,14,-26.1,19.76107036790276,0.08825469017028809,0.00424957275390625,14,14,YOLO,1,32,0,19.76107036790276,0,[]
20250720_235500_093,23,14,14,-26.1,19.76107036790276,0.08752632141113281,0.004425048828125,14,14,YOLO,1,32,0,19.76107036790276,0,[]
20250720_235500_189,23,14,14,-26.1,19.76107036790276,0.0901021957397461,0.0043468475341796875,14,14,YOLO,1,32,0,19.76107036790276,0,[]
20250720_235500_286,23,14,14,-26.1,19.76107036790276,0.09813475608825684,0.004837989807128906,14,14,YOLO,1,32,0,19.76107036790276,0,[]
20250720_235500_392,23,14,14,-26.1,19.76107036790276,0.08687996864318848,0.004298686981201172,14,14,YOLO,1,32,0,19.76107036790276,0,[]
20250720_235500_487,23,14,14,-26.1,19.76107036790276,0.09983706474304199,0.0039179325103759766,14,14,YOLO,1,32,0,19.76107036790276,0,[]
20250720_235500_593,23,14,14,-26.1,19.76107036790276,0.0984487533569336,0.0042760372161865234,14,14,YOLO,1,32,0,19.76107036790276,0,[]
20250720_235500_699,23,14,14,-26.1,19.76107036790276,0.10275697708129883,0.0049784183502197266,14,14,YOLO,1,32,0,19.76107036790276,0,[]
20250720_235500_810,23,14,14,-26.1,19.76107036790276,0.08990931510925293,0.004355907440185547,14,14,YOLO,1,32,0,19.76107036790276,0,[]
20250720_235500_908,23,14,14,-26.1,19.76107036790276,0.09450268745422363,0.004319429397583008,14,14,YOLO,1,32,0,19.76107036790276,0,[]
20250720_235501_010,23,14,14,-26.1,19.76107036790276,0.09288430213928223,0.0043010711669921875,14,14,YOLO,1,32,0,19.76107036790276,0,[]
20250720_235501_110,23,14,14,-26.1,19.76107036790276,0.08980536460876465,0.0043201446533203125,14,14,YOLO,1,32,0,19.76107036790276,0,[]
20250720_235501_207,23,14,14,-26.1,19.76107036790276,0.08828306198120117,0.004103899002075195,14,14,YOLO,1,32,0,19.76107036790276,0,[]
20250720_235501_303,23,14,14,-26.1,19.76107036790276,0.09080147743225098,0.004420757293701172,14,14,YOLO,1,32,0,19.76107036790276,0,[]
20250720_235501_401,23,14,14,-26.1,19.76107036790276,0.09592700004577637,0.004515409469604492,14,14,YOLO,1,32,0,19.76107036790276,0,[]
20250720_235501_505,23,14,14,-26.1,19.76107036790276,0.09337806701660156,0.0039751529693603516,14,14,YOLO,1,32,0,19.76107036790276,0,[]
20250720_235501_605,24,14,14,-26.1,19.120982406018896,0.09335207939147949,0.0042705535888671875,14,14,YOLO,1,32,0,19.120982406018896,0,[]
20250720_235501_706,24,14,14,-26.1,19.120982406018896,0.08170866966247559,0.004271984100341797,14,14,YOLO,1,32,0,19.120982406018896,0,[]
20250720_235501_795,24,14,14,-26.1,19.120982406018896,0.09238815307617188,0.0044782161712646484,14,14,YOLO,1,32,0,19.120982406018896,0,[]
20250720_235501_895,24,13,13,-27.6,20.08976839885321,0.08762264251708984,0.00446009635925293,13,13,YOLO,1,32,0,20.08976839885321,0,[]
20250720_235501_990,24,14,14,-26.1,19.120982406018896,0.08941769599914551,0.0043141841888427734,14,14,YOLO,1,32,0,19.120982406018896,0,[]
20250720_235502_087,24,13,13,-27.6,20.08976839885321,0.10468101501464844,0.00432896614074707,13,13,YOLO,1,32,0,20.08976839885321,0,[]
20250720_235502_199,24,13,13,-27.6,20.08976839885321,0.10127830505371094,0.004349708557128906,13,13,YOLO,1,32,0,20.08976839885321,0,[]
20250720_235502_306,24,13,13,-27.6,20.08976839885321,0.08412694931030273,0.004294157028198242,13,13,YOLO,1,32,0,20.08976839885321,0,[]
20250720_235502_397,24,13,13,-27.6,20.08976839885321,0.09071969985961914,0.004034280776977539,13,13,YOLO,1,32,0,20.08976839885321,0,[]
20250720_235502_495,24,13,13,-27.6,20.08976839885321,0.09147930145263672,0.0042362213134765625,13,13,YOLO,1,32,0,20.08976839885321,0,[]
20250720_235502_594,24,13,13,-27.6,20.08976839885321,0.09284543991088867,0.0043888092041015625,13,13,YOLO,1,32,0,20.08976839885321,0,[]
20250720_235502_694,24,14,14,-26.1,19.120982406018896,0.10405755043029785,0.004358530044555664,14,14,YOLO,1,32,0,19.120982406018896,0,[]
20250720_235502_806,24,14,14,-26.1,19.120982406018896,0.09425950050354004,0.00408482551574707,14,14,YOLO,1,32,0,19.120982406018896,0,[]
20250720_235502_907,24,14,14,-26.1,19.120982406018896,0.08799910545349121,0.004249095916748047,14,14,YOLO,1,32,0,19.120982406018896,0,[]
20250720_235503_002,24,14,14,-26.1,19.120982406018896,0.09868025779724121,0.004290103912353516,14,14,YOLO,1,32,0,19.120982406018896,0,[]
20250720_235503_108,24,14,14,-26.1,19.120982406018896,0.09598803520202637,0.004319429397583008,14,14,YOLO,1,32,0,19.120982406018896,0,[]
20250720_235503_212,24,14,14,-26.1,19.120982406018896,0.09620809555053711,0.004319429397583008,14,14,YOLO,1,32,0,19.120982406018896,0,[]
20250720_235503_315,24,14,14,-26.1,19.120982406018896,0.09762310981750488,0.00413203239440918,14,14,YOLO,1,32,0,19.120982406018896,0,[]
20250720_235503_420,24,14,14,-26.1,19.120982406018896,0.09781932830810547,0.003940105438232422,14,14,YOLO,1,32,0,19.120982406018896,0,[]
20250720_235503_525,24,14,14,-26.1,19.120982406018896,0.09184622764587402,0.004312992095947266,14,14,YOLO,1,32,0,19.120982406018896,0,[]
20250720_235503_624,24,14,14,-26.1,19.120982406018896,0.08903861045837402,0.0043489933013916016,14,14,YOLO,1,32,0,19.120982406018896,0,[]
20250720_235503_720,24,14,14,-26.1,19.120982406018896,0.09149718284606934,0.0042645931243896484,14,14,YOLO,1,32,0,19.120982406018896,0,[]
20250720_235503_819,24,14,14,-26.1,19.120982406018896,0.09273600578308105,0.004233837127685547,14,14,YOLO,1,32,0,19.120982406018896,0,[]
20250720_235503_919,24,14,14,-26.1,19.120982406018896,0.0928494930267334,0.004251718521118164,14,14,YOLO,1,32,0,19.120982406018896,0,[]
20250720_235504_020,24,14,14,-26.1,19.120982406018896,0.0983428955078125,0.004304409027099609,14,14,YOLO,1,32,0,19.120982406018896,0,[]
20250720_235504_126,24,14,14,-26.1,19.120982406018896,0.09901785850524902,0.0041005611419677734,14,14,YOLO,1,32,0,19.120982406018896,0,[]
20250720_235504_232,24,14,14,-26.1,19.120982406018896,0.09032011032104492,0.004246950149536133,14,14,YOLO,1,32,0,19.120982406018896,0,[]
20250720_235504_329,24,14,14,-26.1,19.120982406018896,0.08944296836853027,0.004324913024902344,14,14,YOLO,1,32,0,19.120982406018896,0,[]
20250720_235504_426,24,14,14,-26.1,19.120982406018896,0.08491134643554688,0.004281044006347656,14,14,YOLO,1,32,0,19.120982406018896,0,[]
20250720_235504_519,24,14,14,-26.1,19.120982406018896,0.095062255859375,0.00435638427734375,14,14,YOLO,1,32,0,19.120982406018896,0,[]
20250720_235504_621,24,14,14,-26.1,19.120982406018896,0.0918886661529541,0.0043010711669921875,14,14,YOLO,1,32,0,19.120982406018896,0,[]
20250720_235504_720,24,14,14,-26.1,19.120982406018896,0.0921468734741211,0.004297733306884766,14,14,YOLO,1,32,0,19.120982406018896,0,[]
20250720_235504_820,24,14,14,-26.1,19.120982406018896,0.09089112281799316,0.004263401031494141,14,14,YOLO,1,32,0,19.120982406018896,0,[]
20250720_235504_918,24,14,14,-26.1,19.120982406018896,0.09563851356506348,0.0041637420654296875,14,14,YOLO,1,32,0,19.120982406018896,0,[]
20250720_235505_021,24,14,14,-26.1,19.120982406018896,0.09921479225158691,0.004365682601928711,14,14,YOLO,1,32,0,19.120982406018896,0,[]
20250720_235505_127,24,14,14,-26.1,19.120982406018896,0.09215283393859863,0.0043849945068359375,14,14,YOLO,1,32,0,19.120982406018896,0,[]
20250720_235505_227,24,14,14,-26.1,19.120982406018896,0.0909433364868164,0.003994941711425781,14,14,YOLO,1,32,0,19.120982406018896,0,[]
20250720_235505_324,24,14,14,-26.1,19.120982406018896,0.09243607521057129,0.003957271575927734,14,14,YOLO,1,32,0,19.120982406018896,0,[]
20250720_235505_424,24,13,13,-27.6,20.08976839885321,0.09003114700317383,0.004332304000854492,13,13,YOLO,1,32,0,20.08976839885321,0,[]
20250720_235505_520,24,14,14,-26.1,19.120982406018896,0.09106278419494629,0.0042760372161865234,14,14,YOLO,1,32,0,19.120982406018896,0,[]
20250720_235505_618,25,13,13,-27.6,20.0871994906648,0.0903477668762207,0.0043392181396484375,13,13,YOLO,1,32,0,20.0871994906648,0,[]
20250720_235505_716,25,NO_RADIO,13,-27.6,20.0871994906648,0.08133053779602051,0.004187107086181641,13,,CenterFallback,1,32,0,,,[]
20250720_235505_805,25,NO_RADIO,13,-27.6,20.0871994906648,0.094390869140625,0.00446629524230957,13,,CenterFallback,1,32,0,,,[]
20250720_235505_907,25,NO_RADIO,13,-27.6,20.0871994906648,0.08655118942260742,0.004337787628173828,13,,CenterFallback,1,32,0,,,[]
20250720_235506_001,25,NO_RADIO,13,-27.6,20.0871994906648,0.09564733505249023,0.004364490509033203,13,,CenterFallback,1,32,0,,,[]
20250720_235506_104,25,NO_RADIO,13,-27.6,20.0871994906648,0.09568119049072266,0.004330158233642578,13,,CenterFallback,1,32,0,,,[]
20250720_235506_207,25,NO_RADIO,13,-27.6,20.0871994906648,0.09457802772521973,0.004370212554931641,13,,CenterFallback,1,32,0,,,[]
20250720_235506_309,25,NO_RADIO,13,-27.6,20.0871994906648,0.09591865539550781,0.004462718963623047,13,,CenterFallback,1,32,0,,,[]
20250720_235506_411,25,NO_RADIO,13,-27.6,20.0871994906648,0.09499359130859375,0.004678964614868164,13,,CenterFallback,1,32,0,,,[]
20250720_235506_514,25,NO_RADIO,13,-27.6,20.0871994906648,0.08675646781921387,0.004400730133056641,13,,CenterFallback,1,32,0,,,[]
20250720_235506_608,25,NO_RADIO,13,-27.6,20.0871994906648,0.09148502349853516,0.00397491455078125,13,,CenterFallback,1,32,0,,,[]
20250720_235506_707,25,NO_RADIO,13,-27.6,20.0871994906648,0.08675384521484375,0.00444483757019043,13,,CenterFallback,1,32,0,,,[]
20250720_235506_801,25,NO_RADIO,13,-27.6,20.0871994906648,0.0958261489868164,0.004437446594238281,13,,CenterFallback,1,32,0,,,[]
20250720_235506_904,25,NO_RADIO,13,-27.6,20.0871994906648,0.09309792518615723,0.00403904914855957,13,,CenterFallback,1,32,0,,,[]
20250720_235507_005,25,NO_RADIO,13,-27.6,20.0871994906648,0.0907752513885498,0.0044002532958984375,13,,CenterFallback,1,32,0,,,[]
20250720_235507_103,25,NO_RADIO,13,-27.6,20.0871994906648,0.08693814277648926,0.004777431488037109,13,,CenterFallback,1,32,0,,,[]
20250720_235507_198,25,NO_RADIO,13,-27.6,20.0871994906648,0.09497380256652832,0.004271745681762695,13,,CenterFallback,1,32,0,,,[]
20250720_235507_300,25,NO_RADIO,13,-27.6,20.0871994906648,0.09618926048278809,0.003950595855712891,13,,CenterFallback,1,32,0,,,[]
20250720_235507_403,25,NO_RADIO,13,-27.6,20.0871994906648,0.09717202186584473,0.004396200180053711,13,,CenterFallback,1,32,0,,,[]
20250720_235507_507,25,NO_RADIO,13,-27.6,20.0871994906648,0.09125256538391113,0.004088640213012695,13,,CenterFallback,1,32,0,,,[]
20250720_235507_606,25,NO_RADIO,13,-27.6,20.0871994906648,0.09628987312316895,0.00433659553527832,13,,CenterFallback,1,32,0,,,[]
20250720_235507_709,25,NO_RADIO,13,-27.6,20.0871994906648,0.08341550827026367,0.0044171810150146484,13,,CenterFallback,1,32,0,,,[]
20250720_235507_800,25,NO_RADIO,13,-27.6,20.0871994906648,0.08665108680725098,0.004266500473022461,13,,CenterFallback,1,32,0,,,[]
20250720_235507_894,25,NO_RADIO,13,-27.6,20.0871994906648,0.08626246452331543,0.004344463348388672,13,,CenterFallback,1,32,0,,,[]
20250720_235507_987,25,NO_RADIO,13,-27.6,20.0871994906648,0.09819483757019043,0.004266262054443359,13,,CenterFallback,1,32,0,,,[]
20250720_235508_093,25,NO_RADIO,13,-27.6,20.0871994906648,0.09537243843078613,0.004291534423828125,13,,CenterFallback,1,32,0,,,[]
20250720_235508_195,25,NO_RADIO,13,-27.6,20.0871994906648,0.09476304054260254,0.003683328628540039,13,,CenterFallback,1,32,0,,,[]
20250720_235508_297,25,NO_RADIO,13,-27.6,20.0871994906648,0.0862278938293457,0.004521608352661133,13,,CenterFallback,1,32,0,,,[]
20250720_235508_390,25,NO_RADIO,13,-27.6,20.0871994906648,0.08958029747009277,0.0035889148712158203,13,,CenterFallback,1,32,0,,,[]
20250720_235508_486,25,NO_RADIO,13,-27.6,20.0871994906648,0.09562516212463379,0.004202365875244141,13,,CenterFallback,1,32,0,,,[]
20250720_235508_589,25,NO_RADIO,13,-27.6,20.0871994906648,0.09088277816772461,0.004392862319946289,13,,CenterFallback,1,32,0,,,[]
20250720_235508_688,25,NO_RADIO,13,-27.6,20.0871994906648,0.09402275085449219,0.004701852798461914,13,,CenterFallback,1,32,0,,,[]
20250720_235508_790,25,13,13,-27.6,20.0871994906648,0.10292887687683105,0.004010915756225586,13,13,YOLO,1,32,0,20.0871994906648,0,[]
20250720_235508_899,25,NO_RADIO,13,-27.6,20.0871994906648,0.09932494163513184,0.004328489303588867,13,,CenterFallback,1,32,0,,,[]
20250720_235509_005,25,NO_RADIO,13,-27.6,20.0871994906648,0.09543037414550781,0.004323005676269531,13,,CenterFallback,1,32,0,,,[]
20250720_235509_108,25,NO_RADIO,13,-27.6,20.0871994906648,0.10031414031982422,0.004389286041259766,13,,CenterFallback,1,32,0,,,[]
20250720_235509_216,25,13,13,-27.6,20.0871994906648,0.12873578071594238,0.004760265350341797,13,13,YOLO,1,32,0,20.0871994906648,0,[]
20250720_235509_353,25,13,13,-27.6,20.0871994906648,0.09233808517456055,0.004334211349487305,13,13,YOLO,1,32,0,20.0871994906648,0,[]
20250720_235509_453,25,NO_RADIO,13,-27.6,20.0871994906648,0.08896827697753906,0.0043566226959228516,13,,CenterFallback,1,32,0,,,[]
20250720_235509_549,26,NO_RADIO,13,-27.6,17.95018005270552,0.09256196022033691,0.0020780563354492188,13,,CenterFallback,1,32,0,,,[]
20250720_235509_645,26,NO_RADIO,13,-27.6,17.95018005270552,0.0910344123840332,0.0043795108795166016,13,,CenterFallback,1,32,0,,,[]
20250720_235509_744,26,NO_RADIO,13,-27.6,17.95018005270552,0.08148908615112305,0.0044171810150146484,13,,CenterFallback,1,32,0,,,[]
20250720_235509_832,26,NO_RADIO,13,-27.6,17.95018005270552,0.08339428901672363,0.004536151885986328,13,,CenterFallback,1,32,0,,,[]
20250720_235509_924,26,NO_RADIO,13,-27.6,17.95018005270552,0.09200644493103027,0.004534721374511719,13,,CenterFallback,1,32,0,,,[]
20250720_235510_023,26,NO_RADIO,13,-27.6,17.95018005270552,0.08927130699157715,0.0044901371002197266,13,,CenterFallback,1,32,0,,,[]
20250720_235510_120,26,NO_RADIO,13,-27.6,17.95018005270552,0.09595942497253418,0.00451350212097168,13,,CenterFallback,1,32,0,,,[]
20250720_235510_224,26,NO_RADIO,13,-27.6,17.95018005270552,0.09562420845031738,0.004305601119995117,13,,CenterFallback,1,32,0,,,[]
20250720_235510_327,26,NO_RADIO,13,-27.6,17.95018005270552,0.09900426864624023,0.004494905471801758,13,,CenterFallback,1,32,0,,,[]
20250720_235510_433,26,NO_RADIO,13,-27.6,17.95018005270552,0.09664154052734375,0.004337310791015625,13,,CenterFallback,1,32,0,,,[]
20250720_235510_538,26,NO_RADIO,13,-27.6,17.95018005270552,0.09566712379455566,0.004384756088256836,13,,CenterFallback,1,32,0,,,[]
20250720_235510_641,26,NO_RADIO,13,-27.6,17.95018005270552,0.09603285789489746,0.004397869110107422,13,,CenterFallback,1,32,0,,,[]
20250720_235510_744,26,NO_RADIO,13,-27.6,17.95018005270552,0.09488606452941895,0.0043222904205322266,13,,CenterFallback,1,32,0,,,[]
20250720_235510_847,26,NO_RADIO,13,-27.6,17.95018005270552,0.09599685668945312,0.00402069091796875,13,,CenterFallback,1,32,0,,,[]
20250720_235510_949,26,NO_RADIO,13,-27.6,17.95018005270552,0.09410643577575684,0.0043680667877197266,13,,CenterFallback,1,32,0,,,[]
20250720_235511_051,26,NO_RADIO,13,-27.6,17.95018005270552,0.08944225311279297,0.004405975341796875,13,,CenterFallback,1,32,0,,,[]
20250720_235511_148,26,NO_RADIO,13,-27.6,17.95018005270552,0.09141039848327637,0.003960847854614258,13,,CenterFallback,1,32,0,,,[]
20250720_235511_244,26,NO_RADIO,13,-27.6,17.95018005270552,0.09046077728271484,0.004350185394287109,13,,CenterFallback,1,32,0,,,[]
20250720_235511_342,26,NO_RADIO,13,-27.6,17.95018005270552,0.09119057655334473,0.004378795623779297,13,,CenterFallback,1,32,0,,,[]
20250720_235511_441,26,NO_RADIO,13,-27.6,17.95018005270552,0.09482049942016602,0.0044002532958984375,13,,CenterFallback,1,32,0,,,[]
20250720_235511_543,26,NO_RADIO,13,-27.6,17.95018005270552,0.1049959659576416,0.004017353057861328,13,,CenterFallback,1,32,0,,,[]
20250720_235511_655,26,NO_RADIO,13,-27.6,17.95018005270552,0.0937192440032959,0.00433659553527832,13,,CenterFallback,1,32,0,,,[]
20250720_235511_756,26,NO_RADIO,13,-27.6,17.95018005270552,0.09880733489990234,0.004364967346191406,13,,CenterFallback,1,32,0,,,[]
20250720_235511_862,26,NO_RADIO,13,-27.6,17.95018005270552,0.08853697776794434,0.004235982894897461,13,,CenterFallback,1,32,0,,,[]
20250720_235511_958,26,NO_RADIO,13,-27.6,17.95018005270552,0.09481239318847656,0.004317045211791992,13,,CenterFallback,1,32,0,,,[]
20250720_235512_060,26,NO_RADIO,13,-27.6,17.95018005270552,0.08885526657104492,0.003962993621826172,13,,CenterFallback,1,32,0,,,[]
20250720_235512_155,26,NO_RADIO,13,-27.6,17.95018005270552,0.08648300170898438,0.003960371017456055,13,,CenterFallback,1,32,0,,,[]
20250720_235512_249,26,NO_RADIO,13,-27.6,17.95018005270552,0.08861851692199707,0.004214048385620117,13,,CenterFallback,1,32,0,,,[]
20250720_235512_345,26,NO_RADIO,13,-27.6,17.95018005270552,0.08483433723449707,0.0039865970611572266,13,,CenterFallback,1,32,0,,,[]
20250720_235512_436,26,NO_RADIO,13,-27.6,17.95018005270552,0.09819889068603516,0.00437617301940918,13,,CenterFallback,1,32,0,,,[]
20250720_235512_542,26,NO_RADIO,13,-27.6,17.95018005270552,0.09696459770202637,0.004512786865234375,13,,CenterFallback,1,32,0,,,[]
20250720_235512_646,26,NO_RADIO,13,-27.6,17.95018005270552,0.0968778133392334,0.004293680191040039,13,,CenterFallback,1,32,0,,,[]
20250720_235512_751,26,NO_RADIO,13,-27.6,17.95018005270552,0.0993051528930664,0.004250764846801758,13,,CenterFallback,1,32,0,,,[]
20250720_235512_857,26,NO_RADIO,13,-27.6,17.95018005270552,0.10028839111328125,0.0043752193450927734,13,,CenterFallback,1,32,0,,,[]
20250720_235512_965,26,NO_RADIO,13,-27.6,17.95018005270552,0.09241795539855957,0.004319429397583008,13,,CenterFallback,1,32,0,,,[]
20250720_235513_065,26,NO_RADIO,13,-27.6,17.95018005270552,0.08373117446899414,0.0043239593505859375,13,,CenterFallback,1,32,0,,,[]
20250720_235513_156,26,NO_RADIO,13,-27.6,17.95018005270552,0.07335543632507324,0.0020143985748291016,13,,CenterFallback,1,32,0,,,[]
20250720_235513_233,26,NO_RADIO,13,-27.6,17.95018005270552,0.09127235412597656,0.004071474075317383,13,,CenterFallback,1,32,0,,,[]
20250720_235513_331,26,NO_RADIO,13,-27.6,17.95018005270552,0.09088253974914551,0.0042493343353271484,13,,CenterFallback,1,32,0,,,[]
20250720_235513_429,26,NO_RADIO,13,-27.6,17.95018005270552,0.09034109115600586,0.004220008850097656,13,,CenterFallback,1,32,0,,,[]
20250720_235513_526,26,NO_RADIO,13,-27.6,17.95018005270552,0.09169268608093262,0.004305362701416016,13,,CenterFallback,1,32,0,,,[]
20250720_235513_626,27,NO_RADIO,13,-27.6,16.074594312121434,0.09765625,0.0043184757232666016,13,,CenterFallback,1,32,0,,,[]
20250720_235513_731,27,NO_RADIO,13,-27.6,16.074594312121434,0.08936285972595215,0.004658699035644531,13,,CenterFallback,1,32,0,,,[]
20250720_235513_828,27,NO_RADIO,13,-27.6,16.074594312121434,0.09190917015075684,0.0021257400512695312,13,,CenterFallback,1,32,0,,,[]
20250720_235513_923,27,NO_RADIO,13,-27.6,16.074594312121434,0.09269976615905762,0.004397153854370117,13,,CenterFallback,1,32,0,,,[]
20250720_235514_021,27,NO_RADIO,13,-27.6,16.074594312121434,0.08919596672058105,0.004359245300292969,13,,CenterFallback,1,32,0,,,[]
20250720_235514_118,27,NO_RADIO,13,-27.6,16.074594312121434,0.08527469635009766,0.004289150238037109,13,,CenterFallback,1,32,0,,,[]
20250720_235514_211,27,NO_RADIO,13,-27.6,16.074594312121434,0.08874702453613281,0.00434422492980957,13,,CenterFallback,1,32,0,,,[]
20250720_235514_307,27,NO_RADIO,13,-27.6,16.074594312121434,0.09171485900878906,0.0040814876556396484,13,,CenterFallback,1,32,0,,,[]
20250720_235514_406,27,NO_RADIO,13,-27.6,16.074594312121434,0.09048199653625488,0.0042841434478759766,13,,CenterFallback,1,32,0,,,[]
20250720_235514_503,27,NO_RADIO,13,-27.6,16.074594312121434,0.0870506763458252,0.004364490509033203,13,,CenterFallback,1,32,0,,,[]
20250720_235514_598,27,NO_RADIO,13,-27.6,16.074594312121434,0.0942845344543457,0.0020513534545898438,13,,CenterFallback,1,32,0,,,[]
20250720_235514_695,27,NO_RADIO,13,-27.6,16.074594312121434,0.09258079528808594,0.002190113067626953,13,,CenterFallback,1,32,0,,,[]
20250720_235514_791,27,NO_RADIO,13,-27.6,16.074594312121434,0.09297728538513184,0.0024957656860351562,13,,CenterFallback,1,32,0,,,[]
20250720_235514_889,27,NO_RADIO,13,-27.6,16.074594312121434,0.08115053176879883,0.002500295639038086,13,,CenterFallback,1,32,0,,,[]
20250720_235514_974,27,NO_RADIO,13,-27.6,16.074594312121434,0.09595012664794922,0.0020198822021484375,13,,CenterFallback,1,32,0,,,[]
20250720_235515_073,27,NO_RADIO,13,-27.6,16.074594312121434,0.07950425148010254,0.0020470619201660156,13,,CenterFallback,1,32,0,,,[]
20250720_235515_156,27,NO_RADIO,13,-27.6,16.074594312121434,0.10088276863098145,0.002036571502685547,13,,CenterFallback,1,32,0,,,[]
20250720_235515_260,27,NO_RADIO,13,-27.6,16.074594312121434,0.0825810432434082,0.0020368099212646484,13,,CenterFallback,1,32,0,,,[]
20250720_235515_346,27,NO_RADIO,13,-27.6,16.074594312121434,0.08852100372314453,0.0021207332611083984,13,,CenterFallback,1,32,0,,,[]
20250720_235515_438,27,NO_RADIO,13,-27.6,16.074594312121434,0.08210062980651855,0.0020554065704345703,13,,CenterFallback,1,32,0,,,[]
20250720_235515_523,27,NO_RADIO,13,-27.6,16.074594312121434,0.0842750072479248,0.0020537376403808594,13,,CenterFallback,1,32,0,,,[]
20250720_235515_611,27,NO_RADIO,13,-27.6,16.074594312121434,0.0886080265045166,0.0021131038665771484,13,,CenterFallback,1,32,0,,,[]
20250720_235515_703,27,NO_RADIO,13,-27.6,16.074594312121434,0.09409189224243164,0.002031087875366211,13,,CenterFallback,1,32,0,,,[]
20250720_235515_800,27,NO_RADIO,13,-27.6,16.074594312121434,0.09078049659729004,0.002631664276123047,13,,CenterFallback,1,32,0,,,[]
20250720_235515_895,27,NO_RADIO,13,-27.6,16.074594312121434,0.08998918533325195,0.0020961761474609375,13,,CenterFallback,1,32,0,,,[]
20250720_235515_988,27,NO_RADIO,13,-27.6,16.074594312121434,0.08883476257324219,0.0022726058959960938,13,,CenterFallback,1,32,0,,,[]
20250720_235516_080,27,NO_RADIO,13,-27.6,16.074594312121434,0.09950566291809082,0.0040438175201416016,13,,CenterFallback,1,32,0,,,[]
20250720_235516_187,27,NO_RADIO,13,-27.6,16.074594312121434,0.08468747138977051,0.004350185394287109,13,,CenterFallback,1,32,0,,,[]
20250720_235516_279,27,NO_RADIO,13,-27.6,16.074594312121434,0.09388995170593262,0.0043141841888427734,13,,CenterFallback,1,32,0,,,[]
20250720_235516_380,27,NO_RADIO,13,-27.6,16.074594312121434,0.08772087097167969,0.004340648651123047,13,,CenterFallback,1,32,0,,,[]
20250720_235516_475,27,NO_RADIO,13,-27.6,16.074594312121434,0.08967041969299316,0.004618406295776367,13,,CenterFallback,1,32,0,,,[]
20250720_235516_573,27,NO_RADIO,13,-27.6,16.074594312121434,0.0897672176361084,0.004468441009521484,13,,CenterFallback,1,32,0,,,[]
20250720_235516_670,27,NO_RADIO,13,-27.6,16.074594312121434,0.0872349739074707,0.004414558410644531,13,,CenterFallback,1,32,0,,,[]
20250720_235516_765,27,NO_RADIO,13,-27.6,16.074594312121434,0.09515500068664551,0.004355907440185547,13,,CenterFallback,1,32,0,,,[]
20250720_235516_867,27,NO_RADIO,13,-27.6,16.074594312121434,0.09604454040527344,0.004182100296020508,13,,CenterFallback,1,32,0,,,[]
20250720_235516_971,27,NO_RADIO,13,-27.6,16.074594312121434,0.09503889083862305,0.0022208690643310547,13,,CenterFallback,1,32,0,,,[]
20250720_235517_069,27,NO_RADIO,13,-27.6,16.074594312121434,0.09873604774475098,0.0020339488983154297,13,,CenterFallback,1,32,0,,,[]
20250720_235517_171,27,NO_RADIO,13,-27.6,16.074594312121434,0.08716845512390137,0.002182483673095703,13,,CenterFallback,1,32,0,,,[]
20250720_235517_262,27,NO_RADIO,13,-27.6,16.074594312121434,0.09090018272399902,0.002096414566040039,13,,CenterFallback,1,32,0,,,[]
20250720_235517_356,27,NO_RADIO,13,-27.6,16.074594312121434,0.08919262886047363,0.002170562744140625,13,,CenterFallback,1,32,0,,,[]
20250720_235517_449,27,NO_RADIO,13,-27.6,16.074594312121434,0.086761474609375,0.002100706100463867,13,,CenterFallback,1,32,0,,,[]
20250720_235517_539,28,NO_RADIO,13,-27.6,18.30731773576873,0.0968782901763916,0.0020542144775390625,13,,CenterFallback,1,32,0,,,[]
20250720_235517_639,28,NO_RADIO,13,-27.6,18.30731773576873,0.0840604305267334,0.0039865970611572266,13,,CenterFallback,1,32,0,,,[]
20250720_235517_730,28,NO_RADIO,13,-27.6,18.30731773576873,0.09207820892333984,0.00456690788269043,13,,CenterFallback,1,32,0,,,[]
20250720_235517_830,28,NO_RADIO,13,-27.6,18.30731773576873,0.08947062492370605,0.0026702880859375,13,,CenterFallback,1,32,0,,,[]
20250720_235517_924,28,NO_RADIO,13,-27.6,18.30731773576873,0.099365234375,0.004238128662109375,13,,CenterFallback,1,32,0,,,[]
20250720_235518_030,28,NO_RADIO,13,-27.6,18.30731773576873,0.09610247611999512,0.004323244094848633,13,,CenterFallback,1,32,0,,,[]
20250720_235518_134,28,NO_RADIO,13,-27.6,18.30731773576873,0.09732866287231445,0.004263877868652344,13,,CenterFallback,1,32,0,,,[]
20250720_235518_239,28,NO_RADIO,13,-27.6,18.30731773576873,0.09366917610168457,0.004348039627075195,13,,CenterFallback,1,32,0,,,[]
20250720_235518_340,28,NO_RADIO,13,-27.6,18.30731773576873,0.09278631210327148,0.004332304000854492,13,,CenterFallback,1,32,0,,,[]
20250720_235518_440,28,NO_RADIO,13,-27.6,18.30731773576873,0.09209012985229492,0.004326820373535156,13,,CenterFallback,1,32,0,,,[]
20250720_235518_539,28,NO_RADIO,13,-27.6,18.30731773576873,0.09411144256591797,0.004318714141845703,13,,CenterFallback,1,32,0,,,[]
20250720_235518_641,28,NO_RADIO,13,-27.6,18.30731773576873,0.08854317665100098,0.0042917728424072266,13,,CenterFallback,1,32,0,,,[]
20250720_235518_737,28,NO_RADIO,13,-27.6,18.30731773576873,0.09157514572143555,0.0043811798095703125,13,,CenterFallback,1,32,0,,,[]
20250720_235518_836,28,NO_RADIO,13,-27.6,18.30731773576873,0.09484624862670898,0.0040509700775146484,13,,CenterFallback,1,32,0,,,[]
20250720_235518_937,28,NO_RADIO,13,-27.6,18.30731773576873,0.09577322006225586,0.004336118698120117,13,,CenterFallback,1,32,0,,,[]
20250720_235519_040,28,NO_RADIO,13,-27.6,18.30731773576873,0.09297060966491699,0.004343509674072266,13,,CenterFallback,1,32,0,,,[]
20250720_235519_140,28,NO_RADIO,13,-27.6,18.30731773576873,0.0962209701538086,0.004391193389892578,13,,CenterFallback,1,32,0,,,[]
20250720_235519_244,28,NO_RADIO,13,-27.6,18.30731773576873,0.09705018997192383,0.004355669021606445,13,,CenterFallback,1,32,0,,,[]
20250720_235519_348,28,NO_RADIO,13,-27.6,18.30731773576873,0.08855128288269043,0.004377841949462891,13,,CenterFallback,1,32,0,,,[]
20250720_235519_444,28,NO_RADIO,13,-27.6,18.30731773576873,0.08917045593261719,0.0036704540252685547,13,,CenterFallback,1,32,0,,,[]
20250720_235519_540,28,NO_RADIO,13,-27.6,18.30731773576873,0.07960844039916992,0.0042743682861328125,13,,CenterFallback,1,32,0,,,[]
20250720_235519_627,28,NO_RADIO,13,-27.6,18.30731773576873,0.0894021987915039,0.004443645477294922,13,,CenterFallback,1,32,0,,,[]
20250720_235519_724,28,NO_RADIO,13,-27.6,18.30731773576873,0.08347415924072266,0.004341840744018555,13,,CenterFallback,1,32,0,,,[]
20250720_235519_814,28,NO_RADIO,13,-27.6,18.30731773576873,0.08911633491516113,0.004275798797607422,13,,CenterFallback,1,32,0,,,[]
20250720_235519_909,28,NO_RADIO,13,-27.6,18.30731773576873,0.08432555198669434,0.0043621063232421875,13,,CenterFallback,1,32,0,,,[]
20250720_235520_001,28,NO_RADIO,13,-27.6,18.30731773576873,0.0909574031829834,0.0042455196380615234,13,,CenterFallback,1,32,0,,,[]
20250720_235520_099,28,NO_RADIO,13,-27.6,18.30731773576873,0.09049344062805176,0.004319190979003906,13,,CenterFallback,1,32,0,,,[]
20250720_235520_197,28,NO_RADIO,13,-27.6,18.30731773576873,0.0941627025604248,0.004090785980224609,13,,CenterFallback,1,32,0,,,[]
20250720_235520_298,28,NO_RADIO,13,-27.6,18.30731773576873,0.09536933898925781,0.004381656646728516,13,,CenterFallback,1,32,0,,,[]
20250720_235520_401,28,NO_RADIO,13,-27.6,18.30731773576873,0.09594535827636719,0.003721952438354492,13,,CenterFallback,1,32,0,,,[]
20250720_235520_503,28,NO_RADIO,13,-27.6,18.30731773576873,0.09512114524841309,0.004324913024902344,13,,CenterFallback,1,32,0,,,[]
20250720_235520_604,28,NO_RADIO,13,-27.6,18.30731773576873,0.09498071670532227,0.0042073726654052734,13,,CenterFallback,1,32,0,,,[]
20250720_235520_706,28,NO_RADIO,13,-27.6,18.30731773576873,0.09394311904907227,0.004362583160400391,13,,CenterFallback,1,32,0,,,[]
20250720_235520_808,28,NO_RADIO,13,-27.6,18.30731773576873,0.09547805786132812,0.004143238067626953,13,,CenterFallback,1,32,0,,,[]
20250720_235520_910,28,NO_RADIO,13,-27.6,18.30731773576873,0.0880126953125,0.0043485164642333984,13,,CenterFallback,1,32,0,,,[]
20250720_235521_005,28,NO_RADIO,13,-27.6,18.30731773576873,0.08943629264831543,0.004397392272949219,13,,CenterFallback,1,32,0,,,[]
20250720_235521_102,28,NO_RADIO,13,-27.6,18.30731773576873,0.08924484252929688,0.0045278072357177734,13,,CenterFallback,1,32,0,,,[]
20250720_235521_199,28,NO_RADIO,13,-27.6,18.30731773576873,0.0929574966430664,0.004210948944091797,13,,CenterFallback,1,32,0,,,[]
20250720_235521_299,28,NO_RADIO,13,-27.6,18.30731773576873,0.09372687339782715,0.0042269229888916016,13,,CenterFallback,1,32,0,,,[]
20250720_235521_400,28,NO_RADIO,13,-27.6,18.30731773576873,0.0853426456451416,0.004062652587890625,13,,CenterFallback,1,32,0,,,[]
20250720_235521_493,28,NO_RADIO,13,-27.6,18.30731773576873,0.09003472328186035,0.004061698913574219,13,,CenterFallback,1,32,0,,,[]
20250720_235521_589,29,NO_RADIO,13,-27.6,13.266963620425583,0.08221006393432617,0.004647016525268555,13,,CenterFallback,1,32,0,,,[]
20250720_235521_680,29,NO_RADIO,13,-27.6,13.266963620425583,0.10295271873474121,0.004388093948364258,13,,CenterFallback,1,32,0,,,[]
20250720_235521_790,29,NO_RADIO,13,-27.6,13.266963620425583,0.09455633163452148,0.004194736480712891,13,,CenterFallback,1,32,0,,,[]
20250720_235521_892,29,NO_RADIO,13,-27.6,13.266963620425583,0.0979776382446289,0.004355907440185547,13,,CenterFallback,1,32,0,,,[]
20250720_235521_998,29,NO_RADIO,13,-27.6,13.266963620425583,0.09357571601867676,0.004164457321166992,13,,CenterFallback,1,32,0,,,[]
20250720_235522_098,29,NO_RADIO,13,-27.6,13.266963620425583,0.10093379020690918,0.004269599914550781,13,,CenterFallback,1,32,0,,,[]
20250720_235522_207,29,NO_RADIO,13,-27.6,13.266963620425583,0.09462952613830566,0.004341602325439453,13,,CenterFallback,1,32,0,,,[]
20250720_235522_309,29,NO_RADIO,13,-27.6,13.266963620425583,0.09456777572631836,0.004083156585693359,13,,CenterFallback,1,32,0,,,[]
20250720_235522_411,29,NO_RADIO,13,-27.6,13.266963620425583,0.09502100944519043,0.004291534423828125,13,,CenterFallback,1,32,0,,,[]
20250720_235522_513,29,NO_RADIO,13,-27.6,13.266963620425583,0.09445023536682129,0.004332780838012695,13,,CenterFallback,1,32,0,,,[]
20250720_235522_615,29,NO_RADIO,13,-27.6,13.266963620425583,0.0936727523803711,0.003954410552978516,13,,CenterFallback,1,32,0,,,[]
20250720_235522_715,29,NO_RADIO,13,-27.6,13.266963620425583,0.09437012672424316,0.004591226577758789,13,,CenterFallback,1,32,0,,,[]
20250720_235522_817,29,NO_RADIO,13,-27.6,13.266963620425583,0.0867154598236084,0.0043675899505615234,13,,CenterFallback,1,32,0,,,[]
20250720_235522_911,29,NO_RADIO,13,-27.6,13.266963620425583,0.08669424057006836,0.004288434982299805,13,,CenterFallback,1,32,0,,,[]
20250720_235523_005,29,NO_RADIO,13,-27.6,13.266963620425583,0.09597420692443848,0.0043032169342041016,13,,CenterFallback,1,32,0,,,[]
20250720_235523_109,29,NO_RADIO,13,-27.6,13.266963620425583,0.09335041046142578,0.0043523311614990234,13,,CenterFallback,1,32,0,,,[]
20250720_235523_209,29,NO_RADIO,13,-27.6,13.266963620425583,0.09284019470214844,0.004346132278442383,13,,CenterFallback,1,32,0,,,[]
20250720_235523_310,29,NO_RADIO,13,-27.6,13.266963620425583,0.09363293647766113,0.004502058029174805,13,,CenterFallback,1,32,0,,,[]
20250720_235523_411,29,NO_RADIO,13,-27.6,13.266963620425583,0.08688974380493164,0.003960847854614258,13,,CenterFallback,1,32,0,,,[]
20250720_235523_505,29,NO_RADIO,13,-27.6,13.266963620425583,0.09067869186401367,0.004261016845703125,13,,CenterFallback,1,32,0,,,[]
20250720_235523_603,29,NO_RADIO,13,-27.6,13.266963620425583,0.08850574493408203,0.004228830337524414,13,,CenterFallback,1,32,0,,,[]
20250720_235523_698,29,NO_RADIO,13,-27.6,13.266963620425583,0.09943795204162598,0.004361867904663086,13,,CenterFallback,1,32,0,,,[]
20250720_235523_805,29,NO_RADIO,13,-27.6,13.266963620425583,0.09166550636291504,0.0039882659912109375,13,,CenterFallback,1,32,0,,,[]
20250720_235523_904,29,NO_RADIO,13,-27.6,13.266963620425583,0.09269261360168457,0.0043561458587646484,13,,CenterFallback,1,32,0,,,[]
20250720_235524_004,29,NO_RADIO,13,-27.6,13.266963620425583,0.09555864334106445,0.0040493011474609375,13,,CenterFallback,1,32,0,,,[]
20250720_235524_106,29,NO_RADIO,13,-27.6,13.266963620425583,0.0950613021850586,0.004369974136352539,13,,CenterFallback,1,32,0,,,[]
20250720_235524_209,29,NO_RADIO,13,-27.6,13.266963620425583,0.09619784355163574,0.0043942928314208984,13,,CenterFallback,1,32,0,,,[]
20250720_235524_313,29,NO_RADIO,13,-27.6,13.266963620425583,0.09172725677490234,0.003973722457885742,13,,CenterFallback,1,32,0,,,[]
20250720_235524_412,29,NO_RADIO,13,-27.6,13.266963620425583,0.11902737617492676,0.0043582916259765625,13,,CenterFallback,1,32,0,,,[]
20250720_235524_537,29,NO_RADIO,13,-27.6,13.266963620425583,0.09409594535827637,0.00411224365234375,13,,CenterFallback,1,32,0,,,[]
20250720_235524_638,29,NO_RADIO,13,-27.6,13.266963620425583,0.09416913986206055,0.004461050033569336,13,,CenterFallback,1,32,0,,,[]
20250720_235524_740,29,NO_RADIO,13,-27.6,13.266963620425583,0.09195542335510254,0.0043561458587646484,13,,CenterFallback,1,32,0,,,[]
20250720_235524_839,29,NO_RADIO,13,-27.6,13.266963620425583,0.08965706825256348,0.004736423492431641,13,,CenterFallback,1,32,0,,,[]
20250720_235524_938,29,NO_RADIO,13,-27.6,13.266963620425583,0.09177041053771973,0.0043506622314453125,13,,CenterFallback,1,32,0,,,[]
20250720_235525_037,29,NO_RADIO,13,-27.6,13.266963620425583,0.0903465747833252,0.0042078495025634766,13,,CenterFallback,1,32,0,,,[]
20250720_235525_134,29,NO_RADIO,13,-27.6,13.266963620425583,0.10154414176940918,0.0042552947998046875,13,,CenterFallback,1,32,0,,,[]
20250720_235525_243,29,NO_RADIO,13,-27.6,13.266963620425583,0.09012317657470703,0.0037386417388916016,13,,CenterFallback,1,32,0,,,[]
20250720_235525_340,29,NO_RADIO,13,-27.6,13.266963620425583,0.08249759674072266,0.004360675811767578,13,,CenterFallback,1,32,0,,,[]
20250720_235525_430,29,NO_RADIO,13,-27.6,13.266963620425583,0.1018824577331543,0.004399776458740234,13,,CenterFallback,1,32,0,,,[]
20250720_235525_539,30,NO_RADIO,13,-27.6,15.115129968583858,0.08946084976196289,0.00435185432434082,13,,CenterFallback,1,32,0,,,[]
20250720_235525_636,30,NO_RADIO,13,-27.6,15.115129968583858,0.08488202095031738,0.00397491455078125,13,,CenterFallback,1,32,0,,,[]
20250720_235525_728,30,NO_RADIO,13,-27.6,15.115129968583858,0.09308457374572754,0.004557609558105469,13,,CenterFallback,1,32,0,,,[]
20250720_235525_829,30,NO_RADIO,13,-27.6,15.115129968583858,0.0861210823059082,0.004231452941894531,13,,CenterFallback,1,32,0,,,[]
20250720_235525_922,30,NO_RADIO,13,-27.6,15.115129968583858,0.09626317024230957,0.004511117935180664,13,,CenterFallback,1,32,0,,,[]
20250720_235526_026,30,NO_RADIO,13,-27.6,15.115129968583858,0.09683370590209961,0.004361629486083984,13,,CenterFallback,1,32,0,,,[]
20250720_235526_131,30,NO_RADIO,13,-27.6,15.115129968583858,0.09364891052246094,0.004041433334350586,13,,CenterFallback,1,32,0,,,[]
20250720_235526_231,30,NO_RADIO,13,-27.6,15.115129968583858,0.08751273155212402,0.00433659553527832,13,,CenterFallback,1,32,0,,,[]
20250720_235526_326,30,NO_RADIO,13,-27.6,15.115129968583858,0.09819936752319336,0.003975868225097656,13,,CenterFallback,1,32,0,,,[]
20250720_235526_431,30,NO_RADIO,13,-27.6,15.115129968583858,0.08553957939147949,0.004379749298095703,13,,CenterFallback,1,32,0,,,[]
20250720_235526_524,30,NO_RADIO,13,-27.6,15.115129968583858,0.08137392997741699,0.004337787628173828,13,,CenterFallback,1,32,0,,,[]
20250720_235526_613,30,NO_RADIO,13,-27.6,15.115129968583858,0.0915992259979248,0.004343986511230469,13,,CenterFallback,1,32,0,,,[]
20250720_235526_712,30,NO_RADIO,13,-27.6,15.115129968583858,0.08850598335266113,0.0046460628509521484,13,,CenterFallback,1,32,0,,,[]
20250720_235526_808,30,NO_RADIO,13,-27.6,15.115129968583858,0.09487199783325195,0.0043582916259765625,13,,CenterFallback,1,32,0,,,[]
20250720_235526_911,30,NO_RADIO,13,-27.6,15.115129968583858,0.08562445640563965,0.004513740539550781,13,,CenterFallback,1,32,0,,,[]
20250720_235527_004,30,NO_RADIO,13,-27.6,15.115129968583858,0.08803677558898926,0.004430294036865234,13,,CenterFallback,1,32,0,,,[]
20250720_235527_099,30,NO_RADIO,13,-27.6,15.115129968583858,0.08682942390441895,0.004393339157104492,13,,CenterFallback,1,32,0,,,[]
20250720_235527_194,30,NO_RADIO,13,-27.6,15.115129968583858,0.09586405754089355,0.00432586669921875,13,,CenterFallback,1,32,0,,,[]
20250720_235527_297,30,NO_RADIO,13,-27.6,15.115129968583858,0.08780980110168457,0.004681587219238281,13,,CenterFallback,1,32,0,,,[]
20250720_235527_391,30,NO_RADIO,13,-27.6,15.115129968583858,0.0946800708770752,0.004362583160400391,13,,CenterFallback,1,32,0,,,[]
20250720_235527_493,30,NO_RADIO,13,-27.6,15.115129968583858,0.08831405639648438,0.004040241241455078,13,,CenterFallback,1,32,0,,,[]
20250720_235527_588,30,NO_RADIO,13,-27.6,15.115129968583858,0.08786129951477051,0.003976345062255859,13,,CenterFallback,1,32,0,,,[]
20250720_235527_683,30,NO_RADIO,13,-27.6,15.115129968583858,0.09241724014282227,0.004366397857666016,13,,CenterFallback,1,32,0,,,[]
20250720_235527_783,30,NO_RADIO,13,-27.6,15.115129968583858,0.09056472778320312,0.004361867904663086,13,,CenterFallback,1,32,0,,,[]
20250720_235527_881,30,NO_RADIO,13,-27.6,15.115129968583858,0.08781957626342773,0.0043370723724365234,13,,CenterFallback,1,32,0,,,[]
20250720_235527_976,30,NO_RADIO,13,-27.6,15.115129968583858,0.09590291976928711,0.004347562789916992,13,,CenterFallback,1,32,0,,,[]
20250720_235528_079,30,NO_RADIO,13,-27.6,15.115129968583858,0.08774662017822266,0.004355192184448242,13,,CenterFallback,1,32,0,,,[]
20250720_235528_175,30,NO_RADIO,13,-27.6,15.115129968583858,0.0953073501586914,0.004301786422729492,13,,CenterFallback,1,32,0,,,[]
20250720_235528_277,30,NO_RADIO,13,-27.6,15.115129968583858,0.08891773223876953,0.004132986068725586,13,,CenterFallback,1,32,0,,,[]
20250720_235528_372,30,NO_RADIO,13,-27.6,15.115129968583858,0.08756637573242188,0.003939390182495117,13,,CenterFallback,1,32,0,,,[]
20250720_235528_466,30,NO_RADIO,13,-27.6,15.115129968583858,0.09268045425415039,0.004492998123168945,13,,CenterFallback,1,32,0,,,[]
20250720_235528_566,30,NO_RADIO,13,-27.6,15.115129968583858,0.09423661231994629,0.004465818405151367,13,,CenterFallback,1,32,0,,,[]
20250720_235528_668,30,NO_RADIO,13,-27.6,15.115129968583858,0.09466171264648438,0.004383087158203125,13,,CenterFallback,1,32,0,,,[]
20250720_235528_770,30,NO_RADIO,13,-27.6,15.115129968583858,0.09662461280822754,0.004430532455444336,13,,CenterFallback,1,32,0,,,[]
20250720_235528_874,30,NO_RADIO,13,-27.6,15.115129968583858,0.09837961196899414,0.004353046417236328,13,,CenterFallback,1,32,0,,,[]
20250720_235528_980,30,NO_RADIO,13,-27.6,15.115129968583858,0.0955502986907959,0.004320621490478516,13,,CenterFallback,1,32,0,,,[]
20250720_235529_083,30,NO_RADIO,13,-27.6,15.115129968583858,0.10016870498657227,0.0043675899505615234,13,,CenterFallback,1,32,0,,,[]
20250720_235529_189,30,NO_RADIO,13,-27.6,15.115129968583858,0.09489893913269043,0.00435328483581543,13,,CenterFallback,1,32,0,,,[]
20250720_235529_291,30,NO_RADIO,13,-27.6,15.115129968583858,0.09768056869506836,0.004361152648925781,13,,CenterFallback,1,32,0,,,[]
20250720_235529_396,30,NO_RADIO,13,-27.6,15.115129968583858,0.09006714820861816,0.004423379898071289,13,,CenterFallback,1,32,0,,,[]
20250720_235529_494,30,NO_RADIO,13,-27.6,15.115129968583858,0.08706951141357422,0.004638195037841797,13,,CenterFallback,1,32,0,,,[]
20250720_235529_588,31,NO_RADIO,13,-27.6,10.425025161473812,0.0942850112915039,0.0043718814849853516,13,,CenterFallback,1,32,0,,,[]
20250720_235529_689,31,NO_RADIO,13,-27.6,10.425025161473812,0.08382678031921387,0.00429224967956543,13,,CenterFallback,1,32,0,,,[]
20250720_235529_780,31,NO_RADIO,13,-27.6,10.425025161473812,0.10191059112548828,0.004291534423828125,13,,CenterFallback,1,32,0,,,[]
20250720_235529_889,31,NO_RADIO,13,-27.6,10.425025161473812,0.08703041076660156,0.004160165786743164,13,,CenterFallback,1,32,0,,,[]
20250720_235529_983,31,NO_RADIO,13,-27.6,10.425025161473812,0.09486937522888184,0.003685474395751953,13,,CenterFallback,1,32,0,,,[]
20250720_235530_084,31,NO_RADIO,13,-27.6,10.425025161473812,0.09136652946472168,0.00404667854309082,13,,CenterFallback,1,32,0,,,[]
20250720_235530_183,31,NO_RADIO,13,-27.6,10.425025161473812,0.09298205375671387,0.0044744014739990234,13,,CenterFallback,1,32,0,,,[]
20250720_235530_284,31,NO_RADIO,13,-27.6,10.425025161473812,0.0885477066040039,0.004448890686035156,13,,CenterFallback,1,32,0,,,[]
20250720_235530_380,31,NO_RADIO,13,-27.6,10.425025161473812,0.08742499351501465,0.004340171813964844,13,,CenterFallback,1,32,0,,,[]
20250720_235530_475,31,NO_RADIO,13,-27.6,10.425025161473812,0.09258627891540527,0.0043561458587646484,13,,CenterFallback,1,32,0,,,[]
20250720_235530_575,31,NO_RADIO,13,-27.6,10.425025161473812,0.0861048698425293,0.0043392181396484375,13,,CenterFallback,1,32,0,,,[]
20250720_235530_668,31,NO_RADIO,13,-27.6,10.425025161473812,0.09840250015258789,0.0043718814849853516,13,,CenterFallback,1,32,0,,,[]
20250720_235530_774,31,NO_RADIO,13,-27.6,10.425025161473812,0.09254837036132812,0.004480838775634766,13,,CenterFallback,1,32,0,,,[]
20250720_235530_874,31,NO_RADIO,13,-27.6,10.425025161473812,0.09271407127380371,0.0045282840728759766,13,,CenterFallback,1,32,0,,,[]
20250720_235530_975,31,NO_RADIO,13,-27.6,10.425025161473812,0.08998227119445801,0.004380226135253906,13,,CenterFallback,1,32,0,,,[]
20250720_235531_072,31,NO_RADIO,13,-27.6,10.425025161473812,0.09197711944580078,0.004277944564819336,13,,CenterFallback,1,32,0,,,[]
20250720_235531_171,31,NO_RADIO,13,-27.6,10.425025161473812,0.0933985710144043,0.0042171478271484375,13,,CenterFallback,1,32,0,,,[]
20250720_235531_272,31,NO_RADIO,13,-27.6,10.425025161473812,0.09306669235229492,0.004324197769165039,13,,CenterFallback,1,32,0,,,[]
20250720_235531_372,31,NO_RADIO,13,-27.6,10.425025161473812,0.09322643280029297,0.0042877197265625,13,,CenterFallback,1,32,0,,,[]
20250720_235531_473,31,NO_RADIO,13,-27.6,10.425025161473812,0.0929877758026123,0.003965854644775391,13,,CenterFallback,1,32,0,,,[]
20250720_235531_572,31,NO_RADIO,13,-27.6,10.425025161473812,0.09682250022888184,0.004364728927612305,13,,CenterFallback,1,32,0,,,[]
20250720_235531_677,31,NO_RADIO,13,-27.6,10.425025161473812,0.09311151504516602,0.0043637752532958984,13,,CenterFallback,1,32,0,,,[]
20250720_235531_777,31,NO_RADIO,13,-27.6,10.425025161473812,0.09477925300598145,0.004428386688232422,13,,CenterFallback,1,32,0,,,[]
20250720_235531_880,31,NO_RADIO,13,-27.6,10.425025161473812,0.09070396423339844,0.004266977310180664,13,,CenterFallback,1,32,0,,,[]
20250720_235531_978,31,NO_RADIO,13,-27.6,10.425025161473812,0.09093403816223145,0.0043871402740478516,13,,CenterFallback,1,32,0,,,[]
20250720_235532_076,31,NO_RADIO,13,-27.6,10.425025161473812,0.09459328651428223,0.004356861114501953,13,,CenterFallback,1,32,0,,,[]
20250720_235532_178,31,NO_RADIO,13,-27.6,10.425025161473812,0.09567761421203613,0.004096269607543945,13,,CenterFallback,1,32,0,,,[]
20250720_235532_279,31,NO_RADIO,13,-27.6,10.425025161473812,0.09717059135437012,0.0044040679931640625,13,,CenterFallback,1,32,0,,,[]
20250720_235532_384,31,NO_RADIO,13,-27.6,10.425025161473812,0.0951087474822998,0.00439000129699707,13,,CenterFallback,1,32,0,,,[]
20250720_235532_487,31,NO_RADIO,13,-27.6,10.425025161473812,0.0975954532623291,0.003997087478637695,13,,CenterFallback,1,32,0,,,[]
20250720_235532_591,31,NO_RADIO,13,-27.6,10.425025161473812,0.09525132179260254,0.004317760467529297,13,,CenterFallback,1,32,0,,,[]
20250720_235532_694,31,NO_RADIO,13,-27.6,10.425025161473812,0.09596395492553711,0.0044689178466796875,13,,CenterFallback,1,32,0,,,[]
20250720_235532_797,31,NO_RADIO,13,-27.6,10.425025161473812,0.09955787658691406,0.0042302608489990234,13,,CenterFallback,1,32,0,,,[]
20250720_235532_904,31,NO_RADIO,13,-27.6,10.425025161473812,0.0978844165802002,0.004355907440185547,13,,CenterFallback,1,32,0,,,[]
20250720_235533_009,31,NO_RADIO,13,-27.6,10.425025161473812,0.09378790855407715,0.004397392272949219,13,,CenterFallback,1,32,0,,,[]
20250720_235533_110,31,NO_RADIO,13,-27.6,10.425025161473812,0.0957331657409668,0.004332542419433594,13,,CenterFallback,1,32,0,,,[]
20250720_235533_213,31,NO_RADIO,13,-27.6,10.425025161473812,0.09468984603881836,0.003987550735473633,13,,CenterFallback,1,32,0,,,[]
20250720_235533_315,31,NO_RADIO,13,-27.6,10.425025161473812,0.09792542457580566,0.004076719284057617,13,,CenterFallback,1,32,0,,,[]
20250720_235533_420,31,NO_RADIO,13,-27.6,10.425025161473812,0.09618639945983887,0.0044863224029541016,13,,CenterFallback,1,32,0,,,[]
20250720_235533_524,32,NO_RADIO,13,-27.6,12.496271397064293,0.09874725341796875,0.004346609115600586,13,,CenterFallback,1,32,0,,,[]
20250720_235533_630,32,NO_RADIO,13,-27.6,12.496271397064293,0.08422493934631348,0.003991365432739258,13,,CenterFallback,1,32,0,,,[]
20250720_235533_721,32,NO_RADIO,13,-27.6,12.496271397064293,0.08612871170043945,0.004312992095947266,13,,CenterFallback,1,32,0,,,[]
20250720_235533_815,32,NO_RADIO,13,-27.6,12.496271397064293,0.07876396179199219,0.004353046417236328,13,,CenterFallback,1,32,0,,,[]
20250720_235533_899,32,NO_RADIO,13,-27.6,12.496271397064293,0.08858013153076172,0.004279613494873047,13,,CenterFallback,1,32,0,,,[]
20250720_235533_995,32,NO_RADIO,13,-27.6,12.496271397064293,0.08332943916320801,0.0044705867767333984,13,,CenterFallback,1,32,0,,,[]
20250720_235534_086,32,NO_RADIO,13,-27.6,12.496271397064293,0.09999489784240723,0.004401683807373047,13,,CenterFallback,1,32,0,,,[]
20250720_235534_194,32,NO_RADIO,13,-27.6,12.496271397064293,0.09437298774719238,0.0043294429779052734,13,,CenterFallback,1,32,0,,,[]
20250720_235534_295,32,NO_RADIO,13,-27.6,12.496271397064293,0.10378050804138184,0.004065036773681641,13,,CenterFallback,1,32,0,,,[]
20250720_235534_406,32,NO_RADIO,13,-27.6,12.496271397064293,0.09260034561157227,0.004356861114501953,13,,CenterFallback,1,32,0,,,[]
20250720_235534_506,32,NO_RADIO,13,-27.6,12.496271397064293,0.09889507293701172,0.00439000129699707,13,,CenterFallback,1,32,0,,,[]
20250720_235534_612,32,NO_RADIO,13,-27.6,12.496271397064293,0.09197068214416504,0.0043582916259765625,13,,CenterFallback,1,32,0,,,[]
20250720_235534_712,32,NO_RADIO,13,-27.6,12.496271397064293,0.08607316017150879,0.004450559616088867,13,,CenterFallback,1,32,0,,,[]
20250720_235534_806,32,NO_RADIO,13,-27.6,12.496271397064293,0.08678126335144043,0.00441741943359375,13,,CenterFallback,1,32,0,,,[]
20250720_235534_900,32,NO_RADIO,13,-27.6,12.496271397064293,0.08659672737121582,0.004436016082763672,13,,CenterFallback,1,32,0,,,[]
20250720_235534_994,32,NO_RADIO,13,-27.6,12.496271397064293,0.09116005897521973,0.004342555999755859,13,,CenterFallback,1,32,0,,,[]
20250720_235535_093,32,NO_RADIO,13,-27.6,12.496271397064293,0.09003281593322754,0.0043332576751708984,13,,CenterFallback,1,32,0,,,[]
20250720_235535_190,32,NO_RADIO,13,-27.6,12.496271397064293,0.10184025764465332,0.004281520843505859,13,,CenterFallback,1,32,0,,,[]
20250720_235535_299,32,NO_RADIO,13,-27.6,12.496271397064293,0.09249520301818848,0.004182100296020508,13,,CenterFallback,1,32,0,,,[]
20250720_235535_399,32,NO_RADIO,13,-27.6,12.496271397064293,0.09577417373657227,0.0040056705474853516,13,,CenterFallback,1,32,0,,,[]
20250720_235535_502,32,NO_RADIO,13,-27.6,12.496271397064293,0.09628963470458984,0.004148006439208984,13,,CenterFallback,1,32,0,,,[]
20250720_235535_605,32,NO_RADIO,13,-27.6,12.496271397064293,0.10097026824951172,0.0044002532958984375,13,,CenterFallback,1,32,0,,,[]
20250720_235535_712,32,NO_RADIO,13,-27.6,12.496271397064293,0.08022522926330566,0.004426479339599609,13,,CenterFallback,1,32,0,,,[]
20250720_235535_800,32,NO_RADIO,13,-27.6,12.496271397064293,0.08966255187988281,0.004376411437988281,13,,CenterFallback,1,32,0,,,[]
20250720_235535_897,32,NO_RADIO,13,-27.6,12.496271397064293,0.08685493469238281,0.0041997432708740234,13,,CenterFallback,1,32,0,,,[]
20250720_235535_991,32,NO_RADIO,13,-27.6,12.496271397064293,0.08809447288513184,0.004284381866455078,13,,CenterFallback,1,32,0,,,[]
20250720_235536_087,32,NO_RADIO,13,-27.6,12.496271397064293,0.08784794807434082,0.0042765140533447266,13,,CenterFallback,1,32,0,,,[]
20250720_235536_182,32,NO_RADIO,13,-27.6,12.496271397064293,0.09271788597106934,0.004288434982299805,13,,CenterFallback,1,32,0,,,[]
20250720_235536_282,32,NO_RADIO,13,-27.6,12.496271397064293,0.08583402633666992,0.004362583160400391,13,,CenterFallback,1,32,0,,,[]
20250720_235536_375,32,NO_RADIO,13,-27.6,12.496271397064293,0.08884811401367188,0.004368782043457031,13,,CenterFallback,1,32,0,,,[]
20250720_235536_472,32,NO_RADIO,13,-27.6,12.496271397064293,0.08856725692749023,0.004590749740600586,13,,CenterFallback,1,32,0,,,[]
20250720_235536_568,32,NO_RADIO,13,-27.6,12.496271397064293,0.09250783920288086,0.0043451786041259766,13,,CenterFallback,1,32,0,,,[]
20250720_235536_668,32,NO_RADIO,13,-27.6,12.496271397064293,0.09167718887329102,0.004346132278442383,13,,CenterFallback,1,32,0,,,[]
20250720_235536_767,32,NO_RADIO,13,-27.6,12.496271397064293,0.09052371978759766,0.0044002532958984375,13,,CenterFallback,1,32,0,,,[]
20250720_235536_865,32,NO_RADIO,13,-27.6,12.496271397064293,0.08621931076049805,0.003993988037109375,13,,CenterFallback,1,32,0,,,[]
20250720_235536_959,32,NO_RADIO,13,-27.6,12.496271397064293,0.09451055526733398,0.004102468490600586,13,,CenterFallback,1,32,0,,,[]
20250720_235537_058,32,NO_RADIO,13,-27.6,12.496271397064293,0.09740543365478516,0.0043544769287109375,13,,CenterFallback,1,32,0,,,[]
20250720_235537_164,32,NO_RADIO,13,-27.6,12.496271397064293,0.09511971473693848,0.004316806793212891,13,,CenterFallback,1,32,0,,,[]
20250720_235537_266,32,NO_RADIO,13,-27.6,12.496271397064293,0.08649659156799316,0.004202842712402344,13,,CenterFallback,1,32,0,,,[]
20250720_235537_360,32,NO_RADIO,13,-27.6,12.496271397064293,0.08259773254394531,0.004384756088256836,13,,CenterFallback,1,32,0,,,[]
20250720_235537_450,32,NO_RADIO,13,-27.6,12.496271397064293,0.09319853782653809,0.004209280014038086,13,,CenterFallback,1,32,0,,,[]
20250720_235537_550,33,NO_RADIO,13,-27.6,8.403114626333135,0.09818363189697266,0.004317522048950195,13,,CenterFallback,1,32,0,,,[]
20250720_235537_656,33,NO_RADIO,13,-27.6,8.403114626333135,0.0810081958770752,0.003971099853515625,13,,CenterFallback,1,32,0,,,[]
20250720_235537_744,33,NO_RADIO,13,-27.6,8.403114626333135,0.08251214027404785,0.004463672637939453,13,,CenterFallback,1,32,0,,,[]
20250720_235537_834,33,NO_RADIO,13,-27.6,8.403114626333135,0.08750009536743164,0.004163503646850586,13,,CenterFallback,1,32,0,,,[]
20250720_235537_929,33,NO_RADIO,13,-27.6,8.403114626333135,0.09269285202026367,0.004366874694824219,13,,CenterFallback,1,32,0,,,[]
20250720_235538_029,33,NO_RADIO,13,-27.6,8.403114626333135,0.08772921562194824,0.004313945770263672,13,,CenterFallback,1,32,0,,,[]
20250720_235538_124,33,NO_RADIO,13,-27.6,8.403114626333135,0.10106968879699707,0.00406956672668457,13,,CenterFallback,1,32,0,,,[]
20250720_235538_232,33,NO_RADIO,13,-27.6,8.403114626333135,0.09491777420043945,0.0043141841888427734,13,,CenterFallback,1,32,0,,,[]
20250720_235538_335,33,NO_RADIO,13,-27.6,8.403114626333135,0.09443926811218262,0.0043697357177734375,13,,CenterFallback,1,32,0,,,[]
20250720_235538_437,33,NO_RADIO,13,-27.6,8.403114626333135,0.08864450454711914,0.004349946975708008,13,,CenterFallback,1,32,0,,,[]
20250720_235538_532,33,NO_RADIO,13,-27.6,8.403114626333135,0.09482955932617188,0.004338502883911133,13,,CenterFallback,1,32,0,,,[]
20250720_235538_635,33,NO_RADIO,13,-27.6,8.403114626333135,0.08720564842224121,0.00433039665222168,13,,CenterFallback,1,32,0,,,[]
20250720_235538_729,33,NO_RADIO,13,-27.6,8.403114626333135,0.08107495307922363,0.004843235015869141,13,,CenterFallback,1,32,0,,,[]
20250720_235538_818,33,NO_RADIO,13,-27.6,8.403114626333135,0.0927577018737793,0.00438380241394043,13,,CenterFallback,1,32,0,,,[]
20250720_235538_919,33,NO_RADIO,13,-27.6,8.403114626333135,0.08837747573852539,0.004363298416137695,13,,CenterFallback,1,32,0,,,[]
20250720_235539_014,33,NO_RADIO,13,-27.6,8.403114626333135,0.08778166770935059,0.004462242126464844,13,,CenterFallback,1,32,0,,,[]
20250720_235539_110,33,NO_RADIO,13,-27.6,8.403114626333135,0.0888218879699707,0.004143238067626953,13,,CenterFallback,1,32,0,,,[]
20250720_235539_204,33,NO_RADIO,13,-27.6,8.403114626333135,0.09682440757751465,0.004057645797729492,13,,CenterFallback,1,32,0,,,[]
20250720_235539_308,33,NO_RADIO,13,-27.6,8.403114626333135,0.09292244911193848,0.004395008087158203,13,,CenterFallback,1,32,0,,,[]
20250720_235539_408,33,NO_RADIO,13,-27.6,8.403114626333135,0.09288835525512695,0.004427671432495117,13,,CenterFallback,1,32,0,,,[]
20250720_235539_508,33,NO_RADIO,13,-27.6,8.403114626333135,0.09223723411560059,0.004631519317626953,13,,CenterFallback,1,32,0,,,[]
20250720_235539_608,33,NO_RADIO,13,-27.6,8.403114626333135,0.09577703475952148,0.004128456115722656,13,,CenterFallback,1,32,0,,,[]
20250720_235539_710,33,NO_RADIO,13,-27.6,8.403114626333135,0.08782696723937988,0.00432133674621582,13,,CenterFallback,1,32,0,,,[]
20250720_235539_805,33,NO_RADIO,13,-27.6,8.403114626333135,0.0900733470916748,0.00434112548828125,13,,CenterFallback,1,32,0,,,[]
20250720_235539_903,33,NO_RADIO,13,-27.6,8.403114626333135,0.09390497207641602,0.004332780838012695,13,,CenterFallback,1,32,0,,,[]
20250720_235540_004,33,NO_RADIO,13,-27.6,8.403114626333135,0.08831787109375,0.004437685012817383,13,,CenterFallback,1,32,0,,,[]
20250720_235540_100,33,NO_RADIO,13,-27.6,8.403114626333135,0.08650922775268555,0.003901958465576172,13,,CenterFallback,1,32,0,,,[]
20250720_235540_193,33,NO_RADIO,13,-27.6,8.403114626333135,0.09410405158996582,0.0041332244873046875,13,,CenterFallback,1,32,0,,,[]
20250720_235540_294,33,NO_RADIO,13,-27.6,8.403114626333135,0.09368896484375,0.004279375076293945,13,,CenterFallback,1,32,0,,,[]
20250720_235540_395,33,NO_RADIO,13,-27.6,8.403114626333135,0.09749293327331543,0.004367351531982422,13,,CenterFallback,1,32,0,,,[]
20250720_235540_500,33,NO_RADIO,13,-27.6,8.403114626333135,0.08620214462280273,0.003987550735473633,13,,CenterFallback,1,32,0,,,[]
20250720_235540_593,33,NO_RADIO,13,-27.6,8.403114626333135,0.08974194526672363,0.004380941390991211,13,,CenterFallback,1,32,0,,,[]
20250720_235540_691,33,NO_RADIO,13,-27.6,8.403114626333135,0.08631706237792969,0.004291534423828125,13,,CenterFallback,1,32,0,,,[]
20250720_235540_784,33,NO_RADIO,13,-27.6,8.403114626333135,0.10047054290771484,0.004260540008544922,13,,CenterFallback,1,32,0,,,[]
20250720_235540_892,33,NO_RADIO,13,-27.6,8.403114626333135,0.09460926055908203,0.004090547561645508,13,,CenterFallback,1,32,0,,,[]
20250720_235540_993,33,NO_RADIO,13,-27.6,8.403114626333135,0.0997157096862793,0.004038333892822266,13,,CenterFallback,1,32,0,,,[]
20250720_235541_100,33,NO_RADIO,13,-27.6,8.403114626333135,0.08860421180725098,0.004395961761474609,13,,CenterFallback,1,32,0,,,[]
20250720_235541_196,33,NO_RADIO,13,-27.6,8.403114626333135,0.09083247184753418,0.004373788833618164,13,,CenterFallback,1,32,0,,,[]
20250720_235541_295,33,NO_RADIO,13,-27.6,8.403114626333135,0.08649039268493652,0.004586458206176758,13,,CenterFallback,1,32,0,,,[]
20250720_235541_389,33,NO_RADIO,13,-27.6,8.403114626333135,0.08422088623046875,0.0045070648193359375,13,,CenterFallback,1,32,0,,,[]
20250720_235541_481,33,NO_RADIO,13,-27.6,8.403114626333135,0.0884253978729248,0.004212141036987305,13,,CenterFallback,1,32,0,,,[]
20250720_235541_577,34,NO_RADIO,13,-27.6,9.521930140389472,0.08446311950683594,0.004015922546386719,13,,CenterFallback,1,32,0,,,[]
20250720_235541_668,34,NO_RADIO,13,-27.6,9.521930140389472,0.09098505973815918,0.0041806697845458984,13,,CenterFallback,1,32,0,,,[]
20250720_235541_766,34,NO_RADIO,13,-27.6,9.521930140389472,0.08883213996887207,0.004350185394287109,13,,CenterFallback,1,32,0,,,[]
20250720_235541_863,34,NO_RADIO,13,-27.6,9.521930140389472,0.08705592155456543,0.003955841064453125,13,,CenterFallback,1,32,0,,,[]
20250720_235541_956,34,NO_RADIO,13,-27.6,9.521930140389472,0.08304810523986816,0.0042569637298583984,13,,CenterFallback,1,32,0,,,[]
20250720_235542_047,34,NO_RADIO,13,-27.6,9.521930140389472,0.08634781837463379,0.003950834274291992,13,,CenterFallback,1,32,0,,,[]
20250720_235542_140,34,NO_RADIO,13,-27.6,9.521930140389472,0.08627724647521973,0.0043718814849853516,13,,CenterFallback,1,32,0,,,[]
20250720_235542_234,34,NO_RADIO,13,-27.6,9.521930140389472,0.08765387535095215,0.004243373870849609,13,,CenterFallback,1,32,0,,,[]
20250720_235542_328,34,NO_RADIO,13,-27.6,9.521930140389472,0.07947587966918945,0.004326581954956055,13,,CenterFallback,1,32,0,,,[]
20250720_235542_415,34,NO_RADIO,13,-27.6,9.521930140389472,0.08569192886352539,0.004060029983520508,13,,CenterFallback,1,32,0,,,[]
20250720_235542_508,34,NO_RADIO,13,-27.6,9.521930140389472,0.07826614379882812,0.003972530364990234,13,,CenterFallback,1,32,0,,,[]
20250720_235542_593,34,NO_RADIO,13,-27.6,9.521930140389472,0.09274911880493164,0.004323244094848633,13,,CenterFallback,1,32,0,,,[]
20250720_235542_693,34,NO_RADIO,13,-27.6,9.521930140389472,0.08424186706542969,0.004315614700317383,13,,CenterFallback,1,32,0,,,[]
20250720_235542_785,34,NO_RADIO,13,-27.6,9.521930140389472,0.21961140632629395,0.004290342330932617,13,,CenterFallback,1,32,0,,,[]
20250720_235543_010,34,NO_RADIO,13,-27.6,9.521930140389472,0.07606816291809082,0.004354000091552734,13,,CenterFallback,1,32,0,,,[]
20250720_235543_094,34,NO_RADIO,13,-27.6,9.521930140389472,0.09154295921325684,0.004332065582275391,13,,CenterFallback,1,32,0,,,[]
20250720_235543_193,34,NO_RADIO,13,-27.6,9.521930140389472,0.08203434944152832,0.004404306411743164,13,,CenterFallback,1,32,0,,,[]
20250720_235543_282,34,NO_RADIO,13,-27.6,9.521930140389472,0.0918111801147461,0.004434347152709961,13,,CenterFallback,1,32,0,,,[]
20250720_235543_381,34,NO_RADIO,13,-27.6,9.521930140389472,0.08338570594787598,0.00439453125,13,,CenterFallback,1,32,0,,,[]
20250720_235543_472,34,NO_RADIO,13,-27.6,9.521930140389472,0.09426188468933105,0.004582405090332031,13,,CenterFallback,1,32,0,,,[]
20250720_235543_574,34,NO_RADIO,13,-27.6,9.521930140389472,0.09200215339660645,0.004032135009765625,13,,CenterFallback,1,32,0,,,[]
20250720_235543_673,34,NO_RADIO,13,-27.6,9.521930140389472,0.08957505226135254,0.004302024841308594,13,,CenterFallback,1,32,0,,,[]
20250720_235543_770,34,NO_RADIO,13,-27.6,9.521930140389472,0.08484363555908203,0.0042934417724609375,13,,CenterFallback,1,32,0,,,[]
20250720_235543_862,34,NO_RADIO,13,-27.6,9.521930140389472,0.08970022201538086,0.00398707389831543,13,,CenterFallback,1,32,0,,,[]
20250720_235543_959,34,NO_RADIO,13,-27.6,9.521930140389472,0.08896327018737793,0.005011558532714844,13,,CenterFallback,1,32,0,,,[]
20250720_235544_056,34,NO_RADIO,13,-27.6,9.521930140389472,0.09162306785583496,0.004037141799926758,13,,CenterFallback,1,32,0,,,[]
20250720_235544_155,34,NO_RADIO,13,-27.6,9.521930140389472,0.09358906745910645,0.004415035247802734,13,,CenterFallback,1,32,0,,,[]
20250720_235544_256,34,NO_RADIO,13,-27.6,9.521930140389472,0.08925390243530273,0.004331827163696289,13,,CenterFallback,1,32,0,,,[]
20250720_235544_352,34,NO_RADIO,13,-27.6,9.521930140389472,0.08632802963256836,0.0045397281646728516,13,,CenterFallback,1,32,0,,,[]
20250720_235544_446,34,NO_RADIO,13,-27.6,9.521930140389472,0.08495521545410156,0.004384040832519531,13,,CenterFallback,1,32,0,,,[]
20250720_235544_539,34,NO_RADIO,13,-27.6,9.521930140389472,0.07998394966125488,0.004331827163696289,13,,CenterFallback,1,32,0,,,[]
20250720_235544_626,34,NO_RADIO,13,-27.6,9.521930140389472,0.08794236183166504,0.0043430328369140625,13,,CenterFallback,1,32,0,,,[]
20250720_235544_721,34,NO_RADIO,13,-27.6,9.521930140389472,0.08362078666687012,0.002033233642578125,13,,CenterFallback,1,32,0,,,[]
20250720_235544_808,34,NO_RADIO,13,-27.6,9.521930140389472,0.11418581008911133,0.004232168197631836,13,,CenterFallback,1,32,0,,,[]
20250720_235544_929,34,NO_RADIO,13,-27.6,9.521930140389472,0.08984804153442383,0.004485607147216797,13,,CenterFallback,1,32,0,,,[]
20250720_235545_027,34,NO_RADIO,13,-27.6,9.521930140389472,0.08919787406921387,0.004361629486083984,13,,CenterFallback,1,32,0,,,[]
20250720_235545_123,34,NO_RADIO,13,-27.6,9.521930140389472,0.09416031837463379,0.0043792724609375,13,,CenterFallback,1,32,0,,,[]
20250720_235545_225,34,NO_RADIO,13,-27.6,9.521930140389472,0.08905649185180664,0.004485368728637695,13,,CenterFallback,1,32,0,,,[]
20250720_235545_322,34,NO_RADIO,13,-27.6,9.521930140389472,0.09454989433288574,0.003959178924560547,13,,CenterFallback,1,32,0,,,[]
20250720_235545_423,34,NO_RADIO,13,-27.6,9.521930140389472,0.09478449821472168,0.0019974708557128906,13,,CenterFallback,1,32,0,,,[]
20250720_235545_521,35,NO_RADIO,13,-27.6,7.7403820245295805,0.08732342720031738,0.004530668258666992,13,,CenterFallback,1,32,0,,,[]
20250720_235545_616,35,NO_RADIO,13,-27.6,7.7403820245295805,0.08960628509521484,0.004392385482788086,13,,CenterFallback,1,32,0,,,[]
20250720_235545_713,35,NO_RADIO,13,-27.6,7.7403820245295805,0.09404301643371582,0.004336357116699219,13,,CenterFallback,1,32,0,,,[]
20250720_235545_814,35,NO_RADIO,13,-27.6,7.7403820245295805,0.09335708618164062,0.004296302795410156,13,,CenterFallback,1,32,0,,,[]
20250720_235545_915,35,NO_RADIO,13,-27.6,7.7403820245295805,0.08583712577819824,0.004350185394287109,13,,CenterFallback,1,32,0,,,[]
20250720_235546_008,35,NO_RADIO,13,-27.6,7.7403820245295805,0.08264613151550293,0.004153013229370117,13,,CenterFallback,1,32,0,,,[]
20250720_235546_098,35,NO_RADIO,13,-27.6,7.7403820245295805,0.09337973594665527,0.004608631134033203,13,,CenterFallback,1,32,0,,,[]
20250720_235546_197,35,NO_RADIO,13,-27.6,7.7403820245295805,0.08803319931030273,0.0020613670349121094,13,,CenterFallback,1,32,0,,,[]
20250720_235546_288,35,NO_RADIO,13,-27.6,7.7403820245295805,0.08696985244750977,0.0020279884338378906,13,,CenterFallback,1,32,0,,,[]
20250720_235546_379,35,NO_RADIO,13,-27.6,7.7403820245295805,0.08194518089294434,0.0020809173583984375,13,,CenterFallback,1,32,0,,,[]
20250720_235546_464,35,NO_RADIO,13,-27.6,7.7403820245295805,0.09701871871948242,0.0021736621856689453,13,,CenterFallback,1,32,0,,,[]
20250720_235546_565,35,NO_RADIO,13,-27.6,7.7403820245295805,0.07857823371887207,0.002060413360595703,13,,CenterFallback,1,32,0,,,[]
20250720_235546_646,35,NO_RADIO,13,-27.6,7.7403820245295805,0.09035181999206543,0.002035856246948242,13,,CenterFallback,1,32,0,,,[]
20250720_235546_740,35,NO_RADIO,13,-27.6,7.7403820245295805,0.08917045593261719,0.0020499229431152344,13,,CenterFallback,1,32,0,,,[]
20250720_235546_832,35,NO_RADIO,13,-27.6,7.7403820245295805,0.08393001556396484,0.002010822296142578,13,,CenterFallback,1,32,0,,,[]
20250720_235546_920,35,NO_RADIO,13,-27.6,7.7403820245295805,0.0832514762878418,0.0020723342895507812,13,,CenterFallback,1,32,0,,,[]
20250720_235547_006,35,NO_RADIO,13,-27.6,7.7403820245295805,0.08675360679626465,0.0020117759704589844,13,,CenterFallback,1,32,0,,,[]
20250720_235547_096,35,NO_RADIO,13,-27.6,7.7403820245295805,0.08828926086425781,0.0021615028381347656,13,,CenterFallback,1,32,0,,,[]
20250720_235547_188,35,NO_RADIO,13,-27.6,7.7403820245295805,0.08600783348083496,0.00208282470703125,13,,CenterFallback,1,32,0,,,[]
20250720_235547_277,35,NO_RADIO,13,-27.6,7.7403820245295805,0.0985715389251709,0.0020856857299804688,13,,CenterFallback,1,32,0,,,[]
20250720_235547_379,35,NO_RADIO,13,-27.6,7.7403820245295805,0.0894010066986084,0.002623319625854492,13,,CenterFallback,1,32,0,,,[]
20250720_235547_473,35,NO_RADIO,13,-27.6,7.7403820245295805,0.08951592445373535,0.002299785614013672,13,,CenterFallback,1,32,0,,,[]
20250720_235547_566,35,NO_RADIO,13,-27.6,7.7403820245295805,0.0868384838104248,0.002024412155151367,13,,CenterFallback,1,32,0,,,[]
20250720_235547_656,35,NO_RADIO,13,-27.6,7.7403820245295805,0.0969080924987793,0.003949642181396484,13,,CenterFallback,1,32,0,,,[]
20250720_235547_760,35,NO_RADIO,13,-27.6,7.7403820245295805,0.09077239036560059,0.004154682159423828,13,,CenterFallback,1,32,0,,,[]
20250720_235547_857,35,NO_RADIO,13,-27.6,7.7403820245295805,0.09507369995117188,0.003966093063354492,13,,CenterFallback,1,32,0,,,[]
20250720_235547_959,35,NO_RADIO,13,-27.6,7.7403820245295805,0.08698391914367676,0.004406929016113281,13,,CenterFallback,1,32,0,,,[]
20250720_235548_054,35,NO_RADIO,13,-27.6,7.7403820245295805,0.09249448776245117,0.004061460494995117,13,,CenterFallback,1,32,0,,,[]
20250720_235548_153,35,NO_RADIO,13,-27.6,7.7403820245295805,0.08866000175476074,0.004321098327636719,13,,CenterFallback,1,32,0,,,[]
20250720_235548_249,35,NO_RADIO,13,-27.6,7.7403820245295805,0.0963754653930664,0.00419306755065918,13,,CenterFallback,1,32,0,,,[]
20250720_235548_353,35,NO_RADIO,13,-27.6,7.7403820245295805,0.09082269668579102,0.0043430328369140625,13,,CenterFallback,1,32,0,,,[]
20250720_235548_451,35,NO_RADIO,13,-27.6,7.7403820245295805,0.09119486808776855,0.004325151443481445,13,,CenterFallback,1,32,0,,,[]
20250720_235548_548,35,NO_RADIO,13,-27.6,7.7403820245295805,0.09908676147460938,0.002109527587890625,13,,CenterFallback,1,32,0,,,[]
20250720_235548_650,35,NO_RADIO,13,-27.6,7.7403820245295805,0.0961611270904541,0.0021359920501708984,13,,CenterFallback,1,32,0,,,[]
20250720_235548_750,35,NO_RADIO,13,-27.6,7.7403820245295805,0.09158015251159668,0.0021660327911376953,13,,CenterFallback,1,32,0,,,[]
20250720_235548_845,35,NO_RADIO,13,-27.6,7.7403820245295805,0.08938932418823242,0.0022292137145996094,13,,CenterFallback,1,32,0,,,[]
20250720_235548_938,35,NO_RADIO,13,-27.6,7.7403820245295805,0.07961273193359375,0.0021681785583496094,13,,CenterFallback,1,32,0,,,[]
20250720_235549_021,35,NO_RADIO,13,-27.6,7.7403820245295805,0.09469342231750488,0.0021414756774902344,13,,CenterFallback,1,32,0,,,[]
20250720_235549_119,35,NO_RADIO,13,-27.6,7.7403820245295805,0.08555769920349121,0.002001523971557617,13,,CenterFallback,1,32,0,,,[]
20250720_235549_208,35,NO_RADIO,13,-27.6,7.7403820245295805,0.0866079330444336,0.0040624141693115234,13,,CenterFallback,1,32,0,,,[]
20250720_235549_302,35,NO_RADIO,13,-27.6,7.7403820245295805,0.09119653701782227,0.003952741622924805,13,,CenterFallback,1,32,0,,,[]
20250720_235549_399,35,NO_RADIO,13,-27.6,7.7403820245295805,0.09375953674316406,0.0043261051177978516,13,,CenterFallback,1,32,0,,,[]
20250720_235549_501,35,NO_RADIO,13,-27.6,7.7403820245295805,0.08994269371032715,0.00399017333984375,13,,CenterFallback,1,32,0,,,[]
20250720_235549_597,36,NO_RADIO,13,-27.6,8.043123171983723,0.08756566047668457,0.0039865970611572266,13,,CenterFallback,1,32,0,,,[]
20250720_235549_692,36,NO_RADIO,13,-27.6,8.043123171983723,0.09107732772827148,0.004343986511230469,13,,CenterFallback,1,32,0,,,[]
20250720_235549_790,36,NO_RADIO,13,-27.6,8.043123171983723,0.08744239807128906,0.00407862663269043,13,,CenterFallback,1,32,0,,,[]
20250720_235549_885,36,NO_RADIO,13,-27.6,8.043123171983723,0.08972573280334473,0.003983736038208008,13,,CenterFallback,1,32,0,,,[]
20250720_235549_981,36,NO_RADIO,13,-27.6,8.043123171983723,0.0860297679901123,0.004212617874145508,13,,CenterFallback,1,32,0,,,[]
20250720_235550_075,36,NO_RADIO,13,-27.6,8.043123171983723,0.08701920509338379,0.0042765140533447266,13,,CenterFallback,1,32,0,,,[]
20250720_235550_169,36,NO_RADIO,13,-27.6,8.043123171983723,0.08981204032897949,0.0043756961822509766,13,,CenterFallback,1,32,0,,,[]
20250720_235550_266,36,NO_RADIO,13,-27.6,8.043123171983723,0.0877084732055664,0.004307985305786133,13,,CenterFallback,1,32,0,,,[]
20250720_235550_361,36,NO_RADIO,13,-27.6,8.043123171983723,0.09517264366149902,0.0042667388916015625,13,,CenterFallback,1,32,0,,,[]
20250720_235550_462,36,NO_RADIO,13,-27.6,8.043123171983723,0.08838725090026855,0.004334926605224609,13,,CenterFallback,1,32,0,,,[]
20250720_235550_558,36,NO_RADIO,13,-27.6,8.043123171983723,0.088714599609375,0.0043489933013916016,13,,CenterFallback,1,32,0,,,[]
20250720_235550_654,36,NO_RADIO,13,-27.6,8.043123171983723,0.10150003433227539,0.004797935485839844,13,,CenterFallback,1,32,0,,,[]
20250720_235550_763,36,NO_RADIO,13,-27.6,8.043123171983723,0.09775567054748535,0.004354238510131836,13,,CenterFallback,1,32,0,,,[]
20250720_235550_869,36,NO_RADIO,13,-27.6,8.043123171983723,0.09873056411743164,0.003951549530029297,13,,CenterFallback,1,32,0,,,[]
20250720_235550_974,36,NO_RADIO,13,-27.6,8.043123171983723,0.09954166412353516,0.0047359466552734375,13,,CenterFallback,1,32,0,,,[]
20250720_235551_082,36,NO_RADIO,13,-27.6,8.043123171983723,0.09503054618835449,0.003477811813354492,13,,CenterFallback,1,32,0,,,[]
20250720_235551_181,36,NO_RADIO,13,-27.6,8.043123171983723,0.09451818466186523,0.004072666168212891,13,,CenterFallback,1,32,0,,,[]
20250720_235551_283,36,NO_RADIO,13,-27.6,8.043123171983723,0.09601497650146484,0.004441261291503906,13,,CenterFallback,1,32,0,,,[]
20250720_235551_386,36,NO_RADIO,13,-27.6,8.043123171983723,0.08788347244262695,0.0043599605560302734,13,,CenterFallback,1,32,0,,,[]
20250720_235551_482,36,NO_RADIO,13,-27.6,8.043123171983723,0.08854246139526367,0.00414729118347168,13,,CenterFallback,1,32,0,,,[]
20250720_235551_577,36,NO_RADIO,13,-27.6,8.043123171983723,0.08703804016113281,0.004064321517944336,13,,CenterFallback,1,32,0,,,[]
20250720_235551_671,36,NO_RADIO,13,-27.6,8.043123171983723,0.08709454536437988,0.00420379638671875,13,,CenterFallback,1,32,0,,,[]
20250720_235551_766,36,NO_RADIO,13,-27.6,8.043123171983723,0.0865631103515625,0.004328250885009766,13,,CenterFallback,1,32,0,,,[]
20250720_235551_860,36,NO_RADIO,13,-27.6,8.043123171983723,0.0875091552734375,0.0039865970611572266,13,,CenterFallback,1,32,0,,,[]
20250720_235551_954,36,NO_RADIO,13,-27.6,8.043123171983723,0.0959475040435791,0.004338264465332031,13,,CenterFallback,1,32,0,,,[]
20250720_235552_057,36,NO_RADIO,13,-27.6,8.043123171983723,0.09557676315307617,0.003946542739868164,13,,CenterFallback,1,32,0,,,[]
20250720_235552_160,36,NO_RADIO,13,-27.6,8.043123171983723,0.08475208282470703,0.004369974136352539,13,,CenterFallback,1,32,0,,,[]
20250720_235552_252,36,NO_RADIO,13,-27.6,8.043123171983723,0.09103918075561523,0.00429081916809082,13,,CenterFallback,1,32,0,,,[]
20250720_235552_351,36,NO_RADIO,13,-27.6,8.043123171983723,0.08916831016540527,0.004360198974609375,13,,CenterFallback,1,32,0,,,[]
20250720_235552_447,36,NO_RADIO,13,-27.6,8.043123171983723,0.09027886390686035,0.004314899444580078,13,,CenterFallback,1,32,0,,,[]
20250720_235552_545,36,NO_RADIO,13,-27.6,8.043123171983723,0.09460926055908203,0.004446983337402344,13,,CenterFallback,1,32,0,,,[]
20250720_235552_647,36,NO_RADIO,13,-27.6,8.043123171983723,0.09374690055847168,0.00437617301940918,13,,CenterFallback,1,32,0,,,[]
20250720_235552_748,36,NO_RADIO,13,-27.6,8.043123171983723,0.08784294128417969,0.004714250564575195,13,,CenterFallback,1,32,0,,,[]
20250720_235552_844,36,NO_RADIO,13,-27.6,8.043123171983723,0.09635472297668457,0.0042874813079833984,13,,CenterFallback,1,32,0,,,[]
20250720_235552_948,36,NO_RADIO,13,-27.6,8.043123171983723,0.0917353630065918,0.004374265670776367,13,,CenterFallback,1,32,0,,,[]
20250720_235553_047,36,NO_RADIO,13,-27.6,8.043123171983723,0.09034156799316406,0.004318714141845703,13,,CenterFallback,1,32,0,,,[]
20250720_235553_144,36,NO_RADIO,13,-27.6,8.043123171983723,0.08720564842224121,0.004312276840209961,13,,CenterFallback,1,32,0,,,[]
20250720_235553_239,36,NO_RADIO,13,-27.6,8.043123171983723,0.09057998657226562,0.0035562515258789062,13,,CenterFallback,1,32,0,,,[]
20250720_235553_335,36,NO_RADIO,13,-27.6,8.043123171983723,0.09219765663146973,0.004362821578979492,13,,CenterFallback,1,32,0,,,[]
20250720_235553_434,36,NO_RADIO,13,-27.6,8.043123171983723,0.0921163558959961,0.004259824752807617,13,,CenterFallback,1,32,0,,,[]
20250720_235553_534,37,NO_RADIO,13,-27.6,7.873044134120562,0.08932018280029297,0.004347801208496094,13,,CenterFallback,1,32,0,,,[]
20250720_235553_631,37,NO_RADIO,13,-27.6,7.873044134120562,0.09222674369812012,0.004354238510131836,13,,CenterFallback,1,32,0,,,[]
20250720_235553_730,37,NO_RADIO,13,-27.6,7.873044134120562,0.09347009658813477,0.00464177131652832,13,,CenterFallback,1,32,0,,,[]
20250720_235553_832,37,NO_RADIO,13,-27.6,7.873044134120562,0.09128022193908691,0.004110574722290039,13,,CenterFallback,1,32,0,,,[]
20250720_235553_930,37,NO_RADIO,13,-27.6,7.873044134120562,0.09109830856323242,0.004334211349487305,13,,CenterFallback,1,32,0,,,[]
20250720_235554_028,37,NO_RADIO,13,-27.6,7.873044134120562,0.0909414291381836,0.0043125152587890625,13,,CenterFallback,1,32,0,,,[]
20250720_235554_127,37,NO_RADIO,13,-27.6,7.873044134120562,0.08292579650878906,0.004370450973510742,13,,CenterFallback,1,32,0,,,[]
20250720_235554_217,37,NO_RADIO,13,-27.6,7.873044134120562,0.08958721160888672,0.0042324066162109375,13,,CenterFallback,1,32,0,,,[]
20250720_235554_314,37,NO_RADIO,13,-27.6,7.873044134120562,0.08651852607727051,0.004240274429321289,13,,CenterFallback,1,32,0,,,[]
20250720_235554_407,37,NO_RADIO,13,-27.6,7.873044134120562,0.09744501113891602,0.004297494888305664,13,,CenterFallback,1,32,0,,,[]
20250720_235554_512,37,NO_RADIO,13,-27.6,7.873044134120562,0.09445834159851074,0.004321098327636719,13,,CenterFallback,1,32,0,,,[]
20250720_235554_614,37,NO_RADIO,13,-27.6,7.873044134120562,0.10172200202941895,0.004246711730957031,13,,CenterFallback,1,32,0,,,[]
20250720_235554_723,37,NO_RADIO,13,-27.6,7.873044134120562,0.09354543685913086,0.004701852798461914,13,,CenterFallback,1,32,0,,,[]
20250720_235554_824,37,NO_RADIO,13,-27.6,7.873044134120562,0.10572242736816406,0.004052162170410156,13,,CenterFallback,1,32,0,,,[]
20250720_235554_937,37,NO_RADIO,13,-27.6,7.873044134120562,0.09615635871887207,0.004417896270751953,13,,CenterFallback,1,32,0,,,[]
20250720_235555_041,37,NO_RADIO,13,-27.6,7.873044134120562,0.09450054168701172,0.004422187805175781,13,,CenterFallback,1,32,0,,,[]
20250720_235555_141,37,NO_RADIO,13,-27.6,7.873044134120562,0.10642361640930176,0.004392147064208984,13,,CenterFallback,1,32,0,,,[]
20250720_235555_256,37,NO_RADIO,13,-27.6,7.873044134120562,0.0876917839050293,0.004331827163696289,13,,CenterFallback,1,32,0,,,[]
20250720_235555_350,37,NO_RADIO,13,-27.6,7.873044134120562,0.1009070873260498,0.004347562789916992,13,,CenterFallback,1,32,0,,,[]
20250720_235555_459,37,NO_RADIO,13,-27.6,7.873044134120562,0.09782981872558594,0.004294395446777344,13,,CenterFallback,1,32,0,,,[]
20250720_235555_564,37,NO_RADIO,13,-27.6,7.873044134120562,0.09734892845153809,0.00393366813659668,13,,CenterFallback,1,32,0,,,[]
20250720_235555_668,37,NO_RADIO,13,-27.6,7.873044134120562,0.08598899841308594,0.00436711311340332,13,,CenterFallback,1,32,0,,,[]
20250720_235555_762,37,NO_RADIO,13,-27.6,7.873044134120562,0.08777546882629395,0.00445556640625,13,,CenterFallback,1,32,0,,,[]
20250720_235555_857,37,NO_RADIO,13,-27.6,7.873044134120562,0.09108495712280273,0.004294395446777344,13,,CenterFallback,1,32,0,,,[]
20250720_235555_955,37,NO_RADIO,13,-27.6,7.873044134120562,0.09227681159973145,0.0043964385986328125,13,,CenterFallback,1,32,0,,,[]
20250720_235556_055,37,NO_RADIO,13,-27.6,7.873044134120562,0.08935737609863281,0.004419803619384766,13,,CenterFallback,1,32,0,,,[]
20250720_235556_152,37,NO_RADIO,13,-27.6,7.873044134120562,0.09213566780090332,0.004379987716674805,13,,CenterFallback,1,32,0,,,[]
20250720_235556_252,37,NO_RADIO,13,-27.6,7.873044134120562,0.0934295654296875,0.004324436187744141,13,,CenterFallback,1,32,0,,,[]
20250720_235556_352,37,NO_RADIO,13,-27.6,7.873044134120562,0.09227252006530762,0.004398822784423828,13,,CenterFallback,1,32,0,,,[]
20250720_235556_452,37,NO_RADIO,13,-27.6,7.873044134120562,0.09994745254516602,0.004471778869628906,13,,CenterFallback,1,32,0,,,[]
20250720_235556_560,37,NO_RADIO,13,-27.6,7.873044134120562,0.1021585464477539,0.004340171813964844,13,,CenterFallback,1,32,0,,,[]
20250720_235556_668,37,NO_RADIO,13,-27.6,7.873044134120562,0.09281611442565918,0.0021173954010009766,13,,CenterFallback,1,32,0,,,[]
20250720_235556_764,37,NO_RADIO,13,-27.6,7.873044134120562,0.08769416809082031,0.004477262496948242,13,,CenterFallback,1,32,0,,,[]
20250720_235556_859,37,NO_RADIO,13,-27.6,7.873044134120562,0.08727884292602539,0.004221439361572266,13,,CenterFallback,1,32,0,,,[]
20250720_235556_954,37,NO_RADIO,13,-27.6,7.873044134120562,0.09054875373840332,0.0043811798095703125,13,,CenterFallback,1,32,0,,,[]
20250720_235557_052,37,NO_RADIO,13,-27.6,7.873044134120562,0.09506344795227051,0.004376888275146484,13,,CenterFallback,1,32,0,,,[]
20250720_235557_154,37,NO_RADIO,13,-27.6,7.873044134120562,0.0966947078704834,0.004294157028198242,13,,CenterFallback,1,32,0,,,[]
20250720_235557_258,37,NO_RADIO,13,-27.6,7.873044134120562,0.09894728660583496,0.004259347915649414,13,,CenterFallback,1,32,0,,,[]
20250720_235557_363,37,NO_RADIO,13,-27.6,7.873044134120562,0.10320544242858887,0.0045053958892822266,13,,CenterFallback,1,32,0,,,[]
20250720_235557_474,37,NO_RADIO,13,-27.6,7.873044134120562,0.09067606925964355,0.004336833953857422,13,,CenterFallback,1,32,0,,,[]
20250720_235557_572,38,NO_RADIO,13,-27.6,7.167571746957833,0.09513592720031738,0.004381895065307617,13,,CenterFallback,1,32,0,,,[]
20250720_235557_674,38,NO_RADIO,13,-27.6,7.167571746957833,0.09620785713195801,0.00402522087097168,13,,CenterFallback,1,32,0,,,[]
20250720_235557_777,38,NO_RADIO,13,-27.6,7.167571746957833,0.08811569213867188,0.004785060882568359,13,,CenterFallback,1,32,0,,,[]
20250720_235557_873,38,NO_RADIO,13,-27.6,7.167571746957833,0.09154129028320312,0.004062175750732422,13,,CenterFallback,1,32,0,,,[]
20250720_235557_972,38,NO_RADIO,13,-27.6,7.167571746957833,0.09100627899169922,0.0049343109130859375,13,,CenterFallback,1,32,0,,,[]
20250720_235558_071,38,NO_RADIO,13,-27.6,7.167571746957833,0.09207034111022949,0.004035472869873047,13,,CenterFallback,1,32,0,,,[]
20250720_235558_170,38,NO_RADIO,13,-27.6,7.167571746957833,0.08976602554321289,0.0043201446533203125,13,,CenterFallback,1,32,0,,,[]
20250720_235558_267,38,NO_RADIO,13,-27.6,7.167571746957833,0.09354901313781738,0.004342079162597656,13,,CenterFallback,1,32,0,,,[]
20250720_235558_368,38,NO_RADIO,13,-27.6,7.167571746957833,0.08747625350952148,0.004337787628173828,13,,CenterFallback,1,32,0,,,[]
20250720_235558_463,38,NO_RADIO,13,-27.6,7.167571746957833,0.08706498146057129,0.004380702972412109,13,,CenterFallback,1,32,0,,,[]
20250720_235558_558,38,NO_RADIO,13,-27.6,7.167571746957833,0.08829545974731445,0.004372835159301758,13,,CenterFallback,1,32,0,,,[]
20250720_235558_654,38,NO_RADIO,13,-27.6,7.167571746957833,0.08919072151184082,0.0044057369232177734,13,,CenterFallback,1,32,0,,,[]
20250720_235558_750,38,NO_RADIO,13,-27.6,7.167571746957833,0.09906935691833496,0.0043637752532958984,13,,CenterFallback,1,32,0,,,[]
20250720_235558_857,38,NO_RADIO,13,-27.6,7.167571746957833,0.09734082221984863,0.0041751861572265625,13,,CenterFallback,1,32,0,,,[]
20250720_235558_960,38,NO_RADIO,13,-27.6,7.167571746957833,0.097320556640625,0.004372119903564453,13,,CenterFallback,1,32,0,,,[]
20250720_235559_064,38,NO_RADIO,13,-27.6,7.167571746957833,0.09422159194946289,0.00438380241394043,13,,CenterFallback,1,32,0,,,[]
20250720_235559_166,38,NO_RADIO,13,-27.6,7.167571746957833,0.08473658561706543,0.00434422492980957,13,,CenterFallback,1,32,0,,,[]
20250720_235559_258,38,NO_RADIO,13,-27.6,7.167571746957833,0.09473013877868652,0.0043375492095947266,13,,CenterFallback,1,32,0,,,[]
20250720_235559_360,38,NO_RADIO,13,-27.6,7.167571746957833,0.0887136459350586,0.004336357116699219,13,,CenterFallback,1,32,0,,,[]
20250720_235559_456,38,NO_RADIO,13,-27.6,7.167571746957833,0.08766031265258789,0.004366397857666016,13,,CenterFallback,1,32,0,,,[]
20250720_235559_551,38,NO_RADIO,13,-27.6,7.167571746957833,0.09187126159667969,0.004256248474121094,13,,CenterFallback,1,32,0,,,[]
20250720_235559_650,38,NO_RADIO,13,-27.6,7.167571746957833,0.09524178504943848,0.004349946975708008,13,,CenterFallback,1,32,0,,,[]
20250720_235559_753,38,NO_RADIO,13,-27.6,7.167571746957833,0.09658980369567871,0.004256248474121094,13,,CenterFallback,1,32,0,,,[]
20250720_235559_857,38,NO_RADIO,13,-27.6,7.167571746957833,0.09814310073852539,0.0040509700775146484,13,,CenterFallback,1,32,0,,,[]
20250720_235559_962,38,NO_RADIO,13,-27.6,7.167571746957833,0.10445618629455566,0.004286766052246094,13,,CenterFallback,1,32,0,,,[]
20250720_235600_074,38,NO_RADIO,13,-27.6,7.167571746957833,0.08972907066345215,0.004155635833740234,13,,CenterFallback,1,32,0,,,[]
20250720_235600_171,38,NO_RADIO,13,-27.6,7.167571746957833,0.0940237045288086,0.004080295562744141,13,,CenterFallback,1,32,0,,,[]
20250720_235600_271,38,NO_RADIO,13,-27.6,7.167571746957833,0.0946493148803711,0.00426030158996582,13,,CenterFallback,1,32,0,,,[]
20250720_235600_372,38,NO_RADIO,13,-27.6,7.167571746957833,0.09782958030700684,0.004268169403076172,13,,CenterFallback,1,32,0,,,[]
20250720_235600_477,38,NO_RADIO,13,-27.6,7.167571746957833,0.08222150802612305,0.00437474250793457,13,,CenterFallback,1,32,0,,,[]
20250720_235600_567,38,NO_RADIO,13,-27.6,7.167571746957833,0.08939504623413086,0.004384279251098633,13,,CenterFallback,1,32,0,,,[]
20250720_235600_664,38,NO_RADIO,13,-27.6,7.167571746957833,0.08631205558776855,0.003986358642578125,13,,CenterFallback,1,32,0,,,[]
20250720_235600_757,38,NO_RADIO,13,-27.6,7.167571746957833,0.09681272506713867,0.004692792892456055,13,,CenterFallback,1,32,0,,,[]
20250720_235600_861,38,NO_RADIO,13,-27.6,7.167571746957833,0.09343409538269043,0.004364013671875,13,,CenterFallback,1,32,0,,,[]
20250720_235600_962,38,NO_RADIO,13,-27.6,7.167571746957833,0.09608340263366699,0.004357814788818359,13,,CenterFallback,1,32,0,,,[]
20250720_235601_066,38,NO_RADIO,13,-27.6,7.167571746957833,0.09657049179077148,0.004067420959472656,13,,CenterFallback,1,32,0,,,[]
20250720_235601_169,38,NO_RADIO,13,-27.6,7.167571746957833,0.09607505798339844,0.004373073577880859,13,,CenterFallback,1,32,0,,,[]
20250720_235601_273,38,NO_RADIO,13,-27.6,7.167571746957833,0.09317970275878906,0.004344940185546875,13,,CenterFallback,1,32,0,,,[]
20250720_235601_373,38,NO_RADIO,13,-27.6,7.167571746957833,0.09431099891662598,0.004358053207397461,13,,CenterFallback,1,32,0,,,[]
20250720_235601_475,38,NO_RADIO,13,-27.6,7.167571746957833,0.08579158782958984,0.004507541656494141,13,,CenterFallback,1,32,0,,,[]
20250720_235601_568,39,NO_RADIO,13,-27.6,7.16805197532085,0.09058213233947754,0.004506826400756836,13,,CenterFallback,1,32,0,,,[]
20250720_235601_667,39,NO_RADIO,13,-27.6,7.16805197532085,0.0952155590057373,0.004498004913330078,13,,CenterFallback,1,32,0,,,[]
20250720_235601_769,39,NO_RADIO,13,-27.6,7.16805197532085,0.09648919105529785,0.0041005611419677734,13,,CenterFallback,1,32,0,,,[]
20250720_235601_873,39,NO_RADIO,13,-27.6,7.16805197532085,0.0967257022857666,0.003972053527832031,13,,CenterFallback,1,32,0,,,[]
20250720_235601_977,39,NO_RADIO,13,-27.6,7.16805197532085,0.0981452465057373,0.004380941390991211,13,,CenterFallback,1,32,0,,,[]
20250720_235602_082,39,NO_RADIO,13,-27.6,7.16805197532085,0.09869670867919922,0.0043179988861083984,13,,CenterFallback,1,32,0,,,[]
20250720_235602_188,39,NO_RADIO,13,-27.6,7.16805197532085,0.10222768783569336,0.0041081905364990234,13,,CenterFallback,1,32,0,,,[]
20250720_235602_297,39,NO_RADIO,13,-27.6,7.16805197532085,0.09963798522949219,0.004102230072021484,13,,CenterFallback,1,32,0,,,[]
20250720_235602_404,39,NO_RADIO,13,-27.6,7.16805197532085,0.09683346748352051,0.004244327545166016,13,,CenterFallback,1,32,0,,,[]
20250720_235602_508,39,NO_RADIO,13,-27.6,7.16805197532085,0.0991659164428711,0.004070758819580078,13,,CenterFallback,1,32,0,,,[]
20250720_235602_614,39,NO_RADIO,13,-27.6,7.16805197532085,0.09241652488708496,0.004368782043457031,13,,CenterFallback,1,32,0,,,[]
20250720_235602_714,39,NO_RADIO,13,-27.6,7.16805197532085,0.1076960563659668,0.004493236541748047,13,,CenterFallback,1,32,0,,,[]
20250720_235602_829,39,NO_RADIO,13,-27.6,7.16805197532085,0.09109711647033691,0.00374603271484375,13,,CenterFallback,1,32,0,,,[]
20250720_235602_927,39,NO_RADIO,13,-27.6,7.16805197532085,0.09767627716064453,0.004375934600830078,13,,CenterFallback,1,32,0,,,[]
20250720_235603_032,39,NO_RADIO,13,-27.6,7.16805197532085,0.0908818244934082,0.004393815994262695,13,,CenterFallback,1,32,0,,,[]
20250720_235603_131,39,NO_RADIO,13,-27.6,7.16805197532085,0.09025716781616211,0.004389762878417969,13,,CenterFallback,1,32,0,,,[]
20250720_235603_228,39,NO_RADIO,13,-27.6,7.16805197532085,0.08941292762756348,0.004353523254394531,13,,CenterFallback,1,32,0,,,[]
20250720_235603_325,39,NO_RADIO,13,-27.6,7.16805197532085,0.09355497360229492,0.0042226314544677734,13,,CenterFallback,1,32,0,,,[]
20250720_235603_426,39,NO_RADIO,13,-27.6,7.16805197532085,0.09302377700805664,0.004490852355957031,13,,CenterFallback,1,32,0,,,[]
20250720_235603_527,39,NO_RADIO,13,-27.6,7.16805197532085,0.0937814712524414,0.003992795944213867,13,,CenterFallback,1,32,0,,,[]
20250720_235603_627,39,NO_RADIO,13,-27.6,7.16805197532085,0.09366059303283691,0.004487752914428711,13,,CenterFallback,1,32,0,,,[]
20250720_235603_729,39,NO_RADIO,13,-27.6,7.16805197532085,0.09375619888305664,0.004557132720947266,13,,CenterFallback,1,32,0,,,[]
20250720_235603_830,39,NO_RADIO,13,-27.6,7.16805197532085,0.08835005760192871,0.004911184310913086,13,,CenterFallback,1,32,0,,,[]
20250720_235603_927,39,NO_RADIO,13,-27.6,7.16805197532085,0.09349346160888672,0.004389286041259766,13,,CenterFallback,1,32,0,,,[]
20250720_235604_028,39,NO_RADIO,13,-27.6,7.16805197532085,0.08296680450439453,0.00441288948059082,13,,CenterFallback,1,32,0,,,[]
20250720_235604_118,39,NO_RADIO,13,-27.6,7.16805197532085,0.09111618995666504,0.004343509674072266,13,,CenterFallback,1,32,0,,,[]
20250720_235604_217,39,NO_RADIO,13,-27.6,7.16805197532085,0.08518123626708984,0.0042684078216552734,13,,CenterFallback,1,32,0,,,[]
20250720_235604_308,39,NO_RADIO,13,-27.6,7.16805197532085,0.09454512596130371,0.00413823127746582,13,,CenterFallback,1,32,0,,,[]
20250720_235604_410,39,NO_RADIO,13,-27.6,7.16805197532085,0.09388852119445801,0.004369258880615234,13,,CenterFallback,1,32,0,,,[]
20250720_235604_511,39,NO_RADIO,13,-27.6,7.16805197532085,0.0982656478881836,0.003979206085205078,13,,CenterFallback,1,32,0,,,[]
20250720_235604_616,39,NO_RADIO,13,-27.6,7.16805197532085,0.08916664123535156,0.004369258880615234,13,,CenterFallback,1,32,0,,,[]
20250720_235604_713,39,NO_RADIO,13,-27.6,7.16805197532085,0.09158110618591309,0.004361629486083984,13,,CenterFallback,1,32,0,,,[]
20250720_235604_812,39,NO_RADIO,13,-27.6,7.16805197532085,0.08778882026672363,0.004406452178955078,13,,CenterFallback,1,32,0,,,[]
20250720_235604_907,39,NO_RADIO,13,-27.6,7.16805197532085,0.08976411819458008,0.004224300384521484,13,,CenterFallback,1,32,0,,,[]
20250720_235605_004,39,NO_RADIO,13,-27.6,7.16805197532085,0.09172391891479492,0.0040454864501953125,13,,CenterFallback,1,32,0,,,[]
20250720_235605_103,39,NO_RADIO,13,-27.6,7.16805197532085,0.09234952926635742,0.003953218460083008,13,,CenterFallback,1,32,0,,,[]
20250720_235605_202,39,NO_RADIO,13,-27.6,7.16805197532085,0.0925133228302002,0.004314899444580078,13,,CenterFallback,1,32,0,,,[]
20250720_235605_302,39,NO_RADIO,13,-27.6,7.16805197532085,0.08969926834106445,0.004014492034912109,13,,CenterFallback,1,32,0,,,[]
20250720_235605_398,39,NO_RADIO,13,-27.6,7.16805197532085,0.0920405387878418,0.0041997432708740234,13,,CenterFallback,1,32,0,,,[]
20250720_235605_498,40,NO_RADIO,13,-27.6,7.16805197532085,0.09039568901062012,0.0044095516204833984,13,,CenterFallback,1,32,0,,,[]
20250720_235605_595,40,NO_RADIO,13,-27.6,6.566624805666692,0.0872960090637207,0.004416942596435547,13,,CenterFallback,1,32,0,,,[]
20250720_235605_690,40,NO_RADIO,13,-27.6,6.566624805666692,0.09846830368041992,0.004112958908081055,13,,CenterFallback,1,32,0,,,[]
20250720_235605_795,40,NO_RADIO,13,-27.6,6.566624805666692,0.09416842460632324,0.0043523311614990234,13,,CenterFallback,1,32,0,,,[]
20250720_235605_897,40,NO_RADIO,13,-27.6,6.566624805666692,0.09522438049316406,0.004018306732177734,13,,CenterFallback,1,32,0,,,[]
20250720_235605_999,40,NO_RADIO,13,-27.6,6.566624805666692,0.0964200496673584,0.0039403438568115234,13,,CenterFallback,1,32,0,,,[]
20250720_235606_102,40,NO_RADIO,13,-27.6,6.566624805666692,0.09566831588745117,0.004080057144165039,13,,CenterFallback,1,32,0,,,[]
20250720_235606_203,40,NO_RADIO,13,-27.6,6.566624805666692,0.0951540470123291,0.0043795108795166016,13,,CenterFallback,1,32,0,,,[]
20250720_235606_306,40,NO_RADIO,13,-27.6,6.566624805666692,0.09362578392028809,0.004160404205322266,13,,CenterFallback,1,32,0,,,[]
20250720_235606_407,40,NO_RADIO,13,-27.6,6.566624805666692,0.09281277656555176,0.003994941711425781,13,,CenterFallback,1,32,0,,,[]
20250720_235606_507,40,NO_RADIO,13,-27.6,6.566624805666692,0.0857992172241211,0.004093647003173828,13,,CenterFallback,1,32,0,,,[]
20250720_235606_599,40,NO_RADIO,13,-27.6,6.566624805666692,0.09544777870178223,0.0044019222259521484,13,,CenterFallback,1,32,0,,,[]
20250720_235606_702,40,NO_RADIO,13,-27.6,6.566624805666692,0.08927512168884277,0.003980159759521484,13,,CenterFallback,1,32,0,,,[]
20250720_235606_798,40,NO_RADIO,13,-27.6,6.566624805666692,0.08936429023742676,0.003968715667724609,13,,CenterFallback,1,32,0,,,[]
20250720_235606_895,40,NO_RADIO,13,-27.6,6.566624805666692,0.09626984596252441,0.004292726516723633,13,,CenterFallback,1,32,0,,,[]
20250720_235606_998,40,NO_RADIO,13,-27.6,6.566624805666692,0.08977293968200684,0.004318952560424805,13,,CenterFallback,1,32,0,,,[]
20250720_235607_095,40,NO_RADIO,13,-27.6,6.566624805666692,0.09195804595947266,0.003981113433837891,13,,CenterFallback,1,32,0,,,[]
20250720_235607_194,40,NO_RADIO,13,-27.6,6.566624805666692,0.09452652931213379,0.003953218460083008,13,,CenterFallback,1,32,0,,,[]
20250720_235607_296,40,NO_RADIO,13,-27.6,6.566624805666692,0.09163713455200195,0.004347562789916992,13,,CenterFallback,1,32,0,,,[]
20250720_235607_394,40,NO_RADIO,13,-27.6,6.566624805666692,0.09702277183532715,0.00432896614074707,13,,CenterFallback,1,32,0,,,[]
20250720_235607_499,40,NO_RADIO,13,-27.6,6.566624805666692,0.09367513656616211,0.004090547561645508,13,,CenterFallback,1,32,0,,,[]
20250720_235607_600,40,NO_RADIO,13,-27.6,6.566624805666692,0.08772706985473633,0.004270315170288086,13,,CenterFallback,1,32,0,,,[]
20250720_235607_693,40,NO_RADIO,13,-27.6,6.566624805666692,0.09770560264587402,0.004349946975708008,13,,CenterFallback,1,32,0,,,[]
20250720_235607_798,40,NO_RADIO,13,-27.6,6.566624805666692,0.08963322639465332,0.004088163375854492,13,,CenterFallback,1,32,0,,,[]
20250720_235607_895,40,NO_RADIO,13,-27.6,6.566624805666692,0.09787297248840332,0.003980159759521484,13,,CenterFallback,1,32,0,,,[]
20250720_235608_000,40,NO_RADIO,13,-27.6,6.566624805666692,0.08754730224609375,0.004072904586791992,13,,CenterFallback,1,32,0,,,[]
20250720_235608_094,40,NO_RADIO,13,-27.6,6.566624805666692,0.09713053703308105,0.004381418228149414,13,,CenterFallback,1,32,0,,,[]
20250720_235608_199,40,NO_RADIO,13,-27.6,6.566624805666692,0.09187602996826172,0.004369974136352539,13,,CenterFallback,1,32,0,,,[]
20250720_235608_298,40,NO_RADIO,13,-27.6,6.566624805666692,0.09103202819824219,0.004295825958251953,13,,CenterFallback,1,32,0,,,[]
20250720_235608_397,40,NO_RADIO,13,-27.6,6.566624805666692,0.08889198303222656,0.0044536590576171875,13,,CenterFallback,1,32,0,,,[]
20250720_235608_493,40,NO_RADIO,13,-27.6,6.566624805666692,0.09348654747009277,0.0045359134674072266,13,,CenterFallback,1,32,0,,,[]
20250720_235608_594,40,NO_RADIO,13,-27.6,6.566624805666692,0.09299063682556152,0.004471540451049805,13,,CenterFallback,1,32,0,,,[]
20250720_235608_695,40,NO_RADIO,13,-27.6,6.566624805666692,0.09717941284179688,0.004513740539550781,13,,CenterFallback,1,32,0,,,[]
20250720_235608_800,40,NO_RADIO,13,-27.6,6.566624805666692,0.09111237525939941,0.004506826400756836,13,,CenterFallback,1,32,0,,,[]
20250720_235608_899,40,NO_RADIO,13,-27.6,6.566624805666692,0.1005706787109375,0.004373073577880859,13,,CenterFallback,1,32,0,,,[]
20250720_235609_007,40,NO_RADIO,13,-27.6,6.566624805666692,0.08208870887756348,0.0040340423583984375,13,,CenterFallback,1,32,0,,,[]
20250720_235609_096,40,NO_RADIO,13,-27.6,6.566624805666692,0.08141541481018066,0.003983497619628906,13,,CenterFallback,1,32,0,,,[]
20250720_235609_184,40,NO_RADIO,13,-27.6,6.566624805666692,0.09079289436340332,0.0043027400970458984,13,,CenterFallback,1,32,0,,,[]
20250720_235609_282,40,NO_RADIO,13,-27.6,6.566624805666692,0.08545923233032227,0.004487752914428711,13,,CenterFallback,1,32,0,,,[]
20250720_235609_375,40,NO_RADIO,13,-27.6,6.566624805666692,0.07714414596557617,0.00457763671875,13,,CenterFallback,1,32,0,,,[]
20250720_235609_460,40,NO_RADIO,13,-27.6,6.566624805666692,0.09332752227783203,0.004373073577880859,13,,CenterFallback,1,32,0,,,[]
20250720_235609_561,41,NO_RADIO,13,-27.6,7.168932362360167,0.08775162696838379,0.004362583160400391,13,,CenterFallback,1,32,0,,,[]
20250720_235609_657,41,NO_RADIO,13,-27.6,7.168932362360167,0.0875244140625,0.0019249916076660156,13,,CenterFallback,1,32,0,,,[]
20250720_235609_747,41,NO_RADIO,13,-27.6,7.168932362360167,0.09316515922546387,0.004423618316650391,13,,CenterFallback,1,32,0,,,[]
20250720_235609_848,41,NO_RADIO,13,-27.6,7.168932362360167,0.0939183235168457,0.004094362258911133,13,,CenterFallback,1,32,0,,,[]
20250720_235609_949,41,NO_RADIO,13,-27.6,7.168932362360167,0.09598159790039062,0.004532575607299805,13,,CenterFallback,1,32,0,,,[]
20250720_235610_053,41,NO_RADIO,13,-27.6,7.168932362360167,0.09591555595397949,0.004065990447998047,13,,CenterFallback,1,32,0,,,[]
20250720_235610_154,41,NO_RADIO,13,-27.6,7.168932362360167,0.09980130195617676,0.0046274662017822266,13,,CenterFallback,1,32,0,,,[]
20250720_235610_262,41,NO_RADIO,13,-27.6,7.168932362360167,0.08640050888061523,0.004326343536376953,13,,CenterFallback,1,32,0,,,[]
20250720_235610_356,41,NO_RADIO,13,-27.6,7.168932362360167,0.09470295906066895,0.004601478576660156,13,,CenterFallback,1,32,0,,,[]
20250720_235610_458,41,NO_RADIO,13,-27.6,7.168932362360167,0.08902907371520996,0.004353761672973633,13,,CenterFallback,1,32,0,,,[]
20250720_235610_555,41,NO_RADIO,13,-27.6,7.168932362360167,0.09258198738098145,0.0048828125,13,,CenterFallback,1,32,0,,,[]
20250720_235610_656,41,NO_RADIO,13,-27.6,7.168932362360167,0.09081768989562988,0.00398707389831543,13,,CenterFallback,1,32,0,,,[]
20250720_235610_753,41,NO_RADIO,13,-27.6,7.168932362360167,0.09216022491455078,0.0043790340423583984,13,,CenterFallback,1,32,0,,,[]
20250720_235610_853,41,NO_RADIO,13,-27.6,7.168932362360167,0.0880889892578125,0.003993988037109375,13,,CenterFallback,1,32,0,,,[]
20250720_235610_948,41,NO_RADIO,13,-27.6,7.168932362360167,0.08736467361450195,0.004348039627075195,13,,CenterFallback,1,32,0,,,[]
20250720_235611_043,41,NO_RADIO,13,-27.6,7.168932362360167,0.08541369438171387,0.004287004470825195,13,,CenterFallback,1,32,0,,,[]
20250720_235611_135,41,NO_RADIO,13,-27.6,7.168932362360167,0.09106278419494629,0.004333972930908203,13,,CenterFallback,1,32,0,,,[]
20250720_235611_234,41,NO_RADIO,13,-27.6,7.168932362360167,0.09359431266784668,0.004335880279541016,13,,CenterFallback,1,32,0,,,[]
20250720_235611_335,41,NO_RADIO,13,-27.6,7.168932362360167,0.09209322929382324,0.0043182373046875,13,,CenterFallback,1,32,0,,,[]
20250720_235611_434,41,NO_RADIO,13,-27.6,7.168932362360167,0.09367179870605469,0.004439592361450195,13,,CenterFallback,1,32,0,,,[]
20250720_235611_535,41,NO_RADIO,13,-27.6,7.168932362360167,0.09047746658325195,0.004113197326660156,13,,CenterFallback,1,32,0,,,[]
20250720_235611_632,41,NO_RADIO,13,-27.6,7.168932362360167,0.10169267654418945,0.004379749298095703,13,,CenterFallback,1,32,0,,,[]
20250720_235611_741,41,NO_RADIO,13,-27.6,7.168932362360167,0.09126663208007812,0.004342794418334961,13,,CenterFallback,1,32,0,,,[]
20250720_235611_839,41,NO_RADIO,13,-27.6,7.168932362360167,0.09616684913635254,0.004348278045654297,13,,CenterFallback,1,32,0,,,[]
20250720_235611_943,41,NO_RADIO,13,-27.6,7.168932362360167,0.09135174751281738,0.0043697357177734375,13,,CenterFallback,1,32,0,,,[]
20250720_235612_042,41,NO_RADIO,13,-27.6,7.168932362360167,0.08896803855895996,0.0043697357177734375,13,,CenterFallback,1,32,0,,,[]
20250720_235612_138,41,NO_RADIO,13,-27.6,7.168932362360167,0.08911275863647461,0.004533529281616211,13,,CenterFallback,1,32,0,,,[]
20250720_235612_234,41,NO_RADIO,13,-27.6,7.168932362360167,0.0957951545715332,0.004292726516723633,13,,CenterFallback,1,32,0,,,[]
20250720_235612_337,41,NO_RADIO,13,-27.6,7.168932362360167,0.09735846519470215,0.004029035568237305,13,,CenterFallback,1,32,0,,,[]
20250720_235612_441,41,NO_RADIO,13,-27.6,7.168932362360167,0.09086489677429199,0.002622842788696289,13,,CenterFallback,1,32,0,,,[]
20250720_235612_536,41,NO_RADIO,13,-27.6,7.168932362360167,0.08963727951049805,0.004020214080810547,13,,CenterFallback,1,32,0,,,[]
20250720_235612_633,41,NO_RADIO,13,-27.6,7.168932362360167,0.08759522438049316,0.0040323734283447266,13,,CenterFallback,1,32,0,,,[]
20250720_235612_727,41,NO_RADIO,13,-27.6,7.168932362360167,0.09288740158081055,0.00435328483581543,13,,CenterFallback,1,32,0,,,[]
20250720_235612_828,41,NO_RADIO,13,-27.6,7.168932362360167,0.09500360488891602,0.004367828369140625,13,,CenterFallback,1,32,0,,,[]
20250720_235612_930,41,NO_RADIO,13,-27.6,7.168932362360167,0.09457683563232422,0.0022373199462890625,13,,CenterFallback,1,32,0,,,[]
20250720_235613_028,41,NO_RADIO,13,-27.6,7.168932362360167,0.08794760704040527,0.003369569778442383,13,,CenterFallback,1,32,0,,,[]
20250720_235613_122,41,NO_RADIO,13,-27.6,7.168932362360167,0.08831787109375,0.004426717758178711,13,,CenterFallback,1,32,0,,,[]
20250720_235613_218,41,NO_RADIO,13,-27.6,7.168932362360167,0.0982823371887207,0.00451207160949707,13,,CenterFallback,1,32,0,,,[]
20250720_235613_323,41,NO_RADIO,13,-27.6,7.168932362360167,0.09147238731384277,0.0036711692810058594,13,,CenterFallback,1,32,0,,,[]
20250720_235613_421,41,NO_RADIO,13,-27.6,7.168932362360167,0.08538126945495605,0.004163503646850586,13,,CenterFallback,1,32,0,,,[]
20250720_235613_514,42,NO_RADIO,13,-27.6,6.9600672358232885,0.09103965759277344,0.0021674633026123047,13,,CenterFallback,1,32,0,,,[]
20250720_235613_608,42,NO_RADIO,13,-27.6,6.9600672358232885,0.08596110343933105,0.002812623977661133,13,,CenterFallback,1,32,0,,,[]
20250720_235613_699,42,NO_RADIO,13,-27.6,6.9600672358232885,0.09831762313842773,0.002651691436767578,13,,CenterFallback,1,32,0,,,[]
20250720_235613_802,42,NO_RADIO,13,-27.6,6.9600672358232885,0.09101533889770508,0.0020465850830078125,13,,CenterFallback,1,32,0,,,[]
20250720_235613_896,42,NO_RADIO,13,-27.6,6.9600672358232885,0.08748006820678711,0.002071857452392578,13,,CenterFallback,1,32,0,,,[]
20250720_235613_987,42,NO_RADIO,13,-27.6,6.9600672358232885,0.08774566650390625,0.0018472671508789062,13,,CenterFallback,1,32,0,,,[]
20250720_235614_078,42,NO_RADIO,13,-27.6,6.9600672358232885,0.09133291244506836,0.0020241737365722656,13,,CenterFallback,1,32,0,,,[]
20250720_235614_172,42,NO_RADIO,13,-27.6,6.9600672358232885,0.08479189872741699,0.0017740726470947266,13,,CenterFallback,1,32,0,,,[]
20250720_235614_260,42,NO_RADIO,13,-27.6,6.9600672358232885,0.09313488006591797,0.0016722679138183594,13,,CenterFallback,1,32,0,,,[]
20250720_235614_356,42,NO_RADIO,13,-27.6,6.9600672358232885,0.08611893653869629,0.002022266387939453,13,,CenterFallback,1,32,0,,,[]
20250720_235614_446,42,NO_RADIO,13,-27.6,6.9600672358232885,0.09280824661254883,0.0021986961364746094,13,,CenterFallback,1,32,0,,,[]
20250720_235614_542,42,NO_RADIO,13,-27.6,6.9600672358232885,0.096466064453125,0.0024831295013427734,13,,CenterFallback,1,32,0,,,[]
20250720_235614_642,42,NO_RADIO,13,-27.6,6.9600672358232885,0.08194446563720703,0.0029296875,13,,CenterFallback,1,32,0,,,[]
20250720_235614_729,42,NO_RADIO,13,-27.6,6.9600672358232885,0.08991861343383789,0.0021042823791503906,13,,CenterFallback,1,32,0,,,[]
20250720_235614_822,42,NO_RADIO,13,-27.6,6.9600672358232885,0.08424949645996094,0.0020437240600585938,13,,CenterFallback,1,32,0,,,[]
20250720_235614_910,42,NO_RADIO,13,-27.6,6.9600672358232885,0.08997011184692383,0.0020775794982910156,13,,CenterFallback,1,32,0,,,[]
20250720_235615_003,42,NO_RADIO,13,-27.6,6.9600672358232885,0.0869145393371582,0.0044209957122802734,13,,CenterFallback,1,32,0,,,[]
20250720_235615_097,42,NO_RADIO,13,-27.6,6.9600672358232885,0.08985090255737305,0.0037124156951904297,13,,CenterFallback,1,32,0,,,[]
20250720_235615_194,42,NO_RADIO,13,-27.6,6.9600672358232885,0.08646297454833984,0.004173755645751953,13,,CenterFallback,1,32,0,,,[]
20250720_235615_287,42,NO_RADIO,13,-27.6,6.9600672358232885,0.08898282051086426,0.002868175506591797,13,,CenterFallback,1,32,0,,,[]
20250720_235615_381,42,NO_RADIO,13,-27.6,6.9600672358232885,0.09166264533996582,0.002075672149658203,13,,CenterFallback,1,32,0,,,[]
20250720_235615_476,42,NO_RADIO,13,-27.6,6.9600672358232885,0.09705567359924316,0.002655506134033203,13,,CenterFallback,1,32,0,,,[]
20250720_235615_577,42,NO_RADIO,13,-27.6,6.9600672358232885,0.09124994277954102,0.0021004676818847656,13,,CenterFallback,1,32,0,,,[]
20250720_235615_672,42,NO_RADIO,13,-27.6,6.9600672358232885,0.0954890251159668,0.0021712779998779297,13,,CenterFallback,1,32,0,,,[]
20250720_235615_771,42,NO_RADIO,13,-27.6,6.9600672358232885,0.0848689079284668,0.0021665096282958984,13,,CenterFallback,1,32,0,,,[]
20250720_235615_859,42,NO_RADIO,13,-27.6,6.9600672358232885,0.08908867835998535,0.002102375030517578,13,,CenterFallback,1,32,0,,,[]
20250720_235615_951,42,NO_RADIO,13,-27.6,6.9600672358232885,0.09330511093139648,0.0021736621856689453,13,,CenterFallback,1,32,0,,,[]
20250720_235616_048,42,NO_RADIO,13,-27.6,6.9600672358232885,0.09312605857849121,0.002046346664428711,13,,CenterFallback,1,32,0,,,[]
20250720_235616_145,42,NO_RADIO,13,-27.6,6.9600672358232885,0.09673357009887695,0.002801656723022461,13,,CenterFallback,1,32,0,,,[]
20250720_235616_246,42,NO_RADIO,13,-27.6,6.9600672358232885,0.08096122741699219,0.0021402835845947266,13,,CenterFallback,1,32,0,,,[]
20250720_235616_330,42,NO_RADIO,13,-27.6,6.9600672358232885,0.08019399642944336,0.0026412010192871094,13,,CenterFallback,1,32,0,,,[]
20250720_235616_415,42,NO_RADIO,13,-27.6,6.9600672358232885,0.09588003158569336,0.0021142959594726562,13,,CenterFallback,1,32,0,,,[]
20250720_235616_514,42,NO_RADIO,13,-27.6,6.9600672358232885,0.08507227897644043,0.0020825862884521484,13,,CenterFallback,1,32,0,,,[]
20250720_235616_602,42,NO_RADIO,13,-27.6,6.9600672358232885,0.10052847862243652,0.002071857452392578,13,,CenterFallback,1,32,0,,,[]
20250720_235616_706,42,NO_RADIO,13,-27.6,6.9600672358232885,0.0839533805847168,0.0020568370819091797,13,,CenterFallback,1,32,0,,,[]
20250720_235616_794,42,NO_RADIO,13,-27.6,6.9600672358232885,0.09117841720581055,0.002770662307739258,13,,CenterFallback,1,32,0,,,[]
20250720_235616_889,42,NO_RADIO,13,-27.6,6.9600672358232885,0.08757901191711426,0.002814054489135742,13,,CenterFallback,1,32,0,,,[]
20250720_235616_981,42,NO_RADIO,13,-27.6,6.9600672358232885,0.09828376770019531,0.0025703907012939453,13,,CenterFallback,1,32,0,,,[]
20250720_235617_083,42,NO_RADIO,13,-27.6,6.9600672358232885,0.08648347854614258,0.002347230911254883,13,,CenterFallback,1,32,0,,,[]
20250720_235617_174,42,NO_RADIO,13,-27.6,6.9600672358232885,0.08499383926391602,0.002105712890625,13,,CenterFallback,1,32,0,,,[]
20250720_235617_262,42,NO_RADIO,13,-27.6,6.9600672358232885,0.09476685523986816,0.002095460891723633,13,,CenterFallback,1,32,0,,,[]
20250720_235617_360,42,NO_RADIO,13,-27.6,6.9600672358232885,0.09271454811096191,0.0020334720611572266,13,,CenterFallback,1,32,0,,,[]
20250720_235617_456,42,NO_RADIO,13,-27.6,6.9600672358232885,0.08796310424804688,0.002154827117919922,13,,CenterFallback,1,32,0,,,[]
20250720_235617_548,43,NO_RADIO,13,-27.6,7.418301510798926,0.08546590805053711,0.002088785171508789,13,,CenterFallback,1,32,0,,,[]
20250720_235617_636,43,NO_RADIO,13,-27.6,7.418301510798926,0.0924379825592041,0.002058744430541992,13,,CenterFallback,1,32,0,,,[]
20250720_235617_732,43,NO_RADIO,13,-27.6,7.418301510798926,0.09236836433410645,0.002042055130004883,13,,CenterFallback,1,32,0,,,[]
20250720_235617_828,43,NO_RADIO,13,-27.6,7.418301510798926,0.0963582992553711,0.0022535324096679688,13,,CenterFallback,1,32,0,,,[]
20250720_235617_928,43,NO_RADIO,13,-27.6,7.418301510798926,0.09068036079406738,0.002448558807373047,13,,CenterFallback,1,32,0,,,[]
20250720_235618_022,43,NO_RADIO,13,-27.6,7.418301510798926,0.08810710906982422,0.0028069019317626953,13,,CenterFallback,1,32,0,,,[]
20250720_235618_115,43,NO_RADIO,13,-27.6,7.418301510798926,0.08834958076477051,0.002130746841430664,13,,CenterFallback,1,32,0,,,[]
20250720_235618_207,43,NO_RADIO,13,-27.6,7.418301510798926,0.10221743583679199,0.0020961761474609375,13,,CenterFallback,1,32,0,,,[]
20250720_235618_312,43,NO_RADIO,13,-27.6,7.418301510798926,0.08732390403747559,0.0021445751190185547,13,,CenterFallback,1,32,0,,,[]
20250720_235618_403,43,NO_RADIO,13,-27.6,7.418301510798926,0.08978605270385742,0.002193450927734375,13,,CenterFallback,1,32,0,,,[]
20250720_235618_496,43,NO_RADIO,13,-27.6,7.418301510798926,0.08620452880859375,0.0021424293518066406,13,,CenterFallback,1,32,0,,,[]
20250720_235618_586,43,NO_RADIO,13,-27.6,7.418301510798926,0.09247350692749023,0.003309965133666992,13,,CenterFallback,1,32,0,,,[]
20250720_235618_683,43,NO_RADIO,13,-27.6,7.418301510798926,0.0921015739440918,0.002205371856689453,13,,CenterFallback,1,32,0,,,[]
20250720_235618_779,43,NO_RADIO,13,-27.6,7.418301510798926,0.0945441722869873,0.0021924972534179688,13,,CenterFallback,1,32,0,,,[]
20250720_235618_877,43,NO_RADIO,13,-27.6,7.418301510798926,0.09174036979675293,0.0020961761474609375,13,,CenterFallback,1,32,0,,,[]
20250720_235618_972,43,NO_RADIO,13,-27.6,7.418301510798926,0.09143638610839844,0.0021338462829589844,13,,CenterFallback,1,32,0,,,[]
20250720_235619_067,43,NO_RADIO,13,-27.6,7.418301510798926,0.08400130271911621,0.002106904983520508,13,,CenterFallback,1,32,0,,,[]
20250720_235619_154,43,NO_RADIO,13,-27.6,7.418301510798926,0.0868535041809082,0.0020728111267089844,13,,CenterFallback,1,32,0,,,[]
20250720_235619_244,43,NO_RADIO,13,-27.6,7.418301510798926,0.09406185150146484,0.0022897720336914062,13,,CenterFallback,1,32,0,,,[]
20250720_235619_342,43,NO_RADIO,13,-27.6,7.418301510798926,0.09529948234558105,0.0020334720611572266,13,,CenterFallback,1,32,0,,,[]
20250720_235619_441,43,NO_RADIO,13,-27.6,7.418301510798926,0.0952911376953125,0.002120494842529297,13,,CenterFallback,1,32,0,,,[]
20250720_235619_539,43,NO_RADIO,13,-27.6,7.418301510798926,0.09039664268493652,0.002039194107055664,13,,CenterFallback,1,32,0,,,[]
20250720_235619_633,43,NO_RADIO,13,-27.6,7.418301510798926,0.08760380744934082,0.0021004676818847656,13,,CenterFallback,1,32,0,,,[]
20250720_235619_724,43,NO_RADIO,13,-27.6,7.418301510798926,0.09989547729492188,0.002041339874267578,13,,CenterFallback,1,32,0,,,[]
20250720_235619_827,43,NO_RADIO,13,-27.6,7.418301510798926,0.08458328247070312,0.00211334228515625,13,,CenterFallback,1,32,0,,,[]
20250720_235619_915,43,NO_RADIO,13,-27.6,7.418301510798926,0.07915067672729492,0.0021948814392089844,13,,CenterFallback,1,32,0,,,[]
20250720_235619_998,43,NO_RADIO,13,-27.6,7.418301510798926,0.09505152702331543,0.00211334228515625,13,,CenterFallback,1,32,0,,,[]
20250720_235620_096,43,NO_RADIO,13,-27.6,7.418301510798926,0.08499813079833984,0.00209808349609375,13,,CenterFallback,1,32,0,,,[]
20250720_235620_184,43,NO_RADIO,13,-27.6,7.418301510798926,0.09036064147949219,0.002798318862915039,13,,CenterFallback,1,32,0,,,[]
20250720_235620_279,43,NO_RADIO,13,-27.6,7.418301510798926,0.08675718307495117,0.002819538116455078,13,,CenterFallback,1,32,0,,,[]
20250720_235620_371,43,NO_RADIO,13,-27.6,7.418301510798926,0.09614372253417969,0.002830982208251953,13,,CenterFallback,1,32,0,,,[]
20250720_235620_472,43,NO_RADIO,13,-27.6,7.418301510798926,0.09489727020263672,0.002778291702270508,13,,CenterFallback,1,32,0,,,[]
20250720_235620_571,43,NO_RADIO,13,-27.6,7.418301510798926,0.0909116268157959,0.0028104782104492188,13,,CenterFallback,1,32,0,,,[]
20250720_235620_667,43,NO_RADIO,13,-27.6,7.418301510798926,0.08524322509765625,0.002780437469482422,13,,CenterFallback,1,32,0,,,[]
20250720_235620_757,43,NO_RADIO,13,-27.6,7.418301510798926,0.09490609169006348,0.002733945846557617,13,,CenterFallback,1,32,0,,,[]
20250720_235620_856,43,NO_RADIO,13,-27.6,7.418301510798926,0.08227086067199707,0.002353668212890625,13,,CenterFallback,1,32,0,,,[]
20250720_235620_943,43,NO_RADIO,13,-27.6,7.418301510798926,0.08413171768188477,0.0028030872344970703,13,,CenterFallback,1,32,0,,,[]
20250720_235621_031,43,NO_RADIO,13,-27.6,7.418301510798926,0.08943963050842285,0.002705812454223633,13,,CenterFallback,1,32,0,,,[]
20250720_235621_125,43,NO_RADIO,13,-27.6,7.418301510798926,0.08729863166809082,0.0030317306518554688,13,,CenterFallback,1,32,0,,,[]
20250720_235621_218,43,NO_RADIO,13,-27.6,7.418301510798926,0.08714985847473145,0.0029535293579101562,13,,CenterFallback,1,32,0,,,[]
20250720_235621_310,43,NO_RADIO,13,-27.6,7.418301510798926,0.09229850769042969,0.0029611587524414062,13,,CenterFallback,1,32,0,,,[]
20250720_235621_407,43,NO_RADIO,13,-27.6,7.418301510798926,0.08326888084411621,0.0028836727142333984,13,,CenterFallback,1,32,0,,,[]
20250720_235621_495,44,NO_RADIO,13,-27.6,6.22632895030354,0.08992290496826172,0.0023343563079833984,13,,CenterFallback,1,32,0,,,[]
20250720_235621_589,44,NO_RADIO,13,-27.6,6.22632895030354,0.08712196350097656,0.002988100051879883,13,,CenterFallback,1,32,0,,,[]
20250720_235621_681,44,NO_RADIO,13,-27.6,6.22632895030354,0.0938715934753418,0.002947092056274414,13,,CenterFallback,1,32,0,,,[]
20250720_235621_779,44,NO_RADIO,13,-27.6,6.22632895030354,0.09114837646484375,0.002118825912475586,13,,CenterFallback,1,32,0,,,[]
20250720_235621_874,44,NO_RADIO,13,-27.6,6.22632895030354,0.09138107299804688,0.0028984546661376953,13,,CenterFallback,1,32,0,,,[]
20250720_235621_970,44,NO_RADIO,13,-27.6,6.22632895030354,0.08381247520446777,0.0029020309448242188,13,,CenterFallback,1,32,0,,,[]
20250720_235622_059,44,NO_RADIO,13,-27.6,6.22632895030354,0.09323954582214355,0.0023200511932373047,13,,CenterFallback,1,32,0,,,[]
20250720_235622_156,44,NO_RADIO,13,-27.6,6.22632895030354,0.0892782211303711,0.0022928714752197266,13,,CenterFallback,1,32,0,,,[]
20250720_235622_249,44,NO_RADIO,13,-27.6,6.22632895030354,0.09489917755126953,0.0021457672119140625,13,,CenterFallback,1,32,0,,,[]
20250720_235622_347,44,NO_RADIO,13,-27.6,6.22632895030354,0.09345149993896484,0.0028574466705322266,13,,CenterFallback,1,32,0,,,[]
20250720_235622_446,44,NO_RADIO,13,-27.6,6.22632895030354,0.09635138511657715,0.0027391910552978516,13,,CenterFallback,1,32,0,,,[]
20250720_235622_547,44,NO_RADIO,13,-27.6,6.22632895030354,0.09516406059265137,0.002672910690307617,13,,CenterFallback,1,32,0,,,[]
20250720_235622_646,44,NO_RADIO,13,-27.6,6.22632895030354,0.0963752269744873,0.002837657928466797,13,,CenterFallback,1,32,0,,,[]
20250720_235622_747,44,NO_RADIO,13,-27.6,6.22632895030354,0.08730554580688477,0.002835988998413086,13,,CenterFallback,1,32,0,,,[]
20250720_235622_839,44,NO_RADIO,13,-27.6,6.22632895030354,0.09259581565856934,0.0026645660400390625,13,,CenterFallback,1,32,0,,,[]
20250720_235622_936,44,NO_RADIO,13,-27.6,6.22632895030354,0.09107184410095215,0.002793550491333008,13,,CenterFallback,1,32,0,,,[]
20250720_235623_032,44,NO_RADIO,13,-27.6,6.22632895030354,0.09790396690368652,0.0031135082244873047,13,,CenterFallback,1,32,0,,,[]
20250720_235623_135,44,NO_RADIO,13,-27.6,6.22632895030354,0.09926915168762207,0.0027112960815429688,13,,CenterFallback,1,32,0,,,[]
20250720_235623_238,44,NO_RADIO,13,-27.6,6.22632895030354,0.09691214561462402,0.002154111862182617,13,,CenterFallback,1,32,0,,,[]
20250720_235623_339,44,NO_RADIO,13,-27.6,6.22632895030354,0.09905457496643066,0.0020487308502197266,13,,CenterFallback,1,32,0,,,[]
20250720_235623_441,44,NO_RADIO,13,-27.6,6.22632895030354,0.09741020202636719,0.0021343231201171875,13,,CenterFallback,1,32,0,,,[]
20250720_235623_542,44,NO_RADIO,13,-27.6,6.22632895030354,0.09423661231994629,0.003656148910522461,13,,CenterFallback,1,32,0,,,[]
20250720_235623_641,44,NO_RADIO,13,-27.6,6.22632895030354,0.09007644653320312,0.002048969268798828,13,,CenterFallback,1,32,0,,,[]
20250720_235623_735,44,NO_RADIO,13,-27.6,6.22632895030354,0.0941004753112793,0.00201416015625,13,,CenterFallback,1,32,0,,,[]
20250720_235623_832,44,NO_RADIO,13,-27.6,6.22632895030354,0.0944058895111084,0.002989530563354492,13,,CenterFallback,1,32,0,,,[]
20250720_235623_931,44,NO_RADIO,13,-27.6,6.22632895030354,0.09516286849975586,0.003077983856201172,13,,CenterFallback,1,32,0,,,[]
20250720_235624_031,44,NO_RADIO,13,-27.6,6.22632895030354,0.09722328186035156,0.0019958019256591797,13,,CenterFallback,1,32,0,,,[]
20250720_235624_132,44,NO_RADIO,13,-27.6,6.22632895030354,0.09615445137023926,0.0020532608032226562,13,,CenterFallback,1,32,0,,,[]
20250720_235624_231,44,NO_RADIO,13,-27.6,6.22632895030354,0.10333919525146484,0.0021326541900634766,13,,CenterFallback,1,32,0,,,[]
20250720_235624_338,44,NO_RADIO,13,-27.6,6.22632895030354,0.08869099617004395,0.0021102428436279297,13,,CenterFallback,1,32,0,,,[]
20250720_235624_430,44,NO_RADIO,13,-27.6,6.22632895030354,0.08519387245178223,0.0022089481353759766,13,,CenterFallback,1,32,0,,,[]
20250720_235624_519,44,NO_RADIO,13,-27.6,6.22632895030354,0.09039497375488281,0.003987312316894531,13,,CenterFallback,1,32,0,,,[]
20250720_235624_616,44,NO_RADIO,13,-27.6,6.22632895030354,0.08815670013427734,0.004500865936279297,13,,CenterFallback,1,32,0,,,[]
20250720_235624_712,44,NO_RADIO,13,-27.6,6.22632895030354,0.09944343566894531,0.004002094268798828,13,,CenterFallback,1,32,0,,,[]
20250720_235624_818,44,NO_RADIO,13,-27.6,6.22632895030354,0.0906364917755127,0.004637718200683594,13,,CenterFallback,1,32,0,,,[]
20250720_235624_916,44,NO_RADIO,13,-27.6,6.22632895030354,0.10245823860168457,0.003969430923461914,13,,CenterFallback,1,32,0,,,[]
20250720_235625_026,44,NO_RADIO,13,-27.6,6.22632895030354,0.08472061157226562,0.004324913024902344,13,,CenterFallback,1,32,0,,,[]
20250720_235625_118,44,NO_RADIO,13,-27.6,6.22632895030354,0.08502697944641113,0.00416874885559082,13,,CenterFallback,1,32,0,,,[]
20250720_235625_210,44,NO_RADIO,13,-27.6,6.22632895030354,0.09238195419311523,0.002585172653198242,13,,CenterFallback,1,32,0,,,[]
20250720_235625_307,44,NO_RADIO,13,-27.6,6.22632895030354,0.08852887153625488,0.003966808319091797,13,,CenterFallback,1,32,0,,,[]
20250720_235625_402,44,NO_RADIO,13,-27.6,6.22632895030354,0.09667038917541504,0.00427699089050293,13,,CenterFallback,1,32,0,,,[]
20250720_235625_506,45,NO_RADIO,13,-27.6,6.908022576843095,0.09565901756286621,0.004348039627075195,13,,CenterFallback,1,32,0,,,[]
20250720_235625_609,45,NO_RADIO,13,-27.6,6.908022576843095,0.09520697593688965,0.004109621047973633,13,,CenterFallback,1,32,0,,,[]
20250720_235625_711,45,NO_RADIO,13,-27.6,6.908022576843095,0.10064864158630371,0.004126310348510742,13,,CenterFallback,1,32,0,,,[]
20250720_235625_818,45,NO_RADIO,13,-27.6,6.908022576843095,0.0933234691619873,0.004146575927734375,13,,CenterFallback,1,32,0,,,[]
20250720_235625_919,45,NO_RADIO,13,-27.6,6.908022576843095,0.10031890869140625,0.00400090217590332,13,,CenterFallback,1,32,0,,,[]
20250720_235626_026,45,NO_RADIO,13,-27.6,6.908022576843095,0.08070158958435059,0.00403285026550293,13,,CenterFallback,1,32,0,,,[]
20250720_235626_114,45,NO_RADIO,13,-27.6,6.908022576843095,0.09029865264892578,0.004421710968017578,13,,CenterFallback,1,32,0,,,[]
20250720_235626_211,45,NO_RADIO,13,-27.6,6.908022576843095,0.08754992485046387,0.003958225250244141,13,,CenterFallback,1,32,0,,,[]
20250720_235626_306,45,NO_RADIO,13,-27.6,6.908022576843095,0.09871315956115723,0.003966808319091797,13,,CenterFallback,1,32,0,,,[]
20250720_235626_411,45,NO_RADIO,13,-27.6,6.908022576843095,0.09969806671142578,0.004019975662231445,13,,CenterFallback,1,32,0,,,[]
20250720_235626_518,45,NO_RADIO,13,-27.6,6.908022576843095,0.09415769577026367,0.0035142898559570312,13,,CenterFallback,1,32,0,,,[]
20250720_235626_617,45,NO_RADIO,13,-27.6,6.908022576843095,0.09394073486328125,0.004453420639038086,13,,CenterFallback,1,32,0,,,[]
20250720_235626_719,45,NO_RADIO,13,-27.6,6.908022576843095,0.10091567039489746,0.004166364669799805,13,,CenterFallback,1,32,0,,,[]
20250720_235626_827,45,NO_RADIO,13,-27.6,6.908022576843095,0.0906069278717041,0.00435638427734375,13,,CenterFallback,1,32,0,,,[]
20250720_235626_925,45,NO_RADIO,13,-27.6,6.908022576843095,0.09340691566467285,0.004030466079711914,13,,CenterFallback,1,32,0,,,[]
20250720_235627_025,45,NO_RADIO,13,-27.6,6.908022576843095,0.08496451377868652,0.004026889801025391,13,,CenterFallback,1,32,0,,,[]
20250720_235627_117,45,NO_RADIO,13,-27.6,6.908022576843095,0.0866246223449707,0.004355430603027344,13,,CenterFallback,1,32,0,,,[]
20250720_235627_211,45,NO_RADIO,13,-27.6,6.908022576843095,0.10119175910949707,0.004057645797729492,13,,CenterFallback,1,32,0,,,[]
20250720_235627_319,45,NO_RADIO,13,-27.6,6.908022576843095,0.08990883827209473,0.0039980411529541016,13,,CenterFallback,1,32,0,,,[]
20250720_235627_416,45,NO_RADIO,13,-27.6,6.908022576843095,0.09625649452209473,0.004195690155029297,13,,CenterFallback,1,32,0,,,[]
20250720_235627_520,45,NO_RADIO,13,-27.6,6.908022576843095,0.09792757034301758,0.0040721893310546875,13,,CenterFallback,1,32,0,,,[]
20250720_235627_625,45,NO_RADIO,13,-27.6,6.908022576843095,0.09728503227233887,0.003999233245849609,13,,CenterFallback,1,32,0,,,[]
20250720_235627_729,45,NO_RADIO,13,-27.6,6.908022576843095,0.08813738822937012,0.004066944122314453,13,,CenterFallback,1,32,0,,,[]
20250720_235627_824,45,NO_RADIO,13,-27.6,6.908022576843095,0.09502434730529785,0.004644632339477539,13,,CenterFallback,1,32,0,,,[]
20250720_235627_926,45,NO_RADIO,13,-27.6,6.908022576843095,0.09595537185668945,0.003994464874267578,13,,CenterFallback,1,32,0,,,[]
20250720_235628_029,45,NO_RADIO,13,-27.6,6.908022576843095,0.0914754867553711,0.004216194152832031,13,,CenterFallback,1,32,0,,,[]
20250720_235628_128,45,NO_RADIO,13,-27.6,6.908022576843095,0.08940720558166504,0.003791332244873047,13,,CenterFallback,1,32,0,,,[]
20250720_235628_223,45,NO_RADIO,13,-27.6,6.908022576843095,0.09804892539978027,0.004000425338745117,13,,CenterFallback,1,32,0,,,[]
20250720_235628_328,45,NO_RADIO,13,-27.6,6.908022576843095,0.0812079906463623,0.003997802734375,13,,CenterFallback,1,32,0,,,[]
20250720_235628_416,45,NO_RADIO,13,-27.6,6.908022576843095,0.08807945251464844,0.0042269229888916016,13,,CenterFallback,1,32,0,,,[]
20250720_235628_511,45,NO_RADIO,13,-27.6,6.908022576843095,0.08771157264709473,0.0039825439453125,13,,CenterFallback,1,32,0,,,[]
20250720_235628_606,45,NO_RADIO,13,-27.6,6.908022576843095,0.09807109832763672,0.0041277408599853516,13,,CenterFallback,1,32,0,,,[]
20250720_235628_711,45,NO_RADIO,13,-27.6,6.908022576843095,0.09302139282226562,0.0019693374633789062,13,,CenterFallback,1,32,0,,,[]
20250720_235628_807,45,NO_RADIO,13,-27.6,6.908022576843095,0.0962820053100586,0.004120588302612305,13,,CenterFallback,1,32,0,,,[]
20250720_235628_910,45,NO_RADIO,13,-27.6,6.908022576843095,0.09521913528442383,0.0043599605560302734,13,,CenterFallback,1,32,0,,,[]
20250720_235629_013,45,NO_RADIO,13,-27.6,6.908022576843095,0.0953972339630127,0.004041910171508789,13,,CenterFallback,1,32,0,,,[]
20250720_235629_115,45,NO_RADIO,13,-27.6,6.908022576843095,0.09124755859375,0.003976583480834961,13,,CenterFallback,1,32,0,,,[]
20250720_235629_213,45,NO_RADIO,13,-27.6,6.908022576843095,0.09261298179626465,0.004337787628173828,13,,CenterFallback,1,32,0,,,[]
20250720_235629_313,45,NO_RADIO,13,-27.6,6.908022576843095,0.09811806678771973,0.003976106643676758,13,,CenterFallback,1,32,0,,,[]
20250720_235629_419,45,NO_RADIO,13,-27.6,6.908022576843095,0.09305548667907715,0.004055976867675781,13,,CenterFallback,1,32,0,,,[]
20250720_235629_519,46,NO_RADIO,13,-27.6,7.016035606878859,0.08851122856140137,0.004369497299194336,13,,CenterFallback,1,32,0,,,[]
