Timestamp,Boresight,Jetson Detection,Rx Beam Index,Rx Beam Angle,Initial SNR (dB),Initial Max Power (dBm),Max Power (dBm),YOLO Time (s),Beam Sweep Time (s),Rx Beam Index (YOLO Predicted),Rx Beam Index (Selected),Adjustment Method,Beams Checked in Search,Adjusted Beam Index,Adjusted Beam Angle,SNR (dB),Offset Error,Beam Offset History,Received Jetson inference Time,Set TX Beam Time (s),Set RX Beam Time (s),Stabilize Beam Time (s),Measure SNR Time (s)
20250724_010214_265,-40,58,58,37.7,25.24715212029878,-77.04408416748046,-77.04408416748046,0.1055378913879394,0.1020081043243408,58,58.0,YOLO,1,32,0.0,25.24715212029878,0.0,[],0.1052472591400146,0.0504870414733886,0.0504958629608154,0.0003902912139892,0.0006294250488281
20250724_010214_474,-40,58,58,37.7,24.850315564038738,-77.42744750976563,-77.42744750976563,0.1039035320281982,0.1583609580993652,58,58.0,YOLO,1,32,0.0,24.850315564038738,0.0,[],0.1035783290863037,0.0504617691040039,0.0504646301269531,0.0567619800567626,0.0006656646728515
20250724_010214_738,-40,58,58,37.7,24.952863533186655,-77.3883903503418,-77.3883903503418,0.1025702953338623,0.1022155284881591,58,58.0,YOLO,1,32,0.0,24.952863533186655,0.0,[],0.1022849082946777,0.0505738258361816,0.050513744354248,0.0004053115844726,0.0007178783416748
20250724_010214_944,-40,58,58,37.7,24.92412375999426,-77.36104164123535,-77.36104164123535,0.1014332771301269,0.1582739353179931,58,58.0,YOLO,1,32,0.0,24.92412375999426,0.0,[],0.1011195182800293,0.0504274368286132,0.05045747756958,0.0567297935485839,0.0006532669067382
20250724_010215_205,-40,58,58,37.7,24.874420601432988,-77.42626647949218,-77.42626647949218,0.1013364791870117,0.1020755767822265,58,58.0,YOLO,1,32,0.0,24.874420601432988,0.0,[],0.1010301113128662,0.0504634380340576,0.0504717826843261,0.0003883838653564,0.000746726989746
20250724_010215_410,-40,NO_RADIO,58,37.7,24.35501294453705,-77.8941162109375,-77.8941162109375,0.100900650024414,0.1585135459899902,58,,CenterFallback,1,32,0.0,,,[],0.1006176471710205,0.0504953861236572,0.0504782199859619,0.0567977428436279,0.0006904602050781
20250724_010215_671,-40,NO_RADIO,58,37.7,24.373991735354167,-77.81279678344727,-77.81279678344727,0.1019792556762695,0.1021225452423095,58,,CenterFallback,1,32,0.0,,,[],0.1016569137573242,0.0504896640777587,0.0505008697509765,0.0004060268402099,0.000687837600708
20250724_010215_877,-40,58,58,37.7,24.84818008295528,-77.51253471374511,-77.51253471374511,0.1027390956878662,0.1583454608917236,58,58.0,YOLO,1,32,0.0,24.84818008295528,0.0,[],0.1023907661437988,0.0504496097564697,0.0504474639892578,0.0567457675933837,0.0006964206695556
20250724_010216_140,-40,58,58,37.7,24.666995138185584,-77.57918395996094,-77.57918395996094,0.1066639423370361,0.1019902229309082,58,58.0,YOLO,1,32,0.0,24.666995138185584,0.0,[],0.1063258647918701,0.0504639148712158,0.0504631996154785,0.0003993511199951,0.0006585121154785
20250724_010216_350,-40,58,58,37.7,24.72135389131917,-77.54704627990722,-77.54704627990722,0.1030066013336181,0.1583216190338134,58,58.0,YOLO,1,32,0.0,24.72135389131917,0.0,[],0.1026945114135742,0.0504558086395263,0.0504591464996337,0.0567269325256347,0.0006730556488037
20250724_010216_613,-40,NO_RADIO,58,37.7,24.67280169562868,-77.68533515930176,-77.68533515930176,0.1020386219024658,0.1020982265472412,58,,CenterFallback,1,32,0.0,,,[],0.1017086505889892,0.0504736900329589,0.0504584312438964,0.0003817081451416,0.0007433891296386
20250724_010216_819,-40,58,58,37.7,24.53091438868438,-77.7389762878418,-77.7389762878418,0.1014842987060546,0.1583991050720214,58,58.0,YOLO,1,32,0.0,24.53091438868438,0.0,[],0.1011409759521484,0.0505120754241943,0.0504853725433349,0.0567262172698974,0.0006687641143798
20250724_010217_080,-40,58,58,37.7,24.598033998055087,-77.7045684814453,-77.7045684814453,0.1028857231140136,0.1019840240478515,58,58.0,YOLO,1,32,0.0,24.598033998055087,0.0,[],0.1025512218475341,0.0504772663116455,0.0504457950592041,0.0003981590270996,0.0006568431854248
20250724_010217_287,-40,58,58,37.7,24.568825764153143,-77.830131149292,-77.830131149292,0.1008546352386474,0.1583993434906005,58,58.0,YOLO,1,32,0.0,24.568825764153143,0.0,[],0.1005504131317138,0.0504498481750488,0.0504570007324218,0.0567352771759033,0.0007514953613281
20250724_010217_548,-40,58,58,37.7,24.723706924499268,-77.60354652404786,-77.60354652404786,0.1023504734039306,0.1020810604095459,58,58.0,YOLO,1,32,0.0,24.723706924499268,0.0,[],0.1020214557647705,0.0504820346832275,0.0504989624023437,0.0003931522369384,0.0007011890411376
20250724_010217_754,-40,58,58,37.7,24.77421687479911,-77.60726432800293,-77.60726432800293,0.102778673171997,0.1583166122436523,58,58.0,YOLO,1,32,0.0,24.77421687479911,0.0,[],0.10247802734375,0.0504708290100097,0.0504450798034668,0.0567317008972168,0.0006632804870605
20250724_010218_016,-40,58,58,37.7,24.732752129732877,-77.42837486267089,-77.42837486267089,0.1049284934997558,0.1020617485046386,58,58.0,YOLO,1,32,0.0,24.732752129732877,0.0,[],0.104609727859497,0.0504205226898193,0.0505449771881103,0.0004167556762695,0.0006742477416992
20250724_010218_225,-39,58,58,37.7,24.21756951421611,-78.08657836914062,-78.08657836914062,0.102175235748291,0.1586730480194091,58,58.0,YOLO,1,32,0.0,24.21756951421611,0.0,[],0.1018807888031005,0.0504868030548095,0.050447940826416,0.0567672252655029,0.0009632110595703
20250724_010218_488,-39,58,58,37.7,23.96791176545463,-78.27481079101562,-78.27481079101562,0.102285623550415,0.1020889282226562,58,58.0,YOLO,1,32,0.0,23.96791176545463,0.0,[],0.1019032001495361,0.0504426956176757,0.0505397319793701,0.0004084110260009,0.0006911754608154
20250724_010218_694,-39,58,58,37.7,23.76294497968965,-78.56138458251954,-78.56138458251954,0.1021709442138671,0.1583657264709472,58,58.0,YOLO,1,32,0.0,23.76294497968965,0.0,[],0.1018340587615966,0.0504693984985351,0.0504493713378906,0.0567843914031982,0.0006563663482666
20250724_010218_956,-39,58,58,37.7,23.78738864290571,-78.55984497070312,-78.55984497070312,0.10162353515625,0.1020238399505615,58,58.0,YOLO,1,32,0.0,23.78738864290571,0.0,[],0.1012713909149169,0.0504810810089111,0.0504872798919677,0.0003936290740966,0.0006566047668457
20250724_010219_161,-39,58,58,37.7,23.75701405919655,-78.5678939819336,-78.5678939819336,0.1037261486053466,0.1583666801452636,58,58.0,YOLO,1,32,0.0,23.75701405919655,0.0,[],0.1034224033355712,0.0504481792449951,0.0505108833312988,0.056720495223999,0.0006814002990722
20250724_010219_425,-39,58,58,37.7,23.70212088442389,-78.53644790649415,-78.53644790649415,0.1038110256195068,0.1020660400390625,58,58.0,YOLO,1,32,0.0,23.70212088442389,0.0,[],0.1034674644470214,0.0504677295684814,0.0505008697509765,0.0004055500030517,0.0006866455078125
20250724_010219_633,-39,58,58,37.7,23.980018298523504,-78.31193542480469,-78.31193542480469,0.103440523147583,0.1583480834960937,58,58.0,YOLO,1,32,0.0,23.980018298523504,0.0,[],0.1031186580657959,0.0504577159881591,0.0504484176635742,0.0567646026611328,0.0006701946258544
20250724_010219_896,-39,58,58,37.7,24.21452414757104,-78.12821388244629,-78.12821388244629,0.1023395061492919,0.1020369529724121,58,58.0,YOLO,1,32,0.0,24.21452414757104,0.0,[],0.1020207405090332,0.0504634380340576,0.050480842590332,0.0004036426544189,0.000683307647705
20250724_010220_102,-39,58,58,37.7,23.626173089273134,-78.64547729492188,-78.64547729492188,0.096928596496582,0.1584861278533935,58,58.0,YOLO,1,32,0.0,23.626173089273134,0.0,[],0.0966570377349853,0.0504717826843261,0.0505132675170898,0.0568125247955322,0.0006816387176513
20250724_010220_359,-39,58,58,37.7,23.5522173395171,-78.71534004211426,-78.71534004211426,0.103672981262207,0.1019792556762695,58,58.0,YOLO,1,32,0.0,23.5522173395171,0.0,[],0.1032814979553222,0.0504608154296875,0.0504665374755859,0.0004007816314697,0.0006458759307861
20250724_010220_566,-39,58,58,37.7,23.773651232958088,-78.54984397888184,-78.54984397888184,0.1023905277252197,0.1583220958709716,58,58.0,YOLO,1,32,0.0,23.773651232958088,0.0,[],0.1020700931549072,0.0504512786865234,0.0504579544067382,0.0567467212677001,0.0006599426269531
20250724_010220_829,-39,58,58,37.7,23.72290540789939,-78.57665405273437,-78.57665405273437,0.1040873527526855,0.1019353866577148,58,58.0,YOLO,1,32,0.0,23.72290540789939,0.0,[],0.1037502288818359,0.0504584312438964,0.0504491329193115,0.0003788471221923,0.0006442070007324
20250724_010221_036,-39,58,58,37.7,23.521272826968897,-78.74762725830078,-78.74762725830078,0.1046257019042968,0.1583192348480224,58,58.0,YOLO,1,32,0.0,23.521272826968897,0.0,[],0.1042861938476562,0.0504522323608398,0.0504488945007324,0.0567173957824707,0.0006942749023437
20250724_010221_301,-39,57,57,36.3,23.57737699468112,-78.60758323669434,-78.60758323669434,0.1034235954284668,0.102083683013916,57,57.0,YOLO,1,32,0.0,23.57737699468112,0.0,[],0.1030795574188232,0.0504584312438964,0.0504946708679199,0.0004053115844726,0.0007190704345703
20250724_010221_508,-39,57,57,36.3,24.11542584523643,-78.13301277160645,-78.13301277160645,0.1013152599334716,0.1583120822906494,57,57.0,YOLO,1,32,0.0,24.11542584523643,0.0,[],0.1009907722473144,0.0504889488220214,0.0504498481750488,0.0567190647125244,0.0006482601165771
20250724_010221_769,-39,57,57,36.3,24.171111328306225,-78.12595863342285,-78.12595863342285,0.1020975112915039,0.1019854545593261,57,57.0,YOLO,1,32,0.0,24.171111328306225,0.0,[],0.1017854213714599,0.0504565238952636,0.0504744052886962,0.0004065036773681,0.0006427764892578
20250724_010221_975,-39,57,57,36.3,24.15796907251868,-78.09788246154785,-78.09788246154785,0.101968765258789,0.158374547958374,57,57.0,YOLO,1,32,0.0,24.15796907251868,0.0,[],0.1016085147857666,0.0504603385925293,0.0504827499389648,0.0567402839660644,0.0006840229034423
20250724_010222_237,-38,57,57,36.3,24.27429239577529,-77.94163093566894,-77.94163093566894,0.1041531562805175,0.1020312309265136,57,57.0,YOLO,1,32,0.0,24.27429239577529,0.0,[],0.103816270828247,0.0505013465881347,0.0504829883575439,0.0003972053527832,0.0006401538848876
20250724_010222_445,-38,57,57,36.3,23.20915022405022,-79.12173461914062,-79.12173461914062,0.1013121604919433,0.1583600044250488,57,57.0,YOLO,1,32,0.0,23.20915022405022,0.0,[],0.100992202758789,0.0505120754241943,0.0504195690155029,0.0567622184753418,0.0006594657897949
20250724_010222_706,-38,57,57,36.3,23.209612951738592,-79.05060234069825,-79.05060234069825,0.1060528755187988,0.1021957397460937,57,57.0,YOLO,1,32,0.0,23.209612951738592,0.0,[],0.1057245731353759,0.050541877746582,0.0505721569061279,0.0004007816314697,0.0006749629974365
20250724_010222_916,-38,57,57,36.3,23.0688945088358,-79.30669593811035,-79.30669593811035,0.0987370014190673,0.1584205627441406,57,57.0,YOLO,1,32,0.0,23.0688945088358,0.0,[],0.0983874797821044,0.0504679679870605,0.0504798889160156,0.0567994117736816,0.0006666183471679
20250724_010223_175,-38,57,57,36.3,22.966260766565043,-79.18876991271972,-79.18876991271972,0.1006157398223877,0.1019835472106933,57,57.0,YOLO,1,32,0.0,22.966260766565043,0.0,[],0.1002967357635498,0.0504460334777832,0.0504572391510009,0.0003907680511474,0.0006837844848632
20250724_010223_379,-38,57,57,36.3,22.95636515349236,-79.19845199584961,-79.19845199584961,0.0996313095092773,0.1583704948425293,57,57.0,YOLO,1,32,0.0,22.95636515349236,0.0,[],0.0993256568908691,0.0504498481750488,0.0504877567291259,0.0567517280578613,0.0006752014160156
20250724_010223_638,-38,57,57,36.3,23.137381522493897,-79.09557189941407,-79.09557189941407,0.1045007705688476,0.1020739078521728,57,57.0,YOLO,1,32,0.0,23.137381522493897,0.0,[],0.1041548252105712,0.0505175590515136,0.0504648685455322,0.0004098415374755,0.0006759166717529
20250724_010223_846,-38,57,57,36.3,22.76740603974005,-79.56859283447265,-79.56859283447265,0.1028552055358886,0.1583173274993896,57,57.0,YOLO,1,32,0.0,22.76740603974005,0.0,[],0.1025216579437255,0.0504415035247802,0.0504741668701171,0.0567312240600585,0.0006637573242187
20250724_010224_109,-38,57,57,36.3,22.767354933974342,-79.50688171386719,-79.50688171386719,0.1017663478851318,0.1021151542663574,57,57.0,YOLO,1,32,0.0,22.767354933974342,0.0,[],0.1014318466186523,0.0504572391510009,0.0504858493804931,0.0004031658172607,0.0007634162902832
20250724_010224_315,-38,57,57,36.3,23.0641564726114,-79.12057304382324,-79.12057304382324,0.0996088981628418,0.1583724021911621,57,57.0,YOLO,1,32,0.0,23.0641564726114,0.0,[],0.0992662906646728,0.0504665374755859,0.0504698753356933,0.0567414760589599,0.0006892681121826
20250724_010224_574,-38,57,57,36.3,22.9480328583971,-79.31203651428223,-79.31203651428223,0.1020684242248535,0.1020023822784423,57,57.0,YOLO,1,32,0.0,22.9480328583971,0.0,[],0.1017594337463378,0.050492525100708,0.050445556640625,0.0003981590270996,0.0006601810455322
20250724_010224_780,-38,57,57,36.3,23.221229444956947,-79.13085594177247,-79.13085594177247,0.1017711162567138,0.158360481262207,57,57.0,YOLO,1,32,0.0,23.221229444956947,0.0,[],0.1014094352722168,0.0504651069641113,0.0504627227783203,0.0567243099212646,0.0007016658782958
20250724_010225_042,-38,57,57,36.3,23.08907059244433,-79.03052024841308,-79.03052024841308,0.1058657169342041,0.1021468639373779,57,57.0,YOLO,1,32,0.0,23.08907059244433,0.0,[],0.1055595874786377,0.0504794120788574,0.0505163669586181,0.0004084110260009,0.0007367134094238
20250724_010225_252,-38,56,56,34.8,25.222482527282864,-77.05306243896484,-77.05306243896484,0.1017181873321533,0.1583015918731689,56,56.0,YOLO,1,32,0.0,25.222482527282864,0.0,[],0.1013805866241455,0.0504138469696044,0.0504529476165771,0.056758165359497,0.0006704330444335
20250724_010225_513,-38,56,56,34.8,25.04382822591268,-77.34471435546875,-77.34471435546875,0.1036233901977539,0.1020228862762451,56,56.0,YOLO,1,32,0.0,25.04382822591268,0.0,[],0.1032829284667968,0.0505092144012451,0.0504312515258789,0.0004050731658935,0.00067138671875
20250724_010225_720,-38,56,56,34.8,25.102670064449896,-77.21262969970704,-77.21262969970704,0.1012439727783203,0.1585040092468261,56,56.0,YOLO,1,32,0.0,25.102670064449896,0.0,[],0.1009430885314941,0.0505697727203369,0.0504572391510009,0.0567519664764404,0.000718355178833
20250724_010225_982,-38,56,56,34.8,25.282679860078147,-77.06100387573242,-77.06100387573242,0.1029343605041503,0.1019580364227294,56,56.0,YOLO,1,32,0.0,25.282679860078147,0.0,[],0.1025998592376709,0.0504589080810546,0.0504429340362548,0.0004081726074218,0.0006427764892578
20250724_010226_188,-37,56,56,34.8,24.760460882159137,-77.65027885437011,-77.65027885437011,0.1032369136810302,0.1584224700927734,56,56.0,YOLO,1,32,0.0,24.760460882159137,0.0,[],0.1029260158538818,0.0504796504974365,0.0504794120788574,0.0567452907562255,0.0007112026214599
20250724_010226_452,-37,56,56,34.8,24.55143587316242,-77.62903709411621,-77.62903709411621,0.105492353439331,0.1019918918609619,56,56.0,YOLO,1,32,0.0,24.55143587316242,0.0,[],0.1051492691040039,0.0504820346832275,0.0504486560821533,0.0004003047943115,0.0006561279296875
20250724_010226_661,-37,56,56,34.8,24.10551595532999,-78.18970222473145,-78.18970222473145,0.1060001850128173,0.1584134101867675,56,56.0,YOLO,1,32,0.0,24.10551595532999,0.0,[],0.1056947708129882,0.0504572391510009,0.0504770278930664,0.0567693710327148,0.0007002353668212
20250724_010226_927,-37,56,56,34.8,24.20078606545286,-78.08419189453124,-78.08419189453124,0.1034600734710693,0.1020398139953613,56,56.0,YOLO,1,32,0.0,24.20078606545286,0.0,[],0.1031763553619384,0.0504596233367919,0.0504660606384277,0.0003998279571533,0.000709056854248
20250724_010227_134,-37,56,56,34.8,24.29610274195265,-77.89700813293457,-77.89700813293457,0.1018860340118408,0.1583619117736816,56,56.0,YOLO,1,32,0.0,24.29610274195265,0.0,[],0.1015305519104003,0.0504531860351562,0.0504901409149169,0.0567269325256347,0.0006852149963378
20250724_010227_396,-37,56,56,34.8,24.196143765095144,-78.07522583007812,-78.07522583007812,0.1004621982574462,0.1019802093505859,56,56.0,YOLO,1,32,0.0,24.196143765095144,0.0,[],0.100128173828125,0.0504636764526367,0.0504405498504638,0.0004005432128906,0.0006697177886962
20250724_010227_600,-37,56,56,34.8,24.07764485586173,-78.12785034179687,-78.12785034179687,0.0909860134124755,0.1584477424621582,56,56.0,YOLO,1,32,0.0,24.07764485586173,0.0,[],0.090686559677124,0.0504682064056396,0.0504662990570068,0.0567121505737304,0.0007948875427246
20250724_010227_851,-37,56,56,34.8,24.06198870626173,-78.12539787292481,-78.12539787292481,0.1019999980926513,0.1020178794860839,56,56.0,YOLO,1,32,0.0,24.06198870626173,0.0,[],0.1016585826873779,0.0504724979400634,0.0504417419433593,0.000394582748413,0.0007038116455078
20250724_010228_056,-37,56,56,34.8,24.530476465567745,-77.79151802062988,-77.79151802062988,0.1025543212890625,0.1583273410797119,56,56.0,YOLO,1,32,0.0,24.530476465567745,0.0,[],0.1022610664367675,0.0504448413848876,0.0504457950592041,0.056736946105957,0.00069260597229
20250724_010228_319,-37,56,56,34.8,24.35807109387443,-77.8893539428711,-77.8893539428711,0.1014902591705322,0.1020100116729736,56,56.0,YOLO,1,32,0.0,24.35807109387443,0.0,[],0.1011843681335449,0.0504705905914306,0.0504744052886962,0.0004007816314697,0.0006587505340576
20250724_010228_524,-37,56,56,34.8,24.161414371293542,-78.11753768920899,-78.11753768920899,0.1005582809448242,0.1584224700927734,56,56.0,YOLO,1,32,0.0,24.161414371293542,0.0,[],0.100248098373413,0.0504686832427978,0.0504734516143798,0.0567688941955566,0.0007047653198242
20250724_010228_785,-37,56,56,34.8,24.04675192584237,-78.18701667785645,-78.18701667785645,0.1013135910034179,0.1021113395690918,56,56.0,YOLO,1,32,0.0,24.04675192584237,0.0,[],0.1008739471435546,0.050487995147705,0.0505166053771972,0.0003962516784667,0.0007059574127197
20250724_010228_990,-37,56,56,34.8,24.45827340881408,-77.83547019958496,-77.83547019958496,0.1037163734436035,0.1583302021026611,56,56.0,YOLO,1,32,0.0,24.45827340881408,0.0,[],0.1033940315246582,0.0504534244537353,0.0504090785980224,0.0567257404327392,0.0007355213165283
20250724_010229_253,-37,56,56,34.8,24.199532869060235,-77.9622859954834,-77.9622859954834,0.1041116714477539,0.1020491123199462,56,56.0,YOLO,1,32,0.0,24.199532869060235,0.0,[],0.1037721633911132,0.0504765510559082,0.0504946708679199,0.0003972053527832,0.0006752014160156
20250724_010229_461,-37,56,56,34.8,24.046096707056776,-78.23375549316407,-78.23375549316407,0.1013083457946777,0.1583635807037353,56,56.0,YOLO,1,32,0.0,24.046096707056776,0.0,[],0.1009738445281982,0.0504610538482666,0.0504758358001709,0.0567529201507568,0.0006675720214843
20250724_010229_722,-37,56,56,34.8,23.87767655942251,-78.37382507324219,-78.37382507324219,0.0980381965637207,0.1020693778991699,56,56.0,YOLO,1,32,0.0,23.87767655942251,0.0,[],0.0976812839508056,0.0505321025848388,0.0504770278930664,0.0003976821899414,0.0006563663482666
20250724_010229_924,-37,56,56,34.8,24.14797612440563,-78.00569648742676,-78.00569648742676,0.1023988723754882,0.1584055423736572,56,56.0,YOLO,1,32,0.0,24.14797612440563,0.0,[],0.1021358966827392,0.0505027770996093,0.0504689216613769,0.0567488670349121,0.0006792545318603
20250724_010230_187,-36,56,56,34.8,24.20600784606725,-78.01612434387206,-78.01612434387206,0.1051442623138427,0.1020479202270507,56,56.0,YOLO,1,32,0.0,24.20600784606725,0.0,[],0.1048288345336914,0.0504627227783203,0.0505061149597168,0.0004093647003173,0.000664472579956
20250724_010230_395,-36,56,56,34.8,23.52662430480622,-78.76414489746094,-78.76414489746094,0.0991854667663574,0.1584398746490478,56,56.0,YOLO,1,32,0.0,23.52662430480622,0.0,[],0.0988848209381103,0.0504672527313232,0.0504937171936035,0.0567731857299804,0.000699758529663
20250724_010230_655,-36,56,56,34.8,23.404355940536448,-78.76234283447266,-78.76234283447266,0.1043360233306884,0.1019995212554931,56,56.0,YOLO,1,32,0.0,23.404355940536448,0.0,[],0.1039814949035644,0.0504820346832275,0.0504467487335205,0.0004010200500488,0.0006637573242187
20250724_010230_863,-36,56,56,34.8,23.50018244379075,-78.82692947387696,-78.82692947387696,0.1019737720489502,0.1583254337310791,56,56.0,YOLO,1,32,0.0,23.50018244379075,0.0,[],0.1016006469726562,0.0504376888275146,0.050490379333496,0.0567049980163574,0.0006847381591796
20250724_010231_124,-36,56,56,34.8,23.49933925805061,-78.64503059387206,-78.64503059387206,0.1020755767822265,0.1019623279571533,56,56.0,YOLO,1,32,0.0,23.49933925805061,0.0,[],0.1017251014709472,0.0504500865936279,0.0504813194274902,0.000399112701416,0.000626802444458
20250724_010231_330,-36,56,56,34.8,23.46770986950601,-78.8584831237793,-78.8584831237793,0.0999107360839843,0.1584336757659912,56,56.0,YOLO,1,32,0.0,23.46770986950601,0.0,[],0.0995771884918212,0.050487995147705,0.0504469871520996,0.0568084716796875,0.0006835460662841
20250724_010231_590,-36,56,56,34.8,23.20126961219566,-79.08445739746094,-79.08445739746094,0.1043386459350586,0.1019322872161865,56,56.0,YOLO,1,32,0.0,23.20126961219566,0.0,[],0.1039624214172363,0.0504148006439209,0.0504629611968994,0.0003936290740966,0.0006549358367919
20250724_010231_798,-36,56,56,34.8,23.180723371007986,-79.11076545715332,-79.11076545715332,0.1019399166107177,0.1582856178283691,56,56.0,YOLO,1,32,0.0,23.180723371007986,0.0,[],0.1016216278076171,0.0504114627838134,0.050447940826416,0.0567536354064941,0.0006656646728515
20250724_010232_060,-36,56,56,34.8,23.209497164930795,-79.09780082702636,-79.09780082702636,0.1034750938415527,0.1020064353942871,56,56.0,YOLO,1,32,0.0,23.209497164930795,0.0,[],0.1031386852264404,0.050445556640625,0.0504553318023681,0.0004255771636962,0.0006749629974365
20250724_010232_267,-36,56,56,34.8,23.543599494078933,-78.69044494628906,-78.69044494628906,0.1016647815704345,0.1585416793823242,56,56.0,YOLO,1,32,0.0,23.543599494078933,0.0,[],0.1013519763946533,0.0505001544952392,0.0504806041717529,0.0567429065704345,0.0008108615875244
20250724_010232_529,-36,55,55,33.4,23.47867199718206,-78.77783889770508,-78.77783889770508,0.1006627082824707,0.1020033359527587,55,55.0,YOLO,1,32,0.0,23.47867199718206,0.0,[],0.1003878116607666,0.0504958629608154,0.0504474639892578,0.0003943443298339,0.000659704208374
20250724_010232_733,-36,56,56,34.8,23.38066976593595,-78.93826179504394,-78.93826179504394,0.1028141975402832,0.158362865447998,56,56.0,YOLO,1,32,0.0,23.38066976593595,0.0,[],0.1024680137634277,0.0504646301269531,0.0504689216613769,0.0567569732666015,0.0006659030914306
20250724_010232_996,-36,56,56,34.8,23.35904331100548,-78.88440208435058,-78.88440208435058,0.1017167568206787,0.1019325256347656,56,56.0,YOLO,1,32,0.0,23.35904331100548,0.0,[],0.1013855934143066,0.0504505634307861,0.0504405498504638,0.0003917217254638,0.0006444454193115
20250724_010233_201,-36,55,55,33.4,24.651981003901923,-77.57988052368164,-77.57988052368164,0.0966181755065918,0.1582915782928466,55,55.0,YOLO,1,32,0.0,24.651981003901923,0.0,[],0.0963160991668701,0.0504701137542724,0.050452709197998,0.0567004680633544,0.0006608963012695
20250724_010233_457,-36,55,55,33.4,24.80803668165724,-77.47012748718262,-77.47012748718262,0.090641975402832,0.1019749641418457,55,55.0,YOLO,1,32,0.0,24.80803668165724,0.0,[],0.0903091430664062,0.0504646301269531,0.0504493713378906,0.0003969669342041,0.0006585121154785
20250724_010233_652,-36,55,55,33.4,24.87273572726612,-77.22550735473632,-77.22550735473632,0.1029720306396484,0.1584358215332031,55,55.0,YOLO,1,32,0.0,24.87273572726612,0.0,[],0.1026139259338378,0.0504634380340576,0.0504674911499023,0.0567469596862793,0.0007507801055908
20250724_010233_915,-36,55,55,33.4,24.78081211412635,-77.41148262023925,-77.41148262023925,0.0849926471710205,0.1020276546478271,55,55.0,YOLO,1,32,0.0,24.78081211412635,0.0,[],0.0846893787384033,0.0504791736602783,0.050494909286499,0.0003972053527832,0.0006515979766845
20250724_010234_103,-35,55,55,33.4,24.74179153419611,-77.47905921936035,-77.47905921936035,0.0972914695739746,0.1584181785583496,55,55.0,YOLO,1,32,0.0,24.74179153419611,0.0,[],0.0969631671905517,0.0504827499389648,0.0504744052886962,0.0567488670349121,0.000706672668457
20250724_010234_361,-35,55,55,33.4,24.4967054974548,-77.81138076782227,-77.81138076782227,0.1011354923248291,0.1020240783691406,55,55.0,YOLO,1,32,0.0,24.4967054974548,0.0,[],0.1007370948791503,0.0504312515258789,0.0504720211029052,0.0004041194915771,0.0007116794586181
20250724_010234_565,-35,55,55,33.4,24.178208714507065,-78.05344657897949,-78.05344657897949,0.1018402576446533,0.1583204269409179,55,55.0,YOLO,1,32,0.0,24.178208714507065,0.0,[],0.1015229225158691,0.0504732131958007,0.0504624843597412,0.0567250251770019,0.0006525516510009
20250724_010234_827,-35,55,55,33.4,24.05966588452424,-78.17933654785156,-78.17933654785156,0.1045601367950439,0.1020379066467285,55,55.0,YOLO,1,32,0.0,24.05966588452424,0.0,[],0.1042318344116211,0.0505025386810302,0.0504684448242187,0.0003960132598876,0.0006651878356933
20250724_010235_035,-35,55,55,33.4,24.023428941752044,-78.22420501708984,-78.22420501708984,0.0997815132141113,0.158358097076416,55,55.0,YOLO,1,32,0.0,24.023428941752044,0.0,[],0.0994379520416259,0.0504577159881591,0.0504970550537109,0.0567173957824707,0.0006792545318603
20250724_010235_295,-35,55,55,33.4,23.994858901953407,-78.19187660217285,-78.19187660217285,0.1036827564239502,0.1020362377166748,55,55.0,YOLO,1,32,0.0,23.994858901953407,0.0,[],0.1033270359039306,0.0504934787750244,0.0504491329193115,0.0004189014434814,0.000669240951538
20250724_010235_502,-35,55,55,33.4,23.833371215230088,-78.46369171142578,-78.46369171142578,0.1000487804412841,0.158393383026123,55,55.0,YOLO,1,32,0.0,23.833371215230088,0.0,[],0.099703311920166,0.0504593849182128,0.0504839420318603,0.0567560195922851,0.0006885528564453
20250724_010235_763,-35,55,55,33.4,23.931983415801252,-78.31009902954102,-78.31009902954102,0.101884126663208,0.1020312309265136,55,55.0,YOLO,1,32,0.0,23.931983415801252,0.0,[],0.1015639305114746,0.0505023002624511,0.0504601001739501,0.0003976821899414,0.0006659030914306
20250724_010235_968,-35,55,55,33.4,24.20021344361699,-78.03960227966309,-78.03960227966309,0.1021356582641601,0.1583800315856933,55,55.0,YOLO,1,32,0.0,24.20021344361699,0.0,[],0.1018311977386474,0.0504853725433349,0.0504486560821533,0.056769847869873,0.0006694793701171
20250724_010236_230,-35,55,55,33.4,24.007881201478185,-78.25458908081055,-78.25458908081055,0.1018586158752441,0.1020197868347168,55,55.0,YOLO,1,32,0.0,24.007881201478185,0.0,[],0.1015021800994873,0.0504829883575439,0.0504858493804931,0.0003890991210937,0.0006566047668457
20250724_010236_436,-35,55,55,33.4,24.190454132534256,-78.09432067871094,-78.09432067871094,0.1015892028808593,0.1584794521331787,55,55.0,YOLO,1,32,0.0,24.190454132534256,0.0,[],0.1012334823608398,0.0505182743072509,0.0504741668701171,0.0567936897277832,0.0006868839263916
20250724_010236_697,-35,55,55,33.4,24.100948423087345,-78.10534057617187,-78.10534057617187,0.1038465499877929,0.1020255088806152,55,55.0,YOLO,1,32,0.0,24.100948423087345,0.0,[],0.1035346984863281,0.0504734516143798,0.0504634380340576,0.0004000663757324,0.0006830692291259
20250724_010236_905,-35,55,55,33.4,24.11215116103446,-78.1712100982666,-78.1712100982666,0.103522777557373,0.1583805084228515,55,55.0,YOLO,1,32,0.0,24.11215116103446,0.0,[],0.1032400131225586,0.0504975318908691,0.0504579544067382,0.0567419528961181,0.0006773471832275
20250724_010237_169,-35,55,55,33.4,24.17916357732888,-77.99123992919922,-77.99123992919922,0.1023778915405273,0.1020493507385253,55,55.0,YOLO,1,32,0.0,24.17916357732888,0.0,[],0.1020514965057373,0.0504586696624755,0.0504858493804931,0.0003998279571533,0.0006999969482421
20250724_010237_375,-35,54,54,31.9,24.560208534713624,-77.78078422546386,-77.78078422546386,0.1019704341888427,0.1583490371704101,54,54.0,YOLO,1,32,0.0,24.560208534713624,0.0,[],0.1016130447387695,0.0504539012908935,0.050473928451538,0.0567390918731689,0.0006759166717529
20250724_010237_636,-35,54,54,31.9,24.49705725613029,-77.72900772094727,-77.72900772094727,0.1012549400329589,0.1020398139953613,54,54.0,YOLO,1,32,0.0,24.49705725613029,0.0,[],0.100924015045166,0.0504617691040039,0.0504863262176513,0.0004005432128906,0.0006864070892333
20250724_010237_841,-35,54,54,31.9,24.523808201064497,-77.6503677368164,-77.6503677368164,0.1035833358764648,0.1583266258239746,54,54.0,YOLO,1,32,0.0,24.523808201064497,0.0,[],0.1033012866973877,0.0504736900329589,0.0504431724548339,0.0567131042480468,0.0006906986236572
20250724_010238_105,-35,54,54,31.9,24.75176741273414,-77.54961967468262,-77.54961967468262,0.1036527156829834,0.101907730102539,54,54.0,YOLO,1,32,0.0,24.75176741273414,0.0,[],0.1033375263214111,0.0504138469696044,0.0504357814788818,0.0004026889801025,0.0006506443023681
20250724_010238_312,-34,54,54,31.9,23.79604927545803,-78.47862167358399,-78.47862167358399,0.1004378795623779,0.1583395004272461,54,54.0,YOLO,1,32,0.0,23.79604927545803,0.0,[],0.1001057624816894,0.050464391708374,0.0504622459411621,0.0567374229431152,0.0006697177886962
20250724_010238_573,-34,54,54,31.9,23.78705040220913,-78.34548416137696,-78.34548416137696,0.1014854907989502,0.1020188331604003,54,54.0,YOLO,1,32,0.0,23.78705040220913,0.0,[],0.1011562347412109,0.0504882335662841,0.050483226776123,0.0003988742828369,0.000643253326416
20250724_010238_778,-34,54,54,31.9,23.830874935823918,-78.57694664001465,-78.57694664001465,0.103029727935791,0.1584765911102295,54,54.0,YOLO,1,32,0.0,23.830874935823918,0.0,[],0.102712869644165,0.0504956245422363,0.0504882335662841,0.0567350387573242,0.000751256942749
20250724_010239_041,-34,54,54,31.9,23.631164273171574,-78.65626945495606,-78.65626945495606,0.1030354499816894,0.1024930477142334,54,54.0,YOLO,1,32,0.0,23.631164273171574,0.0,[],0.1026797294616699,0.050523042678833,0.0505061149597168,0.0004587173461914,0.0009987354278564
20250724_010239_249,-34,54,54,31.9,23.668529888514968,-78.5792610168457,-78.5792610168457,0.1029460430145263,0.1585578918457031,54,54.0,YOLO,1,32,0.0,23.668529888514968,0.0,[],0.1024682521820068,0.0505115985870361,0.0505268573760986,0.0567376613616943,0.0007750988006591
20250724_010239_512,-34,54,54,31.9,23.71497565883693,-78.54208106994629,-78.54208106994629,0.0996515750885009,0.1022374629974365,54,54.0,YOLO,1,32,0.0,23.71497565883693,0.0,[],0.099266767501831,0.0505440235137939,0.0505330562591552,0.0004191398620605,0.0007352828979492
20250724_010239_715,-34,54,54,31.9,23.72866988321257,-78.43074645996094,-78.43074645996094,0.1009774208068847,0.1585023403167724,54,54.0,YOLO,1,32,0.0,23.72866988321257,0.0,[],0.1006553173065185,0.0504915714263916,0.0505368709564209,0.0567741394042968,0.0006930828094482
20250724_010239_976,-34,54,54,31.9,23.735201293900783,-78.4807804107666,-78.4807804107666,0.1037642955780029,0.102180004119873,54,54.0,YOLO,1,32,0.0,23.735201293900783,0.0,[],0.1034138202667236,0.0505352020263671,0.0505268573760986,0.0004103183746337,0.0007002353668212
20250724_010240_184,-34,54,54,31.9,23.548560476780352,-78.62650604248047,-78.62650604248047,0.1018056869506836,0.1584539413452148,54,54.0,YOLO,1,32,0.0,23.548560476780352,0.0,[],0.1014626026153564,0.0504431724548339,0.0505218505859375,0.0567553043365478,0.0007228851318359
20250724_010240_446,-34,54,54,31.9,23.58826131446918,-78.79019813537597,-78.79019813537597,0.101203441619873,0.1022870540618896,54,54.0,YOLO,1,32,0.0,23.58826131446918,0.0,[],0.1008820533752441,0.0505905151367187,0.0505115985870361,0.0004582405090332,0.000720739364624
20250724_010240_651,-34,54,54,31.9,23.408030357127046,-78.7271743774414,-78.7271743774414,0.0885283946990966,0.1584389209747314,54,54.0,YOLO,1,32,0.0,23.408030357127046,0.0,[],0.0881874561309814,0.0504710674285888,0.0504817962646484,0.0567994117736816,0.0006790161132812
20250724_010240_900,-34,54,54,31.9,23.580680145095755,-78.7447280883789,-78.7447280883789,0.1075327396392822,0.1024222373962402,54,54.0,YOLO,1,32,0.0,23.580680145095755,0.0,[],0.1072211265563964,0.0504631996154785,0.0505523681640625,0.0004773139953613,0.0009229183197021
20250724_010241_112,-34,54,54,31.9,23.524390468782077,-78.83521270751953,-78.83521270751953,0.0994799137115478,0.1584827899932861,54,54.0,YOLO,1,32,0.0,23.524390468782077,0.0,[],0.0987679958343505,0.0504744052886962,0.0505051612854003,0.0567567348480224,0.0007390975952148
20250724_010241_372,-34,53,53,30.5,23.489494210239883,-78.79366607666016,-78.79366607666016,0.0992765426635742,0.1021618843078613,53,53.0,YOLO,1,32,0.0,23.489494210239883,0.0,[],0.0989847183227539,0.0504937171936035,0.0504674911499023,0.0004072189331054,0.0007882118225097
20250724_010241_575,-34,53,53,30.5,25.4420080312522,-76.9813232421875,-76.9813232421875,0.1023573875427246,0.1588277816772461,53,53.0,YOLO,1,32,0.0,25.4420080312522,0.0,[],0.1020185947418212,0.0504984855651855,0.0505495071411132,0.0570325851440429,0.0007410049438476
20250724_010241_838,-34,53,53,30.5,25.27575974973398,-76.87023315429687,-76.87023315429687,0.1014788150787353,0.1020753383636474,53,53.0,YOLO,1,32,0.0,25.27575974973398,0.0,[],0.1011459827423095,0.0505106449127197,0.050506591796875,0.000394582748413,0.0006585121154785
20250724_010242_043,-34,53,53,30.5,25.169832841852923,-77.1170883178711,-77.1170883178711,0.101140022277832,0.1584291458129882,53,53.0,YOLO,1,32,0.0,25.169832841852923,0.0,[],0.1008057594299316,0.0504717826843261,0.0504603385925293,0.0567920207977294,0.0006985664367675
20250724_010242_304,-33,53,53,30.5,25.02267747370753,-77.12359428405762,-77.12359428405762,0.1055071353912353,0.1020348072052002,53,53.0,YOLO,1,32,0.0,25.02267747370753,0.0,[],0.105165958404541,0.0504772663116455,0.050478458404541,0.0003957748413085,0.0006790161132812
20250724_010242_513,-33,53,53,30.5,24.466359297341384,-77.77352142333984,-77.77352142333984,0.1007795333862304,0.1583950519561767,53,53.0,YOLO,1,32,0.0,24.466359297341384,0.0,[],0.1004502773284912,0.0504481792449951,0.0504462718963623,0.0567400455474853,0.0007541179656982
20250724_010242_774,-33,53,53,30.5,24.398525033400134,-77.84055137634277,-77.84055137634277,0.10292649269104,0.1019599437713623,53,53.0,YOLO,1,32,0.0,24.398525033400134,0.0,[],0.1025948524475097,0.0505037307739257,0.0504136085510253,0.000375747680664,0.0006613731384277
20250724_010242_980,-33,54,54,31.9,22.297386110708885,-79.90596542358398,-79.90596542358398,0.0986840724945068,0.1582930088043213,54,54.0,YOLO,1,32,0.0,22.297386110708885,0.0,[],0.0983760356903076,0.0504333972930908,0.0504412651062011,0.0567283630371093,0.000683307647705
20250724_010243_239,-33,53,53,30.5,22.424409986267108,-79.80894165039062,-79.80894165039062,0.1008086204528808,0.1019928455352783,53,53.0,YOLO,1,32,0.0,22.424409986267108,0.0,[],0.1004793643951416,0.0504829883575439,0.0504722595214843,0.0003829002380371,0.0006501674652099
20250724_010243_443,-33,53,53,30.5,24.566167001343658,-77.66503601074218,-77.66503601074218,0.100992202758789,0.1584148406982422,53,53.0,YOLO,1,32,0.0,24.566167001343658,0.0,[],0.1006612777709961,0.0504391193389892,0.0505480766296386,0.0567381381988525,0.0006828308105468
20250724_010243_704,-33,53,53,30.5,24.58224718234389,-77.68163146972657,-77.68163146972657,0.1025323867797851,0.1020221710205078,53,53.0,YOLO,1,32,0.0,24.58224718234389,0.0,[],0.1021771430969238,0.0504539012908935,0.0504829883575439,0.0004026889801025,0.0006775856018066
20250724_010243_911,-33,53,53,30.5,24.407090275734816,-77.7706844329834,-77.7706844329834,0.1016228199005127,0.1583766937255859,53,53.0,YOLO,1,32,0.0,24.407090275734816,0.0,[],0.1012866497039794,0.0504755973815918,0.0504553318023681,0.0567574501037597,0.0006823539733886
20250724_010244_172,-33,54,54,31.9,24.14603625602656,-77.95654945373535,-77.95654945373535,0.099578857421875,0.1020650863647461,54,54.0,YOLO,1,32,0.0,24.14603625602656,0.0,[],0.0992467403411865,0.0504741668701171,0.0504779815673828,0.0004239082336425,0.0006835460662841
20250724_010244_375,-33,54,54,31.9,22.3328704984736,-79.78837280273437,-79.78837280273437,0.1017441749572753,0.1584298610687255,54,54.0,YOLO,1,32,0.0,22.3328704984736,0.0,[],0.1013979911804199,0.0504932403564453,0.0504758358001709,0.0567743778228759,0.0006706714630126
20250724_010244_637,-33,54,54,31.9,22.243589500428257,-79.91699256896973,-79.91699256896973,0.1032643318176269,0.1020183563232421,54,54.0,YOLO,1,32,0.0,22.243589500428257,0.0,[],0.1029334068298339,0.0504860877990722,0.0504596233367919,0.0003974437713623,0.0006682872772216
20250724_010244_844,-33,53,53,30.5,24.35817549814365,-77.91684646606446,-77.91684646606446,0.1013538837432861,0.1584279537200927,53,53.0,YOLO,1,32,0.0,24.35817549814365,0.0,[],0.1010017395019531,0.0504934787750244,0.050480842590332,0.0567774772644043,0.0006699562072753
20250724_010245_105,-33,53,53,30.5,24.261741964139944,-78.07858924865722,-78.07858924865722,0.103961706161499,0.1020715236663818,53,53.0,YOLO,1,32,0.0,24.261741964139944,0.0,[],0.1036262512207031,0.0505218505859375,0.0504467487335205,0.0004067420959472,0.0006895065307617
20250724_010245_313,-33,53,53,30.5,24.25456494464649,-78.00788383483886,-78.00788383483886,0.1007819175720214,0.1583912372589111,53,53.0,YOLO,1,32,0.0,24.25456494464649,0.0,[],0.1004486083984375,0.0504612922668457,0.0504276752471923,0.0567789077758789,0.0007174015045166
20250724_010245_574,-33,53,53,30.5,24.339451618793845,-77.99220123291016,-77.99220123291016,0.1032204627990722,0.1020357608795166,53,53.0,YOLO,1,32,0.0,24.339451618793845,0.0,[],0.102914810180664,0.0504515171051025,0.0504646301269531,0.0004005432128906,0.0007123947143554
20250724_010245_781,-33,53,53,30.5,24.41391999981973,-77.84522438049316,-77.84522438049316,0.1019544601440429,0.1583764553070068,53,53.0,YOLO,1,32,0.0,24.41391999981973,0.0,[],0.1016840934753418,0.050466775894165,0.0504672527313232,0.0567553043365478,0.0006804466247558
20250724_010246_043,-33,53,53,30.5,24.286933485690213,-78.0341953277588,-78.0341953277588,0.1000666618347168,0.1020956039428711,53,53.0,YOLO,1,32,0.0,24.286933485690213,0.0,[],0.0997662544250488,0.0504558086395263,0.05049729347229,0.0003979206085205,0.0007390975952148
20250724_010246_247,-32,53,53,30.5,23.666789361943785,-78.51620483398438,-78.51620483398438,0.1017994880676269,0.1584675312042236,53,53.0,YOLO,1,32,0.0,23.666789361943785,0.0,[],0.1014485359191894,0.05051851272583,0.050464391708374,0.0567700862884521,0.0007092952728271
20250724_010246_509,-32,53,53,30.5,23.330967270144114,-78.83743782043457,-78.83743782043457,0.088752269744873,0.1020567417144775,53,53.0,YOLO,1,32,0.0,23.330967270144114,0.0,[],0.0884163379669189,0.05045747756958,0.0504882335662841,0.0004100799560546,0.000694990158081
20250724_010246_701,-32,53,53,30.5,23.381728787588003,-78.6864128112793,-78.6864128112793,0.0992493629455566,0.158423900604248,53,53.0,YOLO,1,32,0.0,23.381728787588003,0.0,[],0.0989112854003906,0.0504786968231201,0.0504720211029052,0.0567705631256103,0.0006964206695556
20250724_010246_960,-32,53,53,30.5,23.513328673304727,-78.74720039367676,-78.74720039367676,0.1035933494567871,0.1019377708435058,53,53.0,YOLO,1,32,0.0,23.513328673304727,0.0,[],0.1033110618591308,0.050462007522583,0.0504448413848876,0.0003821849822998,0.000643253326416
20250724_010247_167,-32,53,53,30.5,23.550540783670115,-78.67484512329102,-78.67484512329102,0.1013648509979248,0.1585783958435058,53,53.0,YOLO,1,32,0.0,23.550540783670115,0.0,[],0.1010363101959228,0.0505053997039794,0.0505344867706298,0.0568079948425293,0.0007238388061523
20250724_010247_429,-32,53,53,30.5,23.48326279911511,-78.7779541015625,-78.7779541015625,0.103623628616333,0.101961612701416,53,53.0,YOLO,1,32,0.0,23.48326279911511,0.0,[],0.103290319442749,0.0504639148712158,0.0504512786865234,0.0003900527954101,0.0006506443023681
20250724_010247_636,-32,53,53,30.5,23.601726446912732,-78.67506980895996,-78.67506980895996,0.102273941040039,0.1583740711212158,53,53.0,YOLO,1,32,0.0,23.601726446912732,0.0,[],0.1019573211669921,0.050462007522583,0.0504729747772216,0.0567474365234375,0.0006849765777587
20250724_010247_899,-32,53,53,30.5,23.503363173598373,-78.75125122070312,-78.75125122070312,0.1049995422363281,0.1019802093505859,53,53.0,YOLO,1,32,0.0,23.503363173598373,0.0,[],0.1046853065490722,0.0504617691040039,0.0504722595214843,0.0004019737243652,0.0006380081176757
20250724_010248_107,-32,53,53,30.5,23.57132479267069,-78.79644012451172,-78.79644012451172,0.1023173332214355,0.15838623046875,53,53.0,YOLO,1,32,0.0,23.57132479267069,0.0,[],0.1019845008850097,0.0505168437957763,0.0504672527313232,0.0567450523376464,0.000650405883789
20250724_010248_369,-32,53,53,30.5,23.557398409694517,-78.72052879333496,-78.72052879333496,0.1015448570251464,0.1020863056182861,53,53.0,YOLO,1,32,0.0,23.557398409694517,0.0,[],0.1012153625488281,0.0504851341247558,0.0504705905914306,0.0003890991210937,0.0007352828979492
20250724_010248_575,-32,53,53,30.5,23.324078400679483,-79.01202087402343,-79.01202087402343,0.1012732982635498,0.1589517593383789,53,53.0,YOLO,1,32,0.0,23.324078400679483,0.0,[],0.1009995937347412,0.0504717826843261,0.0505094528198242,0.0572381019592285,0.0007266998291015
20250724_010248_837,-32,53,53,30.5,23.4731377560138,-78.88830680847168,-78.88830680847168,0.1009056568145752,0.1019880771636962,53,53.0,YOLO,1,32,0.0,23.4731377560138,0.0,[],0.1005289554595947,0.0504472255706787,0.0504887104034423,0.0004041194915771,0.0006425380706787
20250724_010249_041,-32,53,53,30.5,23.60892706505949,-78.72676086425781,-78.72676086425781,0.096764326095581,0.1583240032196045,53,53.0,YOLO,1,32,0.0,23.60892706505949,0.0,[],0.096433401107788,0.0504662990570068,0.0504310131072998,0.0567338466644287,0.0006866455078125
20250724_010249_298,-32,52,52,29.0,23.60407984885046,-78.67484512329102,-78.67484512329102,0.1030271053314209,0.1020679473876953,52,52.0,YOLO,1,32,0.0,23.60407984885046,0.0,[],0.1026833057403564,0.050530195236206,0.0504746437072753,0.000399112701416,0.0006585121154785
20250724_010249_504,-32,52,52,29.0,25.583912479619546,-76.63664855957032,-76.63664855957032,0.1018207073211669,0.1583361625671386,52,52.0,YOLO,1,32,0.0,25.583912479619546,0.0,[],0.1014652252197265,0.0504689216613769,0.0504360198974609,0.0567407608032226,0.0006835460662841
20250724_010249_766,-32,52,52,29.0,25.49313713904978,-76.73653945922851,-76.73653945922851,0.1041419506072998,0.1019990444183349,52,52.0,YOLO,1,32,0.0,25.49313713904978,0.0,[],0.1037971973419189,0.0504798889160156,0.0504863262176513,0.0003876686096191,0.0006399154663085
20250724_010249_974,-32,52,52,29.0,25.048057336047293,-77.19991683959961,-77.19991683959961,0.0985984802246093,0.1583774089813232,52,52.0,YOLO,1,32,0.0,25.048057336047293,0.0,[],0.0982532501220703,0.0504524707794189,0.0504963397979736,0.0567314624786376,0.0006909370422363
20250724_010250_232,-31,52,52,29.0,25.092407575975088,-77.13653564453125,-77.13653564453125,0.0999019145965576,0.1020395755767822,52,52.0,YOLO,1,32,0.0,25.092407575975088,0.0,[],0.0995957851409912,0.0504932403564453,0.0504732131958007,0.0004081726074218,0.0006592273712158
20250724_010250_436,-31,52,52,29.0,24.853449302598435,-77.38847427368164,-77.38847427368164,0.101144790649414,0.1583702564239502,52,52.0,YOLO,1,32,0.0,24.853449302598435,0.0,[],0.1007900238037109,0.0504920482635498,0.0504655838012695,0.0567374229431152,0.0006690025329589
20250724_010250_697,-31,52,52,29.0,24.770312971954056,-77.42042312622071,-77.42042312622071,0.1043281555175781,0.1020522117614746,52,52.0,YOLO,1,32,0.0,24.770312971954056,0.0,[],0.1039979457855224,0.0504806041717529,0.0504829883575439,0.0004246234893798,0.0006594657897949
20250724_010250_905,-31,52,52,29.0,24.85253831637389,-77.3966625213623,-77.3966625213623,0.1024188995361328,0.1584138870239257,52,52.0,YOLO,1,32,0.0,24.85253831637389,0.0,[],0.1020550727844238,0.0504629611968994,0.0504767894744873,0.0567715167999267,0.0006957054138183
20250724_010251_168,-31,52,52,29.0,24.826241422211908,-77.41195869445801,-77.41195869445801,0.1016585826873779,0.102123737335205,52,52.0,YOLO,1,32,0.0,24.826241422211908,0.0,[],0.10129976272583,0.0504379272460937,0.0505380630493164,0.000436782836914,0.0007057189941406
20250724_010251_373,-31,52,52,29.0,24.64620678689417,-77.71291580200196,-77.71291580200196,0.1016626358032226,0.1583976745605468,52,52.0,YOLO,1,32,0.0,24.64620678689417,0.0,[],0.101304292678833,0.0504441261291503,0.0504193305969238,0.0567293167114257,0.0007987022399902
20250724_010251_635,-31,52,52,29.0,24.45130458741633,-77.79188499450683,-77.79188499450683,0.1030302047729492,0.1020317077636718,52,52.0,YOLO,1,32,0.0,24.45130458741633,0.0,[],0.1027324199676513,0.0504515171051025,0.0504922866821289,0.0004060268402099,0.0006759166717529
20250724_010251_841,-31,52,52,29.0,24.32158342559387,-77.89424133300781,-77.89424133300781,0.104949951171875,0.1583566665649414,52,52.0,YOLO,1,32,0.0,24.32158342559387,0.0,[],0.1046533584594726,0.050429344177246,0.0504875183105468,0.0567255020141601,0.0007083415985107
20250724_010252_106,-31,52,52,29.0,24.303332054937822,-77.90651664733886,-77.90651664733886,0.1020300388336181,0.1019477844238281,52,52.0,YOLO,1,32,0.0,24.303332054937822,0.0,[],0.1016821861267089,0.0504240989685058,0.0504505634307861,0.0003981590270996,0.0006694793701171
20250724_010252_312,-31,52,52,29.0,24.741124985116784,-77.50957946777343,-77.50957946777343,0.1014783382415771,0.1584522724151611,52,52.0,YOLO,1,32,0.0,24.741124985116784,0.0,[],0.1011676788330078,0.0504894256591796,0.0505290031433105,0.0567462444305419,0.0006816387176513
20250724_010252_573,-31,52,52,29.0,24.7014572326226,-77.52386436462402,-77.52386436462402,0.0902447700500488,0.1019885540008544,52,52.0,YOLO,1,32,0.0,24.7014572326226,0.0,[],0.0898604393005371,0.0504515171051025,0.0504841804504394,0.0003986358642578,0.0006487369537353
20250724_010252_767,-31,52,52,29.0,24.52872089225994,-77.69506072998047,-77.69506072998047,0.0977506637573242,0.1583993434906005,52,52.0,YOLO,1,32,0.0,24.52872089225994,0.0,[],0.0974175930023193,0.0505206584930419,0.0504834651947021,0.0567362308502197,0.0006532669067382
20250724_010253_025,-31,52,52,29.0,24.2985915686166,-77.85724334716797,-77.85724334716797,0.0986838340759277,0.1019837856292724,52,52.0,YOLO,1,32,0.0,24.2985915686166,0.0,[],0.098356008529663,0.050455093383789,0.0504493713378906,0.0003998279571533,0.0006735324859619
20250724_010253_227,-31,52,52,29.0,24.76030128566184,-77.44414672851562,-77.44414672851562,0.0985033512115478,0.1584157943725586,52,52.0,YOLO,1,32,0.0,24.76030128566184,0.0,[],0.0982296466827392,0.0504899024963378,0.0504846572875976,0.0567657947540283,0.000669240951538
20250724_010253_486,-31,51,51,27.6,24.74866464723992,-77.5767864227295,-77.5767864227295,0.1022572517395019,0.1020183563232421,51,51.0,YOLO,1,32,0.0,24.74866464723992,0.0,[],0.1019246578216552,0.0504767894744873,0.0504517555236816,0.0003955364227294,0.0006895065307617
20250724_010253_692,-31,51,51,27.6,26.401111505394283,-76.02137718200683,-76.02137718200683,0.1007678508758544,0.1584517955780029,51,51.0,YOLO,1,32,0.0,26.401111505394283,0.0,[],0.1004467010498046,0.0504758358001709,0.0504999160766601,0.0567934513092041,0.000676155090332
20250724_010253_953,-31,51,51,27.6,26.32959572653384,-75.9232048034668,-75.9232048034668,0.1015386581420898,0.1020927429199218,51,51.0,YOLO,1,32,0.0,26.32959572653384,0.0,[],0.101203441619873,0.050459861755371,0.0505287647247314,0.0004081726074218,0.0006899833679199
20250724_010254_158,-30,51,51,27.6,25.50873848592805,-76.73194885253906,-76.73194885253906,0.1025781631469726,0.1585619449615478,51,51.0,YOLO,1,32,0.0,25.50873848592805,0.0,[],0.1022005081176757,0.050534963607788,0.0505175590515136,0.0567851066589355,0.0007176399230957
20250724_010254_421,-30,51,51,27.6,25.32893492667246,-76.99485816955567,-76.99485816955567,0.1019084453582763,0.1021358966827392,51,51.0,YOLO,1,32,0.0,25.32893492667246,0.0,[],0.1015417575836181,0.0505061149597168,0.0505146980285644,0.0003871917724609,0.0007212162017822
20250724_010254_627,-30,51,51,27.6,25.35647702737279,-77.07793426513672,-77.07793426513672,0.1014020442962646,0.1584653854370117,51,51.0,YOLO,1,32,0.0,25.35647702737279,0.0,[],0.1010007858276367,0.0505015850067138,0.0505127906799316,0.0567502975463867,0.0006935596466064
20250724_010254_889,-30,51,51,27.6,24.425449749626598,-77.95013122558593,-77.95013122558593,0.1031610965728759,0.102041482925415,51,51.0,YOLO,1,32,0.0,24.425449749626598,0.0,[],0.1027450561523437,0.0504915714263916,0.0504999160766601,0.0004055500030517,0.0006399154663085
20250724_010255_095,-30,51,51,27.6,25.516034641448883,-76.8021011352539,-76.8021011352539,0.1015748977661132,0.1583986282348632,51,51.0,YOLO,1,32,0.0,25.516034641448883,0.0,[],0.1012613773345947,0.0504662990570068,0.0504274368286132,0.0567891597747802,0.0007097721099853
20250724_010255_357,-30,51,51,27.6,25.49298779555029,-76.7301570892334,-76.7301570892334,0.1011683940887451,0.1020197868347168,51,51.0,YOLO,1,32,0.0,25.49298779555029,0.0,[],0.1008336544036865,0.0504674911499023,0.0504539012908935,0.0003974437713623,0.0006959438323974
20250724_010255_562,-30,51,51,27.6,25.612733671416933,-76.59795036315919,-76.59795036315919,0.0989274978637695,0.1584179401397705,51,51.0,YOLO,1,32,0.0,25.612733671416933,0.0,[],0.0986225605010986,0.0504639148712158,0.050452709197998,0.056807518005371,0.0006873607635498
20250724_010255_821,-30,51,51,27.6,25.489113948594465,-76.73605842590332,-76.73605842590332,0.1018385887145996,0.1020154953002929,51,51.0,YOLO,1,32,0.0,25.489113948594465,0.0,[],0.1014950275421142,0.050459861755371,0.0504732131958007,0.0003964900970458,0.0006799697875976
20250724_010256_026,-30,51,51,27.6,25.496637171199996,-76.79625701904297,-76.79625701904297,0.1030604839324951,0.1584017276763916,51,51.0,YOLO,1,32,0.0,25.496637171199996,0.0,[],0.1027565002441406,0.050483226776123,0.0504953861236572,0.0567059516906738,0.000711441040039
20250724_010256_290,-30,51,51,27.6,25.56557560895331,-76.71892127990722,-76.71892127990722,0.1027774810791015,0.1019775867462158,51,51.0,YOLO,1,32,0.0,25.56557560895331,0.0,[],0.102086067199707,0.0504462718963623,0.0504965782165527,0.0004074573516845,0.0006225109100341
20250724_010256_496,-30,51,51,27.6,25.577178697259058,-76.67789649963379,-76.67789649963379,0.0987918376922607,0.1583943367004394,51,51.0,YOLO,1,32,0.0,25.577178697259058,0.0,[],0.0984573364257812,0.0504555702209472,0.050445556640625,0.0567607879638671,0.0007262229919433
20250724_010256_755,-30,51,51,27.6,25.5926674222719,-76.60360412597656,-76.60360412597656,0.1021292209625244,0.1021060943603515,51,51.0,YOLO,1,32,0.0,25.5926674222719,0.0,[],0.1017811298370361,0.0504975318908691,0.0504803657531738,0.000399112701416,0.0007233619689941
20250724_010256_961,-30,51,51,27.6,25.259093031188968,-77.10860290527344,-77.10860290527344,0.1012496948242187,0.1583781242370605,51,51.0,YOLO,1,32,0.0,25.259093031188968,0.0,[],0.1009354591369628,0.050450325012207,0.0504930019378662,0.0567586421966552,0.0006704330444335
20250724_010257_222,-30,51,51,27.6,25.19432119312081,-77.07139015197754,-77.07139015197754,0.1035873889923095,0.1020307540893554,51,51.0,YOLO,1,32,0.0,25.19432119312081,0.0,[],0.103259801864624,0.0504646301269531,0.0504772663116455,0.0004024505615234,0.0006814002990722
20250724_010257_429,-30,51,51,27.6,25.283021713448733,-76.94856109619141,-76.94856109619141,0.1016089916229248,0.1583259105682373,51,51.0,YOLO,1,32,0.0,25.283021713448733,0.0,[],0.1012442111968994,0.0504438877105712,0.0504634380340576,0.056732177734375,0.0006792545318603
20250724_010257_691,-30,50,50,26.1,25.15695356806121,-77.14449958801269,-77.14449958801269,0.1031360626220703,0.1020267009735107,50,50.0,YOLO,1,32,0.0,25.15695356806121,0.0,[],0.1027939319610595,0.0504672527313232,0.0504722595214843,0.0004072189331054,0.0006747245788574
20250724_010257_898,-30,51,51,27.6,25.32249121769536,-76.92313804626465,-76.92313804626465,0.1016077995300293,0.1584513187408447,51,51.0,YOLO,1,32,0.0,25.32249121769536,0.0,[],0.1012916564941406,0.0504989624023437,0.0504813194274902,0.0567617416381835,0.000701904296875
20250724_010258_159,-29,51,51,27.6,25.33525354959542,-76.88971748352051,-76.88971748352051,0.1023032665252685,0.1021060943603515,51,51.0,YOLO,1,32,0.0,25.33525354959542,0.0,[],0.1019933223724365,0.0504372119903564,0.0504827499389648,0.0004189014434814,0.0007617473602294
20250724_010258_366,-29,51,51,27.6,24.05618431248314,-78.18711738586425,-78.18711738586425,0.1015844345092773,0.158311128616333,51,51.0,YOLO,1,32,0.0,24.05618431248314,0.0,[],0.1011910438537597,0.0504515171051025,0.0504591464996337,0.056720495223999,0.000673770904541
20250724_010258_627,-29,51,51,27.6,24.002834096776795,-78.22948608398437,-78.22948608398437,0.1010191440582275,0.102046251296997,51,51.0,YOLO,1,32,0.0,24.002834096776795,0.0,[],0.1007096767425537,0.0505077838897705,0.0504932403564453,0.0004034042358398,0.0006365776062011
20250724_010258_832,-29,51,51,27.6,23.90497543534072,-78.25612373352051,-78.25612373352051,0.1016318798065185,0.1583888530731201,51,51.0,YOLO,1,32,0.0,23.90497543534072,0.0,[],0.1012899875640869,0.0504789352416992,0.0504288673400878,0.0567715167999267,0.0007033348083496
20250724_010259_093,-29,51,51,27.6,23.917867567726788,-78.35435829162597,-78.35435829162597,0.1035380363464355,0.1019203662872314,51,51.0,YOLO,1,32,0.0,23.917867567726788,0.0,[],0.1032018661499023,0.0504357814788818,0.0504291057586669,0.0004034042358398,0.0006461143493652
20250724_010259_300,-29,51,51,27.6,23.929240115744392,-78.39798469543457,-78.39798469543457,0.1021258831024169,0.1584434509277343,51,51.0,YOLO,1,32,0.0,23.929240115744392,0.0,[],0.1018073558807373,0.0504770278930664,0.0504465103149414,0.0567715167999267,0.000741958618164
20250724_010259_563,-29,51,51,27.6,24.10497162395056,-78.22965545654297,-78.22965545654297,0.1037113666534423,0.1020393371582031,51,51.0,YOLO,1,32,0.0,24.10497162395056,0.0,[],0.1033992767333984,0.0504775047302246,0.0505025386810302,0.0003957748413085,0.0006580352783203
20250724_010259_770,-29,51,51,27.6,24.221589246695277,-78.08657836914062,-78.08657836914062,0.0991160869598388,0.1584057807922363,51,51.0,YOLO,1,32,0.0,24.221589246695277,0.0,[],0.098783254623413,0.0504546165466308,0.0505053997039794,0.0567443370819091,0.0006952285766601
20250724_010300_029,-29,51,51,27.6,24.105788090546653,-78.04937705993652,-78.04937705993652,0.1035354137420654,0.1020185947418212,51,51.0,YOLO,1,32,0.0,24.105788090546653,0.0,[],0.1031839847564697,0.0504815578460693,0.050480842590332,0.0003952980041503,0.000655174255371
20250724_010300_236,-29,51,51,27.6,24.2012753965259,-78.03846817016601,-78.03846817016601,0.1013431549072265,0.1583526134490966,51,51.0,YOLO,1,32,0.0,24.2012753965259,0.0,[],0.1009852886199951,0.0504696369171142,0.0504536628723144,0.0567550659179687,0.0006678104400634
20250724_010300_498,-29,51,51,27.6,24.25218733626509,-77.8893539428711,-77.8893539428711,0.1042132377624511,0.1020078659057617,51,51.0,YOLO,1,32,0.0,24.25218733626509,0.0,[],0.1038489341735839,0.0504858493804931,0.0504765510559082,0.0004043579101562,0.0006361007690429
20250724_010300_706,-29,51,51,27.6,24.23678720988144,-77.90651664733886,-77.90651664733886,0.1003375053405761,0.1583476066589355,51,51.0,YOLO,1,32,0.0,24.23678720988144,0.0,[],0.099985122680664,0.0504539012908935,0.0504660606384277,0.0567312240600585,0.0006897449493408
20250724_010300_966,-29,51,51,27.6,24.45639383192949,-77.85215301513672,-77.85215301513672,0.0984606742858886,0.1020753383636474,51,51.0,YOLO,1,32,0.0,24.45639383192949,0.0,[],0.0981574058532714,0.0504624843597412,0.050473928451538,0.000403881072998,0.0007293224334716
20250724_010301_168,-29,51,51,27.6,24.485905373952505,-77.71956939697266,-77.71956939697266,0.100215196609497,0.158646821975708,51,51.0,YOLO,1,32,0.0,24.485905373952505,0.0,[],0.0998845100402832,0.0504970550537109,0.0505363941192626,0.0567879676818847,0.0008175373077392
20250724_010301_429,-29,50,50,26.1,24.643119490622,-77.63804664611817,-77.63804664611817,0.1024413108825683,0.1020233631134033,50,50.0,YOLO,1,32,0.0,24.643119490622,0.0,[],0.1020121574401855,0.0504794120788574,0.0504877567291259,0.0003995895385742,0.0006508827209472
20250724_010301_635,-29,50,50,26.1,25.812294301967952,-76.48612213134766,-76.48612213134766,0.1076419353485107,0.1583261489868164,50,50.0,YOLO,1,32,0.0,25.812294301967952,0.0,[],0.1073498725891113,0.0504424571990966,0.0504443645477294,0.056739330291748,0.0006942749023437
20250724_010301_903,-29,50,50,26.1,25.77170468569308,-76.516064453125,-76.516064453125,0.102945327758789,0.1020419597625732,50,50.0,YOLO,1,32,0.0,25.77170468569308,0.0,[],0.1026308536529541,0.050452709197998,0.0504612922668457,0.0003926753997802,0.0007290840148925
20250724_010302_109,-28,50,50,26.1,25.9971963953369,-76.27761993408203,-76.27761993408203,0.1023108959197998,0.1582949161529541,50,50.0,YOLO,1,32,0.0,25.9971963953369,0.0,[],0.1020026206970214,0.0504407882690429,0.0503954887390136,0.0567438602447509,0.0007081031799316
20250724_010302_372,-28,50,50,26.1,25.241823578686592,-77.0706398010254,-77.0706398010254,0.1007640361785888,0.1019868850708007,50,50.0,YOLO,1,32,0.0,25.241823578686592,0.0,[],0.1004278659820556,0.0504484176635742,0.0504529476165771,0.0003907680511474,0.0006885528564453
20250724_010302_576,-28,50,50,26.1,24.453513812261704,-77.79443168640137,-77.79443168640137,0.1015124320983886,0.1583166122436523,50,50.0,YOLO,1,32,0.0,24.453513812261704,0.0,[],0.1011760234832763,0.0504906177520751,0.0504348278045654,0.0567207336425781,0.000664472579956
20250724_010302_838,-28,50,50,26.1,24.385595028373217,-77.89888534545898,-77.89888534545898,0.1024410724639892,0.1020700931549072,50,50.0,YOLO,1,32,0.0,24.385595028373217,0.0,[],0.1021208763122558,0.0504629611968994,0.0505189895629882,0.0004088878631591,0.0006732940673828
20250724_010303_044,-28,50,50,26.1,24.37349789822589,-77.8752227783203,-77.8752227783203,0.1042234897613525,0.1584270000457763,50,50.0,YOLO,1,32,0.0,24.37349789822589,0.0,[],0.1038353443145752,0.0504863262176513,0.0504987239837646,0.0567309856414794,0.0007050037384033
20250724_010303_308,-28,50,50,26.1,24.286533623880917,-77.97016143798828,-77.97016143798828,0.1013526916503906,0.1019842624664306,50,50.0,YOLO,1,32,0.0,24.286533623880917,0.0,[],0.1010394096374511,0.0504446029663085,0.0504586696624755,0.0003993511199951,0.0006771087646484
20250724_010303_513,-28,50,50,26.1,24.84916926594425,-77.43694915771485,-77.43694915771485,0.1028623580932617,0.1583955287933349,50,50.0,YOLO,1,32,0.0,24.84916926594425,0.0,[],0.1025629043579101,0.0504555702209472,0.0504758358001709,0.0567409992218017,0.0007154941558837
20250724_010303_776,-28,50,50,26.1,24.85176543287423,-77.38136558532715,-77.38136558532715,0.1030864715576171,0.1028604507446289,50,50.0,YOLO,1,32,0.0,24.85176543287423,0.0,[],0.1026864051818847,0.0505344867706298,0.0512714385986328,0.0003974437713623,0.0006511211395263
20250724_010303_984,-28,50,50,26.1,24.33680283967521,-77.86175537109375,-77.86175537109375,0.0992188453674316,0.1582710742950439,50,50.0,YOLO,1,32,0.0,24.33680283967521,0.0,[],0.098902940750122,0.0504183769226074,0.0504634380340576,0.0566968917846679,0.000685691833496
20250724_010304_243,-28,50,50,26.1,24.622959308804116,-77.6992576599121,-77.6992576599121,0.1030642986297607,0.1020541191101074,50,50.0,YOLO,1,32,0.0,24.622959308804116,0.0,[],0.1027443408966064,0.0504710674285888,0.0504698753356933,0.0004003047943115,0.0007071495056152
20250724_010304_449,-28,50,50,26.1,24.55760117608604,-77.6096420288086,-77.6096420288086,0.1025705337524414,0.1585550308227539,50,50.0,YOLO,1,32,0.0,24.55760117608604,0.0,[],0.1022593975067138,0.0505127906799316,0.0505540370941162,0.0567975044250488,0.0006840229034423
20250724_010304_712,-28,50,50,26.1,24.46739841285293,-77.7795036315918,-77.7795036315918,0.0932450294494628,0.1019797325134277,50,50.0,YOLO,1,32,0.0,24.46739841285293,0.0,[],0.0929148197174072,0.0504651069641113,0.0504584312438964,0.0003931522369384,0.0006575584411621
20250724_010304_909,-28,50,50,26.1,24.36328235881139,-77.7894962310791,-77.7894962310791,0.0990839004516601,0.1584005355834961,50,50.0,YOLO,1,32,0.0,24.36328235881139,0.0,[],0.0987994670867919,0.0504956245422363,0.0504376888275146,0.0567734241485595,0.0006873607635498
20250724_010305_168,-28,50,50,26.1,24.40477881162009,-77.9239486694336,-77.9239486694336,0.1042180061340332,0.1020233631134033,50,50.0,YOLO,1,32,0.0,24.40477881162009,0.0,[],0.1038923263549804,0.0504608154296875,0.0504705905914306,0.0004224777221679,0.000664472579956
20250724_010305_376,-28,49,49,24.7,25.980306239395105,-76.35041122436523,-76.35041122436523,0.0991928577423095,0.1582822799682617,49,49.0,YOLO,1,32,0.0,25.980306239395105,0.0,[],0.098790168762207,0.0504477024078369,0.0504248142242431,0.0567386150360107,0.0006635189056396
20250724_010305_635,-28,49,49,24.7,25.912290664888346,-76.35573043823243,-76.35573043823243,0.105250597000122,0.1020147800445556,49,49.0,YOLO,1,32,0.0,25.912290664888346,0.0,[],0.1048941612243652,0.050469160079956,0.0504555702209472,0.0004177093505859,0.0006675720214843
20250724_010305_844,-28,49,49,24.7,25.479475655961537,-76.69611358642578,-76.69611358642578,0.1019947528839111,0.1583600044250488,49,49.0,YOLO,1,32,0.0,25.479475655961537,0.0,[],0.1016392707824707,0.050459861755371,0.0504734516143798,0.0567412376403808,0.0006799697875976
20250724_010306_106,-28,49,49,24.7,25.577692910826187,-76.71643371582032,-76.71643371582032,0.1027770042419433,0.1020028591156005,49,49.0,YOLO,1,32,0.0,25.577692910826187,0.0,[],0.1024675369262695,0.05047607421875,0.0504412651062011,0.000406265258789,0.0006735324859619
20250724_010306_312,-27,49,49,24.7,24.85187672629044,-77.41642417907715,-77.41642417907715,0.1020076274871826,0.158402681350708,49,49.0,YOLO,1,32,0.0,24.85187672629044,0.0,[],0.1016747951507568,0.0504646301269531,0.050483226776123,0.0567598342895507,0.0006892681121826
20250724_010306_574,-27,49,49,24.7,25.13177053843799,-77.23834915161133,-77.23834915161133,0.1013953685760498,0.1019449234008789,49,49.0,YOLO,1,32,0.0,25.13177053843799,0.0,[],0.1010575294494628,0.0504546165466308,0.0504367351531982,0.0003976821899414,0.0006511211395263
20250724_010306_779,-27,49,49,24.7,24.9753083960876,-77.2109146118164,-77.2109146118164,0.1009910106658935,0.1583795547485351,49,49.0,YOLO,1,32,0.0,24.9753083960876,0.0,[],0.1006767749786377,0.0504555702209472,0.0504763126373291,0.0567665100097656,0.0006749629974365
20250724_010307_041,-27,49,49,24.7,25.281065606837487,-77.02967109680176,-77.02967109680176,0.1034555435180664,0.1019861698150634,49,49.0,YOLO,1,32,0.0,25.281065606837487,0.0,[],0.1031050682067871,0.0504670143127441,0.0504646301269531,0.0003974437713623,0.0006523132324218
20250724_010307_248,-27,49,49,24.7,25.37824731907375,-76.75119018554688,-76.75119018554688,0.1023535728454589,0.1585214138031005,49,49.0,YOLO,1,32,0.0,25.37824731907375,0.0,[],0.1020455360412597,0.0504868030548095,0.0505151748657226,0.0568084716796875,0.0007052421569824
20250724_010307_510,-27,49,49,24.7,25.43321945097027,-76.84781761169434,-76.84781761169434,0.102687120437622,0.1020374298095703,49,49.0,YOLO,1,32,0.0,25.43321945097027,0.0,[],0.1023635864257812,0.0504457950592041,0.0505023002624511,0.0004031658172607,0.000680923461914
20250724_010307_716,-27,49,49,24.7,25.27970412731662,-76.94687385559082,-76.94687385559082,0.0995709896087646,0.1583273410797119,49,49.0,YOLO,1,32,0.0,25.27970412731662,0.0,[],0.0992615222930908,0.050441026687622,0.0504577159881591,0.0567257404327392,0.0006964206695556
20250724_010307_976,-27,49,49,24.7,25.063552555014525,-77.13806228637695,-77.13806228637695,0.103391408920288,0.1020452976226806,49,49.0,YOLO,1,32,0.0,25.063552555014525,0.0,[],0.1030519008636474,0.0504572391510009,0.0504906177520751,0.0004007816314697,0.0006914138793945
20250724_010308_183,-27,49,49,24.7,24.986509315093045,-77.3766040802002,-77.3766040802002,0.1013088226318359,0.1583664417266845,49,49.0,YOLO,1,32,0.0,24.986509315093045,0.0,[],0.1009979248046875,0.050438642501831,0.0504631996154785,0.0567603111267089,0.0006976127624511
20250724_010308_444,-27,49,49,24.7,25.06425539628825,-77.21059303283691,-77.21059303283691,0.1012377738952636,0.1020510196685791,49,49.0,YOLO,1,32,0.0,25.06425539628825,0.0,[],0.1009237766265869,0.0505220890045166,0.0504424571990966,0.0003924369812011,0.0006880760192871
20250724_010308_649,-27,49,49,24.7,25.237643281536137,-77.00918273925781,-77.00918273925781,0.1040055751800537,0.1583764553070068,49,49.0,YOLO,1,32,0.0,25.237643281536137,0.0,[],0.103616714477539,0.0504741668701171,0.0504546165466308,0.0567729473114013,0.0006687641143798
20250724_010308_913,-27,49,49,24.7,25.152217763078923,-77.09446640014649,-77.09446640014649,0.1053540706634521,0.1020200252532959,49,49.0,YOLO,1,32,0.0,25.152217763078923,0.0,[],0.1050362586975097,0.0504679679870605,0.0504641532897949,0.0004091262817382,0.0006725788116455
20250724_010309_122,-27,49,49,24.7,25.316883800631672,-77.00422401428223,-77.00422401428223,0.1025400161743164,0.1585607528686523,49,49.0,YOLO,1,32,0.0,25.316883800631672,0.0,[],0.1022145748138427,0.0504999160766601,0.0505120754241943,0.0567259788513183,0.0008158683776855
20250724_010309_385,-27,48,48,23.2,25.3688553676984,-76.92790718078614,-76.92790718078614,0.1021771430969238,0.1020259857177734,48,48.0,YOLO,1,32,0.0,25.3688553676984,0.0,[],0.1018340587615966,0.0504193305969238,0.0504877567291259,0.0003976821899414,0.0007157325744628
20250724_010309_591,-27,49,49,24.7,25.14730674491157,-77.08917655944825,-77.08917655944825,0.1010808944702148,0.1582381725311279,49,49.0,YOLO,1,32,0.0,25.14730674491157,0.0,[],0.1008007526397705,0.0504214763641357,0.0504324436187744,0.0567221641540527,0.0006554126739501
20250724_010309_852,-27,49,49,24.7,25.16047421860432,-76.93184509277344,-76.93184509277344,0.0964117050170898,0.1021258831024169,49,49.0,YOLO,1,32,0.0,25.16047421860432,0.0,[],0.0961027145385742,0.0504817962646484,0.0505390167236328,0.0003910064697265,0.0007088184356689
20250724_010310_052,-27,49,49,24.7,25.34932172959417,-76.82557678222656,-76.82557678222656,0.0994369983673095,0.1583344936370849,49,49.0,YOLO,1,32,0.0,25.34932172959417,0.0,[],0.0991199016571044,0.0504863262176513,0.0504539012908935,0.0567083358764648,0.0006797313690185
20250724_010310_311,-26,49,49,24.7,25.13613971180601,-77.06670417785645,-77.06670417785645,0.0992724895477294,0.1020092964172363,49,49.0,YOLO,1,32,0.0,25.13613971180601,0.0,[],0.0989108085632324,0.0504424571990966,0.0504722595214843,0.0003998279571533,0.0006883144378662
20250724_010310_514,-26,49,49,24.7,23.488090365956552,-78.67863578796387,-78.67863578796387,0.0859098434448242,0.158435583114624,49,49.0,YOLO,1,32,0.0,23.488090365956552,0.0,[],0.0855979919433593,0.0504829883575439,0.050466775894165,0.0568013191223144,0.0006771087646484
20250724_010310_760,-26,49,49,24.7,23.56263584523577,-78.73440055847168,-78.73440055847168,0.101536750793457,0.1021416187286377,49,49.0,YOLO,1,32,0.0,23.56263584523577,0.0,[],0.1011631488800048,0.0505778789520263,0.0504462718963623,0.0004084110260009,0.0007028579711914
20250724_010310_966,-26,49,49,24.7,23.51310162328994,-78.80234985351562,-78.80234985351562,0.1029465198516845,0.1589088439941406,49,49.0,YOLO,1,32,0.0,23.51310162328994,0.0,[],0.1026070117950439,0.0505530834197998,0.0505008697509765,0.0567550659179687,0.0010919570922851
20250724_010311_230,-26,49,49,24.7,23.581723062977545,-78.76901016235351,-78.76901016235351,0.1024470329284668,0.1022887229919433,49,49.0,YOLO,1,32,0.0,23.581723062977545,0.0,[],0.102046251296997,0.0505566596984863,0.0506336688995361,0.0004031658172607,0.0006897449493408
20250724_010311_436,-26,49,49,24.7,23.40533774164726,-78.76391487121582,-78.76391487121582,0.1023974418640136,0.1584153175354004,49,49.0,YOLO,1,32,0.0,23.40533774164726,0.0,[],0.1020376682281494,0.0505108833312988,0.0504746437072753,0.0566928386688232,0.0007300376892089
20250724_010311_699,-26,49,49,24.7,23.685785802010614,-78.68129920959473,-78.68129920959473,0.102435827255249,0.1022112369537353,49,49.0,YOLO,1,32,0.0,23.685785802010614,0.0,[],0.1020956039428711,0.0505383014678955,0.0504913330078125,0.0004065036773681,0.0007693767547607
20250724_010311_905,-26,49,49,24.7,23.392103100572086,-78.84062881469727,-78.84062881469727,0.1000547409057617,0.1584928035736084,49,49.0,YOLO,1,32,0.0,23.392103100572086,0.0,[],0.0996773242950439,0.0504505634307861,0.0505406856536865,0.0567364692687988,0.0007586479187011
20250724_010312_166,-26,49,49,24.7,23.56750970846943,-78.6441764831543,-78.6441764831543,0.1026663780212402,0.1025199890136718,49,49.0,YOLO,1,32,0.0,23.56750970846943,0.0,[],0.1022865772247314,0.0504655838012695,0.0505163669586181,0.0007340908050537,0.0007963180541992
20250724_010312_372,-26,49,49,24.7,23.76665310449154,-78.57940788269043,-78.57940788269043,0.1017296314239502,0.1583993434906005,49,49.0,YOLO,1,32,0.0,23.76665310449154,0.0,[],0.1014275550842285,0.0504608154296875,0.0504465103149414,0.0567636489868164,0.0007128715515136
20250724_010312_634,-26,49,49,24.7,23.755622114108377,-78.44898948669433,-78.44898948669433,0.1035082340240478,0.1019742488861084,49,49.0,YOLO,1,32,0.0,23.755622114108377,0.0,[],0.1032054424285888,0.0504577159881591,0.0504586696624755,0.0003983974456787,0.0006535053253173
20250724_010312_841,-26,49,49,24.7,23.80665183153141,-78.54131889343262,-78.54131889343262,0.0995543003082275,0.1584155559539795,49,49.0,YOLO,1,32,0.0,23.80665183153141,0.0,[],0.0991706848144531,0.0504581928253173,0.0505003929138183,0.0567567348480224,0.0006940364837646
20250724_010313_101,-26,49,49,24.7,23.984689475408203,-78.27884712219239,-78.27884712219239,0.1043589115142822,0.101954698562622,49,49.0,YOLO,1,32,0.0,23.984689475408203,0.0,[],0.1039958000183105,0.0504577159881591,0.0504405498504638,0.0003888607025146,0.0006618499755859
20250724_010313_309,-26,48,48,23.2,25.63677026538745,-76.56249961853027,-76.56249961853027,0.103079080581665,0.1588425636291504,48,48.0,YOLO,1,32,0.0,25.63677026538745,0.0,[],0.1027717590332031,0.0505235195159912,0.0505127906799316,0.0570900440216064,0.0007095336914062
20250724_010313_573,-26,48,48,23.2,25.65292046874447,-76.64506187438965,-76.64506187438965,0.1009707450866699,0.1021697521209716,48,48.0,YOLO,1,32,0.0,25.65292046874447,0.0,[],0.1005928516387939,0.050555944442749,0.0505080223083496,0.0004034042358398,0.000697374343872
20250724_010313_777,-26,48,48,23.2,25.811145511983383,-76.4395923614502,-76.4395923614502,0.1012966632843017,0.1584181785583496,48,48.0,YOLO,1,32,0.0,25.811145511983383,0.0,[],0.1008796691894531,0.0504744052886962,0.0504817962646484,0.0567245483398437,0.0007307529449462
20250724_010314_039,-26,48,48,23.2,25.88552482978108,-76.28629417419434,-76.28629417419434,0.1053769588470459,0.1019918918609619,48,48.0,YOLO,1,32,0.0,25.88552482978108,0.0,[],0.1050364971160888,0.0504682064056396,0.0504441261291503,0.0003964900970458,0.0006778240203857
20250724_010314_248,-25,48,48,23.2,24.046081974442306,-78.15516319274903,-78.15516319274903,0.1022663116455078,0.1583852767944336,48,48.0,YOLO,1,32,0.0,24.046081974442306,0.0,[],0.1019923686981201,0.0504460334777832,0.050462007522583,0.0567877292633056,0.0006825923919677
20250724_010314_510,-25,48,48,23.2,24.51365509716568,-77.86166191101074,-77.86166191101074,0.1059021949768066,0.1020479202270507,48,48.0,YOLO,1,32,0.0,24.51365509716568,0.0,[],0.1055617332458496,0.050469160079956,0.0504510402679443,0.000403881072998,0.0007193088531494
20250724_010314_720,-25,48,48,23.2,24.81301698372737,-77.52446784973145,-77.52446784973145,0.1036217212677002,0.1584153175354004,48,48.0,YOLO,1,32,0.0,24.81301698372737,0.0,[],0.1032474040985107,0.0504758358001709,0.0504841804504394,0.0567479133605957,0.0007023811340332
20250724_010314_983,-25,48,48,23.2,24.83606212303384,-77.42573013305665,-77.42573013305665,0.1032323837280273,0.1019935607910156,48,48.0,YOLO,1,32,0.0,24.83606212303384,0.0,[],0.1029736995697021,0.050464391708374,0.0504729747772216,0.0003995895385742,0.0006506443023681
20250724_010315_190,-25,48,48,23.2,24.373949233387638,-77.93105659484863,-77.93105659484863,0.102773904800415,0.1584415435791015,48,48.0,YOLO,1,32,0.0,24.373949233387638,0.0,[],0.1024537086486816,0.0504546165466308,0.0504741668701171,0.0568158626556396,0.0006906986236572
20250724_010315_453,-25,48,48,23.2,24.19897976396925,-77.99088745117187,-77.99088745117187,0.1029527187347412,0.1020138263702392,48,48.0,YOLO,1,32,0.0,24.19897976396925,0.0,[],0.1026403903961181,0.0504820346832275,0.0504622459411621,0.000385046005249,0.0006792545318603
20250724_010315_660,-25,48,48,23.2,24.27890617038489,-77.99047088623047,-77.99047088623047,0.1009116172790527,0.158365249633789,48,48.0,YOLO,1,32,0.0,24.27890617038489,0.0,[],0.100593090057373,0.0504570007324218,0.050466775894165,0.0567364692687988,0.0006990432739257
20250724_010315_921,-25,48,48,23.2,24.392735593701445,-77.80728874206542,-77.80728874206542,0.1060237884521484,0.1021113395690918,48,48.0,YOLO,1,32,0.0,24.392735593701445,0.0,[],0.105691909790039,0.0504798889160156,0.0505006313323974,0.0004045963287353,0.000720739364624
20250724_010316_130,-25,48,48,23.2,24.405139229356323,-77.9192455291748,-77.9192455291748,0.1028015613555908,0.1586477756500244,48,48.0,YOLO,1,32,0.0,24.405139229356323,0.0,[],0.1024618148803711,0.0504934787750244,0.0504329204559326,0.0567617416381835,0.0009512901306152
20250724_010316_394,-25,48,48,23.2,24.487865058399763,-77.79124298095704,-77.79124298095704,0.1009027957916259,0.1020114421844482,48,48.0,YOLO,1,32,0.0,24.487865058399763,0.0,[],0.1004602909088134,0.0504648685455322,0.0504660606384277,0.0004129409790039,0.0006625652313232
20250724_010316_599,-25,48,48,23.2,24.624049678038148,-77.60787963867188,-77.60787963867188,0.1026034355163574,0.1583738327026367,48,48.0,YOLO,1,32,0.0,24.624049678038148,0.0,[],0.1022908687591552,0.0504462718963623,0.0504720211029052,0.0567724704742431,0.0006768703460693
20250724_010316_861,-25,48,48,23.2,24.61893094554988,-77.72457084655761,-77.72457084655761,0.1036484241485595,0.1020009517669677,48,48.0,YOLO,1,32,0.0,24.61893094554988,0.0,[],0.1033089160919189,0.0504603385925293,0.0504734516143798,0.0004010200500488,0.0006608963012695
20250724_010317_068,-25,48,48,23.2,24.730284929860503,-77.42942123413086,-77.42942123413086,0.1019999980926513,0.1583495140075683,48,48.0,YOLO,1,32,0.0,24.730284929860503,0.0,[],0.1017055511474609,0.0504581928253173,0.0504426956176757,0.0567173957824707,0.0007243156433105
20250724_010317_331,-25,47,47,21.8,24.683735514952204,-77.64859008789062,-77.64859008789062,0.1061129570007324,0.1019790172576904,47,47.0,YOLO,1,32,0.0,24.683735514952204,0.0,[],0.1057689189910888,0.0504591464996337,0.050478458404541,0.0003819465637207,0.0006549358367919
20250724_010317_540,-25,47,47,21.8,24.95190321736338,-77.25667152404785,-77.25667152404785,0.0994577407836914,0.1583354473114013,47,47.0,YOLO,1,32,0.0,24.95190321736338,0.0,[],0.0991468429565429,0.0504541397094726,0.05045747756958,0.0566973686218261,0.000720739364624
20250724_010317_800,-25,47,47,21.8,24.99270516006385,-77.32304611206055,-77.32304611206055,0.1033787727355957,0.1020491123199462,47,47.0,YOLO,1,32,0.0,24.99270516006385,0.0,[],0.1030652523040771,0.0504446029663085,0.050483226776123,0.0003974437713623,0.000718355178833
20250724_010318_007,-25,47,47,21.8,24.99123671537353,-77.24693412780762,-77.24693412780762,0.1279215812683105,0.1584141254425048,47,47.0,YOLO,1,32,0.0,24.99123671537353,0.0,[],0.1276111602783203,0.0504703521728515,0.0504615306854248,0.0567371845245361,0.0007386207580566
20250724_010318_295,-24,47,47,21.8,24.73447401672989,-77.42845916748047,-77.42845916748047,0.1049528121948242,0.1020050048828125,47,47.0,YOLO,1,32,0.0,24.73447401672989,0.0,[],0.1045880317687988,0.0504672527313232,0.0504436492919921,0.0003910064697265,0.0006976127624511
20250724_010318_503,-24,47,47,21.8,23.9745469042023,-78.37648506164551,-78.37648506164551,0.0992650985717773,0.1583213806152343,47,47.0,YOLO,1,32,0.0,23.9745469042023,0.0,[],0.0989418029785156,0.0504488945007324,0.0504415035247802,0.0567343235015869,0.0006906986236572
20250724_010318_762,-24,47,47,21.8,24.01403314663783,-78.27481079101562,-78.27481079101562,0.1024792194366455,0.1021332740783691,47,47.0,YOLO,1,32,0.0,24.01403314663783,0.0,[],0.1021473407745361,0.0505144596099853,0.0505001544952392,0.0003890991210937,0.0007240772247314
20250724_010318_969,-24,47,47,21.8,24.508780021367382,-77.7679069519043,-77.7679069519043,0.1024856567382812,0.158381700515747,47,47.0,YOLO,1,32,0.0,24.508780021367382,0.0,[],0.1021723747253418,0.0504865646362304,0.0504884719848632,0.0567290782928466,0.0006709098815917
20250724_010319_231,-24,47,47,21.8,24.4640545766312,-77.76959228515625,-77.76959228515625,0.1035935878753662,0.1019363403320312,47,47.0,YOLO,1,32,0.0,24.4640545766312,0.0,[],0.1032605171203613,0.0504152774810791,0.0504605770111084,0.0004003047943115,0.0006546974182128
20250724_010319_438,-24,47,47,21.8,24.497095347103095,-77.8941162109375,-77.8941162109375,0.1022310256958007,0.1583466529846191,47,47.0,YOLO,1,32,0.0,24.497095347103095,0.0,[],0.1018600463867187,0.0504484176635742,0.050480842590332,0.0567378997802734,0.0006735324859619
20250724_010319_700,-24,47,47,21.8,24.361300002687685,-77.91625213623047,-77.91625213623047,0.1050124168395996,0.1020214557647705,47,47.0,YOLO,1,32,0.0,24.361300002687685,0.0,[],0.1047260761260986,0.0504603385925293,0.050494909286499,0.0004000663757324,0.0006608963012695
20250724_010319_909,-24,47,47,21.8,24.427692561602868,-77.8071044921875,-77.8071044921875,0.1034846305847168,0.1584620475769043,47,47.0,YOLO,1,32,0.0,24.427692561602868,0.0,[],0.1031718254089355,0.05047607421875,0.0504572391510009,0.0567896366119384,0.0007328987121582
20250724_010320_173,-24,47,47,21.8,24.420003208755432,-77.92985343933105,-77.92985343933105,0.1044468879699707,0.1020727157592773,47,47.0,YOLO,1,32,0.0,24.420003208755432,0.0,[],0.104111909866333,0.0504822731018066,0.050480842590332,0.0004026889801025,0.0007014274597167
20250724_010320_381,-24,47,47,21.8,24.28762707050136,-77.91849021911621,-77.91849021911621,0.1022169589996337,0.158339262008667,47,47.0,YOLO,1,32,0.0,24.28762707050136,0.0,[],0.1018381118774414,0.0504460334777832,0.0504474639892578,0.0567548274993896,0.0006840229034423
20250724_010320_643,-24,47,47,21.8,24.187848923895345,-78.03445434570312,-78.03445434570312,0.1032731533050537,0.1019721031188964,47,47.0,YOLO,1,32,0.0,24.187848923895345,0.0,[],0.102959394454956,0.0504558086395263,0.0504674911499023,0.0003936290740966,0.0006496906280517
20250724_010320_850,-24,47,47,21.8,24.044221031862165,-78.16596221923828,-78.16596221923828,0.1041197776794433,0.1584069728851318,47,47.0,YOLO,1,32,0.0,24.044221031862165,0.0,[],0.1037869453430175,0.0504634380340576,0.0504772663116455,0.05678391456604,0.0006766319274902
20250724_010321_114,-24,47,47,21.8,23.92798832425133,-78.39467849731446,-78.39467849731446,0.103238821029663,0.1020965576171875,47,47.0,YOLO,1,32,0.0,23.92798832425133,0.0,[],0.1029298305511474,0.0504910945892334,0.0504775047302246,0.0004401206970214,0.0006806850433349
20250724_010321_321,-24,47,47,21.8,24.200866119493654,-77.81002540588379,-77.81002540588379,0.1020257472991943,0.1584076881408691,47,47.0,YOLO,1,32,0.0,24.200866119493654,0.0,[],0.1017220020294189,0.0504302978515625,0.0504491329193115,0.0567255020141601,0.0007965564727783
20250724_010321_583,-24,46,46,20.3,24.203423841656218,-78.07561340332032,-78.07561340332032,0.104252815246582,0.1020376682281494,46,46.0,YOLO,1,32,0.0,24.203423841656218,0.0,[],0.1039433479309082,0.0504646301269531,0.0504631996154785,0.0004010200500488,0.0007030963897705
20250724_010321_791,-24,47,47,21.8,24.41817994178558,-77.8026180267334,-77.8026180267334,0.1045625209808349,0.1583569049835205,47,47.0,YOLO,1,32,0.0,24.41817994178558,0.0,[],0.1042242050170898,0.0504436492919921,0.0505092144012451,0.0567095279693603,0.0006880760192871
20250724_010322_055,-24,47,47,21.8,24.389048108256787,-77.82666397094727,-77.82666397094727,0.1016850471496582,0.1020262241363525,47,47.0,YOLO,1,32,0.0,24.389048108256787,0.0,[],0.1013338565826416,0.05049729347229,0.050447940826416,0.0004017353057861,0.0006744861602783
20250724_010322_260,-23,47,47,21.8,22.494903884391437,-79.74585723876953,-79.74585723876953,0.1000077724456787,0.1583528518676757,47,47.0,YOLO,1,32,0.0,22.494903884391437,0.0,[],0.0996050834655761,0.0504603385925293,0.0504291057586669,0.0567843914031982,0.0006723403930664
20250724_010322_520,-23,47,47,21.8,22.5718046859171,-79.72998657226563,-79.72998657226563,0.1033799648284912,0.1020872592926025,47,47.0,YOLO,1,32,0.0,22.5718046859171,0.0,[],0.1030137538909912,0.05047607421875,0.0504660606384277,0.0004084110260009,0.0007314682006835
20250724_010322_728,-23,47,47,21.8,22.69659415409312,-79.57140769958497,-79.57140769958497,0.1027839183807373,0.1583271026611328,47,47.0,YOLO,1,32,0.0,22.69659415409312,0.0,[],0.102426528930664,0.0504195690155029,0.050483226776123,0.0567281246185302,0.0006897449493408
20250724_010322_990,-23,47,47,21.8,22.752858240218305,-79.46774673461914,-79.46774673461914,0.1055583953857421,0.1020569801330566,47,47.0,YOLO,1,32,0.0,22.752858240218305,0.0,[],0.1052401065826416,0.0504493713378906,0.0504662990570068,0.000401496887207,0.0007333755493164
20250724_010323_199,-23,47,47,21.8,22.787740328514005,-79.44788246154785,-79.44788246154785,0.1013936996459961,0.1583364009857177,47,47.0,YOLO,1,32,0.0,22.787740328514005,0.0,[],0.1010527610778808,0.0504720211029052,0.0504431724548339,0.0567245483398437,0.0006904602050781
20250724_010323_461,-23,47,47,21.8,22.739888477882506,-79.47053756713868,-79.47053756713868,0.1030383110046386,0.1019959449768066,47,47.0,YOLO,1,32,0.0,22.739888477882506,0.0,[],0.1027207374572753,0.050438642501831,0.0504422187805175,0.0003938674926757,0.0007152557373046
20250724_010323_667,-23,47,47,21.8,22.36358952317856,-79.85897827148438,-79.85897827148438,0.1022834777832031,0.1585149765014648,47,47.0,YOLO,1,32,0.0,22.36358952317856,0.0,[],0.1019587516784668,0.0504543781280517,0.0505638122558593,0.0568134784698486,0.0006754398345947
20250724_010323_930,-23,46,46,20.3,22.465240666145636,-79.76148986816406,-79.76148986816406,0.1037054061889648,0.1020183563232421,46,46.0,YOLO,1,32,0.0,22.465240666145636,0.0,[],0.1033663749694824,0.0504791736602783,0.0504660606384277,0.0004029273986816,0.0006649494171142
20250724_010324_137,-23,47,47,21.8,22.609532645959888,-79.63925437927246,-79.63925437927246,0.1011397838592529,0.1583762168884277,47,47.0,YOLO,1,32,0.0,22.609532645959888,0.0,[],0.1008310317993164,0.0504462718963623,0.0504567623138427,0.0567598342895507,0.0007061958312988
20250724_010324_398,-23,47,47,21.8,22.530548849826275,-79.76148986816406,-79.76148986816406,0.1038918495178222,0.1020286083221435,47,47.0,YOLO,1,32,0.0,22.530548849826275,0.0,[],0.1035535335540771,0.0504543781280517,0.0504984855651855,0.0003969669342041,0.0006732940673828
20250724_010324_606,-23,47,47,21.8,22.38817012692985,-79.86855392456054,-79.86855392456054,0.1047477722167968,0.1583662033081054,47,47.0,YOLO,1,32,0.0,22.38817012692985,0.0,[],0.1044178009033203,0.0504558086395263,0.0504329204559326,0.0567286014556884,0.000741958618164
20250724_010324_871,-23,47,47,21.8,21.838147140602644,-80.33906555175781,-80.33906555175781,0.1023144721984863,0.1019859313964843,47,47.0,YOLO,1,32,0.0,21.838147140602644,0.0,[],0.1019580364227294,0.0504500865936279,0.0504693984985351,0.000396728515625,0.000664472579956
20250724_010325_077,-23,47,47,21.8,23.204113099945573,-79.05158233642578,-79.05158233642578,0.0993256568908691,0.1583518981933593,47,47.0,YOLO,1,32,0.0,23.204113099945573,0.0,[],0.0989575386047363,0.0504622459411621,0.0504531860351562,0.0567493438720703,0.0006816387176513
20250724_010325_336,-23,46,46,20.3,23.29860139276209,-78.98259582519532,-78.98259582519532,0.1016616821289062,0.1019699573516845,46,46.0,YOLO,1,32,0.0,23.29860139276209,0.0,[],0.1013500690460205,0.0504136085510253,0.0504825115203857,0.0003950595855712,0.0006740093231201
20250724_010325_541,-23,46,46,20.3,24.88889132287757,-77.38574485778808,-77.38574485778808,0.1003022193908691,0.1583611965179443,46,46.0,YOLO,1,32,0.0,24.88889132287757,0.0,[],0.0999767780303955,0.0504684448242187,0.050469160079956,0.0567371845245361,0.0006794929504394
20250724_010325_802,-23,46,46,20.3,24.86817396122261,-77.40570068359375,-77.40570068359375,0.1029081344604492,0.1019806861877441,46,46.0,YOLO,1,32,0.0,24.86817396122261,0.0,[],0.1025748252868652,0.0504579544067382,0.0504467487335205,0.000401496887207,0.0006690025329589
20250724_010326_008,-23,46,46,20.3,25.02166600479751,-77.27993392944336,-77.27993392944336,0.1027331352233886,0.1584601402282714,46,46.0,YOLO,1,32,0.0,25.02166600479751,0.0,[],0.1024279594421386,0.0504727363586425,0.0504734516143798,0.0567390918731689,0.0007679462432861
20250724_010326_271,-22,46,46,20.3,24.805667067134134,-77.32841567993164,-77.32841567993164,0.1025657653808593,0.1023097038269043,46,46.0,YOLO,1,32,0.0,24.805667067134134,0.0,[],0.1022250652313232,0.0508139133453369,0.0504276752471923,0.0003914833068847,0.0006721019744873
20250724_010326_477,-22,46,46,20.3,22.1010597220333,-80.18960571289062,-80.18960571289062,0.1029331684112548,0.1584138870239257,46,46.0,YOLO,1,32,0.0,22.1010597220333,0.0,[],0.1025943756103515,0.0504529476165771,0.0505087375640869,0.0567266941070556,0.0007185935974121
20250724_010326_740,-22,46,46,20.3,22.11046869012713,-80.17329826354981,-80.17329826354981,0.1026785373687744,0.1020231246948242,46,46.0,YOLO,1,32,0.0,22.11046869012713,0.0,[],0.1023540496826171,0.0504860877990722,0.050455093383789,0.0003960132598876,0.000680923461914
20250724_010326_947,-22,46,46,20.3,22.575748855097657,-79.56049003601075,-79.56049003601075,0.1037349700927734,0.1582744121551513,46,46.0,YOLO,1,32,0.0,22.575748855097657,0.0,[],0.1034126281738281,0.0504255294799804,0.0504641532897949,0.0567207336425781,0.0006566047668457
20250724_010327_210,-22,46,46,20.3,22.8227195112884,-79.47410087585449,-79.47410087585449,0.1043620109558105,0.102027416229248,46,46.0,YOLO,1,32,0.0,22.8227195112884,0.0,[],0.1040451526641845,0.0504865646362304,0.0504839420318603,0.0003948211669921,0.0006570816040039
20250724_010327_418,-22,46,46,20.3,22.866728299008383,-79.30865173339843,-79.30865173339843,0.101346731185913,0.1583054065704345,46,46.0,YOLO,1,32,0.0,22.866728299008383,0.0,[],0.1010355949401855,0.0504500865936279,0.0504705905914306,0.0566880702972412,0.000690221786499
20250724_010327_679,-22,46,46,20.3,22.682547001702005,-79.50683631896973,-79.50683631896973,0.1032028198242187,0.1021385192871093,46,46.0,YOLO,1,32,0.0,22.682547001702005,0.0,[],0.1029200553894043,0.0504562854766845,0.0504782199859619,0.0004093647003173,0.0007884502410888
20250724_010327_886,-22,46,46,20.3,22.54408971103878,-79.66114044189453,-79.66114044189453,0.1013805866241455,0.1583855152130127,46,46.0,YOLO,1,32,0.0,22.54408971103878,0.0,[],0.1010594367980957,0.0505251884460449,0.0504512786865234,0.0567250251770019,0.0006771087646484
20250724_010328_148,-22,46,46,20.3,22.65624064744213,-79.6552131652832,-79.6552131652832,0.1255226135253906,0.1020054817199707,46,46.0,YOLO,1,32,0.0,22.65624064744213,0.0,[],0.1251893043518066,0.0504586696624755,0.0504865646362304,0.0003812313079833,0.0006747245788574
20250724_010328_377,-22,46,46,20.3,22.94065684258426,-79.36970100402831,-79.36970100402831,0.1019816398620605,0.1584432125091552,46,46.0,YOLO,1,32,0.0,22.94065684258426,0.0,[],0.10164475440979,0.0505094528198242,0.0504710674285888,0.0567822456359863,0.0006747245788574
20250724_010328_639,-22,46,46,20.3,22.98080956623372,-79.35589599609375,-79.35589599609375,0.1017284393310546,0.1020996570587158,46,46.0,YOLO,1,32,0.0,22.98080956623372,0.0,[],0.1014120578765869,0.0505213737487793,0.0504727363586425,0.0004003047943115,0.0006995201110839
20250724_010328_844,-22,46,46,20.3,22.576079767953274,-79.61634674072266,-79.61634674072266,0.0997102260589599,0.1583800315856933,46,46.0,YOLO,1,32,0.0,22.576079767953274,0.0,[],0.0993859767913818,0.0504553318023681,0.050408124923706,0.0567920207977294,0.000718355178833
20250724_010329_104,-22,46,46,20.3,22.714498982786225,-79.71503257751465,-79.71503257751465,0.1046080589294433,0.101963996887207,46,46.0,YOLO,1,32,0.0,22.714498982786225,0.0,[],0.1042976379394531,0.050478458404541,0.0504152774810791,0.0003993511199951,0.0006659030914306
20250724_010329_312,-22,45,45,18.9,25.208089292960963,-77.07908325195312,-77.07908325195312,0.1004590988159179,0.1583166122436523,45,45.0,YOLO,1,32,0.0,25.208089292960963,0.0,[],0.1001403331756591,0.0504779815673828,0.0504467487335205,0.056718111038208,0.0006675720214843
20250724_010329_573,-22,45,45,18.9,25.311393028664,-77.01345825195312,-77.01345825195312,0.1016590595245361,0.1019794940948486,45,45.0,YOLO,1,32,0.0,25.311393028664,0.0,[],0.1013379096984863,0.050412893295288,0.0504758358001709,0.0004005432128906,0.0006742477416992
20250724_010329_778,-22,45,45,18.9,25.43117673357368,-76.83566284179688,-76.83566284179688,0.1028332710266113,0.1584622859954834,45,45.0,YOLO,1,32,0.0,25.43117673357368,0.0,[],0.1025125980377197,0.0505521297454834,0.0504839420318603,0.0567119121551513,0.0007083415985107
20250724_010330_041,-22,45,45,18.9,25.3901153451442,-76.77078552246094,-76.77078552246094,0.1035809516906738,0.1020169258117675,45,45.0,YOLO,1,32,0.0,25.3901153451442,0.0,[],0.1032249927520752,0.0504772663116455,0.0504519939422607,0.000396728515625,0.0006854534149169
20250724_010330_248,-21,45,45,18.9,23.968195723988188,-78.3042064666748,-78.3042064666748,0.1026060581207275,0.158442735671997,45,45.0,YOLO,1,32,0.0,23.968195723988188,0.0,[],0.1022794246673584,0.0505225658416748,0.0504605770111084,0.0567767620086669,0.0006773471832275
20250724_010330_511,-21,45,45,18.9,23.915857730031803,-78.33425788879394,-78.33425788879394,0.1057441234588623,0.1019985675811767,45,45.0,YOLO,1,32,0.0,23.915857730031803,0.0,[],0.1054439544677734,0.0505099296569824,0.0504367351531982,0.0003931522369384,0.0006530284881591
20250724_010330_720,-21,45,45,18.9,23.712670352454666,-78.58594856262206,-78.58594856262206,0.0995593070983886,0.1584641933441162,45,45.0,YOLO,1,32,0.0,23.712670352454666,0.0,[],0.0992374420166015,0.0505697727203369,0.0504720211029052,0.056732177734375,0.0006835460662841
20250724_010330_980,-21,45,45,18.9,23.84294979896059,-78.50871620178222,-78.50871620178222,0.1029248237609863,0.10211181640625,45,45.0,YOLO,1,32,0.0,23.84294979896059,0.0,[],0.1025984287261962,0.0504829883575439,0.0504732131958007,0.0004007816314697,0.0007500648498535
20250724_010331_187,-21,45,45,18.9,24.36771470956924,-77.84656105041503,-77.84656105041503,0.1043369770050048,0.158344030380249,45,45.0,YOLO,1,32,0.0,24.36771470956924,0.0,[],0.1039700508117675,0.0504477024078369,0.050455093383789,0.0567362308502197,0.0006976127624511
20250724_010331_451,-21,45,45,18.9,24.11972285742641,-78.04937705993652,-78.04937705993652,0.1041302680969238,0.1021399497985839,45,45.0,YOLO,1,32,0.0,24.11972285742641,0.0,[],0.1038093566894531,0.0504751205444335,0.0504848957061767,0.0003955364227294,0.0007791519165039
20250724_010331_659,-21,45,45,18.9,24.55956049663492,-77.74542999267578,-77.74542999267578,0.1018428802490234,0.1584503650665283,45,45.0,YOLO,1,32,0.0,24.55956049663492,0.0,[],0.1015257835388183,0.0504908561706543,0.0505149364471435,0.0567448139190673,0.0006928443908691
20250724_010331_921,-21,45,45,18.9,24.455275909678576,-77.86966323852539,-77.86966323852539,0.1012024879455566,0.1020116806030273,45,45.0,YOLO,1,32,0.0,24.455275909678576,0.0,[],0.1008150577545166,0.0504605770111084,0.0504584312438964,0.0003926753997802,0.0006947517395019
20250724_010332_126,-21,45,45,18.9,24.495554259824203,-77.7010498046875,-77.7010498046875,0.1001729965209961,0.1583573818206787,45,45.0,YOLO,1,32,0.0,24.495554259824203,0.0,[],0.0998659133911132,0.0504844188690185,0.050443410873413,0.056730031967163,0.0006935596466064
20250724_010332_386,-21,45,45,18.9,24.46110308840645,-77.75052299499512,-77.75052299499512,0.1025347709655761,0.1019873619079589,45,45.0,YOLO,1,32,0.0,24.46110308840645,0.0,[],0.1021604537963867,0.0504231452941894,0.0504822731018066,0.0003995895385742,0.0006773471832275
20250724_010332_592,-21,45,45,18.9,24.4039809272456,-77.91397476196289,-77.91397476196289,0.1017930507659912,0.1583871841430664,45,45.0,YOLO,1,32,0.0,24.4039809272456,0.0,[],0.1014719009399414,0.0505404472351074,0.0504624843597412,0.0567274093627929,0.0006511211395263
20250724_010332_854,-21,45,45,18.9,24.44715657177619,-77.8005599975586,-77.8005599975586,0.1034855842590332,0.1020798683166503,45,45.0,YOLO,1,32,0.0,24.44715657177619,0.0,[],0.1031804084777832,0.0504610538482666,0.0504665374755859,0.0004007816314697,0.0007450580596923
20250724_010333_061,-21,45,45,18.9,24.0644482151108,-78.15833053588867,-78.15833053588867,0.1031277179718017,0.1583337783813476,45,45.0,YOLO,1,32,0.0,24.0644482151108,0.0,[],0.1027820110321044,0.0504581928253173,0.0504393577575683,0.0567646026611328,0.0006656646728515
20250724_010333_324,-21,44,44,17.4,24.287978363140653,-77.99027862548829,-77.99027862548829,0.1022546291351318,0.1020154953002929,44,44.0,YOLO,1,32,0.0,24.287978363140653,0.0,[],0.1019084453582763,0.05043625831604,0.0505311489105224,0.0003988742828369,0.0006444454193115
20250724_010333_530,-21,44,44,17.4,26.16685196601192,-76.17434730529786,-76.17434730529786,0.0995850563049316,0.1583852767944336,44,44.0,YOLO,1,32,0.0,26.16685196601192,0.0,[],0.0992660522460937,0.0504753589630126,0.05043625831604,0.0567333698272705,0.0007336139678955
20250724_010333_790,-21,44,44,17.4,26.19228682073188,-76.18846893310547,-76.18846893310547,0.1004018783569336,0.1020007133483886,44,44.0,YOLO,1,32,0.0,26.19228682073188,0.0,[],0.1000428199768066,0.0504608154296875,0.0504283905029296,0.0004012584686279,0.0007050037384033
20250724_010333_994,-21,45,45,18.9,24.45390588135172,-77.77080612182617,-77.77080612182617,0.1005852222442627,0.1583406925201416,45,45.0,YOLO,1,32,0.0,24.45390588135172,0.0,[],0.1002993583679199,0.0504562854766845,0.0504565238952636,0.0567383766174316,0.0006835460662841
20250724_010334_254,-20,45,45,18.9,24.522671586649736,-77.71421127319336,-77.71421127319336,0.1044564247131347,0.1020703315734863,45,45.0,YOLO,1,32,0.0,24.522671586649736,0.0,[],0.1041221618652343,0.0504944324493408,0.0504498481750488,0.000394582748413,0.0007259845733642
20250724_010334_463,-20,45,45,18.9,22.264337564902988,-79.84249572753906,-79.84249572753906,0.1016483306884765,0.1584467887878418,45,45.0,YOLO,1,32,0.0,22.264337564902988,0.0,[],0.1013362407684326,0.0504648685455322,0.0504910945892334,0.0567822456359863,0.0007028579711914
20250724_010334_724,-20,45,45,18.9,22.292879296119068,-79.97467384338378,-79.97467384338378,0.102574348449707,0.1020524501800537,45,45.0,YOLO,1,32,0.0,22.292879296119068,0.0,[],0.1022224426269531,0.0504553318023681,0.0505049228668212,0.0003998279571533,0.0006873607635498
20250724_010334_930,-20,45,45,18.9,22.26571152775917,-80.05561828613281,-80.05561828613281,0.10569429397583,0.1583521366119384,45,45.0,YOLO,1,32,0.0,22.26571152775917,0.0,[],0.1053760051727294,0.0504229068756103,0.050459861755371,0.0567667484283447,0.0006959438323974
20250724_010335_196,-20,45,45,18.9,22.063421083500288,-80.12738800048828,-80.12738800048828,0.1025385856628418,0.1021115779876709,45,45.0,YOLO,1,32,0.0,22.063421083500288,0.0,[],0.1022217273712158,0.0504505634307861,0.0504651069641113,0.0004010200500488,0.0007894039154052
20250724_010335_402,-20,45,45,18.9,21.527025426744984,-80.63824844360352,-80.63824844360352,0.0997357368469238,0.1584117412567138,45,45.0,YOLO,1,32,0.0,21.527025426744984,0.0,[],0.0994110107421875,0.0504570007324218,0.0504629611968994,0.0567712783813476,0.0007140636444091
20250724_010335_662,-20,45,45,18.9,21.767630657516094,-80.47212219238281,-80.47212219238281,0.1023871898651123,0.1021053791046142,45,45.0,YOLO,1,32,0.0,21.767630657516094,0.0,[],0.1020998954772949,0.0505008697509765,0.0504693984985351,0.0004174709320068,0.0007119178771972
20250724_010335_868,-20,45,45,18.9,22.112029276392438,-80.05288162231446,-80.05288162231446,0.1027367115020752,0.1584725379943847,45,45.0,YOLO,1,32,0.0,22.112029276392438,0.0,[],0.1024255752563476,0.0504901409149169,0.0505146980285644,0.056767463684082,0.0006937980651855
20250724_010336_131,-20,45,45,18.9,22.120699882200228,-80.08563232421875,-80.08563232421875,0.1058466434478759,0.1020348072052002,45,45.0,YOLO,1,32,0.0,22.120699882200228,0.0,[],0.105541706085205,0.0504400730133056,0.0504834651947021,0.0004096031188964,0.0006961822509765
20250724_010336_341,-20,45,45,18.9,22.382853858280072,-79.76824188232422,-79.76824188232422,0.1015841960906982,0.1584727764129638,45,45.0,YOLO,1,32,0.0,22.382853858280072,0.0,[],0.1012592315673828,0.0504782199859619,0.0504860877990722,0.0568032264709472,0.0006992816925048
20250724_010336_602,-20,45,45,18.9,22.44618780893424,-79.73075103759766,-79.73075103759766,0.0993075370788574,0.1020450592041015,45,45.0,YOLO,1,32,0.0,22.44618780893424,0.0,[],0.0989553928375244,0.0504934787750244,0.0504686832427978,0.000401496887207,0.0006766319274902
20250724_010336_805,-20,45,45,18.9,22.57047503224142,-79.62483978271484,-79.62483978271484,0.1019477844238281,0.1583869457244873,45,45.0,YOLO,1,32,0.0,22.57047503224142,0.0,[],0.1015937328338623,0.0504505634307861,0.0504891872406005,0.0567293167114257,0.0007104873657226
20250724_010337_067,-20,45,45,18.9,22.65909445007728,-79.63869438171386,-79.63869438171386,0.1047704219818115,0.101966381072998,45,45.0,YOLO,1,32,0.0,22.65909445007728,0.0,[],0.1044526100158691,0.0504443645477294,0.0504560470581054,0.0004053115844726,0.0006558895111083
20250724_010337_275,-20,44,44,17.4,25.204433351426445,-77.11687850952148,-77.11687850952148,0.1029672622680664,0.1583995819091797,44,44.0,YOLO,1,32,0.0,25.204433351426445,0.0,[],0.102630615234375,0.0504555702209472,0.050459861755371,0.0567343235015869,0.0007431507110595
20250724_010337_538,-20,44,44,17.4,25.0783116684202,-77.2086296081543,-77.2086296081543,0.1047651767730712,0.1020698547363281,44,44.0,YOLO,1,32,0.0,25.0783116684202,0.0,[],0.1044642925262451,0.050469160079956,0.0504660606384277,0.0003972053527832,0.0007309913635253
20250724_010337_747,-20,44,44,17.4,25.077676795678144,-77.1640853881836,-77.1640853881836,0.1016662120819091,0.1583766937255859,44,44.0,YOLO,1,32,0.0,25.077676795678144,0.0,[],0.1013526916503906,0.0504891872406005,0.0504682064056396,0.0567364692687988,0.0006759166717529
20250724_010338_008,-20,44,44,17.4,25.0549966074836,-77.17037963867188,-77.17037963867188,0.1019971370697021,0.1019771099090576,44,44.0,YOLO,1,32,0.0,25.0549966074836,0.0,[],0.1016404628753662,0.0504684448242187,0.0504648685455322,0.0003943443298339,0.0006425380706787
20250724_010338_214,-19,44,44,17.4,23.330166446864386,-78.90604438781739,-78.90604438781739,0.1000776290893554,0.1585907936096191,44,44.0,YOLO,1,32,0.0,23.330166446864386,0.0,[],0.0997359752655029,0.0505635738372802,0.0505411624908447,0.0567755699157714,0.0007021427154541
20250724_010338_474,-19,44,44,17.4,23.563975233684246,-78.7971794128418,-78.7971794128418,0.1013355255126953,0.1019465923309326,44,44.0,YOLO,1,32,0.0,23.563975233684246,0.0,[],0.1010136604309082,0.0504090785980224,0.0504453182220459,0.0003993511199951,0.000687837600708
20250724_010338_679,-19,44,44,17.4,23.415450596212736,-78.81869201660156,-78.81869201660156,0.1024849414825439,0.1584401130676269,44,44.0,YOLO,1,32,0.0,23.415450596212736,0.0,[],0.1021661758422851,0.0505194664001464,0.0504786968231201,0.0567452907562255,0.000690221786499
20250724_010338_942,-19,44,44,17.4,23.53291295610856,-78.74205894470215,-78.74205894470215,0.1026206016540527,0.1020212173461914,44,44.0,YOLO,1,32,0.0,23.53291295610856,0.0,[],0.1023163795471191,0.0504703521728515,0.0504679679870605,0.0003998279571533,0.0006780624389648
20250724_010339_148,-19,44,44,17.4,23.35706503011052,-78.93906288146972,-78.93906288146972,0.1030898094177246,0.1582508087158203,44,44.0,YOLO,1,32,0.0,23.35706503011052,0.0,[],0.1027693748474121,0.0504283905029296,0.0504252910614013,0.056706428527832,0.0006842613220214
20250724_010339_411,-19,44,44,17.4,23.376249842829537,-78.83988952636719,-78.83988952636719,0.1026663780212402,0.1020801067352294,44,44.0,YOLO,1,32,0.0,23.376249842829537,0.0,[],0.1023304462432861,0.0504767894744873,0.0504817962646484,0.0004010200500488,0.0007150173187255
20250724_010339_617,-19,43,43,16.0,24.791034939621483,-77.52346458435059,-77.52346458435059,0.1030240058898925,0.1583583354949951,43,43.0,YOLO,1,32,0.0,24.791034939621483,0.0,[],0.1026694774627685,0.0504720211029052,0.0504732131958007,0.0567350387573242,0.0006718635559082
20250724_010339_880,-19,44,44,17.4,24.745462592411823,-77.57979583740234,-77.57979583740234,0.1047430038452148,0.1021223068237304,44,44.0,YOLO,1,32,0.0,24.745462592411823,0.0,[],0.1043658256530761,0.0504820346832275,0.0504720211029052,0.0004024505615234,0.0007610321044921
20250724_010340_089,-19,44,44,17.4,23.676584827662538,-78.57489585876465,-78.57489585876465,0.1015801429748535,0.1583168506622314,44,44.0,YOLO,1,32,0.0,23.676584827662538,0.0,[],0.1012258529663086,0.0504496097564697,0.0504744052886962,0.0567162036895751,0.0006716251373291
20250724_010340_350,-19,44,44,17.4,23.72271711189572,-78.45333328247071,-78.45333328247071,0.1037008762359619,0.1020131111145019,44,44.0,YOLO,1,32,0.0,23.72271711189572,0.0,[],0.1033909320831298,0.0504755973815918,0.0504422187805175,0.0004005432128906,0.0006895065307617
20250724_010340_558,-19,44,44,17.4,23.92823179458037,-78.31625289916992,-78.31625289916992,0.0998241901397705,0.1583228111267089,44,44.0,YOLO,1,32,0.0,23.92823179458037,0.0,[],0.0994796752929687,0.0504741668701171,0.0504875183105468,0.0566940307617187,0.0006606578826904
20250724_010340_817,-19,44,44,17.4,23.94544533997416,-78.39235572814941,-78.39235572814941,0.1020107269287109,0.1021759510040283,44,44.0,YOLO,1,32,0.0,23.94544533997416,0.0,[],0.1016883850097656,0.0505213737487793,0.0505249500274658,0.0004274845123291,0.0006957054138183
20250724_010341_023,-19,44,44,17.4,23.848690186326465,-78.45551795959473,-78.45551795959473,0.0886459350585937,0.1583216190338134,44,44.0,YOLO,1,32,0.0,23.848690186326465,0.0,[],0.0883140563964843,0.0504543781280517,0.0504701137542724,0.0567162036895751,0.0006749629974365
20250724_010341_272,-19,43,43,16.0,23.8727510027161,-78.34294281005859,-78.34294281005859,0.100616455078125,0.1020646095275878,43,43.0,YOLO,1,32,0.0,23.8727510027161,0.0,[],0.100276231765747,0.050504446029663,0.0504736900329589,0.0004065036773681,0.0006749629974365
20250724_010341_476,-19,43,43,16.0,25.306406391962582,-76.9207534790039,-76.9207534790039,0.1031475067138671,0.158381700515747,43,43.0,YOLO,1,32,0.0,25.306406391962582,0.0,[],0.1028082370758056,0.0504274368286132,0.0505120754241943,0.056758165359497,0.0006778240203857
20250724_010341_739,-19,43,43,16.0,25.30305023516669,-76.89598922729492,-76.89598922729492,0.1039512157440185,0.1020195484161377,43,43.0,YOLO,1,32,0.0,25.30305023516669,0.0,[],0.1036522388458252,0.0504589080810546,0.0504519939422607,0.0003829002380371,0.0007205009460449
20250724_010341_947,-19,43,43,16.0,24.90003649137768,-77.31061134338378,-77.31061134338378,0.1019904613494873,0.1583309173583984,43,43.0,YOLO,1,32,0.0,24.90003649137768,0.0,[],0.1016795635223388,0.0504400730133056,0.0504462718963623,0.0567398071289062,0.0006980895996093
20250724_010342_209,-18,43,43,16.0,25.035823515593638,-77.28364143371581,-77.28364143371581,0.1020476818084716,0.1020894050598144,43,43.0,YOLO,1,32,0.0,25.035823515593638,0.0,[],0.1017005443572998,0.0504999160766601,0.0504806041717529,0.000411033630371,0.0006918907165527
20250724_010342_414,-18,43,43,16.0,23.443777863899783,-78.77783889770508,-78.77783889770508,0.1019046306610107,0.1585912704467773,43,43.0,YOLO,1,32,0.0,23.443777863899783,0.0,[],0.1015684604644775,0.0505182743072509,0.0504810810089111,0.0567550659179687,0.0008292198181152
20250724_010342_677,-18,43,43,16.0,23.486973928574955,-78.62721633911133,-78.62721633911133,0.104297399520874,0.102175235748291,43,43.0,YOLO,1,32,0.0,23.486973928574955,0.0,[],0.1039235591888427,0.05055832862854,0.0505082607269287,0.0003998279571533,0.0007028579711914
20250724_010342_885,-18,43,43,16.0,23.71559493544068,-78.55035400390625,-78.55035400390625,0.1007647514343261,0.1584858894348144,43,43.0,YOLO,1,32,0.0,23.71559493544068,0.0,[],0.1004209518432617,0.0505023002624511,0.0505056381225585,0.0567340850830078,0.0007367134094238
20250724_010343_146,-18,43,43,16.0,23.75224370329437,-78.5244312286377,-78.5244312286377,0.1054332256317138,0.1022264957427978,43,43.0,YOLO,1,32,0.0,23.75224370329437,0.0,[],0.1050786972045898,0.0505239963531494,0.0505428314208984,0.0004215240478515,0.0007328987121582
20250724_010343_355,-18,43,43,16.0,23.66106848612841,-78.58524551391602,-78.58524551391602,0.1042816638946533,0.1585209369659423,43,43.0,YOLO,1,32,0.0,23.66106848612841,0.0,[],0.1039454936981201,0.0505135059356689,0.0505032539367675,0.0567214488983154,0.0007762908935546
20250724_010343_620,-18,43,43,16.0,23.704044893023934,-78.47485694885253,-78.47485694885253,0.1045188903808593,0.1021325588226318,43,43.0,YOLO,1,32,0.0,23.704044893023934,0.0,[],0.1041855812072753,0.050499677658081,0.050525426864624,0.0004105567932128,0.0006914138793945
20250724_010343_828,-18,43,43,16.0,23.8306709157567,-78.40820846557617,-78.40820846557617,0.1030824184417724,0.1588037014007568,43,43.0,YOLO,1,32,0.0,23.8306709157567,0.0,[],0.1027469635009765,0.0504915714263916,0.0504961013793945,0.0567615032196044,0.0010466575622558
20250724_010344_092,-18,43,43,16.0,23.79748702271553,-78.39910888671875,-78.39910888671875,0.1053109169006347,0.1020066738128662,43,43.0,YOLO,1,32,0.0,23.79748702271553,0.0,[],0.1049773693084716,0.0504605770111084,0.0504536628723144,0.0004057884216308,0.0006814002990722
20250724_010344_301,-18,43,43,16.0,23.23918733192866,-78.95993347167969,-78.95993347167969,0.100055456161499,0.1584362983703613,43,43.0,YOLO,1,32,0.0,23.23918733192866,0.0,[],0.0997467041015625,0.0504627227783203,0.05049729347229,0.056758165359497,0.0007119178771972
20250724_010344_561,-18,43,43,16.0,23.35427331786137,-78.92782974243164,-78.92782974243164,0.0876197814941406,0.1019551753997802,43,43.0,YOLO,1,32,0.0,23.35427331786137,0.0,[],0.0872750282287597,0.0504353046417236,0.0504720211029052,0.0003998279571533,0.0006442070007324
20250724_010344_752,-18,43,43,16.0,23.208147769270653,-78.99061584472656,-78.99061584472656,0.097139835357666,0.1584393978118896,43,43.0,YOLO,1,32,0.0,23.208147769270653,0.0,[],0.0967810153961181,0.050441026687622,0.0504682064056396,0.0567331314086914,0.0007886886596679
20250724_010345_010,-18,43,43,16.0,23.125289334683146,-79.1102684020996,-79.1102684020996,0.1014506816864013,0.1021409034729003,43,43.0,YOLO,1,32,0.0,23.125289334683146,0.0,[],0.1010501384735107,0.0505318641662597,0.0504877567291259,0.0004160404205322,0.000699758529663
20250724_010345_215,-18,42,42,14.5,25.4848039510738,-76.7625301361084,-76.7625301361084,0.10252046585083,0.1588430404663086,42,42.0,YOLO,1,32,0.0,25.4848039510738,0.0,[],0.1021595001220703,0.0505118370056152,0.0505557060241699,0.056774616241455,0.0009920597076416
20250724_010345_479,-18,42,42,14.5,25.66033917666337,-76.67072296142578,-76.67072296142578,0.105985403060913,0.1020584106445312,42,42.0,YOLO,1,32,0.0,25.66033917666337,0.0,[],0.1051404476165771,0.0504806041717529,0.0505042076110839,0.0003924369812011,0.0006759166717529
20250724_010345_688,-18,42,42,14.5,25.869065732217408,-76.49093475341797,-76.49093475341797,0.103626012802124,0.1584193706512451,42,42.0,YOLO,1,32,0.0,25.869065732217408,0.0,[],0.1032853126525878,0.0504701137542724,0.0504834651947021,0.0567348003387451,0.0007240772247314
20250724_010345_952,-18,42,42,14.5,25.921253396207447,-76.38128852844238,-76.38128852844238,0.1004331111907959,0.1020026206970214,42,42.0,YOLO,1,32,0.0,25.921253396207447,0.0,[],0.1001152992248535,0.0504677295684814,0.0504729747772216,0.0003919601440429,0.0006651878356933
20250724_010346_156,-17,42,42,14.5,24.771488332045493,-77.44177551269532,-77.44177551269532,0.1022174358367919,0.1584067344665527,42,42.0,YOLO,1,32,0.0,24.771488332045493,0.0,[],0.1018381118774414,0.0504710674285888,0.050464391708374,0.0567677021026611,0.000697374343872
20250724_010346_418,-17,42,42,14.5,24.62598286968941,-77.54687271118163,-77.54687271118163,0.1050248146057128,0.1020729541778564,42,42.0,YOLO,1,32,0.0,24.62598286968941,0.0,[],0.1047070026397705,0.0504708290100097,0.0504488945007324,0.0004017353057861,0.0007464885711669
20250724_010346_627,-17,42,42,14.5,24.60973920844268,-77.64965744018555,-77.64965744018555,0.0975255966186523,0.1583685874938964,42,42.0,YOLO,1,32,0.0,24.60973920844268,0.0,[],0.0971808433532714,0.0504553318023681,0.0504481792449951,0.0567283630371093,0.0007300376892089
20250724_010346_884,-17,42,42,14.5,24.63126489806986,-77.70075035095215,-77.70075035095215,0.1004807949066162,0.1020090579986572,42,42.0,YOLO,1,32,0.0,24.63126489806986,0.0,[],0.1000823974609375,0.0504486560821533,0.0504701137542724,0.0003995895385742,0.0006852149963378
20250724_010347_088,-17,42,42,14.5,25.02441517974768,-77.21345863342285,-77.21345863342285,0.1021251678466796,0.1584455966949463,42,42.0,YOLO,1,32,0.0,25.02441517974768,0.0,[],0.1017911434173584,0.0505008697509765,0.0504329204559326,0.0567221641540527,0.0007829666137695
20250724_010347_350,-17,42,42,14.5,24.98153478364786,-77.15974578857421,-77.15974578857421,0.1038916110992431,0.1021120548248291,42,42.0,YOLO,1,32,0.0,24.98153478364786,0.0,[],0.1035435199737548,0.0504963397979736,0.0504763126373291,0.0004031658172607,0.0007309913635253
20250724_010347_558,-17,42,42,14.5,25.068064633924,-77.11268272399903,-77.11268272399903,0.1015632152557373,0.1583139896392822,42,42.0,YOLO,1,32,0.0,25.068064633924,0.0,[],0.1012482643127441,0.050459861755371,0.0504384040832519,0.0566942691802978,0.0007154941558837
20250724_010347_820,-17,42,42,14.5,25.17597666161457,-76.99254302978515,-76.99254302978515,0.0994291305541992,0.1020760536193847,42,42.0,YOLO,1,32,0.0,25.17597666161457,0.0,[],0.0991113185882568,0.0504736900329589,0.050443410873413,0.0004026889801025,0.000751256942749
20250724_010348_023,-17,42,42,14.5,25.0012076960532,-77.39568786621093,-77.39568786621093,0.1021034717559814,0.1584212779998779,42,42.0,YOLO,1,32,0.0,25.0012076960532,0.0,[],0.101741075515747,0.0504658222198486,0.0504710674285888,0.056748628616333,0.0007300376892089
20250724_010348_285,-17,42,42,14.5,25.156732015274883,-77.20609283447266,-77.20609283447266,0.1033301353454589,0.1020164489746093,42,42.0,YOLO,1,32,0.0,25.156732015274883,0.0,[],0.1030032634735107,0.0504858493804931,0.0504493713378906,0.0004010200500488,0.0006742477416992
20250724_010348_492,-17,42,42,14.5,25.05450428575124,-77.2425594329834,-77.2425594329834,0.1017689704895019,0.1582794189453125,42,42.0,YOLO,1,32,0.0,25.05450428575124,0.0,[],0.1014578342437744,0.0504608154296875,0.0504517555236816,0.0566802024841308,0.0006806850433349
20250724_010348_753,-17,42,42,14.5,25.05030377453133,-77.17228813171387,-77.17228813171387,0.1017115116119384,0.10201096534729,42,42.0,YOLO,1,32,0.0,25.05030377453133,0.0,[],0.1013894081115722,0.0504775047302246,0.0504531860351562,0.0003988742828369,0.0006768703460693
20250724_010348_959,-17,42,42,14.5,25.097072566528183,-77.35860443115234,-77.35860443115234,0.1029298305511474,0.1583709716796875,42,42.0,YOLO,1,32,0.0,25.097072566528183,0.0,[],0.1026239395141601,0.0504515171051025,0.05049729347229,0.0567283630371093,0.0006871223449707
20250724_010349_222,-17,42,42,14.5,24.91444630228972,-77.34565010070801,-77.34565010070801,0.1038527488708496,0.1035447120666503,42,42.0,YOLO,1,32,0.0,24.91444630228972,0.0,[],0.1035346984863281,0.0504910945892334,0.0505096912384033,0.0015456676483154,0.0009918212890625
20250724_010349_431,-17,41,41,13.1,26.12114977788576,-76.02739143371582,-76.02739143371582,0.1043009757995605,0.1584148406982422,41,41.0,YOLO,1,32,0.0,26.12114977788576,0.0,[],0.1038374900817871,0.050478458404541,0.0504710674285888,0.0567593574523925,0.0006999969482421
20250724_010349_696,-17,41,41,13.1,25.99021147899144,-76.2103042602539,-76.2103042602539,0.1036229133605957,0.1020543575286865,41,41.0,YOLO,1,32,0.0,25.99021147899144,0.0,[],0.1032674312591552,0.0504851341247558,0.0504524707794189,0.0004053115844726,0.0007061958312988
20250724_010349_903,-17,42,42,14.5,24.83247800969454,-77.44200134277344,-77.44200134277344,0.1027650833129882,0.1583755016326904,42,42.0,YOLO,1,32,0.0,24.83247800969454,0.0,[],0.1024458408355712,0.0504662990570068,0.0504310131072998,0.0567622184753418,0.0007097721099853
20250724_010350_166,-16,42,42,14.5,24.822462185673416,-77.36856384277344,-77.36856384277344,0.1034941673278808,0.1023163795471191,42,42.0,YOLO,1,32,0.0,24.822462185673416,0.0,[],0.1031370162963867,0.0505092144012451,0.0505735874176025,0.0004751682281494,0.0007510185241699
20250724_010350_373,-16,42,42,14.5,22.94975523374312,-79.30492553710938,-79.30492553710938,0.0951268672943115,0.1583938598632812,42,42.0,YOLO,1,32,0.0,22.94975523374312,0.0,[],0.0947706699371337,0.050455093383789,0.0504648685455322,0.0567798614501953,0.0006875991821289
20250724_010350_628,-16,42,42,14.5,23.02936520417469,-79.2655258178711,-79.2655258178711,0.0974247455596923,0.1020596027374267,42,42.0,YOLO,1,32,0.0,23.02936520417469,0.0,[],0.0970962047576904,0.0504899024963378,0.0504562854766845,0.0004091262817382,0.0006985664367675
20250724_010350_829,-16,42,42,14.5,23.146296390715847,-79.09465522766114,-79.09465522766114,0.1016178131103515,0.1583516597747802,42,42.0,YOLO,1,32,0.0,23.146296390715847,0.0,[],0.1013119220733642,0.0504658222198486,0.0504820346832275,0.0567314624786376,0.0006659030914306
20250724_010351_091,-16,42,42,14.5,23.13274082956596,-79.05109214782715,-79.05109214782715,0.1008729934692382,0.1020476818084716,42,42.0,YOLO,1,32,0.0,23.13274082956596,0.0,[],0.1005654335021972,0.0504915714263916,0.0504577159881591,0.0003998279571533,0.0006933212280273
20250724_010351_295,-16,42,42,14.5,23.95939317945823,-78.30158996582031,-78.30158996582031,0.1012225151062011,0.158426284790039,42,42.0,YOLO,1,32,0.0,23.95939317945823,0.0,[],0.1008944511413574,0.0504829883575439,0.0504851341247558,0.0567455291748046,0.0007064342498779
20250724_010351_557,-16,42,42,14.5,23.81603991025682,-78.35369873046875,-78.35369873046875,0.1046843528747558,0.1020371913909912,42,42.0,YOLO,1,32,0.0,23.81603991025682,0.0,[],0.1043257713317871,0.0504519939422607,0.0504865646362304,0.0003964900970458,0.0006978511810302
20250724_010351_765,-16,42,42,14.5,23.332033013308603,-78.908931350708,-78.908931350708,0.1012270450592041,0.1585378646850586,42,42.0,YOLO,1,32,0.0,23.332033013308603,0.0,[],0.1008801460266113,0.0504820346832275,0.0504701137542724,0.0567615032196044,0.0008180141448974
20250724_010352_027,-16,42,42,14.5,23.313781109368637,-78.9102409362793,-78.9102409362793,0.1048238277435302,0.1020941734313964,42,42.0,YOLO,1,32,0.0,23.313781109368637,0.0,[],0.1044607162475586,0.0504884719848632,0.0505003929138183,0.0004045963287353,0.0006947517395019
20250724_010352_235,-16,42,42,14.5,23.12567429057634,-79.03851318359375,-79.03851318359375,0.1016998291015625,0.1583893299102783,42,42.0,YOLO,1,32,0.0,23.12567429057634,0.0,[],0.1013636589050293,0.0504884719848632,0.0505199432373046,0.0567247867584228,0.0006494522094726
20250724_010352_497,-16,42,42,14.5,23.21174989189417,-79.00221366882325,-79.00221366882325,0.1039648056030273,0.1021218299865722,42,42.0,YOLO,1,32,0.0,23.21174989189417,0.0,[],0.1036353111267089,0.0504956245422363,0.0505013465881347,0.0004005432128906,0.0007185935974121
20250724_010352_705,-16,42,42,14.5,23.81069446849344,-78.55082359313965,-78.55082359313965,0.1009254455566406,0.1583755016326904,42,42.0,YOLO,1,32,0.0,23.81069446849344,0.0,[],0.1006207466125488,0.0504457950592041,0.0504474639892578,0.0567474365234375,0.0007283687591552
20250724_010352_966,-16,42,42,14.5,23.81436169980823,-78.52490234375,-78.52490234375,0.1016833782196044,0.1020665168762207,42,42.0,YOLO,1,32,0.0,23.81436169980823,0.0,[],0.1013038158416748,0.0504708290100097,0.0504746437072753,0.0003972053527832,0.000718355178833
20250724_010353_171,-16,41,41,13.1,24.739872807394438,-77.55324478149414,-77.55324478149414,0.1045548915863037,0.15840744972229,41,41.0,YOLO,1,32,0.0,24.739872807394438,0.0,[],0.1042196750640869,0.0504870414733886,0.0504615306854248,0.0567219257354736,0.0007300376892089
20250724_010353_436,-16,41,41,13.1,24.76095203810246,-77.4943660736084,-77.4943660736084,0.102877140045166,0.1020805835723877,41,41.0,YOLO,1,32,0.0,24.76095203810246,0.0,[],0.1025240421295166,0.0504615306854248,0.0505216121673584,0.0004024505615234,0.0006899833679199
20250724_010353_642,-16,41,41,13.1,24.676693568323103,-77.58148460388183,-77.58148460388183,0.1032805442810058,0.1584064960479736,41,41.0,YOLO,1,32,0.0,24.676693568323103,0.0,[],0.102957010269165,0.0504748821258544,0.0504701137542724,0.0567569732666015,0.0006983280181884
20250724_010353_906,-16,41,41,13.1,24.776341714077816,-77.42823371887206,-77.42823371887206,0.1047780513763427,0.1020166873931884,41,41.0,YOLO,1,32,0.0,24.776341714077816,0.0,[],0.1044349670410156,0.0505092144012451,0.050455093383789,0.0003759860992431,0.0006721019744873
20250724_010354_114,-15,41,41,13.1,23.70900525845757,-78.37368507385254,-78.37368507385254,0.1016652584075927,0.158613920211792,41,41.0,YOLO,1,32,0.0,23.70900525845757,0.0,[],0.1013555526733398,0.0505404472351074,0.0504980087280273,0.0568494796752929,0.000718355178833
20250724_010354_376,-15,41,41,13.1,23.586605268997918,-78.69383697509765,-78.69383697509765,0.1016340255737304,0.1021177768707275,41,41.0,YOLO,1,32,0.0,23.586605268997918,0.0,[],0.1012587547302246,0.0504422187805175,0.0505340099334716,0.0004134178161621,0.0007214546203613
20250724_010354_581,-15,41,41,13.1,23.23137037535261,-79.00298919677735,-79.00298919677735,0.1033282279968261,0.1584746837615966,41,41.0,YOLO,1,32,0.0,23.23137037535261,0.0,[],0.1029202938079834,0.0505099296569824,0.0505034923553466,0.0567603111267089,0.0006937980651855
20250724_010354_845,-15,41,41,13.1,23.477204544985227,-78.76016120910644,-78.76016120910644,0.10260009765625,0.1022155284881591,41,41.0,YOLO,1,32,0.0,23.477204544985227,0.0,[],0.1022119522094726,0.0505487918853759,0.0505337715148925,0.0004241466522216,0.0007016658782958
20250724_010355_051,-15,41,41,13.1,23.59238216234003,-78.60318756103516,-78.60318756103516,0.1014573574066162,0.158475637435913,41,41.0,YOLO,1,32,0.0,23.59238216234003,0.0,[],0.1010890007019043,0.0504965782165527,0.0504744052886962,0.0567584037780761,0.0007402896881103
20250724_010355_313,-15,41,41,13.1,23.61999734359169,-78.68141174316406,-78.68141174316406,0.1047208309173584,0.1020145416259765,41,41.0,YOLO,1,32,0.0,23.61999734359169,0.0,[],0.1043860912322998,0.050462007522583,0.0504567623138427,0.0004174709320068,0.0006732940673828
20250724_010355_521,-15,41,41,13.1,22.939095420389407,-79.23877410888672,-79.23877410888672,0.0992395877838134,0.1584579944610595,41,41.0,YOLO,1,32,0.0,22.939095420389407,0.0,[],0.0989465713500976,0.0504641532897949,0.050485610961914,0.0568180084228515,0.0006830692291259
20250724_010355_780,-15,41,41,13.1,22.840186998410477,-79.396439743042,-79.396439743042,0.1036906242370605,0.1019859313964843,41,41.0,YOLO,1,32,0.0,22.840186998410477,0.0,[],0.1033599376678466,0.0504822731018066,0.0504496097564697,0.0003919601440429,0.0006566047668457
20250724_010355_988,-15,41,41,13.1,23.973268516638896,-78.35342063903809,-78.35342063903809,0.1047589778900146,0.158369779586792,41,41.0,YOLO,1,32,0.0,23.973268516638896,0.0,[],0.1044521331787109,0.0504674911499023,0.0504641532897949,0.056727647781372,0.0007033348083496
20250724_010356_253,-15,41,41,13.1,23.974046226103997,-78.22969207763671,-78.22969207763671,0.101642370223999,0.1020174026489257,41,41.0,YOLO,1,32,0.0,23.974046226103997,0.0,[],0.1012816429138183,0.0504734516143798,0.0504658222198486,0.000399112701416,0.0006735324859619
20250724_010356_458,-15,41,41,13.1,23.612524056654948,-78.54597473144531,-78.54597473144531,0.1028499603271484,0.1583867073059082,41,41.0,YOLO,1,32,0.0,23.612524056654948,0.0,[],0.1025221347808837,0.0504786968231201,0.0504300594329834,0.0567688941955566,0.0007028579711914
20250724_010356_721,-15,41,41,13.1,23.67852005763957,-78.46741523742676,-78.46741523742676,0.0988409519195556,0.1022279262542724,41,41.0,YOLO,1,32,0.0,23.67852005763957,0.0,[],0.0984940528869628,0.0505287647247314,0.0505917072296142,0.0004007816314697,0.0007007122039794
20250724_010356_923,-15,41,41,13.1,24.038291787137386,-78.24673156738281,-78.24673156738281,0.0985784530639648,0.1583731174468994,41,41.0,YOLO,1,32,0.0,24.038291787137386,0.0,[],0.0982551574707031,0.0504472255706787,0.0504481792449951,0.0567309856414794,0.0007398128509521
20250724_010357_182,-15,40,40,11.6,23.9974842934012,-78.24642601013184,-78.24642601013184,0.1034555435180664,0.1019942760467529,40,40.0,YOLO,1,32,0.0,23.9974842934012,0.0,[],0.1031394004821777,0.0504474639892578,0.0504693984985351,0.0004022121429443,0.0006701946258544
20250724_010357_389,-15,40,40,11.6,26.023611952193207,-76.16697311401367,-76.16697311401367,0.1016602516174316,0.1584453582763672,40,40.0,YOLO,1,32,0.0,26.023611952193207,0.0,[],0.1013357639312744,0.0505032539367675,0.0505099296569824,0.0567407608032226,0.0006854534149169
20250724_010357_651,-15,40,40,11.6,26.0450168078272,-76.21141052246094,-76.21141052246094,0.1030120849609375,0.102027416229248,40,40.0,YOLO,1,32,0.0,26.0450168078272,0.0,[],0.1027083396911621,0.0504562854766845,0.0504720211029052,0.000403881072998,0.0006895065307617
20250724_010357_857,-15,40,40,11.6,26.45757322088112,-75.8445053100586,-75.8445053100586,0.1025207042694091,0.1583876609802246,40,40.0,YOLO,1,32,0.0,26.45757322088112,0.0,[],0.1022138595581054,0.0505013465881347,0.0504746437072753,0.0567197799682617,0.0006859302520751
20250724_010358_120,-14,40,40,11.6,26.3956198578812,-75.81645050048829,-75.81645050048829,0.1025364398956298,0.101980447769165,40,40.0,YOLO,1,32,0.0,26.3956198578812,0.0,[],0.1021955013275146,0.0504591464996337,0.050450325012207,0.0003917217254638,0.0006740093231201
20250724_010358_326,-14,40,40,11.6,25.186351246688304,-77.0042495727539,-77.0042495727539,0.1024408340454101,0.1584105491638183,40,40.0,YOLO,1,32,0.0,25.186351246688304,0.0,[],0.1021361351013183,0.050469160079956,0.0504701137542724,0.0567679405212402,0.0006966590881347
20250724_010358_589,-14,40,40,11.6,25.06969941559861,-77.29518203735351,-77.29518203735351,0.1026520729064941,0.1020419597625732,40,40.0,YOLO,1,32,0.0,25.06969941559861,0.0,[],0.1022889614105224,0.0504648685455322,0.0504529476165771,0.0004312992095947,0.0006873607635498
20250724_010358_795,-14,40,40,11.6,24.4886371441807,-77.68737258911133,-77.68737258911133,0.101572036743164,0.1583888530731201,40,40.0,YOLO,1,32,0.0,24.4886371441807,0.0,[],0.1011972427368164,0.050473928451538,0.0504536628723144,0.0567390918731689,0.0007166862487792
20250724_010359_057,-14,40,40,11.6,24.580290957206344,-77.59548568725586,-77.59548568725586,0.103471040725708,0.1020519733428955,40,40.0,YOLO,1,32,0.0,24.580290957206344,0.0,[],0.1031420230865478,0.0504820346832275,0.0504636764526367,0.0004041194915771,0.0006968975067138
20250724_010359_264,-14,40,40,11.6,24.852134931024395,-77.41551971435547,-77.41551971435547,0.1011338233947753,0.1584086418151855,40,40.0,YOLO,1,32,0.0,24.852134931024395,0.0,[],0.1007812023162841,0.0504744052886962,0.0504686832427978,0.0567574501037597,0.0007016658782958
20250724_010359_525,-14,41,41,13.1,24.64147329400677,-77.64977531433105,-77.64977531433105,0.1046802997589111,0.1019811630249023,41,41.0,YOLO,1,32,0.0,24.64147329400677,0.0,[],0.1044094562530517,0.0504274368286132,0.0504677295684814,0.0004019737243652,0.0006783008575439
20250724_010359_733,-14,40,40,11.6,24.39411780669697,-77.81039428710938,-77.81039428710938,0.1026530265808105,0.158398151397705,40,40.0,YOLO,1,32,0.0,24.39411780669697,0.0,[],0.1023063659667968,0.0504970550537109,0.0504698753356933,0.0567152500152587,0.0007095336914062
20250724_010359_996,-14,40,40,11.6,24.483493236763977,-77.7053165435791,-77.7053165435791,0.1049633026123046,0.1020894050598144,40,40.0,YOLO,1,32,0.0,24.483493236763977,0.0,[],0.1046617031097412,0.0504729747772216,0.0505037307739257,0.000399112701416,0.0007081031799316
20250724_010400_205,-14,40,40,11.6,24.74427626649081,-77.50701866149902,-77.50701866149902,0.103628396987915,0.1584758758544922,40,40.0,YOLO,1,32,0.0,24.74427626649081,0.0,[],0.1033089160919189,0.0504899024963378,0.0504827499389648,0.056814432144165,0.0006821155548095
20250724_010400_468,-14,40,40,11.6,24.73906463916009,-77.38953247070313,-77.38953247070313,0.1037342548370361,0.1020276546478271,40,40.0,YOLO,1,32,0.0,24.73906463916009,0.0,[],0.1033697128295898,0.0504915714263916,0.0504934787750244,0.0003941059112548,0.0006439685821533
20250724_010400_676,-14,40,40,11.6,24.608213395994294,-77.59349708557129,-77.59349708557129,0.1035590171813964,0.1584782600402832,40,40.0,YOLO,1,32,0.0,24.608213395994294,0.0,[],0.103245735168457,0.0505111217498779,0.0504646301269531,0.0567483901977539,0.0007481575012207
20250724_010400_939,-14,40,40,11.6,23.71626121412713,-78.55652122497558,-78.55652122497558,0.102241039276123,0.1020030975341796,40,40.0,YOLO,1,32,0.0,23.71626121412713,0.0,[],0.1019186973571777,0.05045747756958,0.0504472255706787,0.0003943443298339,0.0006983280181884
20250724_010401_145,-14,40,40,11.6,24.774041544881968,-77.47994117736816,-77.47994117736816,0.1089124679565429,0.1583778858184814,40,40.0,YOLO,1,32,0.0,24.774041544881968,0.0,[],0.1085784435272216,0.0504419803619384,0.0504555702209472,0.0567610263824462,0.0007131099700927
20250724_010401_414,-14,40,40,11.6,25.04127849774061,-77.2491241455078,-77.2491241455078,0.1013424396514892,0.1021511554718017,40,40.0,YOLO,1,32,0.0,25.04127849774061,0.0,[],0.1009607315063476,0.050534963607788,0.0505306720733642,0.0004115104675292,0.000666856765747
20250724_010401_619,-14,39,39,10.2,26.42595355446377,-75.82471084594727,-75.82471084594727,0.1022298336029052,0.1590619087219238,39,39.0,YOLO,1,32,0.0,26.42595355446377,0.0,[],0.1018843650817871,0.0505249500274658,0.0506620407104492,0.0567903518676757,0.0010759830474853
20250724_010401_883,-14,39,39,10.2,26.55098873414244,-75.73271369934082,-75.73271369934082,0.1035637855529785,0.1020572185516357,39,39.0,YOLO,1,32,0.0,26.55098873414244,0.0,[],0.1028757095336914,0.050462007522583,0.0504593849182128,0.0003910064697265,0.0007393360137939
20250724_010402_090,-13,39,39,10.2,26.573152042680377,-75.83952178955079,-75.83952178955079,0.1007368564605712,0.1583361625671386,39,39.0,YOLO,1,32,0.0,26.573152042680377,0.0,[],0.1004202365875244,0.0504596233367919,0.0504584312438964,0.0567195415496826,0.0006923675537109
20250724_010402_351,-13,39,39,10.2,25.8619301750891,-76.38943672180176,-76.38943672180176,0.1049072742462158,0.1019904613494873,39,39.0,YOLO,1,32,0.0,25.8619301750891,0.0,[],0.1046245098114013,0.0504622459411621,0.050462007522583,0.0003902912139892,0.0006711483001708
20250724_010402_560,-13,39,39,10.2,25.257607528133747,-77.00905570983886,-77.00905570983886,0.0997524261474609,0.1583847999572754,39,39.0,YOLO,1,32,0.0,25.257607528133747,0.0,[],0.0994429588317871,0.0504789352416992,0.0504658222198486,0.0567619800567626,0.0006706714630126
20250724_010402_819,-13,39,39,10.2,25.24964595112725,-77.04008827209472,-77.04008827209472,0.1017165184020996,0.1019618511199951,39,39.0,YOLO,1,32,0.0,25.24964595112725,0.0,[],0.1013407707214355,0.0504539012908935,0.0504596233367919,0.0004024505615234,0.0006411075592041
20250724_010403_025,-13,NO_RADIO,39,10.2,25.53157192083944,-76.7737377166748,-76.7737377166748,0.1011164188385009,0.1583395004272461,39,,CenterFallback,1,32,0.0,,,[],0.1007473468780517,0.0504541397094726,0.0504548549652099,0.0566911697387695,0.000683307647705
20250724_010403_286,-13,39,39,10.2,25.60210419920209,-76.63791542053222,-76.63791542053222,0.1043107509613037,0.1021003723144531,39,39.0,YOLO,1,32,0.0,25.60210419920209,0.0,[],0.1039326190948486,0.050487995147705,0.0504486560821533,0.0004124641418457,0.0007452964782714
20250724_010403_494,-13,39,39,10.2,25.04212353523627,-77.1790672302246,-77.1790672302246,0.0916709899902343,0.1583213806152343,39,39.0,YOLO,1,32,0.0,25.04212353523627,0.0,[],0.0913310050964355,0.0504424571990966,0.0504627227783203,0.0567274093627929,0.0006823539733886
20250724_010403_745,-13,39,39,10.2,25.132984202847865,-77.16305885314941,-77.16305885314941,0.0988781452178955,0.1021091938018798,39,39.0,YOLO,1,32,0.0,25.132984202847865,0.0,[],0.0985281467437744,0.0504782199859619,0.0504777431488037,0.0004036426544189,0.000744342803955
20250724_010403_948,-13,40,40,11.6,22.903074230887768,-79.41669311523438,-79.41669311523438,0.1019833087921142,0.1587374210357666,40,40.0,YOLO,1,32,0.0,22.903074230887768,0.0,[],0.1016364097595214,0.0505740642547607,0.0505135059356689,0.0569372177124023,0.0007054805755615
20250724_010404_210,-13,NO_RADIO,40,11.6,22.948782311037743,-79.24219932556153,-79.24219932556153,0.1008000373840332,0.1021058559417724,40,,CenterFallback,1,32,0.0,,,[],0.1004629135131836,0.0504889488220214,0.050508975982666,0.0004057884216308,0.0006637573242187
20250724_010404_415,-13,40,40,11.6,23.368378242917203,-78.87511444091797,-78.87511444091797,0.1022508144378662,0.158715009689331,40,40.0,YOLO,1,32,0.0,23.368378242917203,0.0,[],0.1019501686096191,0.0504515171051025,0.0504369735717773,0.0567598342895507,0.0010592937469482
20250724_010404_678,-13,40,40,11.6,23.42478103261104,-78.71898002624512,-78.71898002624512,0.1035857200622558,0.1020822525024414,40,40.0,YOLO,1,32,0.0,23.42478103261104,0.0,[],0.1032097339630127,0.0504586696624755,0.0505228042602539,0.0004031658172607,0.00069260597229
20250724_010404_885,-13,40,40,11.6,23.57880529723772,-78.77726364135742,-78.77726364135742,0.1034231185913086,0.1583774089813232,40,40.0,YOLO,1,32,0.0,23.57880529723772,0.0,[],0.1031079292297363,0.0504651069641113,0.0504405498504638,0.0567660331726074,0.0006983280181884
20250724_010405_149,-13,39,39,10.2,23.72525850501215,-78.54000816345214,-78.54000816345214,0.102931261062622,0.1019587516784668,39,39.0,YOLO,1,32,0.0,23.72525850501215,0.0,[],0.1026020050048828,0.0504474639892578,0.0504472255706787,0.0003924369812011,0.0006656646728515
20250724_010405_355,-13,39,39,10.2,25.71117324753476,-76.40384941101074,-76.40384941101074,0.1031501293182373,0.1583976745605468,39,39.0,YOLO,1,32,0.0,25.71117324753476,0.0,[],0.1028156280517578,0.0504555702209472,0.0504558086395263,0.0567779541015625,0.0007014274597167
20250724_010405_619,-13,39,39,10.2,25.611728093369408,-76.63596801757812,-76.63596801757812,0.1047651767730712,0.1020104885101318,39,39.0,YOLO,1,32,0.0,25.611728093369408,0.0,[],0.1044209003448486,0.0504615306854248,0.0504841804504394,0.0003969669342041,0.0006628036499023
20250724_010405_827,-13,39,39,10.2,25.696559759951413,-76.46666717529297,-76.46666717529297,0.0977377891540527,0.1583726406097412,39,39.0,YOLO,1,32,0.0,25.696559759951413,0.0,[],0.0974714756011962,0.0504980087280273,0.0504608154296875,0.0567245483398437,0.0006840229034423
20250724_010406_085,-13,39,39,10.2,25.72916323124646,-76.47199401855468,-76.47199401855468,0.1017346382141113,0.1020586490631103,39,39.0,YOLO,1,32,0.0,25.72916323124646,0.0,[],0.1014227867126464,0.0504837036132812,0.0504713058471679,0.000406265258789,0.0006914138793945
20250724_010406_290,-12,39,39,10.2,24.001358370035007,-78.25642929077148,-78.25642929077148,0.1009886264801025,0.1584179401397705,39,39.0,YOLO,1,32,0.0,24.001358370035007,0.0,[],0.1006948947906494,0.0504825115203857,0.0504710674285888,0.0567820072174072,0.0006749629974365
20250724_010406_551,-12,39,39,10.2,24.0189094369788,-78.24669761657715,-78.24669761657715,0.1033728122711181,0.1020853519439697,39,39.0,YOLO,1,32,0.0,24.0189094369788,0.0,[],0.1030030250549316,0.0504364967346191,0.0504839420318603,0.0004022121429443,0.0007576942443847
20250724_010406_758,-12,39,39,10.2,24.684474529156745,-77.60518798828124,-77.60518798828124,0.1021449565887451,0.1584198474884033,39,39.0,YOLO,1,32,0.0,24.684474529156745,0.0,[],0.1018593311309814,0.0504918098449707,0.050469160079956,0.0567662715911865,0.0006861686706542
20250724_010407_020,-12,39,39,10.2,24.65791033821904,-77.57834320068359,-77.57834320068359,0.10308837890625,0.1020116806030273,39,39.0,YOLO,1,32,0.0,24.65791033821904,0.0,[],0.1027777194976806,0.0504744052886962,0.0504462718963623,0.0003983974456787,0.0006864070892333
20250724_010407_227,-12,39,39,10.2,24.43420750635265,-77.89145698547364,-77.89145698547364,0.1031105518341064,0.1584000587463379,39,39.0,YOLO,1,32,0.0,24.43420750635265,0.0,[],0.1028008460998535,0.0504837036132812,0.0504801273345947,0.056746482849121,0.000683307647705
20250724_010407_490,-12,39,39,10.2,24.418379788669967,-77.89204406738281,-77.89204406738281,0.1017498970031738,0.1019873619079589,39,39.0,YOLO,1,32,0.0,24.418379788669967,0.0,[],0.1014325618743896,0.0504810810089111,0.0504412651062011,0.0004177093505859,0.0006418228149414
20250724_010407_695,-12,39,39,10.2,24.63308476407562,-77.52400817871094,-77.52400817871094,0.1033902168273925,0.1583657264709472,39,39.0,YOLO,1,32,0.0,24.63308476407562,0.0,[],0.1030731201171875,0.0504395961761474,0.0504672527313232,0.0567569732666015,0.0006954669952392
20250724_010407_959,-12,39,39,10.2,24.75495185242434,-77.49322776794433,-77.49322776794433,0.1032748222351074,0.1020863056182861,39,39.0,YOLO,1,32,0.0,24.75495185242434,0.0,[],0.10294771194458,0.0504426956176757,0.050499677658081,0.0004103183746337,0.0007281303405761
20250724_010408_166,-12,39,39,10.2,24.69654715304371,-77.60559730529785,-77.60559730529785,0.0983314514160156,0.1583592891693115,39,39.0,YOLO,1,32,0.0,24.69654715304371,0.0,[],0.0980269908905029,0.0504145622253418,0.0504701137542724,0.0567851066589355,0.0006830692291259
20250724_010408_424,-12,39,39,10.2,24.757779701560395,-77.55475006103515,-77.55475006103515,0.1017169952392578,0.1020116806030273,39,39.0,YOLO,1,32,0.0,24.757779701560395,0.0,[],0.1013834476470947,0.0504553318023681,0.0504827499389648,0.0004036426544189,0.0006649494171142
20250724_010408_629,-12,39,39,10.2,24.72249246580853,-77.49885749816895,-77.49885749816895,0.1009681224822998,0.1583864688873291,39,39.0,YOLO,1,32,0.0,24.72249246580853,0.0,[],0.1006631851196289,0.0504767894744873,0.0504736900329589,0.0567467212677001,0.0006823539733886
20250724_010408_890,-12,39,39,10.2,24.62976383346637,-77.55182304382325,-77.55182304382325,0.1072320938110351,0.1020107269287109,39,39.0,YOLO,1,32,0.0,24.62976383346637,0.0,[],0.106884479522705,0.0504653453826904,0.0504570007324218,0.0003802776336669,0.0007026195526123
20250724_010409_101,-12,39,39,10.2,24.739267204600537,-77.5678840637207,-77.5678840637207,0.105039358139038,0.1584937572479248,39,39.0,YOLO,1,32,0.0,24.739267204600537,0.0,[],0.1046597957611084,0.0504720211029052,0.0504744052886962,0.0567748546600341,0.0007660388946533
20250724_010409_366,-12,38,38,8.7,24.832770767233757,-77.42530937194825,-77.42530937194825,0.1044862270355224,0.1021225452423095,38,38.0,YOLO,1,32,0.0,24.832770767233757,0.0,[],0.1041052341461181,0.0504770278930664,0.0505023002624511,0.0004045963287353,0.000732421875
20250724_010409_575,-12,38,38,8.7,26.042497310609903,-76.2863338470459,-76.2863338470459,0.0985710620880127,0.1583514213562011,38,38.0,YOLO,1,32,0.0,26.042497310609903,0.0,[],0.09824800491333,0.0504374504089355,0.0504636764526367,0.0567672252655029,0.0006771087646484
20250724_010409_833,-12,38,38,8.7,25.991710381086023,-76.22070655822753,-76.22070655822753,0.097236156463623,0.1020209789276123,38,38.0,YOLO,1,32,0.0,25.991710381086023,0.0,[],0.0969488620758056,0.0504214763641357,0.0504941940307617,0.0003914833068847,0.0007085800170898
20250724_010410_034,-12,38,38,8.7,26.33689790038773,-75.86817779541016,-75.86817779541016,0.0998835563659668,0.1583614349365234,38,38.0,YOLO,1,32,0.0,26.33689790038773,0.0,[],0.0995738506317138,0.0504560470581054,0.0504927635192871,0.056713581085205,0.0006921291351318
20250724_010410_294,-11,38,38,8.7,26.189317893816764,-76.11726379394531,-76.11726379394531,0.1002790927886962,0.1019730567932128,38,38.0,YOLO,1,32,0.0,26.189317893816764,0.0,[],0.0999259948730468,0.0504591464996337,0.0504364967346191,0.0003964900970458,0.0006744861602783
20250724_010410_498,-11,38,38,8.7,24.810396274744548,-77.40142059326172,-77.40142059326172,0.1009016036987304,0.1583693027496338,38,38.0,YOLO,1,32,0.0,24.810396274744548,0.0,[],0.100590705871582,0.0504755973815918,0.0504202842712402,0.0567595958709716,0.0007081031799316
20250724_010410_759,-11,38,38,8.7,24.8356795764858,-77.47638053894043,-77.47638053894043,0.1019365787506103,0.1020014286041259,38,38.0,YOLO,1,32,0.0,24.8356795764858,0.0,[],0.1016199588775634,0.0504562854766845,0.0504608154296875,0.0004003047943115,0.0006794929504394
20250724_010410_964,-11,38,38,8.7,25.08656083295477,-77.13590431213379,-77.13590431213379,0.1027913093566894,0.1584041118621826,38,38.0,YOLO,1,32,0.0,25.08656083295477,0.0,[],0.1024682521820068,0.0504665374755859,0.0504782199859619,0.056767463684082,0.0006861686706542
20250724_010411_227,-11,38,38,8.7,25.016687130146792,-77.28328666687011,-77.28328666687011,0.1041505336761474,0.1020810604095459,38,38.0,YOLO,1,32,0.0,25.016687130146792,0.0,[],0.1038317680358886,0.0504775047302246,0.0505053997039794,0.0004000663757324,0.0006930828094482
20250724_010411_435,-11,38,38,8.7,24.887131148325608,-77.29258728027344,-77.29258728027344,0.0998637676239013,0.1583757400512695,38,38.0,YOLO,1,32,0.0,24.887131148325608,0.0,[],0.0995078086853027,0.0504460334777832,0.0504870414733886,0.0567293167114257,0.0007071495056152
20250724_010411_695,-11,38,38,8.7,24.863315881610447,-77.3036319732666,-77.3036319732666,0.1044416427612304,0.102161169052124,38,38.0,YOLO,1,32,0.0,24.863315881610447,0.0,[],0.1041409969329834,0.0504686832427978,0.0504956245422363,0.0004026889801025,0.000788927078247
20250724_010411_903,-11,38,38,8.7,24.872062297697997,-77.34501609802246,-77.34501609802246,0.1001856327056884,0.1583523750305175,38,38.0,YOLO,1,32,0.0,24.872062297697997,0.0,[],0.0998282432556152,0.0504522323608398,0.0504305362701416,0.0567693710327148,0.0006935596466064
20250724_010412_163,-11,38,38,8.7,25.03820394574609,-77.17703781127929,-77.17703781127929,0.101764440536499,0.1020758152008056,38,38.0,YOLO,1,32,0.0,25.03820394574609,0.0,[],0.1014392375946044,0.0504510402679443,0.0504717826843261,0.00042724609375,0.0007205009460449
20250724_010412_368,-11,38,38,8.7,25.600583366900597,-76.66266059875488,-76.66266059875488,0.09818696975708,0.1589550971984863,38,38.0,YOLO,1,32,0.0,25.600583366900597,0.0,[],0.0978922843933105,0.0504679679870605,0.0505270957946777,0.0567450523376464,0.0012071132659912
20250724_010412_628,-11,38,38,8.7,25.458956389511243,-76.75348052978515,-76.75348052978515,0.0980598926544189,0.102079153060913,38,38.0,YOLO,1,32,0.0,25.458956389511243,0.0,[],0.0976853370666503,0.0504758358001709,0.0504970550537109,0.0004084110260009,0.0006921291351318
20250724_010412_830,-11,38,38,8.7,24.52943884570395,-77.68026237487793,-77.68026237487793,0.1030566692352294,0.1583814620971679,38,38.0,YOLO,1,32,0.0,24.52943884570395,0.0,[],0.1027131080627441,0.0504999160766601,0.0504331588745117,0.0567772388458251,0.0006651878356933
20250724_010413_093,-11,38,38,8.7,24.47862949818203,-77.70579643249512,-77.70579643249512,0.1025857925415039,0.1020278930664062,38,38.0,YOLO,1,32,0.0,24.47862949818203,0.0,[],0.1022360324859619,0.0504603385925293,0.0504775047302246,0.0004005432128906,0.0006837844848632
20250724_010413_299,-11,37,37,7.3,26.40578476443372,-75.97281379699707,-75.97281379699707,0.0996570587158203,0.1584422588348388,37,37.0,YOLO,1,32,0.0,26.40578476443372,0.0,[],0.0992810726165771,0.0504951477050781,0.0504686832427978,0.0567598342895507,0.0007112026214599
20250724_010413_558,-11,NO_RADIO,37,7.3,26.452849610051015,-75.89044189453125,-75.89044189453125,0.1006879806518554,0.102076768875122,37,,CenterFallback,1,32,0.0,,,[],0.1003472805023193,0.0504515171051025,0.0504531860351562,0.000417947769165,0.0007047653198242
20250724_010413_763,-11,37,37,7.3,26.14653763002873,-76.04945869445801,-76.04945869445801,0.1019694805145263,0.1584110260009765,37,37.0,YOLO,1,32,0.0,26.14653763002873,0.0,[],0.1015746593475341,0.0505087375640869,0.0504536628723144,0.0567450523376464,0.0006964206695556
20250724_010414_025,-11,38,38,8.7,26.1557660743309,-76.1181827545166,-76.1181827545166,0.1024181842803955,0.1021115779876709,38,38.0,YOLO,1,32,0.0,26.1557660743309,0.0,[],0.1020765304565429,0.0504770278930664,0.0505475997924804,0.0004177093505859,0.0006628036499023
20250724_010414_231,-10,38,38,8.7,22.94119361924426,-79.2583511352539,-79.2583511352539,0.1005887985229492,0.158571720123291,38,38.0,YOLO,1,32,0.0,22.94119361924426,0.0,[],0.1003010272979736,0.0504868030548095,0.0504729747772216,0.0567603111267089,0.0008444786071777
20250724_010414_492,-10,38,38,8.7,22.8532628508172,-79.39523735046387,-79.39523735046387,0.1058807373046875,0.1024703979492187,38,38.0,YOLO,1,32,0.0,22.8532628508172,0.0,[],0.105459451675415,0.0505435466766357,0.0505342483520507,0.0003952980041503,0.0009915828704833
20250724_010414_702,-10,38,38,8.7,22.691917791731317,-79.36912956237794,-79.36912956237794,0.1002471446990966,0.1585783958435058,38,38.0,YOLO,1,32,0.0,22.691917791731317,0.0,[],0.0998792648315429,0.0504984855651855,0.0505516529083251,0.0567831993103027,0.0007386207580566
20250724_010414_963,-10,38,38,8.7,22.678587682341814,-79.56877670288085,-79.56877670288085,0.1048276424407959,0.1025025844573974,38,38.0,YOLO,1,32,0.0,22.678587682341814,0.0,[],0.1044380664825439,0.0505609512329101,0.0505330562591552,0.0004222393035888,0.0009794235229492
20250724_010415_172,-10,38,38,8.7,22.5302188847501,-79.68036193847657,-79.68036193847657,0.1020975112915039,0.1585423946380615,38,38.0,YOLO,1,32,0.0,22.5302188847501,0.0,[],0.1017506122589111,0.0505516529083251,0.0505030155181884,0.0567362308502197,0.0007441043853759
20250724_010415_434,-10,38,38,8.7,22.56099459955377,-79.62372169494628,-79.62372169494628,0.1024878025054931,0.1021003723144531,38,38.0,YOLO,1,32,0.0,22.56099459955377,0.0,[],0.102163553237915,0.0504610538482666,0.0505001544952392,0.0004115104675292,0.0007219314575195
20250724_010415_641,-10,38,38,8.7,22.767457261428945,-79.52574272155762,-79.52574272155762,0.1020498275756836,0.1584563255310058,38,38.0,YOLO,1,32,0.0,22.767457261428945,0.0,[],0.1016652584075927,0.0505096912384033,0.0504698753356933,0.0567443370819091,0.0007257461547851
20250724_010415_903,-10,NO_RADIO,38,8.7,22.722262616719632,-79.4419174194336,-79.4419174194336,0.0970296859741211,0.1020879745483398,38,,CenterFallback,1,32,0.0,,,[],0.0967042446136474,0.0504577159881591,0.0504727363586425,0.0004012584686279,0.0007073879241943
20250724_010416_104,-10,37,37,7.3,25.289209163660544,-76.85899963378907,-76.85899963378907,0.0973398685455322,0.1584112644195556,37,37.0,YOLO,1,32,0.0,25.289209163660544,0.0,[],0.0969793796539306,0.0504689216613769,0.0504407882690429,0.056767463684082,0.000727891921997
20250724_010416_361,-10,38,38,8.7,25.244474912136567,-76.91491966247558,-76.91491966247558,0.0992653369903564,0.1020479202270507,38,38.0,YOLO,1,32,0.0,25.244474912136567,0.0,[],0.09891939163208,0.0504682064056396,0.0504958629608154,0.0003976821899414,0.0006818771362304
20250724_010416_564,-10,38,38,8.7,23.368082262234125,-78.86162452697754,-78.86162452697754,0.1013426780700683,0.1585960388183593,38,38.0,YOLO,1,32,0.0,23.368082262234125,0.0,[],0.1010229587554931,0.0505082607269287,0.050523042678833,0.0567536354064941,0.000800609588623
20250724_010416_826,-10,38,38,8.7,23.2398614935897,-78.97229804992676,-78.97229804992676,0.1015000343322753,0.102116584777832,38,38.0,YOLO,1,32,0.0,23.2398614935897,0.0,[],0.1011505126953125,0.0505175590515136,0.0504660606384277,0.0004057884216308,0.0007219314575195
20250724_010417_031,-10,38,38,8.7,22.39388452735463,-79.72305068969726,-79.72305068969726,0.1021831035614013,0.1584317684173584,38,38.0,YOLO,1,32,0.0,22.39388452735463,0.0,[],0.1018037796020507,0.0505194664001464,0.0504701137542724,0.0567376613616943,0.0006978511810302
20250724_010417_293,-10,37,37,7.3,22.318296903586955,-79.8442153930664,-79.8442153930664,0.1034162044525146,0.1020023822784423,37,37.0,YOLO,1,32,0.0,22.318296903586955,0.0,[],0.1030757427215576,0.0504560470581054,0.0504658222198486,0.0004100799560546,0.0006651878356933
20250724_010417_500,-10,37,37,7.3,24.88634124025954,-77.38563346862793,-77.38563346862793,0.0998997688293457,0.158384084701538,37,37.0,YOLO,1,32,0.0,24.88634124025954,0.0,[],0.0995490550994873,0.0504841804504394,0.0504753589630126,0.056748628616333,0.000669240951538
20250724_010417_760,-10,37,37,7.3,24.9667683165338,-77.30833930969239,-77.30833930969239,0.1032314300537109,0.1020267009735107,37,37.0,YOLO,1,32,0.0,24.9667683165338,0.0,[],0.1028642654418945,0.0504851341247558,0.0504572391510009,0.0004076957702636,0.0006706714630126
20250724_010417_967,-10,37,37,7.3,25.480084187803115,-76.83239212036133,-76.83239212036133,0.101090669631958,0.1583313941955566,37,37.0,YOLO,1,32,0.0,25.480084187803115,0.0,[],0.1007757186889648,0.0504703521728515,0.0504422187805175,0.0567224025726318,0.000690221786499
20250724_010418_228,-9,37,37,7.3,25.57012569667411,-76.77610778808594,-76.77610778808594,0.1033673286437988,0.1020920276641845,37,37.0,YOLO,1,32,0.0,25.57012569667411,0.0,[],0.1029963493347168,0.0504779815673828,0.0505154132843017,0.0003964900970458,0.0006957054138183
20250724_010418_435,-9,37,37,7.3,23.44760856639492,-78.83743782043457,-78.83743782043457,0.1010549068450927,0.1583950519561767,37,37.0,YOLO,1,32,0.0,23.44760856639492,0.0,[],0.1006906032562255,0.0505251884460449,0.0504500865936279,0.0567283630371093,0.0006849765777587
20250724_010418_696,-9,37,37,7.3,23.463747260494586,-78.7112533569336,-78.7112533569336,0.0875782966613769,0.1021199226379394,37,37.0,YOLO,1,32,0.0,23.463747260494586,0.0,[],0.087273359298706,0.0505046844482421,0.0505170822143554,0.0003936290740966,0.0006999969482421
20250724_010418_887,-9,37,37,7.3,23.42789116861522,-78.77534294128418,-78.77534294128418,0.1006314754486084,0.1584448814392089,37,37.0,YOLO,1,32,0.0,23.42789116861522,0.0,[],0.1002991199493408,0.0504896640777587,0.0505084991455078,0.0567359924316406,0.000704288482666
20250724_010419_148,-9,37,37,7.3,23.38326006355433,-78.9272346496582,-78.9272346496582,0.104957103729248,0.1020739078521728,37,37.0,YOLO,1,32,0.0,23.38326006355433,0.0,[],0.1045894622802734,0.0504803657531738,0.0504817962646484,0.0004005432128906,0.0007045269012451
20250724_010419_357,-9,37,37,7.3,23.569632963024105,-78.74720039367676,-78.74720039367676,0.1013894081115722,0.1583609580993652,37,37.0,YOLO,1,32,0.0,23.569632963024105,0.0,[],0.101060152053833,0.0504601001739501,0.0504214763641357,0.0567522048950195,0.0007209777832031
20250724_010419_618,-9,37,37,7.3,23.639983737133164,-78.6067325592041,-78.6067325592041,0.1034686565399169,0.1020846366882324,37,37.0,YOLO,1,32,0.0,23.639983737133164,0.0,[],0.1031620502471923,0.0504498481750488,0.050499677658081,0.0004067420959472,0.0007226467132568
20250724_010419_826,-9,37,37,7.3,24.000215154510546,-78.28508758544922,-78.28508758544922,0.1014304161071777,0.1583971977233886,37,37.0,YOLO,1,32,0.0,24.000215154510546,0.0,[],0.1010472774505615,0.0504746437072753,0.0504930019378662,0.0567166805267334,0.0007069110870361
20250724_010420_087,-9,37,37,7.3,24.090846836255597,-78.15167083740235,-78.15167083740235,0.1021943092346191,0.1020288467407226,37,37.0,YOLO,1,32,0.0,24.090846836255597,0.0,[],0.1018600463867187,0.0504577159881591,0.0504577159881591,0.000394582748413,0.0007133483886718
20250724_010420_293,-9,37,37,7.3,23.51202549340249,-78.71447105407715,-78.71447105407715,0.1020810604095459,0.1587114334106445,37,37.0,YOLO,1,32,0.0,23.51202549340249,0.0,[],0.1017696857452392,0.0504581928253173,0.0504546165466308,0.0567657947540283,0.0010247230529785
20250724_010420_556,-9,37,37,7.3,23.62237804213578,-78.62729072570801,-78.62729072570801,0.1013047695159912,0.1019594669342041,37,37.0,YOLO,1,32,0.0,23.62237804213578,0.0,[],0.1009280681610107,0.0504231452941894,0.0504412651062011,0.0004034042358398,0.0006861686706542
20250724_010420_761,-9,37,37,7.3,23.870203914587464,-78.36109428405761,-78.36109428405761,0.1021804809570312,0.1583945751190185,37,37.0,YOLO,1,32,0.0,23.870203914587464,0.0,[],0.1017920970916748,0.0504953861236572,0.0504956245422363,0.0567238330841064,0.0006725788116455
20250724_010421_023,-9,37,37,7.3,23.86261174266562,-78.37368507385254,-78.37368507385254,0.1033627986907959,0.1020553112030029,37,37.0,YOLO,1,32,0.0,23.86261174266562,0.0,[],0.1030328273773193,0.0505008697509765,0.050487995147705,0.0004043579101562,0.0006566047668457
20250724_010421_230,-9,36,36,5.8,25.84261665360513,-76.44273567199707,-76.44273567199707,0.1017897129058837,0.1584136486053466,36,36.0,YOLO,1,32,0.0,25.84261665360513,0.0,[],0.1014423370361328,0.050459861755371,0.050464391708374,0.0567817687988281,0.0007002353668212
20250724_010421_492,-9,36,36,5.8,25.64606521798973,-76.55136604309082,-76.55136604309082,0.1085298061370849,0.1020920276641845,36,36.0,YOLO,1,32,0.0,25.64606521798973,0.0,[],0.1082170009613037,0.0504419803619384,0.0505034923553466,0.0004229545593261,0.0007104873657226
20250724_010421_704,-9,36,36,5.8,26.048341328746844,-76.14027137756348,-76.14027137756348,0.0994250774383544,0.1584529876708984,36,36.0,YOLO,1,32,0.0,26.048341328746844,0.0,[],0.0990786552429199,0.0504448413848876,0.0504946708679199,0.0567257404327392,0.0007805824279785
20250724_010421_963,-9,36,36,5.8,26.040921757199925,-76.20535125732422,-76.20535125732422,0.1023683547973632,0.1021256446838378,36,36.0,YOLO,1,32,0.0,26.040921757199925,0.0,[],0.1020081043243408,0.0504927635192871,0.0504651069641113,0.0004055500030517,0.000756025314331
20250724_010422_170,-8,36,36,5.8,24.541355404753872,-77.64646682739259,-77.64646682739259,0.1038427352905273,0.1587300300598144,36,36.0,YOLO,1,32,0.0,24.541355404753872,0.0,[],0.1035313606262207,0.0504558086395263,0.0507957935333251,0.056751012802124,0.000720739364624
20250724_010422_434,-8,36,36,5.8,24.661904568774546,-77.64695587158204,-77.64695587158204,0.1014745235443115,0.1020097732543945,36,36.0,YOLO,1,32,0.0,24.661904568774546,0.0,[],0.1011164188385009,0.0504677295684814,0.0504896640777587,0.0003771781921386,0.000669240951538
20250724_010422_639,-8,36,36,5.8,24.60852932954593,-77.62736129760742,-77.62736129760742,0.1021747589111328,0.1584329605102539,36,36.0,YOLO,1,32,0.0,24.60852932954593,0.0,[],0.1018288135528564,0.0504722595214843,0.0504956245422363,0.0567338466644287,0.0007233619689941
20250724_010422_901,-8,36,36,5.8,24.545234165958064,-77.59381866455078,-77.59381866455078,0.1059203147888183,0.102088451385498,36,36.0,YOLO,1,32,0.0,24.545234165958064,0.0,[],0.1055705547332763,0.050443410873413,0.0504736900329589,0.0003960132598876,0.0007698535919189
20250724_010423_111,-8,36,36,5.8,24.529648293444662,-77.5678840637207,-77.5678840637207,0.0992238521575927,0.1584739685058593,36,36.0,YOLO,1,32,0.0,24.529648293444662,0.0,[],0.0988788604736328,0.050523042678833,0.0504698753356933,0.0567431449890136,0.0007305145263671
20250724_010423_370,-8,36,36,5.8,24.63224872494509,-77.62872009277343,-77.62872009277343,0.1036734580993652,0.1019861698150634,36,36.0,YOLO,1,32,0.0,24.63224872494509,0.0,[],0.1033434867858886,0.0504689216613769,0.0504529476165771,0.0003964900970458,0.0006628036499023
20250724_010423_577,-8,36,36,5.8,25.04062281244407,-77.20021057128906,-77.20021057128906,0.0990951061248779,0.1583690643310547,36,36.0,YOLO,1,32,0.0,25.04062281244407,0.0,[],0.0987801551818847,0.0504541397094726,0.0504913330078125,0.0567307472229003,0.000685691833496
20250724_010423_836,-8,36,36,5.8,25.199865879201823,-77.10870704650878,-77.10870704650878,0.0991787910461425,0.1020190715789794,36,36.0,YOLO,1,32,0.0,25.199865879201823,0.0,[],0.0988521575927734,0.050469160079956,0.050450325012207,0.0004205703735351,0.0006742477416992
20250724_010424_039,-8,36,36,5.8,24.89089384412648,-77.32337532043456,-77.32337532043456,0.1026067733764648,0.1583361625671386,36,36.0,YOLO,1,32,0.0,24.89089384412648,0.0,[],0.1022937297821044,0.0504794120788574,0.0504419803619384,0.0567412376403808,0.0006687641143798
20250724_010424_302,-8,36,36,5.8,24.851486242167454,-77.34797286987305,-77.34797286987305,0.1039204597473144,0.1020953655242919,36,36.0,YOLO,1,32,0.0,24.851486242167454,0.0,[],0.1035726070404052,0.0504570007324218,0.0504860877990722,0.0004007816314697,0.0007460117340087
20250724_010424_510,-8,36,36,5.8,25.37207977630058,-76.83984642028808,-76.83984642028808,0.1016981601715087,0.1584823131561279,36,36.0,YOLO,1,32,0.0,25.37207977630058,0.0,[],0.1013934612274169,0.0504510402679443,0.0505003929138183,0.0568189620971679,0.0007061958312988
20250724_010424_771,-8,36,36,5.8,25.292013136383744,-76.96152229309082,-76.96152229309082,0.1003336906433105,0.1020684242248535,36,36.0,YOLO,1,32,0.0,25.292013136383744,0.0,[],0.0999791622161865,0.0504786968231201,0.0504655838012695,0.0003988742828369,0.0007193088531494
20250724_010424_975,-8,36,36,5.8,25.40469243931345,-76.81961402893066,-76.81961402893066,0.1039223670959472,0.1584556102752685,36,36.0,YOLO,1,32,0.0,25.40469243931345,0.0,[],0.1035616397857666,0.0505039691925048,0.0504782199859619,0.0567657947540283,0.0007014274597167
20250724_010425_239,-8,35,35,4.4,25.52584046145276,-76.73579483032226,-76.73579483032226,0.1039793491363525,0.1019625663757324,35,35.0,YOLO,1,32,0.0,25.52584046145276,0.0,[],0.1037323474884033,0.050441026687622,0.0504505634307861,0.0004010200500488,0.000664472579956
20250724_010425_447,-8,35,35,4.4,25.62943300987284,-76.69506874084473,-76.69506874084473,0.1013140678405761,0.1583995819091797,35,35.0,YOLO,1,32,0.0,25.62943300987284,0.0,[],0.1009743213653564,0.0504860877990722,0.0504658222198486,0.056689977645874,0.000751256942749
20250724_010425_708,-8,35,35,4.4,25.582659050536837,-76.61767883300782,-76.61767883300782,0.1039533615112304,0.1021389961242675,35,35.0,YOLO,1,32,0.0,25.582659050536837,0.0,[],0.1036376953125,0.0504798889160156,0.0505509376525878,0.0004026889801025,0.0006992816925048
20250724_010425_916,-8,35,35,4.4,25.400455179103105,-76.84092483520507,-76.84092483520507,0.1020810604095459,0.1584208011627197,35,35.0,YOLO,1,32,0.0,25.400455179103105,0.0,[],0.10176682472229,0.0504655838012695,0.0504922866821289,0.0567529201507568,0.0007040500640869
20250724_010426_178,-7,35,35,4.4,25.475027325913345,-76.75061264038087,-76.75061264038087,0.101555585861206,0.1021962165832519,35,35.0,YOLO,1,32,0.0,25.475027325913345,0.0,[],0.1012217998504638,0.0504789352416992,0.0505237579345703,0.0004067420959472,0.0007808208465576
20250724_010426_384,-7,35,35,4.4,24.161423416198687,-78.09971618652344,-78.09971618652344,0.1023423671722412,0.1583321094512939,35,35.0,YOLO,1,32,0.0,24.161423416198687,0.0,[],0.1020271778106689,0.0504581928253173,0.0504736900329589,0.0567295551300048,0.0006647109985351
20250724_010426_646,-7,35,35,4.4,24.263236125518542,-77.99015083312989,-77.99015083312989,0.1011478900909423,0.1021070480346679,35,35.0,YOLO,1,32,0.0,24.263236125518542,0.0,[],0.1008064746856689,0.050483226776123,0.0504729747772216,0.0003960132598876,0.0007495880126953
20250724_010426_851,-7,35,35,4.4,24.414228873332437,-77.89114418029786,-77.89114418029786,0.1025784015655517,0.1583712100982666,35,35.0,YOLO,1,32,0.0,24.414228873332437,0.0,[],0.1022160053253173,0.0504086017608642,0.0504641532897949,0.0567996501922607,0.0006921291351318
20250724_010427_113,-7,36,36,5.8,24.299481690081123,-77.91684646606446,-77.91684646606446,0.1030130386352539,0.1020927429199218,36,36.0,YOLO,1,32,0.0,24.299481690081123,0.0,[],0.1027131080627441,0.0504875183105468,0.0504693984985351,0.0003952980041503,0.0007352828979492
20250724_010427_320,-7,36,36,5.8,23.69060026584586,-78.54532012939453,-78.54532012939453,0.1001899242401123,0.1583602428436279,36,36.0,YOLO,1,32,0.0,23.69060026584586,0.0,[],0.0998716354370117,0.0504348278045654,0.050452709197998,0.056748628616333,0.0007178783416748
20250724_010427_580,-7,36,36,5.8,23.60221960128814,-78.60189933776856,-78.60189933776856,0.086841344833374,0.1020944118499755,36,36.0,YOLO,1,32,0.0,23.60221960128814,0.0,[],0.0864863395690918,0.0504829883575439,0.0504751205444335,0.0004115104675292,0.0007190704345703
20250724_010427_771,-7,35,35,4.4,25.11434050984407,-77.23156127929687,-77.23156127929687,0.0959110260009765,0.1583623886108398,35,35.0,YOLO,1,32,0.0,25.11434050984407,0.0,[],0.095585823059082,0.0504608154296875,0.0504257678985595,0.0567450523376464,0.0007238388061523
20250724_010428_027,-7,36,36,5.8,25.1001293711563,-77.06486206054687,-77.06486206054687,0.1038289070129394,0.1020247936248779,36,36.0,YOLO,1,32,0.0,25.1001293711563,0.0,[],0.1034667491912841,0.0504536628723144,0.0504786968231201,0.0004019737243652,0.0006852149963378
20250724_010428_234,-7,35,35,4.4,25.00044345516899,-77.29998626708985,-77.29998626708985,0.1016550064086914,0.1587061882019043,35,35.0,YOLO,1,32,0.0,25.00044345516899,0.0,[],0.1013386249542236,0.0504415035247802,0.0504951477050781,0.0567445755004882,0.0010173320770263
20250724_010428_497,-7,35,35,4.4,25.09151474047336,-77.17242088317872,-77.17242088317872,0.1009917259216308,0.1020381450653076,35,35.0,YOLO,1,32,0.0,25.09151474047336,0.0,[],0.1005337238311767,0.0504717826843261,0.0504677295684814,0.000396728515625,0.0006971359252929
20250724_010428_702,-7,35,35,4.4,24.41909721209167,-77.73450012207032,-77.73450012207032,0.1039166450500488,0.1583693027496338,35,35.0,YOLO,1,32,0.0,24.41909721209167,0.0,[],0.1036000251770019,0.0504484176635742,0.0504689216613769,0.0567491054534912,0.0006964206695556
20250724_010428_966,-7,35,35,4.4,23.965519808584062,-78.1485107421875,-78.1485107421875,0.1033761501312255,0.1020488739013671,35,35.0,YOLO,1,32,0.0,23.965519808584062,0.0,[],0.1030464172363281,0.0505080223083496,0.0504457950592041,0.0004012584686279,0.0006883144378662
20250724_010429_173,-7,35,35,4.4,24.814171659964813,-77.38421440124512,-77.38421440124512,0.1023592948913574,0.1584346294403076,35,35.0,YOLO,1,32,0.0,24.814171659964813,0.0,[],0.1020257472991943,0.0504648685455322,0.0504987239837646,0.0567090511322021,0.000756025314331
20250724_010429_435,-7,35,35,4.4,24.872325221163408,-77.38891944885253,-77.38891944885253,0.0990271568298339,0.1020169258117675,35,35.0,YOLO,1,32,0.0,24.872325221163408,0.0,[],0.0986838340759277,0.0504682064056396,0.0504519939422607,0.0003938674926757,0.0006964206695556
20250724_010429_638,-7,35,35,4.4,25.0136378286481,-77.25583229064941,-77.25583229064941,0.1029713153839111,0.1584153175354004,35,35.0,YOLO,1,32,0.0,25.0136378286481,0.0,[],0.102670669555664,0.0505056381225585,0.0504405498504638,0.0567243099212646,0.0007383823394775
20250724_010429_901,-7,35,35,4.4,24.872975246151952,-77.36317825317383,-77.36317825317383,0.0999329090118408,0.1019258499145507,35,35.0,YOLO,1,32,0.0,24.872975246151952,0.0,[],0.0996327400207519,0.050459861755371,0.0504190921783447,0.0003890991210937,0.0006532669067382
20250724_010430_104,-6,35,35,4.4,23.541488937034217,-78.71753768920898,-78.71753768920898,0.0973258018493652,0.158358097076416,35,35.0,YOLO,1,32,0.0,23.541488937034217,0.0,[],0.0970053672790527,0.0504589080810546,0.0504548549652099,0.056741714477539,0.0006961822509765
20250724_010430_362,-6,35,35,4.4,22.33482658718732,-79.76790428161621,-79.76790428161621,0.0986955165863037,0.1020410060882568,35,35.0,YOLO,1,32,0.0,22.33482658718732,0.0,[],0.0983538627624511,0.0504548549652099,0.0504670143127441,0.0004160404205322,0.0006978511810302
20250724_010430_564,-6,35,35,4.4,21.81220108477001,-80.44902648925782,-80.44902648925782,0.101224660873413,0.1583826541900634,35,35.0,YOLO,1,32,0.0,21.81220108477001,0.0,[],0.1009180545806884,0.0504114627838134,0.0504825115203857,0.0567693710327148,0.0007131099700927
20250724_010430_825,-6,35,35,4.4,22.04951284097359,-80.17250633239746,-80.17250633239746,0.1020653247833252,0.1020107269287109,35,35.0,YOLO,1,32,0.0,22.04951284097359,0.0,[],0.1017212867736816,0.0504734516143798,0.0504755973815918,0.0003974437713623,0.0006582736968994
20250724_010431_031,-6,35,35,4.4,22.21633191337236,-79.96552200317383,-79.96552200317383,0.1004800796508789,0.1583757400512695,35,35.0,YOLO,1,32,0.0,22.21633191337236,0.0,[],0.1001515388488769,0.0504631996154785,0.0504240989685058,0.056751012802124,0.0007309913635253
20250724_010431_291,-6,35,35,4.4,22.09086095913545,-80.05928344726563,-80.05928344726563,0.105487585067749,0.102041482925415,35,35.0,YOLO,1,32,0.0,22.09086095913545,0.0,[],0.1051540374755859,0.0504624843597412,0.0504772663116455,0.0003993511199951,0.0006961822509765
20250724_010431_501,-6,35,35,4.4,21.92036982352681,-80.23871421813965,-80.23871421813965,0.1029450893402099,0.1583101749420166,35,35.0,YOLO,1,32,0.0,21.92036982352681,0.0,[],0.1026613712310791,0.0504686832427978,0.0504505634307861,0.0567131042480468,0.00067138671875
20250724_010431_763,-6,35,35,4.4,22.0133009432773,-80.31600189208984,-80.31600189208984,0.1026599407196044,0.1020698547363281,35,35.0,YOLO,1,32,0.0,22.0133009432773,0.0,[],0.1023333072662353,0.0504796504974365,0.0504510402679443,0.000406265258789,0.0007274150848388
20250724_010431_970,-6,35,35,4.4,22.346186652179085,-79.93451232910157,-79.93451232910157,0.1017491817474365,0.158351182937622,35,35.0,YOLO,1,32,0.0,22.346186652179085,0.0,[],0.1014349460601806,0.0504565238952636,0.0504472255706787,0.056730031967163,0.0007107257843017
20250724_010432_232,-6,35,35,4.4,22.38804761876034,-79.83155555725098,-79.83155555725098,0.1020381450653076,0.1020216941833496,35,35.0,YOLO,1,32,0.0,22.38804761876034,0.0,[],0.1016652584075927,0.0504627227783203,0.0504887104034423,0.0003979206085205,0.0006673336029052
20250724_010432_437,-6,35,35,4.4,22.336016912806716,-79.87933464050293,-79.87933464050293,0.1015563011169433,0.1583573818206787,35,35.0,YOLO,1,32,0.0,22.336016912806716,0.0,[],0.1012260913848877,0.050450325012207,0.0504751205444335,0.0567212104797363,0.0007057189941406
20250724_010432_699,-6,35,35,4.4,22.44491255694885,-79.69642639160156,-79.69642639160156,0.1026878356933593,0.1020731925964355,35,35.0,YOLO,1,32,0.0,22.44491255694885,0.0,[],0.1023440361022949,0.0504403114318847,0.0504868030548095,0.0004069805145263,0.0007333755493164
20250724_010432_905,-6,35,35,4.4,22.418130487979084,-79.74619178771972,-79.74619178771972,0.0981490612030029,0.1584053039550781,35,35.0,YOLO,1,32,0.0,22.418130487979084,0.0,[],0.0978543758392334,0.0504679679870605,0.0504581928253173,0.0567972660064697,0.0006756782531738
20250724_010433_163,-6,34,34,2.9,22.502462473152164,-79.72180366516113,-79.72180366516113,0.1026651859283447,0.1020395755767822,34,34.0,YOLO,1,32,0.0,22.502462473152164,0.0,[],0.1023290157318115,0.0504634380340576,0.050487995147705,0.0004022121429443,0.0006804466247558
20250724_010433_370,-6,34,34,2.9,25.023683163961607,-77.15471572875977,-77.15471572875977,0.1030623912811279,0.1583833694458007,34,34.0,YOLO,1,32,0.0,25.023683163961607,0.0,[],0.1027255058288574,0.0504765510559082,0.0504693984985351,0.0567488670349121,0.0006825923919677
20250724_010433_633,-6,34,34,2.9,25.061135382013006,-77.14607849121094,-77.14607849121094,0.1018450260162353,0.1021406650543212,34,34.0,YOLO,1,32,0.0,25.061135382013006,0.0,[],0.1015081405639648,0.0505213737487793,0.0504636764526367,0.0003988742828369,0.0007500648498535
20250724_010433_838,-6,34,34,2.9,24.690771392591856,-77.60800399780274,-77.60800399780274,0.1024994850158691,0.1583929061889648,34,34.0,YOLO,1,32,0.0,24.690771392591856,0.0,[],0.1021766662597656,0.050480842590332,0.0504641532897949,0.0567536354064941,0.000687837600708
20250724_010434_101,-5,34,34,2.9,24.551127067197285,-77.6571029663086,-77.6571029663086,0.1014916896820068,0.1022102832794189,34,34.0,YOLO,1,32,0.0,24.551127067197285,0.0,[],0.1011810302734375,0.0504534244537353,0.0504581928253173,0.0004200935363769,0.0008699893951416
20250724_010434_306,-5,34,34,2.9,22.9735928962197,-79.2184829711914,-79.2184829711914,0.0992343425750732,0.1583812236785888,34,34.0,YOLO,1,32,0.0,22.9735928962197,0.0,[],0.0988962650299072,0.0505027770996093,0.0504641532897949,0.0567286014556884,0.0006797313690185
20250724_010434_566,-5,34,34,2.9,22.927185279235147,-79.46774673461914,-79.46774673461914,0.1013226509094238,0.1020052433013916,34,34.0,YOLO,1,32,0.0,22.927185279235147,0.0,[],0.1010284423828125,0.0504522323608398,0.0504677295684814,0.0004019737243652,0.0006792545318603
20250724_010434_770,-5,34,34,2.9,23.210005492578205,-79.00221366882325,-79.00221366882325,0.1010658740997314,0.1584124565124511,34,34.0,YOLO,1,32,0.0,23.210005492578205,0.0,[],0.1007485389709472,0.0504939556121826,0.0504751205444335,0.0567271709442138,0.0007088184356689
20250724_010435_031,-5,34,34,2.9,23.237083468838733,-78.98973007202149,-78.98973007202149,0.1035144329071044,0.1020557880401611,34,34.0,YOLO,1,32,0.0,23.237083468838733,0.0,[],0.1031913757324218,0.0504541397094726,0.0504741668701171,0.0004069805145263,0.0007152557373046
20250724_010435_239,-5,34,34,2.9,23.30168093458363,-78.93355674743653,-78.93355674743653,0.1020596027374267,0.1583123207092285,34,34.0,YOLO,1,32,0.0,23.30168093458363,0.0,[],0.1017458438873291,0.0504183769226074,0.0504662990570068,0.05672287940979,0.0006980895996093
20250724_010435_501,-5,34,34,2.9,23.21169955611488,-78.9902530670166,-78.9902530670166,0.1044647693634033,0.1020195484161377,34,34.0,YOLO,1,32,0.0,23.21169955611488,0.0,[],0.1041567325592041,0.0504751205444335,0.0504717826843261,0.0003988742828369,0.0006678104400634
20250724_010435_709,-5,34,34,2.9,23.741461568466505,-78.40764503479004,-78.40764503479004,0.104508638381958,0.1584892272949218,34,34.0,YOLO,1,32,0.0,23.741461568466505,0.0,[],0.1041271686553955,0.050534963607788,0.0505087375640869,0.0567476749420166,0.0006911754608154
20250724_010435_973,-5,34,34,2.9,23.898916222120302,-78.33689613342285,-78.33689613342285,0.1028823852539062,0.1020314693450927,34,34.0,YOLO,1,32,0.0,23.898916222120302,0.0,[],0.1025710105895996,0.0504755973815918,0.0504755973815918,0.0003972053527832,0.0006768703460693
20250724_010436_180,-5,34,34,2.9,23.8982151160524,-78.35418434143067,-78.35418434143067,0.101072072982788,0.1587119102478027,34,34.0,YOLO,1,32,0.0,23.8982151160524,0.0,[],0.1007535457611084,0.0504641532897949,0.0504980087280273,0.0567500591278076,0.0009913444519042
20250724_010436_442,-5,34,34,2.9,23.922594097161635,-78.36259765625,-78.36259765625,0.1008481979370117,0.1020143032073974,34,34.0,YOLO,1,32,0.0,23.922594097161635,0.0,[],0.1004657745361328,0.0504746437072753,0.0504713058471679,0.0003995895385742,0.0006639957427978
20250724_010436_646,-5,34,34,2.9,23.858718083773997,-78.43834571838379,-78.43834571838379,0.0931124687194824,0.1583595275878906,34,34.0,YOLO,1,32,0.0,23.858718083773997,0.0,[],0.0927867889404296,0.0504803657531738,0.0504605770111084,0.0567314624786376,0.0006814002990722
20250724_010436_899,-5,34,34,2.9,23.968055773068173,-78.31849479675293,-78.31849479675293,0.1012802124023437,0.1020615100860595,34,34.0,YOLO,1,32,0.0,23.968055773068173,0.0,[],0.1009438037872314,0.0504896640777587,0.050455093383789,0.0003983974456787,0.0007135868072509
20250724_010437_104,-5,33,33,1.5,26.010938533628533,-76.22444076538086,-76.22444076538086,0.1007242202758789,0.1585328578948974,33,33.0,YOLO,1,32,0.0,26.010938533628533,0.0,[],0.1003508567810058,0.050450325012207,0.0504696369171142,0.0567657947540283,0.0008394718170166
20250724_010437_365,-5,33,33,1.5,25.83684927043042,-76.41351890563965,-76.41351890563965,0.0905637741088867,0.1020700931549072,33,33.0,YOLO,1,32,0.0,25.83684927043042,0.0,[],0.0901741981506347,0.0504522323608398,0.0504665374755859,0.0004236698150634,0.0007224082946777
20250724_010437_560,-5,33,33,1.5,25.69766315689907,-76.61482620239258,-76.61482620239258,0.1016993522644043,0.1583967208862304,33,33.0,YOLO,1,32,0.0,25.69766315689907,0.0,[],0.1013567447662353,0.0504100322723388,0.0504579544067382,0.0567853450775146,0.0007369518280029
20250724_010437_821,-5,33,33,1.5,25.662272713469093,-76.60139350891113,-76.60139350891113,0.1032581329345703,0.102067232131958,33,33.0,YOLO,1,32,0.0,25.662272713469093,0.0,[],0.1029200553894043,0.0504956245422363,0.0504775047302246,0.000401496887207,0.0006873607635498
20250724_010438_028,-4,33,33,1.5,25.78636795401411,-76.42081604003906,-76.42081604003906,0.1050844192504882,0.1584343910217285,33,33.0,YOLO,1,32,0.0,25.78636795401411,0.0,[],0.1048181056976318,0.0504846572875976,0.0504758358001709,0.0567610263824462,0.0007047653198242
20250724_010438_294,-4,33,33,1.5,25.32468742303095,-76.92313804626465,-76.92313804626465,0.1030421257019043,0.1019902229309082,33,33.0,YOLO,1,32,0.0,25.32468742303095,0.0,[],0.1026833057403564,0.0504593849182128,0.050443410873413,0.0004017353057861,0.0006792545318603
20250724_010438_500,-4,33,33,1.5,24.34523909375082,-77.97258529663085,-77.97258529663085,0.102107286453247,0.1582767963409423,33,33.0,YOLO,1,32,0.0,24.34523909375082,0.0,[],0.1017935276031494,0.0504546165466308,0.0504624843597412,0.0566654205322265,0.0006880760192871
20250724_010438_762,-4,33,33,1.5,24.540325700235183,-77.71956787109374,-77.71956787109374,0.1028754711151123,0.1019866466522216,33,33.0,YOLO,1,32,0.0,24.540325700235183,0.0,[],0.1025302410125732,0.0504236221313476,0.0504631996154785,0.0004041194915771,0.000690221786499
20250724_010438_969,-4,34,34,2.9,21.46736071785544,-80.73535232543945,-80.73535232543945,0.1020598411560058,0.158358097076416,34,34.0,YOLO,1,32,0.0,21.46736071785544,0.0,[],0.1017510890960693,0.0504682064056396,0.0504431724548339,0.0567512512207031,0.0006887912750244
20250724_010439_231,-4,34,34,2.9,21.511691543281287,-80.67550659179688,-80.67550659179688,0.1023430824279785,0.1020169258117675,34,34.0,YOLO,1,32,0.0,21.511691543281287,0.0,[],0.101980447769165,0.0504648685455322,0.0504567623138427,0.0004200935363769,0.0006699562072753
20250724_010439_436,-4,34,34,2.9,21.202094774637004,-80.9937530517578,-80.9937530517578,0.1021625995635986,0.1583497524261474,34,34.0,YOLO,1,32,0.0,21.202094774637004,0.0,[],0.1018178462982177,0.0504186153411865,0.0505099296569824,0.0567319393157959,0.0006828308105468
20250724_010439_699,-4,34,34,2.9,21.75143080393605,-80.48235321044922,-80.48235321044922,0.1026058197021484,0.1021194458007812,34,34.0,YOLO,1,32,0.0,21.75143080393605,0.0,[],0.1022522449493408,0.0505218505859375,0.0504837036132812,0.000406265258789,0.0007014274597167
20250724_010439_905,-4,34,34,2.9,21.969734832550586,-80.35500679016113,-80.35500679016113,0.1019206047058105,0.1583633422851562,34,34.0,YOLO,1,32,0.0,21.969734832550586,0.0,[],0.1015963554382324,0.0504539012908935,0.0504744052886962,0.0567245483398437,0.0007038116455078
20250724_010440_167,-4,34,34,2.9,22.014224361138247,-80.12738800048828,-80.12738800048828,0.1051275730133056,0.1020846366882324,34,34.0,YOLO,1,32,0.0,22.014224361138247,0.0,[],0.1047956943511962,0.0504705905914306,0.0505008697509765,0.0004000663757324,0.0007078647613525
20250724_010440_376,-4,33,33,1.5,25.303871282078678,-76.94999618530274,-76.94999618530274,0.1016492843627929,0.1584289073944091,33,33.0,YOLO,1,32,0.0,25.303871282078678,0.0,[],0.1013274192810058,0.0505108833312988,0.0504724979400634,0.0567467212677001,0.0006916522979736
20250724_010440_637,-4,33,33,1.5,25.28911173112057,-76.92820816040039,-76.92820816040039,0.1052527427673339,0.1020956039428711,33,33.0,YOLO,1,32,0.0,25.28911173112057,0.0,[],0.104943037033081,0.0504918098449707,0.050485610961914,0.0004043579101562,0.0007078647613525
20250724_010440_846,-4,33,33,1.5,25.29631319305409,-76.96488533020019,-76.96488533020019,0.1021866798400878,0.158351182937622,33,33.0,YOLO,1,32,0.0,25.29631319305409,0.0,[],0.1018767356872558,0.0504701137542724,0.0504603385925293,0.0567309856414794,0.0006840229034423
20250724_010441_109,-4,33,33,1.5,25.445720553050837,-76.91386756896972,-76.91386756896972,0.1061084270477294,0.1019940376281738,33,33.0,YOLO,1,32,0.0,25.445720553050837,0.0,[],0.1057801246643066,0.0504570007324218,0.05047607421875,0.0003838539123535,0.0006716251373291
20250724_010441_318,-4,33,33,1.5,25.103919268680244,-77.09660911560059,-77.09660911560059,0.1017026901245117,0.1583988666534423,33,33.0,YOLO,1,32,0.0,25.103919268680244,0.0,[],0.1013641357421875,0.050483226776123,0.0504264831542968,0.0567846298217773,0.0006980895996093
20250724_010441_580,-4,33,33,1.5,24.92518468463102,-77.36348304748535,-77.36348304748535,0.1002402305603027,0.1019985675811767,33,33.0,YOLO,1,32,0.0,24.92518468463102,0.0,[],0.0999059677124023,0.0504593849182128,0.0504553318023681,0.0003886222839355,0.000690221786499
20250724_010441_784,-4,33,33,1.5,25.022677873179944,-77.111328125,-77.111328125,0.1003282070159912,0.1583828926086425,33,33.0,YOLO,1,32,0.0,25.022677873179944,0.0,[],0.1000661849975586,0.0504617691040039,0.0504848957061767,0.0567374229431152,0.0006918907165527
20250724_010442_044,-4,33,33,1.5,25.02264005743633,-77.25558891296387,-77.25558891296387,0.1025757789611816,0.1020963191986084,33,33.0,YOLO,1,32,0.0,25.02264005743633,0.0,[],0.1022088527679443,0.0504508018493652,0.0504920482635498,0.0004084110260009,0.0007393360137939
20250724_010442_250,-3,32,32,0.0,25.44763866206152,-76.83922653198242,-76.83922653198242,0.1024749279022216,0.1583807468414306,32,32.0,YOLO,1,32,0.0,25.44763866206152,0.0,[],0.1021583080291748,0.0504395961761474,0.050450325012207,0.0567686557769775,0.0007150173187255
20250724_010442_513,-3,33,33,1.5,25.444241530368544,-76.80151672363282,-76.80151672363282,0.0891406536102294,0.1020014286041259,33,33.0,YOLO,1,32,0.0,25.444241530368544,0.0,[],0.0888097286224365,0.0504658222198486,0.0504403114318847,0.0003931522369384,0.0006959438323974
20250724_010442_706,-3,33,33,1.5,23.44190684866156,-78.82859840393067,-78.82859840393067,0.0999140739440918,0.1587982177734375,33,33.0,YOLO,1,32,0.0,23.44190684866156,0.0,[],0.0995407104492187,0.0504734516143798,0.0504775047302246,0.0567543506622314,0.0010843276977539
20250724_010442_967,-3,NO_RADIO,33,1.5,23.562193175810503,-78.70392036437988,-78.70392036437988,0.098273754119873,0.1021456718444824,33,,CenterFallback,1,32,0.0,,,[],0.0978281497955322,0.0505304336547851,0.0504646301269531,0.0003976821899414,0.0007131099700927
20250724_010443_169,-3,NO_RADIO,33,1.5,23.5855128180758,-78.54856147766114,-78.54856147766114,0.1027834415435791,0.1585350036621093,33,,CenterFallback,1,32,0.0,,,[],0.1024553775787353,0.0504853725433349,0.0505189895629882,0.0567348003387451,0.0007429122924804
20250724_010443_432,-3,33,33,1.5,23.58430445120733,-78.52446746826172,-78.52446746826172,0.102640151977539,0.1020398139953613,33,33.0,YOLO,1,32,0.0,23.58430445120733,0.0,[],0.1023082733154296,0.0504801273345947,0.0504512786865234,0.0003955364227294,0.0007076263427734
20250724_010443_638,-3,33,33,1.5,23.22437503909325,-78.91289100646972,-78.91289100646972,0.102203369140625,0.1584117412567138,33,33.0,YOLO,1,32,0.0,23.22437503909325,0.0,[],0.1018896102905273,0.0504696369171142,0.0504872798919677,0.0567734241485595,0.0006752014160156
20250724_010443_900,-3,NO_RADIO,33,1.5,23.23811248830025,-79.0245288848877,-79.0245288848877,0.1023824214935302,0.1020677089691162,33,,CenterFallback,1,32,0.0,,,[],0.1020216941833496,0.0504534244537353,0.0504872798919677,0.0004096031188964,0.0006806850433349
20250724_010444_106,-3,33,33,1.5,23.512696147107206,-78.7112533569336,-78.7112533569336,0.1022791862487793,0.1586315631866455,33,33.0,YOLO,1,32,0.0,23.512696147107206,0.0,[],0.1019396781921386,0.0504088401794433,0.0504317283630371,0.0567822456359863,0.0009913444519042
20250724_010444_369,-3,33,33,1.5,23.613803726094687,-78.63605995178223,-78.63605995178223,0.1074960231781005,0.1020052433013916,33,33.0,YOLO,1,32,0.0,23.613803726094687,0.0,[],0.1069264411926269,0.0504486560821533,0.0504653453826904,0.0003976821899414,0.0006892681121826
20250724_010444_580,-3,NO_RADIO,33,1.5,23.53674516608423,-78.60655136108399,-78.60655136108399,0.099769115447998,0.1584243774414062,33,,CenterFallback,1,32,0.0,,,[],0.0994577407836914,0.0505108833312988,0.0504531860351562,0.0567257404327392,0.0006830692291259
20250724_010444_840,-3,NO_RADIO,33,1.5,23.56204060845876,-78.70425949096679,-78.70425949096679,0.1017687320709228,0.1021373271942138,33,,CenterFallback,1,32,0.0,,,[],0.1014256477355957,0.0504779815673828,0.0505046844482421,0.0004012584686279,0.0007143020629882
20250724_010445_046,-3,NO_RADIO,33,1.5,23.7376798671109,-78.62054138183593,-78.62054138183593,0.0961279869079589,0.1583838462829589,33,,CenterFallback,1,32,0.0,,,[],0.0957977771759033,0.0504581928253173,0.050455093383789,0.0567231178283691,0.0006961822509765
20250724_010445_302,-3,32,32,0.0,23.549572405509394,-78.53288269042969,-78.53288269042969,0.1028041839599609,0.1020236015319824,32,32.0,YOLO,1,32,0.0,23.549572405509394,0.0,[],0.1024723052978515,0.050452709197998,0.0504839420318603,0.0004127025604248,0.0006682872772216
20250724_010445_508,-3,32,32,0.0,25.174378700561533,-77.14262313842774,-77.14262313842774,0.1042366027832031,0.1583292484283447,32,32.0,YOLO,1,32,0.0,25.174378700561533,0.0,[],0.1039044857025146,0.0504586696624755,0.0504350662231445,0.0567336082458496,0.0006957054138183
20250724_010445_772,-3,32,32,0.0,25.29400113840029,-77.04250831604004,-77.04250831604004,0.1032125949859619,0.1021499633789062,32,32.0,YOLO,1,32,0.0,25.29400113840029,0.0,[],0.1028494834899902,0.0505092144012451,0.0504961013793945,0.0004134178161621,0.0007252693176269
20250724_010445_979,-3,32,32,0.0,25.43078986887184,-76.79856185913086,-76.79856185913086,0.1023948192596435,0.1585345268249511,32,32.0,YOLO,1,32,0.0,25.43078986887184,0.0,[],0.1020493507385253,0.0505032539367675,0.0504863262176513,0.05680513381958,0.0007319450378417
20250724_010446_242,-2,32,32,0.0,25.44644165819402,-76.63688316345215,-76.63688316345215,0.1025395393371582,0.1020879745483398,32,32.0,YOLO,1,32,0.0,25.44644165819402,0.0,[],0.1021649837493896,0.0504622459411621,0.050537109375,0.0004134178161621,0.0006694793701171
20250724_010446_448,-2,32,32,0.0,23.305871019499406,-78.91063690185547,-78.91063690185547,0.1019909381866455,0.1588892936706543,32,32.0,YOLO,1,32,0.0,23.305871019499406,0.0,[],0.1016335487365722,0.0505483150482177,0.0505201816558837,0.0567686557769775,0.001044750213623
20250724_010446_711,-2,32,32,0.0,23.53985296044408,-78.82774276733399,-78.82774276733399,0.1018135547637939,0.1021261215209961,32,32.0,YOLO,1,32,0.0,23.53985296044408,0.0,[],0.1014606952667236,0.0505323410034179,0.0504634380340576,0.0004143714904785,0.0007092952728271
20250724_010446_917,-2,32,32,0.0,23.043515383088263,-79.1266902923584,-79.1266902923584,0.1028792858123779,0.1586208343505859,32,32.0,YOLO,1,32,0.0,23.043515383088263,0.0,[],0.1025350093841552,0.0505392551422119,0.0505211353302001,0.056821584701538,0.0007312297821044
20250724_010447_180,-2,32,32,0.0,23.16761341226461,-79.07049407958985,-79.07049407958985,0.103550910949707,0.1024250984191894,32,32.0,YOLO,1,32,0.0,23.16761341226461,0.0,[],0.103201150894165,0.0505084991455078,0.0505220890045166,0.0004217624664306,0.0009593963623046
20250724_010447_388,-2,32,32,0.0,23.91941999305459,-78.28934516906739,-78.28934516906739,0.1019964218139648,0.158470869064331,32,32.0,YOLO,1,32,0.0,23.91941999305459,0.0,[],0.101621389389038,0.0504829883575439,0.0504868030548095,0.0567927360534668,0.0007023811340332
20250724_010447_650,-2,32,32,0.0,24.109367316795076,-78.18762092590332,-78.18762092590332,0.1037311553955078,0.1020152568817138,32,32.0,YOLO,1,32,0.0,24.109367316795076,0.0,[],0.1033754348754882,0.0504758358001709,0.0504236221313476,0.0003983974456787,0.0007121562957763
20250724_010447_857,-2,32,32,0.0,23.746646380012905,-78.45622940063477,-78.45622940063477,0.1043910980224609,0.1583728790283203,32,32.0,YOLO,1,32,0.0,23.746646380012905,0.0,[],0.1040585041046142,0.0504405498504638,0.0504529476165771,0.0567634105682373,0.0007095336914062
20250724_010448_122,-2,32,32,0.0,23.73163497319267,-78.35910110473633,-78.35910110473633,0.1016836166381836,0.1021027565002441,32,32.0,YOLO,1,32,0.0,23.73163497319267,0.0,[],0.1013200283050537,0.0504662990570068,0.0505294799804687,0.0004081726074218,0.0006937980651855
20250724_010448_327,-2,32,32,0.0,24.018012090057084,-78.21143989562988,-78.21143989562988,0.1027529239654541,0.158588171005249,32,32.0,YOLO,1,32,0.0,24.018012090057084,0.0,[],0.1024160385131836,0.0505323410034179,0.0505392551422119,0.0567665100097656,0.0007431507110595
20250724_010448_590,-2,32,32,0.0,23.92667425579337,-78.32832908630371,-78.32832908630371,0.1034107208251953,0.1020724773406982,32,32.0,YOLO,1,32,0.0,23.92667425579337,0.0,[],0.1030299663543701,0.0504615306854248,0.0504696369171142,0.0004017353057861,0.0007328987121582
20250724_010448_797,-2,32,32,0.0,23.705648964547837,-78.57489585876465,-78.57489585876465,0.1067423820495605,0.1584351062774658,32,32.0,YOLO,1,32,0.0,23.705648964547837,0.0,[],0.1063778400421142,0.050513744354248,0.0505111217498779,0.0567123889923095,0.0006914138793945
20250724_010449_064,-2,32,32,0.0,23.662489832959597,-78.65059127807618,-78.65059127807618,0.1008481979370117,0.1020803451538086,32,32.0,YOLO,1,32,0.0,23.662489832959597,0.0,[],0.1005373001098632,0.0505032539367675,0.0504841804504394,0.000399112701416,0.0006885528564453
20250724_010449_269,-2,31,31,-1.5,25.69218167324462,-76.57659950256348,-76.57659950256348,0.1046993732452392,0.1583747863769531,31,31.0,YOLO,1,32,0.0,25.69218167324462,0.0,[],0.1044087409973144,0.0504651069641113,0.0504484176635742,0.0567631721496582,0.0006909370422363
20250724_010449_533,-2,31,31,-1.5,25.56838538078644,-76.66131973266602,-76.66131973266602,0.0988435745239257,0.1020054817199707,31,31.0,YOLO,1,32,0.0,25.56838538078644,0.0,[],0.0984766483306884,0.0504531860351562,0.0504493713378906,0.0004105567932128,0.0006868839263916
20250724_010449_736,-2,31,31,-1.5,25.73763087280216,-76.54568290710449,-76.54568290710449,0.1002647876739502,0.1584653854370117,31,31.0,YOLO,1,32,0.0,25.73763087280216,0.0,[],0.0999627113342285,0.0504839420318603,0.0504698753356933,0.0567662715911865,0.0007383823394775
20250724_010449_996,-2,31,31,-1.5,25.664038103657347,-76.63259582519531,-76.63259582519531,0.1048109531402587,0.1020357608795166,31,31.0,YOLO,1,32,0.0,25.664038103657347,0.0,[],0.1044943332672119,0.0504534244537353,0.050471544265747,0.0003998279571533,0.0007054805755615
20250724_010450_205,-1,31,31,-1.5,24.533058973854992,-77.79191551208496,-77.79191551208496,0.1269466876983642,0.1584053039550781,31,31.0,YOLO,1,32,0.0,24.533058973854992,0.0,[],0.126554250717163,0.050485610961914,0.0504457950592041,0.0567498207092285,0.0007178783416748
20250724_010450_492,-1,31,31,-1.5,24.431653595885592,-77.79482917785644,-77.79482917785644,0.1009352207183837,0.1019747257232666,31,31.0,YOLO,1,32,0.0,24.431653595885592,0.0,[],0.1005747318267822,0.0504426956176757,0.0504462718963623,0.0003950595855712,0.0006849765777587
20250724_010450_696,-1,31,31,-1.5,24.63361546639669,-77.5768814086914,-77.5768814086914,0.1006176471710205,0.1583931446075439,31,31.0,YOLO,1,32,0.0,24.63361546639669,0.0,[],0.1002600193023681,0.0504920482635498,0.0504829883575439,0.0567207336425781,0.0006914138793945
20250724_010450_957,-1,31,31,-1.5,24.644915294099704,-77.43006820678711,-77.43006820678711,0.098017930984497,0.1021387577056884,31,31.0,YOLO,1,32,0.0,24.644915294099704,0.0,[],0.0976865291595459,0.05049729347229,0.0504796504974365,0.0003962516784667,0.0007596015930175
20250724_010451_159,-1,31,31,-1.5,24.733691509295923,-77.62178802490234,-77.62178802490234,0.1021583080291748,0.158419132232666,31,31.0,YOLO,1,32,0.0,24.733691509295923,0.0,[],0.1018288135528564,0.050473928451538,0.0505030155181884,0.0567402839660644,0.000694990158081
20250724_010451_421,-1,31,31,-1.5,24.89302325439006,-77.50211944580079,-77.50211944580079,0.1016628742218017,0.1019899845123291,31,31.0,YOLO,1,32,0.0,24.89302325439006,0.0,[],0.1013557910919189,0.0504682064056396,0.0504622459411621,0.0003876686096191,0.0006661415100097
20250724_010451_626,-1,31,31,-1.5,25.235712084224204,-77.04209632873535,-77.04209632873535,0.0973687171936035,0.1584599018096923,31,31.0,YOLO,1,32,0.0,25.235712084224204,0.0,[],0.0970754623413086,0.050473928451538,0.050462007522583,0.0567793846130371,0.0007386207580566
20250724_010451_883,-1,31,31,-1.5,25.332750920442663,-77.00057106018066,-77.00057106018066,0.1020348072052002,0.1021347045898437,31,31.0,YOLO,1,32,0.0,25.332750920442663,0.0,[],0.1017453670501709,0.0505042076110839,0.0504896640777587,0.0004041194915771,0.0007305145263671
20250724_010452_089,-1,31,31,-1.5,25.354195528752555,-76.86142005920411,-76.86142005920411,0.1017637252807617,0.158717393875122,31,31.0,YOLO,1,32,0.0,25.354195528752555,0.0,[],0.1013934612274169,0.0504727363586425,0.050455093383789,0.0567638874053955,0.0010178089141845
20250724_010452_352,-1,31,31,-1.5,25.318451252832432,-76.83136100769043,-76.83136100769043,0.1031749248504638,0.1020185947418212,31,31.0,YOLO,1,32,0.0,25.318451252832432,0.0,[],0.1027600765228271,0.0504629611968994,0.0504748821258544,0.0004217624664306,0.0006530284881591
20250724_010452_559,-1,31,31,-1.5,24.33874556991792,-77.8916446685791,-77.8916446685791,0.1014719009399414,0.1584227085113525,31,31.0,YOLO,1,32,0.0,24.33874556991792,0.0,[],0.1011567115783691,0.0504803657531738,0.050419807434082,0.0568010807037353,0.0007147789001464
20250724_010452_820,-1,31,31,-1.5,24.29295993858884,-77.8888542175293,-77.8888542175293,0.1014735698699951,0.1020276546478271,31,31.0,YOLO,1,32,0.0,24.29295993858884,0.0,[],0.1010944843292236,0.0504593849182128,0.0504651069641113,0.000392198562622,0.0007061958312988
20250724_010453_025,-1,31,31,-1.5,24.30327529093249,-77.9925537109375,-77.9925537109375,0.1064014434814453,0.1584441661834716,31,31.0,YOLO,1,32,0.0,24.30327529093249,0.0,[],0.1060645580291748,0.0504662990570068,0.0504932403564453,0.056760549545288,0.0007164478302001
20250724_010453_292,-1,30,30,-2.9,24.35507970434693,-77.80142593383789,-77.80142593383789,0.1045567989349365,0.1019918918609619,30,30.0,YOLO,1,32,0.0,24.35507970434693,0.0,[],0.1041934490203857,0.0504567623138427,0.0504608154296875,0.0004019737243652,0.0006661415100097
20250724_010453_500,-1,30,30,-2.9,26.734880074258754,-75.5499038696289,-75.5499038696289,0.1020257472991943,0.1583979129791259,30,30.0,YOLO,1,32,0.0,26.734880074258754,0.0,[],0.1016979217529296,0.0504901409149169,0.0504813194274902,0.0567400455474853,0.0006799697875976
20250724_010453_762,-1,30,30,-2.9,26.74456352659209,-75.5404167175293,-75.5404167175293,0.1025595664978027,0.1021802425384521,30,30.0,YOLO,1,32,0.0,26.74456352659209,0.0,[],0.1022217273712158,0.0505261421203613,0.0505244731903076,0.0003919601440429,0.0007321834564208
20250724_010453_968,-1,30,30,-2.9,26.774932969824235,-75.4182846069336,-75.4182846069336,0.1026780605316162,0.1587605476379394,30,30.0,YOLO,1,32,0.0,26.774932969824235,0.0,[],0.1023552417755127,0.0504672527313232,0.0505187511444091,0.0567507743835449,0.0010154247283935
20250724_010454_232,0,30,30,-2.9,26.48175342349907,-75.77488632202149,-75.77488632202149,0.1027054786682128,0.1023519039154052,30,30.0,YOLO,1,32,0.0,26.48175342349907,0.0,[],0.1022875308990478,0.050487995147705,0.0504243373870849,0.0004036426544189,0.0010292530059814
20250724_010454_439,0,30,30,-2.9,25.283407266635862,-77.04273986816406,-77.04273986816406,0.10209321975708,0.1587097644805908,30,30.0,YOLO,1,32,0.0,25.283407266635862,0.0,[],0.101689338684082,0.050494909286499,0.0505082607269287,0.0567777156829834,0.0009222030639648
20250724_010454_702,0,31,31,-1.5,25.128765983581985,-77.13603553771972,-77.13603553771972,0.102729320526123,0.1025032997131347,31,31.0,YOLO,1,32,0.0,25.128765983581985,0.0,[],0.1023497581481933,0.0505428314208984,0.0505197048187255,0.0004277229309082,0.0010061264038085
20250724_010454_909,0,31,31,-1.5,22.68966553967512,-79.53607177734375,-79.53607177734375,0.1030294895172119,0.1585359573364257,31,31.0,YOLO,1,32,0.0,22.68966553967512,0.0,[],0.1026434898376464,0.050541877746582,0.0504934787750244,0.056800365447998,0.0006911754608154
20250724_010455_172,0,31,31,-1.5,22.82899607524024,-79.38422164916992,-79.38422164916992,0.1018872261047363,0.1020359992980957,31,31.0,YOLO,1,32,0.0,22.82899607524024,0.0,[],0.1015517711639404,0.0504710674285888,0.0504517555236816,0.0004012584686279,0.0007059574127197
20250724_010455_378,0,30,30,-2.9,25.597679987228616,-76.73594017028809,-76.73594017028809,0.0984728336334228,0.1584279537200927,30,30.0,YOLO,1,32,0.0,25.597679987228616,0.0,[],0.0981473922729492,0.0504474639892578,0.0504720211029052,0.0568130016326904,0.0006892681121826
20250724_010455_636,0,30,30,-2.9,25.54983119392982,-76.73899116516114,-76.73899116516114,0.0973069667816162,0.1020922660827636,30,30.0,YOLO,1,32,0.0,25.54983119392982,0.0,[],0.0969717502593994,0.0504965782165527,0.0504562854766845,0.0004053115844726,0.000727891921997
20250724_010455_837,0,30,30,-2.9,25.13055539977867,-77.01806640625,-77.01806640625,0.1026358604431152,0.1583530902862548,30,30.0,YOLO,1,32,0.0,25.13055539977867,0.0,[],0.1023077964782714,0.0504562854766845,0.0504505634307861,0.0567221641540527,0.0007171630859375
20250724_010456_100,0,30,30,-2.9,25.381022608424885,-76.92286262512206,-76.92286262512206,0.1012642383575439,0.1020691394805908,30,30.0,YOLO,1,32,0.0,25.381022608424885,0.0,[],0.1009464263916015,0.0504684448242187,0.0504519939422607,0.000401496887207,0.0007414817810058
20250724_010456_305,0,30,30,-2.9,25.64584155558414,-76.69980163574219,-76.69980163574219,0.1026747226715087,0.1583812236785888,30,30.0,YOLO,1,32,0.0,25.64584155558414,0.0,[],0.1023628711700439,0.0504450798034668,0.0504939556121826,0.0567576885223388,0.0006773471832275
20250724_010456_568,0,30,30,-2.9,25.548905782164624,-76.64831047058105,-76.64831047058105,0.1057496070861816,0.1020116806030273,30,30.0,YOLO,1,32,0.0,25.548905782164624,0.0,[],0.105443000793457,0.0504357814788818,0.0504684448242187,0.0004043579101562,0.0006968975067138
20250724_010456_777,0,30,30,-2.9,25.648599338975018,-76.628955078125,-76.628955078125,0.1011624336242675,0.1583561897277832,30,30.0,YOLO,1,32,0.0,25.648599338975018,0.0,[],0.1008625030517578,0.0504724979400634,0.050443410873413,0.0567395687103271,0.0006940364837646
20250724_010457_038,0,30,30,-2.9,25.721811730731687,-76.5616226196289,-76.5616226196289,0.1023051738739013,0.102116584777832,30,30.0,YOLO,1,32,0.0,25.721811730731687,0.0,[],0.1020076274871826,0.0504908561706543,0.0504775047302246,0.0004055500030517,0.0007376670837402
20250724_010457_244,0,30,30,-2.9,26.235464278295492,-76.1292938232422,-76.1292938232422,0.1004412174224853,0.158409833908081,30,30.0,YOLO,1,32,0.0,26.235464278295492,0.0,[],0.1001245975494384,0.0504865646362304,0.0504388809204101,0.056767463684082,0.0007109642028808
20250724_010457_504,0,30,30,-2.9,26.23064737893735,-76.05152893066406,-76.05152893066406,0.1027579307556152,0.1020591259002685,30,30.0,YOLO,1,32,0.0,26.23064737893735,0.0,[],0.1024825572967529,0.0504591464996337,0.0504906177520751,0.0003943443298339,0.0007097721099853
20250724_010457_711,0,30,30,-2.9,25.70499660499705,-76.43148345947266,-76.43148345947266,0.1021552085876464,0.1584532260894775,30,30.0,YOLO,1,32,0.0,25.70499660499705,0.0,[],0.1018285751342773,0.050483226776123,0.0504894256591796,0.0567634105682373,0.0007107257843017
20250724_010457_973,0,30,30,-2.9,25.95074528764252,-76.38387603759766,-76.38387603759766,0.1071789264678955,0.1019403934478759,30,30.0,YOLO,1,32,0.0,25.95074528764252,0.0,[],0.1068286895751953,0.0504212379455566,0.0504488945007324,0.0003893375396728,0.0006756782531738
20250724_010458_184,1,30,30,-2.9,24.40706231917485,-77.85403785705566,-77.85403785705566,0.1018388271331787,0.1584186553955078,30,30.0,YOLO,1,32,0.0,24.40706231917485,0.0,[],0.1015219688415527,0.0504980087280273,0.0504693984985351,0.0567426681518554,0.0007023811340332
20250724_010458_445,1,30,30,-2.9,24.281172521598577,-77.87881278991699,-77.87881278991699,0.1004743576049804,0.1020524501800537,30,30.0,YOLO,1,32,0.0,24.281172521598577,0.0,[],0.1001412868499755,0.0504558086395263,0.0505077838897705,0.0003998279571533,0.0006840229034423
20250724_010458_650,1,30,30,-2.9,24.17462805761383,-78.00579261779785,-78.00579261779785,0.1007375717163086,0.1584117412567138,30,30.0,YOLO,1,32,0.0,24.17462805761383,0.0,[],0.1004207134246826,0.0504589080810546,0.0504536628723144,0.0567710399627685,0.0007219314575195
20250724_010458_910,1,30,30,-2.9,24.330132092626968,-77.95000419616699,-77.95000419616699,0.0987775325775146,0.1020474433898925,30,30.0,YOLO,1,32,0.0,24.330132092626968,0.0,[],0.0984334945678711,0.0505042076110839,0.0504524707794189,0.0004024505615234,0.0006830692291259
20250724_010459_113,1,30,30,-2.9,23.954791696514107,-78.39770469665527,-78.39770469665527,0.1034629344940185,0.1583719253540039,30,30.0,YOLO,1,32,0.0,23.954791696514107,0.0,[],0.1031019687652587,0.0504469871520996,0.0504689216613769,0.0567584037780761,0.0006909370422363
20250724_010459_376,1,30,30,-2.9,24.06072701247963,-78.23050346374512,-78.23050346374512,0.1030409336090087,0.1020135879516601,30,30.0,YOLO,1,32,0.0,24.06072701247963,0.0,[],0.1026976108551025,0.0504424571990966,0.050464391708374,0.0003972053527832,0.0007033348083496
20250724_010459_583,1,30,30,-2.9,24.634028551937945,-77.63760490417481,-77.63760490417481,0.1039419174194336,0.1583566665649414,30,30.0,YOLO,1,32,0.0,24.634028551937945,0.0,[],0.1036186218261718,0.0504765510559082,0.0504531860351562,0.0567142963409423,0.0007069110870361
20250724_010459_847,1,30,30,-2.9,24.538551526332384,-77.8047706604004,-77.8047706604004,0.1056787967681884,0.1019926071166992,30,30.0,YOLO,1,32,0.0,24.538551526332384,0.0,[],0.1053640842437744,0.05047607421875,0.0504508018493652,0.0003788471221923,0.0006816387176513
20250724_010500_056,1,30,30,-2.9,24.88806282559432,-77.39434394836425,-77.39434394836425,0.1020243167877197,0.1587369441986084,30,30.0,YOLO,1,32,0.0,24.88806282559432,0.0,[],0.1017167568206787,0.050447940826416,0.0504887104034423,0.0567653179168701,0.0010271072387695
20250724_010500_320,1,30,30,-2.9,24.82232766325272,-77.46136894226075,-77.46136894226075,0.1249141693115234,0.1021203994750976,30,30.0,YOLO,1,32,0.0,24.82232766325272,0.0,[],0.1236040592193603,0.0504913330078125,0.0505354404449462,0.0003979206085205,0.0006909370422363
20250724_010500_547,1,30,30,-2.9,24.937781394772895,-77.31052894592285,-77.31052894592285,0.1046736240386962,0.1584389209747314,30,30.0,YOLO,1,32,0.0,24.937781394772895,0.0,[],0.1043360233306884,0.0504481792449951,0.0504591464996337,0.0567812919616699,0.0007441043853759
20250724_010500_812,1,30,30,-2.9,24.93275612463637,-77.28421020507812,-77.28421020507812,0.0960874557495117,0.102057933807373,30,30.0,YOLO,1,32,0.0,24.93275612463637,0.0,[],0.0958096981048584,0.0504815578460693,0.050485610961914,0.0003902912139892,0.0006942749023437
20250724_010501_012,1,30,30,-2.9,24.96410924182321,-77.16332359313965,-77.16332359313965,0.1012351512908935,0.158484935760498,30,30.0,YOLO,1,32,0.0,24.96410924182321,0.0,[],0.1009039878845214,0.0504555702209472,0.0504827499389648,0.0567893981933593,0.0007500648498535
20250724_010501_273,1,29,29,-4.4,25.063956801622496,-77.23853797912598,-77.23853797912598,0.0958607196807861,0.1025395393371582,29,29.0,YOLO,1,32,0.0,25.063956801622496,0.0,[],0.0955233573913574,0.0505757331848144,0.0505096912384033,0.0004105567932128,0.0010364055633544
20250724_010501_474,1,29,29,-4.4,26.46968792411377,-75.77496337890625,-75.77496337890625,0.0921380519866943,0.1584489345550537,29,29.0,YOLO,1,32,0.0,26.46968792411377,0.0,[],0.0918071269989013,0.0504651069641113,0.0504841804504394,0.0567874908447265,0.0007054805755615
20250724_010501_726,1,29,29,-4.4,26.33216392155815,-75.9558879852295,-75.9558879852295,0.0990993976593017,0.1021018028259277,29,29.0,YOLO,1,32,0.0,26.33216392155815,0.0,[],0.0987975597381591,0.0504686832427978,0.0505199432373046,0.0003969669342041,0.0007107257843017
20250724_010501_929,1,29,29,-4.4,26.00068547861032,-76.18484497070312,-76.18484497070312,0.0985341072082519,0.1585538387298584,29,29.0,YOLO,1,32,0.0,26.00068547861032,0.0,[],0.0982179641723632,0.0505039691925048,0.050645112991333,0.0567157268524169,0.0006825923919677
20250724_010502_187,2,29,29,-4.4,26.08313428147555,-76.12013969421386,-76.12013969421386,0.1050047874450683,0.1021921634674072,29,29.0,YOLO,1,32,0.0,26.08313428147555,0.0,[],0.1046931743621826,0.0505235195159912,0.0505030155181884,0.0004115104675292,0.0007476806640625
20250724_010502_396,2,29,29,-4.4,24.44806086086565,-77.75112915039062,-77.75112915039062,0.1020393371582031,0.1584057807922363,29,29.0,YOLO,1,32,0.0,24.44806086086565,0.0,[],0.1016664505004882,0.0504763126373291,0.0504498481750488,0.0567324161529541,0.0007400512695312
20250724_010502_658,2,29,29,-4.4,24.527377471432587,-77.73822174072265,-77.73822174072265,0.0994441509246826,0.102304458618164,29,29.0,YOLO,1,32,0.0,24.527377471432587,0.0,[],0.0990691184997558,0.050450325012207,0.0504629611968994,0.0004060268402099,0.0009794235229492
20250724_010502_862,2,29,29,-4.4,24.177503881780567,-78.09619789123535,-78.09619789123535,0.0996706485748291,0.1584315299987793,29,29.0,YOLO,1,32,0.0,24.177503881780567,0.0,[],0.0993070602416992,0.0505149364471435,0.050459861755371,0.0567493438720703,0.000699758529663
20250724_010503_122,2,29,29,-4.4,24.00012879822286,-78.31849479675293,-78.31849479675293,0.1002173423767089,0.102151870727539,29,29.0,YOLO,1,32,0.0,24.00012879822286,0.0,[],0.0998616218566894,0.0505144596099853,0.0505368709564209,0.0004165172576904,0.0006787776947021
20250724_010503_326,2,29,29,-4.4,24.7656348000416,-77.46105766296387,-77.46105766296387,0.100285530090332,0.1584432125091552,29,29.0,YOLO,1,32,0.0,24.7656348000416,0.0,[],0.0999045372009277,0.0504567623138427,0.0504872798919677,0.0567846298217773,0.0007078647613525
20250724_010503_586,2,29,29,-4.4,24.727337666514916,-77.39479064941406,-77.39479064941406,0.1031544208526611,0.1021807193756103,29,29.0,YOLO,1,32,0.0,24.727337666514916,0.0,[],0.1028263568878173,0.050478458404541,0.0504989624023437,0.0004234313964843,0.0007727146148681
20250724_010503_793,2,29,29,-4.4,24.546711690157068,-77.67629051208496,-77.67629051208496,0.0999515056610107,0.1585502624511718,29,29.0,YOLO,1,32,0.0,24.546711690157068,0.0,[],0.0995852947235107,0.0504581928253173,0.0504977703094482,0.0567936897277832,0.0007936954498291
20250724_010504_053,2,29,29,-4.4,24.618870370779888,-77.71421127319336,-77.71421127319336,0.0999054908752441,0.102027416229248,29,29.0,YOLO,1,32,0.0,24.618870370779888,0.0,[],0.0995676517486572,0.0504610538482666,0.0504858493804931,0.0003795623779296,0.0006952285766601
20250724_010504_257,2,29,29,-4.4,24.333697038593957,-77.88866729736328,-77.88866729736328,0.0996747016906738,0.1584105491638183,29,29.0,YOLO,1,32,0.0,24.333697038593957,0.0,[],0.0993311405181884,0.0504894256591796,0.0504758358001709,0.0567438602447509,0.000694990158081
20250724_010504_516,2,29,29,-4.4,24.2660348191486,-77.92925186157227,-77.92925186157227,0.0998096466064453,0.1019935607910156,29,29.0,YOLO,1,32,0.0,24.2660348191486,0.0,[],0.0995054244995117,0.050462007522583,0.0504746437072753,0.0003786087036132,0.0006725788116455
20250724_010504_720,2,29,29,-4.4,24.819818747881456,-77.42786865234375,-77.42786865234375,0.1019401550292968,0.158494234085083,29,29.0,YOLO,1,32,0.0,24.819818747881456,0.0,[],0.1016347408294677,0.0505275726318359,0.0505359172821044,0.0567371845245361,0.0006868839263916
20250724_010504_982,2,29,29,-4.4,24.651388120884462,-77.58653678894044,-77.58653678894044,0.1034166812896728,0.102135419845581,29,29.0,YOLO,1,32,0.0,24.651388120884462,0.0,[],0.1031007766723632,0.0505032539367675,0.0504686832427978,0.0004007816314697,0.0007569789886474
20250724_010505_189,2,28,28,-5.8,26.15140497482706,-76.1038101196289,-76.1038101196289,0.1000685691833496,0.1584920883178711,28,28.0,YOLO,1,32,0.0,26.15140497482706,0.0,[],0.0997312068939209,0.050471544265747,0.0504908561706543,0.0568141937255859,0.0007100105285644
20250724_010505_449,2,28,28,-5.8,26.18790621378496,-76.01023597717285,-76.01023597717285,0.1029000282287597,0.1019883155822753,28,28.0,YOLO,1,32,0.0,26.18790621378496,0.0,[],0.1025958061218261,0.0504133701324462,0.050473928451538,0.0004036426544189,0.0006923675537109
20250724_010505_655,2,28,28,-5.8,26.51838105586769,-75.68391418457031,-75.68391418457031,0.1020171642303466,0.1583483219146728,28,28.0,YOLO,1,32,0.0,26.51838105586769,0.0,[],0.1016614437103271,0.05047607421875,0.0504562854766845,0.0567278861999511,0.0006825923919677
20250724_010505_917,2,28,28,-5.8,26.607846328631,-75.68632774353027,-75.68632774353027,0.1016223430633544,0.1020746231079101,28,28.0,YOLO,1,32,0.0,26.607846328631,0.0,[],0.101313829421997,0.0504732131958007,0.050480842590332,0.0003998279571533,0.0007164478302001
20250724_010506_123,3,28,28,-5.8,25.150459516426466,-77.08739585876465,-77.08739585876465,0.1046907901763916,0.1583137512207031,28,28.0,YOLO,1,32,0.0,25.150459516426466,0.0,[],0.1043078899383544,0.05045747756958,0.0504567623138427,0.056713581085205,0.0006797313690185
20250724_010506_387,3,28,28,-5.8,24.95448173574113,-77.30779228210449,-77.30779228210449,0.1032891273498535,0.1020176410675048,28,28.0,YOLO,1,32,0.0,24.95448173574113,0.0,[],0.1029379367828369,0.0504901409149169,0.0504610538482666,0.000389814376831,0.0006718635559082
20250724_010506_594,3,NO_RADIO,28,-5.8,24.590776357083385,-77.71291580200196,-77.71291580200196,0.1003105640411377,0.1585583686828613,28,,CenterFallback,1,32,0.0,,,[],0.0999953746795654,0.0504472255706787,0.0504775047302246,0.056758165359497,0.0008251667022705
20250724_010506_855,3,28,28,-5.8,24.718789966769265,-77.46094436645508,-77.46094436645508,0.1015932559967041,0.1020066738128662,28,28.0,YOLO,1,32,0.0,24.718789966769265,0.0,[],0.1012747287750244,0.0504708290100097,0.0504393577575683,0.0003938674926757,0.0006968975067138
20250724_010507_060,3,28,28,-5.8,25.241919369929136,-76.99753532409667,-76.99753532409667,0.1035337448120117,0.1583969593048095,28,28.0,YOLO,1,32,0.0,25.241919369929136,0.0,[],0.1032655239105224,0.0504789352416992,0.0504655838012695,0.0567479133605957,0.0006983280181884
20250724_010507_323,3,28,28,-5.8,25.34435304148171,-76.97982330322266,-76.97982330322266,0.1034374237060546,0.1020822525024414,28,28.0,YOLO,1,32,0.0,25.34435304148171,0.0,[],0.1031274795532226,0.0504858493804931,0.0504934787750244,0.0004010200500488,0.0006966590881347
20250724_010507_530,3,28,28,-5.8,25.281292099905755,-76.9363941192627,-76.9363941192627,0.0850944519042968,0.1583189964294433,28,28.0,YOLO,1,32,0.0,25.281292099905755,0.0,[],0.08479905128479,0.0504639148712158,0.0504753589630126,0.0566856861114501,0.0006885528564453
20250724_010507_775,3,28,28,-5.8,25.1326751738514,-77.074951171875,-77.074951171875,0.0993049144744873,0.1020689010620117,28,28.0,YOLO,1,32,0.0,25.1326751738514,0.0,[],0.0989661216735839,0.0504572391510009,0.0505094528198242,0.0004081726074218,0.0006897449493408
20250724_010507_978,3,28,28,-5.8,25.30329596611027,-76.99302864074707,-76.99302864074707,0.1026418209075927,0.1585803031921386,28,28.0,YOLO,1,32,0.0,25.30329596611027,0.0,[],0.1023201942443847,0.0504689216613769,0.0504672527313232,0.0567841529846191,0.000852346420288
20250724_010508_241,3,28,28,-5.8,25.52569097069436,-76.84119491577148,-76.84119491577148,0.1020765304565429,0.1021232604980468,28,28.0,YOLO,1,32,0.0,25.52569097069436,0.0,[],0.1017110347747802,0.0504901409149169,0.0504822731018066,0.0004012584686279,0.0007445812225341
20250724_010508_447,3,28,28,-5.8,25.678239391355334,-76.64023818969727,-76.64023818969727,0.1029376983642578,0.1585049629211425,28,28.0,YOLO,1,32,0.0,25.678239391355334,0.0,[],0.1025760173797607,0.0504596233367919,0.0504865646362304,0.056821584701538,0.0007309913635253
20250724_010508_710,3,28,28,-5.8,25.6245041680242,-76.71892127990722,-76.71892127990722,0.10310959815979,0.1020610332489013,28,28.0,YOLO,1,32,0.0,25.6245041680242,0.0,[],0.1027905941009521,0.0504918098449707,0.0504872798919677,0.0003955364227294,0.0006804466247558
20250724_010508_917,3,NO_RADIO,28,-5.8,25.41336051454012,-76.77347221374512,-76.77347221374512,0.1018204689025878,0.1584577560424804,28,,CenterFallback,1,32,0.0,,,[],0.1015021800994873,0.0504517555236816,0.0504629611968994,0.0567388534545898,0.0007507801055908
20250724_010509_179,3,28,28,-5.8,25.29867732850785,-76.87288436889648,-76.87288436889648,0.1044545173645019,0.1020739078521728,28,28.0,YOLO,1,32,0.0,25.29867732850785,0.0,[],0.1041054725646972,0.0505149364471435,0.0504546165466308,0.0004022121429443,0.000697374343872
20250724_010509_387,3,27,27,-7.3,26.44539724275394,-75.83543395996094,-75.83543395996094,0.1025097370147705,0.1583335399627685,27,27.0,YOLO,1,32,0.0,26.44539724275394,0.0,[],0.1021869182586669,0.0504820346832275,0.050447940826416,0.0567078590393066,0.0006899833679199
20250724_010509_649,3,28,28,-5.8,26.55141298282159,-75.67525024414063,-75.67525024414063,0.1047749519348144,0.1020834445953369,28,28.0,YOLO,1,32,0.0,26.55141298282159,0.0,[],0.104471206665039,0.0505139827728271,0.0504555702209472,0.0004076957702636,0.0006999969482421
20250724_010509_858,3,28,28,-5.8,25.327126749255896,-77.06126251220704,-77.06126251220704,0.1018586158752441,0.1583757400512695,28,28.0,YOLO,1,32,0.0,25.327126749255896,0.0,[],0.101527452468872,0.0504555702209472,0.0504796504974365,0.0567231178283691,0.0007112026214599
20250724_010510_119,4,28,28,-5.8,25.28610060028906,-76.9600456237793,-76.9600456237793,0.1040899753570556,0.1020176410675048,28,28.0,YOLO,1,32,0.0,25.28610060028906,0.0,[],0.1037547588348388,0.0504591464996337,0.050469160079956,0.0003993511199951,0.0006847381591796
20250724_010510_327,4,28,28,-5.8,23.30515132023588,-78.88514862060546,-78.88514862060546,0.1015017032623291,0.1583847999572754,28,28.0,YOLO,1,32,0.0,23.30515132023588,0.0,[],0.1011924743652343,0.050469160079956,0.0504913330078125,0.0567264556884765,0.0006914138793945
20250724_010510_589,4,28,28,-5.8,23.349005021077858,-78.908931350708,-78.908931350708,0.1032626628875732,0.102102518081665,28,28.0,YOLO,1,32,0.0,23.349005021077858,0.0,[],0.1029310226440429,0.0504622459411621,0.0504848957061767,0.0004036426544189,0.0007462501525878
20250724_010510_795,4,28,28,-5.8,23.30422137245094,-78.90133743286133,-78.90133743286133,0.1020333766937255,0.1583585739135742,28,28.0,YOLO,1,32,0.0,23.30422137245094,0.0,[],0.1017253398895263,0.0504579544067382,0.0505039691925048,0.056685447692871,0.0007040500640869
20250724_010511_057,4,28,28,-5.8,23.48118546395979,-78.86502647399902,-78.86502647399902,0.101682424545288,0.1020801067352294,28,28.0,YOLO,1,32,0.0,23.48118546395979,0.0,[],0.1013374328613281,0.0504601001739501,0.0504796504974365,0.0004122257232666,0.0007224082946777
20250724_010511_263,4,28,28,-5.8,23.01888424362447,-79.20472526550293,-79.20472526550293,0.106842041015625,0.1583583354949951,28,28.0,YOLO,1,32,0.0,23.01888424362447,0.0,[],0.1064989566802978,0.0504789352416992,0.0504603385925293,0.0567247867584228,0.0006887912750244
20250724_010511_530,4,28,28,-5.8,23.05312565912199,-79.20552978515624,-79.20552978515624,0.1032495498657226,0.1020553112030029,28,28.0,YOLO,1,32,0.0,23.05312565912199,0.0,[],0.1029002666473388,0.0504698753356933,0.0504822731018066,0.0003995895385742,0.0006985664367675
20250724_010511_736,4,28,28,-5.8,23.336226757850014,-78.9026382446289,-78.9026382446289,0.0993649959564209,0.1584804058074951,28,28.0,YOLO,1,32,0.0,23.336226757850014,0.0,[],0.0990216732025146,0.050478458404541,0.0504915714263916,0.0567603111267089,0.0007433891296386
20250724_010511_996,4,28,28,-5.8,23.577470563362183,-78.72968330383301,-78.72968330383301,0.0974898338317871,0.1020965576171875,28,28.0,YOLO,1,32,0.0,23.577470563362183,0.0,[],0.0971376895904541,0.0504705905914306,0.0504806041717529,0.0004107952117919,0.000727891921997
20250724_010512_197,4,28,28,-5.8,24.18844436859756,-78.09182739257812,-78.09182739257812,0.0998406410217285,0.1584115028381347,28,28.0,YOLO,1,32,0.0,24.18844436859756,0.0,[],0.0995213985443115,0.0504460334777832,0.0504570007324218,0.0568029880523681,0.0006980895996093
20250724_010512_457,4,28,28,-5.8,24.13063766153455,-78.16930389404297,-78.16930389404297,0.0982296466827392,0.1020305156707763,28,28.0,YOLO,1,32,0.0,24.13063766153455,0.0,[],0.0979132652282714,0.0504753589630126,0.0504705905914306,0.000401496887207,0.0006773471832275
20250724_010512_659,4,28,28,-5.8,23.85060497044252,-78.318115234375,-78.318115234375,0.0997247695922851,0.1583778858184814,28,28.0,YOLO,1,32,0.0,23.85060497044252,0.0,[],0.0994107723236084,0.0504515171051025,0.0504617691040039,0.0567412376403808,0.0007181167602539
20250724_010512_918,4,28,28,-5.8,23.85083562429199,-78.37018661499023,-78.37018661499023,0.0983674526214599,0.1020491123199462,28,28.0,YOLO,1,32,0.0,23.85083562429199,0.0,[],0.0980637073516845,0.0504562854766845,0.0504868030548095,0.0004177093505859,0.0006837844848632
20250724_010513_120,4,27,27,-7.3,25.8499339177464,-76.46773147583008,-76.46773147583008,0.0994479656219482,0.1583786010742187,27,27.0,YOLO,1,32,0.0,25.8499339177464,0.0,[],0.09914231300354,0.0504324436187744,0.0505023002624511,0.0567619800567626,0.000676155090332
20250724_010513_380,4,27,27,-7.3,25.79763355311557,-76.52664947509766,-76.52664947509766,0.0912864208221435,0.1021068096160888,27,27.0,YOLO,1,32,0.0,25.79763355311557,0.0,[],0.090951919555664,0.0504508018493652,0.0504510402679443,0.0004408359527587,0.0007588863372802
20250724_010513_575,4,27,27,-7.3,25.501227229242645,-76.66554489135743,-76.66554489135743,0.0968523025512695,0.1584625244140625,27,27.0,YOLO,1,32,0.0,25.501227229242645,0.0,[],0.0965468883514404,0.0504508018493652,0.0504696369171142,0.0567989349365234,0.0007369518280029
20250724_010513_832,4,27,27,-7.3,25.681565795788856,-76.65235404968261,-76.65235404968261,0.1049420833587646,0.1020119190216064,27,27.0,YOLO,1,32,0.0,25.681565795788856,0.0,[],0.1045958995819091,0.0505027770996093,0.0504498481750488,0.0003886222839355,0.0006659030914306
20250724_010514_040,5,27,27,-7.3,25.620716870489872,-76.65101318359375,-76.65101318359375,0.1045236587524414,0.1584675312042236,27,27.0,YOLO,1,32,0.0,25.620716870489872,0.0,[],0.1041758060455322,0.0504558086395263,0.0504810810089111,0.056788682937622,0.0007359981536865
20250724_010514_305,5,27,27,-7.3,24.5379613185828,-77.75717277526856,-77.75717277526856,0.1019730567932128,0.1020641326904296,27,27.0,YOLO,1,32,0.0,24.5379613185828,0.0,[],0.1016559600830078,0.0504589080810546,0.0504653453826904,0.0004160404205322,0.000718355178833
20250724_010514_510,5,27,27,-7.3,24.26977294407729,-77.95473747253418,-77.95473747253418,0.1033170223236084,0.1584687232971191,27,27.0,YOLO,1,32,0.0,24.26977294407729,0.0,[],0.1029958724975586,0.0504486560821533,0.050530195236206,0.0567681789398193,0.0007152557373046
20250724_010514_774,5,27,27,-7.3,24.12720177229599,-78.1278175354004,-78.1278175354004,0.1030554771423339,0.1019880771636962,27,27.0,YOLO,1,32,0.0,24.12720177229599,0.0,[],0.1027183532714843,0.0504581928253173,0.0504627227783203,0.000378131866455,0.0006835460662841
20250724_010514_980,5,27,27,-7.3,24.407711307958152,-77.80682830810547,-77.80682830810547,0.1019167900085449,0.1583795547485351,27,27.0,YOLO,1,32,0.0,24.407711307958152,0.0,[],0.1015806198120117,0.0504453182220459,0.0504741668701171,0.056734561920166,0.0007190704345703
20250724_010515_242,5,27,27,-7.3,24.525990188184025,-77.79489059448242,-77.79489059448242,0.0998990535736084,0.1021034717559814,27,27.0,YOLO,1,32,0.0,24.525990188184025,0.0,[],0.0995805263519287,0.0505363941192626,0.0504884719848632,0.000399112701416,0.0006747245788574
20250724_010515_446,5,27,27,-7.3,24.25506734347444,-78.064937210083,-78.064937210083,0.0982439517974853,0.1583890914916992,27,27.0,YOLO,1,32,0.0,24.25506734347444,0.0,[],0.097916841506958,0.0504419803619384,0.050473928451538,0.0567424297332763,0.0007240772247314
20250724_010515_704,5,27,27,-7.3,24.82221554012243,-77.54961967468262,-77.54961967468262,0.1019344329833984,0.102130651473999,27,27.0,YOLO,1,32,0.0,24.82221554012243,0.0,[],0.1016218662261962,0.0504674911499023,0.050487995147705,0.0004091262817382,0.0007591247558593
20250724_010515_910,5,27,27,-7.3,25.115910850970707,-77.0791088104248,-77.0791088104248,0.0991933345794677,0.1590874195098877,27,27.0,YOLO,1,32,0.0,25.115910850970707,0.0,[],0.0988662242889404,0.0504968166351318,0.0510973930358886,0.0567753314971923,0.0007121562957763
20250724_010516_170,5,27,27,-7.3,25.152649208254672,-77.17204971313477,-77.17204971313477,0.1033222675323486,0.1020698547363281,27,27.0,YOLO,1,32,0.0,25.152649208254672,0.0,[],0.1029944419860839,0.0504622459411621,0.0504825115203857,0.0004026889801025,0.0007174015045166
20250724_010516_377,5,27,27,-7.3,25.08822207349077,-77.12906188964844,-77.12906188964844,0.1022024154663086,0.1583795547485351,27,27.0,YOLO,1,32,0.0,25.08822207349077,0.0,[],0.1018574237823486,0.0504298210144043,0.0504817962646484,0.0567288398742675,0.000732421875
20250724_010516_639,5,27,27,-7.3,24.952296692375494,-77.23237190246581,-77.23237190246581,0.1023027896881103,0.101959228515625,27,27.0,YOLO,1,32,0.0,24.952296692375494,0.0,[],0.1019811630249023,0.0504758358001709,0.0504140853881835,0.0003998279571533,0.0006637573242187
20250724_010516_845,5,27,27,-7.3,24.308649298232936,-77.93142967224121,-77.93142967224121,0.1018719673156738,0.1583456993103027,27,27.0,YOLO,1,32,0.0,24.308649298232936,0.0,[],0.1015155315399169,0.0504724979400634,0.0504047870635986,0.0567631721496582,0.0006985664367675
20250724_010517_106,5,27,27,-7.3,24.292022328106512,-78.03898620605469,-78.03898620605469,0.1049187183380127,0.1020481586456298,27,27.0,YOLO,1,32,0.0,24.292022328106512,0.0,[],0.1046180725097656,0.0504822731018066,0.0504679679870605,0.0004091262817382,0.000683307647705
20250724_010517_315,5,NO_RADIO,27,-7.3,24.168160883061773,-78.06249465942383,-78.06249465942383,0.0998342037200927,0.1584906578063964,27,,CenterFallback,1,32,0.0,,,[],0.0995168685913086,0.0504484176635742,0.0504765510559082,0.0567202568054199,0.0007908344268798
20250724_010517_575,5,NO_RADIO,27,-7.3,23.963218547580567,-78.35871887207031,-78.35871887207031,0.1029999256134033,0.1022677421569824,27,,CenterFallback,1,32,0.0,,,[],0.1026201248168945,0.0505855083465576,0.0504388809204101,0.0004103183746337,0.0007910728454589
20250724_010517_782,5,NO_RADIO,27,-7.3,24.23062705264583,-77.95473747253418,-77.95473747253418,0.101947546005249,0.1586434841156005,27,,CenterFallback,1,32,0.0,,,[],0.1016023159027099,0.0505063533782959,0.0505335330963134,0.056772232055664,0.000765323638916
20250724_010518_044,5,NO_RADIO,27,-7.3,24.10808827165475,-78.08393058776855,-78.08393058776855,0.1013433933258056,0.1021981239318847,27,,CenterFallback,1,32,0.0,,,[],0.101008653640747,0.0505268573760986,0.0504863262176513,0.0004041194915771,0.000739574432373
20250724_010518_249,6,NO_RADIO,27,-7.3,21.613786734108587,-80.58915634155274,-80.58915634155274,0.1006019115447998,0.1585705280303955,27,,CenterFallback,1,32,0.0,,,[],0.100259780883789,0.0505492687225341,0.0505046844482421,0.0567243099212646,0.0007257461547851
20250724_010518_510,6,26,26,-8.7,21.788716549703096,-80.39894104003906,-80.39894104003906,0.1080384254455566,0.1021080017089843,26,26.0,YOLO,1,32,0.0,21.788716549703096,0.0,[],0.1077103614807128,0.0505154132843017,0.0504763126373291,0.0004127025604248,0.0006985664367675
20250724_010518_722,6,27,27,-7.3,21.83270566811764,-80.3157283782959,-80.3157283782959,0.1004135608673095,0.1586811542510986,27,27.0,YOLO,1,32,0.0,21.83270566811764,0.0,[],0.1000745296478271,0.050593614578247,0.0505132675170898,0.0567727088928222,0.0007953643798828
20250724_010518_982,6,27,27,-7.3,21.95633778092449,-80.13951873779297,-80.13951873779297,0.1039850711822509,0.1021924018859863,27,27.0,YOLO,1,32,0.0,21.95633778092449,0.0,[],0.1036500930786132,0.0505392551422119,0.0505280494689941,0.00038743019104,0.0007312297821044
20250724_010519_190,6,27,27,-7.3,22.896021748110243,-79.38444213867187,-79.38444213867187,0.1035900115966796,0.158402681350708,27,27.0,YOLO,1,32,0.0,22.896021748110243,0.0,[],0.1032958030700683,0.0504326820373535,0.0504698753356933,0.056748628616333,0.0007448196411132
20250724_010519_454,6,27,27,-7.3,22.750128175599254,-79.39169769287109,-79.39169769287109,0.1005573272705078,0.1020848751068115,27,27.0,YOLO,1,32,0.0,22.750128175599254,0.0,[],0.1002790927886962,0.0504655838012695,0.0505151748657226,0.0003912448883056,0.000706672668457
20250724_010519_658,6,27,27,-7.3,22.52318654169464,-79.7537841796875,-79.7537841796875,0.0939774513244628,0.1591138839721679,27,27.0,YOLO,1,32,0.0,22.52318654169464,0.0,[],0.0936422348022461,0.0504183769226074,0.0505793094635009,0.0574116706848144,0.0006978511810302
20250724_010519_913,6,NO_RADIO,27,-7.3,22.50988922080998,-79.76790428161621,-79.76790428161621,0.1031358242034912,0.1022818088531494,27,,CenterFallback,1,32,0.0,,,[],0.1027662754058837,0.0505425930023193,0.0505585670471191,0.0004065036773681,0.0007276535034179
20250724_010520_120,6,NO_RADIO,27,-7.3,22.20006755927332,-80.0236042022705,-80.0236042022705,0.1012744903564453,0.1592979431152343,27,,CenterFallback,1,32,0.0,,,[],0.1009247303009033,0.0512812137603759,0.0505046844482421,0.0567522048950195,0.0007004737854003
20250724_010520_382,6,26,26,-8.7,21.996819748551047,-80.01107444763184,-80.01107444763184,0.1031997203826904,0.1021087169647216,26,26.0,YOLO,1,32,0.0,21.996819748551047,0.0,[],0.1027724742889404,0.0505294799804687,0.0504877567291259,0.0004041194915771,0.0006811618804931
20250724_010520_589,6,26,26,-8.7,24.38012513171975,-77.87897109985352,-77.87897109985352,0.1025035381317138,0.1584556102752685,26,26.0,YOLO,1,32,0.0,24.38012513171975,0.0,[],0.1021468639373779,0.0504465103149414,0.0505046844482421,0.056800365447998,0.0006978511810302
20250724_010520_852,6,NO_RADIO,26,-8.7,24.648703791923424,-77.66108016967773,-77.66108016967773,0.1011888980865478,0.1021661758422851,26,,CenterFallback,1,32,0.0,,,[],0.1008265018463134,0.0504376888275146,0.0506114959716796,0.0004007816314697,0.0006718635559082
20250724_010521_056,6,26,26,-8.7,25.322091707899432,-77.00499229431152,-77.00499229431152,0.1025111675262451,0.1583995819091797,26,26.0,YOLO,1,32,0.0,25.322091707899432,0.0,[],0.1021933555603027,0.0504682064056396,0.0504682064056396,0.0567438602447509,0.0007131099700927
20250724_010521_319,6,25,25,-10.2,25.18769078244908,-76.99577293395996,-76.99577293395996,0.1026887893676757,0.102135419845581,25,25.0,YOLO,1,32,0.0,25.18769078244908,0.0,[],0.1023790836334228,0.050473928451538,0.0504968166351318,0.0003957748413085,0.0007636547088623
20250724_010521_525,6,25,25,-10.2,26.358199289863464,-75.96249275207519,-75.96249275207519,0.1031835079193115,0.1584131717681884,25,25.0,YOLO,1,32,0.0,26.358199289863464,0.0,[],0.1028699874877929,0.0504803657531738,0.0504875183105468,0.056741714477539,0.0006971359252929
20250724_010521_789,6,25,25,-10.2,26.408584661240283,-75.82992019653321,-75.82992019653321,0.1073029041290283,0.1020631790161132,25,25.0,YOLO,1,32,0.0,26.408584661240283,0.0,[],0.1069593429565429,0.0504953861236572,0.050452709197998,0.0003943443298339,0.0007152557373046
20250724_010521_999,7,26,26,-8.7,23.916339200229004,-78.28924255371093,-78.28924255371093,0.1019628047943115,0.1584177017211914,26,26.0,YOLO,1,32,0.0,23.916339200229004,0.0,[],0.1016750335693359,0.0504193305969238,0.0504872798919677,0.0568320751190185,0.0006730556488037
20250724_010522_261,7,26,26,-8.7,23.678867107209385,-78.63393630981446,-78.63393630981446,0.1021747589111328,0.1021337509155273,26,26.0,YOLO,1,32,0.0,23.678867107209385,0.0,[],0.1018228530883789,0.0505661964416503,0.0504913330078125,0.0003974437713623,0.0006732940673828
20250724_010522_467,7,26,26,-8.7,23.3782997244726,-78.79331970214844,-78.79331970214844,0.1056466102600097,0.1584231853485107,26,26.0,YOLO,1,32,0.0,23.3782997244726,0.0,[],0.1053040027618408,0.0504679679870605,0.0504918098449707,0.0567412376403808,0.000716209411621
20250724_010522_733,7,26,26,-8.7,23.50583079027137,-78.67897338867188,-78.67897338867188,0.1036274433135986,0.1020512580871582,26,26.0,YOLO,1,32,0.0,23.50583079027137,0.0,[],0.1032869815826416,0.05047607421875,0.050471544265747,0.0004205703735351,0.0006778240203857
20250724_010522_940,7,26,26,-8.7,23.10892366885361,-79.13073081970215,-79.13073081970215,0.1013600826263427,0.1583719253540039,26,26.0,YOLO,1,32,0.0,23.10892366885361,0.0,[],0.1010129451751709,0.0504980087280273,0.0504369735717773,0.0567283630371093,0.0007023811340332
20250724_010523_202,7,25,25,-10.2,23.056939224993783,-79.1439640045166,-79.1439640045166,0.1019954681396484,0.1020793914794921,25,25.0,YOLO,1,32,0.0,23.056939224993783,0.0,[],0.1016809940338134,0.0504720211029052,0.0504796504974365,0.0004031658172607,0.0007190704345703
20250724_010523_407,7,25,25,-10.2,24.93963332593013,-77.17091293334961,-77.17091293334961,0.0854880809783935,0.158299446105957,25,25.0,YOLO,1,32,0.0,24.93963332593013,0.0,[],0.0851860046386718,0.0504686832427978,0.0504395961761474,0.0566802024841308,0.0007047653198242
20250724_010523_653,7,26,26,-8.7,25.23861500589041,-77.06134033203125,-77.06134033203125,0.1006174087524414,0.1020500659942627,26,26.0,YOLO,1,32,0.0,25.23861500589041,0.0,[],0.1002793312072753,0.0504581928253173,0.050469160079956,0.0003881454467773,0.0007281303405761
20250724_010523_857,7,26,26,-8.7,23.77471694754325,-78.50914840698242,-78.50914840698242,0.1018755435943603,0.15838623046875,26,26.0,YOLO,1,32,0.0,23.77471694754325,0.0,[],0.1015481948852539,0.0504841804504394,0.050452709197998,0.0567219257354736,0.000720739364624
20250724_010524_119,7,26,26,-8.7,23.914982825524632,-78.27949943542481,-78.27949943542481,0.1026959419250488,0.1020624637603759,26,26.0,YOLO,1,32,0.0,23.914982825524632,0.0,[],0.1023874282836914,0.0504932403564453,0.0504682064056396,0.0003879070281982,0.0007069110870361
20250724_010524_325,7,NO_RADIO,26,-8.7,23.811227176958184,-78.42720603942871,-78.42720603942871,0.0992624759674072,0.1584546566009521,26,,CenterFallback,1,32,0.0,,,[],0.098926305770874,0.0504851341247558,0.0504934787750244,0.0567297935485839,0.0006947517395019
20250724_010524_584,7,NO_RADIO,26,-8.7,23.98537981656898,-78.26933288574219,-78.26933288574219,0.1021258831024169,0.1020667552947998,26,,CenterFallback,1,32,0.0,,,[],0.1017951965332031,0.0504884719848632,0.0504617691040039,0.0003960132598876,0.000683307647705
20250724_010524_790,7,NO_RADIO,26,-8.7,23.479082055147916,-78.75167045593261,-78.75167045593261,0.1021575927734375,0.1584727764129638,26,,CenterFallback,1,32,0.0,,,[],0.1018221378326416,0.0504326820373535,0.0504796504974365,0.0567562580108642,0.0007507801055908
20250724_010525_052,7,25,25,-10.2,23.654642195284524,-78.64925270080566,-78.64925270080566,0.1043245792388916,0.1020729541778564,25,25.0,YOLO,1,32,0.0,23.654642195284524,0.0,[],0.1039848327636718,0.0505340099334716,0.050459861755371,0.0003988742828369,0.0006749629974365
20250724_010525_260,7,25,25,-10.2,25.727023039845363,-76.60416221618652,-76.60416221618652,0.1019325256347656,0.158372163772583,25,25.0,YOLO,1,32,0.0,25.727023039845363,0.0,[],0.1015932559967041,0.0504465103149414,0.0504510402679443,0.0567562580108642,0.0007116794586181
20250724_010525_522,7,25,25,-10.2,25.60599033134895,-76.48612213134766,-76.48612213134766,0.0893695354461669,0.1020784378051757,25,25.0,YOLO,1,32,0.0,25.60599033134895,0.0,[],0.0890350341796875,0.050464391708374,0.0504732131958007,0.0003969669342041,0.0007381439208984
20250724_010525_715,7,25,25,-10.2,25.583106182284,-76.67918090820312,-76.67918090820312,0.1027595996856689,0.1583917140960693,25,25.0,YOLO,1,32,0.0,25.583106182284,0.0,[],0.1024470329284668,0.0504732131958007,0.0504817962646484,0.056732177734375,0.0006976127624511
20250724_010525_978,7,25,25,-10.2,25.51987419862347,-76.64819297790527,-76.64819297790527,0.1020891666412353,0.1019966602325439,25,25.0,YOLO,1,32,0.0,25.51987419862347,0.0,[],0.1017637252807617,0.0504732131958007,0.0504469871520996,0.0003988742828369,0.0006725788116455
20250724_010526_183,8,25,25,-10.2,24.137149407849947,-78.18762092590332,-78.18762092590332,0.1040639877319336,0.1583766937255859,25,25.0,YOLO,1,32,0.0,24.137149407849947,0.0,[],0.1037466526031494,0.050455093383789,0.0504705905914306,0.0567491054534912,0.0006952285766601
20250724_010526_448,8,25,25,-10.2,24.07283486426925,-78.12599182128906,-78.12599182128906,0.1041007041931152,0.1020407676696777,25,25.0,YOLO,1,32,0.0,24.07283486426925,0.0,[],0.1037483215332031,0.0504651069641113,0.0504546165466308,0.0004031658172607,0.0007135868072509
20250724_010526_655,8,25,25,-10.2,23.936170274799096,-78.30100517272949,-78.30100517272949,0.104227066040039,0.1583824157714843,25,25.0,YOLO,1,32,0.0,23.936170274799096,0.0,[],0.103872537612915,0.0504677295684814,0.0504736900329589,0.0567474365234375,0.0006873607635498
20250724_010526_919,8,25,25,-10.2,24.119129269320556,-78.15756645202637,-78.15756645202637,0.1049835681915283,0.1020760536193847,25,25.0,YOLO,1,32,0.0,24.119129269320556,0.0,[],0.1046292781829834,0.0504841804504394,0.0505049228668212,0.0003995895385742,0.0006818771362304
20250724_010527_128,8,25,25,-10.2,24.060925325657365,-78.1871509552002,-78.1871509552002,0.1018824577331543,0.1584417819976806,25,25.0,YOLO,1,32,0.0,24.060925325657365,0.0,[],0.1015775203704834,0.0504648685455322,0.0505008697509765,0.0567841529846191,0.0006859302520751
20250724_010527_390,8,25,25,-10.2,24.03288598492135,-78.09955177307128,-78.09955177307128,0.1032094955444336,0.1020128726959228,25,25.0,YOLO,1,32,0.0,24.03288598492135,0.0,[],0.1028783321380615,0.0504746437072753,0.0504524707794189,0.0003840923309326,0.0006966590881347
20250724_010527_597,8,25,25,-10.2,24.696909208281298,-77.44400558471679,-77.44400558471679,0.1037232875823974,0.1584935188293457,25,25.0,YOLO,1,32,0.0,24.696909208281298,0.0,[],0.1034190654754638,0.0505096912384033,0.050487995147705,0.0567712783813476,0.0007169246673583
20250724_010527_861,8,25,25,-10.2,24.709587449955293,-77.39646759033204,-77.39646759033204,0.1075775623321533,0.1021211147308349,25,25.0,YOLO,1,32,0.0,24.709587449955293,0.0,[],0.1072001457214355,0.0505034923553466,0.0504884719848632,0.0003931522369384,0.0007314682006835
20250724_010528_072,8,25,25,-10.2,24.327763787818853,-77.91625213623047,-77.91625213623047,0.1037075519561767,0.1583244800567627,25,25.0,YOLO,1,32,0.0,24.327763787818853,0.0,[],0.1033565998077392,0.0504674911499023,0.0504219532012939,0.0567269325256347,0.0007014274597167
20250724_010528_335,8,25,25,-10.2,24.400001665596704,-77.94131393432617,-77.94131393432617,0.101935863494873,0.1020178794860839,25,25.0,YOLO,1,32,0.0,24.400001665596704,0.0,[],0.1016170978546142,0.0504779815673828,0.0504648685455322,0.0003840923309326,0.0006852149963378
20250724_010528_541,8,25,25,-10.2,24.05007385316847,-78.2028419494629,-78.2028419494629,0.1014139652252197,0.1584007740020752,25,25.0,YOLO,1,32,0.0,24.05007385316847,0.0,[],0.1010594367980957,0.0504512786865234,0.0504865646362304,0.0567483901977539,0.000709056854248
20250724_010528_802,8,25,25,-10.2,23.92696204383508,-78.23830490112304,-78.23830490112304,0.1038661003112793,0.1021711826324462,25,25.0,YOLO,1,32,0.0,23.92696204383508,0.0,[],0.1035158634185791,0.0504999160766601,0.0505039691925048,0.0003976821899414,0.0007648468017578
20250724_010529_010,8,25,25,-10.2,24.385901636811795,-78.03950500488281,-78.03950500488281,0.1025271415710449,0.1583702564239502,25,25.0,YOLO,1,32,0.0,24.385901636811795,0.0,[],0.1022374629974365,0.0504724979400634,0.0504529476165771,0.0567455291748046,0.0006916522979736
20250724_010529_273,8,NO_RADIO,25,-10.2,24.42123437147116,-77.91684646606446,-77.91684646606446,0.1039779186248779,0.1020994186401367,25,,CenterFallback,1,32,0.0,,,[],0.1036362648010253,0.0504875183105468,0.0504820346832275,0.0003943443298339,0.0006983280181884
20250724_010529_480,8,24,24,-11.6,25.359597494891133,-76.81568489074706,-76.81568489074706,0.1034948825836181,0.1583425998687744,24,24.0,YOLO,1,32,0.0,25.359597494891133,0.0,[],0.1031601428985595,0.0504519939422607,0.0504388809204101,0.0567619800567626,0.0006830692291259
20250724_010529_744,8,NO_RADIO,24,-11.6,25.421445765540355,-76.80141792297363,-76.80141792297363,0.1023104190826416,0.1020827293395996,24,,CenterFallback,1,32,0.0,,,[],0.1019721031188964,0.0504813194274902,0.0504846572875976,0.0004081726074218,0.0006701946258544
20250724_010529_950,8,NO_RADIO,24,-11.6,25.72676083612193,-76.57347297668457,-76.57347297668457,0.101975679397583,0.1584694385528564,24,,CenterFallback,1,32,0.0,,,[],0.1015849113464355,0.0504841804504394,0.0504827499389648,0.0567362308502197,0.0007123947143554
20250724_010530_212,9,NO_RADIO,24,-11.6,25.82810734568649,-76.44641876220703,-76.44641876220703,0.102515697479248,0.102236270904541,24,,CenterFallback,1,32,0.0,,,[],0.1021976470947265,0.0506043434143066,0.0504720211029052,0.0003995895385742,0.0007197856903076
20250724_010530_418,9,24,24,-11.6,24.230129823812447,-78.03143997192383,-78.03143997192383,0.1025419235229492,0.1584057807922363,24,24.0,YOLO,1,32,0.0,24.230129823812447,0.0,[],0.1021959781646728,0.0504930019378662,0.0504634380340576,0.0567498207092285,0.0006930828094482
20250724_010530_680,9,24,24,-11.6,24.092113003702565,-78.13688850402832,-78.13688850402832,0.1022825241088867,0.1021473407745361,24,24.0,YOLO,1,32,0.0,24.092113003702565,0.0,[],0.1019580364227294,0.050469160079956,0.0504562854766845,0.000399112701416,0.0008165836334228
20250724_010530_887,9,25,25,-10.2,22.755600278578427,-79.39541473388672,-79.39541473388672,0.1235859394073486,0.1584360599517822,25,25.0,YOLO,1,32,0.0,22.755600278578427,0.0,[],0.1232726573944091,0.0504648685455322,0.0504505634307861,0.0567989349365234,0.0007154941558837
20250724_010531_170,9,24,24,-11.6,22.96579853489277,-79.13598403930663,-79.13598403930663,0.1017723083496093,0.1020336151123046,24,24.0,YOLO,1,32,0.0,22.96579853489277,0.0,[],0.1014430522918701,0.0504779815673828,0.0504651069641113,0.0003857612609863,0.0006990432739257
20250724_010531_376,9,NO_RADIO,24,-11.6,24.61978107682457,-77.56957206726074,-77.56957206726074,0.1016557216644287,0.1584155559539795,24,,CenterFallback,1,32,0.0,,,[],0.10133957862854,0.0504176616668701,0.050447940826416,0.0568082332611084,0.000690221786499
20250724_010531_637,9,NO_RADIO,24,-11.6,24.63267002417753,-77.53972625732422,-77.53972625732422,0.0983405113220214,0.1020383834838867,24,,CenterFallback,1,32,0.0,,,[],0.0979921817779541,0.0504531860351562,0.0504474639892578,0.0004055500030517,0.0006883144378662
20250724_010531_839,9,NO_RADIO,24,-11.6,24.87788275911656,-77.372900390625,-77.372900390625,0.1021111011505127,0.15846848487854,24,,CenterFallback,1,32,0.0,,,[],0.1017355918884277,0.0504810810089111,0.0504152774810791,0.056751012802124,0.0007693767547607
20250724_010532_101,9,24,24,-11.6,24.987125033002823,-77.30979537963867,-77.30979537963867,0.1026580333709716,0.1020300388336181,24,24.0,YOLO,1,32,0.0,24.987125033002823,0.0,[],0.102334976196289,0.0504214763641357,0.0504531860351562,0.0004034042358398,0.0007469654083251
20250724_010532_308,9,NO_RADIO,24,-11.6,24.53000891280485,-77.6751319885254,-77.6751319885254,0.0966329574584961,0.1584556102752685,24,,CenterFallback,1,32,0.0,,,[],0.0963094234466552,0.0505053997039794,0.050462007522583,0.0567443370819091,0.0006911754608154
20250724_010532_564,9,24,24,-11.6,24.55252544977625,-77.6048957824707,-77.6048957824707,0.1054434776306152,0.1020283699035644,24,24.0,YOLO,1,32,0.0,24.55252544977625,0.0,[],0.1050949096679687,0.0504539012908935,0.0504777431488037,0.0003890991210937,0.0007035732269287
20250724_010532_773,9,24,24,-11.6,24.61594640083402,-77.57474822998047,-77.57474822998047,0.1043200492858886,0.1583974361419677,24,24.0,YOLO,1,32,0.0,24.61594640083402,0.0,[],0.1039860248565673,0.0505144596099853,0.0504755973815918,0.0567197799682617,0.000680923461914
20250724_010533_038,9,24,24,-11.6,24.73161898041478,-77.51511611938477,-77.51511611938477,0.1013357639312744,0.1019465923309326,24,24.0,YOLO,1,32,0.0,24.73161898041478,0.0,[],0.1010096073150634,0.0504348278045654,0.0504302978515625,0.000394582748413,0.0006816387176513
20250724_010533_242,9,24,24,-11.6,24.76161551518446,-77.59145050048828,-77.59145050048828,0.1041779518127441,0.1584217548370361,24,24.0,YOLO,1,32,0.0,24.76161551518446,0.0,[],0.1038048267364502,0.0504682064056396,0.0504870414733886,0.0567350387573242,0.0007250308990478
20250724_010533_507,9,23,23,-13.1,24.691796162276503,-77.58110580444335,-77.58110580444335,0.1067583560943603,0.1020724773406982,23,23.0,YOLO,1,32,0.0,24.691796162276503,0.0,[],0.1063957214355468,0.0504789352416992,0.0504665374755859,0.0003983974456787,0.0007228851318359
20250724_010533_717,9,24,24,-11.6,24.675884012940188,-77.59849815368652,-77.59849815368652,0.1027178764343261,0.1585152149200439,24,24.0,YOLO,1,32,0.0,24.675884012940188,0.0,[],0.1024107933044433,0.0504975318908691,0.0505306720733642,0.0567727088928222,0.0007071495056152
20250724_010533_980,9,NO_RADIO,24,-11.6,24.54153737661824,-77.5615219116211,-77.5615219116211,0.1037526130676269,0.1021127700805664,24,,CenterFallback,1,32,0.0,,,[],0.1034181118011474,0.0504741668701171,0.0505154132843017,0.0004065036773681,0.0006797313690185
20250724_010534_187,10,24,24,-11.6,21.76434114705623,-80.38968086242676,-80.38968086242676,0.103675365447998,0.1584587097167968,24,24.0,YOLO,1,32,0.0,21.76434114705623,0.0,[],0.1033504009246826,0.0504682064056396,0.0504872798919677,0.0567750930786132,0.0007219314575195
20250724_010534_451,10,24,24,-11.6,21.92264049592218,-80.44005088806152,-80.44005088806152,0.1024637222290039,0.102079153060913,24,24.0,YOLO,1,32,0.0,21.92264049592218,0.0,[],0.1021702289581298,0.0504500865936279,0.050513744354248,0.0003943443298339,0.0007157325744628
20250724_010534_657,10,24,24,-11.6,21.616436687985622,-80.57279777526855,-80.57279777526855,0.1025512218475341,0.1584031581878662,24,24.0,YOLO,1,32,0.0,21.616436687985622,0.0,[],0.1022248268127441,0.0504488945007324,0.0504755973815918,0.0567431449890136,0.0007293224334716
20250724_010534_920,10,24,24,-11.6,21.601202145474787,-80.61970710754395,-80.61970710754395,0.1035578250885009,0.102109670639038,24,24.0,YOLO,1,32,0.0,21.601202145474787,0.0,[],0.1031844615936279,0.050466775894165,0.0504517555236816,0.0003941059112548,0.0007917881011962
20250724_010535_127,10,24,24,-11.6,21.67679063113732,-80.50334320068359,-80.50334320068359,0.1022114753723144,0.1585156917572021,24,24.0,YOLO,1,32,0.0,21.67679063113732,0.0,[],0.1018900871276855,0.0504500865936279,0.0504488945007324,0.0567767620086669,0.0008330345153808
20250724_010535_389,10,24,24,-11.6,21.79673496293184,-80.36003875732422,-80.36003875732422,0.0948612689971923,0.1020174026489257,24,24.0,YOLO,1,32,0.0,21.79673496293184,0.0,[],0.0945379734039306,0.0504801273345947,0.0504629611968994,0.0004017353057861,0.0006675720214843
20250724_010535_588,10,24,24,-11.6,22.49182346603355,-79.72309875488281,-79.72309875488281,0.101743459701538,0.1588289737701416,24,24.0,YOLO,1,32,0.0,22.49182346603355,0.0,[],0.1013977527618408,0.0505135059356689,0.0504610538482666,0.0567631721496582,0.0010838508605957
20250724_010535_850,10,24,24,-11.6,22.633718462310423,-79.56367111206055,-79.56367111206055,0.1027827262878418,0.1020658016204834,24,24.0,YOLO,1,32,0.0,22.633718462310423,0.0,[],0.1024253368377685,0.0505125522613525,0.0504777431488037,0.0003998279571533,0.0006709098815917
20250724_010536_056,10,24,24,-11.6,22.82941494277188,-79.3530445098877,-79.3530445098877,0.1029872894287109,0.1584165096282959,24,24.0,YOLO,1,32,0.0,22.82941494277188,0.0,[],0.102670669555664,0.0504794120788574,0.0504295825958251,0.0567824840545654,0.0007193088531494
20250724_010536_319,10,24,24,-11.6,22.90411603096524,-79.23497276306152,-79.23497276306152,0.1020355224609375,0.1020832061767578,24,24.0,YOLO,1,32,0.0,22.90411603096524,0.0,[],0.1017122268676757,0.050478458404541,0.0504729747772216,0.0004045963287353,0.000720739364624
20250724_010536_525,10,24,24,-11.6,22.821891697474143,-79.26522483825684,-79.26522483825684,0.1028234958648681,0.1583507061004638,24,24.0,YOLO,1,32,0.0,22.821891697474143,0.0,[],0.102494478225708,0.0504662990570068,0.0504484176635742,0.0566873550415039,0.0007421970367431
20250724_010536_788,10,24,24,-11.6,22.89176464127175,-79.40912475585938,-79.40912475585938,0.1041064262390136,0.1020336151123046,24,24.0,YOLO,1,32,0.0,22.89176464127175,0.0,[],0.1037821769714355,0.0504655838012695,0.0504484176635742,0.000399112701416,0.0007154941558837
20250724_010536_995,10,24,24,-11.6,21.94680597964853,-80.21451568603516,-80.21451568603516,0.1026301383972168,0.1584429740905761,24,24.0,YOLO,1,32,0.0,21.94680597964853,0.0,[],0.1023433208465576,0.0504555702209472,0.0504601001739501,0.0567967891693115,0.0007233619689941
20250724_010537_258,10,23,23,-13.1,21.868370223062318,-80.2760555267334,-80.2760555267334,0.1011810302734375,0.1020631790161132,23,23.0,YOLO,1,32,0.0,21.868370223062318,0.0,[],0.1008636951446533,0.0504941940307617,0.0504665374755859,0.0004100799560546,0.0006873607635498
20250724_010537_463,10,23,23,-13.1,24.857592868997173,-77.32643089294433,-77.32643089294433,0.1072540283203125,0.1584012508392334,23,23.0,YOLO,1,32,0.0,24.857592868997173,0.0,[],0.1069238185882568,0.0504860877990722,0.0504772663116455,0.0567538738250732,0.0006771087646484
20250724_010537_730,10,23,23,-13.1,25.0648249181651,-77.29148864746094,-77.29148864746094,0.1023375988006591,0.1021227836608886,23,23.0,YOLO,1,32,0.0,25.0648249181651,0.0,[],0.1020216941833496,0.0504741668701171,0.0505201816558837,0.0003912448883056,0.0007305145263671
20250724_010537_936,10,23,23,-13.1,24.847437394352998,-77.25550804138183,-77.25550804138183,0.1026246547698974,0.1583950519561767,23,23.0,YOLO,1,32,0.0,24.847437394352998,0.0,[],0.102250337600708,0.050464391708374,0.0504572391510009,0.0567309856414794,0.0007352828979492
20250724_010538_199,11,23,23,-13.1,25.023851300680175,-77.32304611206055,-77.32304611206055,0.1022403240203857,0.1020655632019043,23,23.0,YOLO,1,32,0.0,25.023851300680175,0.0,[],0.1019430160522461,0.050478458404541,0.050471544265747,0.0004072189331054,0.0007028579711914
20250724_010538_405,11,23,23,-13.1,23.36177276266892,-79.03116607666016,-79.03116607666016,0.1028976440429687,0.1583895683288574,23,23.0,YOLO,1,32,0.0,23.36177276266892,0.0,[],0.1025879383087158,0.0504662990570068,0.0504872798919677,0.056732177734375,0.000697374343872
20250724_010538_667,11,23,23,-13.1,23.354692606928765,-78.96393775939941,-78.96393775939941,0.1037869453430175,0.1021730899810791,23,23.0,YOLO,1,32,0.0,23.354692606928765,0.0,[],0.1034355163574218,0.0504910945892334,0.0505409240722656,0.0004141330718994,0.000720739364624
20250724_010538_875,11,23,23,-13.1,23.55875419417322,-78.61946105957031,-78.61946105957031,0.0998544692993164,0.1584537029266357,23,23.0,YOLO,1,32,0.0,23.55875419417322,0.0,[],0.0995388031005859,0.0504651069641113,0.0504822731018066,0.0567424297332763,0.0007562637329101
20250724_010539_135,11,23,23,-13.1,23.846249856255127,-78.36259765625,-78.36259765625,0.1012723445892334,0.1020243167877197,23,23.0,YOLO,1,32,0.0,23.846249856255127,0.0,[],0.1009533405303955,0.050485610961914,0.0504255294799804,0.0004158020019531,0.0006918907165527
20250724_010539_340,11,23,23,-13.1,23.73871420496764,-78.47583198547363,-78.47583198547363,0.1041336059570312,0.1584298610687255,23,23.0,YOLO,1,32,0.0,23.73871420496764,0.0,[],0.1037931442260742,0.0504887104034423,0.0504870414733886,0.0567493438720703,0.0006978511810302
20250724_010539_604,11,23,23,-13.1,23.892434336382323,-78.32344245910645,-78.32344245910645,0.1032941341400146,0.1020498275756836,23,23.0,YOLO,1,32,0.0,23.892434336382323,0.0,[],0.1029725074768066,0.0504815578460693,0.0504577159881591,0.0004093647003173,0.0006954669952392
20250724_010539_811,11,23,23,-13.1,23.048970026405957,-79.10761260986328,-79.10761260986328,0.1021027565002441,0.1583495140075683,23,23.0,YOLO,1,32,0.0,23.048970026405957,0.0,[],0.1018078327178955,0.050462007522583,0.0504391193389892,0.0567340850830078,0.0007081031799316
20250724_010540_073,11,23,23,-13.1,23.39303841239084,-78.90240135192872,-78.90240135192872,0.1084265708923339,0.102060317993164,23,23.0,YOLO,1,32,0.0,23.39303841239084,0.0,[],0.1080853939056396,0.0504510402679443,0.0504705905914306,0.0004067420959472,0.0007274150848388
20250724_010540_285,11,23,23,-13.1,23.69073777902388,-78.47478561401367,-78.47478561401367,0.1000938415527343,0.1584596633911132,23,23.0,YOLO,1,32,0.0,23.69073777902388,0.0,[],0.0997571945190429,0.0505475997924804,0.0504775047302246,0.0567405223846435,0.0006875991821289
20250724_010540_545,11,23,23,-13.1,23.604162710578663,-78.67897338867188,-78.67897338867188,0.1026978492736816,0.1020693778991699,23,23.0,YOLO,1,32,0.0,23.604162710578663,0.0,[],0.1023595333099365,0.0504679679870605,0.0504388809204101,0.000425100326538,0.0007321834564208
20250724_010540_751,11,23,23,-13.1,24.0335479339483,-78.23857612609864,-78.23857612609864,0.1035268306732177,0.1583893299102783,23,23.0,YOLO,1,32,0.0,24.0335479339483,0.0,[],0.1032295227050781,0.0504882335662841,0.0504727363586425,0.0567409992218017,0.0006816387176513
20250724_010541_015,11,23,23,-13.1,23.95800477344781,-78.28927688598633,-78.28927688598633,0.1306827068328857,0.1019308567047119,23,23.0,YOLO,1,32,0.0,23.95800477344781,0.0,[],0.1303794384002685,0.0504090785980224,0.0504369735717773,0.0003929138183593,0.0006859302520751
20250724_010541_249,11,NO_RADIO,23,-13.1,23.527087703818864,-78.83451271057129,-78.83451271057129,0.1020922660827636,0.1584043502807617,23,,CenterFallback,1,32,0.0,,,[],0.1017379760742187,0.0504767894744873,0.050464391708374,0.0567307472229003,0.0006732940673828
20250724_010541_511,11,NO_RADIO,23,-13.1,23.454646463372317,-78.65044212341309,-78.65044212341309,0.0980346202850341,0.1020832061767578,23,,CenterFallback,1,32,0.0,,,[],0.0977222919464111,0.050433874130249,0.0505070686340332,0.0004022121429443,0.000704288482666
20250724_010541_713,11,NO_RADIO,23,-13.1,24.33650694921849,-77.91625213623047,-77.91625213623047,0.1002035140991211,0.1585681438446045,23,,CenterFallback,1,32,0.0,,,[],0.0998952388763427,0.0505340099334716,0.050513744354248,0.0567584037780761,0.0007097721099853
20250724_010541_973,11,22,22,-14.5,24.30733248182129,-77.79397392272949,-77.79397392272949,0.1035366058349609,0.1020600795745849,22,22.0,YOLO,1,32,0.0,24.30733248182129,0.0,[],0.1032450199127197,0.0504465103149414,0.0504493713378906,0.0004081726074218,0.0007493495941162
20250724_010542_181,12,22,22,-14.5,23.891315252891843,-78.27686309814453,-78.27686309814453,0.103240966796875,0.1584632396697998,22,22.0,YOLO,1,32,0.0,23.891315252891843,0.0,[],0.1028470993041992,0.0504593849182128,0.0505011081695556,0.0567829608917236,0.0007133483886718
20250724_010542_444,12,22,22,-14.5,23.904969666811557,-78.30100517272949,-78.30100517272949,0.1036984920501709,0.1020572185516357,22,22.0,YOLO,1,32,0.0,23.904969666811557,0.0,[],0.1034047603607177,0.0504848957061767,0.0504624843597412,0.0004231929779052,0.000680923461914
20250724_010542_651,12,22,22,-14.5,23.84241767274294,-78.29963569641113,-78.29963569641113,0.1029698848724365,0.1584124565124511,22,22.0,YOLO,1,32,0.0,23.84241767274294,0.0,[],0.102658987045288,0.0504469871520996,0.0504853725433349,0.0567731857299804,0.0007007122039794
20250724_010542_914,12,22,22,-14.5,23.776155747546227,-78.47872924804688,-78.47872924804688,0.1023471355438232,0.1020638942718505,22,22.0,YOLO,1,32,0.0,23.776155747546227,0.0,[],0.1020417213439941,0.0504660606384277,0.0504589080810546,0.0003931522369384,0.0007405281066894
20250724_010543_120,12,22,22,-14.5,23.976402222290005,-78.27422943115235,-78.27422943115235,0.1021556854248046,0.1584467887878418,22,22.0,YOLO,1,32,0.0,23.976402222290005,0.0,[],0.1018347740173339,0.0504369735717773,0.0504646301269531,0.0567336082458496,0.0008046627044677
20250724_010543_382,12,22,22,-14.5,24.020591709002048,-78.22434005737304,-78.22434005737304,0.1034343242645263,0.102121353149414,22,22.0,YOLO,1,32,0.0,24.020591709002048,0.0,[],0.1031222343444824,0.0504915714263916,0.0504639148712158,0.0003938674926757,0.000756025314331
20250724_010543_589,12,23,23,-13.1,21.89396273133725,-80.30135192871094,-80.30135192871094,0.1014695167541503,0.1587409973144531,23,23.0,YOLO,1,32,0.0,21.89396273133725,0.0,[],0.1011490821838378,0.0504605770111084,0.050478458404541,0.0567572116851806,0.0010366439819335
20250724_010543_852,12,22,22,-14.5,21.951893817027354,-80.3198959350586,-80.3198959350586,0.0988638401031494,0.1020653247833252,22,22.0,YOLO,1,32,0.0,21.951893817027354,0.0,[],0.0985274314880371,0.0504753589630126,0.0504443645477294,0.0004005432128906,0.0007398128509521
20250724_010544_055,12,22,22,-14.5,24.91126084963132,-77.22938041687011,-77.22938041687011,0.1000280380249023,0.1584260463714599,22,22.0,YOLO,1,32,0.0,24.91126084963132,0.0,[],0.099708080291748,0.0504429340362548,0.0504491329193115,0.0567657947540283,0.0007593631744384
20250724_010544_315,12,22,22,-14.5,24.83861344131697,-77.46182250976562,-77.46182250976562,0.1000139713287353,0.1020071506500244,22,22.0,YOLO,1,32,0.0,24.83861344131697,0.0,[],0.0996603965759277,0.0504753589630126,0.0504605770111084,0.0003979206085205,0.0006680488586425
20250724_010544_518,12,22,22,-14.5,24.44761774641236,-77.77022895812988,-77.77022895812988,0.0999586582183837,0.1583385467529297,22,22.0,YOLO,1,32,0.0,24.44761774641236,0.0,[],0.0996410846710205,0.0504682064056396,0.0504710674285888,0.0567171573638916,0.0006752014160156
20250724_010544_778,12,22,22,-14.5,24.331206440372384,-77.87819442749024,-77.87819442749024,0.1013388633728027,0.1020867824554443,22,22.0,YOLO,1,32,0.0,24.331206440372384,0.0,[],0.1010243892669677,0.0504660606384277,0.0504722595214843,0.0004022121429443,0.0007402896881103
20250724_010544_983,12,23,23,-13.1,21.60058188893413,-80.67532806396484,-80.67532806396484,0.1044642925262451,0.1584129333496093,23,23.0,YOLO,1,32,0.0,21.60058188893413,0.0,[],0.1041219234466552,0.0504565238952636,0.0504617691040039,0.0567574501037597,0.0007305145263671
20250724_010545_247,12,22,22,-14.5,21.654501954492204,-80.62999458312989,-80.62999458312989,0.1029887199401855,0.102076768875122,22,22.0,YOLO,1,32,0.0,21.654501954492204,0.0,[],0.1026456356048584,0.050485610961914,0.050499677658081,0.0003986358642578,0.000687837600708
20250724_010545_454,12,21,21,-16.0,25.942761432094017,-76.28337440490722,-76.28337440490722,0.1086254119873046,0.1584110260009765,21,21.0,YOLO,1,32,0.0,25.942761432094017,0.0,[],0.1082878112792968,0.0504074096679687,0.050462007522583,0.056781530380249,0.00075364112854
20250724_010545_723,12,21,21,-16.0,25.928678813010933,-76.42991333007812,-76.42991333007812,0.1089146137237548,0.1020116806030273,21,21.0,YOLO,1,32,0.0,25.928678813010933,0.0,[],0.1086068153381347,0.0504953861236572,0.0504279136657714,0.0003986358642578,0.0006842613220214
20250724_010545_935,12,21,21,-16.0,26.108597272355425,-76.07611465454102,-76.07611465454102,0.1077795028686523,0.1584036350250244,21,21.0,YOLO,1,32,0.0,26.108597272355425,0.0,[],0.1074776649475097,0.0504736900329589,0.0504560470581054,0.0567543506622314,0.00071382522583
20250724_010546_203,13,22,22,-14.5,26.114977316818354,-76.20137786865234,-76.20137786865234,0.1082897186279296,0.1020956039428711,22,22.0,YOLO,1,32,0.0,26.114977316818354,0.0,[],0.1079304218292236,0.0504989624023437,0.0504851341247558,0.0003902912139892,0.0007157325744628
20250724_010546_415,13,22,22,-14.5,22.49422042614586,-79.71908569335938,-79.71908569335938,0.1084218025207519,0.1584596633911132,22,22.0,YOLO,1,32,0.0,22.49422042614586,0.0,[],0.1080658435821533,0.0504724979400634,0.0504693984985351,0.0568187236785888,0.0006930828094482
20250724_010546_683,13,22,22,-14.5,22.450452627071016,-79.76091232299805,-79.76091232299805,0.1081359386444091,0.1020686626434326,22,22.0,YOLO,1,32,0.0,22.450452627071016,0.0,[],0.1077847480773925,0.05047607421875,0.0504617691040039,0.0003981590270996,0.0007266998291015
20250724_010546_895,13,22,22,-14.5,23.29211147182244,-78.98577880859375,-78.98577880859375,0.1081256866455078,0.158487319946289,22,22.0,YOLO,1,32,0.0,23.29211147182244,0.0,[],0.1077699661254882,0.0504825115203857,0.0504994392395019,0.0568079948425293,0.0006916522979736
20250724_010547_163,13,22,22,-14.5,23.38024727727567,-78.92782974243164,-78.92782974243164,0.1100599765777587,0.10201096534729,22,22.0,YOLO,1,32,0.0,23.38024727727567,0.0,[],0.1096816062927246,0.0504539012908935,0.0504770278930664,0.0003974437713623,0.0006771087646484
20250724_010547_377,13,22,22,-14.5,23.69897773037933,-78.45622940063477,-78.45622940063477,0.1075351238250732,0.1583964824676513,22,22.0,YOLO,1,32,0.0,23.69897773037933,0.0,[],0.1071889400482177,0.0504975318908691,0.0504581928253173,0.0567200183868408,0.0007140636444091
20250724_010547_644,13,22,22,-14.5,23.68551252098904,-78.5247573852539,-78.5247573852539,0.1093993186950683,0.1020164489746093,22,22.0,YOLO,1,32,0.0,23.68551252098904,0.0,[],0.1090486049652099,0.0504713058471679,0.0504741668701171,0.0003857612609863,0.0006792545318603
20250724_010547_857,13,22,22,-14.5,23.6749653208431,-78.56193237304687,-78.56193237304687,0.1085057258605957,0.1583542823791504,22,22.0,YOLO,1,32,0.0,23.6749653208431,0.0,[],0.1082203388214111,0.0504355430603027,0.0504555702209472,0.0567326545715332,0.0007245540618896
20250724_010548_126,13,21,21,-16.0,23.70961745925463,-78.52490234375,-78.52490234375,0.1094632148742675,0.1020352840423584,21,21.0,YOLO,1,32,0.0,23.70961745925463,0.0,[],0.1090962886810302,0.0504744052886962,0.0504755973815918,0.000403881072998,0.000676155090332
20250724_010548_339,13,21,21,-16.0,25.75122251398072,-76.55541877746582,-76.55541877746582,0.1090588569641113,0.1583788394927978,21,21.0,YOLO,1,32,0.0,25.75122251398072,0.0,[],0.1087167263031005,0.0504817962646484,0.0504493713378906,0.056760549545288,0.0006802082061767
20250724_010548_608,13,22,22,-14.5,25.92152781259,-76.36385459899903,-76.36385459899903,0.1081297397613525,0.1020612716674804,22,22.0,YOLO,1,32,0.0,25.92152781259,0.0,[],0.1077735424041748,0.0504674911499023,0.0504658222198486,0.0004045963287353,0.0007171630859375
20250724_010548_820,13,22,22,-14.5,23.79217558313158,-78.55028076171875,-78.55028076171875,0.108530044555664,0.1584632396697998,22,22.0,YOLO,1,32,0.0,23.79217558313158,0.0,[],0.1081864833831787,0.0504727363586425,0.0505001544952392,0.0567824840545654,0.0007014274597167
20250724_010549_088,13,22,22,-14.5,23.841972385252543,-78.43859405517578,-78.43859405517578,0.109795331954956,0.1021285057067871,22,22.0,YOLO,1,32,0.0,23.841972385252543,0.0,[],0.1094648838043212,0.0504834651947021,0.0505001544952392,0.0004503726959228,0.0006892681121826
20250724_010549_302,13,21,21,-16.0,25.662086246881344,-76.62998962402344,-76.62998962402344,0.1108503341674804,0.15861177444458,21,21.0,YOLO,1,32,0.0,25.662086246881344,0.0,[],0.1104683876037597,0.0505409240722656,0.0505118370056152,0.0567572116851806,0.0007932186126708
20250724_010549_573,13,21,21,-16.0,25.9235448762835,-76.4193618774414,-76.4193618774414,0.1090304851531982,0.1022114753723144,21,21.0,YOLO,1,32,0.0,25.9235448762835,0.0,[],0.1087026596069336,0.050532579421997,0.0505166053771972,0.0004100799560546,0.0007452964782714
20250724_010549_786,13,21,21,-16.0,25.87553588279303,-76.35788803100586,-76.35788803100586,0.1085717678070068,0.1585450172424316,21,21.0,YOLO,1,32,0.0,25.87553588279303,0.0,[],0.1082179546356201,0.0505380630493164,0.0504884719848632,0.0567567348480224,0.0007545948028564
20250724_010550_055,14,21,21,-16.0,25.67611425021795,-76.58324279785157,-76.58324279785157,0.1087677478790283,0.1024906635284423,21,21.0,YOLO,1,32,0.0,25.67611425021795,0.0,[],0.1083285808563232,0.0508508682250976,0.0504655838012695,0.0004200935363769,0.0007479190826416
20250724_010550_268,14,21,21,-16.0,23.632046045220648,-78.67916107177734,-78.67916107177734,0.1100497245788574,0.1585574150085449,21,21.0,YOLO,1,32,0.0,23.632046045220648,0.0,[],0.1097047328948974,0.050534963607788,0.0504982471466064,0.0567333698272705,0.0007839202880859
20250724_010550_538,14,21,21,-16.0,23.63518103550777,-78.54856147766114,-78.54856147766114,0.1068339347839355,0.1021723747253418,21,21.0,YOLO,1,32,0.0,23.63518103550777,0.0,[],0.1064348220825195,0.0505392551422119,0.050480842590332,0.0004129409790039,0.0007328987121582
20250724_010550_749,14,21,21,-16.0,23.790314731228165,-78.37022132873535,-78.37022132873535,0.1079077720642089,0.1584482192993164,21,21.0,YOLO,1,32,0.0,23.790314731228165,0.0,[],0.1075527667999267,0.0504970550537109,0.0504961013793945,0.0567615032196044,0.0006864070892333
20250724_010551_016,14,21,21,-16.0,23.73737424132834,-78.52098121643067,-78.52098121643067,0.1100161075592041,0.1020238399505615,21,21.0,YOLO,1,32,0.0,23.73737424132834,0.0,[],0.1097049713134765,0.0504500865936279,0.0504407882690429,0.0003976821899414,0.0007300376892089
20250724_010551_230,14,21,21,-16.0,23.77152364845205,-78.39104881286622,-78.39104881286622,0.1090874671936035,0.158449649810791,21,21.0,YOLO,1,32,0.0,23.77152364845205,0.0,[],0.1087656021118164,0.0504717826843261,0.0504786968231201,0.0567395687103271,0.0007531642913818
20250724_010551_499,14,21,21,-16.0,23.72431938621962,-78.45536994934082,-78.45536994934082,0.1084616184234619,0.1020827293395996,21,21.0,YOLO,1,32,0.0,23.72431938621962,0.0,[],0.1081650257110595,0.0504717826843261,0.0504758358001709,0.0004031658172607,0.0007247924804687
20250724_010551_711,14,21,21,-16.0,23.91964530613357,-78.30899963378906,-78.30899963378906,0.1089646816253662,0.1597752571105957,21,21.0,YOLO,1,32,0.0,23.91964530613357,0.0,[],0.1086733341217041,0.0505175590515136,0.0516211986541748,0.0569233894348144,0.000706672668457
20250724_010551_982,14,21,21,-16.0,23.886846276839734,-78.27676048278809,-78.27676048278809,0.1086058616638183,0.1021666526794433,21,21.0,YOLO,1,32,0.0,23.886846276839734,0.0,[],0.1082677841186523,0.0505132675170898,0.0505094528198242,0.000411033630371,0.0007269382476806
20250724_010552_194,14,21,21,-16.0,23.88977329479347,-78.40192413330078,-78.40192413330078,0.1075263023376464,0.158426284790039,21,21.0,YOLO,1,32,0.0,23.88977329479347,0.0,[],0.1071996688842773,0.0504956245422363,0.0504930019378662,0.0567319393157959,0.0006990432739257
20250724_010552_462,14,21,21,-16.0,23.75406287219134,-78.30076484680175,-78.30076484680175,0.1086890697479248,0.1020402908325195,21,21.0,YOLO,1,32,0.0,23.75406287219134,0.0,[],0.108377456665039,0.0504601001739501,0.0504388809204101,0.0004312992095947,0.0006988048553466
20250724_010552_674,14,21,21,-16.0,23.68207477752901,-78.52696075439454,-78.52696075439454,0.1075301170349121,0.1584575176239013,21,21.0,YOLO,1,32,0.0,23.68207477752901,0.0,[],0.1072165966033935,0.050464391708374,0.0504863262176513,0.0567784309387207,0.0007212162017822
20250724_010552_942,14,21,21,-16.0,23.67696943714978,-78.55915145874023,-78.55915145874023,0.1084311008453369,0.1020560264587402,21,21.0,YOLO,1,32,0.0,23.67696943714978,0.0,[],0.1080622673034668,0.0504612922668457,0.0504953861236572,0.0004112720489501,0.0006828308105468
20250724_010553_154,14,21,21,-16.0,23.79026122413194,-78.44298362731934,-78.44298362731934,0.1094284057617187,0.1584293842315673,21,21.0,YOLO,1,32,0.0,23.79026122413194,0.0,[],0.1091248989105224,0.0504758358001709,0.0504729747772216,0.0567505359649658,0.0007236003875732
20250724_010553_423,14,20,20,-17.4,23.56621102940269,-78.49790000915527,-78.49790000915527,0.1071906089782714,0.1020002365112304,20,20.0,YOLO,1,32,0.0,23.56621102940269,0.0,[],0.1068313121795654,0.0504364967346191,0.0504570007324218,0.0003979206085205,0.0007035732269287
20250724_010553_634,14,20,20,-17.4,25.07433922532344,-77.16806526184082,-77.16806526184082,0.1081221103668212,0.1584665775299072,20,20.0,YOLO,1,32,0.0,25.07433922532344,0.0,[],0.1077756881713867,0.0505030155181884,0.0505077838897705,0.0567450523376464,0.0007045269012451
20250724_010553_902,14,20,20,-17.4,25.28002828387225,-77.00353546142578,-77.00353546142578,0.1082370281219482,0.1021571159362793,20,20.0,YOLO,1,32,0.0,25.28002828387225,0.0,[],0.1078870296478271,0.0504703521728515,0.0504975318908691,0.0004026889801025,0.0007808208465576
20250724_010554_114,15,20,20,-17.4,23.88647891842099,-78.35317764282226,-78.35317764282226,0.1064634323120117,0.158574104309082,20,20.0,YOLO,1,32,0.0,23.88647891842099,0.0,[],0.1061487197875976,0.0505578517913818,0.0505273342132568,0.0567569732666015,0.0007236003875732
20250724_010554_381,15,20,20,-17.4,23.858060679980724,-78.427099609375,-78.427099609375,0.108250617980957,0.1024560928344726,20,20.0,YOLO,1,32,0.0,23.858060679980724,0.0,[],0.1078872680664062,0.0505132675170898,0.0504984855651855,0.0004148483276367,0.0010223388671875
20250724_010554_594,15,20,20,-17.4,24.163291930453525,-78.09432067871094,-78.09432067871094,0.1080141067504882,0.1585991382598877,20,20.0,YOLO,1,32,0.0,24.163291930453525,0.0,[],0.1076643466949462,0.0505540370941162,0.0505275726318359,0.0567841529846191,0.0007259845733642
20250724_010554_862,15,20,20,-17.4,24.286325586329312,-77.97242622375488,-77.97242622375488,0.1099622249603271,0.1022770404815673,20,20.0,YOLO,1,32,0.0,24.286325586329312,0.0,[],0.1094887256622314,0.0505554676055908,0.0505611896514892,0.0004189014434814,0.0007352828979492
20250724_010555_076,15,20,20,-17.4,24.621996174675388,-77.70993995666504,-77.70993995666504,0.107764720916748,0.1584141254425048,20,20.0,YOLO,1,32,0.0,24.621996174675388,0.0,[],0.1073949337005615,0.0505261421203613,0.0504436492919921,0.0567312240600585,0.0007057189941406
20250724_010555_344,15,20,20,-17.4,24.79314391590812,-77.39862060546875,-77.39862060546875,0.1077158451080322,0.1020147800445556,20,20.0,YOLO,1,32,0.0,24.79314391590812,0.0,[],0.1074240207672119,0.050471544265747,0.050459861755371,0.0004000663757324,0.000678539276123
20250724_010555_555,15,20,20,-17.4,24.018565731585653,-78.21127014160156,-78.21127014160156,0.1086325645446777,0.15838623046875,20,20.0,YOLO,1,32,0.0,24.018565731585653,0.0,[],0.1083354949951171,0.0504794120788574,0.0504648685455322,0.05672287940979,0.0007128715515136
20250724_010555_824,15,20,20,-17.4,24.00323225374392,-78.18148651123047,-78.18148651123047,0.1074252128601074,0.1020629405975341,20,20.0,YOLO,1,32,0.0,24.00323225374392,0.0,[],0.1070296764373779,0.0504522323608398,0.0504956245422363,0.0004005432128906,0.0007095336914062
20250724_010556_035,15,20,20,-17.4,23.598851010807053,-78.67480735778808,-78.67480735778808,0.1076343059539794,0.1584231853485107,20,20.0,YOLO,1,32,0.0,23.598851010807053,0.0,[],0.1072478294372558,0.0504591464996337,0.0504593849182128,0.056727647781372,0.0007712841033935
20250724_010556_302,15,20,20,-17.4,23.79009708358535,-78.43085250854492,-78.43085250854492,0.107856273651123,0.1020071506500244,20,20.0,YOLO,1,32,0.0,23.79009708358535,0.0,[],0.1074886322021484,0.0504820346832275,0.0504391193389892,0.0004017353057861,0.0006790161132812
20250724_010556_514,15,20,20,-17.4,23.853861186239318,-78.44510879516602,-78.44510879516602,0.1081743240356445,0.158395767211914,20,20.0,YOLO,1,32,0.0,23.853861186239318,0.0,[],0.1078569889068603,0.0504763126373291,0.0504810810089111,0.056736946105957,0.0006959438323974
20250724_010556_782,15,20,20,-17.4,23.991913759122824,-78.36553344726562,-78.36553344726562,0.1082372665405273,0.1020259857177734,20,20.0,YOLO,1,32,0.0,23.991913759122824,0.0,[],0.1079144477844238,0.0504548549652099,0.0504882335662841,0.0004012584686279,0.0006763935089111
20250724_010556_994,15,20,20,-17.4,23.72196085365776,-78.39531021118164,-78.39531021118164,0.1081502437591552,0.1584088802337646,20,20.0,YOLO,1,32,0.0,23.72196085365776,0.0,[],0.1078338623046875,0.0504941940307617,0.0504734516143798,0.0567324161529541,0.0007021427154541
20250724_010557_262,15,19,19,-18.9,23.622756314621185,-78.52138748168946,-78.52138748168946,0.1090002059936523,0.1026077270507812,19,19.0,YOLO,1,32,0.0,23.622756314621185,0.0,[],0.1086788177490234,0.0504968166351318,0.0510168075561523,0.0003986358642578,0.0006897449493408
20250724_010557_475,15,19,19,-18.9,25.79722309537371,-76.47346496582031,-76.47346496582031,0.1105804443359375,0.1584410667419433,19,19.0,YOLO,1,32,0.0,25.79722309537371,0.0,[],0.1102759838104248,0.0504021644592285,0.0504932403564453,0.0567908287048339,0.0007483959197998
20250724_010557_746,15,19,19,-18.9,25.650214029011423,-76.60146293640136,-76.60146293640136,0.106682538986206,0.1020674705505371,19,19.0,YOLO,1,32,0.0,25.650214029011423,0.0,[],0.1063373088836669,0.0504765510559082,0.0505018234252929,0.0004024505615234,0.0006804466247558
20250724_010557_956,15,19,19,-18.9,26.18514572358687,-76.07302627563476,-76.07302627563476,0.1070940494537353,0.15840744972229,19,19.0,YOLO,1,32,0.0,26.18514572358687,0.0,[],0.1067755222320556,0.0504968166351318,0.0504777431488037,0.0567202568054199,0.0007064342498779
20250724_010558_223,16,19,19,-18.9,26.115934249498792,-76.12810516357422,-76.12810516357422,0.1073932647705078,0.1020343303680419,19,19.0,YOLO,1,32,0.0,26.115934249498792,0.0,[],0.1070804595947265,0.0504612922668457,0.0504646301269531,0.0004000663757324,0.0007030963897705
20250724_010558_435,16,19,19,-18.9,24.770626041298986,-77.51511611938477,-77.51511611938477,0.1070828437805175,0.1583936214447021,19,19.0,YOLO,1,32,0.0,24.770626041298986,0.0,[],0.1067414283752441,0.0504543781280517,0.0504641532897949,0.0567402839660644,0.0007281303405761
20250724_010558_702,16,19,19,-18.9,24.857518268599406,-77.41195869445801,-77.41195869445801,0.1084446907043457,0.1020228862762451,19,19.0,YOLO,1,32,0.0,24.857518268599406,0.0,[],0.1080470085144043,0.0504422187805175,0.0504753589630126,0.0003979206085205,0.0007030963897705
20250724_010558_914,16,19,19,-18.9,25.442629836984267,-76.96083450317383,-76.96083450317383,0.1070413589477539,0.1583576202392578,19,19.0,YOLO,1,32,0.0,25.442629836984267,0.0,[],0.1067354679107666,0.0504302978515625,0.0504765510559082,0.0567405223846435,0.0007030963897705
20250724_010559_181,16,19,19,-18.9,25.561740022161928,-76.69551811218261,-76.69551811218261,0.1090617179870605,0.102043867111206,19,19.0,YOLO,1,32,0.0,25.561740022161928,0.0,[],0.108705997467041,0.0504372119903564,0.0504713058471679,0.0004162788391113,0.0007128715515136
20250724_010559_393,16,19,19,-18.9,25.51798346144741,-76.81115913391113,-76.81115913391113,0.1082260608673095,0.1584534645080566,19,19.0,YOLO,1,32,0.0,25.51798346144741,0.0,[],0.1078741550445556,0.0504968166351318,0.0504164695739746,0.0567691326141357,0.0007658004760742
20250724_010559_662,16,19,19,-18.9,25.57226220715488,-76.6884578704834,-76.6884578704834,0.1080079078674316,0.1020934581756591,19,19.0,YOLO,1,32,0.0,25.57226220715488,0.0,[],0.1076488494873046,0.050464391708374,0.05045747756958,0.0004024505615234,0.0007634162902832
20250724_010559_873,16,19,19,-18.9,25.874071186316684,-76.29643936157227,-76.29643936157227,0.1073119640350341,0.1586761474609375,19,19.0,YOLO,1,32,0.0,25.874071186316684,0.0,[],0.1069695949554443,0.0504841804504394,0.0504651069641113,0.0567448139190673,0.0009734630584716
20250724_010600_142,16,19,19,-18.9,25.848672271599185,-76.33542747497559,-76.33542747497559,0.1083788871765136,0.1020195484161377,19,19.0,YOLO,1,32,0.0,25.848672271599185,0.0,[],0.107957124710083,0.0504498481750488,0.0504837036132812,0.0003888607025146,0.0006914138793945
20250724_010600_354,16,19,19,-18.9,25.43686389214793,-76.8962631225586,-76.8962631225586,0.1084377765655517,0.1584455966949463,19,19.0,YOLO,1,32,0.0,25.43686389214793,0.0,[],0.1080946922302246,0.0505170822143554,0.0504400730133056,0.0567529201507568,0.0007283687591552
20250724_010600_622,16,NO_RADIO,19,-18.9,25.34521229437361,-76.96498641967773,-76.96498641967773,0.1051268577575683,0.1021292209625244,19,,CenterFallback,1,32,0.0,,,[],0.1048212051391601,0.0504877567291259,0.0504508018493652,0.0004098415374755,0.000739574432373
20250724_010600_831,16,NO_RADIO,19,-18.9,25.49727937641086,-76.68883743286133,-76.68883743286133,0.1077215671539306,0.1584525108337402,19,,CenterFallback,1,32,0.0,,,[],0.1074004173278808,0.0504615306854248,0.050483226776123,0.0567231178283691,0.0007312297821044
20250724_010601_099,16,19,19,-18.9,25.5754512089392,-76.6708885192871,-76.6708885192871,0.1084551811218261,0.1020641326904296,19,19.0,YOLO,1,32,0.0,25.5754512089392,0.0,[],0.1080987453460693,0.0504696369171142,0.0504670143127441,0.0004117488861083,0.0007102489471435
20250724_010601_311,16,18,18,-20.3,26.390891651627584,-75.8209442138672,-75.8209442138672,0.1071298122406005,0.1585643291473388,18,18.0,YOLO,1,32,0.0,26.390891651627584,0.0,[],0.1067898273468017,0.0504932403564453,0.0505261421203613,0.0568199157714843,0.000718355178833
20250724_010601_578,16,19,19,-18.9,26.337343307132212,-75.95712623596191,-75.95712623596191,0.1083226203918457,0.1020581722259521,19,19.0,YOLO,1,32,0.0,26.337343307132212,0.0,[],0.1080033779144287,0.0504496097564697,0.0504829883575439,0.000399112701416,0.000720739364624
20250724_010601_790,16,NO_RADIO,19,-18.9,25.57558151572475,-76.58354606628419,-76.58354606628419,0.1026091575622558,0.1584069728851318,19,,CenterFallback,1,32,0.0,,,[],0.1023316383361816,0.0504794120788574,0.0504469871520996,0.0567233562469482,0.0007059574127197
20250724_010602_053,17,19,19,-18.9,25.46640314515349,-76.73130226135254,-76.73130226135254,0.1066122055053711,0.1020100116729736,19,19.0,YOLO,1,32,0.0,25.46640314515349,0.0,[],0.1062543392181396,0.0504379272460937,0.0504388809204101,0.0004055500030517,0.0007219314575195
20250724_010602_263,17,NO_RADIO,19,-18.9,23.82028541164064,-78.21063232421875,-78.21063232421875,0.1058826446533203,0.1585114002227783,19,,CenterFallback,1,32,0.0,,,[],0.105520486831665,0.0505144596099853,0.0504875183105468,0.0567734241485595,0.0006847381591796
20250724_010602_529,17,NO_RADIO,19,-18.9,23.75439095123886,-78.52196655273437,-78.52196655273437,0.1025176048278808,0.1021220684051513,19,,CenterFallback,1,32,0.0,,,[],0.1021769046783447,0.0504646301269531,0.0504508018493652,0.0004127025604248,0.000748872756958
20250724_010602_735,17,NO_RADIO,19,-18.9,24.052516238116425,-78.21971130371094,-78.21971130371094,0.1062943935394287,0.1584670543670654,19,,CenterFallback,1,32,0.0,,,[],0.1059613227844238,0.0504724979400634,0.050480842590332,0.0567421913146972,0.0007112026214599
20250724_010603_001,17,NO_RADIO,19,-18.9,24.110004346972488,-78.1712100982666,-78.1712100982666,0.1060478687286377,0.1020715236663818,19,,CenterFallback,1,32,0.0,,,[],0.1057236194610595,0.0504682064056396,0.0504500865936279,0.0004243850708007,0.0006840229034423
20250724_010603_211,17,NO_RADIO,19,-18.9,23.616786126134272,-78.49861869812011,-78.49861869812011,0.1057889461517334,0.1585569381713867,19,,CenterFallback,1,32,0.0,,,[],0.1054697036743164,0.0504961013793945,0.0505244731903076,0.0567719936370849,0.0007116794586181
20250724_010603_477,17,19,19,-18.9,23.739837143389263,-78.49022674560547,-78.49022674560547,0.1079204082489013,0.1020450592041015,19,19.0,YOLO,1,32,0.0,23.739837143389263,0.0,[],0.1075963973999023,0.0504419803619384,0.0504534244537353,0.0004298686981201,0.0007143020629882
20250724_010603_689,17,19,19,-18.9,23.71905428370081,-78.49872665405273,-78.49872665405273,0.1077980995178222,0.1584389209747314,19,19.0,YOLO,1,32,0.0,23.71905428370081,0.0,[],0.1074929237365722,0.0505306720733642,0.0504567623138427,0.0567257404327392,0.0007193088531494
20250724_010603_957,17,19,19,-18.9,23.76666965325144,-78.37091979980468,-78.37091979980468,0.1084284782409668,0.1021511554718017,19,19.0,YOLO,1,32,0.0,23.76666965325144,0.0,[],0.1080915927886962,0.0505218505859375,0.0505459308624267,0.0004017353057861,0.0006766319274902
20250724_010604_169,17,19,19,-18.9,24.00368695564069,-78.1712100982666,-78.1712100982666,0.1080076694488525,0.1584200859069824,19,19.0,YOLO,1,32,0.0,24.00368695564069,0.0,[],0.1077449321746826,0.0504508018493652,0.0504944324493408,0.0567579269409179,0.0007102489471435
20250724_010604_437,17,19,19,-18.9,23.868186672046637,-78.31849479675293,-78.31849479675293,0.105436086654663,0.1020457744598388,19,19.0,YOLO,1,32,0.0,23.868186672046637,0.0,[],0.1051244735717773,0.0504255294799804,0.0504565238952636,0.0004072189331054,0.0007507801055908
20250724_010604_646,17,19,19,-18.9,23.78631446214999,-78.38932952880859,-78.38932952880859,0.1070232391357421,0.1584143638610839,19,19.0,YOLO,1,32,0.0,23.78631446214999,0.0,[],0.106741189956665,0.0504636764526367,0.0504665374755859,0.0567696094512939,0.0007083415985107
20250724_010604_913,17,19,19,-18.9,23.541589575122373,-78.62658042907715,-78.62658042907715,0.1070272922515869,0.1020679473876953,19,19.0,YOLO,1,32,0.0,23.541589575122373,0.0,[],0.1067197322845459,0.0504820346832275,0.0504627227783203,0.0004019737243652,0.0007154941558837
20250724_010605_124,17,18,18,-20.3,25.28791465073296,-76.96298294067383,-76.96298294067383,0.108220100402832,0.1584219932556152,18,18.0,YOLO,1,32,0.0,25.28791465073296,0.0,[],0.1078920364379882,0.0504672527313232,0.0504477024078369,0.0567553043365478,0.0007448196411132
20250724_010605_392,17,18,18,-20.3,25.243846934688023,-77.00988006591797,-77.00988006591797,0.1076569557189941,0.1019704341888427,18,18.0,YOLO,1,32,0.0,25.243846934688023,0.0,[],0.1073262691497802,0.0504045486450195,0.0504581928253173,0.0004012584686279,0.0006999969482421
20250724_010605_603,17,18,18,-20.3,25.70407218447157,-76.50436630249024,-76.50436630249024,0.1073713302612304,0.1583805084228515,18,18.0,YOLO,1,32,0.0,25.70407218447157,0.0,[],0.1070704460144043,0.0504755973815918,0.0504610538482666,0.0567178726196289,0.0007195472717285
20250724_010605_870,17,18,18,-20.3,25.70358545235736,-76.50698394775391,-76.50698394775391,0.1076514720916748,0.1020789146423339,18,18.0,YOLO,1,32,0.0,25.70358545235736,0.0,[],0.107276439666748,0.0504522323608398,0.0505115985870361,0.0003924369812011,0.0007174015045166
20250724_010606_082,18,18,18,-20.3,24.62320419938457,-77.60612487792969,-77.60612487792969,0.1073572635650634,0.1584019660949707,18,18.0,YOLO,1,32,0.0,24.62320419938457,0.0,[],0.1070590019226074,0.0504529476165771,0.0504658222198486,0.0567641258239746,0.0007123947143554
20250724_010606_349,18,18,18,-20.3,24.52231047496204,-77.66520690917969,-77.66520690917969,0.1089017391204834,0.1020030975341796,18,18.0,YOLO,1,32,0.0,24.52231047496204,0.0,[],0.1085875034332275,0.0504558086395263,0.0504794120788574,0.0003859996795654,0.0006768703460693
20250724_010606_561,18,18,18,-20.3,23.97144062015022,-78.31141815185546,-78.31141815185546,0.1081209182739257,0.1583890914916992,18,18.0,YOLO,1,32,0.0,23.97144062015022,0.0,[],0.1077830791473388,0.050447940826416,0.0504987239837646,0.0567355155944824,0.0007009506225585
20250724_010606_829,18,18,18,-20.3,23.99989181569977,-78.26861610412598,-78.26861610412598,0.1081683635711669,0.1020841598510742,18,18.0,YOLO,1,32,0.0,23.99989181569977,0.0,[],0.107806921005249,0.0504727363586425,0.0505096912384033,0.0004146099090576,0.0006811618804931
20250724_010607_041,18,18,18,-20.3,24.76947368492594,-77.43872718811035,-77.43872718811035,0.1072332859039306,0.158376932144165,18,18.0,YOLO,1,32,0.0,24.76947368492594,0.0,[],0.1068634986877441,0.0504517555236816,0.0504717826843261,0.0567212104797363,0.0007252693176269
20250724_010607_308,18,18,18,-20.3,24.680963451902613,-77.54924964904785,-77.54924964904785,0.1076953411102294,0.1020622253417968,18,18.0,YOLO,1,32,0.0,24.680963451902613,0.0,[],0.1074016094207763,0.0504941940307617,0.0504539012908935,0.000399112701416,0.0007100105285644
20250724_010607_520,18,18,18,-20.3,24.721279245206745,-77.49808502197266,-77.49808502197266,0.1095383167266845,0.158459186553955,18,18.0,YOLO,1,32,0.0,24.721279245206745,0.0,[],0.1091985702514648,0.0504853725433349,0.0504829883575439,0.0567522048950195,0.0007317066192626
20250724_010607_789,18,18,18,-20.3,24.733740651143197,-77.43542442321777,-77.43542442321777,0.1088783740997314,0.1020340919494628,18,18.0,YOLO,1,32,0.0,24.733740651143197,0.0,[],0.10856294631958,0.0504558086395263,0.0504617691040039,0.0003964900970458,0.0007154941558837
20250724_010608_002,18,18,18,-20.3,24.934140017002704,-77.22324867248535,-77.22324867248535,0.1073920726776123,0.1588265895843505,18,18.0,YOLO,1,32,0.0,24.934140017002704,0.0,[],0.1070814132690429,0.0505206584930419,0.0505077838897705,0.0567712783813476,0.0010199546813964
20250724_010608_270,18,18,18,-20.3,24.998269617856053,-77.29469108581543,-77.29469108581543,0.1082301139831543,0.1021585464477539,18,18.0,YOLO,1,32,0.0,24.998269617856053,0.0,[],0.1078855991363525,0.0505123138427734,0.0505189895629882,0.000396728515625,0.000725507736206
20250724_010608_482,18,18,18,-20.3,24.997066064681576,-77.30349540710449,-77.30349540710449,0.1071395874023437,0.1584079265594482,18,18.0,YOLO,1,32,0.0,24.997066064681576,0.0,[],0.1068592071533203,0.0504674911499023,0.0504796504974365,0.0567474365234375,0.0007069110870361
20250724_010608_749,18,18,18,-20.3,25.00648330152312,-77.32304611206055,-77.32304611206055,0.1092114448547363,0.1020629405975341,18,18.0,YOLO,1,32,0.0,25.00648330152312,0.0,[],0.1088876724243164,0.0504796504974365,0.050487995147705,0.0003955364227294,0.0006940364837646
20250724_010608_962,18,18,18,-20.3,24.688944737566445,-77.54586372375488,-77.54586372375488,0.1084001064300537,0.1584150791168213,18,18.0,YOLO,1,32,0.0,24.688944737566445,0.0,[],0.1080942153930664,0.0504615306854248,0.0504944324493408,0.0567455291748046,0.0007081031799316
20250724_010609_230,18,17,17,-21.8,24.894850968096637,-77.47202529907227,-77.47202529907227,0.1063957214355468,0.1020970344543457,17,17.0,YOLO,1,32,0.0,24.894850968096637,0.0,[],0.1060872077941894,0.0504796504974365,0.0504965782165527,0.0004229545593261,0.00069260597229
20250724_010609_440,18,17,17,-21.8,25.452893153309237,-76.54449272155762,-76.54449272155762,0.1068682670593261,0.1583561897277832,17,17.0,YOLO,1,32,0.0,25.452893153309237,0.0,[],0.1065421104431152,0.0504736900329589,0.0504605770111084,0.0567188262939453,0.000697374343872
20250724_010609_707,18,17,17,-21.8,25.72844207697746,-76.56863861083984,-76.56863861083984,0.1065857410430908,0.1021010875701904,17,17.0,YOLO,1,32,0.0,25.72844207697746,0.0,[],0.1062791347503662,0.0504755973815918,0.0505282878875732,0.0004150867462158,0.0006766319274902
20250724_010609_917,18,NO_RADIO,17,-21.8,26.123927181196574,-76.14423561096191,-76.14423561096191,0.1041984558105468,0.1585378646850586,17,,CenterFallback,1,32,0.0,,,[],0.1038446426391601,0.0504529476165771,0.0504665374755859,0.0567677021026611,0.0007894039154052
20250724_010610_182,19,NO_RADIO,17,-21.8,26.213835837249636,-76.10987434387206,-76.10987434387206,0.1046140193939209,0.102109670639038,17,,CenterFallback,1,32,0.0,,,[],0.1042773723602294,0.0504143238067626,0.0505328178405761,0.0003998279571533,0.0007011890411376
20250724_010610_390,19,NO_RADIO,17,-21.8,24.70361557467112,-77.59297180175781,-77.59297180175781,0.1038696765899658,0.1584441661834716,17,,CenterFallback,1,32,0.0,,,[],0.1035358905792236,0.0504474639892578,0.050478458404541,0.05674409866333,0.0007219314575195
20250724_010610_654,19,17,17,-21.8,24.62211167641064,-77.61737442016602,-77.61737442016602,0.1072292327880859,0.1021120548248291,17,17.0,YOLO,1,32,0.0,24.62211167641064,0.0,[],0.106863260269165,0.0504913330078125,0.050443410873413,0.000401496887207,0.0007696151733398
20250724_010610_865,19,NO_RADIO,17,-21.8,24.75490684908212,-77.56779670715332,-77.56779670715332,0.1047096252441406,0.1584231853485107,17,,CenterFallback,1,32,0.0,,,[],0.1043891906738281,0.0504920482635498,0.0504159927368164,0.0567479133605957,0.0007147789001464
20250724_010611_130,19,NO_RADIO,17,-21.8,24.83982019639666,-77.36334457397462,-77.36334457397462,0.1047029495239257,0.1019763946533203,17,,CenterFallback,1,32,0.0,,,[],0.1043288707733154,0.0504496097564697,0.0504124164581298,0.0003976821899414,0.0006701946258544
20250724_010611_338,19,NO_RADIO,17,-21.8,25.133913493511656,-77.0782974243164,-77.0782974243164,0.1045198440551757,0.1585042476654052,17,,CenterFallback,1,32,0.0,,,[],0.1041808128356933,0.0504570007324218,0.0504844188690185,0.0567593574523925,0.0007514953613281
20250724_010611_603,19,NO_RADIO,17,-21.8,25.298890139386785,-76.98437461853027,-76.98437461853027,0.1047487258911132,0.1021411418914794,17,,CenterFallback,1,32,0.0,,,[],0.1044738292694091,0.0504567623138427,0.0504882335662841,0.0004024505615234,0.0007550716400146
20250724_010611_811,19,NO_RADIO,17,-21.8,25.376478460127927,-76.85203590393067,-76.85203590393067,0.1046481132507324,0.1584184169769287,17,,CenterFallback,1,32,0.0,,,[],0.1042912006378173,0.0504829883575439,0.0504250526428222,0.0567729473114013,0.0006844997406005
20250724_010612_076,19,NO_RADIO,17,-21.8,25.305804082629574,-76.87268600463867,-76.87268600463867,0.1049962043762207,0.1020927429199218,17,,CenterFallback,1,32,0.0,,,[],0.104661226272583,0.0504765510559082,0.0504646301269531,0.0003941059112548,0.0007193088531494
20250724_010612_285,19,17,17,-21.8,25.13999709572019,-76.99180679321289,-76.99180679321289,0.1075110435485839,0.1583523750305175,17,17.0,YOLO,1,32,0.0,25.13999709572019,0.0,[],0.1071691513061523,0.0504662990570068,0.0504441261291503,0.056736946105957,0.000697374343872
20250724_010612_552,19,NO_RADIO,17,-21.8,25.104894345357025,-77.089799118042,-77.089799118042,0.1027679443359375,0.1021080017089843,17,,CenterFallback,1,32,0.0,,,[],0.1024081707000732,0.0505003929138183,0.0504474639892578,0.0003926753997802,0.0007297992706298
20250724_010612_758,19,NO_RADIO,17,-21.8,24.70153634105094,-77.42975883483886,-77.42975883483886,0.103975772857666,0.1585242748260498,17,,CenterFallback,1,32,0.0,,,[],0.1036441326141357,0.0504562854766845,0.0505425930023193,0.0567739009857177,0.0007033348083496
20250724_010613_022,19,NO_RADIO,17,-21.8,24.74749986515468,-77.5255313873291,-77.5255313873291,0.1046631336212158,0.1020674705505371,17,,CenterFallback,1,32,0.0,,,[],0.1042921543121337,0.0504531860351562,0.050459861755371,0.0004115104675292,0.0007047653198242
20250724_010613_231,19,16,16,-23.2,26.28256849361389,-75.90144081115723,-75.90144081115723,0.1065609455108642,0.158477783203125,16,16.0,YOLO,1,32,0.0,26.28256849361389,0.0,[],0.1062419414520263,0.0504899024963378,0.0504660606384277,0.056777000427246,0.0007379055023193
20250724_010613_497,19,16,16,-23.2,26.440213984949708,-75.8795394897461,-75.8795394897461,0.1075129508972168,0.1021323204040527,16,16.0,YOLO,1,32,0.0,26.440213984949708,0.0,[],0.1072244644165039,0.0504755973815918,0.0504772663116455,0.000406265258789,0.0007674694061279
20250724_010613_709,19,16,16,-23.2,26.21549034023353,-76.00005569458008,-76.00005569458008,0.1063034534454345,0.1584444046020507,16,16.0,YOLO,1,32,0.0,26.21549034023353,0.0,[],0.1059489250183105,0.0504806041717529,0.0504722595214843,0.0567717552185058,0.0007133483886718
20250724_010613_975,19,17,17,-21.8,26.149424165659862,-76.1695556640625,-76.1695556640625,0.1078352928161621,0.102170705795288,17,17.0,YOLO,1,32,0.0,26.149424165659862,0.0,[],0.1075053215026855,0.0505051612854003,0.0504319667816162,0.0003910064697265,0.0008370876312255
20250724_010614_187,20,17,17,-21.8,23.193927298993277,-79.03851318359375,-79.03851318359375,0.1072232723236084,0.1584467887878418,17,17.0,YOLO,1,32,0.0,23.193927298993277,0.0,[],0.1068975925445556,0.0504446029663085,0.0504984855651855,0.0568010807037353,0.0006966590881347
20250724_010614_454,20,17,17,-21.8,23.12017440809811,-79.10334548950195,-79.10334548950195,0.1066915988922119,0.1020441055297851,17,17.0,YOLO,1,32,0.0,23.12017440809811,0.0,[],0.1063258647918701,0.050490379333496,0.0504705905914306,0.0003888607025146,0.0006892681121826
20250724_010614_664,20,17,17,-21.8,23.29965255948505,-78.94205245971679,-78.94205245971679,0.1072814464569091,0.1585841178894043,17,17.0,YOLO,1,32,0.0,23.29965255948505,0.0,[],0.106924295425415,0.0504789352416992,0.0505468845367431,0.0568194389343261,0.0007321834564208
20250724_010614_931,20,17,17,-21.8,23.33903076900718,-78.88361625671386,-78.88361625671386,0.1074514389038086,0.1021196842193603,17,17.0,YOLO,1,32,0.0,23.33903076900718,0.0,[],0.1071164608001709,0.0504677295684814,0.0505015850067138,0.0004081726074218,0.0007369518280029
20250724_010615_143,20,17,17,-21.8,23.40870015514517,-78.74732208251953,-78.74732208251953,0.1076583862304687,0.1584579944610595,17,17.0,YOLO,1,32,0.0,23.40870015514517,0.0,[],0.1073143482208252,0.0504119396209716,0.0504877567291259,0.0567808151245117,0.0007712841033935
20250724_010615_410,20,17,17,-21.8,23.69599626848772,-78.52490234375,-78.52490234375,0.1062042713165283,0.1021034717559814,17,17.0,YOLO,1,32,0.0,23.69599626848772,0.0,[],0.1058807373046875,0.0504679679870605,0.0505015850067138,0.0003993511199951,0.0007283687591552
20250724_010615_620,20,17,17,-21.8,23.78607482581947,-78.31718292236329,-78.31718292236329,0.1068849563598632,0.1584086418151855,17,17.0,YOLO,1,32,0.0,23.78607482581947,0.0,[],0.1065378189086914,0.0504536628723144,0.0504655838012695,0.0567572116851806,0.0007264614105224
20250724_010615_887,20,17,17,-21.8,23.687624217432003,-78.55381851196289,-78.55381851196289,0.1069042682647705,0.1020562648773193,17,17.0,YOLO,1,32,0.0,23.687624217432003,0.0,[],0.1066093444824218,0.05047607421875,0.05047607421875,0.0004036426544189,0.0006947517395019
20250724_010616_098,20,17,17,-21.8,24.20165008215397,-77.94344444274903,-77.94344444274903,0.1065857410430908,0.1586599349975586,17,17.0,YOLO,1,32,0.0,24.20165008215397,0.0,[],0.106224775314331,0.0504226684570312,0.0504539012908935,0.0567295551300048,0.0010466575622558
20250724_010616_365,20,17,17,-21.8,24.194987534727687,-77.9622859954834,-77.9622859954834,0.1282577514648437,0.1020834445953369,17,17.0,YOLO,1,32,0.0,24.194987534727687,0.0,[],0.1278426647186279,0.0504474639892578,0.0504403114318847,0.0003962516784667,0.0007944107055664
20250724_010616_597,20,17,17,-21.8,23.94861053887745,-78.1712100982666,-78.1712100982666,0.1077909469604492,0.1585009098052978,17,17.0,YOLO,1,32,0.0,23.94861053887745,0.0,[],0.107494831085205,0.0504593849182128,0.0504817962646484,0.0567717552185058,0.0007796287536621
20250724_010616_865,20,17,17,-21.8,23.852227149968517,-78.34269981384277,-78.34269981384277,0.1087400913238525,0.1020393371582031,17,17.0,YOLO,1,32,0.0,23.852227149968517,0.0,[],0.1083960533142089,0.0504484176635742,0.0504806041717529,0.0004000663757324,0.0007040500640869
20250724_010617_078,20,17,17,-21.8,24.09530190072975,-78.18148651123047,-78.18148651123047,0.1060009002685546,0.1583778858184814,17,17.0,YOLO,1,32,0.0,24.09530190072975,0.0,[],0.105689525604248,0.0504755973815918,0.0504558086395263,0.0567500591278076,0.0006897449493408
20250724_010617_344,20,16,16,-23.2,23.916889978798626,-78.32632293701172,-78.32632293701172,0.1073448657989502,0.101980447769165,16,16.0,YOLO,1,32,0.0,23.916889978798626,0.0,[],0.1070075035095214,0.0504360198974609,0.0504603385925293,0.000403881072998,0.0006754398345947
20250724_010617_555,20,16,16,-23.2,25.256098447748315,-76.98020286560059,-76.98020286560059,0.1069397926330566,0.1583747863769531,16,16.0,YOLO,1,32,0.0,25.256098447748315,0.0,[],0.1066231727600097,0.0504357814788818,0.0504453182220459,0.0567677021026611,0.0007195472717285
20250724_010617_822,20,16,16,-23.2,25.34213495168716,-76.84407806396484,-76.84407806396484,0.1052119731903076,0.1020734310150146,16,16.0,YOLO,1,32,0.0,25.34213495168716,0.0,[],0.1048717498779296,0.0504670143127441,0.0504417419433593,0.0003998279571533,0.0007598400115966
20250724_010618_030,21,16,16,-23.2,24.536964072993342,-77.79197692871094,-77.79197692871094,0.1043856143951416,0.1584546566009521,16,16.0,YOLO,1,32,0.0,24.536964072993342,0.0,[],0.1040320396423339,0.0504796504974365,0.0504693984985351,0.0567569732666015,0.0007421970367431
20250724_010618_295,21,16,16,-23.2,24.30937145106901,-77.92934837341309,-77.92934837341309,0.1064376831054687,0.102041482925415,16,16.0,YOLO,1,32,0.0,24.30937145106901,0.0,[],0.106133222579956,0.0504651069641113,0.0504567623138427,0.0004003047943115,0.0007140636444091
20250724_010618_505,21,16,16,-23.2,24.121155152892623,-78.09955177307128,-78.09955177307128,0.1084887981414794,0.1583611965179443,16,16.0,YOLO,1,32,0.0,24.121155152892623,0.0,[],0.1081969738006591,0.0504114627838134,0.0504684448242187,0.056769847869873,0.0007054805755615
20250724_010618_773,21,16,16,-23.2,24.140300389664148,-78.02151489257812,-78.02151489257812,0.1079528331756591,0.1020624637603759,16,16.0,YOLO,1,32,0.0,24.140300389664148,0.0,[],0.107590913772583,0.0504844188690185,0.0504601001739501,0.0004012584686279,0.0007121562957763
20250724_010618_985,21,16,16,-23.2,24.617871051607167,-77.44855766296386,-77.44855766296386,0.1071360111236572,0.158388614654541,16,16.0,YOLO,1,32,0.0,24.617871051607167,0.0,[],0.1067814826965332,0.0504450798034668,0.0504472255706787,0.0567727088928222,0.0007174015045166
20250724_010619_252,21,16,16,-23.2,24.62311070330477,-77.5987319946289,-77.5987319946289,0.1072702407836914,0.1023774147033691,16,16.0,YOLO,1,32,0.0,24.62311070330477,0.0,[],0.1069560050964355,0.0505125522613525,0.0504846572875976,0.0004289150238037,0.0009450912475585
20250724_010619_463,21,16,16,-23.2,24.99287611780251,-77.18907928466797,-77.18907928466797,0.1062219142913818,0.1583442687988281,16,16.0,YOLO,1,32,0.0,24.99287611780251,0.0,[],0.1058502197265625,0.0504381656646728,0.0504658222198486,0.0567250251770019,0.0007095336914062
20250724_010619_730,21,16,16,-23.2,24.98966035845501,-77.20426940917969,-77.20426940917969,0.1063477993011474,0.1020529270172119,16,16.0,YOLO,1,32,0.0,24.98966035845501,0.0,[],0.1060342788696289,0.0504722595214843,0.0504782199859619,0.0004000663757324,0.0006976127624511
20250724_010619_940,21,16,16,-23.2,24.720603117687645,-77.58113479614258,-77.58113479614258,0.1065444946289062,0.1584222316741943,16,16.0,YOLO,1,32,0.0,24.720603117687645,0.0,[],0.1061828136444091,0.0504763126373291,0.0504684448242187,0.0567648410797119,0.0007069110870361
20250724_010620_206,21,16,16,-23.2,24.441191108725604,-77.75112915039062,-77.75112915039062,0.1071760654449462,0.102100133895874,16,16.0,YOLO,1,32,0.0,24.441191108725604,0.0,[],0.1068441867828369,0.0504753589630126,0.0504887104034423,0.0003941059112548,0.0007357597351074
20250724_010620_417,21,16,16,-23.2,24.557490432504,-77.70984992980956,-77.70984992980956,0.1073222160339355,0.1584320068359375,16,16.0,YOLO,1,32,0.0,24.557490432504,0.0,[],0.1069781780242919,0.050499677658081,0.0504593849182128,0.0567448139190673,0.0007216930389404
20250724_010620_685,21,16,16,-23.2,24.3067807788276,-77.75750885009765,-77.75750885009765,0.1066861152648925,0.1021003723144531,16,16.0,YOLO,1,32,0.0,24.3067807788276,0.0,[],0.1063544750213623,0.0504770278930664,0.0504951477050781,0.0004270076751708,0.0006952285766601
20250724_010620_895,21,16,16,-23.2,24.47539405805415,-77.79749298095703,-77.79749298095703,0.1085610389709472,0.1586091518402099,16,16.0,YOLO,1,32,0.0,24.47539405805415,0.0,[],0.1082358360290527,0.0504937171936035,0.0504887104034423,0.0567851066589355,0.0008347034454345
20250724_010621_164,21,15,15,-24.7,24.70725936188529,-77.54945220947266,-77.54945220947266,0.1070864200592041,0.1022377014160156,15,15.0,YOLO,1,32,0.0,24.70725936188529,0.0,[],0.1067368984222412,0.0505428314208984,0.0505266189575195,0.0003986358642578,0.0007641315460205
20250724_010621_375,21,NO_RADIO,15,-24.7,25.71909722048416,-76.47819061279297,-76.47819061279297,0.1276679039001464,0.1585752964019775,15,,CenterFallback,1,32,0.0,,,[],0.1273255348205566,0.0505173206329345,0.0505177974700927,0.0567491054534912,0.0007359981536865
20250724_010621_663,21,NO_RADIO,15,-24.7,25.63674360567056,-76.54456176757813,-76.54456176757813,0.102748155593872,0.1022982597351074,15,,CenterFallback,1,32,0.0,,,[],0.1023848056793212,0.0505132675170898,0.0505242347717285,0.0004115104675292,0.0008022785186767
20250724_010621_869,21,NO_RADIO,15,-24.7,26.00189821750297,-76.25778083801269,-76.25778083801269,0.1033668518066406,0.1586487293243408,15,,CenterFallback,1,32,0.0,,,[],0.102968692779541,0.0505554676055908,0.0505070686340332,0.0567235946655273,0.000805377960205
20250724_010622_133,22,15,15,-24.7,25.984369290267978,-76.29928817749024,-76.29928817749024,0.1063621044158935,0.1022131443023681,15,15.0,YOLO,1,32,0.0,25.984369290267978,0.0,[],0.1060645580291748,0.0505261421203613,0.0504734516143798,0.0004098415374755,0.0007965564727783
20250724_010622_343,22,15,15,-24.7,23.96823587837696,-78.32853698730469,-78.32853698730469,0.1055784225463867,0.1584799289703369,15,15.0,YOLO,1,32,0.0,23.96823587837696,0.0,[],0.1052303314208984,0.0505077838897705,0.050520896911621,0.0567431449890136,0.0007011890411376
20250724_010622_609,22,15,15,-24.7,23.998193993515883,-78.12785034179687,-78.12785034179687,0.1042206287384033,0.1020283699035644,15,15.0,YOLO,1,32,0.0,23.998193993515883,0.0,[],0.103888988494873,0.0504560470581054,0.0504834651947021,0.0004034042358398,0.0006797313690185
20250724_010622_817,22,15,15,-24.7,24.34617738770966,-77.87534675598144,-77.87534675598144,0.1061868667602539,0.1584877967834472,15,15.0,YOLO,1,32,0.0,24.34617738770966,0.0,[],0.1058621406555175,0.0504496097564697,0.0504722595214843,0.0567028522491455,0.0008559226989746
20250724_010623_083,22,15,15,-24.7,24.364895215347246,-77.77708473205567,-77.77708473205567,0.1061763763427734,0.1019692420959472,15,15.0,YOLO,1,32,0.0,24.364895215347246,0.0,[],0.1058306694030761,0.0504770278930664,0.0504553318023681,0.0003771781921386,0.0006542205810546
20250724_010623_293,22,15,15,-24.7,24.355546631936576,-77.59510917663575,-77.59510917663575,0.1065125465393066,0.158682107925415,15,15.0,YOLO,1,32,0.0,24.355546631936576,0.0,[],0.1061534881591796,0.0505023002624511,0.0504930019378662,0.0567603111267089,0.000917911529541
20250724_010623_560,22,15,15,-24.7,24.35860703640856,-77.8941162109375,-77.8941162109375,0.1062567234039306,0.1022117137908935,15,15.0,YOLO,1,32,0.0,24.35860703640856,0.0,[],0.1058101654052734,0.0505201816558837,0.0505182743072509,0.000411033630371,0.0007562637329101
20250724_010623_770,22,15,15,-24.7,24.10581920195092,-78.09156494140625,-78.09156494140625,0.1059255599975586,0.158637523651123,15,15.0,YOLO,1,32,0.0,24.10581920195092,0.0,[],0.105569839477539,0.0505616664886474,0.0505592823028564,0.0567655563354492,0.000744342803955
20250724_010624_036,22,15,15,-24.7,24.17284259899614,-78.02141799926758,-78.02141799926758,0.1064634323120117,0.1020643711090087,15,15.0,YOLO,1,32,0.0,24.17284259899614,0.0,[],0.1061410903930664,0.050450325012207,0.0504713058471679,0.0004153251647949,0.0007221698760986
20250724_010624_246,22,15,15,-24.7,24.08449988784913,-78.10465126037597,-78.10465126037597,0.1053798198699951,0.1587927341461181,15,15.0,YOLO,1,32,0.0,24.08449988784913,0.0,[],0.1050648689270019,0.050478458404541,0.0504589080810546,0.0567641258239746,0.0010831356048583
20250724_010624_513,22,15,15,-24.7,24.074599247450763,-78.12821388244629,-78.12821388244629,0.1067328453063964,0.1020538806915283,15,15.0,YOLO,1,32,0.0,24.074599247450763,0.0,[],0.1062135696411132,0.0504732131958007,0.0504906177520751,0.0003986358642578,0.0006859302520751
20250724_010624_723,22,15,15,-24.7,24.51079344857364,-77.66953315734864,-77.66953315734864,0.1061015129089355,0.1585032939910888,15,15.0,YOLO,1,32,0.0,24.51079344857364,0.0,[],0.1057682037353515,0.0505189895629882,0.0504732131958007,0.0567822456359863,0.0007214546203613
20250724_010624_989,22,15,15,-24.7,24.488326465701675,-77.77242393493653,-77.77242393493653,0.1058495044708252,0.102001667022705,15,15.0,YOLO,1,32,0.0,24.488326465701675,0.0,[],0.10546875,0.0504617691040039,0.0504443645477294,0.0003900527954101,0.000699758529663
20250724_010625_199,22,14,14,-26.1,26.06352830437568,-76.1403133392334,-76.1403133392334,0.1055021286010742,0.1583638191223144,14,14.0,YOLO,1,32,0.0,26.06352830437568,0.0,[],0.1052217483520507,0.0504121780395507,0.0504779815673828,0.0567476749420166,0.0007200241088867
20250724_010625_464,22,14,14,-26.1,26.22616995095194,-76.03800964355469,-76.03800964355469,0.1070761680603027,0.1020433902740478,14,14.0,YOLO,1,32,0.0,26.22616995095194,0.0,[],0.106701374053955,0.0504448413848876,0.0504536628723144,0.0003869533538818,0.0007519721984863
20250724_010625_675,22,14,14,-26.1,26.31814429990501,-75.97821388244628,-75.97821388244628,0.1042225360870361,0.1584413051605224,14,14.0,YOLO,1,32,0.0,26.31814429990501,0.0,[],0.103898286819458,0.0504517555236816,0.050483226776123,0.0567524433135986,0.0007469654083251
20250724_010625_939,22,14,14,-26.1,26.340757629490057,-75.94708633422852,-75.94708633422852,0.1051971912384033,0.1020429134368896,14,14.0,YOLO,1,32,0.0,26.340757629490057,0.0,[],0.1048386096954345,0.0504121780395507,0.0505063533782959,0.0003948211669921,0.0007245540618896
20250724_010626_148,23,14,14,-26.1,25.328148574390184,-76.9813232421875,-76.9813232421875,0.1061506271362304,0.1584198474884033,14,14.0,YOLO,1,32,0.0,25.328148574390184,0.0,[],0.1057908535003662,0.0504765510559082,0.050466775894165,0.0567865371704101,0.0006840229034423
20250724_010626_414,23,14,14,-26.1,25.50602048877174,-76.7400318145752,-76.7400318145752,0.1262807846069336,0.1020243167877197,14,14.0,YOLO,1,32,0.0,25.50602048877174,0.0,[],0.1259515285491943,0.05045747756958,0.0504493713378906,0.0004007816314697,0.0007121562957763
20250724_010626_644,23,14,14,-26.1,25.867586233836377,-76.38336753845215,-76.38336753845215,0.1048879623413086,0.1584186553955078,14,14.0,YOLO,1,32,0.0,25.867586233836377,0.0,[],0.1046090126037597,0.0504794120788574,0.0504522323608398,0.0567443370819091,0.0007369518280029
20250724_010626_909,23,14,14,-26.1,25.855277552225388,-76.44051666259766,-76.44051666259766,0.1058816909790039,0.1020951271057128,14,14.0,YOLO,1,32,0.0,25.855277552225388,0.0,[],0.1056146621704101,0.0504522323608398,0.0504975318908691,0.0003988742828369,0.0007405281066894
20250724_010627_118,23,NO_RADIO,14,-26.1,26.01099928564409,-76.29048194885254,-76.29048194885254,0.102504014968872,0.1584188938140869,14,,CenterFallback,1,32,0.0,,,[],0.1021463871002197,0.0504326820373535,0.0504488945007324,0.0567657947540283,0.0007197856903076
20250724_010627_381,23,14,14,-26.1,25.910845275328285,-76.35920333862305,-76.35920333862305,0.1054837703704834,0.1020269393920898,14,14.0,YOLO,1,32,0.0,25.910845275328285,0.0,[],0.1051428318023681,0.0504517555236816,0.0504493713378906,0.0004093647003173,0.0007104873657226
20250724_010627_590,23,14,14,-26.1,24.87325464514977,-77.48416137695312,-77.48416137695312,0.1049456596374511,0.1584179401397705,14,14.0,YOLO,1,32,0.0,24.87325464514977,0.0,[],0.1045975685119628,0.0504353046417236,0.0504367351531982,0.056788682937622,0.0007510185241699
20250724_010627_855,23,14,14,-26.1,24.80865024646252,-77.32315559387207,-77.32315559387207,0.1041221618652343,0.101999282836914,14,14.0,YOLO,1,32,0.0,24.80865024646252,0.0,[],0.1038081645965576,0.0504472255706787,0.0504343509674072,0.0004055500030517,0.0007064342498779
20250724_010628_063,23,14,14,-26.1,25.3941145952394,-76.74938697814942,-76.74938697814942,0.1051092147827148,0.1584246158599853,14,14.0,YOLO,1,32,0.0,25.3941145952394,0.0,[],0.1048085689544677,0.0504603385925293,0.0504922866821289,0.0567586421966552,0.0007073879241943
20250724_010628_328,23,14,14,-26.1,25.2043064306998,-76.93107109069824,-76.93107109069824,0.105950117111206,0.1020994186401367,14,14.0,YOLO,1,32,0.0,25.2043064306998,0.0,[],0.1056013107299804,0.0504920482635498,0.0505003929138183,0.0003983974456787,0.0007033348083496
20250724_010628_537,23,14,14,-26.1,25.496052616411703,-76.66197967529297,-76.66197967529297,0.1058797836303711,0.1584324836730957,14,14.0,YOLO,1,32,0.0,25.496052616411703,0.0,[],0.1055421829223632,0.0504815578460693,0.0504868030548095,0.0567395687103271,0.0007171630859375
20250724_010628_803,23,14,14,-26.1,25.580100333018837,-76.60176544189453,-76.60176544189453,0.1085433959960937,0.1020290851593017,14,14.0,YOLO,1,32,0.0,25.580100333018837,0.0,[],0.1081898212432861,0.0504674911499023,0.0504560470581054,0.0004100799560546,0.0006890296936035
20250724_010629_015,23,14,14,-26.1,25.850651483141704,-76.29928817749024,-76.29928817749024,0.1056375503540039,0.1584320068359375,14,14.0,YOLO,1,32,0.0,25.850651483141704,0.0,[],0.1052913665771484,0.0504689216613769,0.050483226776123,0.056767463684082,0.0007059574127197
20250724_010629_281,23,14,14,-26.1,25.8185619160554,-76.2775333404541,-76.2775333404541,0.1067337989807128,0.1019999980926513,14,14.0,YOLO,1,32,0.0,25.8185619160554,0.0,[],0.1064229011535644,0.0504648685455322,0.050452709197998,0.0004031658172607,0.0006754398345947
20250724_010629_491,23,14,14,-26.1,25.573172091758806,-76.74938697814942,-76.74938697814942,0.1055643558502197,0.1584055423736572,14,14.0,YOLO,1,32,0.0,25.573172091758806,0.0,[],0.1052556037902832,0.0504698753356933,0.0504915714263916,0.0567336082458496,0.0007035732269287
20250724_010629_757,23,NO_RADIO,14,-26.1,25.481531597382,-76.74938697814942,-76.74938697814942,0.1033427715301513,0.1020832061767578,14,,CenterFallback,1,32,0.0,,,[],0.1030128002166748,0.0504820346832275,0.0504548549652099,0.0003969669342041,0.0007104873657226
20250724_010629_964,24,NO_RADIO,14,-26.1,25.91862492253975,-76.42937850952148,-76.42937850952148,0.1028316020965576,0.1584682464599609,14,,CenterFallback,1,32,0.0,,,[],0.1024868488311767,0.0504426956176757,0.0504460334777832,0.0567429065704345,0.0007719993591308
20250724_010630_227,24,NO_RADIO,14,-26.1,24.847692512055172,-77.34974670410156,-77.34974670410156,0.1029193401336669,0.1021351814270019,14,,CenterFallback,1,32,0.0,,,[],0.1025888919830322,0.0505180358886718,0.0505080223083496,0.0004010200500488,0.0006716251373291
20250724_010630_433,24,NO_RADIO,14,-26.1,24.9417185578624,-77.34565010070801,-77.34565010070801,0.102879524230957,0.1584601402282714,14,,CenterFallback,1,32,0.0,,,[],0.1025378704071044,0.0504827499389648,0.050480842590332,0.0567495822906494,0.0006947517395019
20250724_010630_696,24,14,14,-26.1,25.12765392885372,-77.1874008178711,-77.1874008178711,0.1045989990234375,0.1020352840423584,14,14.0,YOLO,1,32,0.0,25.12765392885372,0.0,[],0.1042830944061279,0.050466775894165,0.0504491329193115,0.0004024505615234,0.0007109642028808
20250724_010630_905,24,14,14,-26.1,24.386331566175016,-77.84931945800781,-77.84931945800781,0.1060173511505127,0.1584203243255615,14,14.0,YOLO,1,32,0.0,24.386331566175016,0.0,[],0.1056673526763916,0.0504705905914306,0.0504803657531738,0.0567286014556884,0.0007307529449462
20250724_010631_171,24,13,13,-27.6,24.33204664469225,-77.79479866027832,-77.79479866027832,0.1056854724884033,0.1020193099975586,13,13.0,YOLO,1,32,0.0,24.33204664469225,0.0,[],0.1054010391235351,0.0504701137542724,0.0504465103149414,0.0004007816314697,0.0006968975067138
20250724_010631_380,24,13,13,-27.6,25.14627584205448,-77.11722145080566,-77.11722145080566,0.1046791076660156,0.158477783203125,13,13.0,YOLO,1,32,0.0,25.14627584205448,0.0,[],0.1043465137481689,0.0504641532897949,0.050466775894165,0.0567834377288818,0.0007562637329101
20250724_010631_645,24,14,14,-26.1,25.13872666837993,-76.98953514099121,-76.98953514099121,0.1056394577026367,0.1020748615264892,14,14.0,YOLO,1,32,0.0,25.13872666837993,0.0,[],0.1052889823913574,0.0505030155181884,0.0504431724548339,0.00040864944458,0.0007143020629882
20250724_010631_854,24,14,14,-26.1,24.31503685993904,-77.86477622985839,-77.86477622985839,0.1061089038848877,0.1584634780883789,14,14.0,YOLO,1,32,0.0,24.31503685993904,0.0,[],0.1057496070861816,0.0504918098449707,0.0504817962646484,0.0567941665649414,0.0006880760192871
20250724_010632_120,24,14,14,-26.1,24.16605818077487,-77.99210510253906,-77.99210510253906,0.1062068939208984,0.1021621227264404,14,14.0,YOLO,1,32,0.0,24.16605818077487,0.0,[],0.1058607101440429,0.050504446029663,0.0504846572875976,0.0004005432128906,0.0007672309875488
20250724_010632_330,24,14,14,-26.1,23.811976996334835,-78.43092346191406,-78.43092346191406,0.1069142818450927,0.1588146686553955,14,14.0,YOLO,1,32,0.0,23.811976996334835,0.0,[],0.1065797805786132,0.0504994392395019,0.0504631996154785,0.0567488670349121,0.0010948181152343
20250724_010632_598,24,NO_RADIO,14,-26.1,23.628935425410788,-78.47838020324707,-78.47838020324707,0.1021046638488769,0.1021196842193603,14,,CenterFallback,1,32,0.0,,,[],0.1017541885375976,0.050508975982666,0.0504636764526367,0.0003972053527832,0.0007140636444091
20250724_010632_804,24,NO_RADIO,14,-26.1,24.278145759268625,-77.81150321960449,-77.81150321960449,0.1027944087982177,0.1584875583648681,14,,CenterFallback,1,32,0.0,,,[],0.1024718284606933,0.0504674911499023,0.0504648685455322,0.0567467212677001,0.0007567405700683
20250724_010633_067,24,14,14,-26.1,24.350316416735357,-77.91615715026856,-77.91615715026856,0.1066718101501464,0.1020781993865966,14,14.0,YOLO,1,32,0.0,24.350316416735357,0.0,[],0.1063499450683593,0.050452709197998,0.050452709197998,0.0004003047943115,0.0007631778717041
20250724_010633_277,24,13,13,-27.6,24.9195111300712,-77.29048118591308,-77.29048118591308,0.1062824726104736,0.1583998203277588,13,13.0,YOLO,1,32,0.0,24.9195111300712,0.0,[],0.1059293746948242,0.0504553318023681,0.0504467487335205,0.05680513381958,0.0006866455078125
20250724_010633_543,24,13,13,-27.6,24.92823969182878,-77.29253234863282,-77.29253234863282,0.1054797172546386,0.1020722389221191,13,13.0,YOLO,1,32,0.0,24.92823969182878,0.0,[],0.1051745414733886,0.0504724979400634,0.0504755973815918,0.000392198562622,0.0007264614105224
20250724_010633_752,24,13,13,-27.6,25.403736802190963,-76.88230667114257,-76.88230667114257,0.1056010723114013,0.1584665775299072,13,13.0,YOLO,1,32,0.0,25.403736802190963,0.0,[],0.1052865982055664,0.0504837036132812,0.0504827499389648,0.0567710399627685,0.0007221698760986
20250724_010634_018,25,13,13,-27.6,25.36219953180982,-76.76867866516113,-76.76867866516113,0.1050000190734863,0.1021485328674316,13,13.0,YOLO,1,32,0.0,25.36219953180982,0.0,[],0.1046562194824218,0.0504708290100097,0.0504813194274902,0.0003998279571533,0.0007915496826171
20250724_010634_227,25,13,13,-27.6,23.99282374318157,-78.17947273254394,-78.17947273254394,0.1060304641723632,0.1584048271179199,13,13.0,YOLO,1,32,0.0,23.99282374318157,0.0,[],0.1056995391845703,0.0504858493804931,0.0504839420318603,0.0567302703857421,0.0006983280181884
20250724_010634_493,25,13,13,-27.6,24.1073738105126,-78.13337707519531,-78.13337707519531,0.1062886714935302,0.1020944118499755,13,13.0,YOLO,1,32,0.0,24.1073738105126,0.0,[],0.1059510707855224,0.0504827499389648,0.050462007522583,0.0004000663757324,0.0007433891296386
20250724_010634_703,25,13,13,-27.6,24.063744816027025,-78.26236610412597,-78.26236610412597,0.1053557395935058,0.158466100692749,13,13.0,YOLO,1,32,0.0,24.063744816027025,0.0,[],0.1050515174865722,0.050490379333496,0.0505037307739257,0.05674409866333,0.0007197856903076
20250724_010634_968,25,13,13,-27.6,24.06089491505503,-78.26807327270508,-78.26807327270508,0.106086254119873,0.1020839214324951,13,13.0,YOLO,1,32,0.0,24.06089491505503,0.0,[],0.1057486534118652,0.0504734516143798,0.0504651069641113,0.0004050731658935,0.0007345676422119
20250724_010635_178,25,13,13,-27.6,23.73623373802505,-78.42897300720215,-78.42897300720215,0.1063311100006103,0.1583752632141113,13,13.0,YOLO,1,32,0.0,23.73623373802505,0.0,[],0.1060020923614502,0.0504486560821533,0.0504610538482666,0.0567414760589599,0.0007176399230957
20250724_010635_444,25,NO_RADIO,13,-27.6,23.90473720733988,-78.32632293701172,-78.32632293701172,0.1032800674438476,0.1020750999450683,13,,CenterFallback,1,32,0.0,,,[],0.1029040813446044,0.0504951477050781,0.0504376888275146,0.0004034042358398,0.0007004737854003
20250724_010635_651,25,13,13,-27.6,24.41150378635888,-77.7769931793213,-77.7769931793213,0.1066205501556396,0.158442735671997,13,13.0,YOLO,1,32,0.0,24.41150378635888,0.0,[],0.1063013076782226,0.0504572391510009,0.0504865646362304,0.0567739009857177,0.0007188320159912
20250724_010635_918,25,13,13,-27.6,24.593055027912413,-77.7725456237793,-77.7725456237793,0.1058409214019775,0.1021223068237304,13,13.0,YOLO,1,32,0.0,24.593055027912413,0.0,[],0.1055109500885009,0.0504729747772216,0.0505220890045166,0.0003941059112548,0.000727891921997
20250724_010636_127,25,13,13,-27.6,24.3311610046175,-77.98672294616699,-77.98672294616699,0.1078593730926513,0.1583976745605468,13,13.0,YOLO,1,32,0.0,24.3311610046175,0.0,[],0.1075518131256103,0.0504460334777832,0.0504887104034423,0.0567407608032226,0.0007145404815673
20250724_010636_395,25,13,13,-27.6,24.273586095216416,-78.0143871307373,-78.0143871307373,0.1061995029449462,0.1020736694335937,13,13.0,YOLO,1,32,0.0,24.273586095216416,0.0,[],0.1058900356292724,0.050466775894165,0.050473928451538,0.0004029273986816,0.0007240772247314
20250724_010636_605,25,13,13,-27.6,24.6930569895564,-77.56811637878418,-77.56811637878418,0.126056432723999,0.1584367752075195,13,13.0,YOLO,1,32,0.0,24.6930569895564,0.0,[],0.1256661415100097,0.0505025386810302,0.0504920482635498,0.0567402839660644,0.0006957054138183
20250724_010636_891,25,13,13,-27.6,24.646969146791506,-77.40295906066895,-77.40295906066895,0.1059026718139648,0.1020212173461914,13,13.0,YOLO,1,32,0.0,24.646969146791506,0.0,[],0.1055519580841064,0.0504610538482666,0.0504415035247802,0.0003938674926757,0.0007195472717285
20250724_010637_101,25,13,13,-27.6,24.56789925450145,-77.72372665405274,-77.72372665405274,0.1055431365966796,0.1584138870239257,13,13.0,YOLO,1,32,0.0,24.56789925450145,0.0,[],0.1052138805389404,0.0504646301269531,0.0504539012908935,0.0567226409912109,0.0007646083831787
20250724_010637_366,25,12,12,-29.0,24.60365214280968,-77.60281410217286,-77.60281410217286,0.1060535907745361,0.1020324230194091,12,12.0,YOLO,1,32,0.0,24.60365214280968,0.0,[],0.1057748794555664,0.0504453182220459,0.0504438877105712,0.0004160404205322,0.0007205009460449
20250724_010637_576,25,12,12,-29.0,25.948015302295783,-76.30412864685059,-76.30412864685059,0.1052637100219726,0.1583800315856933,12,12.0,YOLO,1,32,0.0,25.948015302295783,0.0,[],0.1049458980560302,0.0504295825958251,0.0504484176635742,0.0567350387573242,0.0007598400115966
20250724_010637_841,25,12,12,-29.0,25.88356842144863,-76.35657119750977,-76.35657119750977,0.1048338413238525,0.1020269393920898,12,12.0,YOLO,1,32,0.0,25.88356842144863,0.0,[],0.1044905185699462,0.0504937171936035,0.0504438877105712,0.0003955364227294,0.0006885528564453
20250724_010638_050,26,12,12,-29.0,25.431321820248613,-76.8525276184082,-76.8525276184082,0.1045899391174316,0.1583943367004394,12,12.0,YOLO,1,32,0.0,25.431321820248613,0.0,[],0.1042683124542236,0.0504548549652099,0.0504596233367919,0.0567142963409423,0.000758409500122
20250724_010638_314,26,12,12,-29.0,25.354774565018133,-76.88829803466797,-76.88829803466797,0.1045124530792236,0.1021063327789306,12,12.0,YOLO,1,32,0.0,25.354774565018133,0.0,[],0.104182481765747,0.0504689216613769,0.05045747756958,0.0004000663757324,0.0007739067077636
20250724_010638_522,26,12,12,-29.0,25.3707424686296,-76.77593879699707,-76.77593879699707,0.1048851013183593,0.1584415435791015,12,12.0,YOLO,1,32,0.0,25.3707424686296,0.0,[],0.1045501232147216,0.0505008697509765,0.0505015850067138,0.0567359924316406,0.0006968975067138
20250724_010638_787,26,13,13,-27.6,25.223663013492526,-76.94697456359863,-76.94697456359863,0.1082749366760253,0.1024420261383056,13,13.0,YOLO,1,32,0.0,25.223663013492526,0.0,[],0.107936143875122,0.0504570007324218,0.0505032539367675,0.00048828125,0.0009818077087402
20250724_010639_000,26,13,13,-27.6,22.76575402915256,-79.33920936584472,-79.33920936584472,0.1022040843963623,0.1584010124206543,13,13.0,YOLO,1,32,0.0,22.76575402915256,0.0,[],0.1018667221069336,0.0504615306854248,0.050485610961914,0.0567207336425781,0.0007266998291015
20250724_010639_262,26,13,13,-27.6,22.877930705428994,-79.36996459960938,-79.36996459960938,0.1026184558868408,0.1021444797515869,13,13.0,YOLO,1,32,0.0,22.877930705428994,0.0,[],0.1022872924804687,0.0504932403564453,0.0504891872406005,0.0003995895385742,0.0007576942443847
20250724_010639_469,26,13,13,-27.6,22.60176417921768,-79.59361419677734,-79.59361419677734,0.1001827716827392,0.1584372520446777,13,13.0,YOLO,1,32,0.0,22.60176417921768,0.0,[],0.0998816490173339,0.0505058765411376,0.0504627227783203,0.0567421913146972,0.0007197856903076
20250724_010639_729,26,13,13,-27.6,22.85239529295562,-79.44820213317871,-79.44820213317871,0.1010408401489257,0.1020665168762207,13,13.0,YOLO,1,32,0.0,22.85239529295562,0.0,[],0.100738525390625,0.0504782199859619,0.0504899024963378,0.0003988742828369,0.000694990158081
20250724_010639_933,26,13,13,-27.6,23.20677754838964,-78.95064163208008,-78.95064163208008,0.1018590927124023,0.1584670543670654,13,13.0,YOLO,1,32,0.0,23.20677754838964,0.0,[],0.1015207767486572,0.0504708290100097,0.0504581928253173,0.0568125247955322,0.0007195472717285
20250724_010640_195,26,13,13,-27.6,23.150311649832148,-79.07675323486328,-79.07675323486328,0.101208209991455,0.1021265983581543,13,13.0,YOLO,1,32,0.0,23.150311649832148,0.0,[],0.1008667945861816,0.0504679679870605,0.0504922866821289,0.0004007816314697,0.0007598400115966
20250724_010640_400,26,13,13,-27.6,22.84583867943212,-79.4703125,-79.4703125,0.1010034084320068,0.158414602279663,13,13.0,YOLO,1,32,0.0,22.84583867943212,0.0,[],0.1006968021392822,0.0504813194274902,0.0504581928253173,0.0567243099212646,0.0007433891296386
20250724_010640_661,26,NO_RADIO,13,-27.6,22.923694449699127,-79.24588127136231,-79.24588127136231,0.1012570858001709,0.1021754741668701,13,,CenterFallback,1,32,0.0,,,[],0.1009078025817871,0.050462007522583,0.0505144596099853,0.0004029273986816,0.0007510185241699
20250724_010640_866,26,13,13,-27.6,23.300910672196224,-78.96663055419921,-78.96663055419921,0.1022541522979736,0.1587896347045898,13,13.0,YOLO,1,32,0.0,23.300910672196224,0.0,[],0.1019315719604492,0.0504457950592041,0.0504736900329589,0.0567893981933593,0.0010735988616943
20250724_010641_130,26,11,11,-30.5,23.320470312570976,-78.8313217163086,-78.8313217163086,0.103609561920166,0.1020238399505615,11,11.0,YOLO,1,32,0.0,23.320470312570976,0.0,[],0.1032278537750244,0.0504806041717529,0.0504622459411621,0.0003964900970458,0.0006792545318603
20250724_010641_337,26,11,11,-30.5,25.86090371314616,-76.32944755554199,-76.32944755554199,0.1037030220031738,0.1583859920501709,11,11.0,YOLO,1,32,0.0,25.86090371314616,0.0,[],0.1033790111541748,0.0504448413848876,0.050438642501831,0.056779146194458,0.0007169246673583
20250724_010641_600,26,11,11,-30.5,25.77640133095136,-76.40999832153321,-76.40999832153321,0.1054885387420654,0.1019730567932128,11,11.0,YOLO,1,32,0.0,25.77640133095136,0.0,[],0.1051270961761474,0.0504617691040039,0.0504333972930908,0.0003986358642578,0.0006742477416992
20250724_010641_810,26,11,11,-30.5,25.947933428569517,-76.28320198059082,-76.28320198059082,0.1057565212249755,0.158435583114624,11,11.0,YOLO,1,32,0.0,25.947933428569517,0.0,[],0.1053948402404785,0.0504555702209472,0.0504596233367919,0.0567908287048339,0.0007226467132568
20250724_010642_075,27,12,12,-29.0,26.132349215003003,-76.16619071960449,-76.16619071960449,0.1020159721374511,0.1020843982696533,12,12.0,YOLO,1,32,0.0,26.132349215003003,0.0,[],0.101682424545288,0.0505087375640869,0.0504629611968994,0.00040864944458,0.0006985664367675
20250724_010642_281,27,12,12,-29.0,24.498881315125654,-77.64853057861328,-77.64853057861328,0.1030948162078857,0.1583642959594726,12,12.0,YOLO,1,32,0.0,24.498881315125654,0.0,[],0.102750539779663,0.0504968166351318,0.0504469871520996,0.0567314624786376,0.0006821155548095
20250724_010642_544,27,12,12,-29.0,24.568608487219837,-77.74958724975586,-77.74958724975586,0.0896461009979248,0.102043867111206,12,12.0,YOLO,1,32,0.0,24.568608487219837,0.0,[],0.0893142223358154,0.0504670143127441,0.0504767894744873,0.0003890991210937,0.0007057189941406
20250724_010642_737,27,12,12,-29.0,25.09062723968991,-77.1596664428711,-77.1596664428711,0.1026248931884765,0.1583993434906005,12,12.0,YOLO,1,32,0.0,25.09062723968991,0.0,[],0.1022999286651611,0.0504791736602783,0.0504701137542724,0.0567307472229003,0.0007126331329345
20250724_010643_000,27,12,12,-29.0,25.04547978238104,-77.30831184387208,-77.30831184387208,0.0962610244750976,0.102327823638916,12,12.0,YOLO,1,32,0.0,25.04547978238104,0.0,[],0.0959436893463134,0.0504770278930664,0.0504970550537109,0.0005257129669189,0.0008223056793212
20250724_010643_201,27,12,12,-29.0,24.53656491664313,-77.6176097869873,-77.6176097869873,0.100771427154541,0.1584680080413818,12,12.0,YOLO,1,32,0.0,24.53656491664313,0.0,[],0.1002018451690673,0.0504837036132812,0.0504748821258544,0.0567750930786132,0.0007281303405761
20250724_010643_462,27,12,12,-29.0,24.63592461215299,-77.5710235595703,-77.5710235595703,0.1019318103790283,0.1020052433013916,12,12.0,YOLO,1,32,0.0,24.63592461215299,0.0,[],0.1015605926513671,0.0504219532012939,0.0504586696624755,0.0004034042358398,0.0007152557373046
20250724_010643_667,27,12,12,-29.0,24.95633389718648,-77.17242126464843,-77.17242126464843,0.1014678478240966,0.1584601402282714,12,12.0,YOLO,1,32,0.0,24.95633389718648,0.0,[],0.1011953353881836,0.0504934787750244,0.0504791736602783,0.0567641258239746,0.0007171630859375
20250724_010643_929,27,12,12,-29.0,24.90163720160615,-77.32337532043456,-77.32337532043456,0.0999431610107421,0.1021125316619873,12,12.0,YOLO,1,32,0.0,24.90163720160615,0.0,[],0.0996627807617187,0.0504882335662841,0.0504896640777587,0.0003993511199951,0.000730276107788
20250724_010644_132,27,12,12,-29.0,25.026305350748487,-77.13806228637695,-77.13806228637695,0.099992036819458,0.1583318710327148,12,12.0,YOLO,1,32,0.0,25.026305350748487,0.0,[],0.0996959209442138,0.0504577159881591,0.0504469871520996,0.0566904544830322,0.0007317066192626
20250724_010644_392,27,12,12,-29.0,25.021704471650708,-77.1790599822998,-77.1790599822998,0.1034183502197265,0.1020362377166748,12,12.0,YOLO,1,32,0.0,25.021704471650708,0.0,[],0.1030921936035156,0.0504803657531738,0.0504603385925293,0.0003838539123535,0.0007064342498779
20250724_010644_599,27,12,12,-29.0,24.698440536359584,-77.57105255126953,-77.57105255126953,0.1028752326965332,0.1583964824676513,12,12.0,YOLO,1,32,0.0,24.698440536359584,0.0,[],0.1025478839874267,0.0504486560821533,0.0504934787750244,0.0567362308502197,0.0007119178771972
20250724_010644_862,27,12,12,-29.0,24.66257230110452,-77.54643974304199,-77.54643974304199,0.1028010845184326,0.1021451950073242,12,12.0,YOLO,1,32,0.0,24.66257230110452,0.0,[],0.1024303436279296,0.0504984855651855,0.0504751205444335,0.0004124641418457,0.00075364112854
20250724_010645_069,27,11,11,-30.5,25.31282653199476,-76.96012802124024,-76.96012802124024,0.0994448661804199,0.1586601734161377,11,11.0,YOLO,1,32,0.0,25.31282653199476,0.0,[],0.0991284847259521,0.0505011081695556,0.0504837036132812,0.0567591190338134,0.000908613204956
20250724_010645_329,27,11,11,-30.5,25.429179863641977,-76.86809272766114,-76.86809272766114,0.1021492481231689,0.1025745868682861,11,11.0,YOLO,1,32,0.0,25.429179863641977,0.0,[],0.1017396450042724,0.0504958629608154,0.0505130290985107,0.0007646083831787,0.0007953643798828
20250724_010645_535,27,11,11,-30.5,25.3814976648989,-76.8351993560791,-76.8351993560791,0.1019208431243896,0.1585252285003662,11,11.0,YOLO,1,32,0.0,25.3814976648989,0.0,[],0.1015031337738037,0.0505056381225585,0.0504724979400634,0.0567643642425537,0.0007758140563964
20250724_010645_797,27,11,11,-30.5,25.41701147322503,-76.87211761474609,-76.87211761474609,0.1007144451141357,0.1021633148193359,11,11.0,YOLO,1,32,0.0,25.41701147322503,0.0,[],0.1003851890563964,0.0505108833312988,0.0505440235137939,0.0004005432128906,0.0007007122039794
20250724_010646_002,28,11,11,-30.5,24.387055460165072,-77.96174583435058,-77.96174583435058,0.101780891418457,0.158503770828247,11,11.0,YOLO,1,32,0.0,24.387055460165072,0.0,[],0.1014320850372314,0.050504446029663,0.050464391708374,0.0567548274993896,0.0007739067077636
20250724_010646_264,28,11,11,-30.5,24.13240411535089,-78.09156494140625,-78.09156494140625,0.1009132862091064,0.1021363735198974,11,11.0,YOLO,1,32,0.0,24.13240411535089,0.0,[],0.1005871295928955,0.0505182743072509,0.0505154132843017,0.0004053115844726,0.0006928443908691
20250724_010646_468,28,11,11,-30.5,24.14113702915749,-78.12404136657715,-78.12404136657715,0.1017255783081054,0.1586694717407226,11,11.0,YOLO,1,32,0.0,24.14113702915749,0.0,[],0.1013791561126709,0.0505242347717285,0.0505092144012451,0.0567891597747802,0.0008387565612792
20250724_010646_731,28,11,11,-30.5,24.254339055629828,-77.95013122558593,-77.95013122558593,0.1281747817993164,0.1022121906280517,11,11.0,YOLO,1,32,0.0,24.254339055629828,0.0,[],0.1277735233306884,0.0505397319793701,0.0505173206329345,0.0003972053527832,0.0007517337799072
20250724_010646_962,28,11,11,-30.5,24.206113077652844,-78.02325897216797,-78.02325897216797,0.1009466648101806,0.1585075855255127,11,11.0,YOLO,1,32,0.0,24.206113077652844,0.0,[],0.1006374359130859,0.0504989624023437,0.0504446029663085,0.0568242073059082,0.0007333755493164
20250724_010647_224,28,11,11,-30.5,24.03336776346451,-78.2437026977539,-78.2437026977539,0.1009988784790039,0.1021451950073242,11,11.0,YOLO,1,32,0.0,24.03336776346451,0.0,[],0.1006379127502441,0.0504941940307617,0.0504946708679199,0.0003976821899414,0.0007531642913818
20250724_010647_428,28,11,11,-30.5,24.04071241981154,-78.30158996582031,-78.30158996582031,0.0985629558563232,0.1585443019866943,11,11.0,YOLO,1,32,0.0,24.04071241981154,0.0,[],0.0982587337493896,0.0504581928253173,0.0504429340362548,0.0567672252655029,0.0008697509765625
20250724_010647_687,28,11,11,-30.5,24.225693513326988,-78.00762634277343,-78.00762634277343,0.1050610542297363,0.1020936965942382,11,11.0,YOLO,1,32,0.0,24.225693513326988,0.0,[],0.1047260761260986,0.0504822731018066,0.0504908561706543,0.0004029273986816,0.0007119178771972
20250724_010647_896,28,11,11,-30.5,24.30981055631051,-77.94407577514649,-77.94407577514649,0.1013331413269043,0.1585211753845214,11,11.0,YOLO,1,32,0.0,24.30981055631051,0.0,[],0.101006269454956,0.0505092144012451,0.050499677658081,0.0567865371704101,0.0007195472717285
20250724_010648_157,28,11,11,-30.5,24.387298990761,-77.72029113769531,-77.72029113769531,0.1063711643218994,0.1027588844299316,11,11.0,YOLO,1,32,0.0,24.387298990761,0.0,[],0.1060059070587158,0.0505411624908447,0.0505564212799072,0.0004642009735107,0.00118088722229
20250724_010648_369,28,11,11,-30.5,24.60941101047472,-77.70009536743164,-77.70009536743164,0.1005387306213378,0.1584310531616211,11,11.0,YOLO,1,32,0.0,24.60941101047472,0.0,[],0.1000466346740722,0.0504872798919677,0.0504786968231201,0.0567526817321777,0.0007054805755615
20250724_010648_629,28,11,11,-30.5,24.76795546721597,-77.45997772216796,-77.45997772216796,0.095189094543457,0.1021645069122314,11,11.0,YOLO,1,32,0.0,24.76795546721597,0.0,[],0.0948858261108398,0.0505154132843017,0.0504853725433349,0.0004003047943115,0.0007572174072265
20250724_010648_828,28,11,11,-30.5,24.46728309382865,-77.7578125,-77.7578125,0.1084828376770019,0.1584904193878173,11,11.0,YOLO,1,32,0.0,24.46728309382865,0.0,[],0.1081140041351318,0.0504672527313232,0.0505096912384033,0.0567889213562011,0.0007188320159912
20250724_010649_097,28,10,10,-31.9,24.36453895005637,-77.94711608886719,-77.94711608886719,0.1070256233215332,0.10207200050354,10,10.0,YOLO,1,32,0.0,24.36453895005637,0.0,[],0.1067078113555908,0.0504722595214843,0.0504682064056396,0.000425100326538,0.0007016658782958
20250724_010649_307,28,10,10,-31.9,26.055672166302045,-76.19056549072266,-76.19056549072266,0.1054213047027587,0.1587681770324707,10,10.0,YOLO,1,32,0.0,26.055672166302045,0.0,[],0.1050992012023925,0.0504481792449951,0.050478458404541,0.0567882061004638,0.0010464191436767
20250724_010649_574,28,10,10,-31.9,26.045956548802167,-76.20497398376465,-76.20497398376465,0.1063601970672607,0.1020979881286621,10,10.0,YOLO,1,32,0.0,26.045956548802167,0.0,[],0.1059589385986328,0.0504693984985351,0.0505156517028808,0.0003986358642578,0.0007083415985107
20250724_010649_784,28,10,10,-31.9,25.70591170341517,-76.58556938171387,-76.58556938171387,0.1048541069030761,0.1584787368774414,10,10.0,YOLO,1,32,0.0,25.70591170341517,0.0,[],0.1045255661010742,0.0504941940307617,0.0504882335662841,0.0567784309387207,0.0007112026214599
20250724_010650_049,29,10,10,-31.9,25.64346256252618,-76.67500381469726,-76.67500381469726,0.1063034534454345,0.1020939350128173,10,10.0,YOLO,1,32,0.0,25.64346256252618,0.0,[],0.1059658527374267,0.0504124164581298,0.0504753589630126,0.0003964900970458,0.0008044242858886
20250724_010650_259,29,10,10,-31.9,24.92563636439411,-77.2662395477295,-77.2662395477295,0.1051201820373535,0.1584246158599853,10,10.0,YOLO,1,32,0.0,24.92563636439411,0.0,[],0.1047368049621582,0.0504989624023437,0.0504748821258544,0.0567443370819091,0.0007002353668212
20250724_010650_524,29,10,10,-31.9,24.844197632163286,-77.50863761901856,-77.50863761901856,0.105593204498291,0.1020286083221435,10,10.0,YOLO,1,32,0.0,24.844197632163286,0.0,[],0.1052479743957519,0.0504474639892578,0.0504395961761474,0.0003995895385742,0.0007364749908447
20250724_010650_733,29,10,10,-31.9,24.704349005562108,-77.60298957824708,-77.60298957824708,0.1064605712890625,0.1583704948425293,10,10.0,YOLO,1,32,0.0,24.704349005562108,0.0,[],0.1061203479766845,0.0504543781280517,0.0504505634307861,0.0567517280578613,0.000706672668457
20250724_010650_999,29,11,11,-30.5,24.68533746012241,-77.52366371154785,-77.52366371154785,0.1068475246429443,0.1021080017089843,11,11.0,YOLO,1,32,0.0,24.68533746012241,0.0,[],0.1064801216125488,0.0505220890045166,0.0504529476165771,0.0004055500030517,0.0007221698760986
20250724_010651_210,29,NO_RADIO,11,-30.5,22.80019908178204,-79.30669593811035,-79.30669593811035,0.1034071445465087,0.1585443019866943,11,,CenterFallback,1,32,0.0,,,[],0.1031241416931152,0.0505068302154541,0.0505273342132568,0.0567619800567626,0.0006980895996093
20250724_010651_473,29,NO_RADIO,11,-30.5,22.799155235429996,-79.38779792785644,-79.38779792785644,0.1035375595092773,0.1021230220794677,11,,CenterFallback,1,32,0.0,,,[],0.103208303451538,0.050487995147705,0.0504779815673828,0.0003993511199951,0.0007200241088867
20250724_010651_681,29,10,10,-31.9,24.956581060828853,-77.29146156311035,-77.29146156311035,0.1069328784942627,0.1584534645080566,10,10.0,YOLO,1,32,0.0,24.956581060828853,0.0,[],0.1066205501556396,0.0504908561706543,0.0504798889160156,0.0567426681518554,0.0007333755493164
20250724_010651_948,29,10,10,-31.9,25.130118831493817,-77.21240882873535,-77.21240882873535,0.1078028678894043,0.1019954681396484,10,10.0,YOLO,1,32,0.0,25.130118831493817,0.0,[],0.1074819564819336,0.0504162311553955,0.0504636764526367,0.0003976821899414,0.0007126331329345
20250724_010652_159,29,10,10,-31.9,24.817944067000283,-77.34424629211426,-77.34424629211426,0.1055600643157959,0.158402681350708,10,10.0,YOLO,1,32,0.0,24.817944067000283,0.0,[],0.1052498817443847,0.050494909286499,0.0504839420318603,0.0567185878753662,0.0006990432739257
20250724_010652_425,29,10,10,-31.9,25.122857051847973,-77.11098785400391,-77.11098785400391,0.1045835018157959,0.102020263671875,10,10.0,YOLO,1,32,0.0,25.122857051847973,0.0,[],0.1042487621307373,0.0504610538482666,0.0504734516143798,0.0003962516784667,0.0006847381591796
20250724_010652_633,29,10,10,-31.9,24.899975561970493,-77.25634689331055,-77.25634689331055,0.1048369407653808,0.1583657264709472,10,10.0,YOLO,1,32,0.0,24.899975561970493,0.0,[],0.1044681072235107,0.050466775894165,0.050443410873413,0.056734561920166,0.0007150173187255
20250724_010652_898,29,10,10,-31.9,24.9166722678211,-77.35517501831055,-77.35517501831055,0.1066334247589111,0.1020679473876953,10,10.0,YOLO,1,32,0.0,24.9166722678211,0.0,[],0.1062748432159423,0.0504581928253173,0.0505025386810302,0.0003724098205566,0.0007300376892089
20250724_010653_108,29,9,9,-33.4,26.137161361199105,-76.0332748413086,-76.0332748413086,0.1070973873138427,0.1585969924926757,9,9.0,YOLO,1,32,0.0,26.137161361199105,0.0,[],0.1067867279052734,0.0504722595214843,0.0504555702209472,0.056732177734375,0.000929832458496
20250724_010653_375,29,9,9,-33.4,26.09958754513769,-76.09035110473633,-76.09035110473633,0.106363296508789,0.1020529270172119,9,9.0,YOLO,1,32,0.0,26.09958754513769,0.0,[],0.105980634689331,0.0504696369171142,0.0504665374755859,0.000399112701416,0.0007116794586181
20250724_010653_585,29,9,9,-33.4,25.82404878164617,-76.50794219970703,-76.50794219970703,0.1053798198699951,0.1584219932556152,9,9.0,YOLO,1,32,0.0,25.82404878164617,0.0,[],0.1050817966461181,0.050447940826416,0.0504801273345947,0.0567798614501953,0.0007073879241943
20250724_010653_851,29,10,10,-31.9,25.797055674957264,-76.37820434570312,-76.37820434570312,0.1063511371612548,0.1020183563232421,10,10.0,YOLO,1,32,0.0,25.797055674957264,0.0,[],0.1060359477996826,0.0504596233367919,0.0504775047302246,0.0003998279571533,0.0006763935089111
20250724_010654_061,30,10,10,-31.9,23.561090129517822,-78.67540740966797,-78.67540740966797,0.1071593761444091,0.1586031913757324,10,10.0,YOLO,1,32,0.0,23.561090129517822,0.0,[],0.1068167686462402,0.0504736900329589,0.0505478382110595,0.0567269325256347,0.0008482933044433
20250724_010654_328,30,10,10,-31.9,23.582714999556643,-78.74682884216308,-78.74682884216308,0.1042170524597168,0.1021656990051269,10,10.0,YOLO,1,32,0.0,23.582714999556643,0.0,[],0.1039233207702636,0.0504610538482666,0.0504419803619384,0.0004394054412841,0.0008177757263183
20250724_010654_537,30,10,10,-31.9,23.75796989676553,-78.43831024169921,-78.43831024169921,0.1048178672790527,0.1585519313812255,10,10.0,YOLO,1,32,0.0,23.75796989676553,0.0,[],0.1044275760650634,0.0505347251892089,0.0505166053771972,0.0567502975463867,0.0007424354553222
20250724_010654_802,30,10,10,-31.9,23.825369122307663,-78.4301856994629,-78.4301856994629,0.105961799621582,0.1021375656127929,10,10.0,YOLO,1,32,0.0,23.825369122307663,0.0,[],0.1055762767791748,0.0505092144012451,0.0504970550537109,0.0004148483276367,0.0007109642028808
20250724_010655_011,30,10,10,-31.9,23.648100657151275,-78.64547729492188,-78.64547729492188,0.1052920818328857,0.1586170196533203,10,10.0,YOLO,1,32,0.0,23.648100657151275,0.0,[],0.1049425601959228,0.0505506992340087,0.0505192279815673,0.0568301677703857,0.0007097721099853
20250724_010655_277,30,10,10,-31.9,23.638699383201924,-78.64547729492188,-78.64547729492188,0.105907917022705,0.1020810604095459,10,10.0,YOLO,1,32,0.0,23.638699383201924,0.0,[],0.1055929660797119,0.0505032539367675,0.0504860877990722,0.0003962516784667,0.0006914138793945
20250724_010655_486,30,9,9,-33.4,25.437194424881724,-76.87853775024413,-76.87853775024413,0.0967817306518554,0.1584298610687255,9,9.0,YOLO,1,32,0.0,25.437194424881724,0.0,[],0.0964746475219726,0.0505132675170898,0.0504443645477294,0.0567281246185302,0.0007379055023193
20250724_010655_743,30,10,10,-31.9,25.485674045572978,-76.8338005065918,-76.8338005065918,0.0985262393951416,0.102102518081665,10,10.0,YOLO,1,32,0.0,25.485674045572978,0.0,[],0.0982139110565185,0.0505063533782959,0.050471544265747,0.0003969669342041,0.0007212162017822
20250724_010655_946,30,9,9,-33.4,25.39952973744353,-76.73194885253906,-76.73194885253906,0.1004889011383056,0.1584615707397461,9,9.0,YOLO,1,32,0.0,25.39952973744353,0.0,[],0.1001811027526855,0.0504441261291503,0.0504999160766601,0.0567865371704101,0.0007252693176269
20250724_010656_206,30,9,9,-33.4,25.44061475109862,-76.69592323303223,-76.69592323303223,0.1018958091735839,0.1020705699920654,9,9.0,YOLO,1,32,0.0,25.44061475109862,0.0,[],0.1016006469726562,0.0504593849182128,0.0504863262176513,0.0004010200500488,0.0007188320159912
20250724_010656_412,30,9,9,-33.4,25.43711295101882,-76.81277008056641,-76.81277008056641,0.1023128032684326,0.1584446430206298,9,9.0,YOLO,1,32,0.0,25.43711295101882,0.0,[],0.1019556522369384,0.0504627227783203,0.0504946708679199,0.0567736625671386,0.0007064342498779
20250724_010656_674,30,10,10,-31.9,25.43727401912368,-76.73947105407714,-76.73947105407714,0.1036622524261474,0.1021502017974853,10,10.0,YOLO,1,32,0.0,25.43727401912368,0.0,[],0.1033601760864257,0.0505135059356689,0.0505182743072509,0.0004048347473144,0.0007088184356689
20250724_010656_881,30,10,10,-31.9,24.35637903592307,-77.89414710998535,-77.89414710998535,0.1243448257446289,0.1583893299102783,10,10.0,YOLO,1,32,0.0,24.35637903592307,0.0,[],0.1239738464355468,0.0504403114318847,0.0504908561706543,0.0567226409912109,0.0007245540618896
20250724_010657_166,30,9,9,-33.4,24.481359849011724,-77.74515838623047,-77.74515838623047,0.1029746532440185,0.1022419929504394,9,9.0,YOLO,1,32,0.0,24.481359849011724,0.0,[],0.1026210784912109,0.0506312847137451,0.0504775047302246,0.0004141330718994,0.0007135868072509
20250724_010657_373,30,9,9,-33.4,25.781676031897632,-76.3873348236084,-76.3873348236084,0.1027789115905761,0.1584255695343017,9,9.0,YOLO,1,32,0.0,25.781676031897632,0.0,[],0.1023883819580078,0.0504641532897949,0.0504889488220214,0.056748628616333,0.0007169246673583
20250724_010657_635,30,9,9,-33.4,25.76814933269381,-76.49143333435059,-76.49143333435059,0.105597972869873,0.1021120548248291,9,9.0,YOLO,1,32,0.0,25.76814933269381,0.0,[],0.1052327156066894,0.0504641532897949,0.0504767894744873,0.0004208087921142,0.0007448196411132
20250724_010657_845,30,9,9,-33.4,25.68771612808426,-76.53530845642089,-76.53530845642089,0.1025197505950927,0.1583855152130127,9,9.0,YOLO,1,32,0.0,25.68771612808426,0.0,[],0.1022019386291503,0.0504884719848632,0.0504639148712158,0.0567138195037841,0.0007126331329345
20250724_010658_107,31,9,9,-33.4,25.644715808849583,-76.60157928466796,-76.60157928466796,0.1027407646179199,0.1021270751953125,9,9.0,YOLO,1,32,0.0,25.644715808849583,0.0,[],0.1023998260498046,0.0505528450012207,0.0504553318023681,0.0004031658172607,0.0007109642028808
20250724_010658_314,31,9,9,-33.4,24.657938718142702,-77.67095718383788,-77.67095718383788,0.1021628379821777,0.1583166122436523,9,9.0,YOLO,1,32,0.0,24.657938718142702,0.0,[],0.1018445491790771,0.0504660606384277,0.0504345893859863,0.0567021369934082,0.0007078647613525
20250724_010658_576,31,9,9,-33.4,24.59581450002095,-77.6176097869873,-77.6176097869873,0.1051437854766845,0.1020851135253906,9,9.0,YOLO,1,32,0.0,24.59581450002095,0.0,[],0.1048173904418945,0.0504570007324218,0.0504777431488037,0.0004129409790039,0.0007307529449462
20250724_010658_785,31,9,9,-33.4,24.839149779680568,-77.40797386169433,-77.40797386169433,0.1017394065856933,0.1584131717681884,9,9.0,YOLO,1,32,0.0,24.839149779680568,0.0,[],0.1014103889465332,0.0505039691925048,0.050459861755371,0.05672287940979,0.0007197856903076
20250724_010659_046,31,9,9,-33.4,24.973475170938585,-77.18953094482421,-77.18953094482421,0.1029496192932128,0.1020722389221191,9,9.0,YOLO,1,32,0.0,24.973475170938585,0.0,[],0.1026153564453125,0.0504782199859619,0.0504624843597412,0.0003979206085205,0.0007281303405761
20250724_010659_253,31,9,9,-33.4,24.673655865032828,-77.53456268310546,-77.53456268310546,0.1030237674713134,0.1584105491638183,9,9.0,YOLO,1,32,0.0,24.673655865032828,0.0,[],0.1027119159698486,0.0504841804504394,0.050464391708374,0.0567443370819091,0.0007100105285644
20250724_010659_516,31,9,9,-33.4,24.512131740420458,-77.70042114257812,-77.70042114257812,0.1044604778289794,0.1021075248718261,9,9.0,YOLO,1,32,0.0,24.512131740420458,0.0,[],0.1041104793548584,0.0505087375640869,0.0504813194274902,0.0004045963287353,0.000706672668457
20250724_010659_724,31,8,8,-34.8,25.1383858108302,-77.0778305053711,-77.0778305053711,0.1027369499206543,0.1584184169769287,8,8.0,YOLO,1,32,0.0,25.1383858108302,0.0,[],0.102428913116455,0.0504627227783203,0.0504877567291259,0.0567443370819091,0.0007171630859375
20250724_010659_987,31,9,9,-33.4,25.215937619339652,-76.96101112365723,-76.96101112365723,0.1042971611022949,0.1021633148193359,9,9.0,YOLO,1,32,0.0,25.215937619339652,0.0,[],0.1039910316467285,0.0504846572875976,0.0504815578460693,0.0004019737243652,0.0007894039154052
20250724_010700_195,31,9,9,-33.4,24.840138390336666,-77.38008766174316,-77.38008766174316,0.1026098728179931,0.1583890914916992,9,9.0,YOLO,1,32,0.0,24.840138390336666,0.0,[],0.1022875308990478,0.0504541397094726,0.0504665374755859,0.0567286014556884,0.0007321834564208
20250724_010700_457,31,9,9,-33.4,24.83392661666302,-77.29580688476562,-77.29580688476562,0.1031084060668945,0.1019976139068603,9,9.0,YOLO,1,32,0.0,24.83392661666302,0.0,[],0.1027491092681884,0.0504360198974609,0.0504324436187744,0.0004012584686279,0.0007219314575195
20250724_010700_664,31,9,9,-33.4,24.250856801937985,-77.83197784423828,-77.83197784423828,0.0992217063903808,0.158484935760498,9,9.0,YOLO,1,32,0.0,24.250856801937985,0.0,[],0.0989091396331787,0.0504612922668457,0.0505170822143554,0.0567939281463623,0.000706672668457
20250724_010700_923,31,9,9,-33.4,24.29129575175591,-77.95013122558593,-77.95013122558593,0.1020112037658691,0.1020712852478027,9,9.0,YOLO,1,32,0.0,24.29129575175591,0.0,[],0.1016867160797119,0.0504755973815918,0.0504772663116455,0.0004007816314697,0.0007109642028808
20250724_010701_129,31,8,8,-34.8,25.117098471454938,-76.92025299072266,-76.92025299072266,0.1018993854522705,0.1585462093353271,8,8.0,YOLO,1,32,0.0,25.117098471454938,0.0,[],0.1015877723693847,0.0504751205444335,0.0504937171936035,0.0567765235900878,0.00079345703125
20250724_010701_391,31,8,8,-34.8,25.19665297752444,-76.94861106872558,-76.94861106872558,0.0974476337432861,0.1020708084106445,8,8.0,YOLO,1,32,0.0,25.19665297752444,0.0,[],0.0971491336822509,0.0504741668701171,0.0504713058471679,0.0004055500030517,0.0007131099700927
20250724_010701_592,31,8,8,-34.8,25.07144456937388,-77.04253387451172,-77.04253387451172,0.0971488952636718,0.1584186553955078,8,8.0,YOLO,1,32,0.0,25.07144456937388,0.0,[],0.0968086719512939,0.0504746437072753,0.0504558086395263,0.056774616241455,0.0007061958312988
20250724_010701_849,31,8,8,-34.8,24.93803000009271,-77.30499877929688,-77.30499877929688,0.1001465320587158,0.1020915508270263,8,8.0,YOLO,1,32,0.0,24.93803000009271,0.0,[],0.0997817516326904,0.0504846572875976,0.0504679679870605,0.0004010200500488,0.0007321834564208
20250724_010702_053,32,8,8,-34.8,24.332118130034047,-77.93165092468261,-77.93165092468261,0.1019291877746582,0.1586103439331054,8,8.0,YOLO,1,32,0.0,24.332118130034047,0.0,[],0.1016008853912353,0.0505621433258056,0.0505492687225341,0.0567812919616699,0.0007112026214599
20250724_010702_315,32,8,8,-34.8,24.30855520037727,-77.98064193725585,-77.98064193725585,0.103339672088623,0.102109670639038,8,8.0,YOLO,1,32,0.0,24.30855520037727,0.0,[],0.1030113697052002,0.0504662990570068,0.0504431724548339,0.0004191398620605,0.0007753372192382
20250724_010702_522,32,8,8,-34.8,24.00040240305464,-78.1683563232422,-78.1683563232422,0.1018459796905517,0.158337116241455,8,8.0,YOLO,1,32,0.0,24.00040240305464,0.0,[],0.1015033721923828,0.0504498481750488,0.050441026687622,0.056725263595581,0.0007147789001464
20250724_010702_784,32,8,8,-34.8,24.253859297145368,-78.15186958312988,-78.15186958312988,0.1063442230224609,0.1020727157592773,8,8.0,YOLO,1,32,0.0,24.253859297145368,0.0,[],0.1060132980346679,0.050473928451538,0.0504562854766845,0.0004041194915771,0.0007321834564208
20250724_010702_994,32,8,8,-34.8,24.27135349333088,-77.9191505432129,-77.9191505432129,0.1026046276092529,0.1583788394927978,8,8.0,YOLO,1,32,0.0,24.27135349333088,0.0,[],0.1022899150848388,0.0504684448242187,0.0504601001739501,0.0567221641540527,0.0007216930389404
20250724_010703_257,32,8,8,-34.8,24.309463787956417,-77.9576644897461,-77.9576644897461,0.1028914451599121,0.1020529270172119,8,8.0,YOLO,1,32,0.0,24.309463787956417,0.0,[],0.1025514602661132,0.0505056381225585,0.0504295825958251,0.0003952980041503,0.000716209411621
20250724_010703_463,32,8,8,-34.8,24.43702885180689,-77.7405559539795,-77.7405559539795,0.1030449867248535,0.1584126949310302,8,8.0,YOLO,1,32,0.0,24.43702885180689,0.0,[],0.1027076244354248,0.0504615306854248,0.050452709197998,0.0567762851715087,0.0007154941558837
20250724_010703_726,32,8,8,-34.8,24.23415717801072,-77.89926147460938,-77.89926147460938,0.1045517921447753,0.1020538806915283,8,8.0,YOLO,1,32,0.0,24.23415717801072,0.0,[],0.1042397022247314,0.0504653453826904,0.050485610961914,0.0003924369812011,0.0007059574127197
20250724_010703_934,32,8,8,-34.8,24.526625175787245,-77.71977958679199,-77.71977958679199,0.0983788967132568,0.1586818695068359,8,8.0,YOLO,1,32,0.0,24.526625175787245,0.0,[],0.0980150699615478,0.0505552291870117,0.0505361557006835,0.0568118095397949,0.0007712841033935
20250724_010704_193,32,8,8,-34.8,24.272931133429523,-77.93064651489257,-77.93064651489257,0.1029078960418701,0.1021084785461425,8,8.0,YOLO,1,32,0.0,24.272931133429523,0.0,[],0.1025540828704834,0.0504705905914306,0.0504786968231201,0.0004148483276367,0.0007388591766357
20250724_010704_400,32,8,8,-34.8,24.546485762227377,-77.62907409667969,-77.62907409667969,0.1031794548034668,0.1584157943725586,8,8.0,YOLO,1,32,0.0,24.546485762227377,0.0,[],0.1028411388397216,0.0504477024078369,0.0504326820373535,0.0567917823791503,0.0007367134094238
20250724_010704_663,32,8,8,-34.8,24.543312201456047,-77.65769538879394,-77.65769538879394,0.1063346862792968,0.1021544933319091,8,8.0,YOLO,1,32,0.0,24.543312201456047,0.0,[],0.1059732437133789,0.050508975982666,0.0504813194274902,0.0003933906555175,0.0007650852203369
20250724_010704_873,32,8,8,-34.8,24.662000055553648,-77.51525993347168,-77.51525993347168,0.1016275882720947,0.1584203243255615,8,8.0,YOLO,1,32,0.0,24.662000055553648,0.0,[],0.101229190826416,0.0504336357116699,0.0504403114318847,0.0567629337310791,0.0007770061492919
20250724_010705_135,32,7,7,-36.3,24.725808230663034,-77.51468658447266,-77.51468658447266,0.103928804397583,0.1020185947418212,7,7.0,YOLO,1,32,0.0,24.725808230663034,0.0,[],0.1036150455474853,0.0504803657531738,0.0504493713378906,0.0004019737243652,0.0006814002990722
20250724_010705_342,32,7,7,-36.3,26.30900427982621,-75.84943199157715,-75.84943199157715,0.1013829708099365,0.1584436893463134,7,7.0,YOLO,1,32,0.0,26.30900427982621,0.0,[],0.101032018661499,0.0505144596099853,0.0504698753356933,0.0567212104797363,0.0007314682006835
20250724_010705_604,32,7,7,-36.3,26.3967882301625,-75.89976196289062,-75.89976196289062,0.1035106182098388,0.1025679111480712,7,7.0,YOLO,1,32,0.0,26.3967882301625,0.0,[],0.1031785011291503,0.0504870414733886,0.050534963607788,0.000415563583374,0.0011239051818847
20250724_010705_812,32,7,7,-36.3,26.29779283638412,-76.02058143615723,-76.02058143615723,0.1008079051971435,0.1588711738586425,7,7.0,YOLO,1,32,0.0,26.29779283638412,0.0,[],0.1004533767700195,0.0504887104034423,0.0504660606384277,0.0567636489868164,0.0011441707611083
20250724_010706_074,33,8,8,-34.8,26.057324965117672,-76.26135063171387,-76.26135063171387,0.1042025089263916,0.1020681858062744,8,8.0,YOLO,1,32,0.0,26.057324965117672,0.0,[],0.1038968563079834,0.0504868030548095,0.0504713058471679,0.0004329681396484,0.0006711483001708
20250724_010706_281,33,8,8,-34.8,23.460107611643764,-78.91364479064941,-78.91364479064941,0.1001868247985839,0.1583528518676757,8,8.0,YOLO,1,32,0.0,23.460107611643764,0.0,[],0.0998790264129638,0.0504515171051025,0.0504515171051025,0.0567343235015869,0.0007097721099853
20250724_010706_542,33,7,7,-36.3,23.29095835652969,-78.98053970336915,-78.98053970336915,0.1001420021057128,0.1020536422729492,7,7.0,YOLO,1,32,0.0,23.29095835652969,0.0,[],0.0998384952545166,0.0504677295684814,0.0504753589630126,0.0004031658172607,0.000701904296875
20250724_010706_745,33,7,7,-36.3,26.21030618088062,-76.08489227294922,-76.08489227294922,0.1033332347869873,0.158339262008667,7,7.0,YOLO,1,32,0.0,26.21030618088062,0.0,[],0.1030147075653076,0.0504631996154785,0.0504934787750244,0.0566895008087158,0.0006866455078125
20250724_010707_009,33,7,7,-36.3,26.17603150822883,-76.0642635345459,-76.0642635345459,0.1265747547149658,0.1020207405090332,7,7.0,YOLO,1,32,0.0,26.17603150822883,0.0,[],0.1262412071228027,0.0504462718963623,0.0504508018493652,0.0004048347473144,0.0007128715515136
20250724_010707_239,33,7,7,-36.3,25.72854589631328,-76.33244323730469,-76.33244323730469,0.1026737689971923,0.1584155559539795,7,7.0,YOLO,1,32,0.0,25.72854589631328,0.0,[],0.1023664474487304,0.0504763126373291,0.0504741668701171,0.0567183494567871,0.0007400512695312
20250724_010707_501,33,8,8,-34.8,25.669937126695785,-76.62963829040527,-76.62963829040527,0.0986967086791992,0.1021277904510498,8,8.0,YOLO,1,32,0.0,25.669937126695785,0.0,[],0.0983812808990478,0.0505135059356689,0.0504512786865234,0.0004096031188964,0.000746726989746
20250724_010707_704,33,7,7,-36.3,25.856992618766284,-76.26034812927246,-76.26034812927246,0.0971684455871582,0.1584293842315673,7,7.0,YOLO,1,32,0.0,25.856992618766284,0.0,[],0.096825361251831,0.0504500865936279,0.0504851341247558,0.0567734241485595,0.00071382522583
20250724_010707_961,33,8,8,-34.8,25.872013688656665,-76.41563529968262,-76.41563529968262,0.1041369438171386,0.102118968963623,8,8.0,YOLO,1,32,0.0,25.872013688656665,0.0,[],0.1038246154785156,0.0504627227783203,0.0504827499389648,0.0004053115844726,0.0007617473602294
20250724_010708_169,33,8,8,-34.8,23.487738450962752,-78.77638206481933,-78.77638206481933,0.1014056205749511,0.1586756706237793,8,8.0,YOLO,1,32,0.0,23.487738450962752,0.0,[],0.101097822189331,0.0504825115203857,0.0505332946777343,0.0568270683288574,0.0008256435394287
20250724_010708_431,33,8,8,-34.8,23.401098089612745,-78.72022590637206,-78.72022590637206,0.1019971370697021,0.1021254062652587,8,8.0,YOLO,1,32,0.0,23.401098089612745,0.0,[],0.1016402244567871,0.0504686832427978,0.0505039691925048,0.0003910064697265,0.0007562637329101
20250724_010708_636,33,8,8,-34.8,23.54119556885398,-78.62729072570801,-78.62729072570801,0.1014881134033203,0.1585767269134521,8,8.0,YOLO,1,32,0.0,23.54119556885398,0.0,[],0.1011614799499511,0.0504901409149169,0.0506176948547363,0.0567309856414794,0.0007314682006835
20250724_010708_898,33,8,8,-34.8,23.6845775594536,-78.5678939819336,-78.5678939819336,0.105682373046875,0.102036714553833,8,8.0,YOLO,1,32,0.0,23.6845775594536,0.0,[],0.1053740978240966,0.0504662990570068,0.0504267215728759,0.0003886222839355,0.0007507801055908
20250724_010709_107,33,7,7,-36.3,25.83973749589805,-76.4566535949707,-76.4566535949707,0.0986576080322265,0.1584494113922119,7,7.0,YOLO,1,32,0.0,25.83973749589805,0.0,[],0.0983436107635498,0.0504522323608398,0.0504355430603027,0.0567989349365234,0.0007548332214355
20250724_010709_366,33,7,7,-36.3,25.88678762387842,-76.37453231811523,-76.37453231811523,0.0993146896362304,0.1020371913909912,7,7.0,YOLO,1,32,0.0,25.88678762387842,0.0,[],0.0989713668823242,0.0504848957061767,0.0504858493804931,0.0003829002380371,0.0006775856018066
20250724_010709_569,33,7,7,-36.3,25.813203846530143,-76.51674766540528,-76.51674766540528,0.1026391983032226,0.1584630012512207,7,7.0,YOLO,1,32,0.0,25.813203846530143,0.0,[],0.1023225784301757,0.0504517555236816,0.0504963397979736,0.056739330291748,0.0007688999176025
20250724_010709_832,33,7,7,-36.3,25.852703780690447,-76.48575973510742,-76.48575973510742,0.1020240783691406,0.1020808219909668,7,7.0,YOLO,1,32,0.0,25.852703780690447,0.0,[],0.1016762256622314,0.0504534244537353,0.0504755973815918,0.0004162788391113,0.000730276107788
20250724_010710_037,34,7,7,-36.3,25.090975772087617,-77.20021057128906,-77.20021057128906,0.0997345447540283,0.1583752632141113,7,7.0,YOLO,1,32,0.0,25.090975772087617,0.0,[],0.0994300842285156,0.0504651069641113,0.0504426956176757,0.05674409866333,0.0007174015045166
20250724_010710_297,34,7,7,-36.3,24.784309983809024,-77.37652053833008,-77.37652053833008,0.1054222583770752,0.1021568775177002,7,7.0,YOLO,1,32,0.0,24.784309983809024,0.0,[],0.1050560474395752,0.0505003929138183,0.0504853725433349,0.0004048347473144,0.0007600784301757
20250724_010710_506,34,7,7,-36.3,24.61939555183189,-77.41622047424316,-77.41622047424316,0.1014299392700195,0.1585116386413574,7,7.0,YOLO,1,32,0.0,24.61939555183189,0.0,[],0.1011137962341308,0.0504534244537353,0.0505337715148925,0.0567851066589355,0.0007331371307373
20250724_010710_768,34,7,7,-36.3,24.57074390271964,-77.60773315429688,-77.60773315429688,0.1017665863037109,0.102029800415039,7,7.0,YOLO,1,32,0.0,24.57074390271964,0.0,[],0.1014294624328613,0.0504724979400634,0.0504510402679443,0.0003931522369384,0.0007076263427734
20250724_010710_973,34,7,7,-36.3,24.57663311743836,-77.58154296875,-77.58154296875,0.1022779941558837,0.1584298610687255,7,7.0,YOLO,1,32,0.0,24.57663311743836,0.0,[],0.1019461154937744,0.0504584312438964,0.0504720211029052,0.056781530380249,0.0007116794586181
20250724_010711_235,34,7,7,-36.3,24.75555981002657,-77.47100563049317,-77.47100563049317,0.1044785976409912,0.1020100116729736,7,7.0,YOLO,1,32,0.0,24.75555981002657,0.0,[],0.104156494140625,0.050478458404541,0.0504415035247802,0.000396728515625,0.0006883144378662
20250724_010711_443,34,7,7,-36.3,24.52806870633508,-77.63689956665038,-77.63689956665038,0.101572036743164,0.1583931446075439,7,7.0,YOLO,1,32,0.0,24.52806870633508,0.0,[],0.1012244224548339,0.0504651069641113,0.0504539012908935,0.0567522048950195,0.0007152557373046
20250724_010711_705,34,7,7,-36.3,24.58277089598242,-77.63825340270996,-77.63825340270996,0.1046168804168701,0.1020693778991699,7,7.0,YOLO,1,32,0.0,24.58277089598242,0.0,[],0.1042582988739013,0.050471544265747,0.0504782199859619,0.0004050731658935,0.0007083415985107
20250724_010711_913,34,7,7,-36.3,24.57582661234464,-77.66084289550781,-77.66084289550781,0.1021456718444824,0.1584258079528808,7,7.0,YOLO,1,32,0.0,24.57582661234464,0.0,[],0.1016783714294433,0.0504689216613769,0.0504670143127441,0.0567433834075927,0.0007398128509521
20250724_010712_175,34,7,7,-36.3,24.705785711802665,-77.68420639038087,-77.68420639038087,0.1033806800842285,0.1021983623504638,7,7.0,YOLO,1,32,0.0,24.705785711802665,0.0,[],0.1031043529510498,0.0504672527313232,0.0504877567291259,0.0003955364227294,0.0008420944213867
20250724_010712_383,34,7,7,-36.3,25.138975233156827,-77.18942298889161,-77.18942298889161,0.1001889705657959,0.1584503650665283,7,7.0,YOLO,1,32,0.0,25.138975233156827,0.0,[],0.0998487472534179,0.0504565238952636,0.0504727363586425,0.0567507743835449,0.0007643699645996
20250724_010712_643,34,7,7,-36.3,25.2490888945523,-77.02950973510742,-77.02950973510742,0.1048235893249511,0.1020650863647461,7,7.0,YOLO,1,32,0.0,25.2490888945523,0.0,[],0.1045308113098144,0.0504789352416992,0.0504689216613769,0.000396728515625,0.0007145404815673
20250724_010712_851,34,7,7,-36.3,24.807191372054945,-77.41596832275391,-77.41596832275391,0.1025114059448242,0.1584401130676269,7,7.0,YOLO,1,32,0.0,24.807191372054945,0.0,[],0.1021711826324462,0.050485610961914,0.0504682064056396,0.0567452907562255,0.0007345676422119
20250724_010713_114,34,6,6,-37.7,24.767976650079905,-77.47103385925293,-77.47103385925293,0.1031076908111572,0.1021523475646972,6,6.0,YOLO,1,32,0.0,24.767976650079905,0.0,[],0.1027441024780273,0.0505502223968505,0.0504963397979736,0.0004043579101562,0.0006968975067138
20250724_010713_321,34,6,6,-37.7,25.23656021347408,-77.01154098510742,-77.01154098510742,0.1022827625274658,0.1583762168884277,6,6.0,YOLO,1,32,0.0,25.23656021347408,0.0,[],0.101961612701416,0.0504641532897949,0.0504686832427978,0.0567326545715332,0.0007035732269287
20250724_010713_583,34,6,6,-37.7,25.376871785908435,-76.83075561523438,-76.83075561523438,0.0965938568115234,0.102100133895874,6,6.0,YOLO,1,32,0.0,25.376871785908435,0.0,[],0.096278429031372,0.0504453182220459,0.0504918098449707,0.0004167556762695,0.0007400512695312
20250724_010713_783,34,6,6,-37.7,25.27354319013804,-77.06079711914063,-77.06079711914063,0.1027755737304687,0.158806562423706,6,6.0,YOLO,1,32,0.0,25.27354319013804,0.0,[],0.1024417877197265,0.0504767894744873,0.050494909286499,0.0567474365234375,0.0010793209075927
20250724_010714_047,35,6,6,-37.7,25.154636487729945,-77.06527595520019,-77.06527595520019,0.1014947891235351,0.1020262241363525,6,6.0,YOLO,1,32,0.0,25.154636487729945,0.0,[],0.1010518074035644,0.0504534244537353,0.0504970550537109,0.0003769397735595,0.0006937980651855
20250724_010714_252,35,6,6,-37.7,24.70155629448078,-77.54227409362792,-77.54227409362792,0.1011910438537597,0.1584079265594482,6,6.0,YOLO,1,32,0.0,24.70155629448078,0.0,[],0.1008307933807373,0.0504577159881591,0.0504636764526367,0.0567634105682373,0.0007159709930419
20250724_010714_513,35,6,6,-37.7,24.58517196397412,-77.55113067626954,-77.55113067626954,0.1015660762786865,0.1020784378051757,6,6.0,YOLO,1,32,0.0,24.58517196397412,0.0,[],0.101226806640625,0.050492525100708,0.0504467487335205,0.0003974437713623,0.0007364749908447
20250724_010714_718,35,6,6,-37.7,24.81462485565221,-77.40797386169433,-77.40797386169433,0.1048665046691894,0.1584484577178955,6,6.0,YOLO,1,32,0.0,24.81462485565221,0.0,[],0.1045479774475097,0.0504817962646484,0.0504684448242187,0.0567305088043212,0.0007605552673339
20250724_010714_983,35,6,6,-37.7,24.69450431936454,-77.46159400939942,-77.46159400939942,0.1045317649841308,0.1021318435668945,6,6.0,YOLO,1,32,0.0,24.69450431936454,0.0,[],0.1041648387908935,0.0504810810089111,0.0504858493804931,0.0003974437713623,0.0007617473602294
20250724_010715_191,35,6,6,-37.7,24.647168919728244,-77.67152252197266,-77.67152252197266,0.1022374629974365,0.1584458351135254,6,6.0,YOLO,1,32,0.0,24.647168919728244,0.0,[],0.1018974781036377,0.0504732131958007,0.0504484176635742,0.0567474365234375,0.000770092010498
20250724_010715_454,35,6,6,-37.7,24.74992654301218,-77.42620849609375,-77.42620849609375,0.1027390956878662,0.1020724773406982,6,6.0,YOLO,1,32,0.0,24.74992654301218,0.0,[],0.1024007797241211,0.0504941940307617,0.0504825115203857,0.0004012584686279,0.0006885528564453
20250724_010715_660,35,6,6,-37.7,24.4730452754804,-77.85118103027344,-77.85118103027344,0.099208116531372,0.1584086418151855,6,6.0,YOLO,1,32,0.0,24.4730452754804,0.0,[],0.0989072322845459,0.0504231452941894,0.0504631996154785,0.056772232055664,0.0007438659667968
20250724_010715_919,35,6,6,-37.7,24.72641603186551,-77.52472686767578,-77.52472686767578,0.1024274826049804,0.1020278930664062,6,6.0,YOLO,1,32,0.0,24.72641603186551,0.0,[],0.1020328998565673,0.0504798889160156,0.0504271984100341,0.0004012584686279,0.0007128715515136
20250724_010716_125,35,6,6,-37.7,24.92576996303833,-77.22994422912598,-77.22994422912598,0.1015164852142334,0.1583986282348632,6,6.0,YOLO,1,32,0.0,24.92576996303833,0.0,[],0.1011829376220703,0.0504708290100097,0.0504665374755859,0.0567374229431152,0.0007174015045166
20250724_010716_387,35,6,6,-37.7,24.773697134836567,-77.34834022521973,-77.34834022521973,0.1025974750518798,0.1021618843078613,6,6.0,YOLO,1,32,0.0,24.773697134836567,0.0,[],0.1022603511810302,0.0504806041717529,0.0504605770111084,0.0004053115844726,0.0008094310760498
20250724_010716_594,35,6,6,-37.7,24.843362084562727,-77.46614227294921,-77.46614227294921,0.0964221954345703,0.1584498882293701,6,6.0,YOLO,1,32,0.0,24.843362084562727,0.0,[],0.0960512161254882,0.0504205226898193,0.0504965782165527,0.0567584037780761,0.0007684230804443
20250724_010716_850,35,6,6,-37.7,24.77336042094028,-77.46614227294921,-77.46614227294921,0.1011767387390136,0.1021106243133544,6,6.0,YOLO,1,32,0.0,24.77336042094028,0.0,[],0.1008188724517822,0.0504899024963378,0.0504767894744873,0.0004096031188964,0.0007286071777343
20250724_010717_055,35,5,5,-39.2,25.4782110521071,-76.6299659729004,-76.6299659729004,0.10203218460083,0.158414602279663,5,5.0,YOLO,1,32,0.0,25.4782110521071,0.0,[],0.1017673015594482,0.0504710674285888,0.0504639148712158,0.0567059516906738,0.0007674694061279
20250724_010717_317,35,5,5,-39.2,25.478722659109707,-76.8781909942627,-76.8781909942627,0.1032121181488037,0.1020543575286865,5,5.0,YOLO,1,32,0.0,25.478722659109707,0.0,[],0.1028230190277099,0.0504472255706787,0.050490379333496,0.0003869533538818,0.0007247924804687
20250724_010717_524,35,5,5,-39.2,25.23730288442229,-77.01404571533203,-77.01404571533203,0.1022360324859619,0.1585419178009033,5,5.0,YOLO,1,32,0.0,25.23730288442229,0.0,[],0.1019270420074462,0.0504367351531982,0.050490379333496,0.0567860603332519,0.0008215904235839
20250724_010717_786,35,5,5,-39.2,25.227548792900848,-76.96149673461915,-76.96149673461915,0.1027007102966308,0.102057933807373,5,5.0,YOLO,1,32,0.0,25.227548792900848,0.0,[],0.1023638248443603,0.0504889488220214,0.0504786968231201,0.0004007816314697,0.0006828308105468
20250724_010717_993,36,5,5,-39.2,25.11780910104657,-77.04209632873535,-77.04209632873535,0.1008131504058837,0.158564805984497,5,5.0,YOLO,1,32,0.0,25.11780910104657,0.0,[],0.1004822254180908,0.0504877567291259,0.0505421161651611,0.0568099021911621,0.0007164478302001
20250724_010718_254,36,5,5,-39.2,24.952990346644924,-77.18700141906739,-77.18700141906739,0.1014151573181152,0.1019849777221679,5,5.0,YOLO,1,32,0.0,24.952990346644924,0.0,[],0.1010913848876953,0.050412893295288,0.0504684448242187,0.0003960132598876,0.0007004737854003
20250724_010718_459,36,5,5,-39.2,24.850275386152106,-77.30562782287598,-77.30562782287598,0.1021873950958252,0.1583838462829589,5,5.0,YOLO,1,32,0.0,24.850275386152106,0.0,[],0.1018497943878173,0.0504555702209472,0.0504636764526367,0.0567004680633544,0.0007579326629638
20250724_010718_721,36,5,5,-39.2,24.865312148118505,-77.34974670410156,-77.34974670410156,0.10526704788208,0.1021022796630859,5,5.0,YOLO,1,32,0.0,24.865312148118505,0.0,[],0.1049284934997558,0.0504689216613769,0.0505108833312988,0.0004026889801025,0.0007152557373046
20250724_010718_930,36,5,5,-39.2,24.46831774212174,-77.64977531433105,-77.64977531433105,0.1018736362457275,0.158341646194458,5,5.0,YOLO,1,32,0.0,24.46831774212174,0.0,[],0.1015443801879882,0.0504417419433593,0.0504493713378906,0.0567200183868408,0.0007238388061523
20250724_010719_192,36,5,5,-39.2,24.278314094570703,-77.94131393432617,-77.94131393432617,0.1016383171081543,0.1020317077636718,5,5.0,YOLO,1,32,0.0,24.278314094570703,0.0,[],0.1012887954711914,0.0504639148712158,0.0504579544067382,0.0004007816314697,0.000704288482666
20250724_010719_397,36,5,5,-39.2,25.28550598240284,-77.05414657592773,-77.05414657592773,0.0991811752319336,0.1585164070129394,5,5.0,YOLO,1,32,0.0,25.28550598240284,0.0,[],0.0988674163818359,0.050443410873413,0.0504820346832275,0.0568716526031494,0.0007133483886718
20250724_010719_656,36,5,5,-39.2,25.36126998661396,-76.92780685424805,-76.92780685424805,0.0876519680023193,0.1020982265472412,5,5.0,YOLO,1,32,0.0,25.36126998661396,0.0,[],0.0873758792877197,0.050483226776123,0.0504953861236572,0.000403881072998,0.0007095336914062
20250724_010719_847,36,NO_RADIO,5,-39.2,25.326213970198395,-76.96083450317383,-76.96083450317383,0.0966930389404296,0.1585266590118408,5,,CenterFallback,1,32,0.0,,,[],0.0963563919067382,0.0504648685455322,0.0504753589630126,0.0568106174468994,0.0007233619689941
20250724_010720_104,36,5,5,-39.2,25.380740612838224,-76.94687385559082,-76.94687385559082,0.0991647243499755,0.1020650863647461,5,5.0,YOLO,1,32,0.0,25.380740612838224,0.0,[],0.0988416671752929,0.0504729747772216,0.0504629611968994,0.0004065036773681,0.0007166862487792
20250724_010720_307,36,5,5,-39.2,25.381551848102177,-76.90709228515625,-76.90709228515625,0.1013858318328857,0.1585307121276855,5,5.0,YOLO,1,32,0.0,25.381551848102177,0.0,[],0.1010835170745849,0.0504686832427978,0.0504531860351562,0.0568268299102783,0.0007746219635009
20250724_010720_569,36,5,5,-39.2,25.295412311015586,-76.83380012512207,-76.83380012512207,0.1010951995849609,0.1020715236663818,5,5.0,YOLO,1,32,0.0,25.295412311015586,0.0,[],0.1007101535797119,0.0504686832427978,0.0504429340362548,0.0004055500030517,0.0007486343383789
20250724_010720_773,36,5,5,-39.2,25.124085925846373,-77.19986343383789,-77.19986343383789,0.1022768020629882,0.1584484577178955,5,5.0,YOLO,1,32,0.0,25.124085925846373,0.0,[],0.1019399166107177,0.0505251884460449,0.0504546165466308,0.0567352771759033,0.0007257461547851
20250724_010721_036,36,5,5,-39.2,25.115128884559734,-77.04189109802246,-77.04189109802246,0.1020164489746093,0.1020407676696777,5,5.0,YOLO,1,32,0.0,25.115128884559734,0.0,[],0.1016695499420166,0.0504617691040039,0.0504629611968994,0.0004026889801025,0.0007078647613525
20250724_010721_241,36,5,5,-39.2,24.90327633869749,-77.28437385559081,-77.28437385559081,0.1014628410339355,0.1584362983703613,5,5.0,YOLO,1,32,0.0,24.90327633869749,0.0,[],0.1011524200439453,0.0504655838012695,0.0504541397094726,0.0567505359649658,0.0007591247558593
20250724_010721_503,36,5,5,-39.2,24.88126746497429,-77.34869804382325,-77.34869804382325,0.1022956371307373,0.1021206378936767,5,5.0,YOLO,1,32,0.0,24.88126746497429,0.0,[],0.1019513607025146,0.0504806041717529,0.0504732131958007,0.0004193782806396,0.0007412433624267
20250724_010721_709,36,4,4,-40.6,25.62804975012449,-76.55562591552734,-76.55562591552734,0.1038737297058105,0.1584587097167968,4,4.0,YOLO,1,32,0.0,25.62804975012449,0.0,[],0.1035528182983398,0.0505073070526123,0.0504968166351318,0.0567224025726318,0.0007245540618896
20250724_010721_973,36,4,4,-40.6,25.554401678658323,-76.73625144958496,-76.73625144958496,0.1017482280731201,0.1021156311035156,4,4.0,YOLO,1,32,0.0,25.554401678658323,0.0,[],0.1014266014099121,0.0504577159881591,0.050462007522583,0.0004088878631591,0.0007679462432861
20250724_010722_178,37,5,5,-39.2,23.996063944943074,-78.23375549316407,-78.23375549316407,0.0997798442840576,0.1589510440826416,5,5.0,YOLO,1,32,0.0,23.996063944943074,0.0,[],0.0994622707366943,0.0504751205444335,0.0505015850067138,0.0567657947540283,0.0011994838714599
20250724_010722_440,37,5,5,-39.2,23.96574262951745,-78.18711929321289,-78.18711929321289,0.1020107269287109,0.1020338535308837,5,5.0,YOLO,1,32,0.0,23.96574262951745,0.0,[],0.101487398147583,0.0504555702209472,0.0504958629608154,0.000401496887207,0.0006749629974365
20250724_010722_645,37,5,5,-39.2,23.967339467943816,-78.27686309814453,-78.27686309814453,0.1011559963226318,0.1584131717681884,5,5.0,YOLO,1,32,0.0,23.967339467943816,0.0,[],0.1008543968200683,0.0504755973815918,0.050464391708374,0.056734561920166,0.0007326602935791
20250724_010722_906,37,5,5,-39.2,23.943581500390664,-78.32805213928222,-78.32805213928222,0.1026561260223388,0.1020920276641845,5,5.0,YOLO,1,32,0.0,23.943581500390664,0.0,[],0.1023378372192382,0.0504553318023681,0.0504555702209472,0.0004081726074218,0.0007669925689697
20250724_010723_113,37,5,5,-39.2,23.931215159857945,-78.2299961090088,-78.2299961090088,0.1033060550689697,0.1584689617156982,5,5.0,YOLO,1,32,0.0,23.931215159857945,0.0,[],0.1029515266418457,0.0504851341247558,0.0504500865936279,0.056781530380249,0.000744342803955
20250724_010723_376,37,5,5,-39.2,24.053183144383095,-78.22519111633301,-78.22519111633301,0.1043512821197509,0.1020474433898925,5,5.0,YOLO,1,32,0.0,24.053183144383095,0.0,[],0.1040163040161132,0.0504546165466308,0.0504555702209472,0.0004053115844726,0.0007266998291015
20250724_010723_584,37,5,5,-39.2,24.4078408122912,-77.66521415710449,-77.66521415710449,0.1020605564117431,0.1584656238555908,5,5.0,YOLO,1,32,0.0,24.4078408122912,0.0,[],0.1017148494720459,0.0504360198974609,0.0504825115203857,0.0567653179168701,0.00077486038208
20250724_010723_846,37,5,5,-39.2,24.469979179712965,-77.78931350708008,-77.78931350708008,0.1033015251159668,0.1020948886871337,5,5.0,YOLO,1,32,0.0,24.469979179712965,0.0,[],0.1029467582702636,0.0504536628723144,0.0504999160766601,0.0004048347473144,0.0007317066192626
20250724_010724_053,37,5,5,-39.2,24.46422800292268,-77.91615715026856,-77.91615715026856,0.1017210483551025,0.158452033996582,5,5.0,YOLO,1,32,0.0,24.46422800292268,0.0,[],0.10140061378479,0.0504803657531738,0.0504705905914306,0.0567498207092285,0.0007452964782714
20250724_010724_315,37,5,5,-39.2,24.13660331133542,-78.07522583007812,-78.07522583007812,0.1033504009246826,0.1020548343658447,5,5.0,YOLO,1,32,0.0,24.13660331133542,0.0,[],0.1030333042144775,0.0504918098449707,0.0504426956176757,0.0004000663757324,0.0007152557373046
20250724_010724_522,37,5,5,-39.2,24.269640834492503,-77.99865646362305,-77.99865646362305,0.1005940437316894,0.1584067344665527,5,5.0,YOLO,1,32,0.0,24.269640834492503,0.0,[],0.1002604961395263,0.0504491329193115,0.0504906177520751,0.0567357540130615,0.0007238388061523
20250724_010724_783,37,5,5,-39.2,24.228985548277265,-78.08182945251465,-78.08182945251465,0.1022541522979736,0.1020612716674804,5,5.0,YOLO,1,32,0.0,24.228985548277265,0.0,[],0.1018910408020019,0.0504639148712158,0.0504791736602783,0.0004010200500488,0.000711441040039
20250724_010724_988,37,5,5,-39.2,24.05713756177279,-78.1524673461914,-78.1524673461914,0.102787971496582,0.158447265625,5,5.0,YOLO,1,32,0.0,24.05713756177279,0.0,[],0.1024742126464843,0.0504975318908691,0.0504634380340576,0.0567452907562255,0.0007328987121582
20250724_010725_251,37,4,4,-40.6,23.94241666836396,-78.21325950622558,-78.21325950622558,0.1017231941223144,0.1020510196685791,4,4.0,YOLO,1,32,0.0,23.94241666836396,0.0,[],0.10140061378479,0.0504608154296875,0.0504827499389648,0.0003952980041503,0.0007071495056152
20250724_010725_457,37,4,4,-40.6,25.218717818357263,-77.04209632873535,-77.04209632873535,0.1015543937683105,0.1584982872009277,4,4.0,YOLO,1,32,0.0,25.218717818357263,0.0,[],0.1012494564056396,0.0504515171051025,0.0504734516143798,0.0568377971649169,0.0007178783416748
20250724_010725_718,37,4,4,-40.6,25.17013956844582,-77.10415687561036,-77.10415687561036,0.1016998291015625,0.1020991802215576,4,4.0,YOLO,1,32,0.0,25.17013956844582,0.0,[],0.1013410091400146,0.0504889488220214,0.0504906177520751,0.0003995895385742,0.0007143020629882
20250724_010725_924,38,4,4,-40.6,25.07643337225217,-77.17460823059082,-77.17460823059082,0.1020827293395996,0.1584258079528808,4,4.0,YOLO,1,32,0.0,25.07643337225217,0.0,[],0.1017277240753173,0.0504806041717529,0.0504484176635742,0.056734561920166,0.0007550716400146
20250724_010726_186,38,4,4,-40.6,24.40589641298662,-77.94156761169434,-77.94156761169434,0.1030645370483398,0.1020758152008056,4,4.0,YOLO,1,32,0.0,24.40589641298662,0.0,[],0.1027350425720214,0.0504882335662841,0.0504786968231201,0.0003895759582519,0.0007143020629882
20250724_010726_392,38,4,4,-40.6,23.72285840039298,-78.64514236450195,-78.64514236450195,0.1028957366943359,0.1584944725036621,4,4.0,YOLO,1,32,0.0,23.72285840039298,0.0,[],0.1025738716125488,0.0504646301269531,0.0505182743072509,0.0567429065704345,0.0007615089416503
20250724_010726_655,38,4,4,-40.6,23.551270544283422,-78.72934150695801,-78.72934150695801,0.1027088165283203,0.1020717620849609,4,4.0,YOLO,1,32,0.0,23.551270544283422,0.0,[],0.1023848056793212,0.0504846572875976,0.0504837036132812,0.000399112701416,0.0006988048553466
20250724_010726_862,38,4,4,-40.6,23.56259977458322,-78.53026580810547,-78.53026580810547,0.1024348735809326,0.1583795547485351,4,4.0,YOLO,1,32,0.0,23.56259977458322,0.0,[],0.1020901203155517,0.0504617691040039,0.050469160079956,0.0567271709442138,0.0007140636444091
20250724_010727_124,38,4,4,-40.6,23.79464162049001,-78.53662948608398,-78.53662948608398,0.1044175624847412,0.1020650863647461,4,4.0,YOLO,1,32,0.0,23.79464162049001,0.0,[],0.1040854454040527,0.0504372119903564,0.0505037307739257,0.000399112701416,0.0007193088531494
20250724_010727_332,38,4,4,-40.6,24.095600584502165,-77.98976707458496,-77.98976707458496,0.1016521453857421,0.1585867404937744,4,4.0,YOLO,1,32,0.0,24.095600584502165,0.0,[],0.1013298034667968,0.0505027770996093,0.0504639148712158,0.0568268299102783,0.0007867813110351
20250724_010727_594,38,4,4,-40.6,24.06642482960761,-78.25477027893066,-78.25477027893066,0.1037290096282959,0.1021602153778076,4,4.0,YOLO,1,32,0.0,24.06642482960761,0.0,[],0.1033766269683837,0.0505123138427734,0.050487995147705,0.0004096031188964,0.000744342803955
20250724_010727_802,38,4,4,-40.6,23.71680220785981,-78.47941780090332,-78.47941780090332,0.1006889343261718,0.1586048603057861,4,4.0,YOLO,1,32,0.0,23.71680220785981,0.0,[],0.1004016399383544,0.0504608154296875,0.050504446029663,0.0567297935485839,0.0009028911590576
20250724_010728_063,38,4,4,-40.6,23.67399544175372,-78.62587699890136,-78.62587699890136,0.1040306091308593,0.1020634174346923,4,4.0,YOLO,1,32,0.0,23.67399544175372,0.0,[],0.1037096977233886,0.0504930019378662,0.0504641532897949,0.0003950595855712,0.0007052421569824
20250724_010728_270,38,4,4,-40.6,23.49088897202118,-78.67540740966797,-78.67540740966797,0.101386547088623,0.1584675312042236,4,4.0,YOLO,1,32,0.0,23.49088897202118,0.0,[],0.1010584831237793,0.0504791736602783,0.0504684448242187,0.0567409992218017,0.0007708072662353
20250724_010728_532,38,4,4,-40.6,23.52090526631703,-78.72284736633301,-78.72284736633301,0.0976030826568603,0.1020402908325195,4,4.0,YOLO,1,32,0.0,23.52090526631703,0.0,[],0.0972521305084228,0.0504517555236816,0.0504717826843261,0.0004012584686279,0.0007107257843017
20250724_010728_733,38,4,4,-40.6,23.51888911267073,-78.63699913024902,-78.63699913024902,0.0977652072906494,0.1583845615386963,4,4.0,YOLO,1,32,0.0,23.51888911267073,0.0,[],0.097402811050415,0.0504214763641357,0.0504848957061767,0.0567069053649902,0.0007638931274414
20250724_010728_991,38,4,4,-40.6,23.49099770284008,-78.68111152648926,-78.68111152648926,0.1023523807525634,0.1020567417144775,4,4.0,YOLO,1,32,0.0,23.49099770284008,0.0,[],0.1020028591156005,0.0504570007324218,0.0504918098449707,0.0003986358642578,0.0007040500640869
20250724_010729_197,38,3,3,-42.1,25.132759975176757,-77.0958797454834,-77.0958797454834,0.1019752025604248,0.158578872680664,3,3.0,YOLO,1,32,0.0,25.132759975176757,0.0,[],0.1016240119934082,0.0504693984985351,0.0504825115203857,0.0567235946655273,0.0008966922760009
20250724_010729_459,38,3,3,-42.1,25.24694586968755,-77.08992919921874,-77.08992919921874,0.1025400161743164,0.1020553112030029,3,3.0,YOLO,1,32,0.0,25.24694586968755,0.0,[],0.1021857261657714,0.050452709197998,0.0504720211029052,0.0004220008850097,0.0007028579711914
20250724_010729_665,38,3,3,-42.1,25.14082439055184,-77.11987190246582,-77.11987190246582,0.1016497611999511,0.1584994792938232,3,3.0,YOLO,1,32,0.0,25.14082439055184,0.0,[],0.1013538837432861,0.0504593849182128,0.0505034923553466,0.0567381381988525,0.0007917881011962
20250724_010729_927,38,3,3,-42.1,25.07048036254129,-77.16982040405273,-77.16982040405273,0.099766731262207,0.1021468639373779,3,3.0,YOLO,1,32,0.0,25.07048036254129,0.0,[],0.0994133949279785,0.0504736900329589,0.0504777431488037,0.0003931522369384,0.0007965564727783
20250724_010730_130,39,4,4,-40.6,22.29454674559977,-79.82690963745117,-79.82690963745117,0.1004707813262939,0.1584761142730713,4,4.0,YOLO,1,32,0.0,22.29454674559977,0.0,[],0.1000885963439941,0.0504992008209228,0.050487995147705,0.0567638874053955,0.000718355178833
20250724_010730_391,39,4,4,-40.6,22.20246805781879,-79.93451232910157,-79.93451232910157,0.1038048267364502,0.1020171642303466,4,4.0,YOLO,1,32,0.0,22.20246805781879,0.0,[],0.1035189628601074,0.050466775894165,0.0504505634307861,0.0003936290740966,0.0007009506225585
20250724_010730_598,39,3,3,-42.1,24.33160244944152,-77.8740966796875,-77.8740966796875,0.1031696796417236,0.1584753990173339,3,3.0,YOLO,1,32,0.0,24.33160244944152,0.0,[],0.1028707027435302,0.0504534244537353,0.0505158901214599,0.056736946105957,0.0007624626159667
20250724_010730_862,39,3,3,-42.1,24.46206013256699,-77.81064033508301,-77.81064033508301,0.1030347347259521,0.102079153060913,3,3.0,YOLO,1,32,0.0,24.46206013256699,0.0,[],0.1026935577392578,0.050473928451538,0.0504543781280517,0.0003798007965087,0.0007648468017578
20250724_010731_068,39,3,3,-42.1,24.31949686745783,-77.85403785705566,-77.85403785705566,0.1044061183929443,0.158414602279663,3,3.0,YOLO,1,32,0.0,24.31949686745783,0.0,[],0.1040997505187988,0.0504665374755859,0.0504491329193115,0.0567731857299804,0.0007190704345703
20250724_010731_333,39,3,3,-42.1,24.40674708804265,-77.8003761291504,-77.8003761291504,0.104224681854248,0.1021206378936767,3,3.0,YOLO,1,32,0.0,24.40674708804265,0.0,[],0.1038815975189209,0.0504961013793945,0.05049729347229,0.0004003047943115,0.0007209777832031
20250724_010731_541,39,3,3,-42.1,24.4953320744669,-77.64808654785156,-77.64808654785156,0.1016056537628173,0.1583771705627441,3,3.0,YOLO,1,32,0.0,24.4953320744669,0.0,[],0.1012320518493652,0.050487995147705,0.0504462718963623,0.056732177734375,0.0007045269012451
20250724_010731_802,39,3,3,-42.1,24.45167859895805,-77.7973705291748,-77.7973705291748,0.1018269062042236,0.1021463871002197,3,3.0,YOLO,1,32,0.0,24.45167859895805,0.0,[],0.1014902591705322,0.0504963397979736,0.0504755973815918,0.0004253387451171,0.0007441043853759
20250724_010732_008,39,3,3,-42.1,24.60833309926815,-77.49808502197266,-77.49808502197266,0.1024532318115234,0.1584353446960449,3,3.0,YOLO,1,32,0.0,24.60833309926815,0.0,[],0.1021451950073242,0.0505485534667968,0.0504388809204101,0.0567018985748291,0.0007290840148925
20250724_010732_270,39,3,3,-42.1,24.57382385208949,-77.59481353759766,-77.59481353759766,0.1036956310272216,0.1020789146423339,3,3.0,YOLO,1,32,0.0,24.57382385208949,0.0,[],0.1033363342285156,0.0504987239837646,0.0504512786865234,0.0004146099090576,0.0007083415985107
20250724_010732_478,39,3,3,-42.1,24.24380595941525,-77.93142967224121,-77.93142967224121,0.0883064270019531,0.1584734916687011,3,3.0,YOLO,1,32,0.0,24.24380595941525,0.0,[],0.0879955291748046,0.0504822731018066,0.0504896640777587,0.0567529201507568,0.0007426738739013
20250724_010732_726,39,3,3,-42.1,24.281945533721668,-77.86196899414062,-77.86196899414062,0.1010053157806396,0.1020953655242919,3,3.0,YOLO,1,32,0.0,24.281945533721668,0.0,[],0.1006402969360351,0.0504472255706787,0.0505239963531494,0.0003948211669921,0.000723123550415
20250724_010732_931,39,3,3,-42.1,24.66836207983873,-77.57921333312989,-77.57921333312989,0.1009635925292968,0.1583654880523681,3,3.0,YOLO,1,32,0.0,24.66836207983873,0.0,[],0.1006507873535156,0.0504653453826904,0.0504596233367919,0.0567307472229003,0.0007030963897705
20250724_010733_191,39,2,2,-43.5,24.85482594986047,-77.42663192749023,-77.42663192749023,0.1022346019744873,0.1020467281341552,2,2.0,YOLO,1,32,0.0,24.85482594986047,0.0,[],0.1018588542938232,0.0504593849182128,0.0504596233367919,0.0003995895385742,0.0007228851318359
20250724_010733_397,39,2,2,-43.5,25.236334598596613,-76.9808406829834,-76.9808406829834,0.1005017757415771,0.1584320068359375,2,2.0,YOLO,1,32,0.0,25.236334598596613,0.0,[],0.1001527309417724,0.0504884719848632,0.05043625831604,0.0567338466644287,0.0007665157318115
20250724_010733_658,39,2,2,-43.5,25.244352100344244,-77.04209632873535,-77.04209632873535,0.10282564163208,0.1021370887756347,2,2.0,YOLO,1,32,0.0,25.244352100344244,0.0,[],0.1024606227874755,0.0504767894744873,0.0504951477050781,0.0004136562347412,0.0007431507110595
20250724_010733_865,39,2,2,-43.5,25.185590775527302,-76.98129768371582,-76.98129768371582,0.1023790836334228,0.1584084033966064,2,2.0,YOLO,1,32,0.0,25.185590775527302,0.0,[],0.1019644737243652,0.0504794120788574,0.0504601001739501,0.0567224025726318,0.0007393360137939
20250724_010734_127,40,3,3,-42.1,25.220316657229816,-77.00118255615234,-77.00118255615234,0.1018340587615966,0.1020617485046386,3,3.0,YOLO,1,32,0.0,25.220316657229816,0.0,[],0.1015229225158691,0.0504586696624755,0.050490379333496,0.0004029273986816,0.0007047653198242
20250724_010734_332,40,3,3,-42.1,23.176680342196136,-78.94245147705078,-78.94245147705078,0.1034750938415527,0.1583867073059082,3,3.0,YOLO,1,32,0.0,23.176680342196136,0.0,[],0.1031527519226074,0.0504536628723144,0.0504288673400878,0.0567536354064941,0.0007436275482177
20250724_010734_596,40,3,3,-42.1,23.0999932619298,-79.10098266601562,-79.10098266601562,0.1028671264648437,0.1020843982696533,3,3.0,YOLO,1,32,0.0,23.0999932619298,0.0,[],0.1025390625,0.0504665374755859,0.0504584312438964,0.0004031658172607,0.0007503032684326
20250724_010734_802,40,3,3,-42.1,23.35768557726918,-78.8321044921875,-78.8321044921875,0.1006009578704834,0.1584138870239257,3,3.0,YOLO,1,32,0.0,23.35768557726918,0.0,[],0.1002736091613769,0.0504689216613769,0.0504608154296875,0.0567550659179687,0.0007224082946777
20250724_010735_063,40,3,3,-42.1,23.275871453806545,-78.96277809143066,-78.96277809143066,0.0954887866973877,0.1020593643188476,3,3.0,YOLO,1,32,0.0,23.275871453806545,0.0,[],0.0951175689697265,0.0504505634307861,0.0504443645477294,0.0004079341888427,0.0007507801055908
20250724_010735_262,40,3,3,-42.1,22.907457531972668,-79.20485229492188,-79.20485229492188,0.0989775657653808,0.159090518951416,3,3.0,YOLO,1,32,0.0,22.907457531972668,0.0,[],0.0986344814300537,0.0504822731018066,0.0511186122894287,0.0567514896392822,0.0007317066192626
20250724_010735_522,40,3,3,-42.1,23.03893463420177,-79.1383213043213,-79.1383213043213,0.1055386066436767,0.1020960807800293,3,3.0,YOLO,1,32,0.0,23.03893463420177,0.0,[],0.1052031517028808,0.0504899024963378,0.0504720211029052,0.0004048347473144,0.0007238388061523
20250724_010735_731,40,3,3,-42.1,23.530932822973497,-78.70331916809081,-78.70331916809081,0.1016209125518798,0.1588354110717773,3,3.0,YOLO,1,32,0.0,23.530932822973497,0.0,[],0.1012790203094482,0.0504655838012695,0.0505151748657226,0.0567660331726074,0.0010814666748046
20250724_010735_994,40,3,3,-42.1,23.358975949863733,-78.7206802368164,-78.7206802368164,0.1024317741394043,0.1019985675811767,3,3.0,YOLO,1,32,0.0,23.358975949863733,0.0,[],0.1020379066467285,0.0504548549652099,0.0504283905029296,0.0003993511199951,0.0007109642028808
20250724_010736_199,40,3,3,-42.1,24.027829841557065,-78.12923660278321,-78.12923660278321,0.1002593040466308,0.1583790779113769,3,3.0,YOLO,1,32,0.0,24.027829841557065,0.0,[],0.0999431610107421,0.0504765510559082,0.050469160079956,0.0567293167114257,0.0006978511810302
20250724_010736_460,40,3,3,-42.1,23.83545219439776,-78.35425567626953,-78.35425567626953,0.1020820140838623,0.1020834445953369,3,3.0,YOLO,1,32,0.0,23.83545219439776,0.0,[],0.1017277240753173,0.0505073070526123,0.0504572391510009,0.0003943443298339,0.000718355178833
20250724_010736_665,40,3,3,-42.1,23.64471569244418,-78.64547729492188,-78.64547729492188,0.0999343395233154,0.1584565639495849,3,3.0,YOLO,1,32,0.0,23.64471569244418,0.0,[],0.0996036529541015,0.0504539012908935,0.0504939556121826,0.056765079498291,0.0007357597351074
20250724_010736_925,40,3,3,-42.1,23.492449152623777,-78.71700820922851,-78.71700820922851,0.1017861366271972,0.1021463871002197,3,3.0,YOLO,1,32,0.0,23.492449152623777,0.0,[],0.1014332771301269,0.0504863262176513,0.0504992008209228,0.0004005432128906,0.0007548332214355
20250724_010737_131,40,2,2,-43.5,24.474548475376864,-77.84079856872559,-77.84079856872559,0.1004247665405273,0.1584913730621338,2,2.0,YOLO,1,32,0.0,24.474548475376864,0.0,[],0.100102424621582,0.0504474639892578,0.050494909286499,0.0568275451660156,0.0007143020629882
20250724_010737_391,40,2,2,-43.5,24.32728469489612,-77.9982967376709,-77.9982967376709,0.1029155254364013,0.1019704341888427,2,2.0,YOLO,1,32,0.0,24.32728469489612,0.0,[],0.1026222705841064,0.0504436492919921,0.0504422187805175,0.0003905296325683,0.0006883144378662
20250724_010737_598,40,2,2,-43.5,24.559916593684903,-77.73450012207032,-77.73450012207032,0.1049504280090332,0.1585540771484375,2,2.0,YOLO,1,32,0.0,24.559916593684903,0.0,[],0.1046364307403564,0.0504810810089111,0.0504817962646484,0.0567576885223388,0.0008265972137451
20250724_010737_863,40,2,2,-43.5,24.61389882032724,-77.68512687683105,-77.68512687683105,0.1027362346649169,0.1020448207855224,2,2.0,YOLO,1,32,0.0,24.61389882032724,0.0,[],0.102384328842163,0.0504610538482666,0.0504648685455322,0.0004050731658935,0.0007078647613525
