Timestamp,Boresight,Jetson Detection,Rx Beam Index,Rx Beam Angle,Initial SNR (dB),Initial Max Power (dBm),Max Power (dBm),YOLO Time (s),Beam Sweep Time (s),Rx Beam Index (YOLO Predicted),Rx Beam Index (Selected),Adjustment Method,Beams Checked in Search,Adjusted Beam Index,Adjusted Beam Angle,SNR (dB),Offset Error,Beam Offset History,Received Jetson inference Time,Set TX Beam Time (s),Set RX Beam Time (s),Stabilize Beam Time (s),Measure SNR Time (s)
20250724_023042_676,-65,NO_RADIO,32,0,6.8110033416748195,-96.04537200927734,-96.04537200927734,0.13106250762939453,0.10256743431091309,32,,CenterFallback,1,32,0,,,[],0.13058876991271973,0.05053210258483887,0.05050015449523926,0.0004658699035644531,0.0010344982147216797
20250724_023042_914,-65,NO_RADIO,32,0,6.992756234116186,-95.9241714477539,-95.9241714477539,0.10184311866760254,0.15675139427185059,32,,CenterFallback,1,32,0,,,[],0.10137462615966797,0.05065464973449707,0.0504915714263916,0.054755210876464844,0.0007925033569335938
20250724_023043_175,-65,NO_RADIO,32,0,7.12789702023484,-95.65385437011719,-95.65385437011719,0.10605072975158691,0.10216665267944336,32,,CenterFallback,1,32,0,,,[],0.10567998886108398,0.050528526306152344,0.05047774314880371,0.0004031658172607422,0.0007064342498779297
20250724_023043_384,-65,NO_RADIO,32,0,7.094238829135492,-95.91634559631349,-95.91634559631349,0.09989666938781738,0.15845704078674316,32,,CenterFallback,1,32,0,,,[],0.09954547882080078,0.05048990249633789,0.05049395561218262,0.05674242973327637,0.0006797313690185547
20250724_023043_644,-65,NO_RADIO,32,0,7.096916018562752,-95.6165771484375,-95.6165771484375,0.10115599632263184,0.10201859474182129,32,,CenterFallback,1,32,0,,,[],0.10088968276977539,0.05050086975097656,0.05043172836303711,0.00039887428283691406,0.0006513595581054688
20250724_023043_849,-65,NO_RADIO,32,0,7.0485409870287015,-95.76765441894531,-95.76765441894531,0.10080718994140625,0.158477783203125,32,,CenterFallback,1,32,0,,,[],0.1004791259765625,0.050454139709472656,0.05049777030944824,0.05676722526550293,0.0007071495056152344
20250724_023044_110,-65,NO_RADIO,32,0,7.0435650859567716,-96.12396850585938,-96.12396850585938,0.0996696949005127,0.10223650932312012,32,,CenterFallback,1,32,0,,,[],0.0993356704711914,0.05057692527770996,0.050522804260253906,0.00040459632873535156,0.0006926059722900391
20250724_023044_314,-65,NO_RADIO,32,0,7.212613899882115,-95.76765441894531,-95.76765441894531,0.1013190746307373,0.15853214263916016,32,,CenterFallback,1,32,0,,,[],0.1009817123413086,0.05050516128540039,0.050528764724731445,0.05674600601196289,0.0006916522979736328
20250724_023044_575,-64,NO_RADIO,32,0,6.879850503453895,-95.9241714477539,-95.9241714477539,0.10051774978637695,0.10218405723571777,32,,CenterFallback,1,32,0,,,[],0.10013389587402344,0.05057859420776367,0.050481319427490234,0.00040602684020996094,0.0006818771362304688
20250724_023044_779,-64,NO_RADIO,32,0,6.781143264666639,-96.12810516357422,-96.12810516357422,0.09605550765991211,0.1583850383758545,32,,CenterFallback,1,32,0,,,[],0.09572005271911621,0.05049920082092285,0.05048108100891113,0.05671954154968262,0.0006344318389892578
20250724_023045_035,-64,NO_RADIO,32,0,7.035152017529981,-95.91634559631349,-95.91634559631349,0.09731578826904297,0.10209083557128906,32,,CenterFallback,1,32,0,,,[],0.09700846672058105,0.05047035217285156,0.05050969123840332,0.0004055500030517578,0.0006663799285888672
20250724_023045_237,-64,NO_RADIO,32,0,7.037332926925103,-96.04537200927734,-96.04537200927734,0.10072779655456543,0.15848875045776367,32,,CenterFallback,1,32,0,,,[],0.10032367706298828,0.050472259521484375,0.05052900314331055,0.0567629337310791,0.0006701946258544922
20250724_023045_497,-64,63,63,45.0,6.895831071891308,-93.79424285888672,-93.79424285888672,0.1025848388671875,0.26854944229125977,63,63,OffsetFailed,2,63,45.0,9.027514724682547,0,[],0.10227179527282715,0.05045199394226074,0.05044698715209961,0.0003991127014160156,0.00066375732421875
20250724_023045_870,-64,NO_RADIO,63,45.0,8.787756205298379,-93.99395751953125,-93.99395751953125,0.10107898712158203,0.10201334953308105,63,,CenterFallback,1,32,0,,,[],0.10075807571411133,0.050459861755371094,0.050466299057006836,0.00039649009704589844,0.0006525516510009766
20250724_023046_075,-64,NO_RADIO,63,45.0,9.21309879678168,-93.72166442871094,-93.72166442871094,0.09849333763122559,0.15836262702941895,63,,CenterFallback,1,32,0,,,[],0.09814023971557617,0.05044364929199219,0.050435781478881836,0.05675816535949707,0.000675201416015625
20250724_023046_334,-64,NO_RADIO,63,45.0,9.143000145301784,-93.62672424316406,-93.62672424316406,0.10071229934692383,0.10208415985107422,63,,CenterFallback,1,32,0,,,[],0.10036492347717285,0.0504913330078125,0.05047464370727539,0.00039696693420410156,0.0006844997406005859
20250724_023046_538,-63,NO_RADIO,63,45.0,9.79199551893015,-93.11781311035156,-93.11781311035156,0.10039687156677246,0.1584177017211914,63,,CenterFallback,1,32,0,,,[],0.1000661849975586,0.050457000732421875,0.05047488212585449,0.05672788619995117,0.0007052421569824219
20250724_023046_798,-63,63,63,45.0,9.879478677321785,-93.11781311035156,-93.11781311035156,0.10184144973754883,0.2681729793548584,63,63,OffsetFailed,2,63,45.0,9.795955043881833,0,[],0.10151433944702148,0.05049777030944824,0.05050086975097656,0.0004038810729980469,0.00064849853515625
20250724_023047_170,-63,63,63,45.0,9.780638019791155,-92.9109115600586,-92.9109115600586,0.10541796684265137,0.2690274715423584,63,63,OffsetFailed,2,63,45.0,9.764870714734485,0,[],0.10504698753356934,0.05047130584716797,0.0504610538482666,0.00040340423583984375,0.0006520748138427734
20250724_023047_546,-63,63,63,45.0,9.98140240615011,-92.85452270507812,-92.85452270507812,0.10220503807067871,0.2680540084838867,63,63,OffsetFailed,2,63,45.0,9.773441081542913,0,[],0.10189056396484375,0.05045461654663086,0.05046582221984863,0.00040459632873535156,0.000667572021484375
20250724_023047_918,-63,63,63,45.0,9.934910549376028,-92.85452270507812,-92.85452270507812,0.10224032402038574,0.26813173294067383,63,63,OffsetFailed,2,63,45.0,9.660683672778816,0,[],0.10180139541625977,0.05048990249633789,0.05047893524169922,0.0003974437713623047,0.0006864070892333984
20250724_023048_290,-63,NO_RADIO,63,45.0,9.907507239108753,-92.62488555908203,-92.62488555908203,0.1008765697479248,0.10201501846313477,63,,CenterFallback,1,32,0,,,[],0.10051250457763672,0.05045938491821289,0.05047750473022461,0.00039958953857421875,0.0006396770477294922
20250724_023048_494,-62,63,63,45.0,12.486606056005698,-90.61642456054688,-90.61642456054688,0.1023409366607666,0.26093554496765137,63,63,OffsetFailed,2,63,45.0,11.97383463325778,0,[],0.10198831558227539,0.05047321319580078,0.05049562454223633,0.05673050880432129,0.0006737709045410156
20250724_023048_859,-62,NO_RADIO,63,45.0,11.60130326150157,-91.13970184326172,-91.13970184326172,0.10210633277893066,0.15836739540100098,63,,CenterFallback,1,32,0,,,[],0.10175919532775879,0.050447702407836914,0.05045127868652344,0.05675840377807617,0.000659942626953125
20250724_023049_121,-62,NO_RADIO,63,45.0,11.247793115058016,-91.34230194091796,-91.34230194091796,0.10107040405273438,0.10199952125549316,63,,CenterFallback,1,32,0,,,[],0.10074424743652344,0.050457000732421875,0.05045032501220703,0.0003914833068847656,0.0006620883941650391
20250724_023049_326,-62,63,63,45.0,11.511509369965353,-91.13970184326172,-91.13970184326172,0.10427021980285645,0.261685848236084,63,63,OffsetFailed,2,63,45.0,11.480443557139665,0,[],0.1039421558380127,0.05045032501220703,0.05046486854553223,0.05672264099121094,0.0007240772247314453
20250724_023049_694,-62,63,63,45.0,11.411189910545218,-91.17960357666016,-91.17960357666016,0.10263776779174805,0.26089978218078613,63,63,OffsetFailed,2,63,45.0,11.198548075288926,0,[],0.10230493545532227,0.050490617752075195,0.050484657287597656,0.056702613830566406,0.0006740093231201172
20250724_023050_059,-62,63,63,45.0,11.29576612827887,-90.82069396972656,-90.82069396972656,0.10670590400695801,0.26099205017089844,63,63,OffsetFailed,2,63,45.0,11.71977732526706,0,[],0.10640525817871094,0.050493478775024414,0.05046343803405762,0.05675697326660156,0.0006744861602783203
20250724_023050_428,-61,NO_RADIO,63,45.0,12.608271574549875,-89.84422302246094,-89.84422302246094,0.10303139686584473,0.15842032432556152,63,,CenterFallback,1,32,0,,,[],0.1026923656463623,0.050522565841674805,0.05044889450073242,0.05672717094421387,0.0006694793701171875
20250724_023050_691,-61,63,63,45.0,12.566087208730409,-89.66002159118652,-89.66002159118652,0.0974113941192627,0.267714262008667,63,63,OffsetFailed,2,63,45.0,12.863212255032465,0,[],0.09705662727355957,0.050522804260253906,0.05047941207885742,0.00040721893310546875,0.0007488727569580078
20250724_023051_058,-61,63,63,45.0,12.552767763881917,-89.7759780883789,-89.7759780883789,0.1023247241973877,0.26807737350463867,63,63,OffsetFailed,2,63,45.0,12.840932264179713,0,[],0.10196948051452637,0.050458669662475586,0.050473928451538086,0.0003991127014160156,0.0007021427154541016
20250724_023051_430,-61,63,63,45.0,12.574586856130978,-89.7759780883789,-89.7759780883789,0.1027374267578125,0.26940155029296875,63,63,OffsetFailed,2,63,45.0,12.824140283111433,0,[],0.10241055488586426,0.05047321319580078,0.05047345161437988,0.0004012584686279297,0.0006353855133056641
20250724_023051_804,-61,63,63,45.0,12.952965460366613,-89.76631164550781,-89.76631164550781,0.10146164894104004,0.2689187526702881,63,63,OffsetFailed,2,63,45.0,12.836396323547802,0,[],0.10111784934997559,0.05050039291381836,0.05047750473022461,0.0004029273986816406,0.0006275177001953125
20250724_023052_176,-61,63,63,45.0,12.738586119084957,-89.81483459472656,-89.81483459472656,0.1053164005279541,0.26911115646362305,63,63,OffsetFailed,2,63,45.0,12.70112248945226,0,[],0.10497641563415527,0.05048060417175293,0.050461530685424805,0.0003933906555175781,0.0007479190826416016
20250724_023052_552,-60,63,63,45.0,12.575271275746275,-88.25704193115234,-88.25704193115234,0.10190558433532715,0.2685091495513916,63,63,OffsetFailed,2,63,45.0,14.395807426342017,0,[],0.10159802436828613,0.05047321319580078,0.05049276351928711,0.0004134178161621094,0.0006539821624755859
20250724_023052_924,-60,NO_RADIO,63,45.0,14.436217900080976,-88.23664093017578,-88.23664093017578,0.09896183013916016,0.10215950012207031,63,,CenterFallback,1,32,0,,,[],0.09863758087158203,0.05048990249633789,0.05051612854003906,0.0004439353942871094,0.0006716251373291016
20250724_023053_127,-60,NO_RADIO,63,45.0,14.18866824071128,-88.33929061889648,-88.33929061889648,0.10096096992492676,0.15845870971679688,63,,CenterFallback,1,32,0,,,[],0.10066342353820801,0.05045795440673828,0.050498247146606445,0.056758880615234375,0.0006902217864990234
20250724_023053_388,-60,NO_RADIO,63,45.0,14.318765334029706,-88.43092346191406,-88.43092346191406,0.09785175323486328,0.10243892669677734,63,,CenterFallback,1,32,0,,,[],0.09752988815307617,0.05046677589416504,0.05056166648864746,0.0004363059997558594,0.0009245872497558594
20250724_023053_590,-60,NO_RADIO,63,45.0,14.182595885003636,-88.57485923767089,-88.57485923767089,0.1014549732208252,0.15839314460754395,63,,CenterFallback,1,32,0,,,[],0.10109400749206543,0.05045175552368164,0.05045127868652344,0.05674147605895996,0.0006959438323974609
20250724_023053_852,-60,NO_RADIO,63,45.0,14.185537469720188,-88.50969696044922,-88.50969696044922,0.10026812553405762,0.10209345817565918,63,,CenterFallback,1,32,0,,,[],0.09995675086975098,0.05050015449523926,0.05046892166137695,0.0003979206085205078,0.0006909370422363281
20250724_023054_056,-60,NO_RADIO,63,45.0,14.610715743105857,-87.85649070739747,-87.85649070739747,0.09751224517822266,0.15845203399658203,63,,CenterFallback,1,32,0,,,[],0.09717273712158203,0.0504908561706543,0.05049276351928711,0.05675053596496582,0.0006628036499023438
20250724_023054_313,-60,NO_RADIO,63,45.0,14.773057740786015,-87.7010498046875,-87.7010498046875,0.10100722312927246,0.10215020179748535,63,,CenterFallback,1,32,0,,,[],0.10063624382019043,0.050467729568481445,0.05051684379577637,0.00040340423583984375,0.0007255077362060547
20250724_023054_518,-59,NO_RADIO,63,45.0,15.910621179756731,-86.84843254089355,-86.84843254089355,0.10077857971191406,0.15856575965881348,63,,CenterFallback,1,32,0,,,[],0.10041546821594238,0.05053520202636719,0.050508975982666016,0.05678534507751465,0.0006799697875976562
20250724_023054_779,-59,NO_RADIO,63,45.0,16.088432764757286,-86.46623916625977,-86.46623916625977,0.10054636001586914,0.10283827781677246,63,,CenterFallback,1,32,0,,,[],0.1001594066619873,0.051253557205200195,0.05048322677612305,0.00040411949157714844,0.0006594657897949219
20250724_023054_984,-59,NO_RADIO,63,45.0,16.395385165638316,-86.40371589660644,-86.40371589660644,0.10109567642211914,0.1585979461669922,63,,CenterFallback,1,32,0,,,[],0.10073447227478027,0.050563812255859375,0.05049872398376465,0.05682063102722168,0.0006616115570068359
20250724_023055_246,-59,NO_RADIO,63,45.0,16.34516258833189,-86.42938575744628,-86.42938575744628,0.10097527503967285,0.10201001167297363,63,,CenterFallback,1,32,0,,,[],0.10065650939941406,0.05045723915100098,0.05047011375427246,0.00040078163146972656,0.0006442070007324219
20250724_023055_450,-59,NO_RADIO,63,45.0,15.935911380540603,-86.65113067626953,-86.65113067626953,0.09956884384155273,0.158461332321167,63,,CenterFallback,1,32,0,,,[],0.09924435615539551,0.050452232360839844,0.05049562454223633,0.05679059028625488,0.0006735324859619141
20250724_023055_710,-59,63,63,45.0,15.941711855200793,-87.05047607421875,-87.05047607421875,0.10092043876647949,0.27121829986572266,63,63,OffsetFailed,2,63,45.0,15.617036330962648,0,[],0.10060834884643555,0.05046486854553223,0.05054473876953125,0.0003998279571533203,0.0006754398345947266
20250724_023056_084,-59,63,63,45.0,15.499689086869935,-87.0042495727539,-87.0042495727539,0.10275149345397949,0.26763153076171875,63,63,OffsetFailed,2,63,45.0,15.662261854388987,0,[],0.10236763954162598,0.050473928451538086,0.05046224594116211,0.000408172607421875,0.0007116794586181641
20250724_023056_456,-58,NO_RADIO,63,45.0,15.642522821190937,-87.11210784912109,-87.11210784912109,0.10087871551513672,0.10203194618225098,63,,CenterFallback,1,32,0,,,[],0.10047793388366699,0.05048227310180664,0.05047154426574707,0.00039768218994140625,0.0006463527679443359
20250724_023056_660,-58,63,63,45.0,17.70404097074639,-85.41212348937988,-85.41212348937988,0.09845781326293945,0.26123881340026855,63,63,OffsetFailed,2,62,43.5,17.298565529366826,-1,[],0.09809327125549316,0.05044126510620117,0.05044889450073242,0.056781768798828125,0.0007150173187255859
20250724_023057_022,-58,63,63,45.0,17.62314209799362,-85.66510772705078,-85.66510772705078,0.10226893424987793,0.261059045791626,63,63,OffsetFailed,2,62,43.5,17.103622342465542,-1,[],0.10194134712219238,0.0504450798034668,0.050493478775024414,0.05671381950378418,0.0007023811340332031
20250724_023057_387,-58,63,63,45.0,17.903893201761832,-85.85304260253906,-85.85304260253906,0.10299539566040039,0.2609243392944336,63,63,OffsetFailed,2,62,43.5,16.78127013494698,-1,[],0.10270237922668457,0.0504758358001709,0.050487518310546875,0.056722402572631836,0.0006470680236816406
20250724_023057_752,-58,63,63,45.0,17.9302932013795,-85.1106773376465,-85.1106773376465,0.10073208808898926,0.2610206604003906,63,63,OffsetFailed,2,62,43.5,17.48899699077532,-1,[],0.10037374496459961,0.05046987533569336,0.050486087799072266,0.05675935745239258,0.0006728172302246094
20250724_023058_115,-58,63,63,45.0,17.91860017408601,-85.29129028320312,-85.29129028320312,0.10167145729064941,0.26088571548461914,63,63,OffsetFailed,2,62,43.5,17.48794056077847,-1,[],0.10132122039794922,0.05045366287231445,0.05046701431274414,0.056738853454589844,0.0006520748138427734
20250724_023058_480,-57,NO_RADIO,63,45.0,18.863858401169423,-83.88284835815429,-83.88284835815429,0.10120677947998047,0.15836381912231445,63,,CenterFallback,1,32,0,,,[],0.10094165802001953,0.05045962333679199,0.05044817924499512,0.05674552917480469,0.0006582736968994141
20250724_023058_741,-57,NO_RADIO,63,45.0,18.91434205162129,-83.70083351135254,-83.70083351135254,0.10167908668518066,0.10202383995056152,63,,CenterFallback,1,32,0,,,[],0.10135960578918457,0.050473928451538086,0.05046892166137695,0.00040221214294433594,0.0006430149078369141
20250724_023058_946,-57,NO_RADIO,63,45.0,19.081421643788005,-83.72645568847656,-83.72645568847656,0.10055756568908691,0.15845322608947754,63,,CenterFallback,1,32,0,,,[],0.10025691986083984,0.05047178268432617,0.05047464370727539,0.056765079498291016,0.0006892681121826172
20250724_023059_207,-57,NO_RADIO,63,45.0,19.091836386278857,-83.6289493560791,-83.6289493560791,0.10230469703674316,0.10197019577026367,63,,CenterFallback,1,32,0,,,[],0.10193562507629395,0.050438642501831055,0.05047440528869629,0.0003981590270996094,0.0006234645843505859
20250724_023059_413,-57,NO_RADIO,63,45.0,19.251423212818267,-83.3735538482666,-83.3735538482666,0.09797167778015137,0.1584334373474121,63,,CenterFallback,1,32,0,,,[],0.09761762619018555,0.050458669662475586,0.050501108169555664,0.05674266815185547,0.0006797313690185547
20250724_023059_670,-57,NO_RADIO,63,45.0,19.32284909250768,-83.49720764160156,-83.49720764160156,0.0993037223815918,0.10222625732421875,63,,CenterFallback,1,32,0,,,[],0.09902501106262207,0.05046248435974121,0.05049610137939453,0.0004458427429199219,0.0007693767547607422
20250724_023059_874,-57,NO_RADIO,63,45.0,19.33444250643207,-83.46316528320312,-83.46316528320312,0.10145831108093262,0.1584317684173584,63,,CenterFallback,1,32,0,,,[],0.10113835334777832,0.05049252510070801,0.050459861755371094,0.05677056312561035,0.0006506443023681641
20250724_023100_135,-57,NO_RADIO,63,45.0,19.038326878258744,-83.82115936279297,-83.82115936279297,0.10165548324584961,0.1020212173461914,63,,CenterFallback,1,32,0,,,[],0.10132670402526855,0.050470829010009766,0.05045151710510254,0.000396728515625,0.0006673336029052734
20250724_023100_341,-56,63,63,45.0,19.41741147626611,-82.76119995117188,-82.76119995117188,0.10414481163024902,0.26084041595458984,63,63,OffsetFailed,2,63,45.0,20.060312920126137,0,[],0.10374855995178223,0.05040287971496582,0.050444602966308594,0.056752681732177734,0.0006687641143798828
20250724_023100_707,-56,NO_RADIO,63,45.0,19.92986506820941,-82.7324447631836,-82.7324447631836,0.10188984870910645,0.1585094928741455,63,,CenterFallback,1,32,0,,,[],0.10156464576721191,0.05048966407775879,0.050492286682128906,0.0567936897277832,0.0006792545318603516
20250724_023100_969,-56,63,63,45.0,20.13180007782678,-82.61333694458008,-82.61333694458008,0.102996826171875,0.26778697967529297,63,63,OffsetFailed,2,63,45.0,20.232930505642003,0,[],0.1025838851928711,0.05051279067993164,0.05046272277832031,0.00039386749267578125,0.0006351470947265625
20250724_023101_342,-56,NO_RADIO,63,45.0,20.345500685458887,-82.40996932983398,-82.40996932983398,0.09982800483703613,0.10198807716369629,63,,CenterFallback,1,32,0,,,[],0.09943222999572754,0.05046820640563965,0.0504610538482666,0.00038170814514160156,0.0006399154663085938
20250724_023101_545,-56,NO_RADIO,63,45.0,20.935862020077238,-81.78817672729492,-81.78817672729492,0.10076093673706055,0.1584148406982422,63,,CenterFallback,1,32,0,,,[],0.1004183292388916,0.05051231384277344,0.050466060638427734,0.056726932525634766,0.0006582736968994141
20250724_023101_806,-56,63,63,45.0,20.631033401573276,-82.77777061462402,-82.77777061462402,0.10237383842468262,0.26786375045776367,63,63,OffsetFailed,2,63,45.0,20.044784583378117,0,[],0.10206317901611328,0.05046963691711426,0.05045318603515625,0.0003879070281982422,0.0006594657897949219
20250724_023102_178,-56,NO_RADIO,63,45.0,19.96549207328262,-82.56509208679199,-82.56509208679199,0.0984809398651123,0.10202169418334961,63,,CenterFallback,1,32,0,,,[],0.09814858436584473,0.05043983459472656,0.05047011375427246,0.0004067420959472656,0.0006654262542724609
20250724_023102_380,-55,NO_RADIO,63,45.0,20.39438255895567,-82.41014671325684,-82.41014671325684,0.10200810432434082,0.1583261489868164,63,,CenterFallback,1,32,0,,,[],0.10163402557373047,0.05042004585266113,0.050444841384887695,0.056733131408691406,0.000675201416015625
20250724_023102_642,-55,63,63,45.0,20.836431774171203,-81.78825378417969,-81.78825378417969,0.10133862495422363,0.26894593238830566,63,63,OffsetFailed,2,63,45.0,20.69074491421121,0,[],0.10100197792053223,0.05046987533569336,0.05050230026245117,0.000377655029296875,0.0006940364837646484
20250724_023103_014,-55,NO_RADIO,63,45.0,20.862022577809114,-81.88572883605957,-81.88572883605957,0.09856510162353516,0.10194516181945801,63,,CenterFallback,1,32,0,,,[],0.09824800491333008,0.05042672157287598,0.050443172454833984,0.0003960132598876953,0.0006449222564697266
20250724_023103_216,-55,NO_RADIO,63,45.0,21.059596694361247,-81.64423599243165,-81.64423599243165,0.10112214088439941,0.1587376594543457,63,,CenterFallback,1,32,0,,,[],0.10079479217529297,0.05053877830505371,0.05052757263183594,0.05694079399108887,0.0006327629089355469
20250724_023103_477,-55,NO_RADIO,63,45.0,21.007892453909122,-81.78617553710937,-81.78617553710937,0.1009516716003418,0.1020517349243164,63,,CenterFallback,1,32,0,,,[],0.10063028335571289,0.05047273635864258,0.050493478775024414,0.00039958953857421875,0.0006456375122070312
20250724_023103_682,-55,NO_RADIO,63,45.0,21.37605435005463,-81.44122314453125,-81.44122314453125,0.10025501251220703,0.15859341621398926,63,,CenterFallback,1,32,0,,,[],0.0999290943145752,0.05050516128540039,0.05053210258483887,0.05678749084472656,0.0007166862487792969
20250724_023103_942,-55,63,63,45.0,21.338833035683876,-81.41716003417969,-81.41716003417969,0.10196256637573242,0.26950979232788086,63,63,OffsetFailed,2,63,45.0,21.216426557358233,0,[],0.10153841972351074,0.05053257942199707,0.050519704818725586,0.0004260540008544922,0.0007026195526123047
20250724_023104_315,-55,NO_RADIO,63,45.0,21.04488268839286,-81.57153129577637,-81.57153129577637,0.10318303108215332,0.10202980041503906,63,,CenterFallback,1,32,0,,,[],0.10281896591186523,0.05045628547668457,0.05046677589416504,0.0004019737243652344,0.0006585121154785156
20250724_023104_522,-54,NO_RADIO,63,45.0,22.3326089813701,-80.49488830566406,-80.49488830566406,0.10156059265136719,0.15852141380310059,63,,CenterFallback,1,32,0,,,[],0.10123968124389648,0.050482749938964844,0.05060720443725586,0.05672597885131836,0.0006551742553710938
20250724_023104_784,-54,NO_RADIO,63,45.0,22.243813884079074,-80.58670768737792,-80.58670768737792,0.10206270217895508,0.10205912590026855,63,,CenterFallback,1,32,0,,,[],0.10173940658569336,0.05048513412475586,0.05046343803405762,0.00038909912109375,0.0006821155548095703
20250724_023104_990,-54,NO_RADIO,63,45.0,22.10837672227619,-80.53611373901367,-80.53611373901367,0.10040044784545898,0.15839123725891113,63,,CenterFallback,1,32,0,,,[],0.10011696815490723,0.05046987533569336,0.050469398498535156,0.0567021369934082,0.0006921291351318359
20250724_023105_250,-54,63,63,45.0,22.087784055403105,-80.49466018676758,-80.49466018676758,0.1007699966430664,0.2689242362976074,63,63,OffsetFailed,2,63,45.0,22.321287182226826,0,[],0.10047531127929688,0.05044913291931152,0.05047869682312012,0.0004057884216308594,0.0006520748138427734
20250724_023105_622,-54,NO_RADIO,63,45.0,22.209064855550253,-80.46305084228516,-80.46305084228516,0.10051679611206055,0.10215878486633301,63,,CenterFallback,1,32,0,,,[],0.10016942024230957,0.05048203468322754,0.050476789474487305,0.0004134178161621094,0.0007426738739013672
20250724_023105_826,-54,NO_RADIO,63,45.0,22.313458984375885,-80.39822006225586,-80.39822006225586,0.09804081916809082,0.1585218906402588,63,,CenterFallback,1,32,0,,,[],0.09772944450378418,0.05050349235534668,0.0505063533782959,0.056781768798828125,0.0006756782531738281
20250724_023106_084,-54,NO_RADIO,63,45.0,22.285064439861713,-80.47115936279297,-80.47115936279297,0.10004782676696777,0.10205554962158203,63,,CenterFallback,1,32,0,,,[],0.09971785545349121,0.05050182342529297,0.05047464370727539,0.00040030479431152344,0.0006413459777832031
20250724_023106_288,-54,NO_RADIO,63,45.0,22.248188355330768,-80.59738731384277,-80.59738731384277,0.10119247436523438,0.15850424766540527,63,,CenterFallback,1,32,0,,,[],0.1008758544921875,0.05049633979797363,0.05047035217285156,0.05680131912231445,0.0006854534149169922
20250724_023106_549,-53,NO_RADIO,63,45.0,22.34780424891217,-80.4625415802002,-80.4625415802002,0.09876060485839844,0.1019899845123291,63,,CenterFallback,1,32,0,,,[],0.0984492301940918,0.05046892166137695,0.05042743682861328,0.00039315223693847656,0.0006632804870605469
20250724_023106_752,-53,NO_RADIO,63,45.0,22.877713584797192,-79.8983985900879,-79.8983985900879,0.10033082962036133,0.15838313102722168,63,,CenterFallback,1,32,0,,,[],0.10001897811889648,0.05046796798706055,0.05043458938598633,0.056739091873168945,0.0006871223449707031
20250724_023107_012,-53,NO_RADIO,63,45.0,23.019814280672378,-79.90352210998535,-79.90352210998535,0.09646844863891602,0.10200381278991699,63,,CenterFallback,1,32,0,,,[],0.09619927406311035,0.05044817924499512,0.05048537254333496,0.0003845691680908203,0.000644683837890625
20250724_023107_212,-53,NO_RADIO,63,45.0,22.72293051868327,-80.05484580993652,-80.05484580993652,0.10229182243347168,0.1589667797088623,63,,CenterFallback,1,32,0,,,[],0.10196995735168457,0.05054736137390137,0.050527334213256836,0.05678057670593262,0.001054525375366211
20250724_023107_475,-53,63,63,45.0,22.86428214299636,-80.21579704284667,-80.21579704284667,0.10186648368835449,0.2689394950866699,63,63,OffsetFailed,2,63,45.0,22.62531757158048,0,[],0.10146021842956543,0.05048704147338867,0.05047965049743652,0.0004062652587890625,0.0006859302520751953
20250724_023107_847,-53,NO_RADIO,63,45.0,22.495714785528392,-80.26699829101562,-80.26699829101562,0.1012578010559082,0.10215568542480469,63,,CenterFallback,1,32,0,,,[],0.10093975067138672,0.05055379867553711,0.050458669662475586,0.00040841102600097656,0.0006935596466064453
20250724_023108_052,-53,NO_RADIO,63,45.0,23.014945335197737,-79.80592880249024,-79.80592880249024,0.09787511825561523,0.1584305763244629,63,,CenterFallback,1,32,0,,,[],0.09750890731811523,0.05043649673461914,0.05050539970397949,0.05675506591796875,0.0006692409515380859
20250724_023108_310,-53,NO_RADIO,63,45.0,22.952941873634913,-79.77282981872558,-79.77282981872558,0.10103106498718262,0.10206413269042969,63,,CenterFallback,1,32,0,,,[],0.10069966316223145,0.05053305625915527,0.05042862892150879,0.0004169940948486328,0.0006453990936279297
20250724_023108_515,-52,63,63,45.0,23.030948323800203,-79.74955444335937,-79.74955444335937,0.0997157096862793,0.26096558570861816,63,63,OffsetFailed,2,63,45.0,22.9274044079484,0,[],0.09939885139465332,0.050466299057006836,0.05044984817504883,0.05675315856933594,0.0006792545318603516
20250724_023108_877,-52,63,63,45.0,23.53166702189,-79.2655258178711,-79.2655258178711,0.09681296348571777,0.2646138668060303,63,63,OffsetFailed,2,63,45.0,23.533940834432343,0,[],0.0964813232421875,0.050414323806762695,0.05050206184387207,0.05675363540649414,0.0006663799285888672
20250724_023109_240,-52,63,63,45.0,23.462580450364186,-79.49871063232422,-79.49871063232422,0.09989643096923828,0.26096200942993164,63,63,OffsetFailed,2,63,45.0,23.252541220419744,0,[],0.099578857421875,0.05045151710510254,0.05043816566467285,0.05675792694091797,0.0006880760192871094
20250724_023109_603,-52,NO_RADIO,63,45.0,23.24928039822882,-79.48842277526856,-79.48842277526856,0.1013479232788086,0.15845656394958496,63,,CenterFallback,1,32,0,,,[],0.10103678703308105,0.050457000732421875,0.05045032501220703,0.056738853454589844,0.0007510185241699219
20250724_023109_864,-52,NO_RADIO,63,45.0,23.19009191791646,-79.47396583557129,-79.47396583557129,0.10221672058105469,0.1020498275756836,63,,CenterFallback,1,32,0,,,[],0.10187554359436035,0.050452470779418945,0.05045938491821289,0.0003981590270996094,0.0007021427154541016
20250724_023110_070,-52,63,63,45.0,23.18135758085218,-79.57140769958497,-79.57140769958497,0.1011037826538086,0.2608823776245117,63,63,OffsetFailed,2,63,45.0,23.154261410023793,0,[],0.10078883171081543,0.05043196678161621,0.05045318603515625,0.056708574295043945,0.0006792545318603516
20250724_023110_434,-51,63,63,45.0,23.545394002031173,-79.24922180175781,-79.24922180175781,0.10306382179260254,0.26108860969543457,63,63,OffsetFailed,2,63,45.0,23.469456985329757,0,[],0.10275650024414062,0.050492286682128906,0.05049276351928711,0.056739091873168945,0.0006568431854248047
20250724_023110_800,-51,63,63,45.0,23.780304325379362,-78.90049934387207,-78.90049934387207,0.10201454162597656,0.1583266258239746,63,63,YOLO,1,63,45.0,23.780304325379362,0,[],0.10165023803710938,0.05046343803405762,0.0504608154296875,0.056725502014160156,0.0006692409515380859
20250724_023111_062,-51,63,63,45.0,23.874094132125734,-79.02433052062989,-79.02433052062989,0.10263657569885254,0.10217928886413574,63,63,YOLO,1,63,45.0,23.874094132125734,0,[],0.10229277610778809,0.05043363571166992,0.05048418045043945,0.0005412101745605469,0.0007147789001464844
20250724_023111_268,-51,63,63,45.0,23.945243384875937,-78.83513488769532,-78.83513488769532,0.10018229484558105,0.15844464302062988,63,63,YOLO,1,63,45.0,23.945243384875937,0,[],0.09983277320861816,0.05046343803405762,0.050482749938964844,0.05680727958679199,0.0006840229034423828
20250724_023111_528,-51,63,63,45.0,23.93245881053994,-78.83977279663085,-78.83977279663085,0.10386419296264648,0.10190129280090332,63,63,YOLO,1,63,45.0,23.93245881053994,0,[],0.10354351997375488,0.05043792724609375,0.05041384696960449,0.0003921985626220703,0.0006513595581054688
20250724_023111_736,-51,NO_RADIO,63,45.0,23.72268102580287,-79.00213279724122,-79.00213279724122,0.09973621368408203,0.15854835510253906,63,,CenterFallback,1,32,0,,,[],0.0994102954864502,0.050518035888671875,0.050514936447143555,0.05677056312561035,0.0006921291351318359
20250724_023111_995,-51,NO_RADIO,63,45.0,23.7358526220995,-78.96113395690918,-78.96113395690918,0.10263967514038086,0.10201835632324219,63,,CenterFallback,1,32,0,,,[],0.10231924057006836,0.050440311431884766,0.05047202110290527,0.0003981590270996094,0.0006711483001708984
20250724_023112_202,-51,NO_RADIO,63,45.0,23.71162136186716,-79.14822845458984,-79.14822845458984,0.10200667381286621,0.15840697288513184,63,,CenterFallback,1,32,0,,,[],0.10166501998901367,0.05049276351928711,0.05048418045043945,0.0567169189453125,0.0006594657897949219
20250724_023112_464,-50,NO_RADIO,63,45.0,23.94391748770404,-78.82820892333984,-78.82820892333984,0.10097193717956543,0.10213851928710938,63,,CenterFallback,1,32,0,,,[],0.10063767433166504,0.05049705505371094,0.050495147705078125,0.0004010200500488281,0.0006918907165527344
20250724_023112_668,-50,NO_RADIO,63,45.0,24.304056928355152,-78.36154708862304,-78.36154708862304,0.10041666030883789,0.1585087776184082,63,,CenterFallback,1,32,0,,,[],0.10008001327514648,0.05045676231384277,0.05050802230834961,0.05682110786437988,0.0006709098815917969
20250724_023112_929,-50,NO_RADIO,63,45.0,24.309513761260916,-78.4293327331543,-78.4293327331543,0.10173821449279785,0.10200238227844238,63,,CenterFallback,1,32,0,,,[],0.10141873359680176,0.0504453182220459,0.05047416687011719,0.0003910064697265625,0.0006520748138427734
20250724_023113_134,-50,NO_RADIO,63,45.0,23.901349075460118,-78.79551582336425,-78.79551582336425,0.10099673271179199,0.15883851051330566,63,,CenterFallback,1,32,0,,,[],0.10061502456665039,0.05048108100891113,0.05045461654663086,0.056761741638183594,0.0010733604431152344
20250724_023113_397,-50,NO_RADIO,63,45.0,23.97782156374663,-78.77503623962403,-78.77503623962403,0.10097074508666992,0.10224795341491699,63,,CenterFallback,1,32,0,,,[],0.10058808326721191,0.05053853988647461,0.05054116249084473,0.0004220008850097656,0.0007030963897705078
20250724_023113_602,-50,63,63,45.0,23.783632894795275,-78.86557464599609,-78.86557464599609,0.1043403148651123,0.15855002403259277,63,63,YOLO,1,32,0,23.783632894795275,0,[],0.104034423828125,0.05048537254333496,0.05049467086791992,0.0567936897277832,0.0007684230804443359
20250724_023113_866,-50,63,63,45.0,24.007203826578845,-78.75801887512208,-78.75801887512208,0.10262012481689453,0.1020958423614502,63,63,YOLO,1,32,0,24.007203826578845,0,[],0.10226106643676758,0.05051088333129883,0.05051851272583008,0.0003905296325683594,0.0006694793701171875
20250724_023114_073,-50,63,63,45.0,24.308915219722294,-78.42922096252441,-78.42922096252441,0.10328960418701172,0.15853190422058105,63,63,YOLO,1,32,0,24.308915219722294,0,[],0.10298657417297363,0.050490617752075195,0.050536394119262695,0.05676984786987305,0.0007271766662597656
20250724_023114_336,-50,63,63,45.0,24.270792354808606,-78.52696075439454,-78.52696075439454,0.10634446144104004,0.10227847099304199,63,63,YOLO,1,32,0,24.270792354808606,0,[],0.10599708557128906,0.05048489570617676,0.05053853988647461,0.0004169940948486328,0.0008313655853271484
20250724_023114_546,-49,63,63,45.0,24.270091298035965,-78.37036094665527,-78.37036094665527,0.09953093528747559,0.15866374969482422,63,63,YOLO,1,32,0,24.270091298035965,0,[],0.09915041923522949,0.050551414489746094,0.050551414489746094,0.056775808334350586,0.0007784366607666016
20250724_023114_806,-49,63,63,45.0,24.425223986316183,-78.37382507324219,-78.37382507324219,0.10173511505126953,0.10323190689086914,63,63,YOLO,1,32,0,24.425223986316183,0,[],0.10137701034545898,0.050608158111572266,0.0505673885345459,0.0009317398071289062,0.001117706298828125
20250724_023115_014,-49,63,63,45.0,24.297279239537133,-78.52446746826172,-78.52446746826172,0.10293173789978027,0.15839838981628418,63,63,YOLO,1,32,0,24.297279239537133,0,[],0.10201120376586914,0.05051064491271973,0.050492048263549805,0.056743621826171875,0.0006461143493652344
20250724_023115_277,-49,63,63,45.0,24.399694151938192,-78.38975028991699,-78.38975028991699,0.1034398078918457,0.1019601821899414,63,63,YOLO,1,32,0,24.399694151938192,0,[],0.10308480262756348,0.050444602966308594,0.05047297477722168,0.0003960132598876953,0.0006415843963623047
20250724_023115_484,-49,63,63,45.0,24.442771158483424,-78.31186599731446,-78.31186599731446,0.10305905342102051,0.1583573818206787,63,63,YOLO,1,32,0,24.442771158483424,0,[],0.1027224063873291,0.05047297477722168,0.0504755973815918,0.05673933029174805,0.0006639957427978516
20250724_023115_747,-49,63,63,45.0,24.407179712454976,-78.28927688598633,-78.28927688598633,0.10312557220458984,0.10210394859313965,63,63,YOLO,1,32,0,24.407179712454976,0,[],0.10279583930969238,0.05049848556518555,0.0504918098449707,0.00040984153747558594,0.0006978511810302734
20250724_023115_954,-49,63,63,45.0,23.887064705825352,-78.78168411254883,-78.78168411254883,0.10293197631835938,0.15851807594299316,63,63,YOLO,1,32,0,23.887064705825352,0,[],0.10254311561584473,0.05052328109741211,0.05049538612365723,0.05676102638244629,0.0007312297821044922
20250724_023116_217,-49,NO_RADIO,63,45.0,24.103066997941553,-78.64503059387206,-78.64503059387206,0.10013175010681152,0.10217595100402832,63,,CenterFallback,1,32,0,,,[],0.0997920036315918,0.05055856704711914,0.05050039291381836,0.0004208087921142578,0.0006556510925292969
20250724_023116_421,-48,NO_RADIO,63,45.0,24.358906523179215,-78.43088836669922,-78.43088836669922,0.10125470161437988,0.158447265625,63,,CenterFallback,1,32,0,,,[],0.10091376304626465,0.05043315887451172,0.05048346519470215,0.056783199310302734,0.0006563663482666016
20250724_023116_682,-48,NO_RADIO,63,45.0,24.378556421174537,-78.37312545776368,-78.37312545776368,0.10543084144592285,0.10209465026855469,63,,CenterFallback,1,32,0,,,[],0.10506796836853027,0.05046558380126953,0.050536155700683594,0.00039768218994140625,0.0006537437438964844
20250724_023116_891,-48,63,63,45.0,24.058072409490833,-78.58532524108887,-78.58532524108887,0.10170578956604004,0.15836191177368164,63,63,YOLO,1,32,0,24.058072409490833,0,[],0.10137176513671875,0.050447702407836914,0.050467729568481445,0.05678677558898926,0.0006530284881591797
20250724_023117_153,-48,63,63,45.0,23.92400398085867,-78.68129920959473,-78.68129920959473,0.09834766387939453,0.1020658016204834,63,63,YOLO,1,32,0,23.92400398085867,0,[],0.0979771614074707,0.050499916076660156,0.050473928451538086,0.0003943443298339844,0.0006906986236572266
20250724_023117_355,-48,NO_RADIO,63,45.0,23.83253559416812,-78.87511444091797,-78.87511444091797,0.10027647018432617,0.15846610069274902,63,,CenterFallback,1,32,0,,,[],0.09996223449707031,0.05050468444824219,0.05046844482421875,0.05678749084472656,0.0006487369537353516
20250724_023117_615,-48,NO_RADIO,63,45.0,24.04410930868248,-78.66412391662598,-78.66412391662598,0.10126972198486328,0.1020669937133789,63,,CenterFallback,1,32,0,,,[],0.1009511947631836,0.05044102668762207,0.050510406494140625,0.0004074573516845703,0.0006680488586425781
20250724_023117_820,-48,NO_RADIO,63,45.0,23.78572089407166,-78.91380310058594,-78.91380310058594,0.1015317440032959,0.15861082077026367,63,,CenterFallback,1,32,0,,,[],0.10117244720458984,0.0504460334777832,0.05050539970397949,0.05680394172668457,0.0008018016815185547
20250724_023118_082,-48,NO_RADIO,63,45.0,23.850005661078754,-78.8396556854248,-78.8396556854248,0.10261058807373047,0.10196161270141602,63,,CenterFallback,1,32,0,,,[],0.10226082801818848,0.05045485496520996,0.05045366287231445,0.00037360191345214844,0.0006432533264160156
20250724_023118_288,-48,NO_RADIO,63,45.0,24.099642131746933,-78.65413551330566,-78.65413551330566,0.09995889663696289,0.15853428840637207,63,,CenterFallback,1,32,0,,,[],0.09962081909179688,0.0505218505859375,0.05046534538269043,0.056816816329956055,0.0006759166717529297
20250724_023118_548,-47,NO_RADIO,63,45.0,24.299919482562586,-78.44482421875,-78.44482421875,0.10292243957519531,0.10209822654724121,63,,CenterFallback,1,32,0,,,[],0.10257482528686523,0.05048823356628418,0.05046272277832031,0.0003993511199951172,0.0007109642028808594
20250724_023118_755,-47,NO_RADIO,63,45.0,23.56203444815938,-79.19739837646485,-79.19739837646485,0.10092544555664062,0.15833044052124023,63,,CenterFallback,1,32,0,,,[],0.10056805610656738,0.05046534538269043,0.050406455993652344,0.05672717094421387,0.00067901611328125
20250724_023119_016,-47,NO_RADIO,63,45.0,23.591311940996377,-79.10977249145508,-79.10977249145508,0.10186505317687988,0.10199761390686035,63,,CenterFallback,1,32,0,,,[],0.10152792930603027,0.050455570220947266,0.0504612922668457,0.000392913818359375,0.0006501674652099609
20250724_023119_221,-47,NO_RADIO,63,45.0,23.752196567520585,-78.82992553710938,-78.82992553710938,0.10034775733947754,0.1585538387298584,63,,CenterFallback,1,32,0,,,[],0.10003781318664551,0.05056476593017578,0.05049610137939453,0.05679130554199219,0.0006513595581054688
20250724_023119_482,-47,63,63,45.0,23.883985519803502,-78.80084686279297,-78.80084686279297,0.10429024696350098,0.10194873809814453,63,63,YOLO,1,32,0,23.883985519803502,0,[],0.10394716262817383,0.050437211990356445,0.05045962333679199,0.000396728515625,0.0006501674652099609
20250724_023119_690,-47,63,63,45.0,23.675854769623328,-78.98718719482422,-78.98718719482422,0.10169386863708496,0.1584327220916748,63,63,YOLO,1,32,0,23.675854769623328,0,[],0.10138201713562012,0.05048537254333496,0.05049586296081543,0.05676388740539551,0.0006806850433349609
20250724_023119_952,-47,63,63,45.0,23.630911049461545,-79.08441619873047,-79.08441619873047,0.1020805835723877,0.10200619697570801,63,63,YOLO,1,32,0,23.630911049461545,0,[],0.10174036026000977,0.050432682037353516,0.05051088333129883,0.0004000663757324219,0.0006570816040039062
20250724_023120_157,-47,63,63,45.0,23.464332721283398,-79.13757133483887,-79.13757133483887,0.10145378112792969,0.26089978218078613,63,63,OffsetCorrected,2,63,45.0,23.585827315899877,0,[],0.1011209487915039,0.05043649673461914,0.05048799514770508,0.056737661361694336,0.0007462501525878906
20250724_023120_521,-46,63,63,45.0,22.865550860294377,-79.81113357543946,-79.81113357543946,0.10239100456237793,0.2608985900878906,63,63,OffsetFailed,2,63,45.0,22.903299273958623,0,[],0.10204863548278809,0.05046963691711426,0.05050826072692871,0.056731462478637695,0.0006692409515380859
20250724_023120_886,-46,63,63,45.0,23.223115849686266,-79.48498725891113,-79.48498725891113,0.10246849060058594,0.2608935832977295,63,63,OffsetFailed,2,63,45.0,23.10894508938432,0,[],0.10213708877563477,0.050457000732421875,0.05047464370727539,0.05672430992126465,0.0006520748138427734
20250724_023121_251,-46,63,63,45.0,23.25311176105211,-79.53607177734375,-79.53607177734375,0.0987699031829834,0.2608609199523926,63,63,OffsetFailed,2,63,45.0,23.17662957883215,0,[],0.09847044944763184,0.05047488212585449,0.050492048263549805,0.0567166805267334,0.0006768703460693359
20250724_023121_612,-46,63,63,45.0,22.99144889037329,-79.74950294494629,-79.74950294494629,0.1015329360961914,0.2611358165740967,63,63,OffsetFailed,2,63,45.0,22.893731127568742,0,[],0.10120320320129395,0.0504915714263916,0.05046224594116211,0.05673336982727051,0.0007703304290771484
20250724_023121_977,-46,63,63,45.0,22.9729593250499,-79.70649871826171,-79.70649871826171,0.10708832740783691,0.2611663341522217,63,63,OffsetFailed,2,63,45.0,22.959313418984948,0,[],0.10673689842224121,0.05045604705810547,0.050477027893066406,0.05674123764038086,0.0006368160247802734
20250724_023122_347,-45,63,63,45.0,23.142313800827466,-80.08485488891601,-80.08485488891601,0.10241150856018066,0.2621150016784668,63,63,OffsetFailed,2,63,45.0,22.509716985411714,0,[],0.1020970344543457,0.0505070686340332,0.05045676231384277,0.05671954154968262,0.00066375732421875
20250724_023122_713,-45,63,63,45.0,22.56229138497443,-80.24199562072754,-80.24199562072754,0.09949779510498047,0.261171817779541,63,63,OffsetFailed,2,63,45.0,22.445856938953312,0,[],0.09902024269104004,0.050507307052612305,0.050551414489746094,0.056821584701538086,0.0006814002990722656
20250724_023123_076,-45,63,63,45.0,22.509894558582772,-80.18928680419921,-80.18928680419921,0.09834170341491699,0.261059045791626,63,63,OffsetFailed,2,63,45.0,22.477859023099953,0,[],0.09798121452331543,0.050473690032958984,0.05055403709411621,0.05673503875732422,0.0006659030914306641
20250724_023123_437,-45,63,63,45.0,22.001082803332594,-80.61642456054688,-80.61642456054688,0.09641408920288086,0.26152920722961426,63,63,OffsetFailed,2,63,45.0,21.999043870141094,0,[],0.09611201286315918,0.05043292045593262,0.050492286682128906,0.05679798126220703,0.0006799697875976562
20250724_023123_796,-45,63,63,45.0,22.533804498924965,-80.13536071777344,-80.13536071777344,0.10170245170593262,0.26102256774902344,63,63,OffsetFailed,2,63,45.0,22.48020949633876,0,[],0.1013646125793457,0.05046963691711426,0.050455331802368164,0.05679893493652344,0.000705718994140625
20250724_023124_160,-45,63,63,45.0,22.53111008664783,-80.16392860412597,-80.16392860412597,0.09968757629394531,0.26102542877197266,63,63,OffsetFailed,2,63,45.0,22.474844229472836,0,[],0.09931087493896484,0.050618886947631836,0.05045914649963379,0.05674386024475098,0.0006606578826904297
20250724_023124_523,-44,63,63,45.0,21.169400941707607,-81.34993743896484,-81.34993743896484,0.08606123924255371,0.2613072395324707,63,63,OffsetFailed,2,63,45.0,21.283692463997482,0,[],0.08571863174438477,0.05052804946899414,0.05053424835205078,0.0568389892578125,0.0006759166717529297
20250724_023124_872,-44,63,63,45.0,21.257219375700643,-81.54645080566407,-81.54645080566407,0.09872579574584961,0.26099181175231934,63,63,OffsetFailed,2,63,45.0,21.086155187864648,0,[],0.09836602210998535,0.05047416687011719,0.050472259521484375,0.05672788619995117,0.0007193088531494141
20250724_023125_233,-44,62,62,43.5,21.806211622028087,-80.86713256835938,-80.86713256835938,0.1015934944152832,0.261061429977417,62,62,OffsetFailed,2,62,43.5,21.84160947305567,0,[],0.10127496719360352,0.05048346519470215,0.05050086975097656,0.056772708892822266,0.0006687641143798828
20250724_023125_598,-44,62,62,43.5,22.2231525537981,-80.43228263854981,-80.43228263854981,0.1016545295715332,0.26112914085388184,62,62,OffsetFailed,2,62,43.5,22.17306417465106,0,[],0.10131597518920898,0.05046582221984863,0.05048084259033203,0.05675005912780762,0.0006825923919677734
20250724_023125_962,-44,62,62,43.5,22.015077301818366,-80.5341640472412,-80.5341640472412,0.1006929874420166,0.26096534729003906,62,62,OffsetFailed,2,62,43.5,22.10596344620548,0,[],0.10036706924438477,0.05047345161437988,0.050457000732421875,0.05672788619995117,0.0006749629974365234
20250724_023126_325,-43,62,62,43.5,21.84689330569158,-81.21772117614746,-81.21772117614746,0.10196208953857422,0.2609093189239502,62,62,OffsetFailed,2,62,43.5,21.350638444277152,0,[],0.1016242504119873,0.05049633979797363,0.05044293403625488,0.056742191314697266,0.0006508827209472656
20250724_023126_690,-43,62,62,43.5,21.116656300112695,-81.617919921875,-81.617919921875,0.10195636749267578,0.26123523712158203,62,62,OffsetFailed,2,62,43.5,20.90624787827369,0,[],0.10160183906555176,0.05048847198486328,0.050486087799072266,0.05682229995727539,0.00067901611328125
20250724_023127_055,-43,61,61,42.1,22.530701567897182,-79.89859771728516,-79.89859771728516,0.10401296615600586,0.2608973979949951,61,61,OffsetFailed,2,61,42.1,22.743918605887444,0,[],0.10370278358459473,0.05047154426574707,0.05046820640563965,0.056688785552978516,0.0007088184356689453
20250724_023127_421,-43,61,61,42.1,22.43718591648424,-80.07204780578613,-80.07204780578613,0.10117840766906738,0.26099276542663574,61,61,OffsetFailed,2,61,42.1,22.55977407537101,0,[],0.10084819793701172,0.05047869682312012,0.050477027893066406,0.056761980056762695,0.0006530284881591797
20250724_023127_785,-43,61,61,42.1,22.65506880645958,-80.00602149963379,-80.00602149963379,0.10152316093444824,0.2609748840332031,61,61,OffsetFailed,2,61,42.1,22.609347403907776,0,[],0.10119962692260742,0.05049014091491699,0.050473690032958984,0.05673980712890625,0.0007622241973876953
20250724_023128_149,-43,61,61,42.1,22.67739144847475,-79.7846908569336,-79.7846908569336,0.10357236862182617,0.2611880302429199,61,61,OffsetFailed,2,61,42.1,22.786628545597864,0,[],0.10323047637939453,0.050522804260253906,0.05046558380126953,0.05677223205566406,0.0007176399230957031
20250724_023128_515,-42,61,61,42.1,21.006288380319546,-81.55809783935547,-81.55809783935547,0.10317301750183105,0.2610926628112793,61,61,OffsetFailed,2,61,42.1,21.066319739075226,0,[],0.10283017158508301,0.0504610538482666,0.05045771598815918,0.056746721267700195,0.0006825923919677734
20250724_023128_881,-42,61,61,42.1,21.344086781996538,-81.39774475097657,-81.39774475097657,0.10554909706115723,0.26098036766052246,61,61,OffsetFailed,2,61,42.1,21.19969278233924,0,[],0.10521221160888672,0.05048346519470215,0.050473690032958984,0.05675172805786133,0.0006797313690185547
20250724_023129_249,-42,60,60,40.6,22.6670750470429,-79.94128799438477,-79.94128799438477,0.10434103012084961,0.2610301971435547,60,60,OffsetFailed,2,60,40.6,22.683753146032387,0,[],0.10405206680297852,0.05047726631164551,0.050492286682128906,0.056795358657836914,0.0006811618804931641
20250724_023129_616,-42,60,60,40.6,22.914830637129086,-79.59574584960937,-79.59574584960937,0.10169315338134766,0.2610607147216797,60,60,OffsetFailed,2,60,40.6,23.045066468953692,0,[],0.1013643741607666,0.05049753189086914,0.05047750473022461,0.056717872619628906,0.0006930828094482422
20250724_023129_981,-42,60,60,40.6,22.76065157061157,-79.85824012756348,-79.85824012756348,0.08985280990600586,0.26093125343322754,60,60,OffsetFailed,2,60,40.6,22.83282092084626,0,[],0.08951449394226074,0.05046343803405762,0.0504603385925293,0.056734561920166016,0.0006699562072753906
20250724_023130_333,-41,60,60,40.6,22.881042268486752,-80.32038879394531,-80.32038879394531,0.10136890411376953,0.26186370849609375,60,60,OffsetFailed,2,60,40.6,22.42035457839222,0,[],0.1010289192199707,0.05049467086791992,0.05050039291381836,0.05674314498901367,0.0006887912750244141
20250724_023130_699,-41,60,60,40.6,21.88186971634748,-80.71447067260742,-80.71447067260742,0.10159111022949219,0.2609267234802246,60,60,OffsetFailed,2,60,40.6,21.712319785324937,0,[],0.10107874870300293,0.050481557846069336,0.05046486854553223,0.056748390197753906,0.0007147789001464844
20250724_023131_063,-41,60,60,40.6,21.439649875822866,-81.17960357666016,-81.17960357666016,0.10161852836608887,0.26120662689208984,60,60,OffsetFailed,2,60,40.6,21.437650817699733,0,[],0.10130429267883301,0.05054140090942383,0.05051398277282715,0.05681443214416504,0.0007076263427734375
20250724_023131_427,-41,60,60,40.6,21.823731684279267,-80.81036186218262,-80.81036186218262,0.10095763206481934,0.2609407901763916,60,60,OffsetFailed,2,60,40.6,21.799427266728145,0,[],0.10067391395568848,0.050489187240600586,0.050453901290893555,0.05675101280212402,0.0006811618804931641
20250724_023131_791,-41,60,60,40.6,21.799931378921656,-80.71447067260742,-80.71447067260742,0.10161828994750977,0.2609095573425293,60,60,OffsetFailed,2,60,40.6,21.825792918493306,0,[],0.10127139091491699,0.050472259521484375,0.05050086975097656,0.05672407150268555,0.0006780624389648438
20250724_023132_155,-41,60,60,40.6,21.319178194482873,-81.1436767578125,-81.1436767578125,0.10198521614074707,0.2609086036682129,60,60,OffsetFailed,2,60,40.6,21.432684958939177,0,[],0.10163474082946777,0.05046987533569336,0.050498247146606445,0.05673503875732422,0.0006566047668457031
20250724_023132_520,-40,60,60,40.6,19.92270319209935,-82.68597946166992,-82.68597946166992,0.10300922393798828,0.26121973991394043,60,60,OffsetFailed,2,60,40.6,19.886489061826282,0,[],0.10264873504638672,0.05045962333679199,0.05049014091491699,0.05673933029174805,0.0006847381591796875
20250724_023132_885,-40,60,60,40.6,20.36654443195974,-82.29089736938477,-82.29089736938477,0.10027527809143066,0.2608969211578369,60,60,OffsetFailed,2,60,40.6,20.212596167988252,0,[],0.09996485710144043,0.05045509338378906,0.05047035217285156,0.056768178939819336,0.000667572021484375
20250724_023133_248,-40,59,59,39.2,22.644623271804335,-79.93456268310547,-79.93456268310547,0.10167264938354492,0.2609553337097168,59,59,OffsetFailed,2,59,39.2,22.71150347614892,0,[],0.10133504867553711,0.05046391487121582,0.05049872398376465,0.05678105354309082,0.0006651878356933594
20250724_023133_612,-40,59,59,39.2,22.760227670984406,-79.94143867492676,-79.94143867492676,0.10471558570861816,0.2610323429107666,59,59,OffsetFailed,2,59,39.2,22.664606558795057,0,[],0.1043860912322998,0.050462961196899414,0.05047011375427246,0.056739091873168945,0.0006718635559082031
20250724_023133_980,-40,59,59,39.2,22.846053022435285,-79.75359191894532,-79.75359191894532,0.10341143608093262,0.26093077659606934,59,59,OffsetFailed,2,59,39.2,22.89827660043197,0,[],0.1030735969543457,0.05045914649963379,0.050484418869018555,0.05680418014526367,0.0006661415100097656
20250724_023134_346,-39,59,59,39.2,22.72137139082939,-80.8104232788086,-80.8104232788086,0.10348916053771973,0.2612309455871582,59,59,OffsetFailed,2,59,39.2,21.74719344128414,0,[],0.1031656265258789,0.05047750473022461,0.05050921440124512,0.05680966377258301,0.0006852149963378906
20250724_023134_712,-39,59,59,39.2,21.33529655388938,-81.02839393615723,-81.02839393615723,0.10402274131774902,0.26096439361572266,59,59,OffsetFailed,2,59,39.2,21.615141452801495,0,[],0.10370588302612305,0.050481557846069336,0.050485849380493164,0.056746482849121094,0.0006692409515380859
20250724_023135_079,-39,58,58,37.7,23.60226759891664,-78.96799087524414,-78.96799087524414,0.10540962219238281,0.15833497047424316,58,58,YOLO,1,59,39.2,23.60226759891664,0,[],0.1051187515258789,0.05044198036193848,0.05047297477722168,0.05676865577697754,0.0006449222564697266
20250724_023135_344,-39,58,58,37.7,23.622684934788595,-79.07049407958985,-79.07049407958985,0.1030876636505127,0.10198831558227539,58,58,YOLO,1,59,39.2,23.622684934788595,0,[],0.10277032852172852,0.050449371337890625,0.0504763126373291,0.0004048347473144531,0.0006518363952636719
20250724_023135_551,-39,58,58,37.7,23.333557469427035,-79.32105293273926,-79.32105293273926,0.10197734832763672,0.26102590560913086,58,58,OffsetFailed,2,58,37.7,23.264012866299566,0,[],0.10162234306335449,0.05045723915100098,0.05045771598815918,0.05675983428955078,0.0006895065307617188
20250724_023135_915,-39,58,58,37.7,23.254347150970005,-79.23467483520508,-79.23467483520508,0.0948801040649414,0.261096715927124,58,58,OffsetFailed,2,58,37.7,23.3945688372458,0,[],0.09458756446838379,0.050516605377197266,0.050530195236206055,0.05676412582397461,0.0007126331329345703
20250724_023136_273,-38,58,58,37.7,23.00135034867192,-79.53515853881837,-79.53515853881837,0.10417032241821289,0.26105308532714844,58,58,OffsetFailed,2,58,37.7,23.061392161804662,0,[],0.10386204719543457,0.05046701431274414,0.050473928451538086,0.056771278381347656,0.0006871223449707031
20250724_023136_640,-38,58,58,37.7,21.756847661157693,-80.90730056762695,-80.90730056762695,0.09925150871276855,0.26106786727905273,58,58,OffsetFailed,2,58,37.7,21.718936009031296,0,[],0.09894704818725586,0.05046367645263672,0.050476789474487305,0.05671977996826172,0.0007526874542236328
20250724_023137_002,-38,58,58,37.7,21.523701808520144,-81.03246307373047,-81.03246307373047,0.10204148292541504,0.26110339164733887,58,58,OffsetFailed,2,58,37.7,21.577350872249966,0,[],0.10169553756713867,0.05046677589416504,0.050466060638427734,0.056751251220703125,0.0006592273712158203
20250724_023137_367,-38,58,58,37.7,21.488087829018497,-81.25434226989746,-81.25434226989746,0.10133719444274902,0.2609696388244629,58,58,OffsetFailed,2,58,37.7,21.461498138189327,0,[],0.10094022750854492,0.0504612922668457,0.05044078826904297,0.056737422943115234,0.0007331371307373047
20250724_023137_730,-38,58,58,37.7,21.81436812399332,-80.94169616699219,-80.94169616699219,0.1021261215209961,0.2627429962158203,58,58,OffsetFailed,2,58,37.7,21.697351774092013,0,[],0.10179400444030762,0.05058884620666504,0.05070614814758301,0.05692434310913086,0.0010390281677246094
20250724_023138_097,-38,58,58,37.7,21.74854413517633,-80.767134475708,-80.767134475708,0.09718847274780273,0.26146674156188965,58,58,OffsetFailed,2,58,37.7,21.781002522808066,0,[],0.09680438041687012,0.05053830146789551,0.050519704818725586,0.05677175521850586,0.0007541179656982422
20250724_023138_457,-37,58,58,37.7,19.871443298968074,-82.60368270874024,-82.60368270874024,0.10141491889953613,0.27660608291625977,58,58,OffsetFailed,2,58,37.7,19.967902861379912,0,[],0.10100674629211426,0.050505638122558594,0.0505528450012207,0.056766510009765625,0.0009982585906982422
20250724_023138_838,-37,57,57,36.3,20.911782984100086,-81.8206558227539,-81.8206558227539,0.10097742080688477,0.261476993560791,57,57,OffsetFailed,2,57,36.3,20.873931452895533,0,[],0.10062932968139648,0.05049467086791992,0.050563812255859375,0.05693793296813965,0.0007805824279785156
20250724_023139_202,-37,57,57,36.3,21.587599784058696,-80.92654418945312,-80.92654418945312,0.10114526748657227,0.2611689567565918,57,57,OffsetFailed,2,57,36.3,21.731724347423437,0,[],0.10080409049987793,0.05051755905151367,0.05052757263183594,0.056746721267700195,0.000682830810546875
20250724_023139_566,-37,57,57,36.3,21.411463259372496,-81.32112579345703,-81.32112579345703,0.10204839706420898,0.2609710693359375,57,57,OffsetFailed,2,57,36.3,21.355168085774878,0,[],0.10170483589172363,0.05044293403625488,0.05045962333679199,0.05673527717590332,0.0006639957427978516
20250724_023139_930,-37,57,57,36.3,21.067091004939854,-81.51920318603516,-81.51920318603516,0.10321426391601562,0.26093363761901855,57,57,OffsetFailed,2,57,36.3,21.15449246193276,0,[],0.10289454460144043,0.05045151710510254,0.05051374435424805,0.056748151779174805,0.0006806850433349609
20250724_023140_296,-36,57,57,36.3,20.99508755632057,-82.06540603637696,-82.06540603637696,0.10359621047973633,0.26138734817504883,57,57,OffsetFailed,2,57,36.3,20.590958180273304,0,[],0.10321950912475586,0.05051851272583008,0.050542354583740234,0.05674910545349121,0.0007543563842773438
20250724_023140_663,-36,57,57,36.3,19.398313281824983,-83.24900703430175,-83.24900703430175,0.10226821899414062,0.261333703994751,57,57,OffsetFailed,2,57,36.3,19.220954724527076,0,[],0.10195803642272949,0.05055665969848633,0.05051612854003906,0.056710243225097656,0.0007076263427734375
20250724_023141_028,-36,56,56,34.8,23.47751954505901,-79.2184829711914,-79.2184829711914,0.10383868217468262,0.2609901428222656,56,56,OffsetFailed,2,56,34.8,23.320756469086106,0,[],0.10346364974975586,0.05048513412475586,0.05043649673461914,0.05673623085021973,0.0006787776947021484
20250724_023141_394,-36,56,56,34.8,23.024651119139165,-79.60336227416992,-79.60336227416992,0.10183930397033691,0.26108479499816895,56,56,OffsetFailed,2,56,34.8,22.998374948203676,0,[],0.1015169620513916,0.05049419403076172,0.050479888916015625,0.0567777156829834,0.0007085800170898438
20250724_023141_759,-36,56,56,34.8,22.95504781135395,-79.73075103759766,-79.73075103759766,0.10152101516723633,0.26092100143432617,56,56,OffsetFailed,2,56,34.8,22.91798434034041,0,[],0.10108208656311035,0.05047941207885742,0.05049324035644531,0.05673861503601074,0.0006539821624755859
20250724_023142_123,-36,56,56,34.8,23.18714363779985,-79.36447257995606,-79.36447257995606,0.08770298957824707,0.2612433433532715,56,56,OffsetFailed,2,56,34.8,23.362896274167426,0,[],0.0873568058013916,0.050466299057006836,0.05047297477722168,0.05673551559448242,0.0007584095001220703
20250724_023142_474,-35,56,56,34.8,22.00733155723887,-81.78971061706542,-81.78971061706542,0.1007082462310791,0.26101064682006836,56,56,OffsetFailed,2,56,34.8,20.717915596051967,0,[],0.10037374496459961,0.050449371337890625,0.0504910945892334,0.05673789978027344,0.0007181167602539062
20250724_023142_837,-35,56,56,34.8,21.600682891725995,-80.95164527893067,-80.95164527893067,0.1036081314086914,0.2609672546386719,56,56,OffsetFailed,2,56,34.8,21.598505398465107,0,[],0.10327863693237305,0.05047607421875,0.05048322677612305,0.056700944900512695,0.0006978511810302734
20250724_023143_203,-35,56,56,34.8,22.133494360843812,-80.47007942199707,-80.47007942199707,0.09883975982666016,0.26110363006591797,56,56,OffsetFailed,2,56,34.8,22.11498017279895,0,[],0.0984799861907959,0.05050516128540039,0.05047202110290527,0.05682229995727539,0.0006670951843261719
20250724_023143_565,-35,56,56,34.8,21.950924957437167,-80.61524963378906,-80.61524963378906,0.09957242012023926,0.2609741687774658,56,56,OffsetFailed,2,56,34.8,22.034566029540173,0,[],0.09923267364501953,0.050427913665771484,0.05048727989196777,0.05672812461853027,0.0006961822509765625
20250724_023143_927,-35,56,56,34.8,21.800149977189022,-80.91944084167481,-80.91944084167481,0.1056065559387207,0.261000394821167,56,56,OffsetFailed,2,56,34.8,21.717590259025812,0,[],0.10528302192687988,0.05045175552368164,0.05051088333129883,0.05670332908630371,0.0006971359252929688
20250724_023144_295,-34,56,56,34.8,21.989439017910584,-80.95976524353027,-80.95976524353027,0.10277724266052246,0.2614462375640869,56,56,OffsetFailed,2,56,34.8,21.66302364244143,0,[],0.10243439674377441,0.05045962333679199,0.05051016807556152,0.0568079948425293,0.0006439685821533203
20250724_023144_662,-34,55,55,33.4,22.114025902291502,-80.45055084228515,-80.45055084228515,0.10237669944763184,0.26102256774902344,55,55,OffsetFailed,2,55,33.4,22.297812294449216,0,[],0.10195589065551758,0.05048513412475586,0.05048012733459473,0.0567626953125,0.0006957054138183594
20250724_023145_027,-34,55,55,33.4,22.281830384066552,-80.32016944885254,-80.32016944885254,0.10410690307617188,0.2609083652496338,55,55,OffsetFailed,2,55,33.4,22.39691635585426,0,[],0.1037752628326416,0.05044960975646973,0.05043292045593262,0.05673408508300781,0.0007171630859375
20250724_023145_393,-34,55,55,33.4,22.42507995358163,-79.97123374938965,-79.97123374938965,0.10242724418640137,0.2609672546386719,55,55,OffsetFailed,2,55,33.4,22.543661176901722,0,[],0.1021273136138916,0.050454139709472656,0.050455570220947266,0.056726694107055664,0.0006833076477050781
20250724_023145_758,-34,55,55,33.4,22.632497746965612,-79.9996566772461,-79.9996566772461,0.10227847099304199,0.2611427307128906,55,55,OffsetFailed,2,55,33.4,22.59444958844587,0,[],0.10190391540527344,0.050501108169555664,0.05050325393676758,0.05676412582397461,0.0007848739624023438
20250724_023146_124,-34,55,55,33.4,22.37634395607742,-80.44563217163086,-80.44563217163086,0.10384154319763184,0.261199951171875,55,55,OffsetFailed,2,55,33.4,22.21506200289626,0,[],0.1035299301147461,0.0505070686340332,0.050521135330200195,0.056757211685180664,0.0006933212280273438
20250724_023146_490,-33,55,55,33.4,20.706007392963357,-81.89879608154297,-81.89879608154297,0.10130977630615234,0.26113104820251465,55,55,OffsetFailed,2,55,33.4,20.684967273560474,0,[],0.10096192359924316,0.05046486854553223,0.05050826072692871,0.0568392276763916,0.00066375732421875
20250724_023146_854,-33,55,55,33.4,20.94919318745194,-81.81113929748535,-81.81113929748535,0.10528373718261719,0.2614738941192627,55,55,OffsetFailed,2,55,33.4,20.87312667120301,0,[],0.10495829582214355,0.05048418045043945,0.050501108169555664,0.05672788619995117,0.0007519721984863281
20250724_023147_223,-33,54,54,31.9,22.02577467174197,-80.67515029907227,-80.67515029907227,0.10182809829711914,0.26104307174682617,54,54,OffsetFailed,2,54,31.9,21.940309234677187,0,[],0.10148811340332031,0.0505521297454834,0.05050039291381836,0.056749820709228516,0.0006632804870605469
20250724_023147_587,-33,54,54,31.9,22.096210221639225,-80.40956649780273,-80.40956649780273,0.10252547264099121,0.2610352039337158,54,54,OffsetFailed,2,54,31.9,22.10741341783475,0,[],0.1022176742553711,0.050486087799072266,0.050466060638427734,0.05676078796386719,0.0006873607635498047
20250724_023147_952,-33,54,54,31.9,22.005992164553334,-80.49792175292968,-80.49792175292968,0.10369110107421875,0.26103663444519043,54,54,OffsetFailed,2,54,31.9,22.170656445289666,0,[],0.1033473014831543,0.0504605770111084,0.05048799514770508,0.05678701400756836,0.0006706714630126953
20250724_023148_319,-32,54,54,31.9,21.84237603434738,-81.91982231140136,-81.91982231140136,0.10043001174926758,0.2610952854156494,54,54,OffsetFailed,2,54,31.9,20.65962264191377,0,[],0.10009908676147461,0.050482749938964844,0.05048179626464844,0.05674481391906738,0.0006945133209228516
20250724_023148_682,-32,54,54,31.9,20.327282070802923,-82.40545082092285,-82.40545082092285,0.10386204719543457,0.26094675064086914,54,54,OffsetFailed,2,54,31.9,20.196285946063895,0,[],0.10352396965026855,0.050446510314941406,0.05045127868652344,0.05672764778137207,0.0007183551788330078
20250724_023149_048,-32,53,53,30.5,22.93841520620451,-79.68125915527344,-79.68125915527344,0.10489177703857422,0.2609877586364746,53,53,OffsetFailed,2,53,30.5,22.90834867974641,0,[],0.10451340675354004,0.05045485496520996,0.05045771598815918,0.05674099922180176,0.0006747245788574219
20250724_023149_416,-32,53,53,30.5,23.34782108132383,-79.45309638977051,-79.45309638977051,0.10232257843017578,0.2612612247467041,53,53,OffsetFailed,2,53,30.5,23.259714616805738,0,[],0.10201644897460938,0.05047440528869629,0.05048537254333496,0.05681133270263672,0.0006768703460693359
20250724_023149_781,-32,53,53,30.5,22.88493459235258,-79.8408031463623,-79.8408031463623,0.1015937328338623,0.2610635757446289,53,53,OffsetFailed,2,53,30.5,22.784943280327553,0,[],0.10126161575317383,0.05051255226135254,0.05046796798706055,0.05677294731140137,0.0006849765777587891
20250724_023150_145,-32,53,53,30.5,23.132345298129792,-79.56090240478515,-79.56090240478515,0.10021543502807617,0.26093053817749023,53,53,OffsetFailed,2,53,30.5,23.093399388995593,0,[],0.09991455078125,0.0504603385925293,0.05050492286682129,0.056739091873168945,0.0006594657897949219
20250724_023150_508,-31,53,53,30.5,21.074851127255855,-81.49110870361328,-81.49110870361328,0.10199880599975586,0.2611117362976074,53,53,OffsetFailed,2,53,30.5,21.03708412768566,0,[],0.10167050361633301,0.050472259521484375,0.05051612854003906,0.056825876235961914,0.000698089599609375
20250724_023150_873,-31,53,53,30.5,21.320844374475158,-81.20177383422852,-81.20177383422852,0.10513997077941895,0.26091957092285156,53,53,OffsetFailed,2,53,30.5,21.381140511253378,0,[],0.10476207733154297,0.0504755973815918,0.05047798156738281,0.05676412582397461,0.0006387233734130859
20250724_023151_241,-31,53,53,30.5,21.582574407083598,-80.98186912536622,-80.98186912536622,0.10238528251647949,0.2608935832977295,53,53,OffsetFailed,2,53,30.5,21.580784573781244,0,[],0.10205769538879395,0.05050396919250488,0.05045056343078613,0.05671882629394531,0.0006649494171142578
20250724_023151_606,-31,53,53,30.5,21.63991388405212,-81.00285339355469,-81.00285339355469,0.10283827781677246,0.2611048221588135,53,53,OffsetFailed,2,53,30.5,21.585478324265225,0,[],0.1024174690246582,0.05050230026245117,0.050470829010009766,0.05672574043273926,0.0007164478302001953
20250724_023151_971,-31,53,53,30.5,21.6800737917398,-81.10619506835937,-81.10619506835937,0.10152006149291992,0.2610950469970703,53,53,OffsetFailed,2,53,30.5,21.601296410447432,0,[],0.10116744041442871,0.05050230026245117,0.050458669662475586,0.05675172805786133,0.0006847381591796875
20250724_023152_335,-30,53,53,30.5,21.540716844466573,-83.02484893798828,-83.02484893798828,0.10091185569763184,0.2610056400299072,53,53,OffsetFailed,2,53,30.5,19.60849843671366,0,[],0.10059976577758789,0.05046343803405762,0.05049443244934082,0.05676984786987305,0.0006527900695800781
20250724_023152_699,-30,53,53,30.5,18.5832457612362,-79.99883766174317,-79.99883766174317,0.10505485534667969,0.26102185249328613,53,53,OffsetFailed,2,52,29.0,22.625071517010923,-1,[],0.10472774505615234,0.05051112174987793,0.050492048263549805,0.05680060386657715,0.0006697177886962891
20250724_023153_067,-30,52,52,29.0,23.166920814141093,-79.48471603393554,-79.48471603393554,0.10138463973999023,0.26124048233032227,52,52,OffsetFailed,2,52,29.0,23.227524716430295,0,[],0.10106468200683594,0.050476789474487305,0.050412654876708984,0.05677175521850586,0.0006837844848632812
20250724_023153_431,-30,52,52,29.0,22.99088881169132,-79.66114044189453,-79.66114044189453,0.10002732276916504,0.26106905937194824,52,52,OffsetFailed,2,52,29.0,22.99765128085224,0,[],0.09967160224914551,0.05045962333679199,0.05048060417175293,0.05676436424255371,0.0007698535919189453
20250724_023153_793,-30,52,52,29.0,23.080707040088683,-79.51166496276856,-79.51166496276856,0.10319209098815918,0.2609865665435791,52,52,OffsetFailed,2,52,29.0,23.07585151535733,0,[],0.10288500785827637,0.05046486854553223,0.0504608154296875,0.056740760803222656,0.0006704330444335938
20250724_023154_159,-30,52,52,29.0,22.67570132871508,-79.9585090637207,-79.9585090637207,0.1024625301361084,0.2613954544067383,52,52,OffsetFailed,2,52,29.0,22.619523164584976,0,[],0.10212993621826172,0.05048727989196777,0.05056929588317871,0.0567622184753418,0.0007014274597167969
20250724_023154_525,-29,52,52,29.0,21.675255143165998,-80.99388122558594,-80.99388122558594,0.10315728187561035,0.2629125118255615,52,52,OffsetFailed,2,52,29.0,21.57633830656519,0,[],0.10275626182556152,0.0505976676940918,0.05053067207336426,0.05675482749938965,0.0007193088531494141
20250724_023154_893,-29,52,52,29.0,21.404805380642983,-81.0596767425537,-81.0596767425537,0.10059714317321777,0.2611510753631592,52,52,OffsetFailed,2,52,29.0,21.54270885477179,0,[],0.10022282600402832,0.05051732063293457,0.0505518913269043,0.05675029754638672,0.0007340908050537109
20250724_023155_256,-29,51,51,27.6,23.9654685305684,-78.54797973632813,-78.54797973632813,0.10364246368408203,0.15845394134521484,51,51,YOLO,1,52,29.0,23.9654685305684,0,[],0.1033015251159668,0.05045580863952637,0.05047965049743652,0.05678606033325195,0.0007255077362060547
20250724_023155_520,-29,51,51,27.6,24.04194911040949,-78.5617862701416,-78.5617862701416,0.10153579711914062,0.10198402404785156,51,51,YOLO,1,52,29.0,24.04194911040949,0,[],0.10122108459472656,0.05043435096740723,0.05045962333679199,0.000415802001953125,0.0006687641143798828
20250724_023155_725,-29,51,51,27.6,24.089444063227546,-78.52706909179688,-78.52706909179688,0.10214352607727051,0.15842771530151367,51,51,YOLO,1,52,29.0,24.089444063227546,0,[],0.10178375244140625,0.050481557846069336,0.05047726631164551,0.05678415298461914,0.0006778240203857422
20250724_023155_987,-29,51,51,27.6,23.918952323598305,-78.68010025024414,-78.68010025024414,0.10373759269714355,0.10201859474182129,51,51,YOLO,1,52,29.0,23.918952323598305,0,[],0.10340595245361328,0.05045890808105469,0.0504453182220459,0.0004093647003173828,0.0006990432739257812
20250724_023156_194,-29,51,51,27.6,24.131434207042787,-78.62650604248047,-78.62650604248047,0.1014852523803711,0.15833783149719238,51,51,YOLO,1,52,29.0,24.131434207042787,0,[],0.10114407539367676,0.05045008659362793,0.05046701431274414,0.05674886703491211,0.0006651878356933594
20250724_023156_456,-28,51,51,27.6,23.935574078648003,-78.65469665527344,-78.65469665527344,0.10144639015197754,0.10202431678771973,51,51,YOLO,1,52,29.0,23.935574078648003,0,[],0.10111403465270996,0.05050206184387207,0.05046248435974121,0.0003998279571533203,0.0006546974182128906
20250724_023156_661,-28,51,51,27.6,22.995224308107865,-79.66132888793945,-79.66132888793945,0.09847378730773926,0.26103711128234863,51,51,OffsetFailed,2,51,27.6,22.992727982944984,0,[],0.09814858436584473,0.05045270919799805,0.05049395561218262,0.056735992431640625,0.0006725788116455078
20250724_023157_022,-28,51,51,27.6,22.869294488438115,-79.68036193847657,-79.68036193847657,0.10333061218261719,0.2610337734222412,51,51,OffsetFailed,2,51,27.6,23.10886500497824,0,[],0.10298442840576172,0.05045032501220703,0.050513267517089844,0.056792259216308594,0.0006716251373291016
20250724_023157_388,-28,51,51,27.6,22.919179092042953,-79.74224853515625,-79.74224853515625,0.10258221626281738,0.2611515522003174,51,51,OffsetFailed,2,51,27.6,22.747463420589114,0,[],0.10225057601928711,0.05051445960998535,0.050481557846069336,0.05675148963928223,0.0007071495056152344
20250724_023157_753,-28,51,51,27.6,22.920557902256547,-79.74224853515625,-79.74224853515625,0.10345244407653809,0.26091766357421875,51,51,OffsetFailed,2,51,27.6,22.801945311201948,0,[],0.10312342643737793,0.05046725273132324,0.05044412612915039,0.0567469596862793,0.0006799697875976562
20250724_023158_119,-28,51,51,27.6,22.490695830229498,-79.9877555847168,-79.9877555847168,0.10233211517333984,0.26111316680908203,51,51,OffsetFailed,2,51,27.6,22.64076781886179,0,[],0.10196685791015625,0.0504608154296875,0.05045366287231445,0.05674338340759277,0.0006804466247558594
20250724_023158_485,-27,50,50,26.1,23.25098880872315,-79.59133911132812,-79.59133911132812,0.10291171073913574,0.2609217166900635,50,50,OffsetFailed,2,50,26.1,22.9896685922337,0,[],0.10259890556335449,0.05050230026245117,0.050445556640625,0.056710004806518555,0.0006935596466064453
20250724_023158_850,-27,50,50,26.1,22.911768808971004,-79.85449295043945,-79.85449295043945,0.10367417335510254,0.26111364364624023,50,50,OffsetFailed,2,50,26.1,22.746345912008053,0,[],0.10338425636291504,0.050461769104003906,0.05044841766357422,0.0567326545715332,0.0006883144378662109
20250724_023159_216,-27,50,50,26.1,23.177326235712613,-79.38832740783691,-79.38832740783691,0.10342884063720703,0.26105642318725586,50,50,OffsetFailed,2,50,26.1,23.183846372522822,0,[],0.10309314727783203,0.05051255226135254,0.05046272277832031,0.056745290756225586,0.0006916522979736328
20250724_023159_582,-27,50,50,26.1,23.0469827533051,-79.48494186401368,-79.48494186401368,0.10418963432312012,0.2610201835632324,50,50,OffsetFailed,2,50,26.1,23.08621632033352,0,[],0.10387563705444336,0.05041146278381348,0.05045580863952637,0.056740760803222656,0.0006747245788574219
20250724_023159_949,-27,50,50,26.1,23.601583117724374,-79.0441047668457,-79.0441047668457,0.10226726531982422,0.1583693027496338,50,50,YOLO,1,50,26.1,23.601583117724374,0,[],0.10193610191345215,0.0504915714263916,0.050459861755371094,0.05675101280212402,0.0006592273712158203
20250724_023200_212,-27,50,50,26.1,23.580858950774314,-79.03161582946777,-79.03161582946777,0.08810234069824219,0.10208654403686523,50,50,YOLO,1,50,26.1,23.580858950774314,0,[],0.08776569366455078,0.050452470779418945,0.050528764724731445,0.00040030479431152344,0.0006990432739257812
20250724_023200_403,-26,50,50,26.1,20.862195060618006,-81.63665733337402,-81.63665733337402,0.10060930252075195,0.2610762119293213,50,50,OffsetFailed,2,50,26.1,20.89838580980252,0,[],0.10025525093078613,0.05050992965698242,0.05061697959899902,0.05675697326660156,0.0006780624389648438
20250724_023200_767,-26,49,49,24.7,23.316951703569615,-79.49785041809082,-79.49785041809082,0.10105228424072266,0.26108360290527344,49,49,OffsetFailed,2,49,24.7,23.132915331745593,0,[],0.10067439079284668,0.05052042007446289,0.05051302909851074,0.05672931671142578,0.0006630420684814453
20250724_023201_130,-26,49,49,24.7,23.495599160747517,-79.28103637695312,-79.28103637695312,0.10735964775085449,0.2612755298614502,49,49,OffsetFailed,2,49,24.7,23.359632160019984,0,[],0.10703349113464355,0.05054426193237305,0.05052614212036133,0.0567626953125,0.0007500648498535156
20250724_023201_501,-26,49,49,24.7,23.3510942226699,-79.18775863647461,-79.18775863647461,0.09948396682739258,0.2610492706298828,49,49,OffsetFailed,2,49,24.7,23.37565491810365,0,[],0.09914946556091309,0.05046844482421875,0.050496578216552734,0.05683016777038574,0.0006682872772216797
20250724_023201_863,-26,49,49,24.7,23.428810324168083,-79.23552703857422,-79.23552703857422,0.10431408882141113,0.2609086036682129,49,49,OffsetFailed,2,49,24.7,23.40914783183821,0,[],0.10390901565551758,0.05045509338378906,0.05047726631164551,0.05680131912231445,0.0006797313690185547
20250724_023202_230,-25,49,49,24.7,23.52278588403054,-78.93926239013672,-78.93926239013672,0.10370302200317383,0.26111841201782227,49,49,OffsetCorrected,2,49,24.7,23.690712025230255,0,[],0.10338497161865234,0.05048322677612305,0.05049633979797363,0.05675148963928223,0.000675201416015625
20250724_023202_596,-25,49,49,24.7,21.434194795640437,-81.22204055786133,-81.22204055786133,0.10292315483093262,0.26113033294677734,49,49,OffsetFailed,2,49,24.7,21.241465309392893,0,[],0.10259604454040527,0.050485849380493164,0.05047416687011719,0.05681943893432617,0.0006544589996337891
20250724_023202_962,-25,49,49,24.7,22.35981430012916,-80.16099128723145,-80.16099128723145,0.09975481033325195,0.26542162895202637,49,49,OffsetFailed,2,49,24.7,22.465219893594224,0,[],0.09939336776733398,0.05044841766357422,0.05048489570617676,0.056734561920166016,0.0006947517395019531
20250724_023203_329,-25,49,49,24.7,22.374893275763824,-80.01439590454102,-80.01439590454102,0.10149741172790527,0.26085329055786133,49,49,OffsetFailed,2,49,24.7,22.43359289150996,0,[],0.10110068321228027,0.0504148006439209,0.0504755973815918,0.05672001838684082,0.0006816387176513672
20250724_023203_693,-25,49,49,24.7,22.04068875873756,-80.36114501953125,-80.36114501953125,0.10117673873901367,0.2619662284851074,49,49,OffsetFailed,2,49,24.7,22.26666071862232,0,[],0.1008610725402832,0.05048537254333496,0.05047774314880371,0.056766510009765625,0.0009877681732177734
20250724_023204_058,-25,49,49,24.7,22.339562359567424,-80.21478233337402,-80.21478233337402,0.10124492645263672,0.26302218437194824,49,49,OffsetFailed,2,49,24.7,22.398757306554472,0,[],0.10092663764953613,0.05047607421875,0.05046701431274414,0.05673480033874512,0.0006661415100097656
20250724_023204_424,-24,49,49,24.7,20.487197319809255,-82.27582550048828,-82.27582550048828,0.09935593605041504,0.2610130310058594,49,49,OffsetFailed,2,49,24.7,20.27625805992865,0,[],0.09903359413146973,0.050469160079956055,0.050473928451538086,0.05681610107421875,0.0006563663482666016
20250724_023204_786,-24,49,49,24.7,20.202335031519667,-82.37710494995117,-82.37710494995117,0.09985971450805664,0.26101255416870117,49,49,OffsetFailed,2,49,24.7,20.14262699253142,0,[],0.0995492935180664,0.050504446029663086,0.05049538612365723,0.0567319393157959,0.0006728172302246094
20250724_023205_149,-24,48,48,23.2,23.553646674716077,-78.9894847869873,-78.9894847869873,0.10300350189208984,0.2610034942626953,48,48,OffsetCorrected,2,48,23.2,23.564406902285484,0,[],0.10268259048461914,0.05046725273132324,0.05046987533569336,0.05675315856933594,0.0007269382476806641
20250724_023205_514,-24,48,48,23.2,23.590870218140637,-79.16690063476562,-79.16690063476562,0.1000065803527832,0.15871024131774902,48,48,YOLO,1,48,23.2,23.590870218140637,0,[],0.09966754913330078,0.050673484802246094,0.05046391487121582,0.05673933029174805,0.0008254051208496094
20250724_023205_775,-24,48,48,23.2,23.37425538345873,-78.87511444091797,-78.87511444091797,0.10414552688598633,0.2690002918243408,48,48,OffsetCorrected,2,48,23.2,23.69227495406902,0,[],0.10379815101623535,0.05052447319030762,0.050469160079956055,0.00040030479431152344,0.0006656646728515625
20250724_023206_149,-24,48,48,23.2,23.724106299454405,-78.8591079711914,-78.8591079711914,0.10243105888366699,0.10202288627624512,48,48,YOLO,1,48,23.2,23.724106299454405,0,[],0.10209536552429199,0.050466060638427734,0.05048394203186035,0.00040984153747558594,0.0006575584411621094
20250724_023206_355,-23,48,48,23.2,23.074374023408197,-80.76761894226074,-80.76761894226074,0.10110592842102051,0.26104044914245605,48,48,OffsetFailed,2,48,23.2,21.836785243399675,0,[],0.10079169273376465,0.05045795440673828,0.05046677589416504,0.05675053596496582,0.0007734298706054688
20250724_023206_719,-23,47,47,21.8,22.50488446413287,-80.16488342285156,-80.16488342285156,0.09912347793579102,0.26116204261779785,47,47,OffsetFailed,2,47,21.8,22.464564872726726,0,[],0.09874749183654785,0.050475358963012695,0.05061078071594238,0.056778669357299805,0.0007059574127197266
20250724_023207_081,-23,47,47,21.8,22.09912404331365,-80.51714630126953,-80.51714630126953,0.10178542137145996,0.26113033294677734,47,47,OffsetFailed,2,47,21.8,22.09492219638763,0,[],0.10146713256835938,0.05048370361328125,0.05045032501220703,0.056761980056762695,0.0006623268127441406
20250724_023207_446,-23,47,47,21.8,22.197033050851374,-80.54962158203125,-80.54962158203125,0.10069656372070312,0.260936975479126,47,47,OffsetFailed,2,47,21.8,21.925629315300043,0,[],0.10036325454711914,0.050467491149902344,0.05050039291381836,0.05672645568847656,0.0007071495056152344
20250724_023207_809,-23,47,47,21.8,22.002282429012695,-80.51319122314453,-80.51319122314453,0.10164523124694824,0.26180100440979004,47,47,OffsetFailed,2,47,21.8,22.194498707494873,0,[],0.10129618644714355,0.05046653747558594,0.050527095794677734,0.05722188949584961,0.0007202625274658203
20250724_023208_174,-23,47,47,21.8,22.847084112945808,-79.76607055664063,-79.76607055664063,0.10203695297241211,0.2611045837402344,47,47,OffsetFailed,2,47,21.8,22.870059394034158,0,[],0.10170316696166992,0.050460100173950195,0.050476789474487305,0.05673336982727051,0.0006756782531738281
20250724_023208_539,-22,47,47,21.8,19.639815439488643,-83.03487510681153,-83.03487510681153,0.10020065307617188,0.26375842094421387,47,47,OffsetFailed,2,47,21.8,19.59767981255301,0,[],0.09982061386108398,0.05052900314331055,0.050544023513793945,0.05674242973327637,0.000667572021484375
20250724_023208_904,-22,47,47,21.8,20.031177346822716,-82.48728942871094,-82.48728942871094,0.1029655933380127,0.26108336448669434,47,47,OffsetFailed,2,47,21.8,20.134671846223227,0,[],0.10262680053710938,0.050460100173950195,0.050476789474487305,0.05675768852233887,0.0007369518280029297
20250724_023209_270,-22,47,47,21.8,19.998176317809325,-82.42196083068848,-82.42196083068848,0.1019589900970459,0.2610328197479248,47,47,OffsetFailed,2,47,21.8,20.152041805747544,0,[],0.10165190696716309,0.05052018165588379,0.05049705505371094,0.05676388740539551,0.0006868839263916016
20250724_023209_635,-22,47,47,21.8,20.489281820005573,-82.13369750976562,-82.13369750976562,0.10057306289672852,0.2609586715698242,47,47,OffsetFailed,2,47,21.8,20.462053912784242,0,[],0.10019659996032715,0.05049777030944824,0.05046534538269043,0.05674409866333008,0.000675201416015625
20250724_023209_998,-22,47,47,21.8,20.491390027235283,-82.26105880737305,-82.26105880737305,0.1028435230255127,0.261150598526001,47,47,OffsetFailed,2,47,21.8,20.333367836939345,0,[],0.10248756408691406,0.05047106742858887,0.05046224594116211,0.05673670768737793,0.0006592273712158203
20250724_023210_364,-21,47,47,21.8,17.968510984293005,-82.6717300415039,-82.6717300415039,0.10839223861694336,0.2610776424407959,47,47,OffsetFailed,2,46,20.3,19.623739814834494,-1,[],0.10801839828491211,0.05042552947998047,0.05044221878051758,0.05680227279663086,0.0006825923919677734
20250724_023210_735,-21,47,47,21.8,17.494093357510565,-79.00221366882325,-79.00221366882325,0.10069870948791504,0.26087450981140137,47,47,OffsetFailed,2,45,18.9,23.532168290758534,-2,[],0.10034823417663574,0.05046415328979492,0.05045032501220703,0.05677437782287598,0.0006594657897949219
20250724_023211_098,-21,46,46,20.3,20.46548376449482,-82.14853744506836,-82.14853744506836,0.10076522827148438,0.2610037326812744,46,46,OffsetFailed,2,46,20.3,20.351760561410302,0,[],0.1004936695098877,0.05045938491821289,0.050470829010009766,0.0567324161529541,0.0007007122039794922
20250724_023211_461,-21,46,46,20.3,19.947900605028764,-82.60442352294922,-82.60442352294922,0.10209035873413086,0.26098155975341797,46,46,OffsetFailed,2,46,20.3,19.975667899116047,0,[],0.1017155647277832,0.050466299057006836,0.05042695999145508,0.05680727958679199,0.0006918907165527344
20250724_023211_826,-21,46,46,20.3,20.419153112237296,-82.12796096801758,-82.12796096801758,0.10057497024536133,0.2608938217163086,46,46,OffsetFailed,2,46,20.3,20.483229222229397,0,[],0.10026025772094727,0.05048942565917969,0.05045509338378906,0.05671834945678711,0.0006554126739501953
20250724_023212_189,-20,46,46,20.3,20.465767081414384,-81.90029640197754,-81.90029640197754,0.1036839485168457,0.2609903812408447,46,46,OffsetFailed,2,46,20.3,20.52100783218806,0,[],0.10333704948425293,0.050462961196899414,0.050469398498535156,0.05678296089172363,0.0006780624389648438
20250724_023212_556,-20,46,46,20.3,17.301689478633122,-78.44987754821777,-78.44987754821777,0.10051083564758301,0.261091947555542,46,44,OffsetCorrected,2,44,17.4,23.951051482977093,-2,[],0.10016131401062012,0.05051684379577637,0.05046272277832031,0.056781768798828125,0.0006775856018066406
20250724_023212_919,-20,46,46,20.3,17.973597336528286,-80.59715385437012,-80.59715385437012,0.1020052433013916,0.26090121269226074,46,46,OffsetFailed,2,45,18.9,21.915691134659255,-1,[],0.1016843318939209,0.050482988357543945,0.05049276351928711,0.05672740936279297,0.0006966590881347656
20250724_023213_284,-20,45,45,18.9,22.42012263667381,-80.13551788330078,-80.13551788330078,0.10230374336242676,0.2609062194824219,45,45,OffsetFailed,2,45,18.9,22.44957577274357,0,[],0.10187029838562012,0.0504758358001709,0.05047154426574707,0.05672597885131836,0.0006721019744873047
20250724_023213_648,-20,45,45,18.9,22.392263524978716,-80.36873054504395,-80.36873054504395,0.10381436347961426,0.26100873947143555,45,45,OffsetFailed,2,45,18.9,22.222871073220773,0,[],0.10348820686340332,0.05048346519470215,0.05047273635864258,0.056738853454589844,0.0006558895111083984
20250724_023214_015,-20,45,45,18.9,21.546323653519778,-81.02826499938965,-81.02826499938965,0.1049797534942627,0.26117968559265137,45,45,OffsetFailed,2,45,18.9,21.58879106133743,0,[],0.10467672348022461,0.05056047439575195,0.05045366287231445,0.056725502014160156,0.0006911754608154297
20250724_023214_382,-19,45,45,18.9,20.025921002739906,-82.47826385498047,-82.47826385498047,0.09984064102172852,0.26094841957092285,45,45,OffsetFailed,2,45,18.9,20.027441706127192,0,[],0.09951496124267578,0.05046987533569336,0.05045890808105469,0.056688547134399414,0.0007579326629638672
20250724_023214_745,-19,45,45,18.9,19.662534690312242,-83.24428215026856,-83.24428215026856,0.10286903381347656,0.26090574264526367,45,45,OffsetFailed,2,45,18.9,19.306557261984125,0,[],0.10255908966064453,0.05047774314880371,0.050438880920410156,0.05675339698791504,0.0006897449493408203
20250724_023215_110,-19,44,44,17.4,23.374813812233995,-79.26961364746094,-79.26961364746094,0.10380744934082031,0.2612273693084717,44,44,OffsetFailed,2,44,17.4,23.326052323553625,0,[],0.1034848690032959,0.05049467086791992,0.050453901290893555,0.05672883987426758,0.0007121562957763672
20250724_023215_477,-19,45,45,18.9,18.99177528562319,-80.02037658691407,-80.02037658691407,0.10325431823730469,0.2609686851501465,45,45,OffsetFailed,2,44,17.4,22.41780097183205,-1,[],0.10292577743530273,0.05049252510070801,0.05046439170837402,0.05674481391906738,0.0006630420684814453
20250724_023215_843,-19,44,44,17.4,23.03808490222069,-79.2723289489746,-79.2723289489746,0.10045623779296875,0.2609100341796875,44,44,OffsetFailed,2,44,17.4,23.37512157526548,0,[],0.1001443862915039,0.050476789474487305,0.050455570220947266,0.056743621826171875,0.0006778240203857422
20250724_023216_206,-18,44,44,17.4,23.534533289133037,-79.12331466674804,-79.12331466674804,0.10190176963806152,0.26114773750305176,44,44,OffsetFailed,2,44,17.4,23.346208299086996,0,[],0.10162091255187988,0.050470590591430664,0.050516366958618164,0.05673336982727051,0.0007042884826660156
20250724_023216_571,-18,45,45,18.9,15.674810433488318,-79.51316108703614,-79.51316108703614,0.10308527946472168,0.26122570037841797,45,45,OffsetFailed,2,43,16.0,22.920589703623108,-2,[],0.10275721549987793,0.0504915714263916,0.0504610538482666,0.05672955513000488,0.0007064342498779297
20250724_023216_936,-18,45,45,18.9,15.227177290314899,-79.79575119018554,-79.79575119018554,0.10232257843017578,0.26096200942993164,45,45,OffsetFailed,2,43,16.0,22.78524044795681,-2,[],0.10197114944458008,0.050482749938964844,0.05047965049743652,0.05674624443054199,0.0007011890411376953
20250724_023217_301,-18,44,44,17.4,20.515866469041526,-82.1403579711914,-82.1403579711914,0.10235905647277832,0.261303186416626,44,44,OffsetFailed,2,44,17.4,20.493802804271112,0,[],0.10204625129699707,0.0504755973815918,0.05044913291931152,0.05675053596496582,0.0008561611175537109
20250724_023217_667,-18,44,44,17.4,21.024048472488374,-83.17422828674316,-83.17422828674316,0.1048882007598877,0.2610001564025879,44,44,OffsetFailed,2,44,17.4,19.368090452157915,0,[],0.10460186004638672,0.05045056343078613,0.05053997039794922,0.056810855865478516,0.0006639957427978516
20250724_023218_034,-18,44,44,17.4,21.242283662613417,-81.33308258056641,-81.33308258056641,0.10162472724914551,0.2609388828277588,44,44,OffsetFailed,2,44,17.4,21.23367236069336,0,[],0.10128211975097656,0.05045914649963379,0.05046892166137695,0.056769371032714844,0.0006906986236572266
20250724_023218_398,-17,44,44,17.4,19.049422535701154,-83.50862121582031,-83.50862121582031,0.10060238838195801,0.2609407901763916,44,44,OffsetFailed,2,44,17.4,18.96183453694597,0,[],0.10028600692749023,0.05043816566467285,0.050484657287597656,0.05673074722290039,0.0007009506225585938
20250724_023218_761,-17,44,44,17.4,18.038723572938608,-81.63717651367188,-81.63717651367188,0.09608125686645508,0.2608606815338135,44,44,OffsetFailed,2,43,16.0,20.70542550406853,-1,[],0.09575414657592773,0.050484657287597656,0.05047488212585449,0.05673408508300781,0.0006747245788574219
20250724_023219_120,-17,43,43,16.0,21.4345831535191,-81.1497688293457,-81.1497688293457,0.09937429428100586,0.26110243797302246,43,43,OffsetFailed,2,43,16.0,21.385195373106313,0,[],0.09905147552490234,0.05048942565917969,0.05061817169189453,0.05674934387207031,0.0006737709045410156
20250724_023219_482,-17,43,43,16.0,21.56002243589832,-80.9262924194336,-80.9262924194336,0.10098791122436523,0.2609992027282715,43,43,OffsetFailed,2,43,16.0,21.672633259488904,0,[],0.10067582130432129,0.05045032501220703,0.05046248435974121,0.0567626953125,0.0007033348083496094
20250724_023219_846,-17,43,43,16.0,21.463495601028683,-81.02826499938965,-81.02826499938965,0.10170841217041016,0.26097631454467773,43,43,OffsetFailed,2,43,16.0,21.557042087417074,0,[],0.10136222839355469,0.05051898956298828,0.05047130584716797,0.056734323501586914,0.0006761550903320312
20250724_023220_210,-16,43,43,16.0,21.971840393922008,-80.65675354003906,-80.65675354003906,0.1038362979888916,0.26097702980041504,43,43,OffsetFailed,2,43,16.0,21.976076890316904,0,[],0.1035163402557373,0.05046439170837402,0.050537824630737305,0.05676579475402832,0.000659942626953125
20250724_023220_576,-16,43,43,16.0,19.183182538043766,-83.04041023254395,-83.04041023254395,0.10224342346191406,0.26103782653808594,43,43,OffsetFailed,2,43,16.0,19.46327790410136,0,[],0.1019449234008789,0.05053377151489258,0.05050539970397949,0.056720733642578125,0.0006673336029052734
20250724_023220_941,-16,43,43,16.0,20.100417393517077,-82.39200630187989,-82.39200630187989,0.10324501991271973,0.26096391677856445,43,43,OffsetFailed,2,43,16.0,20.05238930345918,0,[],0.10288429260253906,0.05045270919799805,0.05052995681762695,0.05672931671142578,0.0007030963897705078
20250724_023221_307,-16,42,42,14.5,23.3231079539449,-79.15078773498536,-79.15078773498536,0.1061551570892334,0.2608621120452881,42,42,OffsetFailed,2,42,14.5,23.48610089078963,0,[],0.10582780838012695,0.05047774314880371,0.0504765510559082,0.056749820709228516,0.0006794929504394531
20250724_023221_676,-16,42,42,14.5,23.122708863285,-79.52528686523438,-79.52528686523438,0.10352969169616699,0.26100850105285645,42,42,OffsetFailed,2,42,14.5,23.072454894248352,0,[],0.10321402549743652,0.050460100173950195,0.050473928451538086,0.0567471981048584,0.0006632804870605469
20250724_023222_042,-16,42,42,14.5,23.208677542595765,-79.33168563842773,-79.33168563842773,0.10264062881469727,0.26088690757751465,42,42,OffsetFailed,2,42,14.5,23.40652234989905,0,[],0.10228967666625977,0.0504605770111084,0.050481557846069336,0.05675530433654785,0.0006775856018066406
20250724_023222_407,-15,42,42,14.5,20.746994157528107,-81.75000801086426,-81.75000801086426,0.10215973854064941,0.2609896659851074,42,42,OffsetFailed,2,42,14.5,20.835413668807618,0,[],0.10184335708618164,0.050443410873413086,0.05052328109741211,0.0566859245300293,0.0007014274597167969
20250724_023222_772,-15,42,42,14.5,20.972652025346633,-81.61348724365234,-81.61348724365234,0.1038360595703125,0.26090121269226074,42,42,OffsetFailed,2,42,14.5,21.028722109761915,0,[],0.10352087020874023,0.050498247146606445,0.05047130584716797,0.05672454833984375,0.0006866455078125
20250724_023223_138,-15,42,42,14.5,21.67230897668452,-80.69028663635254,-80.69028663635254,0.10259556770324707,0.26096415519714355,42,42,OffsetFailed,2,42,14.5,21.826904452151126,0,[],0.10226321220397949,0.05045771598815918,0.05048537254333496,0.05673861503601074,0.0006611347198486328
20250724_023223_504,-15,42,42,14.5,21.84310903708021,-81.00137214660644,-81.00137214660644,0.10404109954833984,0.26101183891296387,42,42,OffsetFailed,2,42,14.5,21.410209715596125,0,[],0.10373377799987793,0.050453901290893555,0.05048823356628418,0.056771278381347656,0.0007114410400390625
20250724_023223_870,-15,42,42,14.5,21.198564230023592,-81.41716003417969,-81.41716003417969,0.10532188415527344,0.2608969211578369,42,42,OffsetFailed,2,42,14.5,21.20112792981047,0,[],0.10496354103088379,0.05043673515319824,0.05050373077392578,0.05675649642944336,0.00067901611328125
20250724_023224_238,-14,42,42,14.5,21.436526173407685,-80.96796417236328,-80.96796417236328,0.1025691032409668,0.2611579895019531,42,42,OffsetFailed,2,42,14.5,21.503138377650515,0,[],0.10223269462585449,0.050481557846069336,0.05045199394226074,0.056752920150756836,0.0006971359252929688
20250724_023224_604,-14,42,42,14.5,17.326744920266677,-78.34509544372558,-78.34509544372558,0.1031191349029541,0.2611682415008545,42,40,OffsetCorrected,2,40,11.6,24.285652106695096,-2,[],0.10276508331298828,0.05047464370727539,0.050505638122558594,0.05679488182067871,0.0007624626159667969
20250724_023224_969,-14,41,41,13.1,20.824075096266085,-81.71379890441895,-81.71379890441895,0.08701348304748535,0.26101255416870117,41,41,OffsetFailed,2,41,13.1,20.723045739053163,0,[],0.0866851806640625,0.050484657287597656,0.05048012733459473,0.05678915977478027,0.0006647109985351562
20250724_023225_319,-14,41,41,13.1,21.06808179292213,-81.43335037231445,-81.43335037231445,0.09549856185913086,0.26108479499816895,41,41,OffsetFailed,2,41,13.1,21.188585670476527,0,[],0.09518742561340332,0.050431251525878906,0.05051159858703613,0.05689859390258789,0.0006792545318603516
20250724_023225_677,-14,41,41,13.1,21.30565852290607,-81.36713676452636,-81.36713676452636,0.1015775203704834,0.26114702224731445,41,41,OffsetFailed,2,41,13.1,21.20921452121665,0,[],0.10121273994445801,0.0504918098449707,0.05052614212036133,0.05678296089172363,0.0006594657897949219
20250724_023226_042,-14,41,41,13.1,21.53707847891455,-80.99253540039062,-80.99253540039062,0.10233902931213379,0.2610907554626465,41,41,OffsetFailed,2,41,13.1,21.59355176318455,0,[],0.10201859474182129,0.05046415328979492,0.05046439170837402,0.05673336982727051,0.000675201416015625
20250724_023226_407,-13,40,40,11.6,23.128425470470447,-79.79133529663086,-79.79133529663086,0.1004951000213623,0.2609720230102539,40,40,OffsetFailed,2,40,11.6,22.830936212544117,0,[],0.10015249252319336,0.0504460334777832,0.05051112174987793,0.056790828704833984,0.0006864070892333984
20250724_023226_770,-13,41,41,13.1,18.2728478018648,-79.64816780090332,-79.64816780090332,0.10236001014709473,0.2611842155456543,41,41,OffsetFailed,2,40,11.6,22.89858696330731,-1,[],0.10201168060302734,0.05054330825805664,0.05047035217285156,0.0567622184753418,0.0007328987121582031
20250724_023227_135,-13,40,40,11.6,23.433146526634047,-79.30699920654297,-79.30699920654297,0.10497045516967773,0.26116013526916504,40,40,OffsetFailed,2,40,11.6,23.236146634045355,0,[],0.10465717315673828,0.05045676231384277,0.050475358963012695,0.056715965270996094,0.0006694793701171875
20250724_023227_503,-13,40,40,11.6,22.946747775772693,-79.72180366516113,-79.72180366516113,0.10496807098388672,0.2609853744506836,40,40,OffsetFailed,2,40,11.6,22.9413825275208,0,[],0.10462212562561035,0.05046558380126953,0.05048060417175293,0.05676579475402832,0.0006656646728515625
20250724_023227_871,-13,40,40,11.6,22.824368123511746,-79.80747833251954,-79.80747833251954,0.10330772399902344,0.2610435485839844,40,40,OffsetFailed,2,40,11.6,22.92131054892033,0,[],0.10298633575439453,0.05050468444824219,0.05046725273132324,0.056772470474243164,0.0006530284881591797
20250724_023228_237,-12,40,40,11.6,23.22836430832939,-79.41891899108887,-79.41891899108887,0.10232353210449219,0.26104736328125,40,40,OffsetFailed,2,40,11.6,23.170133525182266,0,[],0.10197806358337402,0.05048942565917969,0.05045962333679199,0.05673980712890625,0.0006911754608154297
20250724_023228_602,-12,40,40,11.6,21.423598046436183,-81.21799011230469,-81.21799011230469,0.10236358642578125,0.2611672878265381,40,40,OffsetFailed,2,40,11.6,21.241788894045484,0,[],0.10204887390136719,0.05046653747558594,0.05043959617614746,0.05674028396606445,0.0007495880126953125
20250724_023228_967,-12,40,40,11.6,21.195156978001734,-81.32872505187989,-81.32872505187989,0.10177016258239746,0.2610340118408203,40,40,OffsetFailed,2,40,11.6,21.186831721699917,0,[],0.10142016410827637,0.05050373077392578,0.0504612922668457,0.05671811103820801,0.0007159709930419922
20250724_023229_331,-12,39,39,10.2,23.948978168633303,-78.689693069458,-78.689693069458,0.10289525985717773,0.1584300994873047,39,39,YOLO,1,40,11.6,23.948978168633303,0,[],0.10255956649780273,0.05051398277282715,0.05050921440124512,0.05673480033874512,0.0006608963012695312
20250724_023229_594,-12,39,39,10.2,24.041453915445686,-78.49310913085938,-78.49310913085938,0.10236287117004395,0.10197854042053223,39,39,YOLO,1,40,11.6,24.041453915445686,0,[],0.10202932357788086,0.050477027893066406,0.050445556640625,0.00040149688720703125,0.00064849853515625
20250724_023229_800,-12,40,40,11.6,20.837576720912764,-81.45472602844238,-81.45472602844238,0.10230636596679688,0.2610046863555908,40,40,OffsetFailed,2,40,11.6,21.075701976650024,0,[],0.10199618339538574,0.050461530685424805,0.05045938491821289,0.05674934387207031,0.0006933212280273438
20250724_023230_165,-12,40,40,11.6,20.918983976003474,-81.53736877441406,-81.53736877441406,0.09982800483703613,0.2609727382659912,40,40,OffsetFailed,2,40,11.6,20.921094922278655,0,[],0.0995023250579834,0.050440311431884766,0.05047941207885742,0.05674123764038086,0.0006654262542724609
20250724_023230_527,-11,40,40,11.6,18.185976470818147,-80.67193603515625,-80.67193603515625,0.1010277271270752,0.26107215881347656,40,40,OffsetFailed,2,39,10.2,21.912508846041064,-1,[],0.10067033767700195,0.05047178268432617,0.05049896240234375,0.056752681732177734,0.0006854534149169922
20250724_023230_891,-11,39,39,10.2,22.144138263785194,-80.31014900207519,-80.31014900207519,0.10300087928771973,0.2609741687774658,39,39,OffsetFailed,2,39,10.2,22.327580264750026,0,[],0.10265612602233887,0.05046534538269043,0.05046820640563965,0.056739091873168945,0.0006754398345947266
20250724_023231_257,-11,39,39,10.2,22.869905283743194,-79.57930755615234,-79.57930755615234,0.10363459587097168,0.26099610328674316,39,39,OffsetFailed,2,39,10.2,23.0850907588177,0,[],0.10328102111816406,0.05050826072692871,0.05048227310180664,0.05675649642944336,0.0006825923919677734
20250724_023231_623,-11,39,39,10.2,22.93073037032954,-79.60188026428223,-79.60188026428223,0.10213351249694824,0.2610597610473633,39,39,OffsetFailed,2,39,10.2,22.929781346780402,0,[],0.10180807113647461,0.050493478775024414,0.05044412612915039,0.05678582191467285,0.0006973743438720703
20250724_023231_988,-11,39,39,10.2,22.501499250343088,-79.99980888366699,-79.99980888366699,0.10322260856628418,0.2609984874725342,39,39,OffsetFailed,2,39,10.2,22.563988658137234,0,[],0.10289287567138672,0.0504755973815918,0.050485849380493164,0.056725263595581055,0.0007426738739013672
20250724_023232_354,-10,39,39,10.2,20.483140003429128,-82.64356231689453,-82.64356231689453,0.10265827178955078,0.26112794876098633,39,39,OffsetFailed,2,39,10.2,19.99742928703664,0,[],0.10235285758972168,0.05046272277832031,0.05047130584716797,0.05678272247314453,0.0007128715515136719
20250724_023232_719,-10,38,38,8.7,22.231067342844568,-80.29055938720703,-80.29055938720703,0.10129714012145996,0.26253247261047363,38,38,OffsetFailed,2,38,8.7,22.354686485011243,0,[],0.10097432136535645,0.050484418869018555,0.0505521297454834,0.056769371032714844,0.0010192394256591797
20250724_023233_085,-10,38,38,8.7,22.842406913707407,-79.80840606689453,-79.80840606689453,0.09929561614990234,0.26191115379333496,38,38,OffsetFailed,2,38,8.7,22.81275248689502,0,[],0.09894227981567383,0.05050325393676758,0.05052304267883301,0.05681037902832031,0.0010371208190917969
20250724_023233_448,-10,38,38,8.7,23.369999712367957,-79.09738235473633,-79.09738235473633,0.09984540939331055,0.2756946086883545,38,38,OffsetFailed,2,38,8.7,23.437710921252403,0,[],0.09949254989624023,0.05057525634765625,0.05052447319030762,0.05679655075073242,0.0010418891906738281
20250724_023233_825,-10,38,38,8.7,22.32455006801422,-80.28952293395996,-80.28952293395996,0.10245418548583984,0.26125431060791016,38,38,OffsetFailed,2,38,8.7,22.365222885152576,0,[],0.10210609436035156,0.05048847198486328,0.05050516128540039,0.056794166564941406,0.0006999969482421875
20250724_023234_190,-9,38,38,8.7,23.12025170514488,-79.40961265563965,-79.40961265563965,0.10285067558288574,0.2618215084075928,38,38,OffsetFailed,2,38,8.7,23.194288376060555,0,[],0.10251569747924805,0.050502777099609375,0.0505068302154541,0.05677151679992676,0.0008392333984375
20250724_023234_556,-9,38,38,8.7,20.36980106982918,-82.10879516601562,-82.10879516601562,0.09901094436645508,0.26113033294677734,38,38,OffsetFailed,2,38,8.7,20.352359011477034,0,[],0.0986788272857666,0.0504608154296875,0.0504612922668457,0.05675792694091797,0.0008018016815185547
20250724_023234_918,-9,38,38,8.7,20.49618556418652,-82.18055725097656,-82.18055725097656,0.10313606262207031,0.2610280513763428,38,38,OffsetFailed,2,38,8.7,20.43705989615499,0,[],0.10277390480041504,0.05045914649963379,0.050490617752075195,0.05675172805786133,0.000682830810546875
20250724_023235_284,-9,37,37,7.3,23.122245912472778,-79.47879791259766,-79.47879791259766,0.10185050964355469,0.26135993003845215,37,37,OffsetFailed,2,37,7.3,23.047255122365186,0,[],0.10152888298034668,0.050477027893066406,0.050520896911621094,0.05673480033874512,0.0007681846618652344
20250724_023235_649,-9,38,38,8.7,20.957754521479657,-81.42118988037109,-81.42118988037109,0.10375237464904785,0.2615377902984619,38,38,OffsetFailed,2,38,8.7,21.14244877215836,0,[],0.10343575477600098,0.05054211616516113,0.05055689811706543,0.056743621826171875,0.0007085800170898438
20250724_023236_016,-9,38,38,8.7,21.071003939838562,-81.40420112609864,-81.40420112609864,0.10130119323730469,0.2609400749206543,38,38,OffsetFailed,2,38,8.7,20.970613827347933,0,[],0.10092568397521973,0.05046510696411133,0.05045628547668457,0.056743621826171875,0.0006692409515380859
20250724_023236_380,-8,38,38,8.7,17.505016481278645,-82.04113998413087,-82.04113998413087,0.10174298286437988,0.26099205017089844,38,38,OffsetFailed,2,37,7.3,20.49737211594497,-1,[],0.10140371322631836,0.05045461654663086,0.05042457580566406,0.05674386024475098,0.0007104873657226562
20250724_023236_744,-8,38,38,8.7,19.161871303223023,-83.37144470214844,-83.37144470214844,0.10146522521972656,0.26112914085388184,38,38,OffsetFailed,2,38,8.7,19.22590167372897,0,[],0.10112285614013672,0.05053544044494629,0.05051469802856445,0.05675244331359863,0.0006976127624511719
20250724_023237_109,-8,37,37,7.3,22.35865863804537,-80.17059326171875,-80.17059326171875,0.10280370712280273,0.2616562843322754,37,37,OffsetFailed,2,37,7.3,22.342247273530603,0,[],0.10246586799621582,0.05048108100891113,0.050446510314941406,0.05678439140319824,0.0006906986236572266
20250724_023237_475,-8,37,37,7.3,22.110647179190806,-80.53611373901367,-80.53611373901367,0.10132193565368652,0.2609212398529053,37,37,OffsetFailed,2,37,7.3,22.05197599961636,0,[],0.10100054740905762,0.05046200752258301,0.050423383712768555,0.05679821968078613,0.0006902217864990234
20250724_023237_839,-8,37,37,7.3,21.79085348559005,-80.74458847045898,-80.74458847045898,0.10501813888549805,0.26108551025390625,37,37,OffsetFailed,2,37,7.3,21.81410326508255,0,[],0.10468673706054688,0.05047321319580078,0.050453901290893555,0.05674481391906738,0.0006706714630126953
20250724_023238_206,-7,37,37,7.3,21.35747511757961,-81.13434104919433,-81.13434104919433,0.1045994758605957,0.2610056400299072,37,37,OffsetFailed,2,37,7.3,21.402645896135297,0,[],0.1042168140411377,0.05050992965698242,0.05048203468322754,0.05671262741088867,0.0007073879241943359
20250724_023238_573,-7,37,37,7.3,19.39433398424532,-83.06272659301757,-83.06272659301757,0.10056138038635254,0.26113438606262207,37,37,OffsetFailed,2,37,7.3,19.472165784518282,0,[],0.10022830963134766,0.05042719841003418,0.05048060417175293,0.05678200721740723,0.0006990432739257812
20250724_023238_937,-7,37,37,7.3,19.119964349623572,-83.42713928222656,-83.42713928222656,0.10340499877929688,0.2610893249511719,37,37,OffsetFailed,2,37,7.3,19.25119585167336,0,[],0.10309624671936035,0.050463199615478516,0.0504755973815918,0.056783437728881836,0.0006597042083740234
20250724_023239_303,-7,36,36,5.8,23.286382351913986,-79.17409057617188,-79.17409057617188,0.10342550277709961,0.26092529296875,36,36,OffsetFailed,2,36,5.8,23.37557111161972,0,[],0.10305309295654297,0.05048799514770508,0.050458669662475586,0.05676984786987305,0.0006954669952392578
20250724_023239_669,-7,36,36,5.8,22.75612197170274,-79.7843032836914,-79.7843032836914,0.10355377197265625,0.26097989082336426,36,36,OffsetFailed,2,36,5.8,22.951444212801718,0,[],0.1031954288482666,0.050506591796875,0.050504446029663086,0.056708335876464844,0.0006818771362304688
20250724_023240_035,-7,36,36,5.8,23.973031577982,-78.58554496765137,-78.58554496765137,0.10191106796264648,0.1585090160369873,36,36,YOLO,1,36,5.8,23.973031577982,0,[],0.10157942771911621,0.05046558380126953,0.050581932067871094,0.05672812461853027,0.0007266998291015625
20250724_023240_297,-7,36,36,5.8,24.136711083829212,-78.59051094055177,-78.59051094055177,0.10078644752502441,0.102020263671875,36,36,YOLO,1,36,5.8,24.136711083829212,0,[],0.10043764114379883,0.05046439170837402,0.050464630126953125,0.00041604042053222656,0.0006694793701171875
20250724_023240_502,-6,36,36,5.8,20.230085972961703,-81.32699966430664,-81.32699966430664,0.092742919921875,0.2608654499053955,36,36,OffsetFailed,2,36,5.8,21.232424551935054,0,[],0.09242916107177734,0.05046725273132324,0.05045318603515625,0.05671358108520508,0.0006902217864990234
20250724_023240_857,-6,35,35,4.4,22.510745245207957,-79.9992000579834,-79.9992000579834,0.10284829139709473,0.26092982292175293,35,35,OffsetFailed,2,35,4.4,22.72893394667095,0,[],0.10254621505737305,0.050440311431884766,0.050470590591430664,0.05673813819885254,0.0006611347198486328
20250724_023241_222,-6,36,36,5.8,21.707472558566707,-80.87509956359864,-80.87509956359864,0.10321402549743652,0.26104259490966797,36,36,OffsetFailed,2,36,5.8,21.727468262307553,0,[],0.10293197631835938,0.05056405067443848,0.050484418869018555,0.05675172805786133,0.0006597042083740234
20250724_023241_588,-6,36,36,5.8,21.859602937329456,-80.70535278320312,-80.70535278320312,0.10201263427734375,0.26114559173583984,36,36,OffsetFailed,2,36,5.8,21.854535138137408,0,[],0.10169386863708496,0.05045127868652344,0.05048513412475586,0.05674862861633301,0.0007104873657226562
20250724_023241_953,-6,36,36,5.8,21.994285506936436,-80.53502655029297,-80.53502655029297,0.09842252731323242,0.2612426280975342,36,36,OffsetFailed,2,36,5.8,22.089544731155513,0,[],0.09810376167297363,0.05048203468322754,0.05044126510620117,0.05674171447753906,0.0006814002990722656
20250724_023242_315,-5,35,35,4.4,21.570666298962834,-82.45122756958008,-82.45122756958008,0.10255861282348633,0.26097607612609863,35,35,OffsetFailed,2,35,4.4,20.142793617440844,0,[],0.10198974609375,0.050493478775024414,0.05049920082092285,0.056719303131103516,0.0006678104400634766
20250724_023242_680,-5,35,35,4.4,19.641192087964853,-82.96800231933594,-82.96800231933594,0.10167050361633301,0.2611062526702881,35,35,OffsetFailed,2,35,4.4,19.520248923029328,0,[],0.10138535499572754,0.050455331802368164,0.0504910945892334,0.05674290657043457,0.0007202625274658203
20250724_023243_044,-5,35,35,4.4,19.57365202050444,-82.70957946777344,-82.70957946777344,0.10135555267333984,0.26104235649108887,35,35,OffsetFailed,2,35,4.4,19.738375279393836,0,[],0.10099649429321289,0.05047345161437988,0.05048966407775879,0.05675911903381348,0.0006859302520751953
20250724_023243_408,-5,35,35,4.4,20.02306706443754,-82.23635749816894,-82.23635749816894,0.08709335327148438,0.26105833053588867,35,35,OffsetFailed,2,35,4.4,20.343875795894732,0,[],0.0867314338684082,0.05047440528869629,0.05047869682312012,0.05673551559448242,0.000736236572265625
20250724_023243_758,-5,35,35,4.4,20.5909463129435,-81.87223510742187,-81.87223510742187,0.10203909873962402,0.26096248626708984,35,35,OffsetFailed,2,35,4.4,20.82190780118283,0,[],0.10170292854309082,0.05044722557067871,0.05045485496520996,0.056752681732177734,0.0006623268127441406
20250724_023244_123,-5,35,35,4.4,20.130745962281196,-82.49415321350098,-82.49415321350098,0.10325980186462402,0.2611808776855469,35,35,OffsetFailed,2,35,4.4,20.235281028341134,0,[],0.10291886329650879,0.050473690032958984,0.05048632621765137,0.05681562423706055,0.0007395744323730469
20250724_023244_489,-4,35,35,4.4,17.357079268946265,-84.004052734375,-84.004052734375,0.10768723487854004,0.2608776092529297,35,35,OffsetFailed,2,34,2.9,18.117656722897905,-1,[],0.10737895965576172,0.050447940826416016,0.050499916076660156,0.05674862861633301,0.0006692409515380859
20250724_023244_859,-4,35,35,4.4,17.479309205702222,-81.13308715820312,-81.13308715820312,0.10624098777770996,0.2609720230102539,35,35,OffsetFailed,2,34,2.9,21.20331960017029,-1,[],0.10588741302490234,0.05054044723510742,0.05046391487121582,0.05677390098571777,0.0006816387176513672
20250724_023245_228,-4,34,34,2.9,21.23398352183783,-81.4896026611328,-81.4896026611328,0.1016383171081543,0.26105403900146484,34,34,OffsetFailed,2,34,2.9,21.18369095212111,0,[],0.10132956504821777,0.05051112174987793,0.050473690032958984,0.05671262741088867,0.0007309913635253906
20250724_023245_592,-4,34,34,2.9,21.44236298267444,-81.28770484924317,-81.28770484924317,0.10445690155029297,0.26120805740356445,34,34,OffsetFailed,2,34,2.9,21.196056683630502,0,[],0.10412979125976562,0.05047130584716797,0.05055856704711914,0.05676436424255371,0.0007028579711914062
20250724_023245_959,-4,34,34,2.9,21.307908944485362,-81.33308258056641,-81.33308258056641,0.10297441482543945,0.26099228858947754,34,34,OffsetFailed,2,34,2.9,21.14441604587283,0,[],0.1026613712310791,0.05047154426574707,0.050455331802368164,0.05674433708190918,0.0006825923919677734
20250724_023246_325,-3,34,34,2.9,19.970523103405398,-83.2250820159912,-83.2250820159912,0.10384416580200195,0.26102256774902344,34,34,OffsetFailed,2,34,2.9,19.303019611402505,0,[],0.10348057746887207,0.050472259521484375,0.05051589012145996,0.05684232711791992,0.000682830810546875
20250724_023246_691,-3,34,34,2.9,19.163966564023397,-83.23408432006836,-83.23408432006836,0.10369300842285156,0.22620725631713867,34,34,OffsetFailed,2,34,2.9,19.197168274468737,0,[],0.10337281227111816,0.050458431243896484,0.05049252510070801,0.0218353271484375,0.00075531005859375
20250724_023247_023,-3,33,33,1.5,22.80590002216465,-79.69642639160156,-79.69642639160156,0.10272550582885742,0.26091861724853516,33,33,OffsetFailed,2,33,1.5,22.942602004267584,0,[],0.10242652893066406,0.05045151710510254,0.05047273635864258,0.05672502517700195,0.0006861686706542969
20250724_023247_388,-3,33,33,1.5,23.301495954995218,-79.41958618164062,-79.41958618164062,0.10090446472167969,0.2615978717803955,33,33,OffsetFailed,2,33,1.5,23.218469467913835,0,[],0.10057592391967773,0.05051064491271973,0.0504765510559082,0.05677056312561035,0.0006988048553466797
20250724_023247_752,-3,33,33,1.5,23.946620827660254,-78.7046745300293,-78.7046745300293,0.10192227363586426,0.15837597846984863,33,33,YOLO,1,33,1.5,23.946620827660254,0,[],0.10157918930053711,0.050498008728027344,0.0504910945892334,0.056722402572631836,0.0006580352783203125
20250724_023248_014,-3,33,33,1.5,24.01003731265878,-78.64547729492188,-78.64547729492188,0.10249066352844238,0.10202980041503906,33,33,YOLO,1,33,1.5,24.01003731265878,0,[],0.10214805603027344,0.0504755973815918,0.050469398498535156,0.00039386749267578125,0.0006847381591796875
20250724_023248_220,-3,33,33,1.5,23.879353967969806,-78.71749992370606,-78.71749992370606,0.10261678695678711,0.1584162712097168,33,33,YOLO,1,33,1.5,23.879353967969806,0,[],0.10228180885314941,0.050542593002319336,0.05042743682861328,0.05674123764038086,0.0006973743438720703
20250724_023248_483,-2,33,33,1.5,23.854471883278833,-78.67916107177734,-78.67916107177734,0.10325860977172852,0.1021127700805664,33,33,YOLO,1,33,1.5,23.854471883278833,0,[],0.10287785530090332,0.050467491149902344,0.0504755973815918,0.0004069805145263672,0.0007565021514892578
20250724_023248_690,-2,33,33,1.5,20.31179011244957,-82.23644256591797,-82.23644256591797,0.09901833534240723,0.2609901428222656,33,33,OffsetFailed,2,33,1.5,20.41377529348165,0,[],0.09874272346496582,0.05047965049743652,0.05048537254333496,0.05675983428955078,0.0006844997406005859
20250724_023249_052,-2,33,33,1.5,20.556890318192416,-81.9444522857666,-81.9444522857666,0.10164260864257812,0.2610304355621338,33,33,OffsetFailed,2,33,1.5,20.60384956335389,0,[],0.10129833221435547,0.050489187240600586,0.05045008659362793,0.05672311782836914,0.0007030963897705078
20250724_023249_416,-2,33,33,1.5,20.807840940331232,-81.9196647644043,-81.9196647644043,0.09687066078186035,0.26095151901245117,33,33,OffsetFailed,2,33,1.5,20.6720992984295,0,[],0.09652900695800781,0.05045318603515625,0.05045509338378906,0.05678725242614746,0.0006644725799560547
20250724_023249_775,-2,33,33,1.5,20.558785701205508,-82.16007347106934,-82.16007347106934,0.10210347175598145,0.26099276542663574,33,33,OffsetFailed,2,33,1.5,20.37899280871271,0,[],0.10175967216491699,0.05048537254333496,0.05050206184387207,0.056711435317993164,0.0006968975067138672
20250724_023250_140,-2,33,33,1.5,20.519542065885247,-82.0753288269043,-82.0753288269043,0.10275912284851074,0.26110243797302246,33,33,OffsetFailed,2,33,1.5,20.379007081760747,0,[],0.10241007804870605,0.05046439170837402,0.05047750473022461,0.05672097206115723,0.0007252693176269531
20250724_023250_506,-1,32,32,0,22.046333386747193,-80.82185325622558,-80.82185325622558,0.10299944877624512,0.2628514766693115,32,32,OffsetFailed,2,32,0,21.77272103233804,0,[],0.10269951820373535,0.05051279067993164,0.05047035217285156,0.05675768852233887,0.0006911754608154297
20250724_023250_875,-1,32,32,0,21.728968202532513,-80.96008186340332,-80.96008186340332,0.10284709930419922,0.2610292434692383,32,32,OffsetFailed,2,32,0,21.712334324087266,0,[],0.10229110717773438,0.050484657287597656,0.05050230026245117,0.05672001838684082,0.0006906986236572266
20250724_023251_240,-1,31,31,-1.5,24.19624229291685,-78.43873596191406,-78.43873596191406,0.10140156745910645,0.15840649604797363,31,31,YOLO,1,32,0,24.19624229291685,0,[],0.10108184814453125,0.05047440528869629,0.05050015449523926,0.05673789978027344,0.0006871223449707031
20250724_023251_501,-1,32,32,0,24.037621451194184,-78.49797172546387,-78.49797172546387,0.1000223159790039,0.10202288627624512,32,32,YOLO,1,32,0,24.037621451194184,0,[],0.09966182708740234,0.05046534538269043,0.05051445960998535,0.0004024505615234375,0.0006349086761474609
20250724_023251_705,-1,32,32,0,21.669613437680624,-80.74501113891601,-80.74501113891601,0.09934401512145996,0.26099300384521484,32,32,OffsetFailed,2,32,0,21.806832926432747,0,[],0.09901881217956543,0.050479888916015625,0.05051684379577637,0.0567784309387207,0.000705718994140625
20250724_023252_067,-1,32,32,0,21.910326904838,-80.76118354797363,-80.76118354797363,0.1014862060546875,0.2613260746002197,32,32,OffsetFailed,2,32,0,21.86359803140226,0,[],0.10116457939147949,0.05041956901550293,0.05048179626464844,0.05676102638244629,0.0006792545318603516
20250724_023252_431,0,32,32,0,19.75233875275353,-82.78627014160156,-82.78627014160156,0.10255622863769531,0.26097583770751953,32,32,OffsetFailed,2,32,0,19.71562349560999,0,[],0.10222887992858887,0.05048775672912598,0.05046820640563965,0.05673694610595703,0.0006861686706542969
20250724_023252_796,0,31,31,-1.5,22.057907608244975,-80.39002418518066,-80.39002418518066,0.09977865219116211,0.26102614402770996,31,31,OffsetFailed,2,31,-1.5,22.192279377571126,0,[],0.09947466850280762,0.050496816635131836,0.0504612922668457,0.056722164154052734,0.0006692409515380859
20250724_023253_159,0,31,31,-1.5,22.317292018224606,-80.1694839477539,-80.1694839477539,0.09930133819580078,0.2609117031097412,31,31,OffsetFailed,2,31,-1.5,22.359448252771003,0,[],0.0989694595336914,0.0504450798034668,0.050458669662475586,0.05674147605895996,0.0006933212280273438
20250724_023253_521,0,31,31,-1.5,22.524638296910155,-79.9170425415039,-79.9170425415039,0.10193681716918945,0.262223482131958,31,31,OffsetFailed,2,31,-1.5,22.6821415884707,0,[],0.10159468650817871,0.050470829010009766,0.05047774314880371,0.05682682991027832,0.0006880760192871094
20250724_023253_886,0,31,31,-1.5,22.87976534901182,-79.85833854675293,-79.85833854675293,0.10308980941772461,0.2615668773651123,31,31,OffsetFailed,2,31,-1.5,22.788942501015683,0,[],0.1027827262878418,0.05048537254333496,0.05050039291381836,0.056723594665527344,0.0007407665252685547
20250724_023254_253,1,31,31,-1.5,23.02623811669295,-80.39877357482911,-80.39877357482911,0.09977293014526367,0.2612330913543701,31,31,OffsetFailed,2,31,-1.5,22.162613017092667,0,[],0.0992746353149414,0.05053973197937012,0.050498247146606445,0.05674409866333008,0.0007214546203613281
20250724_023254_615,1,31,31,-1.5,20.278334669553132,-82.32233581542968,-82.32233581542968,0.10196304321289062,0.2701680660247803,31,31,OffsetFailed,2,31,-1.5,20.156314403725275,0,[],0.10157465934753418,0.05052042007446289,0.05055594444274902,0.056825876235961914,0.000988006591796875
20250724_023254_989,1,30,30,-2.9,23.83360740957859,-78.70191116333008,-78.70191116333008,0.10528445243835449,0.1584770679473877,30,30,YOLO,1,31,-1.5,23.83360740957859,0,[],0.10494494438171387,0.050446271896362305,0.05050086975097656,0.0568087100982666,0.0007140636444091797
20250724_023255_255,1,30,30,-2.9,23.95550460522159,-78.71072463989258,-78.71072463989258,0.10377860069274902,0.1020653247833252,30,30,YOLO,1,31,-1.5,23.95550460522159,0,[],0.10339736938476562,0.05047416687011719,0.05049872398376465,0.0004096031188964844,0.0006766319274902344
20250724_023255_462,1,30,30,-2.9,24.398793297847988,-78.23050346374512,-78.23050346374512,0.10178589820861816,0.1583259105682373,30,30,YOLO,1,31,-1.5,24.398793297847988,0,[],0.10146641731262207,0.05044722557067871,0.050475120544433594,0.056735992431640625,0.000659942626953125
20250724_023255_724,1,30,30,-2.9,24.565169078385807,-78.09402580261231,-78.09402580261231,0.10500955581665039,0.10195064544677734,30,30,YOLO,1,31,-1.5,24.565169078385807,0,[],0.10470056533813477,0.05043315887451172,0.05045175552368164,0.00038552284240722656,0.0006735324859619141
20250724_023255_932,1,30,30,-2.9,24.45033459584269,-78.26314964294434,-78.26314964294434,0.09816312789916992,0.15840840339660645,30,30,YOLO,1,31,-1.5,24.45033459584269,0,[],0.09785938262939453,0.05045771598815918,0.05045580863952637,0.056767940521240234,0.0007195472717285156
20250724_023256_190,1,31,31,-1.5,24.657774618533367,-78.02213096618652,-78.02213096618652,0.10236310958862305,0.10207343101501465,31,31,YOLO,1,31,-1.5,24.657774618533367,0,[],0.10199832916259766,0.05050492286682129,0.05046820640563965,0.0004315376281738281,0.0006623268127441406
20250724_023256_396,2,30,30,-2.9,21.494054931242133,-81.4179443359375,-81.4179443359375,0.10117840766906738,0.26100683212280273,30,30,OffsetFailed,2,30,-2.9,21.199809097017052,0,[],0.10089731216430664,0.05049252510070801,0.05049705505371094,0.05675244331359863,0.0006909370422363281
20250724_023256_760,2,30,30,-2.9,21.141954895293523,-81.32748222351074,-81.32748222351074,0.09875941276550293,0.2614150047302246,30,30,OffsetFailed,2,30,-2.9,21.355645736566373,0,[],0.09842824935913086,0.050506591796875,0.05045819282531738,0.056694746017456055,0.0006945133209228516
20250724_023257_122,2,30,30,-2.9,22.357016178721963,-80.18082695007324,-80.18082695007324,0.10244488716125488,0.2611534595489502,30,30,OffsetFailed,2,30,-2.9,22.372691986413145,0,[],0.10213565826416016,0.05048727989196777,0.05049490928649902,0.05674481391906738,0.0006778240203857422
20250724_023257_488,2,30,30,-2.9,22.380311824208093,-80.10171470642089,-80.10171470642089,0.10206818580627441,0.26510071754455566,30,30,OffsetFailed,2,30,-2.9,22.60488291152555,0,[],0.10170960426330566,0.05044746398925781,0.050473690032958984,0.05676913261413574,0.0011844635009765625
20250724_023257_857,2,30,30,-2.9,21.462161102148812,-81.32222747802734,-81.32222747802734,0.10339856147766113,0.26102781295776367,30,30,OffsetFailed,2,30,-2.9,21.20917384806944,0,[],0.10306835174560547,0.05048060417175293,0.05044412612915039,0.05678272247314453,0.0006783008575439453
20250724_023258_223,2,29,29,-4.4,24.085663115737148,-78.49872665405273,-78.49872665405273,0.10017967224121094,0.15845465660095215,29,29,YOLO,1,30,-2.9,24.085663115737148,0,[],0.09984302520751953,0.050504446029663086,0.05053520202636719,0.05673050880432129,0.0006775856018066406
20250724_023258_483,3,29,29,-4.4,24.106742724204224,-78.4951602935791,-78.4951602935791,0.1015939712524414,0.10207223892211914,29,29,YOLO,1,30,-2.9,24.106742724204224,0,[],0.1012721061706543,0.05046272277832031,0.0504918098449707,0.0004086494445800781,0.0007033348083496094
20250724_023258_688,3,29,29,-4.4,22.158060339117498,-80.18119812011719,-80.18119812011719,0.10462355613708496,0.26104307174682617,29,29,OffsetFailed,2,29,-4.4,22.264993134208353,0,[],0.10429573059082031,0.050459861755371094,0.05048012733459473,0.05674171447753906,0.0006859302520751953
20250724_023259_055,3,29,29,-4.4,22.462546239871926,-80.33906555175781,-80.33906555175781,0.1005392074584961,0.2611560821533203,29,29,OffsetFailed,2,29,-4.4,22.33608747554193,0,[],0.10021686553955078,0.05048322677612305,0.0504450798034668,0.05675077438354492,0.0006527900695800781
20250724_023259_419,3,29,29,-4.4,22.39585967329721,-80.12974548339844,-80.12974548339844,0.10488319396972656,0.26094746589660645,29,29,OffsetFailed,2,29,-4.4,22.41766167130153,0,[],0.10453128814697266,0.0504765510559082,0.05044364929199219,0.05673074722290039,0.0006756782531738281
20250724_023259_786,3,29,29,-4.4,22.18063955612712,-80.41650390625,-80.41650390625,0.08562970161437988,0.26094865798950195,29,29,OffsetFailed,2,29,-4.4,22.316336185768094,0,[],0.0853276252746582,0.05048871040344238,0.05047869682312012,0.0567474365234375,0.0007078647613525391
20250724_023300_134,3,29,29,-4.4,22.525893936042124,-80.02426872253417,-80.02426872253417,0.0983436107635498,0.2609741687774658,29,29,OffsetFailed,2,29,-4.4,22.64650038637572,0,[],0.09803009033203125,0.05049324035644531,0.05046343803405762,0.05675220489501953,0.0007004737854003906
20250724_023300_495,4,29,29,-4.4,20.638487316544712,-82.10416526794434,-82.10416526794434,0.10600423812866211,0.2609415054321289,29,29,OffsetFailed,2,29,-4.4,20.56129937618796,0,[],0.10566401481628418,0.05045127868652344,0.050504207611083984,0.056778669357299805,0.0006937980651855469
20250724_023300_864,4,28,28,-5.8,23.036345830845548,-79.60336227416992,-79.60336227416992,0.09868240356445312,0.2615783214569092,28,28,OffsetFailed,2,28,-5.8,22.97763775954695,0,[],0.09832286834716797,0.05048036575317383,0.050461530685424805,0.056800127029418945,0.0007257461547851562
20250724_023301_226,4,28,28,-5.8,22.94860873968274,-79.68395538330078,-79.68395538330078,0.12601470947265625,0.26178622245788574,28,28,OffsetFailed,2,28,-5.8,22.751291893841753,0,[],0.1256704330444336,0.05055856704711914,0.05050969123840332,0.05675673484802246,0.001035928726196289
20250724_023301_615,4,NO_RADIO,28,-5.8,23.06039531626415,-79.56877670288085,-79.56877670288085,0.10032224655151367,0.15861916542053223,28,,CenterFallback,1,32,0,,,[],0.09998059272766113,0.05049300193786621,0.050492048263549805,0.05676388740539551,0.0007979869842529297
20250724_023301_876,4,NO_RADIO,28,-5.8,23.055276314585697,-79.4627067565918,-79.4627067565918,0.10270547866821289,0.10209798812866211,28,,CenterFallback,1,32,0,,,[],0.10238075256347656,0.05048847198486328,0.05048513412475586,0.0003848075866699219,0.0007011890411376953
20250724_023302_082,4,28,28,-5.8,23.08165154743942,-79.12727203369141,-79.12727203369141,0.10233783721923828,0.26108407974243164,28,28,OffsetCorrected,2,28,-5.8,23.577214499541043,0,[],0.10198068618774414,0.05046725273132324,0.05047321319580078,0.05672121047973633,0.0006861686706542969
20250724_023302_447,5,28,28,-5.8,20.417131493701817,-82.05451965332031,-82.05451965332031,0.09964323043823242,0.2609739303588867,28,28,OffsetFailed,2,28,-5.8,20.448357822106644,0,[],0.09932374954223633,0.0504608154296875,0.050444602966308594,0.056725502014160156,0.0007104873657226562
20250724_023302_810,5,28,28,-5.8,20.957983595211232,-81.48458442687988,-81.48458442687988,0.10124444961547852,0.2616405487060547,28,28,OffsetFailed,2,28,-5.8,21.05568916540031,0,[],0.10088682174682617,0.05048871040344238,0.05077028274536133,0.05672335624694824,0.0007102489471435547
20250724_023303_174,5,28,28,-5.8,21.127025253146215,-81.33460922241211,-81.33460922241211,0.10608649253845215,0.26094937324523926,28,28,OffsetFailed,2,28,-5.8,21.274828131799126,0,[],0.10563111305236816,0.0504155158996582,0.05045032501220703,0.05675315856933594,0.0007205009460449219
20250724_023303_543,5,28,28,-5.8,21.666470222954004,-80.69052467346191,-80.69052467346191,0.10040068626403809,0.26163482666015625,28,28,OffsetFailed,2,28,-5.8,21.85977200671323,0,[],0.10005617141723633,0.05069780349731445,0.05045723915100098,0.0567479133605957,0.0007827281951904297
20250724_023303_907,5,28,28,-5.8,22.102064272455195,-80.3654670715332,-80.3654670715332,0.1036984920501709,0.2612040042877197,28,28,OffsetFailed,2,28,-5.8,22.20402911994161,0,[],0.10324501991271973,0.05042147636413574,0.05047464370727539,0.05673646926879883,0.0007474422454833984
20250724_023304_273,6,28,28,-5.8,22.19083141444166,-83.09822235107421,-83.09822235107421,0.1027672290802002,0.2613034248352051,28,28,OffsetFailed,2,28,-5.8,19.344072928514578,0,[],0.10237693786621094,0.05045604705810547,0.05049896240234375,0.05677604675292969,0.0006849765777587891
20250724_023304_639,6,28,28,-5.8,17.522966348194913,-81.2392791748047,-81.2392791748047,0.1033027172088623,0.26192784309387207,28,28,OffsetFailed,2,27,-7.3,21.00635036947152,-1,[],0.10294818878173828,0.05054664611816406,0.05047917366027832,0.05675363540649414,0.000762939453125
20250724_023305_006,6,27,27,-7.3,21.560416974085115,-81.17960357666016,-81.17960357666016,0.10190510749816895,0.26308441162109375,27,27,OffsetFailed,2,27,-7.3,21.43733949696508,0,[],0.10152459144592285,0.05049443244934082,0.050499916076660156,0.05679154396057129,0.0007333755493164062
20250724_023305_374,6,27,27,-7.3,21.295632681900074,-81.26182670593262,-81.26182670593262,0.10243463516235352,0.262408971786499,27,27,OffsetFailed,2,27,-7.3,21.293331863053254,0,[],0.10211324691772461,0.05053067207336426,0.05048537254333496,0.05678987503051758,0.001087188720703125
20250724_023305_741,6,27,27,-7.3,21.856840984789628,-80.85131454467773,-80.85131454467773,0.0890500545501709,0.2616434097290039,27,27,OffsetFailed,2,27,-7.3,21.748988576015762,0,[],0.08857154846191406,0.05052900314331055,0.05054521560668945,0.056836605072021484,0.0007452964782714844
20250724_023306_093,6,27,27,-7.3,21.9311812308123,-80.61642456054688,-80.61642456054688,0.09975957870483398,0.2647578716278076,27,27,OffsetFailed,2,27,-7.3,21.96894262337726,0,[],0.09943032264709473,0.05051565170288086,0.050492286682128906,0.05675101280212402,0.0007331371307373047
20250724_023306_459,7,27,27,-7.3,19.609922375524647,-82.91327476501465,-82.91327476501465,0.10371923446655273,0.2612743377685547,27,27,OffsetFailed,2,27,-7.3,19.60262664348113,0,[],0.10339474678039551,0.05059194564819336,0.05044698715209961,0.05673813819885254,0.0007131099700927734
20250724_023306_826,7,27,27,-7.3,19.418627451629533,-82.72623863220215,-82.72623863220215,0.1030280590057373,0.26086926460266113,27,27,OffsetFailed,2,27,-7.3,19.73577421149855,0,[],0.10272216796875,0.05047607421875,0.050432682037353516,0.056710004806518555,0.0006926059722900391
20250724_023307_191,7,26,26,-8.7,22.887086422608434,-79.58393096923828,-79.58393096923828,0.10303115844726562,0.2617456912994385,26,26,OffsetFailed,2,26,-8.7,23.07424810818746,0,[],0.10268282890319824,0.05050015449523926,0.05053400993347168,0.05681252479553223,0.0009150505065917969
20250724_023307_558,7,NO_RADIO,26,-8.7,23.110902757297154,-79.5689151763916,-79.5689151763916,0.10130882263183594,0.15885686874389648,26,,CenterFallback,1,32,0,,,[],0.10093450546264648,0.05061054229736328,0.05050039291381836,0.05669569969177246,0.0009891986846923828
20250724_023307_821,7,NO_RADIO,26,-8.7,23.101506843711718,-79.39559173583984,-79.39559173583984,0.10269546508789062,0.10205507278442383,26,,CenterFallback,1,32,0,,,[],0.1023855209350586,0.05047345161437988,0.050451040267944336,0.00039768218994140625,0.0006899833679199219
20250724_023308_027,7,26,26,-8.7,23.2126964672661,-79.51498451232911,-79.51498451232911,0.10314750671386719,0.26114535331726074,26,26,OffsetFailed,2,26,-8.7,23.025366727172155,0,[],0.10279202461242676,0.05052304267883301,0.05045151710510254,0.05673718452453613,0.0007088184356689453
20250724_023308_393,8,27,27,-7.3,17.54568882211808,-82.10531883239746,-82.10531883239746,0.1005091667175293,0.2609248161315918,27,27,OffsetFailed,2,26,-8.7,19.541550839123516,-1,[],0.10022640228271484,0.050466060638427734,0.05046415328979492,0.056725263595581055,0.0006809234619140625
20250724_023308_756,8,25,25,-10.2,23.827706605993384,-78.77711029052735,-78.77711029052735,0.09934067726135254,0.15845704078674316,25,25,YOLO,1,26,-8.7,23.827706605993384,0,[],0.09901547431945801,0.050543785095214844,0.050508737564086914,0.05672574043273926,0.00067138671875
20250724_023309_015,8,25,25,-10.2,23.730862409988504,-78.83501815795898,-78.83501815795898,0.10211801528930664,0.10201573371887207,25,25,YOLO,1,26,-8.7,23.730862409988504,0,[],0.10180163383483887,0.05040431022644043,0.050490379333496094,0.000400543212890625,0.0007138252258300781
20250724_023309_221,8,25,25,-10.2,23.893880197385855,-78.64514236450195,-78.64514236450195,0.10039210319519043,0.15845704078674316,25,25,YOLO,1,26,-8.7,23.893880197385855,0,[],0.1000666618347168,0.050551652908325195,0.050522804260253906,0.05671048164367676,0.00066375732421875
20250724_023309_482,8,25,25,-10.2,23.766781772803228,-78.85237884521484,-78.85237884521484,0.10103940963745117,0.10205197334289551,25,25,YOLO,1,26,-8.7,23.766781772803228,0,[],0.10068249702453613,0.05046868324279785,0.05047941207885742,0.00040459632873535156,0.0006930828094482422
20250724_023309_686,8,25,25,-10.2,23.89482918633908,-78.79393577575684,-78.79393577575684,0.0999755859375,0.15841293334960938,25,25,YOLO,1,26,-8.7,23.89482918633908,0,[],0.0996243953704834,0.05044698715209961,0.05048704147338867,0.056777238845825195,0.0006947517395019531
20250724_023309_946,8,25,25,-10.2,23.965759672527454,-78.62098541259766,-78.62098541259766,0.10035276412963867,0.10191941261291504,25,25,YOLO,1,26,-8.7,23.965759672527454,0,[],0.10001444816589355,0.05044054985046387,0.05040454864501953,0.00040435791015625,0.0006647109985351562
20250724_023310_150,8,25,25,-10.2,23.84437582456573,-78.68999328613282,-78.68999328613282,0.10158419609069824,0.15835928916931152,25,25,YOLO,1,26,-8.7,23.84437582456573,0,[],0.10125255584716797,0.05044913291931152,0.05048966407775879,0.05674576759338379,0.000667572021484375
20250724_023310_412,9,25,25,-10.2,23.97792638411036,-78.6820167541504,-78.6820167541504,0.10414266586303711,0.10201025009155273,25,25,YOLO,1,26,-8.7,23.97792638411036,0,[],0.10387778282165527,0.05050015449523926,0.05042552947998047,0.0003933906555175781,0.0006842613220214844
20250724_023310_619,9,25,25,-10.2,22.30080424037071,-80.55291213989258,-80.55291213989258,0.10164022445678711,0.2609977722167969,25,25,OffsetFailed,2,25,-10.2,22.044996581925147,0,[],0.1013033390045166,0.05048394203186035,0.050478219985961914,0.05673933029174805,0.0007004737854003906
20250724_023310_984,9,25,25,-10.2,22.406816598626648,-80.11999626159668,-80.11999626159668,0.09330868721008301,0.26102232933044434,25,25,OffsetFailed,2,25,-10.2,22.406821147525775,0,[],0.09296774864196777,0.050496816635131836,0.05048942565917969,0.056760311126708984,0.0006844997406005859
20250724_023311_340,9,25,25,-10.2,22.462969726906664,-80.30971298217773,-80.30971298217773,0.10030174255371094,0.26102471351623535,25,25,OffsetFailed,2,25,-10.2,22.285775892331785,0,[],0.09998631477355957,0.05047273635864258,0.05045628547668457,0.056749582290649414,0.0007152557373046875
20250724_023311_703,9,25,25,-10.2,22.33585222044826,-80.19886741638183,-80.19886741638183,0.1012117862701416,0.2610797882080078,25,25,OffsetFailed,2,25,-10.2,22.29942371035787,0,[],0.10087919235229492,0.05048799514770508,0.05050921440124512,0.05676531791687012,0.0007195472717285156
20250724_023312_067,9,NO_RADIO,25,-10.2,22.38200119799832,-80.30140686035156,-80.30140686035156,0.09592413902282715,0.1584317684173584,25,,CenterFallback,1,32,0,,,[],0.0955972671508789,0.05044674873352051,0.05046391487121582,0.056730031967163086,0.0007398128509521484
20250724_023312_322,10,24,24,-11.6,22.485283325923632,-80.9262924194336,-80.9262924194336,0.10336804389953613,0.26953935623168945,24,24,OffsetFailed,2,24,-11.6,21.695127444418446,0,[],0.1030588150024414,0.050460100173950195,0.050496578216552734,0.0004038810729980469,0.0006985664367675781
20250724_023312_697,10,NO_RADIO,24,-11.6,21.520153916663233,-81.13222923278809,-81.13222923278809,0.10208725929260254,0.10219883918762207,24,,CenterFallback,1,32,0,,,[],0.10169267654418945,0.05053901672363281,0.05050253868103027,0.0004029273986816406,0.0007131099700927734
20250724_023312_903,10,NO_RADIO,24,-11.6,21.841192426789988,-80.67175827026367,-80.67175827026367,0.10182046890258789,0.15850353240966797,24,,CenterFallback,1,32,0,,,[],0.10149908065795898,0.05045628547668457,0.05051064491271973,0.056752920150756836,0.0007314682006835938
20250724_023313_165,10,NO_RADIO,24,-11.6,21.812208155989566,-80.74870300292969,-80.74870300292969,0.10166645050048828,0.10220146179199219,24,,CenterFallback,1,32,0,,,[],0.10133028030395508,0.05046486854553223,0.050504207611083984,0.00043010711669921875,0.0007562637329101562
20250724_023313_370,10,NO_RADIO,24,-11.6,21.26699905581745,-81.35522117614747,-81.35522117614747,0.09877157211303711,0.15886926651000977,24,,CenterFallback,1,32,0,,,[],0.0984504222869873,0.05047416687011719,0.05048418045043945,0.05678963661193848,0.0010466575622558594
20250724_023313_631,10,NO_RADIO,24,-11.6,21.485180542913483,-81.12252044677734,-81.12252044677734,0.10299205780029297,0.10208940505981445,24,,CenterFallback,1,32,0,,,[],0.10235714912414551,0.050499677658081055,0.0504763126373291,0.00040149688720703125,0.0006766319274902344
20250724_023313_837,10,NO_RADIO,24,-11.6,21.377977757663217,-81.27901802062988,-81.27901802062988,0.1025393009185791,0.15846657752990723,24,,CenterFallback,1,32,0,,,[],0.10219168663024902,0.050481557846069336,0.05047941207885742,0.05675101280212402,0.0007028579711914062
20250724_023314_100,10,NO_RADIO,24,-11.6,21.48509169262114,-81.10599861145019,-81.10599861145019,0.1012115478515625,0.10202193260192871,24,,CenterFallback,1,32,0,,,[],0.10090494155883789,0.05044436454772949,0.0504453182220459,0.0003981590270996094,0.0006961822509765625
20250724_023314_305,11,24,24,-11.6,20.812028097822378,-82.8560905456543,-82.8560905456543,0.10342240333557129,0.26111292839050293,24,24,OffsetFailed,2,24,-11.6,19.758157681887084,0,[],0.10307717323303223,0.05050969123840332,0.05038881301879883,0.056745052337646484,0.0007214546203613281
20250724_023314_671,11,24,24,-11.6,19.78481735350647,-82.77564849853516,-82.77564849853516,0.10250544548034668,0.26118969917297363,24,24,OffsetFailed,2,24,-11.6,19.866963369669236,0,[],0.10217142105102539,0.05047416687011719,0.050513267517089844,0.0567476749420166,0.0007343292236328125
20250724_023315_036,11,24,24,-11.6,19.53908584865924,-82.96719665527344,-82.96719665527344,0.10126209259033203,0.2609386444091797,24,24,OffsetFailed,2,24,-11.6,19.511341108860847,0,[],0.10094976425170898,0.05046391487121582,0.05043315887451172,0.05672097206115723,0.0006873607635498047
20250724_023315_400,11,24,24,-11.6,19.25096648003344,-83.23118476867675,-83.23118476867675,0.10389351844787598,0.26098179817199707,24,24,OffsetFailed,2,24,-11.6,19.29973350174508,0,[],0.10356903076171875,0.050458669662475586,0.05050349235534668,0.05677390098571777,0.0006983280181884766
20250724_023315_766,11,24,24,-11.6,19.3385939882898,-83.09937438964845,-83.09937438964845,0.09974265098571777,0.26120877265930176,24,24,OffsetFailed,2,24,-11.6,19.36359316727315,0,[],0.09939980506896973,0.05057120323181152,0.050482749938964844,0.056722164154052734,0.0007038116455078125
20250724_023316_129,11,23,23,-13.1,23.129334517962207,-79.34769668579102,-79.34769668579102,0.10245823860168457,0.2610616683959961,23,23,OffsetFailed,2,23,-13.1,23.31111564523762,0,[],0.10213661193847656,0.050478458404541016,0.05042767524719238,0.056740760803222656,0.0007097721099853516
20250724_023316_494,12,23,23,-13.1,21.17986412758006,-81.37775497436523,-81.37775497436523,0.10307884216308594,0.2608678340911865,23,23,OffsetFailed,2,23,-13.1,21.25534229826262,0,[],0.10271573066711426,0.05046510696411133,0.05046200752258301,0.056722402572631836,0.0006985664367675781
20250724_023316_860,12,23,23,-13.1,21.535525423050686,-80.86975059509277,-80.86975059509277,0.10186958312988281,0.26104283332824707,23,23,OffsetFailed,2,23,-13.1,21.796226442795472,0,[],0.1015470027923584,0.05049943923950195,0.05047607421875,0.05674910545349121,0.0006856918334960938
20250724_023317_224,12,23,23,-13.1,21.876273921126028,-80.56137275695801,-80.56137275695801,0.0900270938873291,0.26102471351623535,23,23,OffsetFailed,2,23,-13.1,21.982601503405462,0,[],0.08968186378479004,0.05046200752258301,0.05048537254333496,0.056722402572631836,0.0007164478302001953
20250724_023317_577,12,23,23,-13.1,22.064194027984385,-80.52472839355468,-80.52472839355468,0.09906578063964844,0.2611112594604492,23,23,OffsetFailed,2,23,-13.1,22.084099918016122,0,[],0.09875726699829102,0.050516366958618164,0.05043315887451172,0.05672287940979004,0.0007114410400390625
20250724_023317_939,12,23,23,-13.1,21.559298553332567,-80.8168170928955,-80.8168170928955,0.10186123847961426,0.26090431213378906,23,23,OffsetFailed,2,23,-13.1,21.780119135208793,0,[],0.10156846046447754,0.05045723915100098,0.05045437812805176,0.05674338340759277,0.0007119178771972656
20250724_023318_303,13,23,23,-13.1,21.69912793655493,-82.7613021850586,-82.7613021850586,0.10204648971557617,0.26089048385620117,23,23,OffsetFailed,2,23,-13.1,19.794860557040707,0,[],0.10172629356384277,0.05045294761657715,0.05045652389526367,0.056696414947509766,0.0007061958312988281
20250724_023318_668,13,23,23,-13.1,19.187342530899954,-83.19755744934082,-83.19755744934082,0.1027522087097168,0.26100683212280273,23,23,OffsetFailed,2,23,-13.1,19.35321696730776,0,[],0.10245108604431152,0.05041861534118652,0.0504763126373291,0.056780099868774414,0.0007309913635253906
20250724_023319_033,13,22,22,-14.5,22.331980475546217,-80.08413162231446,-80.08413162231446,0.10132741928100586,0.2610170841217041,22,22,OffsetFailed,2,22,-14.5,22.4217800968693,0,[],0.1009831428527832,0.0504763126373291,0.05046892166137695,0.056731462478637695,0.0007119178771972656
20250724_023319_397,13,22,22,-14.5,22.712087259628134,-79.84274635314941,-79.84274635314941,0.10286474227905273,0.2609696388244629,22,22,OffsetFailed,2,22,-14.5,22.660707760700234,0,[],0.10254192352294922,0.05046725273132324,0.050450801849365234,0.056786298751831055,0.0007045269012451172
20250724_023319_763,13,NO_RADIO,22,-14.5,22.625818960363475,-79.99883766174317,-79.99883766174317,0.10512518882751465,0.1585369110107422,22,,CenterFallback,1,32,0,,,[],0.10483002662658691,0.050530195236206055,0.050501108169555664,0.05676603317260742,0.0006873607635498047
20250724_023320_028,13,NO_RADIO,22,-14.5,22.582996322851642,-80.09078330993653,-80.09078330993653,0.10535192489624023,0.10212206840515137,22,,CenterFallback,1,32,0,,,[],0.10504937171936035,0.050484418869018555,0.050499916076660156,0.0004012584686279297,0.0006937980651855469
20250724_023320_237,14,22,22,-14.5,22.319117168805178,-82.77844505310058,-82.77844505310058,0.10240697860717773,0.2614479064941406,22,22,OffsetFailed,2,22,-14.5,19.818776361829578,0,[],0.10208845138549805,0.050467729568481445,0.05054044723510742,0.05675172805786133,0.0007185935974121094
20250724_023320_603,14,22,22,-14.5,21.13256971784014,-81.26284408569336,-81.26284408569336,0.0998232364654541,0.26454639434814453,22,22,OffsetFailed,2,22,-14.5,21.26103123591008,0,[],0.09949517250061035,0.05045294761657715,0.05057096481323242,0.05680418014526367,0.0008847713470458984
20250724_023320_969,14,21,21,-16.0,24.036440472832624,-78.49310913085938,-78.49310913085938,0.10205841064453125,0.15846681594848633,21,21,YOLO,1,22,-14.5,24.036440472832624,0,[],0.10171842575073242,0.05045151710510254,0.050531625747680664,0.056733131408691406,0.0007433891296386719
20250724_023321_231,14,22,22,-14.5,23.985750782126402,-78.67916107177734,-78.67916107177734,0.09974789619445801,0.10200214385986328,22,22,YOLO,1,22,-14.5,23.985750782126402,0,[],0.0994255542755127,0.05047488212585449,0.050482988357543945,0.00039649009704589844,0.0006420612335205078
20250724_023321_434,14,22,22,-14.5,20.304329079139833,-82.31903076171875,-82.31903076171875,0.0991826057434082,0.26099705696105957,22,22,OffsetFailed,2,22,-14.5,20.228879983986317,0,[],0.0988302230834961,0.050467491149902344,0.05049729347229004,0.05676841735839844,0.0007109642028808594
20250724_023321_796,14,21,21,-16.0,23.297555254113192,-79.1977767944336,-79.1977767944336,0.1264207363128662,0.2610154151916504,21,21,OffsetFailed,2,21,-16.0,23.43717544104166,0,[],0.12609171867370605,0.050496578216552734,0.05040431022644043,0.05680251121520996,0.0007736682891845703
20250724_023322_185,15,22,22,-14.5,20.19905622974396,-82.40545120239258,-82.40545120239258,0.10149145126342773,0.2611081600189209,22,22,OffsetFailed,2,22,-14.5,20.136478200111526,0,[],0.1011648178100586,0.05045342445373535,0.05047273635864258,0.05680966377258301,0.0007915496826171875
20250724_023322_549,15,21,21,-16.0,22.168507244277933,-80.34347534179688,-80.34347534179688,0.09998726844787598,0.2611420154571533,21,21,OffsetFailed,2,21,-16.0,22.152464550539875,0,[],0.09966087341308594,0.050472259521484375,0.05048871040344238,0.056757450103759766,0.0007214546203613281
20250724_023322_912,15,21,21,-16.0,21.836769921886543,-81.2013053894043,-81.2013053894043,0.10324645042419434,0.26096487045288086,21,21,OffsetFailed,2,21,-16.0,21.381921091893076,0,[],0.1029062271118164,0.050429582595825195,0.050496816635131836,0.05675840377807617,0.0006742477416992188
20250724_023323_278,15,21,21,-16.0,22.718037939753074,-79.88270568847656,-79.88270568847656,0.10192704200744629,0.26095128059387207,21,21,OffsetFailed,2,21,-16.0,22.719021517591514,0,[],0.10158777236938477,0.05046391487121582,0.05047750473022461,0.05671954154968262,0.0007176399230957031
20250724_023323_642,15,21,21,-16.0,22.87454971410405,-79.48842277526856,-79.48842277526856,0.1012260913848877,0.26195788383483887,21,21,OffsetFailed,2,21,-16.0,22.918090746817455,0,[],0.10088253021240234,0.05051445960998535,0.050444602966308594,0.0567326545715332,0.0007214546203613281
20250724_023324_007,15,21,21,-16.0,22.515824420992928,-79.91754150390625,-79.91754150390625,0.10411190986633301,0.2611360549926758,21,21,OffsetFailed,2,21,-16.0,22.624044629079222,0,[],0.10381007194519043,0.05045437812805176,0.05047440528869629,0.05677342414855957,0.0007238388061523438
20250724_023324_374,16,21,21,-16.0,20.326710065415128,-82.06377754211427,-82.06377754211427,0.10374045372009277,0.2608928680419922,21,21,OffsetFailed,2,21,-16.0,20.472493626118563,0,[],0.10341596603393555,0.05046224594116211,0.050466299057006836,0.056771039962768555,0.0006711483001708984
20250724_023324_740,16,20,20,-17.4,21.99906330275175,-80.49375,-80.49375,0.10142397880554199,0.26103687286376953,20,20,OffsetFailed,2,20,-17.4,22.092003194283834,0,[],0.10109233856201172,0.050536155700683594,0.05048680305480957,0.05674552917480469,0.0006930828094482422
20250724_023325_105,16,20,20,-17.4,22.383572164488086,-80.30140686035156,-80.30140686035156,0.10232067108154297,0.2612018585205078,20,20,OffsetFailed,2,20,-17.4,22.38463103024462,0,[],0.10198736190795898,0.05043959617614746,0.05049014091491699,0.05678200721740723,0.0007936954498291016
20250724_023325_470,16,20,20,-17.4,22.089805818151746,-80.39999923706054,-80.39999923706054,0.10429763793945312,0.2611064910888672,20,20,OffsetFailed,2,20,-17.4,22.25303663831322,0,[],0.10396480560302734,0.0504612922668457,0.05048036575317383,0.05673694610595703,0.0007174015045166016
20250724_023325_837,16,20,20,-17.4,22.1162141985385,-80.42694091796875,-80.42694091796875,0.10374236106872559,0.26107239723205566,20,20,OffsetFailed,2,20,-17.4,22.24870352010194,0,[],0.10336542129516602,0.050490617752075195,0.05048632621765137,0.05678749084472656,0.0007135868072509766
20250724_023326_203,17,20,20,-17.4,21.73742272755173,-80.56171836853028,-80.56171836853028,0.10288596153259277,0.2611691951751709,20,20,OffsetFailed,2,20,-17.4,22.0448869825631,0,[],0.10255742073059082,0.05047321319580078,0.050481319427490234,0.05679440498352051,0.0007085800170898438
20250724_023326_569,17,20,20,-17.4,20.43973363268742,-82.23380584716797,-82.23380584716797,0.10191941261291504,0.2611732482910156,20,20,OffsetFailed,2,20,-17.4,20.37825848391344,0,[],0.10156512260437012,0.0505070686340332,0.050459861755371094,0.05674433708190918,0.0007016658782958984
20250724_023326_934,17,20,20,-17.4,20.696740984189475,-81.8939968109131,-81.8939968109131,0.1045539379119873,0.26099181175231934,20,20,OffsetFailed,2,20,-17.4,20.650363262449645,0,[],0.1042165756225586,0.05044960975646973,0.050484418869018555,0.05677032470703125,0.0006947517395019531
20250724_023327_301,17,19,19,-18.9,23.431149192810352,-78.95304412841797,-78.95304412841797,0.10158514976501465,0.2640573978424072,19,19,OffsetCorrected,2,19,-18.9,23.705005420636184,0,[],0.101226806640625,0.050463199615478516,0.05045437812805176,0.05675077438354492,0.0007159709930419922
20250724_023327_668,17,19,19,-18.9,24.224522469706855,-78.41110229492188,-78.41110229492188,0.10193061828613281,0.15874791145324707,19,19,YOLO,1,19,-18.9,24.224522469706855,0,[],0.10158991813659668,0.05046701431274414,0.05083799362182617,0.05672717094421387,0.0007081031799316406
20250724_023327_931,17,20,20,-17.4,24.120936959627628,-78.46741523742676,-78.46741523742676,0.10352301597595215,0.10199260711669922,20,20,YOLO,1,19,-18.9,24.120936959627628,0,[],0.10318517684936523,0.05043911933898926,0.050478219985961914,0.00039768218994140625,0.0006718635559082031
20250724_023328_138,18,20,20,-17.4,21.65077987746629,-81.20123863220215,-81.20123863220215,0.10134005546569824,0.26129794120788574,20,20,OffsetFailed,2,20,-17.4,21.350753771415185,0,[],0.10098481178283691,0.05045127868652344,0.05049705505371094,0.056680917739868164,0.000701904296875
20250724_023328_502,18,20,20,-17.4,18.030429090139222,-82.65837364196777,-82.65837364196777,0.10083436965942383,0.26123976707458496,20,20,OffsetFailed,2,19,-18.9,19.18142980594706,-1,[],0.10052227973937988,0.0505373477935791,0.05047774314880371,0.05671381950378418,0.0007138252258300781
20250724_023328_866,18,19,19,-18.9,21.533304221860476,-81.3429946899414,-81.3429946899414,0.10012173652648926,0.2610659599304199,19,19,OffsetFailed,2,19,-18.9,21.40243982940993,0,[],0.0997319221496582,0.05047965049743652,0.05053997039794922,0.056738853454589844,0.0007004737854003906
20250724_023329_229,18,19,19,-18.9,21.21979349760238,-81.14718780517578,-81.14718780517578,0.10134577751159668,0.2617356777191162,19,19,OffsetFailed,2,19,-18.9,21.21451017691571,0,[],0.10097432136535645,0.05047464370727539,0.0504755973815918,0.05673503875732422,0.0007338523864746094
20250724_023329_594,18,19,19,-18.9,21.67634013687025,-80.88945007324219,-80.88945007324219,0.09910941123962402,0.26116132736206055,19,19,OffsetFailed,2,19,-18.9,21.69031554285101,0,[],0.09868454933166504,0.05050063133239746,0.05048489570617676,0.05677390098571777,0.0007166862487792969
20250724_023329_956,18,18,18,-20.3,24.147228407939394,-78.46780815124512,-78.46780815124512,0.1016697883605957,0.15843510627746582,18,18,YOLO,1,19,-18.9,24.147228407939394,0,[],0.10134458541870117,0.05047869682312012,0.0504918098449707,0.056757211685180664,0.0007014274597167969
20250724_023330_218,18,18,18,-20.3,24.286256649860803,-78.25683784484863,-78.25683784484863,0.10087251663208008,0.10208249092102051,18,18,YOLO,1,19,-18.9,24.286256649860803,0,[],0.10054636001586914,0.050446271896362305,0.05047607421875,0.0003991127014160156,0.0007548332214355469
20250724_023330_422,19,18,18,-20.3,22.29184170253157,-80.16340103149415,-80.16340103149415,0.10129857063293457,0.2610621452331543,18,18,OffsetFailed,2,18,-20.3,22.386541566820355,0,[],0.10099077224731445,0.050464630126953125,0.05046892166137695,0.05675673484802246,0.0006754398345947266
20250724_023330_786,19,18,18,-20.3,22.890146042598687,-79.79609069824218,-79.79609069824218,0.10394883155822754,0.2612190246582031,18,18,OffsetFailed,2,18,-20.3,22.728463075501352,0,[],0.10361003875732422,0.050551414489746094,0.05048036575317383,0.05680060386657715,0.0007274150848388672
20250724_023331_153,19,18,18,-20.3,23.115131258550903,-79.46239280700684,-79.46239280700684,0.10211610794067383,0.2616870403289795,18,18,OffsetFailed,2,18,-20.3,23.038502404715672,0,[],0.1017763614654541,0.05045819282531738,0.050467729568481445,0.056780099868774414,0.0007128715515136719
20250724_023331_519,19,18,18,-20.3,23.505706184770332,-79.0554744720459,-79.0554744720459,0.10248565673828125,0.2609591484069824,18,18,OffsetCorrected,2,18,-20.3,23.59907763192828,0,[],0.1021738052368164,0.05046486854553223,0.05044960975646973,0.05679154396057129,0.0006885528564453125
20250724_023331_884,19,18,18,-20.3,23.257771684088084,-79.3734577178955,-79.3734577178955,0.12525653839111328,0.2609524726867676,18,18,OffsetFailed,2,18,-20.3,23.281460274062283,0,[],0.1249077320098877,0.050455331802368164,0.05048346519470215,0.05674171447753906,0.0006937980651855469
20250724_023332_272,20,18,18,-20.3,23.585700274106316,-78.96029548645019,-78.96029548645019,0.0984044075012207,0.15845274925231934,18,18,YOLO,1,18,-20.3,23.585700274106316,0,[],0.09809637069702148,0.05049419403076172,0.05046486854553223,0.05678105354309082,0.0007064342498779297
20250724_023332_530,20,18,18,-20.3,22.444382288231054,-81.16846389770508,-81.16846389770508,0.10119771957397461,0.2693972587585449,18,18,OffsetFailed,2,18,-20.3,21.350500456466662,0,[],0.1008751392364502,0.05046582221984863,0.05047249794006348,0.0003991127014160156,0.0007045269012451172
20250724_023332_902,20,17,17,-21.8,21.27252271806819,-79.08445739746094,-79.08445739746094,0.10066676139831543,0.2677314281463623,17,17,OffsetFailed,2,17,-21.8,23.33676984720934,0,[],0.10033106803894043,0.0504605770111084,0.05046582221984863,0.0004055500030517578,0.0006797313690185547
20250724_023333_272,20,17,17,-21.8,23.357228572791854,-78.93343772888184,-78.93343772888184,0.09881258010864258,0.26975011825561523,17,17,OffsetCorrected,2,17,-21.8,23.721361162282122,0,[],0.09844803810119629,0.050525665283203125,0.05045437812805176,0.0003933906555175781,0.0007014274597167969
20250724_023333_642,20,17,17,-21.8,23.437253980841106,-79.04410514831542,-79.04410514831542,0.10248398780822754,0.2676665782928467,17,17,OffsetFailed,2,17,-21.8,23.49391247883483,0,[],0.10213136672973633,0.0504605770111084,0.05051851272583008,0.0003986358642578125,0.0006804466247558594
20250724_023334_014,20,17,17,-21.8,23.299900476444293,-79.68949699401855,-79.68949699401855,0.10126829147338867,0.26900172233581543,17,17,OffsetFailed,2,17,-21.8,22.877587239486502,0,[],0.10095071792602539,0.050436973571777344,0.05045676231384277,0.0003991127014160156,0.0006592273712158203
20250724_023334_386,21,17,17,-21.8,23.00735479993287,-81.07099761962891,-81.07099761962891,0.10072660446166992,0.2676970958709717,17,17,OffsetFailed,2,17,-21.8,21.581334411338048,0,[],0.10042738914489746,0.050467729568481445,0.050467491149902344,0.00040721893310546875,0.0007798671722412109
20250724_023334_756,21,17,17,-21.8,21.86063677664457,-81.09196548461914,-81.09196548461914,0.10022473335266113,0.2681252956390381,17,17,OffsetFailed,2,17,-21.8,21.47209868898632,0,[],0.09988236427307129,0.050476789474487305,0.05047941207885742,0.0004029273986816406,0.0006978511810302734
20250724_023335_126,21,17,17,-21.8,21.39288635923276,-80.99747009277344,-80.99747009277344,0.10204243659973145,0.2682068347930908,17,17,OffsetFailed,2,17,-21.8,21.576095506243774,0,[],0.10170388221740723,0.05049490928649902,0.050490379333496094,0.00041556358337402344,0.0007977485656738281
20250724_023335_498,21,17,17,-21.8,21.598854827240586,-80.54159317016601,-80.54159317016601,0.10001111030578613,0.2684175968170166,17,17,OffsetFailed,2,17,-21.8,21.922453471385523,0,[],0.09960150718688965,0.05047917366027832,0.050445556640625,0.00037860870361328125,0.0006580352783203125
20250724_023335_868,21,17,17,-21.8,21.98075993614772,-80.48611183166504,-80.48611183166504,0.10128545761108398,0.26892781257629395,17,17,OffsetFailed,2,17,-21.8,22.133926700401148,0,[],0.10093402862548828,0.05047273635864258,0.05047440528869629,0.00040602684020996094,0.0006847381591796875
20250724_023336_240,21,NO_RADIO,17,-21.8,21.03788803586791,-81.5246971130371,-81.5246971130371,0.10136723518371582,0.1022038459777832,17,,CenterFallback,1,32,0,,,[],0.10103416442871094,0.050459861755371094,0.05053877830505371,0.00043964385986328125,0.0007193088531494141
20250724_023336_445,22,17,17,-21.8,18.677104430046185,-83.61242942810058,-83.61242942810058,0.10283970832824707,0.26209235191345215,17,17,OffsetFailed,2,16,-23.2,18.72287945907533,-1,[],0.10250711441040039,0.05057692527770996,0.05053281784057617,0.05676889419555664,0.0010678768157958984
20250724_023336_812,22,16,16,-23.2,21.676080420083053,-80.7796730041504,-80.7796730041504,0.1015779972076416,0.2615845203399658,16,16,OffsetFailed,2,16,-23.2,21.84699688059777,0,[],0.10124731063842773,0.050536155700683594,0.05058431625366211,0.05685734748840332,0.0007460117340087891
20250724_023337_177,22,16,16,-23.2,22.11104189745467,-80.53502655029297,-80.53502655029297,0.103668212890625,0.27541685104370117,16,16,OffsetFailed,2,16,-23.2,21.992081766615016,0,[],0.10329890251159668,0.05057835578918457,0.050565242767333984,0.056739091873168945,0.001062631607055664
20250724_023337_558,22,16,16,-23.2,22.56614361072276,-80.1301643371582,-80.1301643371582,0.09749078750610352,0.26177072525024414,16,16,OffsetFailed,2,16,-23.2,22.524137152921355,0,[],0.09710144996643066,0.05048489570617676,0.050495147705078125,0.05678868293762207,0.0008206367492675781
20250724_023337_919,22,16,16,-23.2,22.025759483749,-80.3157283782959,-80.3157283782959,0.10398173332214355,0.26102542877197266,16,16,OffsetFailed,2,16,-23.2,22.282398938267747,0,[],0.10361170768737793,0.050493478775024414,0.05047106742858887,0.056728363037109375,0.0007047653198242188
20250724_023338_286,23,16,16,-23.2,21.67793445113834,-82.31868362426758,-82.31868362426758,0.1057283878326416,0.26085996627807617,16,16,OffsetFailed,2,16,-23.2,20.13432527274574,0,[],0.10540008544921875,0.05044388771057129,0.05043506622314453,0.0567624568939209,0.0006885528564453125
20250724_023338_654,23,16,16,-23.2,19.703597158016535,-82.78511276245118,-82.78511276245118,0.09992218017578125,0.261183500289917,16,16,OffsetFailed,2,16,-23.2,19.630088858949748,0,[],0.09960293769836426,0.050493717193603516,0.050469398498535156,0.05674409866333008,0.0006978511810302734
20250724_023339_017,23,15,15,-24.7,22.614757901203703,-79.9877555847168,-79.9877555847168,0.10044002532958984,0.2625696659088135,15,15,OffsetFailed,2,15,-24.7,22.53427837663864,0,[],0.10007071495056152,0.05119156837463379,0.05049896240234375,0.05677676200866699,0.0010747909545898438
20250724_023339_382,23,NO_RADIO,15,-24.7,22.78156430609033,-79.79056053161621,-79.79056053161621,0.10033750534057617,0.1585237979888916,15,,CenterFallback,1,32,0,,,[],0.09997677803039551,0.05054211616516113,0.05046725273132324,0.05674386024475098,0.0007064342498779297
20250724_023339_642,23,NO_RADIO,15,-24.7,22.75395852742274,-79.74162559509277,-79.74162559509277,0.10133099555969238,0.10205626487731934,15,,CenterFallback,1,32,0,,,[],0.10101151466369629,0.05047273635864258,0.050436973571777344,0.0004055500030517578,0.0007033348083496094
20250724_023339_847,23,15,15,-24.7,22.63999954278259,-80.11832389831542,-80.11832389831542,0.10199356079101562,0.2613976001739502,15,15,OffsetFailed,2,15,-24.7,22.46519364620734,0,[],0.10164952278137207,0.05045318603515625,0.050481557846069336,0.05672311782836914,0.0006778240203857422
20250724_023340_212,24,15,15,-24.7,22.513101858691584,-79.85824012756348,-79.85824012756348,0.10045981407165527,0.26192402839660645,15,15,OffsetFailed,2,15,-24.7,22.7681209428884,0,[],0.10013508796691895,0.05049395561218262,0.050478219985961914,0.056745290756225586,0.0006923675537109375
20250724_023340_576,24,15,15,-24.7,21.471572506315198,-81.23548316955566,-81.23548316955566,0.10096955299377441,0.26128554344177246,15,15,OffsetFailed,2,15,-24.7,21.331721154779416,0,[],0.10064005851745605,0.05051827430725098,0.05064082145690918,0.056710243225097656,0.0006792545318603516
20250724_023340_940,24,14,14,-26.1,23.94679909866076,-78.70425949096679,-78.70425949096679,0.10092926025390625,0.15836453437805176,14,14,YOLO,1,15,-24.7,23.94679909866076,0,[],0.10055756568908691,0.050469160079956055,0.05044293403625488,0.05675482749938965,0.0006906986236572266
20250724_023341_201,24,14,14,-26.1,24.04249413288997,-78.69025650024415,-78.69025650024415,0.10030579566955566,0.10213708877563477,14,14,YOLO,1,15,-24.7,24.04249413288997,0,[],0.0999903678894043,0.050504207611083984,0.05052328109741211,0.0003991127014160156,0.0007047653198242188
20250724_023341_405,24,15,15,-24.7,20.907997775377964,-81.69675025939941,-81.69675025939941,0.10056805610656738,0.2612178325653076,15,15,OffsetFailed,2,15,-24.7,20.80589578039705,0,[],0.10024905204772949,0.05048346519470215,0.05051827430725098,0.05682730674743652,0.0006742477416992188
20250724_023341_769,24,15,15,-24.7,20.955480734018252,-81.13255882263184,-81.13255882263184,0.10128998756408691,0.26110386848449707,15,15,OffsetFailed,2,15,-24.7,21.331293482364103,0,[],0.10097241401672363,0.050577402114868164,0.050496578216552734,0.05676126480102539,0.000705718994140625
20250724_023342_133,25,15,15,-24.7,22.265584099466864,-80.32016944885254,-80.32016944885254,0.12758660316467285,0.261106014251709,15,15,OffsetFailed,2,15,-24.7,22.241035141971167,0,[],0.12722253799438477,0.05046510696411133,0.050505638122558594,0.05673694610595703,0.0007343292236328125
20250724_023342_523,25,14,14,-26.1,22.655196933794173,-80.02426872253417,-80.02426872253417,0.10424590110778809,0.2611384391784668,14,14,OffsetFailed,2,14,-26.1,22.4973425263711,0,[],0.10391640663146973,0.05045914649963379,0.05049252510070801,0.056726694107055664,0.0007145404815673828
20250724_023342_890,25,14,14,-26.1,22.49277726466299,-80.02037658691407,-80.02037658691407,0.09339332580566406,0.26096582412719727,14,14,OffsetFailed,2,14,-26.1,22.492797178542446,0,[],0.09307718276977539,0.05042314529418945,0.05047416687011719,0.056735992431640625,0.0006937980651855469
20250724_023343_246,25,14,14,-26.1,22.191413386116224,-80.29307174682617,-80.29307174682617,0.10192418098449707,0.2609524726867676,14,14,OffsetFailed,2,14,-26.1,22.242769992163844,0,[],0.10158300399780273,0.0504608154296875,0.0504460334777832,0.05676746368408203,0.0006854534149169922
20250724_023343_611,25,14,14,-26.1,22.452753019407567,-80.12298240661622,-80.12298240661622,0.10269021987915039,0.2616596221923828,14,14,OffsetFailed,2,14,-26.1,22.506883879729543,0,[],0.10231566429138184,0.05069899559020996,0.050505638122558594,0.05680251121520996,0.0007097721099853516
20250724_023343_977,25,14,14,-26.1,23.124135907594464,-79.47685432434082,-79.47685432434082,0.10085368156433105,0.2611124515533447,14,14,OffsetFailed,2,14,-26.1,23.191143531087363,0,[],0.10051393508911133,0.05046796798706055,0.050516366958618164,0.056741952896118164,0.0006999969482421875
20250724_023344_340,26,14,14,-26.1,20.866600322851056,-82.12771224975586,-82.12771224975586,0.1014871597290039,0.26106905937194824,14,14,OffsetFailed,2,14,-26.1,20.3700343782304,0,[],0.10111260414123535,0.05051422119140625,0.05043959617614746,0.05674242973327637,0.000698089599609375
20250724_023344_705,26,NO_RADIO,14,-26.1,19.9650010594671,-82.65330429077149,-82.65330429077149,0.1050407886505127,0.15845918655395508,14,,CenterFallback,1,32,0,,,[],0.10473489761352539,0.05047488212585449,0.050501346588134766,0.05671834945678711,0.0007128715515136719
20250724_023344_970,26,13,13,-27.6,20.489632279422224,-79.6017822265625,-79.6017822265625,0.10259318351745605,0.2679131031036377,13,13,OffsetFailed,2,13,-27.6,23.056624043136793,0,[],0.10225033760070801,0.05049848556518555,0.0504450798034668,0.0003993511199951172,0.0007226467132568359
20250724_023345_342,26,13,13,-27.6,23.080821579568095,-79.57283782958984,-79.57283782958984,0.1007075309753418,0.26938581466674805,13,13,OffsetFailed,2,13,-27.6,23.022096221256078,0,[],0.10035300254821777,0.0504915714263916,0.05046868324279785,0.0004229545593261719,0.0007510185241699219
20250724_023345_714,26,13,13,-27.6,22.810900584506484,-79.85873184204101,-79.85873184204101,0.09946060180664062,0.26836156845092773,13,13,OffsetFailed,2,13,-27.6,22.699597302640825,0,[],0.0991218090057373,0.05057406425476074,0.05050826072692871,0.0004131793975830078,0.0006804466247558594
20250724_023346_084,26,13,13,-27.6,22.68760555634735,-80.07204780578613,-80.07204780578613,0.10274052619934082,0.26964831352233887,13,13,OffsetFailed,2,13,-27.6,22.52799291255596,0,[],0.10244131088256836,0.050492048263549805,0.05048537254333496,0.0004012584686279297,0.0007059574127197266
20250724_023346_458,27,13,13,-27.6,22.755765303280484,-81.64423599243165,-81.64423599243165,0.10383391380310059,0.2685060501098633,13,13,OffsetFailed,2,13,-27.6,21.055634107057443,0,[],0.10349416732788086,0.050470829010009766,0.05050325393676758,0.0004069805145263672,0.0006797313690185547
20250724_023346_832,27,13,13,-27.6,20.939864315537037,-82.42444877624511,-82.42444877624511,0.10201334953308105,0.26845359802246094,13,13,OffsetFailed,2,13,-27.6,20.10236718209714,0,[],0.10170269012451172,0.050467729568481445,0.050455570220947266,0.00039267539978027344,0.0007305145263671875
20250724_023347_204,27,12,12,-29.0,20.12417979120835,-78.86334228515625,-78.86334228515625,0.12195467948913574,0.2682836055755615,12,12,OffsetCorrected,2,12,-29.0,23.901544496691812,0,[],0.12165379524230957,0.05045270919799805,0.050520896911621094,0.00040268898010253906,0.0006921291351318359
20250724_023347_596,27,12,12,-29.0,24.115176777535282,-78.49843864440918,-78.49843864440918,0.10040736198425293,0.10202765464782715,12,12,YOLO,1,12,-29.0,24.115176777535282,0,[],0.10010910034179688,0.05048060417175293,0.05050253868103027,0.00039505958557128906,0.0006442070007324219
20250724_023347_800,27,12,12,-29.0,24.409290730087406,-78.08657836914062,-78.08657836914062,0.10131478309631348,0.15845155715942383,12,12,YOLO,1,12,-29.0,24.409290730087406,0,[],0.10096859931945801,0.050539493560791016,0.05046391487121582,0.056751251220703125,0.0006899833679199219
20250724_023348_061,27,12,12,-29.0,24.336611495636006,-78.22187194824218,-78.22187194824218,0.10308480262756348,0.10206341743469238,12,12,YOLO,1,12,-29.0,24.336611495636006,0,[],0.10275864601135254,0.05044126510620117,0.05053353309631348,0.00039315223693847656,0.0006892681121826172
20250724_023348_268,28,13,13,-27.6,21.117756571461953,-82.57438430786132,-82.57438430786132,0.10242867469787598,0.2611985206604004,13,13,OffsetFailed,2,13,-27.6,19.906136956567664,0,[],0.10208463668823242,0.050473690032958984,0.05047798156738281,0.05668830871582031,0.0006906986236572266
20250724_023348_633,28,11,11,-30.5,23.779796117915254,-78.7695083618164,-78.7695083618164,0.09351754188537598,0.15852975845336914,11,11,YOLO,1,13,-27.6,23.779796117915254,0,[],0.0931696891784668,0.05044817924499512,0.05048012733459473,0.05679893493652344,0.0007946491241455078
20250724_023348_887,28,12,12,-29.0,23.76443617891735,-78.67514457702637,-78.67514457702637,0.09780430793762207,0.10205435752868652,12,12,YOLO,1,13,-27.6,23.76443617891735,0,[],0.09741735458374023,0.050441741943359375,0.05048060417175293,0.00040841102600097656,0.0007169246673583984
20250724_023349_088,28,12,12,-29.0,23.191980881031242,-79.26961364746094,-79.26961364746094,0.10119414329528809,0.2611691951751709,12,12,OffsetFailed,2,12,-29.0,23.279752500060155,0,[],0.10086226463317871,0.050464630126953125,0.050463199615478516,0.05671858787536621,0.0006997585296630859
20250724_023349_452,28,12,12,-29.0,23.70133834340602,-78.90904998779297,-78.90904998779297,0.10059666633605957,0.15836763381958008,12,12,YOLO,1,12,-29.0,23.70133834340602,0,[],0.10022115707397461,0.0504608154296875,0.050467729568481445,0.05675077438354492,0.0006818771362304688
20250724_023349_713,28,12,12,-29.0,23.508609119809023,-78.91249504089356,-78.91249504089356,0.10112452507019043,0.268446683883667,12,12,OffsetCorrected,2,12,-29.0,23.66899712791478,0,[],0.10079717636108398,0.05058693885803223,0.05049920082092285,0.0003886222839355469,0.0006623268127441406
20250724_023350_084,28,12,12,-29.0,23.634624775716418,-78.95064163208008,-78.95064163208008,0.09921073913574219,0.1020350456237793,12,12,YOLO,1,12,-29.0,23.634624775716418,0,[],0.09883832931518555,0.05046987533569336,0.05048060417175293,0.00039505958557128906,0.0006837844848632812
20250724_023350_287,29,11,11,-30.5,23.31189827680481,-79.76091232299805,-79.76091232299805,0.1000821590423584,0.26088738441467285,11,11,OffsetFailed,2,11,-30.5,22.906661177999865,0,[],0.0997765064239502,0.05045056343078613,0.05042099952697754,0.056745290756225586,0.0007328987121582031
20250724_023350_649,29,11,11,-30.5,22.33200728774719,-80.22141952514649,-80.22141952514649,0.10230493545532227,0.26103830337524414,11,11,OffsetFailed,2,11,-30.5,22.265844742668634,0,[],0.1019446849822998,0.05045461654663086,0.050455331802368164,0.056760311126708984,0.0007083415985107422
20250724_023351_014,29,11,11,-30.5,22.581879691523994,-79.72199440002441,-79.72199440002441,0.09917092323303223,0.2610898017883301,11,11,OffsetFailed,2,11,-30.5,22.99459539992054,0,[],0.09884214401245117,0.05048990249633789,0.050445556640625,0.05672311782836914,0.0006985664367675781
20250724_023351_376,29,11,11,-30.5,23.26708344291042,-79.25946350097657,-79.25946350097657,0.10180020332336426,0.26096129417419434,11,11,OffsetFailed,2,11,-30.5,23.24222576090041,0,[],0.10144591331481934,0.050477027893066406,0.050449371337890625,0.05675911903381348,0.0007238388061523438
20250724_023351_741,29,11,11,-30.5,23.18261339826813,-79.57283782958984,-79.57283782958984,0.09944963455200195,0.2610442638397217,11,11,OffsetFailed,2,11,-30.5,23.02006544386225,0,[],0.09911561012268066,0.05047726631164551,0.050481557846069336,0.056731224060058594,0.0006916522979736328
20250724_023352_103,29,11,11,-30.5,23.374367774976122,-79.1384048461914,-79.1384048461914,0.10498476028442383,0.2610914707183838,11,11,OffsetFailed,2,11,-30.5,23.4097820371734,0,[],0.10467338562011719,0.050481319427490234,0.050435781478881836,0.05672574043273926,0.0007157325744628906
20250724_023352_470,30,10,10,-31.9,23.27427371227307,-79.30699920654297,-79.30699920654297,0.101959228515625,0.26100993156433105,10,10,OffsetFailed,2,10,-31.9,23.253075422507905,0,[],0.10164880752563477,0.05044150352478027,0.05043840408325195,0.056745052337646484,0.0006792545318603516
20250724_023352_835,30,10,10,-31.9,23.486304486341837,-79.10964393615723,-79.10964393615723,0.1018214225769043,0.2610008716583252,10,10,OffsetFailed,2,10,-31.9,23.446504045577157,0,[],0.10150146484375,0.050459861755371094,0.050534725189208984,0.056763410568237305,0.0006899833679199219
20250724_023353_199,30,10,10,-31.9,23.604561311429862,-79.1099754333496,-79.1099754333496,0.10039710998535156,0.15843558311462402,10,10,YOLO,1,10,-31.9,23.604561311429862,0,[],0.10007023811340332,0.05047297477722168,0.050508975982666016,0.05676603317260742,0.0006797313690185547
20250724_023353_460,30,10,10,-31.9,23.71856643919709,-78.93783111572266,-78.93783111572266,0.10352158546447754,0.10203003883361816,10,10,YOLO,1,10,-31.9,23.71856643919709,0,[],0.10322856903076172,0.05047965049743652,0.050469398498535156,0.0003981590270996094,0.0006768703460693359
20250724_023353_667,30,11,11,-30.5,20.781723578530347,-81.67873001098633,-81.67873001098633,0.10121536254882812,0.26138854026794434,11,11,OffsetFailed,2,11,-30.5,20.890124850178722,0,[],0.10089445114135742,0.05047011375427246,0.0505070686340332,0.05672287940979004,0.0006945133209228516
20250724_023354_032,30,10,10,-31.9,23.836724219193428,-78.72022590637206,-78.72022590637206,0.10108470916748047,0.15868759155273438,10,10,YOLO,1,11,-30.5,23.836724219193428,0,[],0.1006326675415039,0.05049443244934082,0.05046892166137695,0.056823015213012695,0.0008933544158935547
20250724_023354_293,31,10,10,-31.9,23.93912309526405,-78.6861125946045,-78.6861125946045,0.10228085517883301,0.10227513313293457,10,10,YOLO,1,11,-30.5,23.93912309526405,0,[],0.10193872451782227,0.05048370361328125,0.0505375862121582,0.0004673004150390625,0.0007796287536621094
20250724_023354_500,31,9,9,-33.4,24.07642776805814,-78.42170715332031,-78.42170715332031,0.10153508186340332,0.15866661071777344,9,9,YOLO,1,11,-30.5,24.07642776805814,0,[],0.10117983818054199,0.05052018165588379,0.0505373477935791,0.05681300163269043,0.0007882118225097656
20250724_023354_762,31,9,9,-33.4,24.261728416681123,-78.44436264038086,-78.44436264038086,0.09580230712890625,0.10227131843566895,9,9,YOLO,1,11,-30.5,24.261728416681123,0,[],0.09544086456298828,0.050522565841674805,0.05051612854003906,0.00043511390686035156,0.0007910728454589844
20250724_023354_961,31,10,10,-31.9,21.857874712071606,-80.71975708007812,-80.71975708007812,0.09607815742492676,0.26114535331726074,10,10,OffsetFailed,2,10,-31.9,21.894951066561532,0,[],0.09570097923278809,0.05052924156188965,0.05050253868103027,0.05673503875732422,0.0007028579711914062
20250724_023355_320,31,10,10,-31.9,21.984360447660293,-80.90253143310547,-80.90253143310547,0.10300016403198242,0.2610056400299072,10,10,OffsetFailed,2,10,-31.9,21.676663560234957,0,[],0.1026601791381836,0.05047321319580078,0.050487518310546875,0.05673027038574219,0.0007150173187255859
20250724_023355_686,31,10,10,-31.9,21.917920570783522,-80.65882301330566,-80.65882301330566,0.10192251205444336,0.2609565258026123,10,10,OffsetFailed,2,10,-31.9,21.73745782860931,0,[],0.10154271125793457,0.05046486854553223,0.05048656463623047,0.05673789978027344,0.0006959438323974609
20250724_023356_050,31,10,10,-31.9,21.756261372670608,-80.8168170928955,-80.8168170928955,0.10247254371643066,0.26189422607421875,10,10,OffsetFailed,2,10,-31.9,21.717211432510425,0,[],0.10213804244995117,0.05046343803405762,0.050469160079956055,0.05672430992126465,0.0006816387176513672
20250724_023356_416,32,9,9,-33.4,23.1951191353878,-79.39559173583984,-79.39559173583984,0.10179638862609863,0.26104164123535156,9,9,OffsetFailed,2,9,-33.4,23.135935918197234,0,[],0.10147786140441895,0.05050992965698242,0.050462961196899414,0.05676078796386719,0.0007417201995849609
20250724_023356_781,32,9,9,-33.4,23.27342781579577,-79.39559173583984,-79.39559173583984,0.09919977188110352,0.2610177993774414,9,9,OffsetFailed,2,9,-33.4,23.22435956025224,0,[],0.0988926887512207,0.05049252510070801,0.05045199394226074,0.056732177734375,0.0007038116455078125
20250724_023357_143,32,9,9,-33.4,23.312915714424804,-79.04745216369629,-79.04745216369629,0.10228419303894043,0.2609996795654297,9,9,OffsetFailed,2,9,-33.4,23.490293744608692,0,[],0.10197806358337402,0.0504763126373291,0.05045294761657715,0.05670905113220215,0.0006740093231201172
20250724_023357_507,32,9,9,-33.4,23.841508403093755,-78.80254287719727,-78.80254287719727,0.10222649574279785,0.1585526466369629,9,9,YOLO,1,9,-33.4,23.841508403093755,0,[],0.10189008712768555,0.0506291389465332,0.05043745040893555,0.05675554275512695,0.0007245540618896484
20250724_023357_770,32,9,9,-33.4,23.680019037187463,-78.79385833740234,-78.79385833740234,0.10057926177978516,0.10243415832519531,9,9,YOLO,1,9,-33.4,23.680019037187463,0,[],0.10023784637451172,0.050487518310546875,0.05048322677612305,0.000629425048828125,0.000827789306640625
20250724_023357_975,32,9,9,-33.4,23.744766761303268,-78.82820892333984,-78.82820892333984,0.10185599327087402,0.1584486961364746,9,9,YOLO,1,9,-33.4,23.744766761303268,0,[],0.10150861740112305,0.05045962333679199,0.05048823356628418,0.05677390098571777,0.0007205009460449219
20250724_023358_236,32,9,9,-33.4,23.783427446042452,-78.81431350708007,-78.81431350708007,0.10310244560241699,0.10204195976257324,9,9,YOLO,1,9,-33.4,23.783427446042452,0,[],0.1027841567993164,0.050477027893066406,0.05047440528869629,0.0003840923309326172,0.0007004737854003906
20250724_023358_443,33,8,8,-34.8,23.265283966978913,-79.25899200439453,-79.25899200439453,0.0958104133605957,0.26105475425720215,8,8,OffsetFailed,2,8,-34.8,23.37074830667889,0,[],0.09552812576293945,0.050452232360839844,0.050484418869018555,0.0567631721496582,0.0007250308990478516
20250724_023358_802,33,8,8,-34.8,23.143059337123205,-79.51325225830078,-79.51325225830078,0.1035928726196289,0.26123547554016113,8,8,OffsetFailed,2,8,-34.8,23.046231561159033,0,[],0.10326433181762695,0.05046415328979492,0.05048108100891113,0.056777238845825195,0.0006883144378662109
20250724_023359_168,33,8,8,-34.8,23.1778933612851,-79.3740291595459,-79.3740291595459,0.10188436508178711,0.2613201141357422,8,8,OffsetFailed,2,8,-34.8,23.203296953133176,0,[],0.1015617847442627,0.05045652389526367,0.05055093765258789,0.05675625801086426,0.00070953369140625
20250724_023359_533,33,8,8,-34.8,22.808253957537488,-79.82754516601562,-79.82754516601562,0.10261130332946777,0.2610762119293213,8,8,OffsetFailed,2,8,-34.8,22.896546966694643,0,[],0.10224413871765137,0.050487518310546875,0.050487518310546875,0.05674123764038086,0.0006799697875976562
20250724_023359_898,33,8,8,-34.8,23.190261881618,-79.29252433776855,-79.29252433776855,0.10338020324707031,0.2610955238342285,8,8,OffsetFailed,2,8,-34.8,23.15632807647492,0,[],0.10305118560791016,0.05046200752258301,0.0505061149597168,0.05674242973327637,0.0007193088531494141
20250724_023400_264,34,8,8,-34.8,23.491280289524482,-80.48845291137695,-80.48845291137695,0.10089325904846191,0.26107144355773926,8,8,OffsetFailed,2,8,-34.8,22.073718872304227,0,[],0.10052609443664551,0.05049633979797363,0.050469398498535156,0.05674386024475098,0.0007224082946777344
20250724_023400_628,34,7,7,-36.3,24.38133012179071,-78.20620727539062,-78.20620727539062,0.10381937026977539,0.15842342376708984,7,7,YOLO,1,8,-34.8,24.38133012179071,0,[],0.10346388816833496,0.05051088333129883,0.05047941207885742,0.05673027038574219,0.0006954669952392578
20250724_023400_892,34,7,7,-36.3,24.29468429764613,-78.37102508544922,-78.37102508544922,0.10483646392822266,0.10199570655822754,7,7,YOLO,1,8,-34.8,24.29468429764613,0,[],0.1044609546661377,0.0504608154296875,0.05045175552368164,0.0003974437713623047,0.00067901611328125
20250724_023401_100,34,7,7,-36.3,24.53743885701617,-78.00798034667969,-78.00798034667969,0.10313701629638672,0.15845847129821777,7,7,YOLO,1,8,-34.8,24.53743885701617,0,[],0.10281562805175781,0.05045819282531738,0.05047893524169922,0.056786537170410156,0.0007271766662597656
20250724_023401_364,34,8,8,-34.8,24.633861927828917,-78.0195125579834,-78.0195125579834,0.10341763496398926,0.1022176742553711,8,8,YOLO,1,8,-34.8,24.633861927828917,0,[],0.10307121276855469,0.05053234100341797,0.05051732063293457,0.0004239082336425781,0.0007374286651611328
20250724_023401_571,34,8,8,-34.8,22.29128104617655,-80.19807205200195,-80.19807205200195,0.10203742980957031,0.26181697845458984,8,8,OffsetFailed,2,8,-34.8,22.28377972622978,0,[],0.10166025161743164,0.05051088333129883,0.0510251522064209,0.05674457550048828,0.0007221698760986328
20250724_023401_937,34,8,8,-34.8,22.083026998692617,-80.67532806396484,-80.67532806396484,0.10066580772399902,0.26157712936401367,8,8,OffsetFailed,2,8,-34.8,21.80905690131698,0,[],0.10031723976135254,0.05047941207885742,0.0504763126373291,0.05680227279663086,0.0007009506225585938
20250724_023402_301,35,8,8,-34.8,20.538206966839795,-82.19842948913575,-82.19842948913575,0.10233426094055176,0.26122045516967773,8,8,OffsetFailed,2,8,-34.8,20.41313252886323,0,[],0.1018209457397461,0.05047464370727539,0.05046868324279785,0.05674123764038086,0.0007233619689941406
20250724_023402_666,35,7,7,-36.3,23.174335488049707,-79.34012603759766,-79.34012603759766,0.10154557228088379,0.26101231575012207,7,7,OffsetFailed,2,7,-36.3,23.31663930702517,0,[],0.10120248794555664,0.05047154426574707,0.05045294761657715,0.05675816535949707,0.0007371902465820312
20250724_023403_030,35,7,7,-36.3,23.21553790614537,-79.2904052734375,-79.2904052734375,0.10259556770324707,0.26177334785461426,7,7,OffsetFailed,2,7,-36.3,23.25248190974702,0,[],0.10228991508483887,0.050469160079956055,0.050565481185913086,0.05671501159667969,0.0007848739624023438
20250724_023403_397,35,7,7,-36.3,23.124897080053714,-79.63302116394043,-79.63302116394043,0.10219931602478027,0.2610201835632324,7,7,OffsetFailed,2,7,-36.3,23.01085107552386,0,[],0.10183024406433105,0.05046391487121582,0.05049777030944824,0.05672717094421387,0.0007109642028808594
20250724_023403_761,35,7,7,-36.3,23.349834535008412,-79.31452255249023,-79.31452255249023,0.10207962989807129,0.26162290573120117,7,7,OffsetFailed,2,7,-36.3,23.249058264587248,0,[],0.10173487663269043,0.05052042007446289,0.050681352615356445,0.056726932525634766,0.0007507801055908203
20250724_023404_127,35,7,7,-36.3,23.697378406929076,-78.80200271606445,-78.80200271606445,0.09986734390258789,0.15848946571350098,7,7,YOLO,1,7,-36.3,23.697378406929076,0,[],0.0995035171508789,0.050447940826416016,0.05045962333679199,0.05672645568847656,0.0008475780487060547
20250724_023404_387,36,6,6,-37.7,23.723855406003054,-78.83486251831054,-78.83486251831054,0.10137605667114258,0.10208511352539062,6,6,YOLO,1,7,-36.3,23.723855406003054,0,[],0.10106945037841797,0.05050492286682129,0.05050396919250488,0.00039887428283691406,0.0006721019744873047
20250724_023404_592,36,6,6,-37.7,23.396158373386868,-79.25178527832031,-79.25178527832031,0.10056710243225098,0.2611563205718994,6,6,OffsetFailed,2,6,-37.7,23.422203632092774,0,[],0.10023212432861328,0.05046248435974121,0.05045914649963379,0.05676579475402832,0.0007162094116210938
20250724_023404_955,36,6,6,-37.7,23.18216513834514,-79.3875774383545,-79.3875774383545,0.10308432579040527,0.2610478401184082,6,6,OffsetFailed,2,6,-37.7,23.157154977773033,0,[],0.10272955894470215,0.05049014091491699,0.05044722557067871,0.05682182312011719,0.0007026195526123047
20250724_023405_321,36,6,6,-37.7,23.468763738002707,-79.27064781188965,-79.27064781188965,0.10265398025512695,0.26097798347473145,6,6,OffsetFailed,2,6,-37.7,23.39995596183374,0,[],0.10229969024658203,0.05050325393676758,0.050458669662475586,0.05676698684692383,0.0006911754608154297
20250724_023405_686,36,6,6,-37.7,23.496704341482925,-79.12182235717773,-79.12182235717773,0.1019442081451416,0.26099610328674316,6,6,OffsetFailed,2,6,-37.7,23.453373240660767,0,[],0.10155510902404785,0.0504450798034668,0.05047440528869629,0.05675649642944336,0.0007114410400390625
20250724_023406_051,36,6,6,-37.7,23.297786132630264,-79.20327911376953,-79.20327911376953,0.1034696102142334,0.26114511489868164,6,6,OffsetFailed,2,6,-37.7,23.28715347484507,0,[],0.1031351089477539,0.05047893524169922,0.05046367645263672,0.05675458908081055,0.00069427490234375
20250724_023406_417,37,6,6,-37.7,22.720967241570804,-79.93315467834472,-79.93315467834472,0.10187149047851562,0.2610635757446289,6,6,OffsetFailed,2,6,-37.7,22.746812024729962,0,[],0.10153007507324219,0.050464630126953125,0.05052685737609863,0.056767940521240234,0.0007307529449462891
20250724_023406_781,37,5,5,-39.2,23.433125668716784,-79.03210716247558,-79.03210716247558,0.1000368595123291,0.2610280513763428,5,5,OffsetFailed,2,5,-39.2,23.37446288056138,0,[],0.09968924522399902,0.05049252510070801,0.05045175552368164,0.05674433708190918,0.0006999969482421875
20250724_023407_144,37,5,5,-39.2,22.87417814822173,-79.48855819702149,-79.48855819702149,0.10239863395690918,0.2610654830932617,5,5,OffsetFailed,2,5,-39.2,23.146535087885567,0,[],0.10209321975708008,0.05051398277282715,0.05051159858703613,0.05672311782836914,0.0007483959197998047
20250724_023407_509,37,5,5,-39.2,24.17530859301027,-78.32832908630371,-78.32832908630371,0.10289120674133301,0.15838932991027832,5,5,YOLO,1,5,-39.2,24.17530859301027,0,[],0.10258817672729492,0.05047273635864258,0.05046963691711426,0.056757450103759766,0.0006823539733886719
20250724_023407_772,37,5,5,-39.2,24.306656386243972,-78.26899147033691,-78.26899147033691,0.1034398078918457,0.10207939147949219,5,5,YOLO,1,5,-39.2,24.306656386243972,0,[],0.103118896484375,0.05049252510070801,0.05047130584716797,0.0003998279571533203,0.0007092952728271484
20250724_023407_979,37,5,5,-39.2,23.83250817703933,-78.6569766998291,-78.6569766998291,0.10080265998840332,0.15852046012878418,5,5,YOLO,1,5,-39.2,23.83250817703933,0,[],0.10046911239624023,0.050501346588134766,0.05050015449523926,0.05675816535949707,0.0007545948028564453
20250724_023408_241,37,5,5,-39.2,23.664054481793173,-78.95080108642578,-78.95080108642578,0.10156917572021484,0.10210275650024414,5,5,YOLO,1,5,-39.2,23.664054481793173,0,[],0.10122799873352051,0.05048561096191406,0.050507545471191406,0.0004096031188964844,0.0006928443908691406
20250724_023408_446,38,5,5,-39.2,22.069378116824666,-80.43684005737305,-80.43684005737305,0.09785103797912598,0.2615013122558594,5,5,OffsetFailed,2,5,-39.2,21.98817680564268,0,[],0.09749460220336914,0.05050301551818848,0.05067873001098633,0.0567622184753418,0.0007104873657226562
20250724_023408_807,38,5,5,-39.2,22.919987843143815,-79.6089859008789,-79.6089859008789,0.10070538520812988,0.26174211502075195,5,5,OffsetFailed,2,5,-39.2,22.857193566061426,0,[],0.10036778450012207,0.050534725189208984,0.0504908561706543,0.05678057670593262,0.0009989738464355469
20250724_023409_171,38,4,4,-40.6,23.78779247006122,-78.66250991821289,-78.66250991821289,0.10439801216125488,0.15850424766540527,4,4,YOLO,1,5,-39.2,23.78779247006122,0,[],0.10406661033630371,0.05053257942199707,0.05051159858703613,0.05675053596496582,0.0007014274597167969
20250724_023409_436,38,4,4,-40.6,23.661919894583264,-78.87511444091797,-78.87511444091797,0.10006165504455566,0.10210990905761719,4,4,YOLO,1,5,-39.2,23.661919894583264,0,[],0.09966802597045898,0.05053257942199707,0.0504913330078125,0.0004107952117919922,0.0006680488586425781
20250724_023409_639,38,5,5,-39.2,22.56482278270755,-80.11434478759766,-80.11434478759766,0.08729004859924316,0.261091947555542,5,5,OffsetFailed,2,5,-39.2,22.57957279933754,0,[],0.08692502975463867,0.05052971839904785,0.050443172454833984,0.056749820709228516,0.0007727146148681641
20250724_023409_989,38,4,4,-40.6,23.48800194434162,-78.88999710083007,-78.88999710083007,0.0970304012298584,0.26138830184936523,4,4,OffsetCorrected,2,4,-40.6,23.61543757264495,0,[],0.09670615196228027,0.050451040267944336,0.05046701431274414,0.05673980712890625,0.0007028579711914062
20250724_023410_349,39,4,4,-40.6,22.215275217615186,-80.20030250549317,-80.20030250549317,0.10065937042236328,0.2618684768676758,4,4,OffsetFailed,2,4,-40.6,22.31748162811715,0,[],0.10034942626953125,0.05049562454223633,0.05052304267883301,0.05676555633544922,0.0006818771362304688
20250724_023410_714,39,4,4,-40.6,22.277127527223996,-80.26656532287598,-80.26656532287598,0.10432577133178711,0.26207637786865234,4,4,OffsetFailed,2,4,-40.6,22.1923809225038,0,[],0.10395550727844238,0.05051589012145996,0.05050492286682129,0.056794166564941406,0.0010495185852050781
20250724_023411_082,39,4,4,-40.6,21.84561330439753,-80.75790786743164,-80.75790786743164,0.10188722610473633,0.26120781898498535,4,4,OffsetFailed,2,4,-40.6,21.82198357075822,0,[],0.10156106948852539,0.0504918098449707,0.05047202110290527,0.05675625801086426,0.0007154941558837891
20250724_023411_446,39,4,4,-40.6,21.967357919816507,-80.73028945922852,-80.73028945922852,0.10110950469970703,0.26102113723754883,4,4,OffsetFailed,2,4,-40.6,21.979308505206262,0,[],0.10077691078186035,0.05046510696411133,0.05046486854553223,0.05676555633544922,0.0007011890411376953
20250724_023411_810,39,4,4,-40.6,21.965162121335197,-80.70391998291015,-80.70391998291015,0.10019612312316895,0.26111817359924316,4,4,OffsetFailed,2,4,-40.6,21.866966403579198,0,[],0.09985733032226562,0.05048179626464844,0.050581932067871094,0.056746721267700195,0.0007052421569824219
20250724_023412_173,40,4,4,-40.6,22.270780315394376,-80.41258811950684,-80.41258811950684,0.09873795509338379,0.2610328197479248,4,4,OffsetFailed,2,4,-40.6,22.149556187722226,0,[],0.09840989112854004,0.050473690032958984,0.050466060638427734,0.05679154396057129,0.0007092952728271484
20250724_023412_535,40,4,4,-40.6,20.949761792279233,-81.70451354980469,-81.70451354980469,0.09767484664916992,0.2611057758331299,4,4,OffsetFailed,2,4,-40.6,20.848945511885248,0,[],0.09734940528869629,0.05048227310180664,0.05046892166137695,0.05675005912780762,0.0006909370422363281
20250724_023412_895,40,3,3,-42.1,23.06711361143006,-79.39187431335449,-79.39187431335449,0.10140109062194824,0.26108551025390625,3,3,OffsetFailed,2,3,-42.1,23.22508565489835,0,[],0.1010599136352539,0.05048370361328125,0.05050492286682129,0.05672264099121094,0.0007238388061523438
20250724_023413_259,40,3,3,-42.1,23.03708964987038,-79.54390678405761,-79.54390678405761,0.1020040512084961,0.2611048221588135,3,3,OffsetFailed,2,3,-42.1,23.094680340513392,0,[],0.10162854194641113,0.05051398277282715,0.050557851791381836,0.056729793548583984,0.0007140636444091797
20250724_023413_624,40,3,3,-42.1,23.11113241228726,-79.44102363586425,-79.44102363586425,0.10287237167358398,0.2611668109893799,3,3,OffsetFailed,2,3,-42.1,23.139806204971478,0,[],0.10253429412841797,0.05048847198486328,0.0504918098449707,0.05678582191467285,0.0007476806640625
20250724_023413_990,40,3,3,-42.1,23.249104883335008,-79.44187278747559,-79.44187278747559,0.10066533088684082,0.26102280616760254,3,3,OffsetFailed,2,3,-42.1,23.189564403789362,0,[],0.10029053688049316,0.05047869682312012,0.05048537254333496,0.05676698684692383,0.0006992816925048828
20250724_023414_353,41,3,3,-42.1,21.852540884027917,-80.80007057189941,-80.80007057189941,0.10204601287841797,0.2610046863555908,3,3,OffsetFailed,2,3,-42.1,21.77275067962158,0,[],0.10173511505126953,0.05046248435974121,0.05049586296081543,0.0567476749420166,0.0007157325744628906
20250724_023414_718,41,3,3,-42.1,21.842646363630934,-80.73414688110351,-80.73414688110351,0.10122418403625488,0.2614128589630127,3,3,OffsetFailed,2,3,-42.1,21.93092646196203,0,[],0.10087394714355469,0.050478458404541016,0.05048322677612305,0.05713629722595215,0.0006935596466064453
20250724_023415_082,41,2,2,-43.5,22.84838825009885,-79.46698303222657,-79.46698303222657,0.10272955894470215,0.26108646392822266,2,2,OffsetFailed,2,2,-43.5,23.069632804292496,0,[],0.10237002372741699,0.0504610538482666,0.050473928451538086,0.05672192573547363,0.0007364749908447266
20250724_023415_447,41,2,2,-43.5,22.94680586781847,-79.64821510314941,-79.64821510314941,0.10179328918457031,0.26105690002441406,2,2,OffsetFailed,2,2,-43.5,22.932351575022636,0,[],0.10146546363830566,0.05047869682312012,0.05048632621765137,0.056784629821777344,0.0007245540618896484
20250724_023415_812,41,2,2,-43.5,23.331580415205295,-79.15078773498536,-79.15078773498536,0.10785841941833496,0.26096558570861816,2,2,OffsetFailed,2,2,-43.5,23.403180562888735,0,[],0.10756731033325195,0.05046987533569336,0.05047869682312012,0.05675101280212402,0.0006811618804931641
20250724_023416_182,42,2,2,-43.5,22.83655164701031,-79.52040901184083,-79.52040901184083,0.10433673858642578,0.2610960006713867,2,2,OffsetFailed,2,2,-43.5,23.02629335318025,0,[],0.10400938987731934,0.050460100173950195,0.05046844482421875,0.05677080154418945,0.0007596015930175781
20250724_023416_549,42,2,2,-43.5,21.772947032512107,-80.58135223388672,-80.58135223388672,0.10241413116455078,0.26103782653808594,2,2,OffsetFailed,2,2,-43.5,22.021718741073357,0,[],0.10208439826965332,0.05044913291931152,0.050485849380493164,0.056749582290649414,0.0006856918334960938
20250724_023416_914,42,2,2,-43.5,22.06229587343283,-80.09915924072266,-80.09915924072266,0.09813714027404785,0.2610020637512207,2,2,OffsetFailed,2,2,-43.5,22.39815952625976,0,[],0.09774374961853027,0.05047488212585449,0.050513267517089844,0.05673384666442871,0.0007076263427734375
20250724_023417_275,42,2,2,-43.5,22.162312800193007,-80.32016944885254,-80.32016944885254,0.10041403770446777,0.26096439361572266,2,2,OffsetFailed,2,2,-43.5,22.214350034736015,0,[],0.10007786750793457,0.050490617752075195,0.050455331802368164,0.05679678916931152,0.0006878376007080078
20250724_023417_638,42,2,2,-43.5,22.043944172150688,-80.44005088806152,-80.44005088806152,0.10340666770935059,0.26123762130737305,2,2,OffsetFailed,2,2,-43.5,22.140753766497724,0,[],0.10309314727783203,0.05048823356628418,0.05049705505371094,0.05673956871032715,0.0007081031799316406
20250724_023418_004,42,2,2,-43.5,22.369578749134106,-80.32016944885254,-80.32016944885254,0.1056215763092041,0.26099228858947754,2,2,OffsetFailed,2,2,-43.5,22.290541837775564,0,[],0.10530662536621094,0.05050063133239746,0.050467491149902344,0.05672883987426758,0.0006802082061767578
20250724_023418_373,43,2,2,-43.5,20.99177246077977,-81.44023208618164,-81.44023208618164,0.10733985900878906,0.2609982490539551,2,2,OffsetFailed,2,2,-43.5,20.90169718187994,0,[],0.10699653625488281,0.050475358963012695,0.05046248435974121,0.056728363037109375,0.0006952285766601562
20250724_023418_743,43,2,2,-43.5,21.01220260065155,-81.53019828796387,-81.53019828796387,0.09349942207336426,0.26157116889953613,2,2,OffsetFailed,2,2,-43.5,21.010727202059726,0,[],0.09314942359924316,0.050467491149902344,0.050481319427490234,0.05677938461303711,0.0010266304016113281
20250724_023419_099,43,1,1,-45.0,22.31794426932835,-80.1778118133545,-80.1778118133545,0.101806640625,0.2610127925872803,1,1,OffsetFailed,2,1,-45.0,22.317046803474042,0,[],0.10146641731262207,0.05047798156738281,0.050447940826416016,0.05677509307861328,0.0007007122039794922
20250724_023419_464,43,1,1,-45.0,22.671271396455907,-80.02037658691407,-80.02037658691407,0.10032153129577637,0.2612485885620117,1,1,OffsetFailed,2,1,-45.0,22.562151300821085,0,[],0.1000211238861084,0.050481319427490234,0.050489187240600586,0.0567781925201416,0.0006778240203857422
20250724_023419_827,43,1,1,-45.0,22.432930733572547,-80.39743881225586,-80.39743881225586,0.10167813301086426,0.2609710693359375,1,1,OffsetFailed,2,1,-45.0,22.318327312116296,0,[],0.1013174057006836,0.050473690032958984,0.05044889450073242,0.05675959587097168,0.0007131099700927734
20250724_023420_191,43,NO_RADIO,1,-45.0,22.661873770661913,-80.0145492553711,-80.0145492553711,0.10234212875366211,0.15848708152770996,1,,CenterFallback,1,32,0,,,[],0.10202908515930176,0.05046701431274414,0.05045318603515625,0.05677962303161621,0.0007276535034179688
20250724_023420_454,44,NO_RADIO,1,-45.0,22.316931316645935,-80.24215698242188,-80.24215698242188,0.10126996040344238,0.10214829444885254,1,,CenterFallback,1,32,0,,,[],0.10091876983642578,0.05047488212585449,0.05046582221984863,0.0003974437713623047,0.0007369518280029297
20250724_023420_659,44,1,1,-45.0,21.792505288749382,-80.70535278320312,-80.70535278320312,0.10314679145812988,0.261401891708374,1,1,OffsetFailed,2,1,-45.0,21.876476094292997,0,[],0.10285282135009766,0.05050468444824219,0.05050182342529297,0.05678415298461914,0.0009281635284423828
20250724_023421_025,44,1,1,-45.0,21.712347266290266,-80.73487014770508,-80.73487014770508,0.09897708892822266,0.26113367080688477,1,1,OffsetFailed,2,1,-45.0,21.750022923800174,0,[],0.09863162040710449,0.05047154426574707,0.05047106742858887,0.05672121047973633,0.0007517337799072266
20250724_023421_387,44,1,1,-45.0,21.768554847298503,-81.03226928710937,-81.03226928710937,0.10121798515319824,0.2609579563140869,1,1,OffsetFailed,2,1,-45.0,21.522765566464912,0,[],0.10086703300476074,0.05048680305480957,0.05045008659362793,0.05672883987426758,0.0006856918334960938
20250724_023421_750,44,1,1,-45.0,21.399078480903952,-80.92654418945312,-80.92654418945312,0.10112142562866211,0.2628509998321533,1,1,OffsetFailed,2,1,-45.0,21.664958117672683,0,[],0.10079669952392578,0.0504915714263916,0.050479888916015625,0.05671834945678711,0.000701904296875
20250724_023422_116,45,1,1,-45.0,22.315064561885478,-80.27626113891601,-80.27626113891601,0.09912896156311035,0.2613532543182373,1,1,OffsetFailed,2,1,-45.0,22.29170162718917,0,[],0.09881210327148438,0.050485849380493164,0.05050325393676758,0.056731462478637695,0.0008730888366699219
20250724_023422_478,45,1,1,-45.0,20.00473249807372,-82.58886909484863,-82.58886909484863,0.09907817840576172,0.26148152351379395,1,1,OffsetFailed,2,1,-45.0,20.030727712677447,0,[],0.09873080253601074,0.05047297477722168,0.050461530685424805,0.056720733642578125,0.0007226467132568359
20250724_023422_840,45,1,1,-45.0,20.532249993342063,-81.94373741149903,-81.94373741149903,0.10205459594726562,0.26126646995544434,1,1,OffsetFailed,2,1,-45.0,20.681177794342346,0,[],0.10170531272888184,0.050453901290893555,0.050444841384887695,0.05679726600646973,0.0007269382476806641
20250724_023423_205,45,1,1,-45.0,21.40899591587673,-81.04928588867188,-81.04928588867188,0.10347628593444824,0.2609727382659912,1,1,OffsetFailed,2,1,-45.0,21.522429770774934,0,[],0.10316276550292969,0.05048203468322754,0.05045199394226074,0.056749582290649414,0.0006937980651855469
20250724_023423_571,45,1,1,-45.0,21.266798999131623,-81.17526473999024,-81.17526473999024,0.10071921348571777,0.2610616683959961,1,1,OffsetFailed,2,1,-45.0,21.33238651078463,0,[],0.10039401054382324,0.050457000732421875,0.05044150352478027,0.05675768852233887,0.0007054805755615234
20250724_023423_935,45,NO_RADIO,1,-45.0,20.99136679338264,-81.64460754394531,-81.64460754394531,0.10056328773498535,0.15842485427856445,1,,CenterFallback,1,32,0,,,[],0.10025882720947266,0.05047273635864258,0.05048418045043945,0.056711435317993164,0.0007038116455078125
20250724_023424_195,46,1,1,-45.0,21.040026591622606,-83.06591796875,-83.06591796875,0.09883475303649902,0.2689549922943115,1,1,OffsetFailed,2,1,-45.0,19.47793986355468,0,[],0.09849667549133301,0.05048084259033203,0.0504910945892334,0.0004038810729980469,0.0007040500640869141
20250724_023424_565,46,1,1,-45.0,19.034371749223354,-83.87838020324708,-83.87838020324708,0.10102391242980957,0.26924753189086914,1,1,OffsetFailed,2,1,-45.0,18.652958949696142,-1,[],0.10068774223327637,0.05041766166687012,0.05048203468322754,0.0003974437713623047,0.0007326602935791016
20250724_023424_937,46,1,1,-45.0,18.667716131609637,-83.74547119140625,-83.74547119140625,0.1030416488647461,0.26926112174987793,1,1,OffsetFailed,2,1,-45.0,18.80749121484301,-1,[],0.10269427299499512,0.05048394203186035,0.050449371337890625,0.0004260540008544922,0.0007193088531494141
20250724_023425_310,46,1,1,-45.0,18.85786189038069,-83.57259597778321,-83.57259597778321,0.10059499740600586,0.26766204833984375,1,1,OffsetFailed,2,1,-45.0,18.92943395429006,-1,[],0.10027885437011719,0.05046820640563965,0.05046701431274414,0.00040078163146972656,0.0006957054138183594
20250724_023425_680,46,1,1,-45.0,19.0207927187637,-83.44208450317383,-83.44208450317383,0.1008296012878418,0.269559383392334,1,1,OffsetFailed,2,1,-45.0,19.04270764309996,-1,[],0.1004788875579834,0.050452232360839844,0.050505876541137695,0.00040340423583984375,0.0007483959197998047
20250724_023426_052,46,1,1,-45.0,19.152104224215734,-83.37477226257325,-83.37477226257325,0.10305452346801758,0.26935434341430664,1,1,OffsetFailed,2,1,-45.0,19.157848652358595,-1,[],0.10272359848022461,0.050464630126953125,0.05044412612915039,0.00041985511779785156,0.000698089599609375
20250724_023426_426,47,1,1,-45.0,19.117899835792883,-85.11116981506348,-85.11116981506348,0.10288715362548828,0.26943087577819824,1,1,OffsetFailed,2,1,-45.0,17.33225922862006,-1,[],0.10258841514587402,0.05049014091491699,0.05047917366027832,0.0003952980041503906,0.0007281303405761719
20250724_023426_800,47,1,1,-45.0,17.286560831437072,-84.69976043701172,-84.69976043701172,0.09939384460449219,0.2691314220428467,1,1,OffsetFailed,2,1,-45.0,17.872695115996947,-2,[],0.09903788566589355,0.05046415328979492,0.050460100173950195,0.0004017353057861328,0.0007340908050537109
20250724_023427_170,47,1,1,-45.0,18.165302797100836,-84.18990325927734,-84.18990325927734,0.10141730308532715,0.26900291442871094,1,1,OffsetFailed,2,1,-45.0,18.3192436759535,-1,[],0.10103368759155273,0.05048847198486328,0.050481319427490234,0.0004317760467529297,0.0007846355438232422
20250724_023427_542,47,1,1,-45.0,18.318718756280816,-84.29814910888672,-84.29814910888672,0.10149693489074707,0.2688717842102051,1,1,OffsetFailed,2,1,-45.0,18.150761957203443,-1,[],0.10113978385925293,0.05047869682312012,0.05044198036193848,0.0004382133483886719,0.0007071495056152344
20250724_023427_914,47,1,1,-45.0,18.29784094022756,-84.28993225097656,-84.28993225097656,0.10262441635131836,0.2697184085845947,1,1,OffsetFailed,2,1,-45.0,18.25767470610944,-1,[],0.10227417945861816,0.050466299057006836,0.0504307746887207,0.00039696693420410156,0.0006763935089111328
20250724_023428_288,48,NO_RADIO,1,-45.0,18.082436329013333,-84.48800735473633,-84.48800735473633,0.10145688056945801,0.10212397575378418,1,,CenterFallback,1,32,0,,,[],0.10115289688110352,0.0504608154296875,0.0505061149597168,0.0004601478576660156,0.0006587505340576172
20250724_023428_494,48,1,1,-45.0,15.84561382102396,-86.63632087707519,-86.63632087707519,0.10103797912597656,0.26114749908447266,1,1,OffsetFailed,2,1,-45.0,15.73073603866436,-2,[],0.10068774223327637,0.050502777099609375,0.0504610538482666,0.05674862861633301,0.0007369518280029297
20250724_023428_857,48,1,1,-45.0,15.962594175550251,-86.20754623413086,-86.20754623413086,0.10172104835510254,0.2609834671020508,1,1,OffsetFailed,2,1,-45.0,16.088813076480236,-2,[],0.10142326354980469,0.05048036575317383,0.05050396919250488,0.0567166805267334,0.0007143020629882812
20250724_023429_222,48,1,1,-45.0,15.800739917505268,-86.43072509765625,-86.43072509765625,0.10152792930603027,0.2611052989959717,1,1,OffsetFailed,2,1,-45.0,16.011474557952695,-2,[],0.10120844841003418,0.05053353309631348,0.05053544044494629,0.05678534507751465,0.0006988048553466797
20250724_023429_586,48,1,1,-45.0,16.094482780071388,-86.39749946594239,-86.39749946594239,0.10337996482849121,0.26120853424072266,1,1,OffsetFailed,2,1,-45.0,16.083784572114936,-2,[],0.1030876636505127,0.0504307746887207,0.050452232360839844,0.05676460266113281,0.0007581710815429688
20250724_023429_952,48,1,1,-45.0,15.78304622754169,-86.52486610412598,-86.52486610412598,0.10150003433227539,0.2612779140472412,1,1,OffsetFailed,2,1,-45.0,15.823558294597063,-2,[],0.10118865966796875,0.050507545471191406,0.050470590591430664,0.05673027038574219,0.0007472038269042969
20250724_023430_317,49,1,1,-45.0,14.864488825199814,-87.80855674743653,-87.80855674743653,0.10248112678527832,0.2612946033477783,1,1,OffsetFailed,2,1,-45.0,14.509896019628954,-2,[],0.10213541984558105,0.0505831241607666,0.050490617752075195,0.05681967735290527,0.0007050037384033203
20250724_023430_682,49,1,1,-45.0,14.374022062695687,-88.62430152893067,-88.62430152893067,0.10404801368713379,0.2611987590789795,1,1,OffsetFailed,2,1,-45.0,13.87038249479184,-2,[],0.10371923446655273,0.05048179626464844,0.05050373077392578,0.05674910545349121,0.0007786750793457031
20250724_023431_049,49,NO_RADIO,1,-45.0,15.44287892570307,-86.88829803466797,-86.88829803466797,0.09989333152770996,0.1585240364074707,1,,CenterFallback,1,32,0,,,[],0.09956526756286621,0.05046868324279785,0.050512075424194336,0.05677199363708496,0.0007171630859375
20250724_023431_309,49,1,1,-45.0,15.597073616717338,-87.64739990234375,-87.64739990234375,0.09768915176391602,0.2679586410522461,1,1,OffsetFailed,2,1,-45.0,14.80194024360037,-2,[],0.09734344482421875,0.050479888916015625,0.0504605770111084,0.0004000663757324219,0.0007104873657226562
20250724_023431_676,49,1,1,-45.0,14.629849582012895,-87.94153594970703,-87.94153594970703,0.10529375076293945,0.26911330223083496,1,1,OffsetFailed,2,1,-45.0,14.40619603963691,-2,[],0.10497403144836426,0.05045676231384277,0.05047941207885742,0.00039505958557128906,0.0006961822509765625
20250724_023432_052,49,1,1,-45.0,14.319841678507004,-88.16730880737305,-88.16730880737305,0.10367250442504883,0.2688143253326416,1,1,OffsetFailed,2,1,-45.0,14.280907242594296,-2,[],0.10335731506347656,0.05046820640563965,0.05048727989196777,0.00040078163146972656,0.0006978511810302734
20250724_023432_426,50,NO_RADIO,1,-45.0,14.179013669355626,-88.27516517639161,-88.27516517639161,0.09984755516052246,0.10209131240844727,1,,CenterFallback,1,32,0,,,[],0.09952282905578613,0.050493717193603516,0.05046653747558594,0.0003914833068847656,0.0007021427154541016
20250724_023432_630,50,1,1,-45.0,12.524437632185169,-89.74706268310547,-89.74706268310547,0.10677504539489746,0.26102304458618164,1,1,OffsetFailed,2,1,-45.0,12.632887461827153,-2,[],0.10644078254699707,0.050458431243896484,0.05048871040344238,0.05675148963928223,0.0006918907165527344
20250724_023432_999,50,1,1,-45.0,12.066932059743877,-90.0145492553711,-90.0145492553711,0.10035538673400879,0.2610969543457031,1,1,OffsetFailed,2,1,-45.0,12.325270992856701,-2,[],0.10004138946533203,0.05047774314880371,0.0505216121673584,0.056740522384643555,0.0007426738739013672
20250724_023433_363,50,1,1,-45.0,11.853657167715284,-90.41012573242188,-90.41012573242188,0.10094523429870605,0.2610170841217041,1,1,OffsetFailed,2,1,-45.0,11.878173790491957,-2,[],0.1006014347076416,0.050490617752075195,0.05049872398376465,0.05675935745239258,0.0006921291351318359
20250724_023433_726,50,1,1,-45.0,13.032025034813131,-89.26553344726562,-89.26553344726562,0.09919381141662598,0.2609720230102539,1,1,OffsetFailed,2,1,-45.0,13.04307468149483,-2,[],0.09888386726379395,0.05044221878051758,0.05047798156738281,0.056726932525634766,0.0007123947143554688
20250724_023434_088,50,1,1,-45.0,13.202403279370813,-89.13798789978027,-89.13798789978027,0.10087037086486816,0.26094532012939453,1,1,OffsetFailed,2,1,-45.0,13.254411593483425,-2,[],0.10053610801696777,0.05044746398925781,0.050447702407836914,0.05675911903381348,0.0006947517395019531
20250724_023434_452,51,1,1,-45.0,10.887343429166378,-91.19232368469238,-91.19232368469238,0.10113072395324707,0.26157355308532715,1,1,OffsetFailed,2,1,-45.0,10.903473045053403,-2,[],0.10078024864196777,0.050455570220947266,0.05048632621765137,0.05676150321960449,0.0010423660278320312
20250724_023434_816,51,NO_RADIO,1,-45.0,10.831956692697048,-91.4554443359375,-91.4554443359375,0.08789467811584473,0.15842962265014648,1,,CenterFallback,1,32,0,,,[],0.08754944801330566,0.05047249794006348,0.050461769104003906,0.056740760803222656,0.0007045269012451172
20250724_023435_064,51,NO_RADIO,1,-45.0,10.903624323792968,-91.4554443359375,-91.4554443359375,0.09969782829284668,0.10215425491333008,1,,CenterFallback,1,32,0,,,[],0.09935259819030762,0.05048060417175293,0.05051255226135254,0.0004048347473144531,0.0007166862487792969
20250724_023435_267,51,1,1,-45.0,11.001693035199892,-91.287841796875,-91.287841796875,0.09998393058776855,0.2615823745727539,1,1,OffsetFailed,2,1,-45.0,10.831899867705516,-2,[],0.0996696949005127,0.050475120544433594,0.05047178268432617,0.05675005912780762,0.0007443428039550781
20250724_023435_630,51,1,1,-45.0,11.243495810413947,-90.86771125793457,-90.86771125793457,0.10776519775390625,0.2611515522003174,1,1,OffsetFailed,2,1,-45.0,11.243953706866549,-2,[],0.1074669361114502,0.05049610137939453,0.050504207611083984,0.05672955513000488,0.0007579326629638672
20250724_023436_001,51,1,1,-45.0,11.309209692138268,-90.7815170288086,-90.7815170288086,0.1011662483215332,0.2611405849456787,1,1,OffsetFailed,2,1,-45.0,11.389249151869166,-2,[],0.10080909729003906,0.050475120544433594,0.05051922798156738,0.05674290657043457,0.0007112026214599609
20250724_023436_365,52,1,1,-45.0,10.129699947173705,-92.31904602050781,-92.31904602050781,0.09672951698303223,0.2609236240386963,1,1,OffsetFailed,2,1,-45.0,10.02256215634445,-2,[],0.09639573097229004,0.05041766166687012,0.050452232360839844,0.05674576759338379,0.0006918907165527344
20250724_023436_724,52,1,1,-45.0,9.867894727940524,-92.31904602050781,-92.31904602050781,0.10088706016540527,0.26090145111083984,1,1,OffsetFailed,2,1,-45.0,10.022762202761854,-2,[],0.10053539276123047,0.05047488212585449,0.050475120544433594,0.05674099922180176,0.0006990432739257812
20250724_023437_088,52,1,1,-45.0,9.95660801462634,-92.31904602050781,-92.31904602050781,0.10542511940002441,0.26105213165283203,1,1,OffsetFailed,2,1,-45.0,10.022850240942248,-2,[],0.10510635375976562,0.05045962333679199,0.05047154426574707,0.05675625801086426,0.0007319450378417969
20250724_023437_456,52,1,1,-45.0,9.890702847894346,-92.19911193847656,-92.19911193847656,0.10143280029296875,0.26117968559265137,1,1,OffsetFailed,2,1,-45.0,9.868190447855227,-2,[],0.10110640525817871,0.05044126510620117,0.050516605377197266,0.056772708892822266,0.0007045269012451172
20250724_023437_820,52,1,1,-45.0,10.276119543364217,-92.1965919494629,-92.1965919494629,0.1014106273651123,0.260972261428833,1,1,OffsetFailed,2,1,-45.0,10.130397011647972,-2,[],0.10105061531066895,0.05049920082092285,0.05043768882751465,0.05675458908081055,0.0006923675537109375
20250724_023438_184,52,NO_RADIO,1,-45.0,10.02334821609658,-92.31904602050781,-92.31904602050781,0.10027050971984863,0.15855622291564941,1,,CenterFallback,1,32,0,,,[],0.09993195533752441,0.05048871040344238,0.050528526306152344,0.05676770210266113,0.0007205009460449219
20250724_023438_445,53,1,1,-45.0,9.957779233622347,-93.180908203125,-93.180908203125,0.10040640830993652,0.2694685459136963,1,1,OffsetFailed,2,1,-45.0,9.113725411281663,-2,[],0.10006117820739746,0.050488948822021484,0.050461769104003906,0.00039577484130859375,0.0006921291351318359
20250724_023438_816,53,NO_RADIO,1,-45.0,9.590056327256661,-92.64356231689453,-92.64356231689453,0.09631943702697754,0.1022343635559082,1,,CenterFallback,1,32,0,,,[],0.09598684310913086,0.050493478775024414,0.05052471160888672,0.0004248619079589844,0.000751495361328125
20250724_023439_016,53,1,1,-45.0,10.023784223697206,-92.62488555908203,-92.62488555908203,0.10075640678405762,0.26103925704956055,1,1,OffsetFailed,2,1,-45.0,9.590160732125184,-2,[],0.10040593147277832,0.05045008659362793,0.050455570220947266,0.05676746368408203,0.0007426738739013672
20250724_023439_380,53,1,1,-45.0,9.685637734679403,-92.62395515441895,-92.62395515441895,0.10049104690551758,0.2610816955566406,1,1,OffsetFailed,2,1,-45.0,9.566506769951303,-2,[],0.10015487670898438,0.05046415328979492,0.05046892166137695,0.05675697326660156,0.0006825923919677734
20250724_023439_743,53,NO_RADIO,1,-45.0,9.68566679212924,-92.6426284790039,-92.6426284790039,0.1009516716003418,0.15871667861938477,1,,CenterFallback,1,32,0,,,[],0.10056042671203613,0.050594329833984375,0.05052947998046875,0.0567774772644043,0.0007474422454833984
20250724_023440_004,53,NO_RADIO,1,-45.0,9.869103392806124,-92.59987716674806,-92.59987716674806,0.0998222827911377,0.10224509239196777,1,,CenterFallback,1,32,0,,,[],0.09938883781433105,0.05054593086242676,0.05050539970397949,0.00043964385986328125,0.0007138252258300781
20250724_023440_208,54,1,1,-45.0,9.566115825668277,-92.60627746582031,-92.60627746582031,0.09920692443847656,0.2613341808319092,1,1,OffsetFailed,2,1,-45.0,9.68522555121649,-2,[],0.09885644912719727,0.05049729347229004,0.05054616928100586,0.0567173957824707,0.000720977783203125
20250724_023440_570,54,1,1,-45.0,9.291874177069161,-93.02901992797852,-93.02901992797852,0.0978550910949707,0.261915922164917,1,1,OffsetFailed,2,1,-45.0,9.291376685440397,-2,[],0.09750103950500488,0.0505521297454834,0.05048990249633789,0.05674099922180176,0.0010769367218017578
20250724_023440_932,54,1,1,-45.0,9.317259540183088,-92.77661895751953,-92.77661895751953,0.09857416152954102,0.26470303535461426,1,1,OffsetFailed,2,1,-45.0,9.107971747240484,-2,[],0.09823179244995117,0.05056047439575195,0.05049467086791992,0.056755781173706055,0.0008304119110107422
20250724_023441_297,54,1,1,-45.0,9.291405016838667,-92.75736236572266,-92.75736236572266,0.10394835472106934,0.26108312606811523,1,1,OffsetFailed,2,1,-45.0,9.317023994290167,-2,[],0.10356402397155762,0.0505220890045166,0.05048251152038574,0.05672645568847656,0.0007512569427490234
20250724_023441_663,54,1,1,-45.0,9.316832992465521,-92.75736236572266,-92.75736236572266,0.10226011276245117,0.26169586181640625,1,1,OffsetFailed,2,1,-45.0,9.316877272538633,-2,[],0.10190367698669434,0.05046367645263672,0.05049753189086914,0.05672812461853027,0.0007700920104980469
20250724_023442_029,54,1,1,-45.0,9.317157073799748,-92.85452270507812,-92.85452270507812,0.09939312934875488,0.2611541748046875,1,1,OffsetFailed,2,1,-45.0,9.317568221605853,-2,[],0.09907102584838867,0.05049705505371094,0.05046701431274414,0.05677676200866699,0.0007178783416748047
20250724_023442_391,55,1,1,-45.0,9.161941722609782,-92.91387939453125,-92.91387939453125,0.10326623916625977,0.26140785217285156,1,1,OffsetFailed,2,1,-45.0,9.318413531673002,-2,[],0.10290837287902832,0.05051422119140625,0.05057978630065918,0.05672788619995117,0.0008077621459960938
20250724_023442_757,55,NO_RADIO,1,-45.0,9.318078985437381,-92.85452270507812,-92.85452270507812,0.10166788101196289,0.15899443626403809,1,,CenterFallback,1,32,0,,,[],0.10126805305480957,0.05053305625915527,0.050502777099609375,0.05678296089172363,0.0011043548583984375
20250724_023443_020,55,NO_RADIO,1,-45.0,9.517898860805204,-92.70008850097656,-92.70008850097656,0.10053825378417969,0.10210585594177246,1,,CenterFallback,1,32,0,,,[],0.10009288787841797,0.05049490928649902,0.05044889450073242,0.0004057884216308594,0.0007152557373046875
20250724_023443_225,55,NO_RADIO,1,-45.0,9.31846582642767,-92.77661895751953,-92.77661895751953,0.10088825225830078,0.15853500366210938,1,,CenterFallback,1,32,0,,,[],0.10056233406066895,0.05048489570617676,0.050534725189208984,0.05673480033874512,0.0007271766662597656
20250724_023443_486,55,NO_RADIO,1,-45.0,9.394599890538103,-92.60627746582031,-92.60627746582031,0.10129070281982422,0.1020650863647461,1,,CenterFallback,1,32,0,,,[],0.10099649429321289,0.050459861755371094,0.05044841766357422,0.000396728515625,0.0007236003875732422
20250724_023443_691,55,NO_RADIO,1,-45.0,8.973376802748135,-93.3537826538086,-93.3537826538086,0.10035133361816406,0.1584773063659668,1,,CenterFallback,1,32,0,,,[],0.10004019737243652,0.05046987533569336,0.05048704147338867,0.05674576759338379,0.0007205009460449219
20250724_023443_951,55,NO_RADIO,1,-45.0,9.567079516112031,-92.6426284790039,-92.6426284790039,0.10340404510498047,0.10205340385437012,1,,CenterFallback,1,32,0,,,[],0.10309100151062012,0.0504755973815918,0.050451040267944336,0.0004031658172607422,0.0006866455078125
20250724_023444_158,55,NO_RADIO,1,-45.0,9.395124759234022,-92.75449867248535,-92.75449867248535,0.10181879997253418,0.15888094902038574,1,,CenterFallback,1,32,0,,,[],0.10145711898803711,0.0504913330078125,0.050492286682128906,0.05676412582397461,0.0010595321655273438
20250724_023444_421,56,NO_RADIO,1,-45.0,9.31948395834776,-92.7756561279297,-92.7756561279297,0.1004800796508789,0.10210156440734863,1,,CenterFallback,1,32,0,,,[],0.09989476203918457,0.05050349235534668,0.05048012733459473,0.0003993511199951172,0.0006806850433349609
20250724_023444_625,56,NO_RADIO,1,-45.0,9.568269813677773,-92.6426284790039,-92.6426284790039,0.10126113891601562,0.15862274169921875,1,,CenterFallback,1,32,0,,,[],0.10090231895446777,0.05045366287231445,0.0505216121673584,0.05675077438354492,0.0008409023284912109
20250724_023444_887,56,NO_RADIO,1,-45.0,9.395908632189787,-92.77661895751953,-92.77661895751953,0.10102534294128418,0.10202383995056152,1,,CenterFallback,1,32,0,,,[],0.10066676139831543,0.050464630126953125,0.05042719841003418,0.0004017353057861328,0.0006928443908691406
20250724_023445_091,56,NO_RADIO,1,-45.0,9.296954975168404,-92.75736236572266,-92.75736236572266,0.10189104080200195,0.15837383270263672,1,,CenterFallback,1,32,0,,,[],0.10157537460327148,0.05046582221984863,0.05039548873901367,0.056729793548583984,0.0007290840148925781
20250724_023445_353,56,NO_RADIO,1,-45.0,9.592427265639117,-92.77661895751953,-92.77661895751953,0.10288453102111816,0.1020655632019043,1,,CenterFallback,1,32,0,,,[],0.10259890556335449,0.05047178268432617,0.05047178268432617,0.0003960132598876953,0.0006895065307617188
20250724_023445_560,56,1,1,-45.0,9.327977805782737,-92.8506275177002,-92.8506275177002,0.1005702018737793,0.26112914085388184,1,1,OffsetFailed,2,1,-45.0,9.320484639516863,-2,[],0.1002340316772461,0.05046510696411133,0.05048179626464844,0.05677199363708496,0.0006775856018066406
20250724_023445_923,56,1,1,-45.0,9.687785364021835,-92.64356231689453,-92.64356231689453,0.10132193565368652,0.26094698905944824,1,1,OffsetFailed,2,1,-45.0,9.520439772554042,-2,[],0.10097026824951172,0.050472259521484375,0.05045676231384277,0.05671811103820801,0.0006954669952392578
20250724_023446_287,57,1,1,-45.0,9.295342395672762,-92.85452270507812,-92.85452270507812,0.10148501396179199,0.2611522674560547,1,1,OffsetFailed,2,1,-45.0,9.057777907988893,-2,[],0.10113787651062012,0.05046725273132324,0.05051445960998535,0.056749582290649414,0.0007658004760742188
20250724_023446_651,57,1,1,-45.0,9.320872413867946,-92.69726219177247,-92.69726219177247,0.10216379165649414,0.261124849319458,1,1,OffsetFailed,2,1,-45.0,9.520433403015574,-2,[],0.10183286666870117,0.05044102668762207,0.05047035217285156,0.05671286582946777,0.0007483959197998047
20250724_023447_016,57,NO_RADIO,1,-45.0,9.396735028974135,-92.85452270507812,-92.85452270507812,0.09748172760009766,0.1583695411682129,1,,CenterFallback,1,32,0,,,[],0.09713244438171387,0.05045723915100098,0.050421714782714844,0.0567173957824707,0.0007214546203613281
20250724_023447_274,57,1,1,-45.0,9.321050527530687,-92.91387939453125,-92.91387939453125,0.10196208953857422,0.26816821098327637,1,1,OffsetFailed,2,1,-45.0,9.295604394467915,-2,[],0.10161972045898438,0.05045604705810547,0.0504608154296875,0.000400543212890625,0.0006825923919677734
20250724_023447_646,57,1,1,-45.0,9.321653506738087,-92.77661895751953,-92.77661895751953,0.10770654678344727,0.26877832412719727,1,1,OffsetFailed,2,1,-45.0,9.397483005568148,-2,[],0.10736680030822754,0.05047178268432617,0.05050039291381836,0.0003886222839355469,0.0006995201110839844
20250724_023448_024,57,1,1,-45.0,9.521401617806518,-92.8506275177002,-92.8506275177002,0.10129618644714355,0.2689375877380371,1,1,OffsetFailed,2,1,-45.0,9.410631911502023,-2,[],0.10095047950744629,0.050492286682128906,0.05047154426574707,0.00040793418884277344,0.0006906986236572266
20250724_023448_396,58,NO_RADIO,1,-45.0,9.397970297905516,-92.70008850097656,-92.70008850097656,0.12088179588317871,0.10201764106750488,1,,CenterFallback,1,32,0,,,[],0.12053990364074707,0.050446271896362305,0.05045461654663086,0.00039649009704589844,0.0006792545318603516
20250724_023448_620,58,NO_RADIO,1,-45.0,8.975998520878164,-93.17775344848633,-93.17775344848633,0.10033917427062988,0.15855073928833008,1,,CenterFallback,1,32,0,,,[],0.10002517700195312,0.050458669662475586,0.05046439170837402,0.05679583549499512,0.0007786750793457031
20250724_023448_881,58,NO_RADIO,1,-45.0,9.295343646013436,-92.77661895751953,-92.77661895751953,0.1010427474975586,0.10210275650024414,1,,CenterFallback,1,32,0,,,[],0.10071182250976562,0.05045199394226074,0.05049419403076172,0.00040435791015625,0.0007131099700927734
20250724_023449_085,58,NO_RADIO,1,-45.0,9.295110694603096,-92.85452270507812,-92.85452270507812,0.09945392608642578,0.15839123725891113,1,,CenterFallback,1,32,0,,,[],0.09903216361999512,0.05045819282531738,0.05045127868652344,0.05673646926879883,0.0006911754608154297
20250724_023449_345,58,1,1,-45.0,8.975644760792164,-93.180908203125,-93.180908203125,0.1029653549194336,0.2683284282684326,1,1,OffsetFailed,2,1,-45.0,9.295488959662109,-2,[],0.10260868072509766,0.0504758358001709,0.05053114891052246,0.0004024505615234375,0.0006837844848632812
20250724_023449_718,58,NO_RADIO,1,-45.0,9.058101569777534,-93.180908203125,-93.180908203125,0.10176897048950195,0.10228896141052246,1,,CenterFallback,1,32,0,,,[],0.1014261245727539,0.050522565841674805,0.050528764724731445,0.00040841102600097656,0.0007517337799072266
20250724_023449_924,58,NO_RADIO,1,-45.0,9.295689657575139,-93.180908203125,-93.180908203125,0.08828377723693848,0.15839052200317383,1,,CenterFallback,1,32,0,,,[],0.08796858787536621,0.050472259521484375,0.05045366287231445,0.05672764778137207,0.0006835460662841797
20250724_023450_172,59,1,1,-45.0,9.05800965098868,-93.180908203125,-93.180908203125,0.10028719902038574,0.2680070400238037,1,1,OffsetFailed,2,1,-45.0,8.976094970076105,-2,[],0.09998273849487305,0.05048871040344238,0.050475120544433594,0.00041222572326660156,0.0007793903350830078
20250724_023450_542,59,1,1,-45.0,9.05791017414468,-93.37477989196778,-93.37477989196778,0.10230493545532227,0.2680389881134033,1,1,OffsetFailed,2,1,-45.0,8.76021797159747,-1,[],0.10187721252441406,0.05045437812805176,0.05044364929199219,0.00040340423583984375,0.0006837844848632812
20250724_023450_914,59,1,1,-45.0,8.87536521058361,-93.180908203125,-93.180908203125,0.09912943840026855,0.26910924911499023,1,1,OffsetFailed,2,1,-45.0,8.864588660437391,-1,[],0.09882354736328125,0.05047178268432617,0.05047297477722168,0.0003993511199951172,0.0007002353668212891
20250724_023451_284,59,1,1,-45.0,9.05923929450887,-93.44287109375,-93.44287109375,0.10317730903625488,0.26925015449523926,1,1,OffsetFailed,2,1,-45.0,8.661311895341015,-1,[],0.10286831855773926,0.05047130584716797,0.05049300193786621,0.0005006790161132812,0.0007531642913818359
20250724_023451_658,59,1,1,-45.0,8.977405004110494,-93.44287109375,-93.44287109375,0.10327267646789551,0.26915431022644043,1,1,OffsetFailed,2,1,-45.0,8.661634881519745,-1,[],0.10292959213256836,0.050466060638427734,0.050498008728027344,0.0004012584686279297,0.0008366107940673828
20250724_023452_032,59,1,1,-45.0,9.112966915650873,-93.62672424316406,-93.62672424316406,0.1014702320098877,0.26883363723754883,1,1,OffsetFailed,2,1,-45.0,8.632090628769703,-1,[],0.10112524032592773,0.050458431243896484,0.05047798156738281,0.0004012584686279297,0.0007243156433105469
20250724_023452_404,60,1,1,-45.0,8.750806154749853,-93.37477989196778,-93.37477989196778,0.09763193130493164,0.26877498626708984,1,1,OffsetFailed,2,1,-45.0,8.66247675554311,-1,[],0.09731864929199219,0.05049920082092285,0.050458431243896484,0.00040602684020996094,0.0006814002990722656
20250724_023452_772,60,NO_RADIO,1,-45.0,9.0603667302059,-92.85452270507812,-92.85452270507812,0.09681582450866699,0.10211467742919922,1,,CenterFallback,1,32,0,,,[],0.09648251533508301,0.05051851272583008,0.05045199394226074,0.00038504600524902344,0.0007157325744628906
20250724_023452_972,60,NO_RADIO,1,-45.0,8.632972074055104,-93.44174880981446,-93.44174880981446,0.10007596015930176,0.15859055519104004,1,,CenterFallback,1,32,0,,,[],0.09972286224365234,0.05047464370727539,0.050504207611083984,0.05678558349609375,0.0007228851318359375
20250724_023453_232,60,1,1,-45.0,8.662889764085264,-93.42042541503906,-93.42042541503906,0.1025092601776123,0.26976752281188965,1,1,OffsetFailed,2,1,-45.0,8.750975263386124,-1,[],0.10221099853515625,0.050499677658081055,0.050521135330200195,0.00040602684020996094,0.0007369518280029297
20250724_023453_606,60,1,1,-45.0,8.75063701665782,-93.37149772644044,-93.37149772644044,0.10176849365234375,0.26766133308410645,1,1,OffsetFailed,2,1,-45.0,8.750950048849546,-1,[],0.10141587257385254,0.050462961196899414,0.05046677589416504,0.0004086494445800781,0.0007493495941162109
20250724_023453_977,60,NO_RADIO,1,-45.0,8.721481376625178,-93.37588500976562,-93.37588500976562,0.10033607482910156,0.10215020179748535,1,,CenterFallback,1,32,0,,,[],0.09999275207519531,0.05041170120239258,0.05045342445373535,0.0004820823669433594,0.0007624626159667969
20250724_023454_182,60,NO_RADIO,1,-45.0,8.721387349751751,-93.62672424316406,-93.62672424316406,0.09995079040527344,0.15853404998779297,1,,CenterFallback,1,32,0,,,[],0.0995790958404541,0.05046796798706055,0.05046987533569336,0.056760311126708984,0.0007779598236083984
20250724_023454_442,61,NO_RADIO,1,-45.0,8.724241463206582,-93.44287109375,-93.44287109375,0.10184860229492188,0.10219979286193848,1,,CenterFallback,1,32,0,,,[],0.10152626037597656,0.050557613372802734,0.05050182342529297,0.0004024505615234375,0.0006957054138183594
20250724_023454_648,61,NO_RADIO,1,-45.0,8.605762079347102,-93.42042541503906,-93.42042541503906,0.09780120849609375,0.1585705280303955,1,,CenterFallback,1,32,0,,,[],0.09743356704711914,0.05051302909851074,0.050496578216552734,0.05676555633544922,0.0007376670837402344
20250724_023454_906,61,NO_RADIO,1,-45.0,8.386527156315083,-93.79424285888672,-93.79424285888672,0.10085463523864746,0.10219192504882812,1,,CenterFallback,1,32,0,,,[],0.10051608085632324,0.05048704147338867,0.050519466400146484,0.00039958953857421875,0.0007460117340087891
20250724_023455_110,61,NO_RADIO,1,-45.0,8.663161709519542,-93.44287109375,-93.44287109375,0.10061335563659668,0.15845847129821777,1,,CenterFallback,1,32,0,,,[],0.10024404525756836,0.050443172454833984,0.05044198036193848,0.0567319393157959,0.0007848739624023438
20250724_023455_371,61,1,1,-45.0,8.75185985991854,-93.28813934326172,-93.28813934326172,0.10451269149780273,0.26818323135375977,1,1,OffsetFailed,2,1,-45.0,8.66374527060627,-1,[],0.10416388511657715,0.05044841766357422,0.0504457950592041,0.00040030479431152344,0.0007007122039794922
20250724_023455_745,61,NO_RADIO,1,-45.0,8.633874835810488,-93.62672424316406,-93.62672424316406,0.10369992256164551,0.10207128524780273,1,,CenterFallback,1,32,0,,,[],0.10332798957824707,0.05044674873352051,0.050482988357543945,0.0003848075866699219,0.0006849765777587891
20250724_023455_953,61,NO_RADIO,1,-45.0,8.63399521222425,-93.72166442871094,-93.72166442871094,0.10162544250488281,0.15852093696594238,1,,CenterFallback,1,32,0,,,[],0.10131072998046875,0.05045032501220703,0.050459861755371094,0.05673336982727051,0.0008218288421630859
20250724_023456_215,61,NO_RADIO,1,-45.0,8.633843865244415,-93.44287109375,-93.44287109375,0.10140013694763184,0.10204815864562988,1,,CenterFallback,1,32,0,,,[],0.10108709335327148,0.050484657287597656,0.05044841766357422,0.0004000663757324219,0.0006761550903320312
20250724_023456_420,62,NO_RADIO,1,-45.0,7.989414248819315,-94.20062828063965,-94.20062828063965,0.10070204734802246,0.158416748046875,1,,CenterFallback,1,32,0,,,[],0.10040783882141113,0.05045175552368164,0.05045342445373535,0.05674242973327637,0.0007174015045166016
20250724_023456_680,62,NO_RADIO,1,-45.0,7.884017632622005,-94.20062828063965,-94.20062828063965,0.10461068153381348,0.10206460952758789,1,,CenterFallback,1,32,0,,,[],0.10425448417663574,0.0504908561706543,0.05046582221984863,0.0004031658172607422,0.0006728172302246094
20250724_023456_889,62,NO_RADIO,1,-45.0,7.848548486330813,-94.33944702148438,-94.33944702148438,0.10037755966186523,0.1583869457244873,1,,CenterFallback,1,32,0,,,[],0.10007572174072266,0.050452232360839844,0.05045294761657715,0.05672478675842285,0.0006997585296630859
20250724_023457_149,62,NO_RADIO,1,-45.0,7.702720555016484,-94.45152282714844,-94.45152282714844,0.09989786148071289,0.1021263599395752,1,,CenterFallback,1,32,0,,,[],0.09957718849182129,0.05047273635864258,0.05048346519470215,0.0004000663757324219,0.0007200241088867188
20250724_023457_353,62,NO_RADIO,1,-45.0,8.604384075390229,-93.72166442871094,-93.72166442871094,0.10111665725708008,0.1584923267364502,1,,CenterFallback,1,32,0,,,[],0.10071825981140137,0.05048084259033203,0.05046558380126953,0.056749820709228516,0.0007429122924804688
20250724_023457_614,62,NO_RADIO,1,-45.0,8.09295858070277,-94.01957702636719,-94.01957702636719,0.10149502754211426,0.10200357437133789,1,,CenterFallback,1,32,0,,,[],0.10119152069091797,0.050462961196899414,0.050420284271240234,0.0004029273986816406,0.0006783008575439453
20250724_023457_819,62,NO_RADIO,1,-45.0,8.000356781583122,-94.01957702636719,-94.01957702636719,0.10158634185791016,0.1589372158050537,1,,CenterFallback,1,32,0,,,[],0.10122942924499512,0.05052447319030762,0.05043959617614746,0.056705474853515625,0.0011935234069824219
20250724_023458_082,62,NO_RADIO,1,-45.0,7.990002331756557,-93.91798400878906,-93.91798400878906,0.10125899314880371,0.10215377807617188,1,,CenterFallback,1,32,0,,,[],0.10078215599060059,0.05052471160888672,0.050435781478881836,0.0004324913024902344,0.0007207393646240234
20250724_023458_287,63,NO_RADIO,1,-45.0,7.852542720853663,-94.45152282714844,-94.45152282714844,0.1013495922088623,0.15851354598999023,1,,CenterFallback,1,32,0,,,[],0.10097908973693848,0.05047154426574707,0.05049419403076172,0.0567936897277832,0.0007028579711914062
20250724_023458_548,63,NO_RADIO,1,-45.0,7.6655673745575115,-94.59581756591797,-94.59581756591797,0.1234903335571289,0.10211062431335449,1,,CenterFallback,1,32,0,,,[],0.12315154075622559,0.05048942565917969,0.050470829010009766,0.0003848075866699219,0.0007255077362060547
20250724_023458_776,63,NO_RADIO,1,-45.0,7.552235713238787,-94.59581756591797,-94.59581756591797,0.09302639961242676,0.15848422050476074,1,,CenterFallback,1,32,0,,,[],0.09265279769897461,0.05050468444824219,0.05047607421875,0.05672931671142578,0.0007212162017822266
20250724_023459_029,63,NO_RADIO,1,-45.0,7.666277690905133,-94.68475341796875,-94.68475341796875,0.10077261924743652,0.10207796096801758,1,,CenterFallback,1,32,0,,,[],0.10045194625854492,0.050467729568481445,0.05045962333679199,0.0003974437713623047,0.0007154941558837891
20250724_023459_233,63,NO_RADIO,1,-45.0,7.990899352664229,-94.20062828063965,-94.20062828063965,0.10309290885925293,0.15850186347961426,1,,CenterFallback,1,32,0,,,[],0.1027829647064209,0.050507307052612305,0.05045890808105469,0.05676555633544922,0.0007181167602539062
20250724_023459_496,63,NO_RADIO,1,-45.0,7.553245428499238,-94.56656646728516,-94.56656646728516,0.10402321815490723,0.10210227966308594,1,,CenterFallback,1,32,0,,,[],0.10368204116821289,0.05048489570617676,0.050469160079956055,0.000400543212890625,0.0007100105285644531
20250724_023459_704,63,NO_RADIO,1,-45.0,7.275887524193237,-94.92041473388673,-94.92041473388673,0.10289978981018066,0.15841889381408691,1,,CenterFallback,1,32,0,,,[],0.10258674621582031,0.050452470779418945,0.050459861755371094,0.056717634201049805,0.0007359981536865234
20250724_023459_967,63,NO_RADIO,1,-45.0,7.553912175627445,-94.6549072265625,-94.6549072265625,0.10356640815734863,0.10213804244995117,1,,CenterFallback,1,32,0,,,[],0.10322189331054688,0.05047011375427246,0.0504755973815918,0.0004057884216308594,0.0007183551788330078
20250724_023500_174,63,NO_RADIO,1,-45.0,7.99253950326532,-94.25724792480469,-94.25724792480469,0.10005450248718262,0.1584324836730957,1,,CenterFallback,1,32,0,,,[],0.0997314453125,0.05047154426574707,0.05047011375427246,0.05672454833984375,0.0007138252258300781
20250724_023500_434,64,NO_RADIO,1,-45.0,7.851194108181005,-94.33944702148438,-94.33944702148438,0.10049962997436523,0.10209774971008301,1,,CenterFallback,1,32,0,,,[],0.10011005401611328,0.05048036575317383,0.05045056343078613,0.00039958953857421875,0.0007233619689941406
20250724_023500_639,64,NO_RADIO,1,-45.0,7.067030846554772,-94.93123626708984,-94.93123626708984,0.1007688045501709,0.15845394134521484,1,,CenterFallback,1,32,0,,,[],0.10045170783996582,0.050447940826416016,0.05048680305480957,0.05674934387207031,0.0007143020629882812
20250724_023500_899,64,NO_RADIO,1,-45.0,7.554831801231643,-94.68475341796875,-94.68475341796875,0.10118436813354492,0.10209012031555176,1,,CenterFallback,1,32,0,,,[],0.10083794593811035,0.05048966407775879,0.050470590591430664,0.0003962516784667969,0.0006999969482421875
20250724_023501_104,64,NO_RADIO,1,-45.0,7.277555808942935,-94.93123626708984,-94.93123626708984,0.10146236419677734,0.1586616039276123,1,,CenterFallback,1,32,0,,,[],0.10114073753356934,0.05045747756958008,0.050531864166259766,0.056778669357299805,0.0008306503295898438
20250724_023501_366,64,NO_RADIO,1,-45.0,7.398864174902968,-94.68475341796875,-94.68475341796875,0.10116267204284668,0.10214591026306152,1,,CenterFallback,1,32,0,,,[],0.10075545310974121,0.05049443244934082,0.05049920082092285,0.0003974437713623047,0.0007174015045166016
20250724_023501_571,64,NO_RADIO,1,-45.0,7.55527742144146,-94.6549072265625,-94.6549072265625,0.1006619930267334,0.15849876403808594,1,,CenterFallback,1,32,0,,,[],0.10035324096679688,0.05048418045043945,0.050492286682128906,0.056711673736572266,0.00075531005859375
20250724_023501_832,64,NO_RADIO,1,-45.0,7.398999825233403,-94.68475341796875,-94.68475341796875,0.10158967971801758,0.10207796096801758,1,,CenterFallback,1,32,0,,,[],0.10124540328979492,0.050475120544433594,0.05048084259033203,0.00039768218994140625,0.0006897449493408203
20250724_023502_037,64,NO_RADIO,1,-45.0,7.5554254015666515,-94.68475341796875,-94.68475341796875,0.10216689109802246,0.15852713584899902,1,,CenterFallback,1,32,0,,,[],0.10183262825012207,0.050510406494140625,0.050466060638427734,0.056780099868774414,0.0007195472717285156
20250724_023502_299,65,NO_RADIO,1,-45.0,7.555053240675761,-94.6549072265625,-94.6549072265625,0.10211896896362305,0.10206747055053711,1,,CenterFallback,1,32,0,,,[],0.10178565979003906,0.05047345161437988,0.05045938491821289,0.0003848075866699219,0.0007126331329345703
20250724_023502_505,65,NO_RADIO,1,-45.0,6.892243142564013,-95.43484497070312,-95.43484497070312,0.10079669952392578,0.158494234085083,1,,CenterFallback,1,32,0,,,[],0.1004343032836914,0.050467729568481445,0.050458431243896484,0.05679488182067871,0.0007228851318359375
20250724_023502_766,65,NO_RADIO,1,-45.0,7.067689801543665,-94.96305084228516,-94.96305084228516,0.10100102424621582,0.1021115779876709,1,,CenterFallback,1,32,0,,,[],0.10068225860595703,0.05048346519470215,0.05048394203186035,0.0004010200500488281,0.0007066726684570312
20250724_023502_971,65,NO_RADIO,1,-45.0,7.0247101948052375,-95.15899658203125,-95.15899658203125,0.10004067420959473,0.1585547924041748,1,,CenterFallback,1,32,0,,,[],0.09973335266113281,0.05047130584716797,0.05049920082092285,0.05675959587097168,0.0007650852203369141
20250724_023503_231,65,NO_RADIO,1,-45.0,7.277773549702431,-94.68475341796875,-94.68475341796875,0.10136628150939941,0.10216045379638672,1,,CenterFallback,1,32,0,,,[],0.10102486610412598,0.05053114891052246,0.05047130584716797,0.00039839744567871094,0.0007219314575195312
20250724_023503_436,65,NO_RADIO,1,-45.0,7.0682344432426305,-94.92041473388673,-94.92041473388673,0.10136294364929199,0.1584634780883789,1,,CenterFallback,1,32,0,,,[],0.10103940963745117,0.05046796798706055,0.05045819282531738,0.05675530433654785,0.0007293224334716797
20250724_023503_698,65,NO_RADIO,1,-45.0,7.0252518780180395,-95.15899658203125,-95.15899658203125,0.1012566089630127,0.10212278366088867,1,,CenterFallback,1,32,0,,,[],0.10094237327575684,0.05048632621765137,0.05044960975646973,0.0003840923309326172,0.0007531642913818359
20250724_023503_902,65,NO_RADIO,1,-45.0,7.278476545953453,-94.92041473388673,-94.92041473388673,0.10119390487670898,0.15852093696594238,1,,CenterFallback,1,32,0,,,[],0.10089468955993652,0.0505518913269043,0.05049324035644531,0.056694746017456055,0.0007259845733642578
20250724_023504_164,65,NO_RADIO,1,-45.0,7.068575742274845,-95.22297401428223,-95.22297401428223,0.10221266746520996,0.10215425491333008,1,,CenterFallback,1,32,0,,,[],0.10191082954406738,0.05046367645263672,0.050524234771728516,0.00039768218994140625,0.0007288455963134766
20250724_023504_370,66,NO_RADIO,1,-45.0,7.025772587183383,-95.2263412475586,-95.2263412475586,0.10104084014892578,0.15851187705993652,1,,CenterFallback,1,32,0,,,[],0.10067558288574219,0.05050969123840332,0.0504603385925293,0.0567476749420166,0.0007417201995849609
20250724_023504_631,66,NO_RADIO,1,-45.0,7.026181953411083,-95.2263412475586,-95.2263412475586,0.10287857055664062,0.10210871696472168,1,,CenterFallback,1,32,0,,,[],0.10255146026611328,0.050445556640625,0.05048632621765137,0.0004088878631591797,0.0007266998291015625
20250724_023504_838,66,NO_RADIO,1,-45.0,6.8945449461426875,-95.4295696258545,-95.4295696258545,0.10135746002197266,0.15849852561950684,1,,CenterFallback,1,32,0,,,[],0.10101699829101562,0.05049729347229004,0.05048394203186035,0.05674004554748535,0.0007231235504150391
20250724_023505_099,66,NO_RADIO,1,-45.0,6.894676866047718,-95.43484497070312,-95.43484497070312,0.10069036483764648,0.10207104682922363,1,,CenterFallback,1,32,0,,,[],0.10033035278320312,0.05045771598815918,0.05046677589416504,0.00039124488830566406,0.0007185935974121094
20250724_023505_304,66,NO_RADIO,1,-45.0,6.894837173407282,-95.32933807373047,-95.32933807373047,0.10287976264953613,0.15850520133972168,1,,CenterFallback,1,32,0,,,[],0.10258221626281738,0.050435543060302734,0.05049395561218262,0.05675339698791504,0.0007688999176025391
20250724_023505_567,66,NO_RADIO,1,-45.0,7.070534169208798,-95.15899658203125,-95.15899658203125,0.10055398941040039,0.10205864906311035,1,,CenterFallback,1,32,0,,,[],0.10022115707397461,0.05046701431274414,0.05045890808105469,0.00039505958557128906,0.0007026195526123047
20250724_023505_771,66,NO_RADIO,1,-45.0,7.0275616796380405,-95.22297401428223,-95.22297401428223,0.08702492713928223,0.15893030166625977,1,,CenterFallback,1,32,0,,,[],0.0866847038269043,0.050508975982666016,0.050486087799072266,0.05677080154418945,0.001092672348022461
20250724_023506_020,66,NO_RADIO,1,-45.0,6.602961935973667,-95.32933807373047,-95.32933807373047,0.102447509765625,0.1020815372467041,1,,CenterFallback,1,32,0,,,[],0.10124611854553223,0.050443172454833984,0.05046534538269043,0.00040793418884277344,0.0007097721099853516
20250724_023506_225,67,NO_RADIO,1,-45.0,7.028186917199804,-95.15899658203125,-95.15899658203125,0.09939289093017578,0.15850496292114258,1,,CenterFallback,1,32,0,,,[],0.09906959533691406,0.05048990249633789,0.05050539970397949,0.056740522384643555,0.0007185935974121094
20250724_023506_485,67,NO_RADIO,1,-45.0,6.8960917672309705,-95.32933807373047,-95.32933807373047,0.10093164443969727,0.10211300849914551,1,,CenterFallback,1,32,0,,,[],0.10056734085083008,0.050505638122558594,0.05046224594116211,0.0003986358642578125,0.0007085800170898438
20250724_023506_690,67,NO_RADIO,1,-45.0,6.94086999411725,-95.32933807373047,-95.32933807373047,0.09988951683044434,0.1584923267364502,1,,CenterFallback,1,32,0,,,[],0.09957098960876465,0.0504608154296875,0.05048704147338867,0.05675768852233887,0.0007293224334716797
20250724_023506_950,67,NO_RADIO,1,-45.0,7.029016261245346,-95.32933807373047,-95.32933807373047,0.1010136604309082,0.10218501091003418,1,,CenterFallback,1,32,0,,,[],0.1006770133972168,0.05046558380126953,0.05048489570617676,0.00041604042053222656,0.0007796287536621094
20250724_023507_155,67,NO_RADIO,1,-45.0,6.528235073038829,-95.6165771484375,-95.6165771484375,0.10192322731018066,0.1584789752960205,1,,CenterFallback,1,32,0,,,[],0.10156583786010742,0.050469398498535156,0.05046844482421875,0.056756019592285156,0.0007305145263671875
20250724_023507_417,67,NO_RADIO,1,-45.0,6.941932986596655,-95.32933807373047,-95.32933807373047,0.10242486000061035,0.10209345817565918,1,,CenterFallback,1,32,0,,,[],0.10205507278442383,0.0504608154296875,0.05046391487121582,0.00040221214294433594,0.0007300376892089844
20250724_023507_623,67,NO_RADIO,1,-45.0,6.5239796298725565,-95.9241714477539,-95.9241714477539,0.10014772415161133,0.15845608711242676,1,,CenterFallback,1,32,0,,,[],0.09979963302612305,0.05047178268432617,0.05045914649963379,0.05674123764038086,0.0007038116455078125
20250724_023507_883,67,NO_RADIO,1,-45.0,6.8980764449554215,-95.32933807373047,-95.32933807373047,0.10019540786743164,0.10231399536132812,1,,CenterFallback,1,32,0,,,[],0.09987711906433105,0.05047965049743652,0.05049633979797363,0.00043082237243652344,0.0008618831634521484
20250724_023508_087,67,NO_RADIO,1,-45.0,6.524786479418239,-95.65385437011719,-95.65385437011719,0.10045385360717773,0.15834808349609375,1,,CenterFallback,1,32,0,,,[],0.1001288890838623,0.05042743682861328,0.05041050910949707,0.05671834945678711,0.0007381439208984375
20250724_023508_348,68,NO_RADIO,1,-45.0,6.573589921092207,-95.60927734375001,-95.60927734375001,0.0982816219329834,0.10213303565979004,1,,CenterFallback,1,32,0,,,[],0.09798240661621094,0.05047249794006348,0.050467491149902344,0.0004210472106933594,0.0007307529449462891
20250724_023508_550,68,NO_RADIO,1,-45.0,6.5739197412625,-95.6165771484375,-95.6165771484375,0.1010580062866211,0.15837478637695312,1,,CenterFallback,1,32,0,,,[],0.10067892074584961,0.05047321319580078,0.05041193962097168,0.05670905113220215,0.0007281303405761719
20250724_023508_811,68,NO_RADIO,1,-45.0,6.573882215520129,-95.32933807373047,-95.32933807373047,0.09832096099853516,0.10207819938659668,1,,CenterFallback,1,32,0,,,[],0.09797787666320801,0.05047345161437988,0.05046248435974121,0.0003974437713623047,0.0007047653198242188
20250724_023509_013,68,NO_RADIO,1,-45.0,6.899452265693796,-95.32933807373047,-95.32933807373047,0.10105443000793457,0.15845584869384766,1,,CenterFallback,1,32,0,,,[],0.10072875022888184,0.0504457950592041,0.0504610538482666,0.05675244331359863,0.0007417201995849609
20250724_023509_274,68,NO_RADIO,1,-45.0,6.899729107008909,-95.6165771484375,-95.6165771484375,0.10110712051391602,0.10213685035705566,1,,CenterFallback,1,32,0,,,[],0.10077381134033203,0.050461769104003906,0.050484418869018555,0.0003902912139892578,0.000759124755859375
20250724_023509_479,68,NO_RADIO,1,-45.0,6.900087274476007,-95.43484497070312,-95.43484497070312,0.09838533401489258,0.15853047370910645,1,,CenterFallback,1,32,0,,,[],0.09804892539978027,0.05048942565917969,0.05048370361328125,0.05675697326660156,0.0007088184356689453
20250724_023509_737,68,NO_RADIO,1,-45.0,6.326886969750916,-95.76765441894531,-95.76765441894531,0.10074234008789062,0.1021876335144043,1,,CenterFallback,1,32,0,,,[],0.1004183292388916,0.0504918098449707,0.05050349235534668,0.00040650367736816406,0.0007441043853759766
20250724_023509_942,68,NO_RADIO,1,-45.0,7.033179864349805,-95.15899658203125,-95.15899658203125,0.10117840766906738,0.15852737426757812,1,,CenterFallback,1,32,0,,,[],0.10082721710205078,0.05052471160888672,0.050489187240600586,0.056745052337646484,0.0007145404815673828
20250724_023510_203,68,NO_RADIO,1,-45.0,6.575832578402029,-95.46879425048829,-95.46879425048829,0.10144329071044922,0.10204648971557617,1,,CenterFallback,1,32,0,,,[],0.10112929344177246,0.05045127868652344,0.050431013107299805,0.0003902912139892578,0.0007281303405761719
20250724_023510_408,69,NO_RADIO,1,-45.0,6.11869061491015,-96.12396850585938,-96.12396850585938,0.10011696815490723,0.15839004516601562,1,,CenterFallback,1,32,0,,,[],0.09981107711791992,0.05044102668762207,0.05046415328979492,0.05672574043273926,0.0007073879241943359
20250724_023510_668,69,NO_RADIO,1,-45.0,6.576594632831117,-95.43484497070312,-95.43484497070312,0.10044050216674805,0.10213017463684082,1,,CenterFallback,1,32,0,,,[],0.10007095336914062,0.0504908561706543,0.050455570220947266,0.0004096031188964844,0.0007326602935791016
20250724_023510_873,69,NO_RADIO,1,-45.0,6.5768560664350275,-95.6165771484375,-95.6165771484375,0.10025143623352051,0.15846848487854004,1,,CenterFallback,1,32,0,,,[],0.09993982315063477,0.05045056343078613,0.05047607421875,0.05675053596496582,0.0007367134094238281
20250724_023511_133,69,NO_RADIO,1,-45.0,6.528578143745747,-95.6165771484375,-95.6165771484375,0.09937548637390137,0.10207605361938477,1,,CenterFallback,1,32,0,,,[],0.0990452766418457,0.05046892166137695,0.05047774314880371,0.00040435791015625,0.0006806850433349609
20250724_023511_336,69,NO_RADIO,1,-45.0,6.329158861146098,-95.65199050903321,-95.65199050903321,0.09943103790283203,0.1586449146270752,1,,CenterFallback,1,32,0,,,[],0.09909558296203613,0.050466060638427734,0.050530195236206055,0.05670332908630371,0.000885009765625
20250724_023511_596,69,NO_RADIO,1,-45.0,6.529157119503324,-95.65385437011719,-95.65385437011719,0.08524942398071289,0.10226202011108398,1,,CenterFallback,1,32,0,,,[],0.08486723899841309,0.05054354667663574,0.05057120323181152,0.0004067420959472656,0.0006985664367675781
20250724_023511_785,69,NO_RADIO,1,-45.0,6.529534055189629,-95.65385437011719,-95.65385437011719,0.09517717361450195,0.1599287986755371,1,,CenterFallback,1,32,0,,,[],0.09474992752075195,0.05048966407775879,0.05182480812072754,0.056797027587890625,0.0007622241973876953
20250724_023512_042,69,NO_RADIO,1,-45.0,6.529847110617965,-95.65199050903321,-95.65199050903321,0.10688447952270508,0.10230112075805664,1,,CenterFallback,1,32,0,,,[],0.10650825500488281,0.0505518913269043,0.050518035888671875,0.00044608116149902344,0.0007426738739013672
20250724_023512_253,70,NO_RADIO,1,-45.0,6.578568157407588,-95.43484497070312,-95.43484497070312,0.10075879096984863,0.15869784355163574,1,,CenterFallback,1,32,0,,,[],0.10038471221923828,0.05053997039794922,0.05050778388977051,0.05678868293762207,0.0008039474487304688
20250724_023512_514,70,NO_RADIO,1,-45.0,6.331027473359285,-95.6165771484375,-95.6165771484375,0.10099434852600098,0.10252714157104492,1,,CenterFallback,1,32,0,,,[],0.10066056251525879,0.05056118965148926,0.05051589012145996,0.0004088878631591797,0.0009930133819580078
20250724_023512_720,70,NO_RADIO,1,-45.0,6.531091461077068,-95.6165771484375,-95.6165771484375,0.10110998153686523,0.15886545181274414,1,,CenterFallback,1,32,0,,,[],0.10073614120483398,0.050539493560791016,0.05052447319030762,0.05693411827087402,0.0008094310760498047
20250724_023512_982,70,NO_RADIO,1,-45.0,6.331617368960963,-95.65385437011719,-95.65385437011719,0.10159134864807129,0.10253262519836426,1,,CenterFallback,1,32,0,,,[],0.1011509895324707,0.0505368709564209,0.050856590270996094,0.0004076957702636719,0.0006940364837646484
20250724_023513_187,70,NO_RADIO,1,-45.0,6.531714874719057,-95.6165771484375,-95.6165771484375,0.10200834274291992,0.15869450569152832,1,,CenterFallback,1,32,0,,,[],0.10166788101196289,0.05040574073791504,0.05048394203186035,0.05673050880432129,0.0010027885437011719
20250724_023513_450,70,NO_RADIO,1,-45.0,6.532022163913169,-95.6165771484375,-95.6165771484375,0.09889388084411621,0.10204029083251953,1,,CenterFallback,1,32,0,,,[],0.09841680526733398,0.05043935775756836,0.0504450798034668,0.0003979206085205078,0.0007219314575195312
20250724_023513_653,70,NO_RADIO,1,-45.0,6.532292827046007,-95.6165771484375,-95.6165771484375,0.1018218994140625,0.15849804878234863,1,,CenterFallback,1,32,0,,,[],0.10152363777160645,0.05045127868652344,0.05046391487121582,0.05674600601196289,0.0007841587066650391
20250724_023513_915,70,NO_RADIO,1,-45.0,6.332808627264825,-95.65385437011719,-95.65385437011719,0.10188007354736328,0.1022040843963623,1,,CenterFallback,1,32,0,,,[],0.10152173042297363,0.05052661895751953,0.05048847198486328,0.0004291534423828125,0.0007178783416748047
20250724_023514_120,70,NO_RADIO,1,-45.0,6.333536458570407,-95.76765441894531,-95.76765441894531,0.10008811950683594,0.15866851806640625,1,,CenterFallback,1,32,0,,,[],0.09975647926330566,0.050516366958618164,0.050536394119262695,0.05674481391906738,0.0008122920989990234
20250724_023514_381,71,NO_RADIO,1,-45.0,6.533600215356714,-95.6165771484375,-95.6165771484375,0.10314822196960449,0.10221743583679199,1,,CenterFallback,1,32,0,,,[],0.1028294563293457,0.050527334213256836,0.050511837005615234,0.0004286766052246094,0.0007109642028808594
20250724_023514_588,71,NO_RADIO,1,-45.0,6.33439782986153,-95.65385437011719,-95.65385437011719,0.10095739364624023,0.15845370292663574,1,,CenterFallback,1,32,0,,,[],0.10063886642456055,0.05048727989196777,0.05044913291931152,0.05669903755187988,0.0007622241973876953
20250724_023514_849,71,NO_RADIO,1,-45.0,6.3347829132298585,-95.4705810546875,-95.4705810546875,0.09973883628845215,0.10209226608276367,1,,CenterFallback,1,32,0,,,[],0.09939289093017578,0.0504608154296875,0.05044817924499512,0.0004076957702636719,0.0007297992706298828
20250724_023515_052,71,NO_RADIO,1,-45.0,6.179152279584969,-95.9241714477539,-95.9241714477539,0.10012578964233398,0.1584303379058838,1,,CenterFallback,1,32,0,,,[],0.09978461265563965,0.050469160079956055,0.05044198036193848,0.056745290756225586,0.0007157325744628906
20250724_023515_313,71,NO_RADIO,1,-45.0,6.335454588236175,-95.9241714477539,-95.9241714477539,0.10273003578186035,0.10204648971557617,1,,CenterFallback,1,32,0,,,[],0.10241341590881348,0.050470590591430664,0.05046200752258301,0.0004086494445800781,0.0006678104400634766
20250724_023515_519,71,NO_RADIO,1,-45.0,6.535630216881188,-95.65199050903321,-95.65199050903321,0.10034847259521484,0.1584608554840088,1,,CenterFallback,1,32,0,,,[],0.09999513626098633,0.05046510696411133,0.05047035217285156,0.0567474365234375,0.0007238388061523438
20250724_023515_779,71,NO_RADIO,1,-45.0,6.336360295787642,-95.76765441894531,-95.76765441894531,0.10056829452514648,0.10215210914611816,1,,CenterFallback,1,32,0,,,[],0.100250244140625,0.05048012733459473,0.05047869682312012,0.000408172607421875,0.0007441043853759766
20250724_023515_984,71,NO_RADIO,1,-45.0,6.336635975678902,-95.76765441894531,-95.76765441894531,0.10061907768249512,0.15847229957580566,1,,CenterFallback,1,32,0,,,[],0.1002662181854248,0.05045628547668457,0.05047202110290527,0.05675554275512695,0.0007350444793701172
20250724_023516_244,72,NO_RADIO,1,-45.0,6.337156527688137,-95.65385437011719,-95.65385437011719,0.10227632522583008,0.10213947296142578,1,,CenterFallback,1,32,0,,,[],0.10188508033752441,0.050453901290893555,0.05048561096191406,0.00040984153747558594,0.0007634162902832031
20250724_023516_450,72,NO_RADIO,1,-45.0,6.337681159668762,-95.9241714477539,-95.9241714477539,0.1006014347076416,0.15847992897033691,1,,CenterFallback,1,32,0,,,[],0.10026216506958008,0.05046248435974121,0.05048084259033203,0.056754112243652344,0.0007331371307373047
20250724_023516_711,72,NO_RADIO,1,-45.0,6.338163418151623,-95.9241714477539,-95.9241714477539,0.10155940055847168,0.10227704048156738,1,,CenterFallback,1,32,0,,,[],0.10122489929199219,0.05053377151489258,0.05051374435424805,0.0004153251647949219,0.0007693767547607422
20250724_023516_916,72,NO_RADIO,1,-45.0,6.338605368080351,-95.9241714477539,-95.9241714477539,0.10052251815795898,0.1584923267364502,1,,CenterFallback,1,32,0,,,[],0.10016751289367676,0.05050802230834961,0.05045509338378906,0.05675959587097168,0.0007150173187255859
20250724_023517_177,72,NO_RADIO,1,-45.0,6.912722614087613,-95.65199050903321,-95.65199050903321,0.10148072242736816,0.10210704803466797,1,,CenterFallback,1,32,0,,,[],0.10114622116088867,0.05044412612915039,0.05048012733459473,0.0004057884216308594,0.00072479248046875
20250724_023517_382,72,NO_RADIO,1,-45.0,6.183683591285671,-96.12810516357422,-96.12810516357422,0.1005864143371582,0.15841412544250488,1,,CenterFallback,1,32,0,,,[],0.10022377967834473,0.050472259521484375,0.050440073013305664,0.05672335624694824,0.0007271766662597656
20250724_023517_643,72,NO_RADIO,1,-45.0,6.340336133293093,-95.9241714477539,-95.9241714477539,0.1019582748413086,0.10215973854064941,1,,CenterFallback,1,32,0,,,[],0.10164880752563477,0.05046415328979492,0.050512075424194336,0.0004019737243652344,0.0007476806640625
20250724_023517_849,72,NO_RADIO,1,-45.0,6.58881813763216,-95.60927734375001,-95.60927734375001,0.08855581283569336,0.1584322452545166,1,,CenterFallback,1,32,0,,,[],0.0881960391998291,0.050447940826416016,0.050467729568481445,0.0567479133605957,0.0007140636444091797
20250724_023518_097,72,NO_RADIO,1,-45.0,6.340960719331406,-95.9241714477539,-95.9241714477539,0.10033583641052246,0.10213208198547363,1,,CenterFallback,1,32,0,,,[],0.10001850128173828,0.050455331802368164,0.05051064491271973,0.000400543212890625,0.0007214546203613281
20250724_023518_301,73,NO_RADIO,1,-45.0,6.5892864478022375,-95.6165771484375,-95.6165771484375,0.10075139999389648,0.15849041938781738,1,,CenterFallback,1,32,0,,,[],0.10041975975036621,0.05046486854553223,0.050447702407836914,0.056771039962768555,0.0007567405700683594
20250724_023518_562,73,NO_RADIO,1,-45.0,6.341467861770155,-96.04537200927734,-96.04537200927734,0.10037946701049805,0.10211300849914551,1,,CenterFallback,1,32,0,,,[],0.10005402565002441,0.05046200752258301,0.05044984817504883,0.0003991127014160156,0.0007622241973876953
20250724_023518_766,73,NO_RADIO,1,-45.0,6.342167559530353,-95.76765441894531,-95.76765441894531,0.10085058212280273,0.15843987464904785,1,,CenterFallback,1,32,0,,,[],0.1005253791809082,0.050469398498535156,0.050457000732421875,0.056743621826171875,0.0007147789001464844
20250724_023519_027,73,NO_RADIO,1,-45.0,6.542294440763797,-95.65199050903321,-95.65199050903321,0.09987664222717285,0.10205960273742676,1,,CenterFallback,1,32,0,,,[],0.09957385063171387,0.05046963691711426,0.05045509338378906,0.000396728515625,0.0006988048553466797
20250724_023519_231,73,NO_RADIO,1,-45.0,6.34297294423753,-95.65385437011719,-95.65385437011719,0.10064053535461426,0.15845227241516113,1,,CenterFallback,1,32,0,,,[],0.10031771659851074,0.05045485496520996,0.05048823356628418,0.0567319393157959,0.0007238388061523438
20250724_023519_491,73,NO_RADIO,1,-45.0,6.343369475831906,-95.9241714477539,-95.9241714477539,0.10105013847351074,0.10212826728820801,1,,CenterFallback,1,32,0,,,[],0.1007239818572998,0.05047893524169922,0.05048108100891113,0.00040340423583984375,0.0007266998291015625
20250724_023519_696,73,NO_RADIO,1,-45.0,6.343749382437437,-95.76765441894531,-95.76765441894531,0.10157370567321777,0.15846824645996094,1,,CenterFallback,1,32,0,,,[],0.10124516487121582,0.05046224594116211,0.0504603385925293,0.0567479133605957,0.00074005126953125
20250724_023519_958,73,NO_RADIO,1,-45.0,6.188256553488614,-95.91634559631349,-95.91634559631349,0.10182929039001465,0.10211420059204102,1,,CenterFallback,1,32,0,,,[],0.10150504112243652,0.05045199394226074,0.050498247146606445,0.0003941059112548828,0.0007319450378417969
20250724_023520_163,73,NO_RADIO,1,-45.0,6.344823916664225,-95.9241714477539,-95.9241714477539,0.10109686851501465,0.15856385231018066,1,,CenterFallback,1,32,0,,,[],0.10081243515014648,0.05050015449523926,0.05049943923950195,0.05676603317260742,0.0007450580596923828
20250724_023520_425,74,NO_RADIO,1,-45.0,6.544935589763497,-95.65385437011719,-95.65385437011719,0.10122418403625488,0.10209441184997559,1,,CenterFallback,1,32,0,,,[],0.10089945793151855,0.05048799514770508,0.050469398498535156,0.0003857612609863281,0.0007123947143554688
20250724_023520_630,74,NO_RADIO,1,-45.0,6.205311962691695,-95.9241714477539,-95.9241714477539,0.10092639923095703,0.15882372856140137,1,,CenterFallback,1,32,0,,,[],0.10059213638305664,0.05041861534118652,0.05044722557067871,0.05679965019226074,0.001089334487915039
20250724_023520_892,74,NO_RADIO,1,-45.0,6.3461891309457314,-95.65385437011719,-95.65385437011719,0.09996509552001953,0.10207986831665039,1,,CenterFallback,1,32,0,,,[],0.09937047958374023,0.050446271896362305,0.05047321319580078,0.0003905296325683594,0.0007312297821044922
20250724_023521_096,74,NO_RADIO,1,-45.0,6.346644197229409,-95.65385437011719,-95.65385437011719,0.09937787055969238,0.15849542617797852,1,,CenterFallback,1,32,0,,,[],0.09902548789978027,0.05046510696411133,0.050452232360839844,0.056772708892822266,0.0007519721984863281
20250724_023521_355,74,NO_RADIO,1,-45.0,6.347019612070881,-95.76765441894531,-95.76765441894531,0.10170435905456543,0.10220575332641602,1,,CenterFallback,1,32,0,,,[],0.10138320922851562,0.05046820640563965,0.05050230026245117,0.00039958953857421875,0.0007917881011962891
20250724_023521_560,74,NO_RADIO,1,-45.0,6.347415251479248,-96.03931198120118,-96.03931198120118,0.10121870040893555,0.15842056274414062,1,,CenterFallback,1,32,0,,,[],0.10089755058288574,0.050411224365234375,0.05049324035644531,0.056749820709228516,0.000713348388671875
20250724_023521_822,74,NO_RADIO,1,-45.0,6.34765517455881,-95.65385437011719,-95.65385437011719,0.1017308235168457,0.10213184356689453,1,,CenterFallback,1,32,0,,,[],0.10142111778259277,0.05048203468322754,0.05047273635864258,0.0004069805145263672,0.0007255077362060547
20250724_023522_027,74,NO_RADIO,1,-45.0,6.5964183395531535,-95.65199050903321,-95.65199050903321,0.10180425643920898,0.15845537185668945,1,,CenterFallback,1,32,0,,,[],0.10147666931152344,0.05048251152038574,0.050455570220947266,0.05673646926879883,0.0007255077362060547
20250724_023522_289,75,NO_RADIO,1,-45.0,6.34865689556834,-95.76196441650391,-95.76196441650391,0.10164952278137207,0.10203790664672852,1,,CenterFallback,1,32,0,,,[],0.10131621360778809,0.05046415328979492,0.05044913291931152,0.00039887428283691406,0.0006892681121826172
20250724_023522_494,75,NO_RADIO,1,-45.0,6.19313560186481,-96.12810516357422,-96.12810516357422,0.10023188591003418,0.1584620475769043,1,,CenterFallback,1,32,0,,,[],0.09989237785339355,0.05045008659362793,0.050445556640625,0.05673360824584961,0.0007822513580322266
20250724_023522_755,75,NO_RADIO,1,-45.0,6.3496107817309735,-96.04537200927734,-96.04537200927734,0.10188150405883789,0.10210824012756348,1,,CenterFallback,1,32,0,,,[],0.10154438018798828,0.050453901290893555,0.05051279067993164,0.00039505958557128906,0.000713348388671875
20250724_023522_960,75,NO_RADIO,1,-45.0,6.598130011544583,-95.65385437011719,-95.65385437011719,0.10209798812866211,0.15848779678344727,1,,CenterFallback,1,32,0,,,[],0.10179519653320312,0.050466060638427734,0.05046534538269043,0.05675649642944336,0.0007467269897460938
20250724_023523_222,75,NO_RADIO,1,-45.0,6.370266631158771,-95.65385437011719,-95.65385437011719,0.10352897644042969,0.10211825370788574,1,,CenterFallback,1,32,0,,,[],0.10321164131164551,0.05046391487121582,0.05048036575317383,0.0003998279571533203,0.0007047653198242188
20250724_023523_430,75,NO_RADIO,1,-45.0,6.598966017255805,-95.43484497070312,-95.43484497070312,0.10103392601013184,0.15848922729492188,1,,CenterFallback,1,32,0,,,[],0.10071516036987305,0.050473690032958984,0.050458669662475586,0.05678129196166992,0.0007236003875732422
20250724_023523_691,75,NO_RADIO,1,-45.0,6.195204902901807,-95.91634559631349,-95.91634559631349,0.09036135673522949,0.10211563110351562,1,,CenterFallback,1,32,0,,,[],0.0900421142578125,0.050458431243896484,0.05046701431274414,0.0003986358642578125,0.00074005126953125
20250724_023523_885,75,NO_RADIO,1,-45.0,6.211276567017535,-96.04537200927734,-96.04537200927734,0.10040426254272461,0.15840578079223633,1,,CenterFallback,1,32,0,,,[],0.10004162788391113,0.050453901290893555,0.050445556640625,0.0567171573638916,0.0007314682006835938
20250724_023524_145,75,NO_RADIO,1,-45.0,6.600495493372648,-95.6165771484375,-95.6165771484375,0.10097670555114746,0.10208678245544434,1,,CenterFallback,1,32,0,,,[],0.10068130493164062,0.05046582221984863,0.050499677658081055,0.0003991127014160156,0.0006854534149169922
20250724_023524_350,76,NO_RADIO,1,-45.0,6.552074167975988,-95.4705810546875,-95.4705810546875,0.10127496719360352,0.1585681438446045,1,,CenterFallback,1,32,0,,,[],0.10092306137084961,0.050540924072265625,0.05040907859802246,0.05681777000427246,0.0007455348968505859
