Timestamp,Boresight,Jetson Detection,Rx Beam Index,Rx Beam Angle,SNR (dB),YOLO Time (s),Beam Sweep Time (s)
20250623_173718_101,-45,NO_RADIO,32,0,,0.16188311576843262,0.0020515918731689453
20250623_173718_268,-45,NO_RADIO,32,0,,0.14969921112060547,0.001405954360961914
20250623_173718_421,-45,NO_RADIO,32,0,,0.1468660831451416,0.001232147216796875
20250623_173718_570,-45,NO_RADIO,32,0,,0.1459827423095703,0.001066446304321289
20250623_173718_718,-45,NO_RADIO,32,0,,0.14779973030090332,0.0008227825164794922
20250623_173718_868,-45,NO_RADIO,32,0,,0.14977025985717773,0.0009593963623046875
20250623_173719_020,-45,NO_RADIO,32,0,,0.17714762687683105,0.0008952617645263672
20250623_173719_199,-45,NO_RADIO,32,0,,0.14873695373535156,0.0009555816650390625
20250623_173719_350,-45,NO_RADIO,32,0,,0.15344595909118652,0.0012764930725097656
20250623_173719_506,-45,NO_RADIO,32,0,,0.14529705047607422,0.0010232925415039062
20250623_173719_654,-45,NO_RADIO,32,0,,0.14753198623657227,0.0009622573852539062
20250623_173719_804,-45,NO_RADIO,32,0,,0.14861750602722168,0.0012552738189697266
20250623_173719_955,-45,NO_RADIO,32,0,,0.15396785736083984,0.0009119510650634766
20250623_173720_111,-45,NO_RADIO,32,0,,0.1519482135772705,0.0012469291687011719
20250623_173720_266,-45,NO_RADIO,32,0,,0.14481186866760254,0.0013523101806640625
20250623_173720_413,-45,NO_RADIO,32,0,,0.14741063117980957,0.001005411148071289
20250623_173720_563,-45,NO_RADIO,32,0,,0.14821887016296387,0.0010395050048828125
20250623_173720_714,-45,NO_RADIO,32,0,,0.13759398460388184,0.0009360313415527344
20250623_173720_853,-45,NO_RADIO,32,0,,0.1467280387878418,0.0008935928344726562
20250623_173721_002,-45,NO_RADIO,32,0,,0.1473371982574463,0.0008957386016845703
20250623_173721_152,-45,NO_RADIO,32,0,,0.14967870712280273,0.0010271072387695312
20250623_173721_303,-45,NO_RADIO,32,0,,0.14798498153686523,0.0009577274322509766
20250623_173721_454,-45,NO_RADIO,32,0,,0.14730548858642578,0.001039266586303711
20250623_173721_603,-45,NO_RADIO,32,0,,0.14525389671325684,0.0009894371032714844
20250623_173721_751,-45,NO_RADIO,32,0,,0.14785528182983398,0.0009474754333496094
20250623_173721_901,-45,NO_RADIO,32,0,,0.1481621265411377,0.0009236335754394531
20250623_173722_051,-44,NO_RADIO,32,0,,0.14941787719726562,0.0008957386016845703
20250623_173722_203,-44,NO_RADIO,32,0,,0.14793825149536133,0.0010027885437011719
20250623_173722_353,-44,NO_RADIO,32,0,,0.14590978622436523,0.0009789466857910156
20250623_173722_501,-44,NO_RADIO,32,0,,0.1459815502166748,0.0010199546813964844
20250623_173722_649,-44,NO_RADIO,32,0,,0.15008258819580078,0.0011675357818603516
20250623_173722_802,-44,NO_RADIO,32,0,,0.14931416511535645,0.0012335777282714844
20250623_173722_954,-44,NO_RADIO,32,0,,0.14839506149291992,0.0008602142333984375
20250623_173723_104,-44,NO_RADIO,32,0,,0.14684557914733887,0.0008733272552490234
20250623_173723_253,-44,NO_RADIO,32,0,,0.14919328689575195,0.0009176731109619141
20250623_173723_404,-44,NO_RADIO,32,0,,0.14741301536560059,0.0009860992431640625
20250623_173723_554,-44,NO_RADIO,32,0,,0.1580028533935547,0.001081705093383789
20250623_173723_714,-44,NO_RADIO,32,0,,0.15203547477722168,0.0008871555328369141
20250623_173723_868,-44,NO_RADIO,32,0,,0.146376371383667,0.0008227825164794922
20250623_173724_017,-44,NO_RADIO,32,0,,0.14949321746826172,0.0007808208465576172
20250623_173724_168,-44,NO_RADIO,32,0,,0.14919424057006836,0.0013010501861572266
20250623_173724_320,-44,NO_RADIO,32,0,,0.14590954780578613,0.0014111995697021484
20250623_173724_469,-44,NO_RADIO,32,0,,0.14752769470214844,0.0009851455688476562
20250623_173724_619,-44,NO_RADIO,32,0,,0.1504654884338379,0.0010042190551757812
20250623_173724_771,-44,NO_RADIO,32,0,,0.14635181427001953,0.0009045600891113281
20250623_173724_920,-44,NO_RADIO,32,0,,0.14616608619689941,0.0009071826934814453
20250623_173725_068,-44,NO_RADIO,32,0,,0.1492304801940918,0.0008747577667236328
20250623_173725_219,-44,NO_RADIO,32,0,,0.14684081077575684,0.00087738037109375
20250623_173725_368,-44,NO_RADIO,32,0,,0.15054059028625488,0.0009076595306396484
20250623_173725_521,-44,NO_RADIO,32,0,,0.1584157943725586,0.0010190010070800781
20250623_173725_682,-44,NO_RADIO,32,0,,0.1533961296081543,0.0012485980987548828
20250623_173725_838,-44,NO_RADIO,32,0,,0.14600563049316406,0.0010943412780761719
20250623_173725_986,-43,NO_RADIO,32,0,,0.14741206169128418,0.00084686279296875
20250623_173726_136,-43,NO_RADIO,32,0,,0.15067815780639648,0.0012860298156738281
20250623_173726_289,-43,NO_RADIO,32,0,,0.15347790718078613,0.0009288787841796875
20250623_173726_445,-43,NO_RADIO,32,0,,0.15127968788146973,0.0013132095336914062
20250623_173726_599,-43,NO_RADIO,32,0,,0.14608502388000488,0.0010976791381835938
20250623_173726_748,-43,NO_RADIO,32,0,,0.1487429141998291,0.0009870529174804688
20250623_173726_899,-43,NO_RADIO,32,0,,0.14689302444458008,0.0008647441864013672
20250623_173727_048,-43,NO_RADIO,32,0,,0.14606189727783203,0.0010089874267578125
20250623_173727_196,-43,NO_RADIO,32,0,,0.13888239860534668,0.0009427070617675781
20250623_173727_337,-43,NO_RADIO,32,0,,0.14616107940673828,0.0012693405151367188
20250623_173727_486,-43,NO_RADIO,32,0,,0.1473388671875,0.0010449886322021484
20250623_173727_635,-43,NO_RADIO,32,0,,0.14867758750915527,0.0009489059448242188
20250623_173727_786,-43,NO_RADIO,32,0,,0.14722752571105957,0.0010077953338623047
20250623_173727_936,-43,NO_RADIO,32,0,,0.14681148529052734,0.0008099079132080078
20250623_173728_084,-43,NO_RADIO,32,0,,0.14970707893371582,0.0009846687316894531
20250623_173728_236,-43,NO_RADIO,32,0,,0.1484522819519043,0.0009794235229492188
20250623_173728_387,-43,NO_RADIO,32,0,,0.1448655128479004,0.0010352134704589844
20250623_173728_534,-43,NO_RADIO,32,0,,0.15091609954833984,0.0010216236114501953
20250623_173728_687,-43,NO_RADIO,32,0,,0.14800691604614258,0.0009558200836181641
20250623_173728_838,-43,NO_RADIO,32,0,,0.1495058536529541,0.001043558120727539
20250623_173728_990,-43,NO_RADIO,32,0,,0.14783811569213867,0.0009670257568359375
20250623_173729_140,-43,NO_RADIO,32,0,,0.14441156387329102,0.0009489059448242188
20250623_173729_286,-43,NO_RADIO,32,0,,0.14882278442382812,0.0010905265808105469
20250623_173729_437,-43,NO_RADIO,32,0,,0.14867067337036133,0.0010211467742919922
20250623_173729_588,-43,NO_RADIO,32,0,,0.15575814247131348,0.0012557506561279297
20250623_173729_747,-43,NO_RADIO,32,0,,0.14934206008911133,0.0008642673492431641
20250623_173729_898,-43,NO_RADIO,32,0,,0.14934825897216797,0.0008938312530517578
20250623_173730_050,-42,NO_RADIO,32,0,,0.13703656196594238,0.0009207725524902344
20250623_173730_189,-42,NO_RADIO,32,0,,0.14550447463989258,0.001367807388305664
20250623_173730_337,-42,NO_RADIO,32,0,,0.14520740509033203,0.0013279914855957031
20250623_173730_486,-42,NO_RADIO,32,0,,0.14736437797546387,0.0012013912200927734
20250623_173730_635,-42,NO_RADIO,32,0,,0.14692974090576172,0.0009315013885498047
20250623_173730_784,-42,NO_RADIO,32,0,,0.14973783493041992,0.0008175373077392578
20250623_173730_936,-42,NO_RADIO,32,0,,0.1516401767730713,0.0008981227874755859
20250623_173731_090,-42,NO_RADIO,32,0,,0.14475417137145996,0.0008597373962402344
20250623_173731_237,-42,NO_RADIO,32,0,,0.14714264869689941,0.0008752346038818359
20250623_173731_386,-42,NO_RADIO,32,0,,0.1472764015197754,0.0009748935699462891
20250623_173731_535,-42,NO_RADIO,32,0,,0.14907503128051758,0.00098419189453125
20250623_173731_686,-42,NO_RADIO,32,0,,0.1483161449432373,0.0009925365447998047
20250623_173731_837,-42,NO_RADIO,32,0,,0.14683008193969727,0.0008573532104492188
20250623_173731_986,-42,NO_RADIO,32,0,,0.15064263343811035,0.0009648799896240234
20250623_173732_139,-42,NO_RADIO,32,0,,0.14602375030517578,0.0012161731719970703
20250623_173732_288,-42,NO_RADIO,32,0,,0.1455223560333252,0.001035928726196289
20250623_173732_435,-42,NO_RADIO,32,0,,0.14818263053894043,0.0010008811950683594
20250623_173732_586,-42,NO_RADIO,32,0,,0.14957237243652344,0.0008859634399414062
20250623_173732_737,-42,NO_RADIO,32,0,,0.14747929573059082,0.0009295940399169922
20250623_173732_887,-42,NO_RADIO,32,0,,0.14851856231689453,0.0010941028594970703
20250623_173733_038,-42,NO_RADIO,32,0,,0.1444408893585205,0.0008635520935058594
20250623_173733_184,-42,NO_RADIO,32,0,,0.16698503494262695,0.0008962154388427734
20250623_173733_353,-42,NO_RADIO,32,0,,0.14641261100769043,0.0010178089141845703
20250623_173733_502,-42,NO_RADIO,32,0,,0.1490650177001953,0.0009307861328125
20250623_173733_653,-42,NO_RADIO,32,0,,0.14760899543762207,0.0010035037994384766
20250623_173733_803,-42,NO_RADIO,32,0,,0.14776277542114258,0.0008916854858398438
20250623_173733_953,-41,NO_RADIO,32,0,,0.14976263046264648,0.001056671142578125
20250623_173734_105,-41,NO_RADIO,32,0,,0.14794397354125977,0.001215219497680664
20250623_173734_256,-41,NO_RADIO,32,0,,0.14783644676208496,0.000995635986328125
20250623_173734_406,-41,NO_RADIO,32,0,,0.14479994773864746,0.0012552738189697266
20250623_173734_554,-41,NO_RADIO,32,0,,0.14691591262817383,0.0012230873107910156
20250623_173734_703,-41,NO_RADIO,32,0,,0.14815139770507812,0.000982046127319336
20250623_173734_854,-41,NO_RADIO,32,0,,0.1438760757446289,0.0009753704071044922
20250623_173735_000,-41,NO_RADIO,32,0,,0.15287375450134277,0.0009021759033203125
20250623_173735_155,-41,NO_RADIO,32,0,,0.1556248664855957,0.0008139610290527344
20250623_173735_312,-41,NO_RADIO,32,0,,0.1524648666381836,0.0009095668792724609
20250623_173735_467,-41,NO_RADIO,32,0,,0.146928071975708,0.0012621879577636719
20250623_173735_616,-41,NO_RADIO,32,0,,0.1462874412536621,0.0009710788726806641
20250623_173735_765,-41,NO_RADIO,32,0,,0.14876151084899902,0.0008757114410400391
20250623_173735_916,-41,NO_RADIO,32,0,,0.1467759609222412,0.0008077621459960938
20250623_173736_064,-41,NO_RADIO,32,0,,0.14795756340026855,0.0008611679077148438
20250623_173736_214,-41,NO_RADIO,32,0,,0.14748668670654297,0.0010192394256591797
20250623_173736_364,-41,NO_RADIO,32,0,,0.14786171913146973,0.0008668899536132812
20250623_173736_514,-41,NO_RADIO,32,0,,0.15510892868041992,0.0013048648834228516
20250623_173736_672,-41,NO_RADIO,32,0,,0.1463172435760498,0.0012583732604980469
20250623_173736_821,-41,NO_RADIO,32,0,,0.1450052261352539,0.0010709762573242188
20250623_173736_968,-41,NO_RADIO,32,0,,0.14918088912963867,0.0012059211730957031
20250623_173737_120,-41,NO_RADIO,32,0,,0.14830398559570312,0.001215219497680664
20250623_173737_271,-41,NO_RADIO,32,0,,0.14809155464172363,0.0009570121765136719
20250623_173737_422,-41,NO_RADIO,32,0,,0.14521527290344238,0.0010292530059814453
20250623_173737_569,-41,NO_RADIO,32,0,,0.14409160614013672,0.0010116100311279297
20250623_173737_716,-41,NO_RADIO,32,0,,0.14766168594360352,0.0009734630584716797
20250623_173737_866,-41,NO_RADIO,32,0,,0.1471574306488037,0.0008952617645263672
20250623_173738_015,-40,NO_RADIO,32,0,,0.16582107543945312,0.0009198188781738281
20250623_173738_183,-40,NO_RADIO,32,0,,0.19685769081115723,0.0008685588836669922
20250623_173738_382,-40,NO_RADIO,32,0,,0.15223479270935059,0.0009744167327880859
20250623_173738_536,-40,NO_RADIO,32,0,,0.15133070945739746,0.0011911392211914062
20250623_173738_690,-40,NO_RADIO,32,0,,0.14447546005249023,0.0009105205535888672
20250623_173738_836,-40,NO_RADIO,32,0,,0.14888596534729004,0.0008404254913330078
20250623_173738_987,-40,NO_RADIO,32,0,,0.14641451835632324,0.00090789794921875
20250623_173739_136,-40,NO_RADIO,32,0,,0.14832496643066406,0.0008821487426757812
20250623_173739_286,-40,NO_RADIO,32,0,,0.1443774700164795,0.0008342266082763672
20250623_173739_432,-40,NO_RADIO,32,0,,0.14887475967407227,0.0009860992431640625
20250623_173739_584,-40,NO_RADIO,32,0,,0.1469128131866455,0.0010519027709960938
20250623_173739_733,-40,NO_RADIO,32,0,,0.14751410484313965,0.0009012222290039062
20250623_173739_882,-40,NO_RADIO,32,0,,0.14816784858703613,0.0008406639099121094
20250623_173740_032,-40,NO_RADIO,32,0,,0.14884090423583984,0.0008764266967773438
20250623_173740_183,-40,NO_RADIO,32,0,,0.14908051490783691,0.0011568069458007812
20250623_173740_335,-40,NO_RADIO,32,0,,0.1524519920349121,0.0009222030639648438
20250623_173740_489,-40,NO_RADIO,32,0,,0.1455092430114746,0.0012145042419433594
20250623_173740_638,-40,NO_RADIO,32,0,,0.14679813385009766,0.0011169910430908203
20250623_173740_787,-40,NO_RADIO,32,0,,0.1460564136505127,0.0011718273162841797
20250623_173740_935,-40,NO_RADIO,32,0,,0.14726042747497559,0.0010564327239990234
20250623_173741_085,-40,NO_RADIO,32,0,,0.14686846733093262,0.0008709430694580078
20250623_173741_234,-40,NO_RADIO,32,0,,0.14854812622070312,0.0008795261383056641
20250623_173741_385,-40,NO_RADIO,32,0,,0.14877033233642578,0.0010962486267089844
20250623_173741_536,-40,NO_RADIO,32,0,,0.14914989471435547,0.0012295246124267578
20250623_173741_688,-40,NO_RADIO,32,0,,0.14743876457214355,0.0008823871612548828
20250623_173741_838,-40,NO_RADIO,32,0,,0.14702486991882324,0.0008449554443359375
20250623_173741_987,-39,NO_RADIO,32,0,,0.1506209373474121,0.0011203289031982422
20250623_173742_140,-39,NO_RADIO,32,0,,0.14557695388793945,0.0011332035064697266
20250623_173742_288,-39,NO_RADIO,32,0,,0.14791440963745117,0.0010695457458496094
20250623_173742_439,-39,NO_RADIO,32,0,,0.14567017555236816,0.0010385513305664062
20250623_173742_586,-39,NO_RADIO,32,0,,0.14711308479309082,0.0012547969818115234
20250623_173742_736,-39,NO_RADIO,32,0,,0.14725708961486816,0.0011866092681884766
20250623_173742_886,-39,NO_RADIO,32,0,,0.1490039825439453,0.0011718273162841797
20250623_173743_038,-39,NO_RADIO,32,0,,0.1855003833770752,0.0008647441864013672
20250623_173743_226,-39,NO_RADIO,32,0,,0.15612220764160156,0.0009548664093017578
20250623_173743_384,-39,NO_RADIO,32,0,,0.1482686996459961,0.0009770393371582031
20250623_173743_534,-39,NO_RADIO,32,0,,0.1495811939239502,0.0009136199951171875
20250623_173743_686,-39,NO_RADIO,32,0,,0.27952003479003906,0.0009281635284423828
20250623_173743_968,-39,NO_RADIO,32,0,,0.14944243431091309,0.0012612342834472656
20250623_173744_120,-39,NO_RADIO,32,0,,0.14824438095092773,0.0008869171142578125
20250623_173744_270,-39,NO_RADIO,32,0,,0.14770793914794922,0.0008974075317382812
20250623_173744_420,-39,NO_RADIO,32,0,,0.14867901802062988,0.0009915828704833984
20250623_173744_571,-39,NO_RADIO,32,0,,0.14814376831054688,0.0010111331939697266
20250623_173744_721,-39,NO_RADIO,32,0,,0.15181422233581543,0.0008780956268310547
20250623_173744_875,-39,NO_RADIO,32,0,,0.1518409252166748,0.0008640289306640625
20250623_173745_029,-39,NO_RADIO,32,0,,0.15136122703552246,0.0011222362518310547
20250623_173745_183,-39,NO_RADIO,32,0,,0.1484966278076172,0.0008394718170166016
20250623_173745_333,-39,NO_RADIO,32,0,,0.1502993106842041,0.0009477138519287109
20250623_173745_486,-39,NO_RADIO,32,0,,0.1450812816619873,0.0009472370147705078
20250623_173745_633,-39,NO_RADIO,32,0,,0.14691543579101562,0.0010061264038085938
20250623_173745_782,-39,NO_RADIO,32,0,,0.13912415504455566,0.0008742809295654297
20250623_173745_923,-38,NO_RADIO,32,0,,0.14478039741516113,0.0008454322814941406
20250623_173746_070,-38,NO_RADIO,32,0,,0.14760351181030273,0.0008122920989990234
20250623_173746_220,-38,NO_RADIO,32,0,,0.1462569236755371,0.0009343624114990234
20250623_173746_368,-38,NO_RADIO,32,0,,0.14905095100402832,0.0009074211120605469
20250623_173746_519,-38,NO_RADIO,32,0,,0.1461648941040039,0.0009653568267822266
20250623_173746_668,-38,NO_RADIO,32,0,,0.14890742301940918,0.0012366771697998047
20250623_173746_819,-38,NO_RADIO,32,0,,0.1478590965270996,0.00090789794921875
20250623_173746_969,-38,NO_RADIO,32,0,,0.14977073669433594,0.0009899139404296875
20250623_173747_121,-38,NO_RADIO,32,0,,0.14668917655944824,0.0008649826049804688
20250623_173747_270,-38,NO_RADIO,32,0,,0.14807438850402832,0.0008940696716308594
20250623_173747_420,-38,NO_RADIO,32,0,,0.14816617965698242,0.0009784698486328125
20250623_173747_571,-38,NO_RADIO,32,0,,0.14646697044372559,0.0012180805206298828
20250623_173747_720,-38,NO_RADIO,32,0,,0.14668917655944824,0.0010824203491210938
20250623_173747_869,-38,NO_RADIO,32,0,,0.14755916595458984,0.0009143352508544922
20250623_173748_019,-38,NO_RADIO,32,0,,0.1466846466064453,0.0010731220245361328
20250623_173748_168,-38,NO_RADIO,32,0,,0.14954876899719238,0.0010886192321777344
20250623_173748_320,-38,NO_RADIO,32,0,,0.14883089065551758,0.0010263919830322266
20250623_173748_471,-38,NO_RADIO,32,0,,0.146867036819458,0.001402139663696289
20250623_173748_621,-38,NO_RADIO,32,0,,0.1483914852142334,0.000980377197265625
20250623_173748_772,-38,NO_RADIO,32,0,,0.14774441719055176,0.00083160400390625
20250623_173748_922,-38,NO_RADIO,32,0,,0.14594674110412598,0.0008382797241210938
20250623_173749_069,-38,NO_RADIO,32,0,,0.14865350723266602,0.0010006427764892578
20250623_173749_220,-38,NO_RADIO,32,0,,0.1450028419494629,0.0008251667022705078
20250623_173749_367,-38,NO_RADIO,32,0,,0.14660048484802246,0.0008561611175537109
20250623_173749_516,-38,NO_RADIO,32,0,,0.15633225440979004,0.0009975433349609375
20250623_173749_674,-38,NO_RADIO,32,0,,0.14336395263671875,0.0009706020355224609
20250623_173749_820,-38,NO_RADIO,32,0,,0.14385199546813965,0.0008416175842285156
20250623_173749_966,-37,NO_RADIO,32,0,,0.14806079864501953,0.0008833408355712891
20250623_173750_116,-37,NO_RADIO,32,0,,0.14767098426818848,0.0010793209075927734
20250623_173750_266,-37,NO_RADIO,32,0,,0.16178607940673828,0.0008409023284912109
20250623_173750_430,-37,NO_RADIO,32,0,,0.14011096954345703,0.0009200572967529297
20250623_173750_572,-37,NO_RADIO,32,0,,0.14633512496948242,0.0010213851928710938
20250623_173750_721,-37,NO_RADIO,32,0,,0.1435544490814209,0.0008919239044189453
20250623_173750_867,-37,NO_RADIO,32,0,,0.15099883079528809,0.0008273124694824219
20250623_173751_019,-37,NO_RADIO,32,0,,0.14409947395324707,0.0008654594421386719
20250623_173751_166,-37,NO_RADIO,32,0,,0.1503462791442871,0.0010123252868652344
20250623_173751_318,-37,NO_RADIO,32,0,,0.14549493789672852,0.0008854866027832031
20250623_173751_466,-37,NO_RADIO,32,0,,0.15157651901245117,0.0009932518005371094
20250623_173751_620,-37,NO_RADIO,32,0,,0.14810848236083984,0.0009212493896484375
20250623_173751_770,-37,NO_RADIO,32,0,,0.14714503288269043,0.0008635520935058594
20250623_173751_919,-37,NO_RADIO,32,0,,0.1486818790435791,0.0008108615875244141
20250623_173752_070,-37,NO_RADIO,32,0,,0.14851617813110352,0.0009181499481201172
20250623_173752_220,-37,NO_RADIO,32,0,,0.14715814590454102,0.0008432865142822266
20250623_173752_369,-37,NO_RADIO,32,0,,0.1469283103942871,0.001033782958984375
20250623_173752_519,-37,NO_RADIO,32,0,,0.1474168300628662,0.0013270378112792969
20250623_173752_670,-37,NO_RADIO,32,0,,0.14867329597473145,0.0012400150299072266
20250623_173752_821,-37,NO_RADIO,32,0,,0.14568662643432617,0.0008749961853027344
20250623_173752_968,-37,NO_RADIO,32,0,,0.14881229400634766,0.0008256435394287109
20250623_173753_119,-37,NO_RADIO,32,0,,0.17735552787780762,0.0008857250213623047
20250623_173753_298,-37,NO_RADIO,32,0,,0.14645814895629883,0.0011210441589355469
20250623_173753_448,-37,NO_RADIO,32,0,,0.14699673652648926,0.0010333061218261719
20250623_173753_597,-37,NO_RADIO,32,0,,0.15413856506347656,0.0009508132934570312
20250623_173753_753,-37,NO_RADIO,32,0,,0.14924144744873047,0.0008771419525146484
20250623_173753_905,-36,NO_RADIO,32,0,,0.14557361602783203,0.0008268356323242188
20250623_173754_053,-36,NO_RADIO,32,0,,0.1493363380432129,0.0008749961853027344
20250623_173754_204,-36,NO_RADIO,32,0,,0.1463472843170166,0.0009486675262451172
20250623_173754_353,-36,NO_RADIO,32,0,,0.1482229232788086,0.0011332035064697266
20250623_173754_503,-36,NO_RADIO,32,0,,0.14784908294677734,0.0009415149688720703
20250623_173754_653,-36,NO_RADIO,32,0,,0.1474161148071289,0.0009887218475341797
20250623_173754_803,-36,NO_RADIO,32,0,,0.14864873886108398,0.0008594989776611328
20250623_173754_954,-36,NO_RADIO,32,0,,0.1490483283996582,0.0010461807250976562
20250623_173755_105,-36,NO_RADIO,32,0,,0.14707088470458984,0.0009405612945556641
20250623_173755_255,-36,NO_RADIO,32,0,,0.14299511909484863,0.0008857250213623047
20250623_173755_400,-36,NO_RADIO,32,0,,0.1384108066558838,0.0011069774627685547
20250623_173755_540,-36,NO_RADIO,32,0,,0.1455228328704834,0.001125335693359375
20250623_173755_688,-36,NO_RADIO,32,0,,0.1466822624206543,0.0009350776672363281
20250623_173755_837,-36,NO_RADIO,32,0,,0.1475381851196289,0.0008678436279296875
20250623_173755_987,-36,NO_RADIO,32,0,,0.15116381645202637,0.0008683204650878906
20250623_173756_140,-36,NO_RADIO,32,0,,0.16092658042907715,0.0008778572082519531
20250623_173756_303,-36,NO_RADIO,32,0,,0.14908075332641602,0.000865936279296875
20250623_173756_454,-36,NO_RADIO,32,0,,0.1475670337677002,0.0009372234344482422
20250623_173756_604,-36,NO_RADIO,32,0,,0.14657378196716309,0.0012950897216796875
20250623_173756_753,-36,NO_RADIO,32,0,,0.14772748947143555,0.0009274482727050781
20250623_173756_903,-36,NO_RADIO,32,0,,0.14820194244384766,0.0011332035064697266
20250623_173757_054,-36,NO_RADIO,32,0,,0.1469266414642334,0.0009417533874511719
20250623_173757_203,-36,NO_RADIO,32,0,,0.1496574878692627,0.0008559226989746094
20250623_173757_355,-36,NO_RADIO,32,0,,0.1478574275970459,0.0008258819580078125
20250623_173757_504,-36,NO_RADIO,32,0,,0.14801239967346191,0.0009698867797851562
20250623_173757_655,-36,NO_RADIO,32,0,,0.1469111442565918,0.0009036064147949219
20250623_173757_804,-36,NO_RADIO,32,0,,0.14786529541015625,0.0009076595306396484
20250623_173757_954,-35,NO_RADIO,32,0,,0.14763712882995605,0.0007984638214111328
20250623_173758_103,-35,NO_RADIO,32,0,,0.14375782012939453,0.0009319782257080078
20250623_173758_249,-35,NO_RADIO,32,0,,0.14655351638793945,0.0008459091186523438
20250623_173758_398,-35,NO_RADIO,32,0,,0.1467125415802002,0.0009014606475830078
20250623_173758_547,-35,NO_RADIO,32,0,,0.14972591400146484,0.0009918212890625
20250623_173758_699,-35,NO_RADIO,32,0,,0.15187454223632812,0.0008516311645507812
20250623_173758_852,-35,NO_RADIO,32,0,,0.14809274673461914,0.0009217262268066406
20250623_173759_003,-35,NO_RADIO,32,0,,0.14744353294372559,0.0008580684661865234
20250623_173759_152,-35,NO_RADIO,32,0,,0.1455521583557129,0.0008301734924316406
20250623_173759_300,-35,NO_RADIO,32,0,,0.1483604907989502,0.000865936279296875
20250623_173759_450,-35,NO_RADIO,32,0,,0.15181612968444824,0.0009348392486572266
20250623_173759_604,-35,NO_RADIO,32,0,,0.1481175422668457,0.0009126663208007812
20250623_173759_754,-35,NO_RADIO,32,0,,0.146728515625,0.0008420944213867188
20250623_173759_903,-35,NO_RADIO,32,0,,0.15067481994628906,0.0008790493011474609
20250623_173800_056,-35,NO_RADIO,32,0,,0.14615583419799805,0.0007996559143066406
20250623_173800_204,-35,NO_RADIO,32,0,,0.1486978530883789,0.0008406639099121094
20250623_173800_354,-35,NO_RADIO,32,0,,0.14647269248962402,0.0008585453033447266
20250623_173800_503,-35,NO_RADIO,32,0,,0.14951729774475098,0.0010042190551757812
20250623_173800_655,-35,NO_RADIO,32,0,,0.1472187042236328,0.0009667873382568359
20250623_173800_804,-35,NO_RADIO,32,0,,0.14608144760131836,0.0008761882781982422
20250623_173800_952,-35,NO_RADIO,32,0,,0.14805126190185547,0.0010144710540771484
20250623_173801_103,-35,NO_RADIO,32,0,,0.14937973022460938,0.0008130073547363281
20250623_173801_254,-35,NO_RADIO,32,0,,0.14760112762451172,0.0010731220245361328
20250623_173801_404,-35,NO_RADIO,32,0,,0.14851808547973633,0.0011680126190185547
20250623_173801_555,-35,NO_RADIO,32,0,,0.14629626274108887,0.000957489013671875
20250623_173801_704,-35,NO_RADIO,32,0,,0.1485602855682373,0.0008502006530761719
20250623_173801_854,-35,NO_RADIO,32,0,,0.1462879180908203,0.0008156299591064453
20250623_173802_002,-34,NO_RADIO,32,0,,0.14795470237731934,0.000843048095703125
20250623_173802_152,-34,NO_RADIO,32,0,,0.1474151611328125,0.0009262561798095703
20250623_173802_302,-34,NO_RADIO,32,0,,0.14936089515686035,0.0007960796356201172
20250623_173802_453,-34,NO_RADIO,32,0,,0.1518571376800537,0.0009579658508300781
20250623_173802_607,-34,NO_RADIO,32,0,,0.2947688102722168,0.001016378402709961
20250623_173802_904,-34,NO_RADIO,32,0,,0.15808844566345215,0.0009734630584716797
20250623_173803_065,-34,NO_RADIO,32,0,,0.15125727653503418,0.0008184909820556641
20250623_173803_218,-34,NO_RADIO,32,0,,0.1455671787261963,0.0008299350738525391
20250623_173803_365,-34,NO_RADIO,32,0,,0.1798112392425537,0.0011909008026123047
20250623_173803_548,-34,NO_RADIO,32,0,,0.15244245529174805,0.0012125968933105469
20250623_173803_703,-34,NO_RADIO,32,0,,0.14946341514587402,0.0008957386016845703
20250623_173803_855,-34,NO_RADIO,32,0,,0.15521788597106934,0.0008630752563476562
20250623_173804_012,-34,NO_RADIO,32,0,,0.14853525161743164,0.0008666515350341797
20250623_173804_163,-34,NO_RADIO,32,0,,0.15103769302368164,0.0010733604431152344
20250623_173804_316,-34,NO_RADIO,32,0,,0.15324783325195312,0.0010154247283935547
20250623_173804_472,-34,NO_RADIO,32,0,,0.1482710838317871,0.0012445449829101562
20250623_173804_623,-34,NO_RADIO,32,0,,0.15555763244628906,0.0009369850158691406
20250623_173804_781,-34,NO_RADIO,32,0,,0.15147852897644043,0.0008747577667236328
20250623_173804_934,-34,NO_RADIO,32,0,,0.15201854705810547,0.0008029937744140625
20250623_173805_088,-34,NO_RADIO,32,0,,0.15667200088500977,0.0008664131164550781
20250623_173805_247,-34,51,51,27.6,39.46306194474781,0.18534493446350098,0.0009374618530273438
20250623_173805_434,-34,NO_RADIO,51,27.6,39.46306194474781,0.1514897346496582,0.0010192394256591797
20250623_173805_588,-34,NO_RADIO,51,27.6,39.46306194474781,0.14680194854736328,0.000997304916381836
20250623_173805_737,-34,NO_RADIO,51,27.6,39.46306194474781,0.15417838096618652,0.0008385181427001953
20250623_173805_893,-33,NO_RADIO,32,0,,0.14585423469543457,0.00077056884765625
20250623_173806_041,-33,NO_RADIO,32,0,,0.15282464027404785,0.000812530517578125
20250623_173806_196,-33,NO_RADIO,32,0,,0.15076994895935059,0.0009722709655761719
20250623_173806_349,-33,NO_RADIO,32,0,,0.15247130393981934,0.0011453628540039062
20250623_173806_504,-33,NO_RADIO,32,0,,0.14832019805908203,0.0013837814331054688
20250623_173806_655,-33,NO_RADIO,32,0,,0.15510773658752441,0.0012652873992919922
20250623_173806_813,-33,NO_RADIO,32,0,,0.16048264503479004,0.0008866786956787109
20250623_173806_976,-33,NO_RADIO,32,0,,0.15987038612365723,0.0008785724639892578
20250623_173807_138,-33,NO_RADIO,32,0,,0.15152716636657715,0.0008800029754638672
20250623_173807_291,-33,NO_RADIO,32,0,,0.15398883819580078,0.0008003711700439453
20250623_173807_447,-33,NO_RADIO,32,0,,0.15624570846557617,0.0009548664093017578
20250623_173807_606,-33,NO_RADIO,32,0,,0.15432047843933105,0.0009305477142333984
20250623_173807_762,-33,NO_RADIO,32,0,,0.15005826950073242,0.0008559226989746094
20250623_173807_914,-33,NO_RADIO,32,0,,0.15244293212890625,0.0008132457733154297
20250623_173808_068,-33,NO_RADIO,32,0,,0.15145206451416016,0.000865936279296875
20250623_173808_222,-33,NO_RADIO,32,0,,0.14998674392700195,0.0008819103240966797
20250623_173808_374,-33,NO_RADIO,32,0,,0.17913293838500977,0.0009057521820068359
20250623_173808_555,-33,NO_RADIO,32,0,,0.1575784683227539,0.000972747802734375
20250623_173808_715,-33,NO_RADIO,32,0,,0.15468168258666992,0.0008561611175537109
20250623_173808_872,-33,NO_RADIO,32,0,,0.155440092086792,0.0008428096771240234
20250623_173809_029,-33,NO_RADIO,32,0,,0.15076875686645508,0.0008094310760498047
20250623_173809_182,-33,NO_RADIO,32,0,,0.15152859687805176,0.0007939338684082031
20250623_173809_335,-33,NO_RADIO,32,0,,0.15176987648010254,0.0009329319000244141
20250623_173809_489,-33,NO_RADIO,32,0,,0.15738749504089355,0.0009882450103759766
20250623_173809_649,-33,NO_RADIO,32,0,,0.15425443649291992,0.001163482666015625
20250623_173809_805,-33,NO_RADIO,32,0,,0.15610885620117188,0.0010056495666503906
20250623_173809_964,-32,NO_RADIO,32,0,,0.14913010597229004,0.001026153564453125
20250623_173810_116,-32,NO_RADIO,32,0,,0.1645832061767578,0.0010004043579101562
20250623_173810_283,-32,51,51,27.6,38.62878330137982,0.1871330738067627,0.0010869503021240234
20250623_173810_472,-32,51,51,27.6,38.62878330137982,0.1823275089263916,0.0010225772857666016
20250623_173810_657,-32,51,51,27.6,38.62878330137982,0.18118071556091309,0.0010426044464111328
20250623_173810_840,-32,NO_RADIO,51,27.6,38.62878330137982,0.15729236602783203,0.0008466243743896484
20250623_173810_999,-32,51,51,27.6,38.62878330137982,0.3208048343658447,0.0013232231140136719
20250623_173811_323,-32,51,51,27.6,38.62878330137982,0.18349719047546387,0.0012729167938232422
20250623_173811_509,-32,NO_RADIO,51,27.6,38.62878330137982,0.14629864692687988,0.0011060237884521484
20250623_173811_658,-32,NO_RADIO,51,27.6,38.62878330137982,0.15457797050476074,0.0009758472442626953
20250623_173811_815,-32,NO_RADIO,51,27.6,38.62878330137982,0.15342497825622559,0.0008428096771240234
20250623_173811_970,-32,NO_RADIO,51,27.6,38.62878330137982,0.15248465538024902,0.0008440017700195312
20250623_173812_125,-32,NO_RADIO,51,27.6,38.62878330137982,0.14800786972045898,0.00090789794921875
20250623_173812_275,-32,NO_RADIO,51,27.6,38.62878330137982,0.1531059741973877,0.0008521080017089844
20250623_173812_430,-32,NO_RADIO,51,27.6,38.62878330137982,0.1504688262939453,0.0009963512420654297
20250623_173812_582,-32,NO_RADIO,51,27.6,38.62878330137982,0.1566019058227539,0.0009675025939941406
20250623_173812_741,-32,NO_RADIO,51,27.6,38.62878330137982,0.148331880569458,0.0012614727020263672
20250623_173812_892,-32,51,51,27.6,38.62878330137982,0.18076515197753906,0.0008778572082519531
20250623_173813_075,-32,51,51,27.6,38.62878330137982,0.17388463020324707,0.0008988380432128906
20250623_173813_250,-32,51,51,27.6,38.62878330137982,0.20809197425842285,0.0009136199951171875
20250623_173813_460,-32,51,51,27.6,38.62878330137982,0.17828869819641113,0.0009639263153076172
20250623_173813_641,-32,51,51,27.6,38.62878330137982,0.18616485595703125,0.0009365081787109375
20250623_173813_829,-32,51,51,27.6,38.62878330137982,0.18300247192382812,0.0009028911590576172
20250623_173814_014,-31,51,51,27.6,38.39558445427543,0.18567562103271484,0.0009100437164306641
20250623_173814_202,-31,51,51,27.6,38.39558445427543,0.18382906913757324,0.0008695125579833984
20250623_173814_388,-31,51,51,27.6,38.39558445427543,0.18390178680419922,0.0011487007141113281
20250623_173814_574,-31,51,51,27.6,38.39558445427543,0.1860673427581787,0.0011219978332519531
20250623_173814_763,-31,51,51,27.6,38.39558445427543,0.17653822898864746,0.0009021759033203125
20250623_173814_941,-31,51,51,27.6,38.39558445427543,0.1819167137145996,0.000873565673828125
20250623_173815_125,-31,51,51,27.6,38.39558445427543,0.18068718910217285,0.0008366107940673828
20250623_173815_308,-31,51,51,27.6,38.39558445427543,0.18231630325317383,0.0008485317230224609
20250623_173815_492,-31,51,51,27.6,38.39558445427543,0.18402099609375,0.0009839534759521484
20250623_173815_678,-31,51,51,27.6,38.39558445427543,0.17081427574157715,0.0009377002716064453
20250623_173815_851,-31,51,51,27.6,38.39558445427543,0.17939496040344238,0.0008823871612548828
20250623_173816_032,-31,51,51,27.6,38.39558445427543,0.17490053176879883,0.0009405612945556641
20250623_173816_209,-31,51,51,27.6,38.39558445427543,0.17989468574523926,0.0008616447448730469
20250623_173816_391,-31,51,51,27.6,38.39558445427543,0.1819932460784912,0.0010786056518554688
20250623_173816_576,-31,51,51,27.6,38.39558445427543,0.17073893547058105,0.0010204315185546875
20250623_173816_749,-31,51,51,27.6,38.39558445427543,0.18196558952331543,0.000926971435546875
20250623_173816_933,-31,51,51,27.6,38.39558445427543,0.17845773696899414,0.0009026527404785156
20250623_173817_113,-31,51,51,27.6,38.39558445427543,0.17620301246643066,0.0008823871612548828
20250623_173817_291,-31,51,51,27.6,38.39558445427543,0.1699056625366211,0.0009062290191650391
20250623_173817_463,-31,51,51,27.6,38.39558445427543,0.18947315216064453,0.0009591579437255859
20250623_173817_655,-31,51,51,27.6,38.39558445427543,0.17539548873901367,0.0009274482727050781
20250623_173817_833,-31,51,51,27.6,38.39558445427543,0.17885804176330566,0.0009069442749023438
20250623_173818_013,-30,51,51,27.6,36.98859311606721,0.17904424667358398,0.0008840560913085938
20250623_173818_194,-30,50,50,26.1,38.45246190239435,0.18727684020996094,0.0009317398071289062
20250623_173818_384,-30,50,50,26.1,38.45246190239435,0.18234705924987793,0.000942230224609375
20250623_173818_568,-30,50,50,26.1,38.45246190239435,0.18124079704284668,0.001062154769897461
20250623_173818_752,-30,50,50,26.1,38.45246190239435,0.17976641654968262,0.0009171962738037109
20250623_173818_934,-30,50,50,26.1,38.45246190239435,0.17769598960876465,0.0008630752563476562
20250623_173819_113,-30,50,50,26.1,38.45246190239435,0.18935394287109375,0.0008060932159423828
20250623_173819_304,-30,50,50,26.1,38.45246190239435,0.18866610527038574,0.0008497238159179688
20250623_173819_495,-30,50,50,26.1,38.45246190239435,0.18617033958435059,0.0010173320770263672
20250623_173819_683,-30,50,50,26.1,38.45246190239435,0.17858004570007324,0.0010039806365966797
20250623_173819_864,-30,50,50,26.1,38.45246190239435,0.18257474899291992,0.0008544921875
20250623_173820_049,-30,50,50,26.1,38.45246190239435,0.19189000129699707,0.0008668899536132812
20250623_173820_243,-30,50,50,26.1,38.45246190239435,0.18119454383850098,0.0008337497711181641
20250623_173820_426,-30,50,50,26.1,38.45246190239435,0.17989230155944824,0.0009665489196777344
20250623_173820_608,-30,50,50,26.1,38.45246190239435,0.1828320026397705,0.0013167858123779297
20250623_173820_793,-30,50,50,26.1,38.45246190239435,0.17921924591064453,0.0008721351623535156
20250623_173820_975,-30,50,50,26.1,38.45246190239435,0.18056297302246094,0.0009489059448242188
20250623_173821_157,-30,50,50,26.1,38.45246190239435,0.18123340606689453,0.001032114028930664
20250623_173821_341,-30,50,50,26.1,38.45246190239435,0.18423795700073242,0.0009477138519287109
20250623_173821_527,-30,50,50,26.1,38.45246190239435,0.1923224925994873,0.001012563705444336
20250623_173821_722,-30,50,50,26.1,38.45246190239435,0.18333768844604492,0.0008549690246582031
20250623_173821_907,-29,50,50,26.1,37.28952889803539,0.1859745979309082,0.0008804798126220703
20250623_173822_095,-29,50,50,26.1,37.28952889803539,0.17849373817443848,0.0009350776672363281
20250623_173822_276,-29,49,49,24.7,38.63502399404195,0.18372583389282227,0.0011365413665771484
20250623_173822_462,-29,49,49,24.7,38.63502399404195,0.18692827224731445,0.0012013912200927734
20250623_173822_651,-29,50,50,26.1,37.28952889803539,0.1772937774658203,0.0013079643249511719
20250623_173822_831,-29,50,50,26.1,37.28952889803539,0.1755661964416504,0.0008788108825683594
20250623_173823_009,-29,50,50,26.1,37.28952889803539,0.17036032676696777,0.000888824462890625
20250623_173823_181,-29,50,50,26.1,37.28952889803539,0.1685802936553955,0.000823974609375
20250623_173823_352,-29,49,49,24.7,38.63502399404195,0.20186614990234375,0.0009367465972900391
20250623_173823_556,-29,49,49,24.7,38.63502399404195,0.1778092384338379,0.0010387897491455078
20250623_173823_736,-29,49,49,24.7,38.63502399404195,0.18201732635498047,0.0009930133819580078
20250623_173823_920,-29,49,49,24.7,38.63502399404195,0.1772627830505371,0.001451253890991211
20250623_173824_100,-29,49,49,24.7,38.63502399404195,0.17900371551513672,0.000990152359008789
20250623_173824_282,-29,49,49,24.7,38.63502399404195,0.17737603187561035,0.0014367103576660156
20250623_173824_462,-29,49,49,24.7,38.63502399404195,0.17808175086975098,0.0010046958923339844
20250623_173824_642,-29,49,49,24.7,38.63502399404195,0.17086267471313477,0.0012760162353515625
20250623_173824_816,-29,49,49,24.7,38.63502399404195,0.17781519889831543,0.0012395381927490234
20250623_173824_996,-29,49,49,24.7,38.63502399404195,0.16736817359924316,0.0010311603546142578
20250623_173825_166,-29,49,49,24.7,38.63502399404195,0.17944836616516113,0.0010399818420410156
20250623_173825_348,-29,50,50,26.1,37.28952889803539,0.1675405502319336,0.0008842945098876953
20250623_173825_517,-29,50,50,26.1,37.28952889803539,0.17473602294921875,0.00099945068359375
20250623_173825_694,-29,50,50,26.1,37.28952889803539,0.16720080375671387,0.0009357929229736328
20250623_173825_864,-28,49,49,24.7,38.02927001881152,0.1763324737548828,0.0009124279022216797
20250623_173826_042,-28,49,49,24.7,38.02927001881152,0.1835615634918213,0.0009071826934814453
20250623_173826_227,-28,49,49,24.7,38.02927001881152,0.18268847465515137,0.001344442367553711
20250623_173826_413,-28,49,49,24.7,38.02927001881152,0.16898417472839355,0.0012814998626708984
20250623_173826_585,-28,49,49,24.7,38.02927001881152,0.1749420166015625,0.0010275840759277344
20250623_173826_762,-28,49,49,24.7,38.02927001881152,0.3105177879333496,0.0010907649993896484
20250623_173827_075,-28,49,49,24.7,38.02927001881152,0.17165827751159668,0.0009756088256835938
20250623_173827_249,-28,49,49,24.7,38.02927001881152,0.17626738548278809,0.000965118408203125
20250623_173827_427,-28,49,49,24.7,38.02927001881152,0.16851282119750977,0.0010023117065429688
20250623_173827_598,-28,49,49,24.7,38.02927001881152,0.18065738677978516,0.0009491443634033203
20250623_173827_781,-28,49,49,24.7,38.02927001881152,0.16790032386779785,0.0009665489196777344
20250623_173827_951,-28,49,49,24.7,38.02927001881152,0.17774057388305664,0.0009112358093261719
20250623_173828_130,-28,49,49,24.7,38.02927001881152,0.16429471969604492,0.0010116100311279297
20250623_173828_297,-28,49,49,24.7,38.02927001881152,0.18934392929077148,0.0010573863983154297
20250623_173828_489,-28,49,49,24.7,38.02927001881152,0.17289471626281738,0.0009996891021728516
20250623_173828_664,-28,49,49,24.7,38.02927001881152,0.169144868850708,0.001004934310913086
20250623_173828_835,-28,49,49,24.7,38.02927001881152,0.17384052276611328,0.0010082721710205078
20250623_173829_011,-28,49,49,24.7,38.02927001881152,0.16846084594726562,0.0008645057678222656
20250623_173829_182,-28,49,49,24.7,38.02927001881152,0.16753602027893066,0.0008482933044433594
20250623_173829_351,-28,49,49,24.7,38.02927001881152,0.1710371971130371,0.0009124279022216797
20250623_173829_524,-28,49,49,24.7,38.02927001881152,0.17507147789001465,0.0010118484497070312
20250623_173829_702,-28,49,49,24.7,38.02927001881152,0.18077349662780762,0.0009260177612304688
20250623_173829_884,-27,49,49,24.7,37.13923419132509,0.18036222457885742,0.0008790493011474609
20250623_173830_067,-27,49,49,24.7,37.13923419132509,0.174163818359375,0.000978708267211914
20250623_173830_243,-27,48,48,23.2,38.82167586233856,0.1700878143310547,0.0008573532104492188
20250623_173830_415,-27,48,48,23.2,38.82167586233856,0.17980098724365234,0.0010311603546142578
20250623_173830_597,-27,48,48,23.2,38.82167586233856,0.16817569732666016,0.001016378402709961
20250623_173830_768,-27,48,48,23.2,38.82167586233856,0.17310690879821777,0.0009093284606933594
20250623_173830_943,-27,48,48,23.2,38.82167586233856,0.16982388496398926,0.0009291172027587891
20250623_173831_115,-27,48,48,23.2,38.82167586233856,0.17441105842590332,0.0008842945098876953
20250623_173831_291,-27,48,48,23.2,38.82167586233856,0.17190265655517578,0.0008599758148193359
20250623_173831_465,-27,48,48,23.2,38.82167586233856,0.1683354377746582,0.0009613037109375
20250623_173831_635,-27,48,48,23.2,38.82167586233856,0.17396306991577148,0.0009558200836181641
20250623_173831_811,-27,48,48,23.2,38.82167586233856,0.17876911163330078,0.0009076595306396484
20250623_173831_992,-27,48,48,23.2,38.82167586233856,0.1722562313079834,0.0008561611175537109
20250623_173832_166,-27,48,48,23.2,38.82167586233856,0.17568278312683105,0.0009999275207519531
20250623_173832_344,-27,48,48,23.2,38.82167586233856,0.18434739112854004,0.0009894371032714844
20250623_173832_531,-27,48,48,23.2,38.82167586233856,0.18094658851623535,0.0010111331939697266
20250623_173832_714,-27,48,48,23.2,38.82167586233856,0.16721010208129883,0.000919342041015625
20250623_173832_883,-27,48,48,23.2,38.82167586233856,0.17258691787719727,0.0008890628814697266
20250623_173833_058,-27,48,48,23.2,38.82167586233856,0.17117929458618164,0.0008347034454345703
20250623_173833_231,-27,48,48,23.2,38.82167586233856,0.1688215732574463,0.0008654594421386719
20250623_173833_402,-27,48,48,23.2,38.82167586233856,0.19951605796813965,0.0010018348693847656
20250623_173833_604,-27,48,48,23.2,38.82167586233856,0.1745145320892334,0.0009922981262207031
20250623_173833_780,-27,48,48,23.2,38.82167586233856,0.16823935508728027,0.0010199546813964844
20250623_173833_951,-26,48,48,23.2,37.345967950827685,0.18068766593933105,0.000885009765625
20250623_173834_133,-26,NO_RADIO,48,23.2,37.345967950827685,0.14810967445373535,0.0009114742279052734
20250623_173834_283,-26,47,47,21.8,37.98517410836405,0.18854784965515137,0.0010426044464111328
20250623_173834_474,-26,47,47,21.8,37.98517410836405,0.18176507949829102,0.0013027191162109375
20250623_173834_659,-26,47,47,21.8,37.98517410836405,0.18140888214111328,0.0012493133544921875
20250623_173834_843,-26,47,47,21.8,37.98517410836405,0.18123102188110352,0.0009627342224121094
20250623_173835_026,-26,47,47,21.8,37.98517410836405,0.1848006248474121,0.0008952617645263672
20250623_173835_213,-26,47,47,21.8,37.98517410836405,0.17824935913085938,0.0008480548858642578
20250623_173835_393,-26,47,47,21.8,37.98517410836405,0.1805248260498047,0.0009396076202392578
20250623_173835_576,-26,47,47,21.8,37.98517410836405,0.18176603317260742,0.0010159015655517578
20250623_173835_760,-26,47,47,21.8,37.98517410836405,0.18077540397644043,0.0009119510650634766
20250623_173835_943,-26,47,47,21.8,37.98517410836405,0.18218612670898438,0.00084686279296875
20250623_173836_127,-26,47,47,21.8,37.98517410836405,0.1784687042236328,0.000995635986328125
20250623_173836_307,-26,47,47,21.8,37.98517410836405,0.181854248046875,0.0009222030639648438
20250623_173836_491,-26,47,47,21.8,37.98517410836405,0.18761825561523438,0.0009770393371582031
20250623_173836_681,-26,47,47,21.8,37.98517410836405,0.18318796157836914,0.0010020732879638672
20250623_173836_866,-26,47,47,21.8,37.98517410836405,0.1772003173828125,0.0012323856353759766
20250623_173837_046,-26,47,47,21.8,37.98517410836405,0.17737197875976562,0.001007080078125
20250623_173837_226,-26,47,47,21.8,37.98517410836405,0.17899298667907715,0.0008969306945800781
20250623_173837_407,-26,47,47,21.8,37.98517410836405,0.18257808685302734,0.0010557174682617188
20250623_173837_592,-26,47,47,21.8,37.98517410836405,0.18438339233398438,0.0010104179382324219
20250623_173837_778,-26,47,47,21.8,37.98517410836405,0.18366122245788574,0.0009596347808837891
20250623_173837_964,-25,47,47,21.8,36.93740774794229,0.18935298919677734,0.0010733604431152344
20250623_173838_156,-25,47,47,21.8,36.93740774794229,0.18327593803405762,0.0008981227874755859
20250623_173838_341,-25,47,47,21.8,36.93740774794229,0.18074393272399902,0.0009202957153320312
20250623_173838_524,-25,47,47,21.8,36.93740774794229,0.21011948585510254,0.0011129379272460938
20250623_173838_736,-25,47,47,21.8,36.93740774794229,0.18767189979553223,0.0009434223175048828
20250623_173838_926,-25,47,47,21.8,36.93740774794229,0.18189454078674316,0.0010128021240234375
20250623_173839_110,-25,47,47,21.8,36.93740774794229,0.18387460708618164,0.0009069442749023438
20250623_173839_296,-25,47,47,21.8,36.93740774794229,0.17833995819091797,0.0009179115295410156
20250623_173839_476,-25,47,47,21.8,36.93740774794229,0.17897796630859375,0.0010254383087158203
20250623_173839_657,-25,47,47,21.8,36.93740774794229,0.18132805824279785,0.0009932518005371094
20250623_173839_841,-25,47,47,21.8,36.93740774794229,0.1842033863067627,0.0008647441864013672
20250623_173840_027,-25,47,47,21.8,36.93740774794229,0.1854696273803711,0.0009233951568603516
20250623_173840_215,-25,47,47,21.8,36.93740774794229,0.17589855194091797,0.0008873939514160156
20250623_173840_393,-25,47,47,21.8,36.93740774794229,0.17958593368530273,0.0011060237884521484
20250623_173840_575,-25,47,47,21.8,36.93740774794229,0.18038630485534668,0.0010251998901367188
20250623_173840_757,-25,47,47,21.8,36.93740774794229,0.19328522682189941,0.0009608268737792969
20250623_173840_952,-25,47,47,21.8,36.93740774794229,0.1871166229248047,0.0009396076202392578
20250623_173841_142,-25,47,47,21.8,36.93740774794229,0.1868884563446045,0.0008721351623535156
20250623_173841_330,-25,46,46,20.3,38.63104446234643,0.1855025291442871,0.0009386539459228516
20250623_173841_518,-25,46,46,20.3,38.63104446234643,0.18180203437805176,0.0009589195251464844
20250623_173841_702,-25,47,47,21.8,36.93740774794229,0.18032026290893555,0.0008947849273681641
20250623_173841_884,-24,47,47,21.8,35.53567195911971,0.19266510009765625,0.0010037422180175781
20250623_173842_079,-24,47,47,21.8,35.53567195911971,0.1864781379699707,0.0009543895721435547
20250623_173842_268,-24,46,46,20.3,37.53046799893436,0.1909637451171875,0.0008561611175537109
20250623_173842_461,-24,46,46,20.3,37.53046799893436,0.18545913696289062,0.0010020732879638672
20250623_173842_648,-24,46,46,20.3,37.53046799893436,0.18084931373596191,0.0010039806365966797
20250623_173842_831,-24,46,46,20.3,37.53046799893436,0.17951369285583496,0.0011951923370361328
20250623_173843_014,-24,46,46,20.3,37.53046799893436,0.17809414863586426,0.001325845718383789
20250623_173843_195,-24,46,46,20.3,37.53046799893436,0.17786860466003418,0.0009491443634033203
20250623_173843_375,-24,46,46,20.3,37.53046799893436,0.19907546043395996,0.0009944438934326172
20250623_173843_576,-24,46,46,20.3,37.53046799893436,0.1823432445526123,0.0009818077087402344
20250623_173843_760,-24,46,46,20.3,37.53046799893436,0.1788945198059082,0.0009260177612304688
20250623_173843_941,-24,46,46,20.3,37.53046799893436,0.18189191818237305,0.0013189315795898438
20250623_173844_126,-24,46,46,20.3,37.53046799893436,0.1810755729675293,0.0009162425994873047
20250623_173844_309,-24,46,46,20.3,37.53046799893436,0.18025732040405273,0.0011284351348876953
20250623_173844_492,-24,46,46,20.3,37.53046799893436,0.1854085922241211,0.0012392997741699219
20250623_173844_681,-24,46,46,20.3,37.53046799893436,0.18043088912963867,0.0010232925415039062
20250623_173844_863,-24,46,46,20.3,37.53046799893436,0.17755484580993652,0.001184701919555664
20250623_173845_043,-24,46,46,20.3,37.53046799893436,0.18136978149414062,0.0009205341339111328
20250623_173845_227,-24,46,46,20.3,37.53046799893436,0.1783144474029541,0.0012662410736083984
20250623_173845_408,-24,46,46,20.3,37.53046799893436,0.19048118591308594,0.0010352134704589844
20250623_173845_601,-24,46,46,20.3,37.53046799893436,0.18300533294677734,0.0009770393371582031
20250623_173845_786,-24,46,46,20.3,37.53046799893436,0.18137264251708984,0.0010113716125488281
20250623_173845_969,-23,46,46,20.3,35.64232810817132,0.1799170970916748,0.00092315673828125
20250623_173846_151,-23,45,45,18.9,38.3711114179356,0.18157720565795898,0.0008649826049804688
20250623_173846_335,-23,45,45,18.9,38.3711114179356,0.17900443077087402,0.0010256767272949219
20250623_173846_516,-23,45,45,18.9,38.3711114179356,0.17956876754760742,0.0010526180267333984
20250623_173846_698,-23,45,45,18.9,38.3711114179356,0.17700576782226562,0.0012447834014892578
20250623_173846_878,-23,45,45,18.9,38.3711114179356,0.17806720733642578,0.0010025501251220703
20250623_173847_058,-23,45,45,18.9,38.3711114179356,0.19864606857299805,0.0009639263153076172
20250623_173847_259,-23,45,45,18.9,38.3711114179356,0.1813216209411621,0.0009098052978515625
20250623_173847_442,-23,45,45,18.9,38.3711114179356,0.18946313858032227,0.0010225772857666016
20250623_173847_634,-23,45,45,18.9,38.3711114179356,0.18259930610656738,0.000988006591796875
20250623_173847_819,-23,45,45,18.9,38.3711114179356,0.17898035049438477,0.0009133815765380859
20250623_173848_000,-23,45,45,18.9,38.3711114179356,0.17940902709960938,0.0009968280792236328
20250623_173848_181,-23,46,46,20.3,35.64232810817132,0.1833786964416504,0.0008821487426757812
20250623_173848_367,-23,46,46,20.3,35.64232810817132,0.20665812492370605,0.0009665489196777344
20250623_173848_575,-23,46,46,20.3,35.64232810817132,0.18215036392211914,0.0010883808135986328
20250623_173848_760,-23,46,46,20.3,35.64232810817132,0.17940568923950195,0.0012426376342773438
20250623_173848_942,-23,46,46,20.3,35.64232810817132,0.18628263473510742,0.001027822494506836
20250623_173849_130,-23,46,46,20.3,35.64232810817132,0.17994976043701172,0.0008711814880371094
20250623_173849_312,-23,46,46,20.3,35.64232810817132,0.17682695388793945,0.0008575916290283203
20250623_173849_491,-23,46,46,20.3,35.64232810817132,0.18518614768981934,0.0010037422180175781
20250623_173849_678,-23,45,45,18.9,38.3711114179356,0.17818331718444824,0.0010194778442382812
20250623_173849_858,-22,46,46,20.3,32.92536425200893,0.18238139152526855,0.0008630752563476562
20250623_173850_043,-22,45,45,18.9,36.36364282004923,0.18483901023864746,0.0009043216705322266
20250623_173850_230,-22,44,44,17.4,38.67986638568102,0.17656874656677246,0.0008826255798339844
20250623_173850_408,-22,44,44,17.4,38.67986638568102,0.18441224098205566,0.0009839534759521484
20250623_173850_595,-22,44,44,17.4,38.67986638568102,0.18241381645202637,0.0010135173797607422
20250623_173850_779,-22,44,44,17.4,38.67986638568102,0.18239474296569824,0.0009214878082275391
20250623_173850_964,-22,44,44,17.4,38.67986638568102,0.18360543251037598,0.0009322166442871094
20250623_173851_150,-22,44,44,17.4,38.67986638568102,0.1881091594696045,0.0010385513305664062
20250623_173851_340,-22,44,44,17.4,38.67986638568102,0.17698359489440918,0.0009007453918457031
20250623_173851_519,-22,44,44,17.4,38.67986638568102,0.1780080795288086,0.0009481906890869141
20250623_173851_699,-22,45,45,18.9,36.36364282004923,0.18186211585998535,0.0008585453033447266
20250623_173851_883,-22,45,45,18.9,36.36364282004923,0.18453407287597656,0.0008606910705566406
20250623_173852_069,-22,45,45,18.9,36.36364282004923,0.18896269798278809,0.0008206367492675781
20250623_173852_260,-22,45,45,18.9,36.36364282004923,0.1833028793334961,0.0009431838989257812
20250623_173852_446,-22,45,45,18.9,36.36364282004923,0.18504595756530762,0.0013229846954345703
20250623_173852_634,-22,45,45,18.9,36.36364282004923,0.1765270233154297,0.0010492801666259766
20250623_173852_812,-22,45,45,18.9,36.36364282004923,0.17811298370361328,0.0009593963623046875
20250623_173852_993,-22,45,45,18.9,36.36364282004923,0.180192232131958,0.0013432502746582031
20250623_173853_175,-22,45,45,18.9,36.36364282004923,0.18190503120422363,0.0008263587951660156
20250623_173853_359,-22,45,45,18.9,36.36364282004923,0.18278789520263672,0.0009407997131347656
20250623_173853_544,-22,45,45,18.9,36.36364282004923,0.20334339141845703,0.0010106563568115234
20250623_173853_750,-22,45,45,18.9,36.36364282004923,0.17741107940673828,0.0013718605041503906
20250623_173853_930,-21,45,45,18.9,34.64434977080153,0.17641067504882812,0.001007080078125
20250623_173854_109,-21,45,45,18.9,34.64434977080153,0.18373465538024902,0.001049041748046875
20250623_173854_295,-21,44,44,17.4,37.85373971322024,0.18231964111328125,0.0013575553894042969
20250623_173854_480,-21,44,44,17.4,37.85373971322024,0.18178749084472656,0.0013010501861572266
20250623_173854_665,-21,44,44,17.4,37.85373971322024,0.18487095832824707,0.0010786056518554688
20250623_173854_852,-21,44,44,17.4,37.85373971322024,0.1782519817352295,0.0010478496551513672
20250623_173855_032,-21,44,44,17.4,37.85373971322024,0.1831827163696289,0.0010030269622802734
20250623_173855_218,-21,44,44,17.4,37.85373971322024,0.17941045761108398,0.0009908676147460938
20250623_173855_399,-21,44,44,17.4,37.85373971322024,0.17773962020874023,0.0012488365173339844
20250623_173855_580,-21,44,44,17.4,37.85373971322024,0.1796433925628662,0.0014147758483886719
20250623_173855_762,-21,44,44,17.4,37.85373971322024,0.17830586433410645,0.0013718605041503906
20250623_173855_944,-21,44,44,17.4,37.85373971322024,0.17922282218933105,0.0013668537139892578
20250623_173856_126,-21,44,44,17.4,37.85373971322024,0.18527674674987793,0.0012755393981933594
20250623_173856_314,-21,44,44,17.4,37.85373971322024,0.18716192245483398,0.0012543201446533203
20250623_173856_504,-21,44,44,17.4,37.85373971322024,0.18538904190063477,0.0012667179107666016
20250623_173856_693,-21,44,44,17.4,37.85373971322024,0.18074798583984375,0.0012581348419189453
20250623_173856_876,-21,44,44,17.4,37.85373971322024,0.18119549751281738,0.0013327598571777344
20250623_173857_060,-21,44,44,17.4,37.85373971322024,0.18029403686523438,0.0013146400451660156
20250623_173857_243,-21,44,44,17.4,37.85373971322024,0.18777680397033691,0.001300811767578125
20250623_173857_433,-21,44,44,17.4,37.85373971322024,0.1826324462890625,0.0010695457458496094
20250623_173857_618,-21,44,44,17.4,37.85373971322024,0.17784690856933594,0.0009925365447998047
20250623_173857_798,-21,44,44,17.4,37.85373971322024,0.1752629280090332,0.0009300708770751953
20250623_173857_976,-20,44,44,17.4,36.11593697153989,0.17839431762695312,0.0013780593872070312
20250623_173858_157,-20,43,43,16.0,37.99122476745601,0.1754755973815918,0.001255035400390625
20250623_173858_335,-20,43,43,16.0,37.99122476745601,0.1770474910736084,0.0012664794921875
20250623_173858_515,-20,43,43,16.0,37.99122476745601,0.21104145050048828,0.0012774467468261719
20250623_173858_729,-20,43,43,16.0,37.99122476745601,0.1770646572113037,0.0010097026824951172
20250623_173858_908,-20,43,43,16.0,37.99122476745601,0.1819016933441162,0.0008738040924072266
20250623_173859_092,-20,43,43,16.0,37.99122476745601,0.18015575408935547,0.0009338855743408203
20250623_173859_275,-20,42,42,14.5,39.50324802178254,0.18476295471191406,0.0008845329284667969
20250623_173859_461,-20,43,43,16.0,37.99122476745601,0.18051886558532715,0.0009233951568603516
20250623_173859_644,-20,43,43,16.0,37.99122476745601,0.18238139152526855,0.0009310245513916016
20250623_173859_828,-20,43,43,16.0,37.99122476745601,0.17694807052612305,0.0009334087371826172
20250623_173900_007,-20,43,43,16.0,37.99122476745601,0.18738770484924316,0.0008473396301269531
20250623_173900_197,-20,43,43,16.0,37.99122476745601,0.19932150840759277,0.0008628368377685547
20250623_173900_398,-20,43,43,16.0,37.99122476745601,0.17843198776245117,0.0009653568267822266
20250623_173900_579,-20,43,43,16.0,37.99122476745601,0.1807851791381836,0.0010709762573242188
20250623_173900_762,-20,43,43,16.0,37.99122476745601,0.1784515380859375,0.0009300708770751953
20250623_173900_942,-20,43,43,16.0,37.99122476745601,0.18434977531433105,0.0009338855743408203
20250623_173901_129,-20,43,43,16.0,37.99122476745601,0.18401670455932617,0.0008525848388671875
20250623_173901_315,-20,43,43,16.0,37.99122476745601,0.17485427856445312,0.0008985996246337891
20250623_173901_491,-20,43,43,16.0,37.99122476745601,0.18609046936035156,0.0010514259338378906
20250623_173901_680,-20,43,43,16.0,37.99122476745601,0.17622113227844238,0.0009541511535644531
20250623_173901_858,-19,43,43,16.0,36.818106639893536,0.18462467193603516,0.0008568763732910156
20250623_173902_045,-19,43,43,16.0,36.818106639893536,0.18474030494689941,0.0011415481567382812
20250623_173902_232,-19,42,42,14.5,38.779697354589736,0.17890572547912598,0.0011563301086425781
20250623_173902_414,-19,42,42,14.5,38.779697354589736,0.17947840690612793,0.0011289119720458984
20250623_173902_595,-19,42,42,14.5,38.779697354589736,0.1813955307006836,0.0009860992431640625
20250623_173902_779,-19,42,42,14.5,38.779697354589736,0.1863689422607422,0.0009963512420654297
20250623_173902_968,-19,42,42,14.5,38.779697354589736,0.18107938766479492,0.0012781620025634766
20250623_173903_151,-19,43,43,16.0,36.818106639893536,0.1823253631591797,0.0008490085601806641
20250623_173903_335,-19,43,43,16.0,36.818106639893536,0.18436598777770996,0.0008478164672851562
20250623_173903_522,-19,43,43,16.0,36.818106639893536,0.21867156028747559,0.0013120174407958984
20250623_173903_743,-19,43,43,16.0,36.818106639893536,0.18638920783996582,0.0011374950408935547
20250623_173903_932,-19,43,43,16.0,36.818106639893536,0.17835497856140137,0.0009579658508300781
20250623_173904_113,-19,43,43,16.0,36.818106639893536,0.18535780906677246,0.0008308887481689453
20250623_173904_300,-19,43,43,16.0,36.818106639893536,0.18378376960754395,0.000858306884765625
20250623_173904_486,-19,43,43,16.0,36.818106639893536,0.1788785457611084,0.0011126995086669922
20250623_173904_667,-19,43,43,16.0,36.818106639893536,0.17862701416015625,0.0010380744934082031
20250623_173904_848,-19,42,42,14.5,38.779697354589736,0.17479443550109863,0.0008528232574462891
20250623_173905_025,-19,42,42,14.5,38.779697354589736,0.18646240234375,0.0009610652923583984
20250623_173905_213,-19,43,43,16.0,36.818106639893536,0.1846153736114502,0.0009496212005615234
20250623_173905_400,-19,43,43,16.0,36.818106639893536,0.17869234085083008,0.0009777545928955078
20250623_173905_581,-19,43,43,16.0,36.818106639893536,0.17936992645263672,0.0009844303131103516
20250623_173905_762,-19,43,43,16.0,36.818106639893536,0.18437695503234863,0.0010335445404052734
20250623_173905_949,-18,43,43,16.0,34.4172661917743,0.18161559104919434,0.0008826255798339844
20250623_173906_133,-18,42,42,14.5,37.32086321926382,0.18121099472045898,0.0009970664978027344
20250623_173906_316,-18,41,41,13.1,38.61155955911056,0.17939114570617676,0.0009183883666992188
20250623_173906_497,-18,41,41,13.1,38.61155955911056,0.18082833290100098,0.0009524822235107422
20250623_173906_680,-18,42,42,14.5,37.32086321926382,0.18607258796691895,0.0009653568267822266
20250623_173906_869,-18,42,42,14.5,37.32086321926382,0.18789982795715332,0.0008487701416015625
20250623_173907_059,-18,42,42,14.5,37.32086321926382,0.18686461448669434,0.0010225772857666016
20250623_173907_248,-18,42,42,14.5,37.32086321926382,0.17945075035095215,0.0008645057678222656
20250623_173907_429,-18,42,42,14.5,37.32086321926382,0.17789959907531738,0.0010390281677246094
20250623_173907_609,-18,42,42,14.5,37.32086321926382,0.18111848831176758,0.0012807846069335938
20250623_173907_793,-18,42,42,14.5,37.32086321926382,0.18641209602355957,0.0013048648834228516
20250623_173907_983,-18,42,42,14.5,37.32086321926382,0.1775829792022705,0.0011386871337890625
20250623_173908_163,-18,42,42,14.5,37.32086321926382,0.17719268798828125,0.0011649131774902344
20250623_173908_342,-18,42,42,14.5,37.32086321926382,0.1856074333190918,0.0008289813995361328
20250623_173908_530,-18,42,42,14.5,37.32086321926382,0.18016624450683594,0.0009963512420654297
20250623_173908_712,-18,42,42,14.5,37.32086321926382,0.17806220054626465,0.0009281635284423828
20250623_173908_892,-18,41,41,13.1,38.61155955911056,0.18036675453186035,0.0010085105895996094
20250623_173909_075,-18,42,42,14.5,37.32086321926382,0.18192124366760254,0.000865936279296875
20250623_173909_259,-18,42,42,14.5,37.32086321926382,0.18104982376098633,0.0008225440979003906
20250623_173909_442,-18,42,42,14.5,37.32086321926382,0.1810777187347412,0.0010471343994140625
20250623_173909_625,-18,42,42,14.5,37.32086321926382,0.1870133876800537,0.0009894371032714844
20250623_173909_814,-17,42,42,14.5,35.52677154188616,0.18906068801879883,0.0008890628814697266
20250623_173910_005,-17,42,42,14.5,35.52677154188616,0.17870330810546875,0.0011179447174072266
20250623_173910_187,-17,41,41,13.1,37.47915145956361,0.17736315727233887,0.0012621879577636719
20250623_173910_366,-17,41,41,13.1,37.47915145956361,0.17876720428466797,0.0011332035064697266
20250623_173910_548,-17,41,41,13.1,37.47915145956361,0.1758866310119629,0.0012416839599609375
20250623_173910_727,-17,41,41,13.1,37.47915145956361,0.17798495292663574,0.0010251998901367188
20250623_173910_907,-17,41,41,13.1,37.47915145956361,0.18558907508850098,0.0009038448333740234
20250623_173911_094,-17,41,41,13.1,37.47915145956361,0.17969703674316406,0.0008602142333984375
20250623_173911_276,-17,41,41,13.1,37.47915145956361,0.18261051177978516,0.0008673667907714844
20250623_173911_460,-17,41,41,13.1,37.47915145956361,0.17511630058288574,0.0009996891021728516
20250623_173911_638,-17,41,41,13.1,37.47915145956361,0.17836308479309082,0.0010361671447753906
20250623_173911_818,-17,41,41,13.1,37.47915145956361,0.17860913276672363,0.0009114742279052734
20250623_173911_999,-17,41,41,13.1,37.47915145956361,0.17986035346984863,0.0008664131164550781
20250623_173912_181,-17,41,41,13.1,37.47915145956361,0.1757657527923584,0.0009834766387939453
20250623_173912_359,-17,41,41,13.1,37.47915145956361,0.187255859375,0.0009613037109375
20250623_173912_548,-17,41,41,13.1,37.47915145956361,0.19185113906860352,0.0010249614715576172
20250623_173912_742,-17,41,41,13.1,37.47915145956361,0.18114256858825684,0.0008833408355712891
20250623_173912_926,-17,41,41,13.1,37.47915145956361,0.18680477142333984,0.0008556842803955078
20250623_173913_114,-17,41,41,13.1,37.47915145956361,0.17653894424438477,0.0008759498596191406
20250623_173913_293,-17,41,41,13.1,37.47915145956361,0.18501043319702148,0.0008547306060791016
20250623_173913_480,-17,41,41,13.1,37.47915145956361,0.18146586418151855,0.0009644031524658203
20250623_173913_663,-17,41,41,13.1,37.47915145956361,0.18338489532470703,0.0009453296661376953
20250623_173913_849,-16,41,41,13.1,35.57182981113544,0.1800251007080078,0.0008521080017089844
20250623_173914_031,-16,41,41,13.1,35.57182981113544,0.17419886589050293,0.0009028911590576172
20250623_173914_207,-16,40,40,11.6,38.91517391569023,0.18385672569274902,0.0008509159088134766
20250623_173914_393,-16,40,40,11.6,38.91517391569023,0.18781399726867676,0.0010366439819335938
20250623_173914_583,-16,40,40,11.6,38.91517391569023,0.17434215545654297,0.00130462646484375
20250623_173914_760,-16,40,40,11.6,38.91517391569023,0.1839299201965332,0.0009300708770751953
20250623_173914_946,-16,40,40,11.6,38.91517391569023,0.17288684844970703,0.0009140968322753906
20250623_173915_121,-16,40,40,11.6,38.91517391569023,0.1857774257659912,0.0011131763458251953
20250623_173915_309,-16,41,41,13.1,35.57182981113544,0.18292689323425293,0.0010449886322021484
20250623_173915_495,-16,41,41,13.1,35.57182981113544,0.18397307395935059,0.0012238025665283203
20250623_173915_681,-16,41,41,13.1,35.57182981113544,0.18132305145263672,0.0009510517120361328
20250623_173915_865,-16,41,41,13.1,35.57182981113544,0.1783590316772461,0.0008718967437744141
20250623_173916_045,-16,40,40,11.6,38.91517391569023,0.18551087379455566,0.0008654594421386719
20250623_173916_233,-16,40,40,11.6,38.91517391569023,0.17298507690429688,0.001012563705444336
20250623_173916_408,-16,40,40,11.6,38.91517391569023,0.17793846130371094,0.0010123252868652344
20250623_173916_588,-16,40,40,11.6,38.91517391569023,0.17587780952453613,0.0010254383087158203
20250623_173916_766,-16,40,40,11.6,38.91517391569023,0.18323111534118652,0.0008845329284667969
20250623_173916_951,-16,40,40,11.6,38.91517391569023,0.17814922332763672,0.0008893013000488281
20250623_173917_132,-16,40,40,11.6,38.91517391569023,0.18468403816223145,0.0008761882781982422
20250623_173917_318,-16,40,40,11.6,38.91517391569023,0.17987799644470215,0.0008459091186523438
20250623_173917_500,-16,40,40,11.6,38.91517391569023,0.18491291999816895,0.001308441162109375
20250623_173917_688,-16,40,40,11.6,38.91517391569023,0.17723536491394043,0.0009264945983886719
20250623_173917_867,-15,40,40,11.6,38.33252326460904,0.17760038375854492,0.0008764266967773438
20250623_173918_047,-15,40,40,11.6,38.33252326460904,0.18304944038391113,0.0009012222290039062
20250623_173918_232,-15,40,40,11.6,38.33252326460904,0.18769025802612305,0.0011415481567382812
20250623_173918_422,-15,40,40,11.6,38.33252326460904,0.18951964378356934,0.0013306140899658203
20250623_173918_614,-15,40,40,11.6,38.33252326460904,0.22977590560913086,0.0010387897491455078
20250623_173918_846,-15,40,40,11.6,38.33252326460904,0.1801161766052246,0.0008854866027832031
20250623_173919_029,-15,40,40,11.6,38.33252326460904,0.18694138526916504,0.0008776187896728516
20250623_173919_217,-15,40,40,11.6,38.33252326460904,0.1874082088470459,0.000865936279296875
20250623_173919_407,-15,39,39,10.2,39.72292775921103,0.17334794998168945,0.000993967056274414
20250623_173919_582,-15,40,40,11.6,38.33252326460904,0.18131804466247559,0.0012357234954833984
20250623_173919_766,-15,40,40,11.6,38.33252326460904,0.1899881362915039,0.0011279582977294922
20250623_173919_959,-15,40,40,11.6,38.33252326460904,0.17753934860229492,0.0008518695831298828
20250623_173920_138,-15,40,40,11.6,38.33252326460904,0.18597793579101562,0.0008411407470703125
20250623_173920_326,-15,40,40,11.6,38.33252326460904,0.1837618350982666,0.0008475780487060547
20250623_173920_512,-15,40,40,11.6,38.33252326460904,0.18433141708374023,0.0010561943054199219
20250623_173920_698,-15,40,40,11.6,38.33252326460904,0.18288707733154297,0.0009126663208007812
20250623_173920_883,-15,40,40,11.6,38.33252326460904,0.1823880672454834,0.0008661746978759766
20250623_173921_068,-15,40,40,11.6,38.33252326460904,0.18458342552185059,0.000980377197265625
20250623_173921_254,-15,40,40,11.6,38.33252326460904,0.18180155754089355,0.0009627342224121094
20250623_173921_438,-15,40,40,11.6,38.33252326460904,0.18069958686828613,0.0010251998901367188
20250623_173921_621,-15,40,40,11.6,38.33252326460904,0.17806243896484375,0.0009670257568359375
20250623_173921_801,-15,40,40,11.6,38.33252326460904,0.18189096450805664,0.0008482933044433594
20250623_173921_985,-14,40,40,11.6,35.76359405300283,0.17889928817749023,0.0011374950408935547
20250623_173922_167,-14,39,39,10.2,38.08709929912137,0.17786669731140137,0.0011191368103027344
20250623_173922_347,-14,39,39,10.2,38.08709929912137,0.18638944625854492,0.0008585453033447266
20250623_173922_535,-14,39,39,10.2,38.08709929912137,0.18209576606750488,0.001249551773071289
20250623_173922_720,-14,39,39,10.2,38.08709929912137,0.19236159324645996,0.0010981559753417969
20250623_173922_915,-14,39,39,10.2,38.08709929912137,0.17915797233581543,0.0009145736694335938
20250623_173923_096,-14,39,39,10.2,38.08709929912137,0.18207478523254395,0.0008416175842285156
20250623_173923_280,-14,39,39,10.2,38.08709929912137,0.17449569702148438,0.0008671283721923828
20250623_173923_456,-14,39,39,10.2,38.08709929912137,0.31646108627319336,0.0010564327239990234
20250623_173923_775,-14,39,39,10.2,38.08709929912137,0.20993566513061523,0.0009756088256835938
20250623_173923_987,-14,39,39,10.2,38.08709929912137,0.1774749755859375,0.0009002685546875
20250623_173924_167,-14,39,39,10.2,38.08709929912137,0.18422842025756836,0.0008437633514404297
20250623_173924_353,-14,39,39,10.2,38.08709929912137,0.18166136741638184,0.001049041748046875
20250623_173924_537,-14,39,39,10.2,38.08709929912137,0.19399404525756836,0.001033782958984375
20250623_173924_733,-14,39,39,10.2,38.08709929912137,0.18012762069702148,0.0009326934814453125
20250623_173924_915,-14,39,39,10.2,38.08709929912137,0.17963767051696777,0.0010447502136230469
20250623_173925_097,-14,39,39,10.2,38.08709929912137,0.17685699462890625,0.0008587837219238281
20250623_173925_276,-14,39,39,10.2,38.08709929912137,0.18244004249572754,0.0009758472442626953
20250623_173925_460,-14,39,39,10.2,38.08709929912137,0.1817023754119873,0.0009865760803222656
20250623_173925_644,-14,39,39,10.2,38.08709929912137,0.18683362007141113,0.0013010501861572266
20250623_173925_834,-13,39,39,10.2,37.39151482121171,0.18560290336608887,0.001004934310913086
20250623_173926_021,-13,39,39,10.2,37.39151482121171,0.1765763759613037,0.0008707046508789062
20250623_173926_200,-13,38,38,8.7,39.23131252688556,0.1772170066833496,0.0010101795196533203
20250623_173926_380,-13,38,38,8.7,39.23131252688556,0.17432379722595215,0.001344919204711914
20250623_173926_557,-13,38,38,8.7,39.23131252688556,0.1744391918182373,0.0012969970703125
20250623_173926_734,-13,38,38,8.7,39.23131252688556,0.17397379875183105,0.0010683536529541016
20250623_173926_910,-13,38,38,8.7,39.23131252688556,0.18264198303222656,0.0008642673492431641
20250623_173927_095,-13,38,38,8.7,39.23131252688556,0.1732473373413086,0.0008909702301025391
20250623_173927_270,-13,38,38,8.7,39.23131252688556,0.17882132530212402,0.0008842945098876953
20250623_173927_451,-13,38,38,8.7,39.23131252688556,0.17784380912780762,0.0012347698211669922
20250623_173927_632,-13,38,38,8.7,39.23131252688556,0.16907477378845215,0.0011031627655029297
20250623_173927_803,-13,38,38,8.7,39.23131252688556,0.17653632164001465,0.0008788108825683594
20250623_173927_981,-13,38,38,8.7,39.23131252688556,0.1717832088470459,0.0008461475372314453
20250623_173928_155,-13,38,38,8.7,39.23131252688556,0.17468023300170898,0.0008296966552734375
20250623_173928_332,-13,38,38,8.7,39.23131252688556,0.1805248260498047,0.0008764266967773438
20250623_173928_514,-13,38,38,8.7,39.23131252688556,0.18581128120422363,0.0009999275207519531
20250623_173928_702,-13,38,38,8.7,39.23131252688556,0.2074296474456787,0.0009949207305908203
20250623_173928_912,-13,38,38,8.7,39.23131252688556,0.18021273612976074,0.0009305477142333984
20250623_173929_094,-13,38,38,8.7,39.23131252688556,0.17624664306640625,0.001077890396118164
20250623_173929_273,-13,38,38,8.7,39.23131252688556,0.17503595352172852,0.0010657310485839844
20250623_173929_450,-13,38,38,8.7,39.23131252688556,0.17706632614135742,0.0012180805206298828
20250623_173929_630,-13,38,38,8.7,39.23131252688556,0.1718590259552002,0.0011794567108154297
20250623_173929_805,-12,38,38,8.7,37.28685317028297,0.1818833351135254,0.0009336471557617188
20250623_173929_989,-12,38,38,8.7,37.28685317028297,0.17551207542419434,0.0008804798126220703
20250623_173930_166,-12,38,38,8.7,37.28685317028297,0.17819929122924805,0.0008547306060791016
20250623_173930_346,-12,37,37,7.3,39.05172047380591,0.17328357696533203,0.0008716583251953125
20250623_173930_521,-12,37,37,7.3,39.05172047380591,0.17643427848815918,0.0010256767272949219
20250623_173930_700,-12,37,37,7.3,39.05172047380591,0.1838371753692627,0.0008602142333984375
20250623_173930_886,-12,37,37,7.3,39.05172047380591,0.1909961700439453,0.0008487701416015625
20250623_173931_079,-12,37,37,7.3,39.05172047380591,0.1812129020690918,0.0009243488311767578
20250623_173931_262,-12,37,37,7.3,39.05172047380591,0.1732771396636963,0.0008325576782226562
20250623_173931_437,-12,37,37,7.3,39.05172047380591,0.17621684074401855,0.0009748935699462891
20250623_173931_616,-12,37,37,7.3,39.05172047380591,0.16754865646362305,0.0009593963623046875
20250623_173931_786,-12,38,38,8.7,37.28685317028297,0.1786179542541504,0.0009188652038574219
20250623_173931_966,-12,38,38,8.7,37.28685317028297,0.17720937728881836,0.0008759498596191406
20250623_173932_145,-12,38,38,8.7,37.28685317028297,0.1743450164794922,0.00081634521484375
20250623_173932_322,-12,38,38,8.7,37.28685317028297,0.18127918243408203,0.0008442401885986328
20250623_173932_505,-12,38,38,8.7,37.28685317028297,0.18124961853027344,0.0011985301971435547
20250623_173932_689,-12,38,38,8.7,37.28685317028297,0.1764845848083496,0.0009601116180419922
20250623_173932_867,-12,38,38,8.7,37.28685317028297,0.17751288414001465,0.0011332035064697266
20250623_173933_047,-12,38,38,8.7,37.28685317028297,0.17167425155639648,0.0011260509490966797
20250623_173933_222,-12,38,38,8.7,37.28685317028297,0.17691922187805176,0.0010843276977539062
20250623_173933_401,-12,38,38,8.7,37.28685317028297,0.1775658130645752,0.0009839534759521484
20250623_173933_581,-12,38,38,8.7,37.28685317028297,0.1791989803314209,0.0009517669677734375
20250623_173933_762,-12,38,38,8.7,37.28685317028297,0.20314621925354004,0.0008435249328613281
20250623_173933_967,-11,38,38,8.7,35.49131228992866,0.17690634727478027,0.0008997917175292969
20250623_173934_146,-11,37,37,7.3,37.505648269117614,0.1725022792816162,0.0010390281677246094
20250623_173934_321,-11,37,37,7.3,37.505648269117614,0.1770153045654297,0.0014121532440185547
20250623_173934_501,-11,37,37,7.3,37.505648269117614,0.17581987380981445,0.0009579658508300781
20250623_173934_679,-11,37,37,7.3,37.505648269117614,0.17279982566833496,0.0010170936584472656
20250623_173934_854,-11,37,37,7.3,37.505648269117614,0.17528271675109863,0.000995635986328125
20250623_173935_032,-11,37,37,7.3,37.505648269117614,0.1747729778289795,0.0010058879852294922
20250623_173935_209,-11,37,37,7.3,37.505648269117614,0.1878669261932373,0.0008699893951416016
20250623_173935_399,-11,37,37,7.3,37.505648269117614,0.1692056655883789,0.0009725093841552734
20250623_173935_570,-11,37,37,7.3,37.505648269117614,0.177199125289917,0.0010182857513427734
20250623_173935_750,-11,37,37,7.3,37.505648269117614,0.1724867820739746,0.0009136199951171875
20250623_173935_924,-11,37,37,7.3,37.505648269117614,0.17737030982971191,0.0008912086486816406
20250623_173936_103,-11,37,37,7.3,37.505648269117614,0.17678618431091309,0.00110626220703125
20250623_173936_282,-11,37,37,7.3,37.505648269117614,0.18121004104614258,0.0009210109710693359
20250623_173936_466,-11,37,37,7.3,37.505648269117614,0.17749643325805664,0.0009844303131103516
20250623_173936_645,-11,37,37,7.3,37.505648269117614,0.1790637969970703,0.0013811588287353516
20250623_173936_828,-11,37,37,7.3,37.505648269117614,0.17992663383483887,0.0011110305786132812
20250623_173937_010,-11,37,37,7.3,37.505648269117614,0.19008374214172363,0.0011053085327148438
20250623_173937_203,-11,37,37,7.3,37.505648269117614,0.1840667724609375,0.0011065006256103516
20250623_173937_389,-11,37,37,7.3,37.505648269117614,0.17507600784301758,0.0011093616485595703
20250623_173937_566,-11,37,37,7.3,37.505648269117614,0.18137693405151367,0.0010218620300292969
20250623_173937_750,-11,37,37,7.3,37.505648269117614,0.1804201602935791,0.0009634494781494141
20250623_173937_933,-10,37,37,7.3,36.256909348496464,0.18158435821533203,0.0009751319885253906
20250623_173938_116,-10,36,36,5.8,39.091385821485055,0.17648696899414062,0.0010190010070800781
20250623_173938_295,-10,36,36,5.8,39.091385821485055,0.17337608337402344,0.0009648799896240234
20250623_173938_470,-10,36,36,5.8,39.091385821485055,0.1812000274658203,0.0011036396026611328
20250623_173938_654,-10,36,36,5.8,39.091385821485055,0.18109464645385742,0.0010716915130615234
20250623_173938_837,-10,36,36,5.8,39.091385821485055,0.21470189094543457,0.0010056495666503906
20250623_173939_054,-10,36,36,5.8,39.091385821485055,0.17599129676818848,0.0010342597961425781
20250623_173939_233,-10,36,36,5.8,39.091385821485055,0.1822340488433838,0.0008792877197265625
20250623_173939_417,-10,36,36,5.8,39.091385821485055,0.17889833450317383,0.001035451889038086
20250623_173939_598,-10,36,36,5.8,39.091385821485055,0.17737269401550293,0.0010159015655517578
20250623_173939_778,-10,36,36,5.8,39.091385821485055,0.1717383861541748,0.0009176731109619141
20250623_173939_951,-10,36,36,5.8,39.091385821485055,0.17627620697021484,0.0008902549743652344
20250623_173940_130,-10,36,36,5.8,39.091385821485055,0.17269444465637207,0.0009427070617675781
20250623_173940_304,-10,36,36,5.8,39.091385821485055,0.1801624298095703,0.0008776187896728516
20250623_173940_487,-10,36,36,5.8,39.091385821485055,0.17669343948364258,0.0009748935699462891
20250623_173940_666,-10,36,36,5.8,39.091385821485055,0.17204689979553223,0.0013892650604248047
20250623_173940_840,-10,36,36,5.8,39.091385821485055,0.1782388687133789,0.0009109973907470703
20250623_173941_020,-10,36,36,5.8,39.091385821485055,0.17571163177490234,0.0009529590606689453
20250623_173941_198,-10,36,36,5.8,39.091385821485055,0.18090558052062988,0.0011453628540039062
20250623_173941_382,-10,36,36,5.8,39.091385821485055,0.18132805824279785,0.0012106895446777344
20250623_173941_566,-10,36,36,5.8,39.091385821485055,0.17118263244628906,0.001277923583984375
20250623_173941_740,-10,36,36,5.8,39.091385821485055,0.17547154426574707,0.0011267662048339844
20250623_173941_917,-9,36,36,5.8,37.61015430462598,0.1760573387145996,0.0008931159973144531
20250623_173942_096,-9,36,36,5.8,37.61015430462598,0.17416167259216309,0.0009088516235351562
20250623_173942_272,-9,35,35,4.4,38.45770060909133,0.17573928833007812,0.0009477138519287109
20250623_173942_450,-9,35,35,4.4,38.45770060909133,0.16698884963989258,0.001020669937133789
20250623_173942_619,-9,36,36,5.8,37.61015430462598,0.17379093170166016,0.001070261001586914
20250623_173942_795,-9,36,36,5.8,37.61015430462598,0.17310810089111328,0.0008676052093505859
20250623_173942_970,-9,36,36,5.8,37.61015430462598,0.17767548561096191,0.0013048648834228516
20250623_173943_151,-9,36,36,5.8,37.61015430462598,0.18969058990478516,0.0010387897491455078
20250623_173943_342,-9,35,35,4.4,38.45770060909133,0.17629718780517578,0.0008804798126220703
20250623_173943_521,-9,35,35,4.4,38.45770060909133,0.18165183067321777,0.0009875297546386719
20250623_173943_704,-9,35,35,4.4,38.45770060909133,0.17523550987243652,0.0009160041809082031
20250623_173943_882,-9,35,35,4.4,38.45770060909133,0.17012500762939453,0.0008823871612548828
20250623_173944_054,-9,36,36,5.8,37.61015430462598,0.17685484886169434,0.0009922981262207031
20250623_173944_233,-9,36,36,5.8,37.61015430462598,0.17213678359985352,0.0008497238159179688
20250623_173944_407,-9,36,36,5.8,37.61015430462598,0.17847824096679688,0.0013098716735839844
20250623_173944_588,-9,36,36,5.8,37.61015430462598,0.1751704216003418,0.0010483264923095703
20250623_173944_766,-9,36,36,5.8,37.61015430462598,0.17760276794433594,0.0010197162628173828
20250623_173944_946,-9,36,36,5.8,37.61015430462598,0.1730811595916748,0.0008656978607177734
20250623_173945_121,-9,35,35,4.4,38.45770060909133,0.17641925811767578,0.0008878707885742188
20250623_173945_299,-9,35,35,4.4,38.45770060909133,0.1714029312133789,0.0011246204376220703
20250623_173945_473,-9,35,35,4.4,38.45770060909133,0.17554116249084473,0.0011239051818847656
20250623_173945_651,-9,35,35,4.4,38.45770060909133,0.18086886405944824,0.0010411739349365234
20250623_173945_834,-8,35,35,4.4,37.35238502287211,0.17004179954528809,0.0009343624114990234
20250623_173946_006,-8,35,35,4.4,37.35238502287211,0.1847372055053711,0.0009305477142333984
20250623_173946_193,-8,35,35,4.4,37.35238502287211,0.17725634574890137,0.0010573863983154297
20250623_173946_373,-8,35,35,4.4,37.35238502287211,0.1736137866973877,0.0009875297546386719
20250623_173946_548,-8,35,35,4.4,37.35238502287211,0.17083477973937988,0.0009481906890869141
20250623_173946_721,-8,35,35,4.4,37.35238502287211,0.17794299125671387,0.0012843608856201172
20250623_173946_902,-8,35,35,4.4,37.35238502287211,0.17735862731933594,0.0011413097381591797
20250623_173947_082,-8,35,35,4.4,37.35238502287211,0.16919183731079102,0.0011093616485595703
20250623_173947_254,-8,35,35,4.4,37.35238502287211,0.17821455001831055,0.0010652542114257812
20250623_173947_434,-8,35,35,4.4,37.35238502287211,0.17640018463134766,0.001279592514038086
20250623_173947_614,-8,35,35,4.4,37.35238502287211,0.1691725254058838,0.0011682510375976562
20250623_173947_785,-8,35,35,4.4,37.35238502287211,0.18020057678222656,0.0011973381042480469
20250623_173947_968,-8,35,35,4.4,37.35238502287211,0.17834115028381348,0.0012106895446777344
20250623_173948_149,-8,35,35,4.4,37.35238502287211,0.17412233352661133,0.0009608268737792969
20250623_173948_326,-8,35,35,4.4,37.35238502287211,0.1766338348388672,0.0008797645568847656
20250623_173948_504,-8,35,35,4.4,37.35238502287211,0.18113422393798828,0.0010886192321777344
20250623_173948_688,-8,35,35,4.4,37.35238502287211,0.1753075122833252,0.0010557174682617188
20250623_173948_866,-8,35,35,4.4,37.35238502287211,0.18456029891967773,0.0009381771087646484
20250623_173949_052,-8,35,35,4.4,37.35238502287211,0.18837904930114746,0.0010437965393066406
20250623_173949_243,-8,35,35,4.4,37.35238502287211,0.18083620071411133,0.001107931137084961
20250623_173949_426,-8,35,35,4.4,37.35238502287211,0.17534852027893066,0.0012929439544677734
20250623_173949_605,-8,35,35,4.4,37.35238502287211,0.1747760772705078,0.0012514591217041016
20250623_173949_782,-8,35,35,4.4,37.35238502287211,0.1685502529144287,0.0009512901306152344
20250623_173949_953,-7,35,35,4.4,34.62115084545157,0.18090319633483887,0.0009391307830810547
20250623_173950_136,-7,34,34,2.9,37.66168514748851,0.17628836631774902,0.0009050369262695312
20250623_173950_314,-7,34,34,2.9,37.66168514748851,0.17370343208312988,0.0008990764617919922
20250623_173950_490,-7,34,34,2.9,37.66168514748851,0.17416596412658691,0.000993490219116211
20250623_173950_666,-7,34,34,2.9,37.66168514748851,0.17226409912109375,0.0009927749633789062
20250623_173950_840,-7,34,34,2.9,37.66168514748851,0.17829513549804688,0.0009312629699707031
20250623_173951_021,-7,34,34,2.9,37.66168514748851,0.1750471591949463,0.0009143352508544922
20250623_173951_198,-7,34,34,2.9,37.66168514748851,0.17143869400024414,0.0013442039489746094
20250623_173951_372,-7,34,34,2.9,37.66168514748851,0.17757558822631836,0.0012369155883789062
20250623_173951_552,-7,34,34,2.9,37.66168514748851,0.17652392387390137,0.0012712478637695312
20250623_173951_732,-7,34,34,2.9,37.66168514748851,0.17469453811645508,0.0011959075927734375
20250623_173951_909,-7,34,34,2.9,37.66168514748851,0.17681550979614258,0.0009109973907470703
20250623_173952_088,-7,34,34,2.9,37.66168514748851,0.17574214935302734,0.001039266586303711
20250623_173952_266,-7,34,34,2.9,37.66168514748851,0.17341852188110352,0.0008690357208251953
20250623_173952_441,-7,34,34,2.9,37.66168514748851,0.17165708541870117,0.0009975433349609375
20250623_173952_615,-7,34,34,2.9,37.66168514748851,0.1730806827545166,0.0009629726409912109
20250623_173952_790,-7,34,34,2.9,37.66168514748851,0.17431211471557617,0.0009162425994873047
20250623_173952_967,-7,34,34,2.9,37.66168514748851,0.1738431453704834,0.0010325908660888672
20250623_173953_143,-7,34,34,2.9,37.66168514748851,0.17425012588500977,0.001001596450805664
20250623_173953_319,-7,34,34,2.9,37.66168514748851,0.17814230918884277,0.0009024143218994141
20250623_173953_500,-7,34,34,2.9,37.66168514748851,0.17279887199401855,0.0009737014770507812
20250623_173953_674,-7,34,34,2.9,37.66168514748851,0.17806529998779297,0.0009636878967285156
20250623_173953_855,-6,34,34,2.9,35.818977001439976,0.1955268383026123,0.0008566379547119141
20250623_173954_052,-6,34,34,2.9,35.818977001439976,0.18005800247192383,0.0012621879577636719
20250623_173954_235,-6,33,33,1.5,38.26913506512777,0.17236042022705078,0.001157999038696289
20250623_173954_410,-6,33,33,1.5,38.26913506512777,0.17307162284851074,0.0010018348693847656
20250623_173954_585,-6,33,33,1.5,38.26913506512777,0.17647886276245117,0.0010347366333007812
20250623_173954_764,-6,33,33,1.5,38.26913506512777,0.17152833938598633,0.0013306140899658203
20250623_173954_938,-6,33,33,1.5,38.26913506512777,0.1791682243347168,0.0008382797241210938
20250623_173955_119,-6,33,33,1.5,38.26913506512777,0.17912054061889648,0.0009002685546875
20250623_173955_300,-6,33,33,1.5,38.26913506512777,0.1913611888885498,0.0008633136749267578
20250623_173955_494,-6,33,33,1.5,38.26913506512777,0.17615389823913574,0.0009808540344238281
20250623_173955_672,-6,33,33,1.5,38.26913506512777,0.17816686630249023,0.0012340545654296875
20250623_173955_853,-6,33,33,1.5,38.26913506512777,0.1768207550048828,0.0008804798126220703
20250623_173956_032,-6,33,33,1.5,38.26913506512777,0.17119550704956055,0.0008280277252197266
20250623_173956_205,-6,33,33,1.5,38.26913506512777,0.175825834274292,0.0010213851928710938
20250623_173956_383,-6,33,33,1.5,38.26913506512777,0.17115044593811035,0.001222848892211914
20250623_173956_557,-6,33,33,1.5,38.26913506512777,0.1777479648590088,0.0012159347534179688
20250623_173956_737,-6,33,33,1.5,38.26913506512777,0.1761324405670166,0.0010097026824951172
20250623_173956_915,-6,33,33,1.5,38.26913506512777,0.16976642608642578,0.0008852481842041016
20250623_173957_087,-6,33,33,1.5,38.26913506512777,0.17847394943237305,0.0008955001831054688
20250623_173957_268,-6,33,33,1.5,38.26913506512777,0.17698335647583008,0.0009913444519042969
20250623_173957_447,-6,33,33,1.5,38.26913506512777,0.17394185066223145,0.001415252685546875
20250623_173957_624,-6,33,33,1.5,38.26913506512777,0.17912793159484863,0.0012576580047607422
20250623_173957_806,-5,34,34,2.9,33.90978230791181,0.1779627799987793,0.0012352466583251953
20250623_173957_986,-5,33,33,1.5,37.59425230797274,0.17757749557495117,0.0009405612945556641
20250623_173958_166,-5,33,33,1.5,37.59425230797274,0.17064976692199707,0.000978708267211914
20250623_173958_338,-5,33,33,1.5,37.59425230797274,0.177628755569458,0.0010018348693847656
20250623_173958_518,-5,33,33,1.5,37.59425230797274,0.17505669593811035,0.0013642311096191406
20250623_173958_696,-5,33,33,1.5,37.59425230797274,0.1826310157775879,0.0012128353118896484
20250623_173958_881,-5,33,33,1.5,37.59425230797274,0.20132112503051758,0.000965118408203125
20250623_173959_085,-5,33,33,1.5,37.59425230797274,0.1782841682434082,0.0010385513305664062
20250623_173959_265,-5,33,33,1.5,37.59425230797274,0.17543482780456543,0.0008873939514160156
20250623_173959_443,-5,33,33,1.5,37.59425230797274,0.17694473266601562,0.0010194778442382812
20250623_173959_622,-5,33,33,1.5,37.59425230797274,0.17527151107788086,0.0009520053863525391
20250623_173959_799,-5,33,33,1.5,37.59425230797274,0.17124104499816895,0.0008957386016845703
20250623_173959_973,-5,33,33,1.5,37.59425230797274,0.17762541770935059,0.0009133815765380859
20250623_174000_152,-5,33,33,1.5,37.59425230797274,0.1766653060913086,0.0009815692901611328
20250623_174000_331,-5,33,33,1.5,37.59425230797274,0.1716012954711914,0.0010132789611816406
20250623_174000_505,-5,33,33,1.5,37.59425230797274,0.18139338493347168,0.0009107589721679688
20250623_174000_688,-5,33,33,1.5,37.59425230797274,0.1782979965209961,0.0010495185852050781
20250623_174000_869,-5,32,32,0,39.05231742071917,0.1780683994293213,0.0009250640869140625
20250623_174001_049,-5,33,33,1.5,37.59425230797274,0.1720104217529297,0.0009293556213378906
20250623_174001_223,-5,33,33,1.5,37.59425230797274,0.18817758560180664,0.0008413791656494141
20250623_174001_413,-5,33,33,1.5,37.59425230797274,0.17734265327453613,0.0010704994201660156
20250623_174001_593,-5,33,33,1.5,37.59425230797274,0.18113064765930176,0.0009539127349853516
20250623_174001_776,-5,33,33,1.5,37.59425230797274,0.17762279510498047,0.0008451938629150391
20250623_174001_956,-4,33,33,1.5,35.593877312089006,0.18406438827514648,0.0008709430694580078
20250623_174002_142,-4,32,32,0,37.78331557857144,0.171980619430542,0.000835418701171875
20250623_174002_316,-4,32,32,0,37.78331557857144,0.17059779167175293,0.0008959770202636719
20250623_174002_488,-4,32,32,0,37.78331557857144,0.1759345531463623,0.0009903907775878906
20250623_174002_666,-4,32,32,0,37.78331557857144,0.18043136596679688,0.0009796619415283203
20250623_174002_849,-4,32,32,0,37.78331557857144,0.16972088813781738,0.0008533000946044922
20250623_174003_021,-4,32,32,0,37.78331557857144,0.17671632766723633,0.0009372234344482422
20250623_174003_200,-4,32,32,0,37.78331557857144,0.1701955795288086,0.0008246898651123047
20250623_174003_372,-4,32,32,0,37.78331557857144,0.18196630477905273,0.0009481906890869141
20250623_174003_556,-4,32,32,0,37.78331557857144,0.17691349983215332,0.0009908676147460938
20250623_174003_735,-4,32,32,0,37.78331557857144,0.1799757480621338,0.0009942054748535156
20250623_174003_917,-4,32,32,0,37.78331557857144,0.20580792427062988,0.000885009765625
20250623_174004_125,-4,32,32,0,37.78331557857144,0.17706012725830078,0.0008409023284912109
20250623_174004_304,-4,32,32,0,37.78331557857144,0.17647624015808105,0.0009160041809082031
20250623_174004_482,-4,32,32,0,37.78331557857144,0.18282651901245117,0.001077890396118164
20250623_174004_668,-4,32,32,0,37.78331557857144,0.17901968955993652,0.0009965896606445312
20250623_174004_849,-4,32,32,0,37.78331557857144,0.17277002334594727,0.0008919239044189453
20250623_174005_024,-4,32,32,0,37.78331557857144,0.17409014701843262,0.0009210109710693359
20250623_174005_200,-4,32,32,0,37.78331557857144,0.17780065536499023,0.0008802413940429688
20250623_174005_380,-4,32,32,0,37.78331557857144,0.18059611320495605,0.0013468265533447266
20250623_174005_563,-4,32,32,0,37.78331557857144,0.17434358596801758,0.0009846687316894531
20250623_174005_739,-4,32,32,0,37.78331557857144,0.1798100471496582,0.0009057521820068359
20250623_174005_921,-3,32,32,0,36.465062641877175,0.17578387260437012,0.0008628368377685547
20250623_174006_099,-3,31,31,-1.5,38.82336968354727,0.17400431632995605,0.0010218620300292969
20250623_174006_275,-3,31,31,-1.5,38.82336968354727,0.16912603378295898,0.0009458065032958984
20250623_174006_446,-3,31,31,-1.5,38.82336968354727,0.17426204681396484,0.0010368824005126953
20250623_174006_623,-3,31,31,-1.5,38.82336968354727,0.18026304244995117,0.00131988525390625
20250623_174006_806,-3,32,32,0,36.465062641877175,0.17493295669555664,0.0008893013000488281
20250623_174006_983,-3,32,32,0,36.465062641877175,0.169691801071167,0.0009026527404785156
20250623_174007_155,-3,32,32,0,36.465062641877175,0.1765143871307373,0.0009577274322509766
20250623_174007_333,-3,31,31,-1.5,38.82336968354727,0.18404316902160645,0.000885009765625
20250623_174007_519,-3,31,31,-1.5,38.82336968354727,0.17320585250854492,0.0009927749633789062
20250623_174007_695,-3,31,31,-1.5,38.82336968354727,0.17251229286193848,0.0009891986846923828
20250623_174007_869,-3,31,31,-1.5,38.82336968354727,0.17539691925048828,0.0008828639984130859
20250623_174008_047,-3,31,31,-1.5,38.82336968354727,0.17785048484802246,0.0008704662322998047
20250623_174008_227,-3,31,31,-1.5,38.82336968354727,0.1764993667602539,0.0008473396301269531
20250623_174008_405,-3,31,31,-1.5,38.82336968354727,0.17850327491760254,0.0009865760803222656
20250623_174008_586,-3,31,31,-1.5,38.82336968354727,0.1686687469482422,0.0012516975402832031
20250623_174008_757,-3,31,31,-1.5,38.82336968354727,0.17386341094970703,0.0013358592987060547
20250623_174008_934,-3,31,31,-1.5,38.82336968354727,0.20221734046936035,0.0012176036834716797
20250623_174009_139,-3,31,31,-1.5,38.82336968354727,0.17525267601013184,0.0012295246124267578
20250623_174009_317,-3,31,31,-1.5,38.82336968354727,0.17066216468811035,0.0012826919555664062
20250623_174009_490,-3,31,31,-1.5,38.82336968354727,0.17730975151062012,0.0013308525085449219
20250623_174009_670,-3,31,31,-1.5,38.82336968354727,0.17516636848449707,0.0009913444519042969
20250623_174009_847,-2,31,31,-1.5,37.31639438397794,0.17908406257629395,0.0009732246398925781
20250623_174010_028,-2,31,31,-1.5,37.31639438397794,0.17476320266723633,0.0008845329284667969
20250623_174010_205,-2,30,30,-2.9,39.27651272738916,0.1766831874847412,0.0008037090301513672
20250623_174010_384,-2,30,30,-2.9,39.27651272738916,0.16822528839111328,0.0009586811065673828
20250623_174010_554,-2,30,30,-2.9,39.27651272738916,0.17362070083618164,0.0010700225830078125
20250623_174010_730,-2,30,30,-2.9,39.27651272738916,0.17162513732910156,0.0010063648223876953
20250623_174010_904,-2,30,30,-2.9,39.27651272738916,0.17417645454406738,0.0008368492126464844
20250623_174011_080,-2,30,30,-2.9,39.27651272738916,0.17201852798461914,0.0009162425994873047
20250623_174011_254,-2,30,30,-2.9,39.27651272738916,0.1763472557067871,0.0008692741394042969
20250623_174011_432,-2,30,30,-2.9,39.27651272738916,0.17064738273620605,0.0010194778442382812
20250623_174011_605,-2,30,30,-2.9,39.27651272738916,0.18191218376159668,0.0010592937469482422
20250623_174011_789,-2,30,30,-2.9,39.27651272738916,0.1839733123779297,0.0008399486541748047
20250623_174011_975,-2,30,30,-2.9,39.27651272738916,0.17381858825683594,0.0009620189666748047
20250623_174012_151,-2,30,30,-2.9,39.27651272738916,0.17081856727600098,0.0009417533874511719
20250623_174012_324,-2,30,30,-2.9,39.27651272738916,0.178663969039917,0.0008690357208251953
20250623_174012_505,-2,30,30,-2.9,39.27651272738916,0.17792940139770508,0.0010046958923339844
20250623_174012_685,-2,30,30,-2.9,39.27651272738916,0.1688251495361328,0.0010383129119873047
20250623_174012_856,-2,30,30,-2.9,39.27651272738916,0.17465710639953613,0.0008842945098876953
20250623_174013_033,-2,30,30,-2.9,39.27651272738916,0.1723792552947998,0.0008716583251953125
20250623_174013_207,-2,30,30,-2.9,39.27651272738916,0.1742572784423828,0.0008535385131835938
20250623_174013_383,-2,30,30,-2.9,39.27651272738916,0.18650197982788086,0.0009264945983886719
20250623_174013_572,-2,30,30,-2.9,39.27651272738916,0.17628216743469238,0.0010504722595214844
20250623_174013_751,-2,30,30,-2.9,39.27651272738916,0.17357635498046875,0.0009036064147949219
20250623_174013_926,-1,30,30,-2.9,38.51913914970224,0.1800708770751953,0.0008828639984130859
20250623_174014_108,-1,30,30,-2.9,38.51913914970224,0.17493581771850586,0.0009086132049560547
20250623_174014_285,-1,30,30,-2.9,38.51913914970224,0.17723560333251953,0.0009660720825195312
20250623_174014_465,-1,30,30,-2.9,38.51913914970224,0.18268752098083496,0.0010502338409423828
20250623_174014_650,-1,30,30,-2.9,38.51913914970224,0.1719191074371338,0.0009779930114746094
20250623_174014_824,-1,30,30,-2.9,38.51913914970224,0.1828017234802246,0.0008914470672607422
20250623_174015_008,-1,30,30,-2.9,38.51913914970224,0.1785898208618164,0.0008955001831054688
20250623_174015_189,-1,30,30,-2.9,38.51913914970224,0.17451786994934082,0.0007998943328857422
20250623_174015_365,-1,30,30,-2.9,38.51913914970224,0.1684558391571045,0.0008742809295654297
20250623_174015_536,-1,30,30,-2.9,38.51913914970224,0.16907429695129395,0.001047372817993164
20250623_174015_707,-1,30,30,-2.9,38.51913914970224,0.17826128005981445,0.0011441707611083984
20250623_174015_888,-1,30,30,-2.9,38.51913914970224,0.17377376556396484,0.0008897781372070312
20250623_174016_064,-1,30,30,-2.9,38.51913914970224,0.17191052436828613,0.0008435249328613281
20250623_174016_238,-1,30,30,-2.9,38.51913914970224,0.1805553436279297,0.0008432865142822266
20250623_174016_420,-1,30,30,-2.9,38.51913914970224,0.16825032234191895,0.0010023117065429688
20250623_174016_590,-1,30,30,-2.9,38.51913914970224,0.1736462116241455,0.0012884140014648438
20250623_174016_767,-1,30,30,-2.9,38.51913914970224,0.1690967082977295,0.00101470947265625
20250623_174016_938,-1,30,30,-2.9,38.51913914970224,0.17585086822509766,0.0008814334869384766
20250623_174017_116,-1,30,30,-2.9,38.51913914970224,0.17511963844299316,0.000896453857421875
20250623_174017_293,-1,30,30,-2.9,38.51913914970224,0.17977643013000488,0.0008678436279296875
20250623_174017_474,-1,30,30,-2.9,38.51913914970224,0.1734018325805664,0.0009737014770507812
20250623_174017_650,-1,30,30,-2.9,38.51913914970224,0.17304539680480957,0.0009913444519042969
20250623_174017_825,0,30,30,-2.9,37.20134048352229,0.17721843719482422,0.0007855892181396484
20250623_174018_004,0,30,30,-2.9,37.20134048352229,0.1769406795501709,0.0008866786956787109
20250623_174018_183,0,29,29,-4.4,38.90665178458594,0.1714458465576172,0.0007932186126708984
20250623_174018_356,0,29,29,-4.4,38.90665178458594,0.17772769927978516,0.0008690357208251953
20250623_174018_536,0,29,29,-4.4,38.90665178458594,0.17848801612854004,0.0013093948364257812
20250623_174018_718,0,29,29,-4.4,38.90665178458594,0.17119312286376953,0.0009734630584716797
20250623_174018_891,0,29,29,-4.4,38.90665178458594,0.17605257034301758,0.0008754730224609375
20250623_174019_069,0,29,29,-4.4,38.90665178458594,0.16979265213012695,0.0008287429809570312
20250623_174019_240,0,29,29,-4.4,38.90665178458594,0.17986035346984863,0.0011248588562011719
20250623_174019_423,0,29,29,-4.4,38.90665178458594,0.18244695663452148,0.001188516616821289
20250623_174019_607,0,29,29,-4.4,38.90665178458594,0.19043684005737305,0.0009317398071289062
20250623_174019_800,0,29,29,-4.4,38.90665178458594,0.18227243423461914,0.0008716583251953125
20250623_174019_984,0,29,29,-4.4,38.90665178458594,0.17930388450622559,0.0008997917175292969
20250623_174020_166,0,29,29,-4.4,38.90665178458594,0.17379164695739746,0.0008633136749267578
20250623_174020_341,0,29,29,-4.4,38.90665178458594,0.1775195598602295,0.0012111663818359375
20250623_174020_521,0,29,29,-4.4,38.90665178458594,0.18544840812683105,0.0009601116180419922
20250623_174020_709,0,29,29,-4.4,38.90665178458594,0.18264269828796387,0.0010080337524414062
20250623_174020_894,0,29,29,-4.4,38.90665178458594,0.1756598949432373,0.0009143352508544922
20250623_174021_072,0,29,29,-4.4,38.90665178458594,0.17666912078857422,0.001308441162109375
20250623_174021_251,0,29,29,-4.4,38.90665178458594,0.17777776718139648,0.0009341239929199219
20250623_174021_431,0,29,29,-4.4,38.90665178458594,0.17357921600341797,0.0010204315185546875
20250623_174021_607,0,29,29,-4.4,38.90665178458594,0.1741337776184082,0.0009694099426269531
20250623_174021_783,1,29,29,-4.4,37.25000841227917,0.17932820320129395,0.0008738040924072266
20250623_174021_964,1,29,29,-4.4,37.25000841227917,0.18000578880310059,0.0009088516235351562
20250623_174022_146,1,28,28,-5.8,38.95150958813516,0.17510056495666504,0.0008459091186523438
20250623_174022_323,1,28,28,-5.8,38.95150958813516,0.17816734313964844,0.0008757114410400391
20250623_174022_503,1,28,28,-5.8,38.95150958813516,0.1887216567993164,0.0012054443359375
20250623_174022_695,1,28,28,-5.8,38.95150958813516,0.18029141426086426,0.0013232231140136719
20250623_174022_877,1,28,28,-5.8,38.95150958813516,0.17534923553466797,0.0009303092956542969
20250623_174023_055,1,28,28,-5.8,38.95150958813516,0.1786332130432129,0.0012018680572509766
20250623_174023_236,1,28,28,-5.8,38.95150958813516,0.18223977088928223,0.001157999038696289
20250623_174023_421,1,29,29,-4.4,37.25000841227917,0.1794583797454834,0.000995635986328125
20250623_174023_602,1,29,29,-4.4,37.25000841227917,0.17837047576904297,0.0010879039764404297
20250623_174023_783,1,29,29,-4.4,37.25000841227917,0.17288565635681152,0.0008723735809326172
20250623_174023_958,1,29,29,-4.4,37.25000841227917,0.2044827938079834,0.0009760856628417969
20250623_174024_164,1,29,29,-4.4,37.25000841227917,0.1739652156829834,0.0008513927459716797
20250623_174024_340,1,29,29,-4.4,37.25000841227917,0.1767115592956543,0.001230478286743164
20250623_174024_520,1,29,29,-4.4,37.25000841227917,0.18388772010803223,0.0012943744659423828
20250623_174024_706,1,29,29,-4.4,37.25000841227917,0.17753076553344727,0.000997781753540039
20250623_174024_886,1,29,29,-4.4,37.25000841227917,0.17811918258666992,0.0009410381317138672
20250623_174025_066,1,29,29,-4.4,37.25000841227917,0.1729297637939453,0.00084686279296875
20250623_174025_241,1,29,29,-4.4,37.25000841227917,0.18513107299804688,0.0008549690246582031
20250623_174025_428,1,29,29,-4.4,37.25000841227917,0.17652368545532227,0.0010628700256347656
20250623_174025_607,1,29,29,-4.4,37.25000841227917,0.19642186164855957,0.000919342041015625
20250623_174025_805,2,29,29,-4.4,34.58083568474623,0.17568469047546387,0.0009133815765380859
20250623_174025_983,2,29,29,-4.4,34.58083568474623,0.1837458610534668,0.0009598731994628906
20250623_174026_169,2,28,28,-5.8,37.0485502452578,0.18332481384277344,0.001127481460571289
20250623_174026_355,2,27,27,-7.3,38.90332767868878,0.17590832710266113,0.0012650489807128906
20250623_174026_533,2,28,28,-5.8,37.0485502452578,0.1867208480834961,0.0013058185577392578
20250623_174026_723,2,28,28,-5.8,37.0485502452578,0.18412137031555176,0.0012769699096679688
20250623_174026_910,2,28,28,-5.8,37.0485502452578,0.1743316650390625,0.0008924007415771484
20250623_174027_086,2,28,28,-5.8,37.0485502452578,0.18280029296875,0.0009026527404785156
20250623_174027_271,2,28,28,-5.8,37.0485502452578,0.18539810180664062,0.0008747577667236328
20250623_174027_458,2,28,28,-5.8,37.0485502452578,0.17452645301818848,0.0010447502136230469
20250623_174027_635,2,28,28,-5.8,37.0485502452578,0.17691421508789062,0.0013637542724609375
20250623_174027_815,2,28,28,-5.8,37.0485502452578,0.17498779296875,0.001257181167602539
20250623_174027_992,2,28,28,-5.8,37.0485502452578,0.17909836769104004,0.001009225845336914
20250623_174028_174,2,28,28,-5.8,37.0485502452578,0.18384218215942383,0.0012760162353515625
20250623_174028_360,2,28,28,-5.8,37.0485502452578,0.1775808334350586,0.001253366470336914
20250623_174028_541,2,28,28,-5.8,37.0485502452578,0.18128156661987305,0.0012667179107666016
20250623_174028_725,2,28,28,-5.8,37.0485502452578,0.18219590187072754,0.0013434886932373047
20250623_174028_910,2,28,28,-5.8,37.0485502452578,0.17856097221374512,0.0012679100036621094
20250623_174029_091,2,28,28,-5.8,37.0485502452578,0.20931434631347656,0.0012409687042236328
20250623_174029_303,2,28,28,-5.8,37.0485502452578,0.1754899024963379,0.0010559558868408203
20250623_174029_481,2,28,28,-5.8,37.0485502452578,0.17385268211364746,0.0010066032409667969
20250623_174029_657,2,28,28,-5.8,37.0485502452578,0.17585492134094238,0.001073598861694336
20250623_174029_835,3,28,28,-5.8,34.9213330924981,0.1717362403869629,0.0008523464202880859
20250623_174030_008,3,28,28,-5.8,34.9213330924981,0.17859864234924316,0.0008745193481445312
20250623_174030_189,3,27,27,-7.3,37.78069093592829,0.1849687099456787,0.0009393692016601562
20250623_174030_376,3,27,27,-7.3,37.78069093592829,0.1747758388519287,0.001005411148071289
20250623_174030_553,3,27,27,-7.3,37.78069093592829,0.169586181640625,0.0011169910430908203
20250623_174030_725,3,27,27,-7.3,37.78069093592829,0.18720531463623047,0.0010237693786621094
20250623_174030_914,3,27,27,-7.3,37.78069093592829,0.18148493766784668,0.0009775161743164062
20250623_174031_098,3,27,27,-7.3,37.78069093592829,0.1792600154876709,0.0008690357208251953
20250623_174031_279,3,27,27,-7.3,37.78069093592829,0.17206764221191406,0.0009999275207519531
20250623_174031_453,3,27,27,-7.3,37.78069093592829,0.1771993637084961,0.0009472370147705078
20250623_174031_633,3,27,27,-7.3,37.78069093592829,0.18516826629638672,0.0009362697601318359
20250623_174031_820,3,27,27,-7.3,37.78069093592829,0.17834091186523438,0.00086212158203125
20250623_174032_000,3,27,27,-7.3,37.78069093592829,0.16994047164916992,0.0008378028869628906
20250623_174032_172,3,27,27,-7.3,37.78069093592829,0.17493391036987305,0.0008862018585205078
20250623_174032_349,3,27,27,-7.3,37.78069093592829,0.18395638465881348,0.0009784698486328125
20250623_174032_535,3,27,27,-7.3,37.78069093592829,0.1692821979522705,0.0010113716125488281
20250623_174032_706,3,27,27,-7.3,37.78069093592829,0.18063688278198242,0.0012857913970947266
20250623_174032_890,3,27,27,-7.3,37.78069093592829,0.18338775634765625,0.0011706352233886719
20250623_174033_076,3,27,27,-7.3,37.78069093592829,0.17290067672729492,0.0010540485382080078
20250623_174033_251,3,27,27,-7.3,37.78069093592829,0.18371915817260742,0.0009899139404296875
20250623_174033_437,3,27,27,-7.3,37.78069093592829,0.17452430725097656,0.0010068416595458984
20250623_174033_614,3,27,27,-7.3,37.78069093592829,0.17767572402954102,0.0012345314025878906
20250623_174033_794,4,27,27,-7.3,37.43599377972202,0.17572569847106934,0.0011112689971923828
20250623_174033_972,4,27,27,-7.3,37.43599377972202,0.20537590980529785,0.0012183189392089844
20250623_174034_180,4,26,26,-8.7,39.06014487212995,0.16991662979125977,0.0012392997741699219
20250623_174034_353,4,26,26,-8.7,39.06014487212995,0.1764209270477295,0.0012307167053222656
20250623_174034_532,4,26,26,-8.7,39.06014487212995,0.17862582206726074,0.0011737346649169922
20250623_174034_713,4,26,26,-8.7,39.06014487212995,0.17650508880615234,0.0010135173797607422
20250623_174034_892,4,26,26,-8.7,39.06014487212995,0.17507648468017578,0.0009355545043945312
20250623_174035_069,4,26,26,-8.7,39.06014487212995,0.17024731636047363,0.0011410713195800781
20250623_174035_242,4,26,26,-8.7,39.06014487212995,0.1824796199798584,0.0008513927459716797
20250623_174035_426,4,26,26,-8.7,39.06014487212995,0.17634224891662598,0.0011751651763916016
20250623_174035_605,4,26,26,-8.7,39.06014487212995,0.17329978942871094,0.0012907981872558594
20250623_174035_781,4,26,26,-8.7,39.06014487212995,0.17198848724365234,0.0008187294006347656
20250623_174035_955,4,27,27,-7.3,37.43599377972202,0.17674708366394043,0.0008704662322998047
20250623_174036_134,4,27,27,-7.3,37.43599377972202,0.18304038047790527,0.001009225845336914
20250623_174036_319,4,27,27,-7.3,37.43599377972202,0.18503212928771973,0.0009584426879882812
20250623_174036_506,4,27,27,-7.3,37.43599377972202,0.1821744441986084,0.0010197162628173828
20250623_174036_690,4,27,27,-7.3,37.43599377972202,0.18042707443237305,0.0009672641754150391
20250623_174036_873,4,27,27,-7.3,37.43599377972202,0.18264126777648926,0.0009653568267822266
20250623_174037_058,4,27,27,-7.3,37.43599377972202,0.17731332778930664,0.001026153564453125
20250623_174037_237,4,27,27,-7.3,37.43599377972202,0.17885088920593262,0.0010173320770263672
20250623_174037_418,4,27,27,-7.3,37.43599377972202,0.17808055877685547,0.0010313987731933594
20250623_174037_598,4,27,27,-7.3,37.43599377972202,0.17252206802368164,0.0013141632080078125
20250623_174037_774,5,27,27,-7.3,35.835301399501304,0.1795191764831543,0.0009810924530029297
20250623_174037_955,5,26,26,-8.7,38.1324134637928,0.18362069129943848,0.0009996891021728516
20250623_174038_141,5,26,26,-8.7,38.1324134637928,0.1815497875213623,0.0008389949798583984
20250623_174038_325,5,25,25,-10.2,39.44877327994217,0.18248963356018066,0.0009067058563232422
20250623_174038_509,5,26,26,-8.7,38.1324134637928,0.18351197242736816,0.0010385513305664062
20250623_174038_695,5,26,26,-8.7,38.1324134637928,0.17646503448486328,0.0010304450988769531
20250623_174038_874,5,26,26,-8.7,38.1324134637928,0.1778414249420166,0.0009708404541015625
20250623_174039_054,5,26,26,-8.7,38.1324134637928,0.21114349365234375,0.0010006427764892578
20250623_174039_267,5,26,26,-8.7,38.1324134637928,0.18096113204956055,0.0008141994476318359
20250623_174039_450,5,26,26,-8.7,38.1324134637928,0.17048120498657227,0.0010349750518798828
20250623_174039_622,5,26,26,-8.7,38.1324134637928,0.17935752868652344,0.0009653568267822266
20250623_174039_804,5,26,26,-8.7,38.1324134637928,0.17631769180297852,0.000904083251953125
20250623_174039_982,5,26,26,-8.7,38.1324134637928,0.1811833381652832,0.0009543895721435547
20250623_174040_165,5,26,26,-8.7,38.1324134637928,0.18096685409545898,0.00092315673828125
20250623_174040_348,5,26,26,-8.7,38.1324134637928,0.16890263557434082,0.0009288787841796875
20250623_174040_519,5,26,26,-8.7,38.1324134637928,0.1790916919708252,0.001033782958984375
20250623_174040_701,5,26,26,-8.7,38.1324134637928,0.18023443222045898,0.00104522705078125
20250623_174040_883,5,26,26,-8.7,38.1324134637928,0.16864705085754395,0.0008933544158935547
20250623_174041_054,5,26,26,-8.7,38.1324134637928,0.18117284774780273,0.0009429454803466797
20250623_174041_237,5,26,26,-8.7,38.1324134637928,0.1788785457611084,0.0008745193481445312
20250623_174041_418,5,26,26,-8.7,38.1324134637928,0.17831635475158691,0.001035928726196289
20250623_174041_598,5,26,26,-8.7,38.1324134637928,0.1729750633239746,0.00096893310546875
20250623_174041_774,6,26,26,-8.7,35.85203442317475,0.17488408088684082,0.0009152889251708984
20250623_174041_950,6,26,26,-8.7,35.85203442317475,0.17129778861999512,0.0009796619415283203
20250623_174042_124,6,25,25,-10.2,38.25199635440656,0.18072032928466797,0.0009856224060058594
20250623_174042_307,6,25,25,-10.2,38.25199635440656,0.175734281539917,0.0009174346923828125
20250623_174042_484,6,25,25,-10.2,38.25199635440656,0.17996859550476074,0.001026153564453125
20250623_174042_667,6,25,25,-10.2,38.25199635440656,0.18262767791748047,0.0009906291961669922
20250623_174042_851,6,25,25,-10.2,38.25199635440656,0.17991852760314941,0.0008778572082519531
20250623_174043_033,6,25,25,-10.2,38.25199635440656,0.17831039428710938,0.0010020732879638672
20250623_174043_214,6,25,25,-10.2,38.25199635440656,0.17140650749206543,0.000926971435546875
20250623_174043_387,6,25,25,-10.2,38.25199635440656,0.17717337608337402,0.0008933544158935547
20250623_174043_566,6,25,25,-10.2,38.25199635440656,0.17891240119934082,0.0009341239929199219
20250623_174043_747,6,25,25,-10.2,38.25199635440656,0.18578672409057617,0.0008299350738525391
20250623_174043_935,6,25,25,-10.2,38.25199635440656,0.1829698085784912,0.0009603500366210938
20250623_174044_120,6,25,25,-10.2,38.25199635440656,0.22822022438049316,0.0009582042694091797
20250623_174044_350,6,25,25,-10.2,38.25199635440656,0.1827683448791504,0.0009233951568603516
20250623_174044_535,6,25,25,-10.2,38.25199635440656,0.1779935359954834,0.001087188720703125
20250623_174044_717,6,25,25,-10.2,38.25199635440656,0.17330384254455566,0.0010526180267333984
20250623_174044_891,6,25,25,-10.2,38.25199635440656,0.18046259880065918,0.0009069442749023438
20250623_174045_074,6,25,25,-10.2,38.25199635440656,0.1762077808380127,0.0009987354278564453
20250623_174045_252,6,25,25,-10.2,38.25199635440656,0.17601752281188965,0.0008983612060546875
20250623_174045_430,6,25,25,-10.2,38.25199635440656,0.1756126880645752,0.0009725093841552734
20250623_174045_608,6,25,25,-10.2,38.25199635440656,0.17548155784606934,0.0009965896606445312
20250623_174045_785,7,25,25,-10.2,36.45014934160088,0.17233014106750488,0.0009295940399169922
20250623_174045_960,7,25,25,-10.2,36.45014934160088,0.18017029762268066,0.000986337661743164
20250623_174046_142,7,24,24,-11.6,37.8922857537787,0.17492175102233887,0.0008714199066162109
20250623_174046_319,7,24,24,-11.6,37.8922857537787,0.17210960388183594,0.001257181167602539
20250623_174046_494,7,24,24,-11.6,37.8922857537787,0.17962932586669922,0.0013284683227539062
20250623_174046_676,7,24,24,-11.6,37.8922857537787,0.17875409126281738,0.0013165473937988281
20250623_174046_858,7,24,24,-11.6,37.8922857537787,0.17946362495422363,0.0009481906890869141
20250623_174047_039,7,24,24,-11.6,37.8922857537787,0.18644285202026367,0.0012607574462890625
20250623_174047_229,7,24,24,-11.6,37.8922857537787,0.18223142623901367,0.0008952617645263672
20250623_174047_413,7,24,24,-11.6,37.8922857537787,0.17523407936096191,0.0009884834289550781
20250623_174047_590,7,24,24,-11.6,37.8922857537787,0.18470263481140137,0.0009894371032714844
20250623_174047_777,7,24,24,-11.6,37.8922857537787,0.18303489685058594,0.0009107589721679688
20250623_174047_962,7,24,24,-11.6,37.8922857537787,0.18140220642089844,0.0010128021240234375
20250623_174048_145,7,24,24,-11.6,37.8922857537787,0.1767747402191162,0.0009031295776367188
20250623_174048_324,7,24,24,-11.6,37.8922857537787,0.1773681640625,0.0008330345153808594
20250623_174048_504,7,24,24,-11.6,37.8922857537787,0.17969918251037598,0.0010204315185546875
20250623_174048_685,7,24,24,-11.6,37.8922857537787,0.18218684196472168,0.0010440349578857422
20250623_174048_870,7,24,24,-11.6,37.8922857537787,0.18206357955932617,0.0009565353393554688
20250623_174049_054,7,24,24,-11.6,37.8922857537787,0.18250012397766113,0.0010211467742919922
20250623_174049_239,7,25,25,-10.2,36.45014934160088,0.21632981300354004,0.000873565673828125
20250623_174049_457,7,25,25,-10.2,36.45014934160088,0.18081092834472656,0.0010025501251220703
20250623_174049_640,7,25,25,-10.2,36.45014934160088,0.17802834510803223,0.001074075698852539
20250623_174049_820,8,25,25,-10.2,35.71383979088748,0.18325304985046387,0.0009093284606933594
20250623_174050_006,8,25,25,-10.2,35.71383979088748,0.18355655670166016,0.000881195068359375
20250623_174050_191,8,24,24,-11.6,37.19846896186141,0.17578554153442383,0.0007996559143066406
20250623_174050_369,8,23,23,-13.1,39.180842846083486,0.18657827377319336,0.0009219646453857422
20250623_174050_558,8,23,23,-13.1,39.180842846083486,0.17608308792114258,0.0010106563568115234
20250623_174050_736,8,23,23,-13.1,39.180842846083486,0.1720285415649414,0.0011014938354492188
20250623_174050_910,8,24,24,-11.6,37.19846896186141,0.1767559051513672,0.0009770393371582031
20250623_174051_089,8,24,24,-11.6,37.19846896186141,0.17947602272033691,0.0011522769927978516
20250623_174051_271,8,24,24,-11.6,37.19846896186141,0.18082737922668457,0.0009734630584716797
20250623_174051_454,8,24,24,-11.6,37.19846896186141,0.18137097358703613,0.0013015270233154297
20250623_174051_638,8,24,24,-11.6,37.19846896186141,0.18064403533935547,0.0012302398681640625
20250623_174051_821,8,24,24,-11.6,37.19846896186141,0.18779277801513672,0.0011150836944580078
20250623_174052_012,8,24,24,-11.6,37.19846896186141,0.181260347366333,0.0011229515075683594
20250623_174052_195,8,24,24,-11.6,37.19846896186141,0.18717622756958008,0.0011031627655029297
20250623_174052_385,8,24,24,-11.6,37.19846896186141,0.17235469818115234,0.0011744499206542969
20250623_174052_560,8,24,24,-11.6,37.19846896186141,0.18110871315002441,0.0010106563568115234
20250623_174052_743,8,24,24,-11.6,37.19846896186141,0.18294382095336914,0.0010390281677246094
20250623_174052_928,8,24,24,-11.6,37.19846896186141,0.18983674049377441,0.0010020732879638672
20250623_174053_121,8,24,24,-11.6,37.19846896186141,0.1803150177001953,0.0008909702301025391
20250623_174053_303,8,24,24,-11.6,37.19846896186141,0.17702317237854004,0.0012803077697753906
20250623_174053_482,8,24,24,-11.6,37.19846896186141,0.18251800537109375,0.0010132789611816406
20250623_174053_667,8,24,24,-11.6,37.19846896186141,0.17363810539245605,0.0009853839874267578
20250623_174053_843,9,24,24,-11.6,35.204449442814166,0.18696165084838867,0.0008695125579833984
20250623_174054_032,9,24,24,-11.6,35.204449442814166,0.1733405590057373,0.0009403228759765625
20250623_174054_207,9,23,23,-13.1,38.15808108759422,0.17568612098693848,0.0008602142333984375
20250623_174054_385,9,23,23,-13.1,38.15808108759422,0.17167305946350098,0.00103759765625
20250623_174054_559,9,23,23,-13.1,38.15808108759422,0.17766809463500977,0.0010213851928710938
20250623_174054_738,9,23,23,-13.1,38.15808108759422,0.17958474159240723,0.0012564659118652344
20250623_174054_921,9,23,23,-13.1,38.15808108759422,0.17712879180908203,0.0012059211730957031
20250623_174055_100,9,23,23,-13.1,38.15808108759422,0.1719956398010254,0.0011434555053710938
20250623_174055_275,9,23,23,-13.1,38.15808108759422,0.17307639122009277,0.001085042953491211
20250623_174055_450,9,23,23,-13.1,38.15808108759422,0.18096160888671875,0.00127410888671875
20250623_174055_634,9,23,23,-13.1,38.15808108759422,0.17209553718566895,0.0009799003601074219
20250623_174055_808,9,23,23,-13.1,38.15808108759422,0.18111395835876465,0.0008485317230224609
20250623_174055_991,9,23,23,-13.1,38.15808108759422,0.17557001113891602,0.0008699893951416016
20250623_174056_169,9,23,23,-13.1,38.15808108759422,0.17009711265563965,0.0008623600006103516
20250623_174056_341,9,23,23,-13.1,38.15808108759422,0.1855764389038086,0.0008800029754638672
20250623_174056_529,9,23,23,-13.1,38.15808108759422,0.17436933517456055,0.001386404037475586
20250623_174056_706,9,23,23,-13.1,38.15808108759422,0.1812138557434082,0.0009722709655761719
20250623_174056_889,9,23,23,-13.1,38.15808108759422,0.17934703826904297,0.0009136199951171875
20250623_174057_071,9,23,23,-13.1,38.15808108759422,0.17763328552246094,0.0008571147918701172
20250623_174057_250,9,23,23,-13.1,38.15808108759422,0.18170547485351562,0.0008807182312011719
20250623_174057_434,9,23,23,-13.1,38.15808108759422,0.1786506175994873,0.0010037422180175781
20250623_174057_615,9,23,23,-13.1,38.15808108759422,0.17621064186096191,0.000919342041015625
20250623_174057_793,10,23,23,-13.1,35.217612677960744,0.18314671516418457,0.0009999275207519531
20250623_174057_978,10,23,23,-13.1,35.217612677960744,0.17808079719543457,0.0010111331939697266
20250623_174058_159,10,22,22,-14.5,37.38554356875786,0.18329310417175293,0.0008738040924072266
20250623_174058_344,10,22,22,-14.5,37.38554356875786,0.1782076358795166,0.000896453857421875
20250623_174058_524,10,22,22,-14.5,37.38554356875786,0.18195676803588867,0.0010287761688232422
20250623_174058_708,10,22,22,-14.5,37.38554356875786,0.1864488124847412,0.0009753704071044922
20250623_174058_897,10,22,22,-14.5,37.38554356875786,0.18278765678405762,0.0009083747863769531
20250623_174059_082,10,22,22,-14.5,37.38554356875786,0.18103766441345215,0.0008404254913330078
20250623_174059_265,10,22,22,-14.5,37.38554356875786,0.20185089111328125,0.0010101795196533203
20250623_174059_469,10,22,22,-14.5,37.38554356875786,0.17834758758544922,0.0010509490966796875
20250623_174059_650,10,22,22,-14.5,37.38554356875786,0.17021560668945312,0.001276254653930664
20250623_174059_823,10,22,22,-14.5,37.38554356875786,0.17809152603149414,0.0014731884002685547
20250623_174100_004,10,22,22,-14.5,37.38554356875786,0.17846965789794922,0.0013821125030517578
20250623_174100_185,10,22,22,-14.5,37.38554356875786,0.1776123046875,0.0013806819915771484
20250623_174100_366,10,22,22,-14.5,37.38554356875786,0.1701650619506836,0.0012919902801513672
20250623_174100_539,10,22,22,-14.5,37.38554356875786,0.18137288093566895,0.001283884048461914
20250623_174100_723,10,22,22,-14.5,37.38554356875786,0.17750859260559082,0.0012617111206054688
20250623_174100_903,10,22,22,-14.5,37.38554356875786,0.17807435989379883,0.0010132789611816406
20250623_174101_083,10,22,22,-14.5,37.38554356875786,0.17462754249572754,0.0012631416320800781
20250623_174101_261,10,22,22,-14.5,37.38554356875786,0.17672514915466309,0.0012392997741699219
20250623_174101_440,10,22,22,-14.5,37.38554356875786,0.18336749076843262,0.0010180473327636719
20250623_174101_626,10,22,22,-14.5,37.38554356875786,0.18094444274902344,0.0009729862213134766
20250623_174101_809,11,22,22,-14.5,36.58551809582088,0.17661356925964355,0.0008530616760253906
20250623_174101_987,11,22,22,-14.5,36.58551809582088,0.17029309272766113,0.0008931159973144531
20250623_174102_160,11,21,21,-16.0,38.840843786595016,0.17752909660339355,0.0009517669677734375
20250623_174102_339,11,21,21,-16.0,38.840843786595016,0.17656397819519043,0.0013730525970458984
20250623_174102_519,11,21,21,-16.0,38.840843786595016,0.1746523380279541,0.0010797977447509766
20250623_174102_696,11,21,21,-16.0,38.840843786595016,0.1916964054107666,0.0012106895446777344
20250623_174102_890,11,21,21,-16.0,38.840843786595016,0.1815354824066162,0.0010235309600830078
20250623_174103_074,11,22,22,-14.5,36.58551809582088,0.18019890785217285,0.0008516311645507812
20250623_174103_256,11,22,22,-14.5,36.58551809582088,0.1785600185394287,0.0010895729064941406
20250623_174103_437,11,22,22,-14.5,36.58551809582088,0.1800708770751953,0.001232147216796875
20250623_174103_620,11,22,22,-14.5,36.58551809582088,0.1788341999053955,0.001199483871459961
20250623_174103_801,11,22,22,-14.5,36.58551809582088,0.17246460914611816,0.0010876655578613281
20250623_174103_976,11,22,22,-14.5,36.58551809582088,0.18166255950927734,0.0010857582092285156
20250623_174104_160,11,22,22,-14.5,36.58551809582088,0.18568968772888184,0.001031637191772461
20250623_174104_348,11,22,22,-14.5,36.58551809582088,0.2066957950592041,0.0011980533599853516
20250623_174104_557,11,22,22,-14.5,36.58551809582088,0.17970895767211914,0.0012149810791015625
20250623_174104_740,11,22,22,-14.5,36.58551809582088,0.1797959804534912,0.0010724067687988281
20250623_174104_922,11,22,22,-14.5,36.58551809582088,0.1795516014099121,0.000904083251953125
20250623_174105_104,11,22,22,-14.5,36.58551809582088,0.18142938613891602,0.0011210441589355469
20250623_174105_287,11,22,22,-14.5,36.58551809582088,0.17761802673339844,0.0011184215545654297
20250623_174105_467,11,21,21,-16.0,38.840843786595016,0.17060470581054688,0.0012433528900146484
20250623_174105_641,11,21,21,-16.0,38.840843786595016,0.1786975860595703,0.0009756088256835938
20250623_174105_821,12,21,21,-16.0,38.0357130800907,0.1798412799835205,0.0008947849273681641
20250623_174106_003,12,21,21,-16.0,38.0357130800907,0.17993998527526855,0.0008890628814697266
20250623_174106_185,12,21,21,-16.0,38.0357130800907,0.17769980430603027,0.0013201236724853516
20250623_174106_366,12,21,21,-16.0,38.0357130800907,0.17238545417785645,0.0010404586791992188
20250623_174106_540,12,21,21,-16.0,38.0357130800907,0.17736244201660156,0.0012748241424560547
20250623_174106_720,12,21,21,-16.0,38.0357130800907,0.17821502685546875,0.0012698173522949219
20250623_174106_901,12,21,21,-16.0,38.0357130800907,0.18046355247497559,0.0009088516235351562
20250623_174107_084,12,21,21,-16.0,38.0357130800907,0.1822681427001953,0.001108407974243164
20250623_174107_269,12,21,21,-16.0,38.0357130800907,0.17763209342956543,0.0010802745819091797
20250623_174107_449,12,21,21,-16.0,38.0357130800907,0.18138718605041504,0.0010213851928710938
20250623_174107_632,12,21,21,-16.0,38.0357130800907,0.17330265045166016,0.0009474754333496094
20250623_174107_808,12,21,21,-16.0,38.0357130800907,0.1767876148223877,0.0008637905120849609
20250623_174107_986,12,21,21,-16.0,38.0357130800907,0.18687868118286133,0.0011653900146484375
20250623_174108_176,12,21,21,-16.0,38.0357130800907,0.18362951278686523,0.0010879039764404297
20250623_174108_362,12,21,21,-16.0,38.0357130800907,0.1753993034362793,0.0011157989501953125
20250623_174108_540,12,21,21,-16.0,38.0357130800907,0.1810307502746582,0.0012199878692626953
20250623_174108_724,12,21,21,-16.0,38.0357130800907,0.18526244163513184,0.0013051033020019531
20250623_174108_912,12,21,21,-16.0,38.0357130800907,0.1763617992401123,0.0009043216705322266
20250623_174109_090,12,21,21,-16.0,38.0357130800907,0.178757905960083,0.00084686279296875
20250623_174109_271,12,21,21,-16.0,38.0357130800907,0.18675470352172852,0.0008199214935302734
20250623_174109_459,12,21,21,-16.0,38.0357130800907,0.17569947242736816,0.0010585784912109375
20250623_174109_637,12,21,21,-16.0,38.0357130800907,0.18391060829162598,0.0009922981262207031
20250623_174109_823,13,21,21,-16.0,36.92530858032935,0.18297028541564941,0.0008647441864013672
20250623_174110_008,13,21,21,-16.0,36.92530858032935,0.17872190475463867,0.0008919239044189453
20250623_174110_189,13,20,20,-17.4,38.17623719916048,0.18365120887756348,0.0008766651153564453
20250623_174110_375,13,20,20,-17.4,38.17623719916048,0.17589211463928223,0.0010097026824951172
20250623_174110_553,13,20,20,-17.4,38.17623719916048,0.17299389839172363,0.0009505748748779297
20250623_174110_728,13,20,20,-17.4,38.17623719916048,0.18162775039672852,0.0013039112091064453
20250623_174110_912,13,20,20,-17.4,38.17623719916048,0.1775836944580078,0.0008575916290283203
20250623_174111_092,13,20,20,-17.4,38.17623719916048,0.1786479949951172,0.0008182525634765625
20250623_174111_273,13,20,20,-17.4,38.17623719916048,0.17975163459777832,0.000827789306640625
20250623_174111_454,13,20,20,-17.4,38.17623719916048,0.1808767318725586,0.000985860824584961
20250623_174111_637,13,20,20,-17.4,38.17623719916048,0.16852498054504395,0.0009443759918212891
20250623_174111_808,13,20,20,-17.4,38.17623719916048,0.18164753913879395,0.000865936279296875
20250623_174111_991,13,20,20,-17.4,38.17623719916048,0.17702674865722656,0.0012044906616210938
20250623_174112_171,13,20,20,-17.4,38.17623719916048,0.17765378952026367,0.0009186267852783203
20250623_174112_351,13,20,20,-17.4,38.17623719916048,0.17297935485839844,0.000835418701171875
20250623_174112_526,13,20,20,-17.4,38.17623719916048,0.1769254207611084,0.0013349056243896484
20250623_174112_706,13,20,20,-17.4,38.17623719916048,0.18433570861816406,0.0012638568878173828
20250623_174112_893,13,20,20,-17.4,38.17623719916048,0.1780989170074463,0.0011398792266845703
20250623_174113_073,13,20,20,-17.4,38.17623719916048,0.17717671394348145,0.0008347034454345703
20250623_174113_252,13,20,20,-17.4,38.17623719916048,0.17464232444763184,0.0008046627044677734
20250623_174113_429,13,20,20,-17.4,38.17623719916048,0.17752552032470703,0.0009510517120361328
20250623_174113_609,13,20,20,-17.4,38.17623719916048,0.1757967472076416,0.0009665489196777344
20250623_174113_787,14,20,20,-17.4,36.45593018693571,0.1791231632232666,0.0008666515350341797
20250623_174113_968,14,20,20,-17.4,36.45593018693571,0.17934012413024902,0.0008461475372314453
20250623_174114_149,14,19,19,-18.9,38.49727835405732,0.18153858184814453,0.0008096694946289062
20250623_174114_332,14,19,19,-18.9,38.49727835405732,0.18256068229675293,0.0009379386901855469
20250623_174114_517,14,19,19,-18.9,38.49727835405732,0.17536067962646484,0.0009779930114746094
20250623_174114_694,14,20,20,-17.4,36.45593018693571,0.17324185371398926,0.0009779930114746094
20250623_174114_870,14,19,19,-18.9,38.49727835405732,0.17858076095581055,0.000804901123046875
20250623_174115_050,14,19,19,-18.9,38.49727835405732,0.1979987621307373,0.0011448860168457031
20250623_174115_251,14,19,19,-18.9,38.49727835405732,0.18308568000793457,0.0007746219635009766
20250623_174115_435,14,19,19,-18.9,38.49727835405732,0.1826176643371582,0.0009970664978027344
20250623_174115_620,14,19,19,-18.9,38.49727835405732,0.1814284324645996,0.0010051727294921875
20250623_174115_804,14,19,19,-18.9,38.49727835405732,0.17905378341674805,0.0008401870727539062
20250623_174115_985,14,19,19,-18.9,38.49727835405732,0.17850470542907715,0.0009438991546630859
20250623_174116_165,14,20,20,-17.4,36.45593018693571,0.1750962734222412,0.0011425018310546875
20250623_174116_343,14,20,20,-17.4,36.45593018693571,0.18339276313781738,0.0011115074157714844
20250623_174116_529,14,20,20,-17.4,36.45593018693571,0.17428112030029297,0.0012476444244384766
20250623_174116_706,14,20,20,-17.4,36.45593018693571,0.1779637336730957,0.0013175010681152344
20250623_174116_887,14,19,19,-18.9,38.49727835405732,0.17936062812805176,0.0011386871337890625
20250623_174117_069,14,19,19,-18.9,38.49727835405732,0.1788315773010254,0.0010190010070800781
20250623_174117_250,14,19,19,-18.9,38.49727835405732,0.17440342903137207,0.0011076927185058594
20250623_174117_426,14,19,19,-18.9,38.49727835405732,0.17521286010742188,0.0009810924530029297
20250623_174117_604,14,19,19,-18.9,38.49727835405732,0.18512606620788574,0.0009639263153076172
20250623_174117_791,15,19,19,-18.9,37.495029403225686,0.179243803024292,0.0011000633239746094
20250623_174117_972,15,19,19,-18.9,37.495029403225686,0.1805553436279297,0.0010523796081542969
20250623_174118_155,15,19,19,-18.9,37.495029403225686,0.17920756340026855,0.0008151531219482422
20250623_174118_337,15,18,18,-20.3,38.75920317299539,0.18696808815002441,0.0008544921875
20250623_174118_525,15,18,18,-20.3,38.75920317299539,0.17612981796264648,0.001321554183959961
20250623_174118_704,15,19,19,-18.9,37.495029403225686,0.18494677543640137,0.0012845993041992188
20250623_174118_892,15,19,19,-18.9,37.495029403225686,0.17751336097717285,0.0008254051208496094
20250623_174119_072,15,19,19,-18.9,37.495029403225686,0.1801140308380127,0.0011243820190429688
20250623_174119_254,15,19,19,-18.9,37.495029403225686,0.18068504333496094,0.0010523796081542969
20250623_174119_437,15,19,19,-18.9,37.495029403225686,0.17978954315185547,0.001218557357788086
20250623_174119_620,15,18,18,-20.3,38.75920317299539,0.1848151683807373,0.0012044906616210938
20250623_174119_807,15,19,19,-18.9,37.495029403225686,0.17761588096618652,0.0011317729949951172
20250623_174119_987,15,19,19,-18.9,37.495029403225686,0.1831667423248291,0.0009520053863525391
20250623_174120_173,15,19,19,-18.9,37.495029403225686,0.17669439315795898,0.0008165836334228516
20250623_174120_351,15,19,19,-18.9,37.495029403225686,0.17406821250915527,0.0008778572082519531
20250623_174120_527,15,19,19,-18.9,37.495029403225686,0.17871379852294922,0.0012538433074951172
20250623_174120_709,15,19,19,-18.9,37.495029403225686,0.1767561435699463,0.0009534358978271484
20250623_174120_888,15,18,18,-20.3,38.75920317299539,0.18022561073303223,0.0008642673492431641
20250623_174121_070,15,18,18,-20.3,38.75920317299539,0.18145203590393066,0.0009899139404296875
20250623_174121_253,15,19,19,-18.9,37.495029403225686,0.1796267032623291,0.0009648799896240234
20250623_174121_435,15,19,19,-18.9,37.495029403225686,0.1834108829498291,0.0009906291961669922
20250623_174121_621,15,19,19,-18.9,37.495029403225686,0.1818678379058838,0.0009334087371826172
20250623_174121_805,16,19,19,-18.9,35.95678803316607,0.17594552040100098,0.0008606910705566406
20250623_174121_983,16,19,19,-18.9,35.95678803316607,0.1744232177734375,0.0008718967437744141
20250623_174122_159,16,18,18,-20.3,38.27860215671876,0.17728757858276367,0.0008165836334228516
20250623_174122_338,16,18,18,-20.3,38.27860215671876,0.17754340171813965,0.0008795261383056641
20250623_174122_518,16,18,18,-20.3,38.27860215671876,0.16898632049560547,0.0012142658233642578
20250623_174122_689,16,18,18,-20.3,38.27860215671876,0.1811068058013916,0.0009765625
20250623_174122_872,16,18,18,-20.3,38.27860215671876,0.18198919296264648,0.0008263587951660156
20250623_174123_056,16,18,18,-20.3,38.27860215671876,0.17960095405578613,0.0008819103240966797
20250623_174123_238,16,18,18,-20.3,38.27860215671876,0.17839789390563965,0.0008294582366943359
20250623_174123_418,16,18,18,-20.3,38.27860215671876,0.1725161075592041,0.001009225845336914
20250623_174123_593,16,18,18,-20.3,38.27860215671876,0.18000149726867676,0.0009658336639404297
20250623_174123_775,16,18,18,-20.3,38.27860215671876,0.18884897232055664,0.0008618831634521484
20250623_174123_966,16,18,18,-20.3,38.27860215671876,0.17164230346679688,0.0009443759918212891
20250623_174124_139,16,18,18,-20.3,38.27860215671876,0.17994356155395508,0.0008640289306640625
20250623_174124_321,16,18,18,-20.3,38.27860215671876,0.18058109283447266,0.001018524169921875
20250623_174124_504,16,18,18,-20.3,38.27860215671876,0.17955756187438965,0.000978708267211914
20250623_174124_686,16,18,18,-20.3,38.27860215671876,0.18056154251098633,0.0009920597076416016
20250623_174124_869,16,18,18,-20.3,38.27860215671876,0.17374706268310547,0.0008761882781982422
20250623_174125_044,16,18,18,-20.3,38.27860215671876,0.17894840240478516,0.0009708404541015625
20250623_174125_225,16,18,18,-20.3,38.27860215671876,0.18320202827453613,0.0008661746978759766
20250623_174125_411,16,18,18,-20.3,38.27860215671876,0.17406582832336426,0.0010094642639160156
20250623_174125_587,16,18,18,-20.3,38.27860215671876,0.17787575721740723,0.0009601116180419922
20250623_174125_767,17,18,18,-20.3,37.22211543231438,0.1759793758392334,0.0009160041809082031
20250623_174125_945,17,18,18,-20.3,37.22211543231438,0.17996644973754883,0.0009951591491699219
20250623_174126_127,17,17,17,-21.8,38.54531019414208,0.1753237247467041,0.0008113384246826172
20250623_174126_304,17,17,17,-21.8,38.54531019414208,0.17111873626708984,0.0010542869567871094
20250623_174126_477,17,17,17,-21.8,38.54531019414208,0.17560148239135742,0.0010449886322021484
20250623_174126_655,17,17,17,-21.8,38.54531019414208,0.1770179271697998,0.0010662078857421875
20250623_174126_835,17,17,17,-21.8,38.54531019414208,0.17457294464111328,0.0008866786956787109
20250623_174127_011,17,17,17,-21.8,38.54531019414208,0.17440462112426758,0.0008504390716552734
20250623_174127_187,17,17,17,-21.8,38.54531019414208,0.18072986602783203,0.0009148120880126953
20250623_174127_370,17,17,17,-21.8,38.54531019414208,0.17912507057189941,0.0009360313415527344
20250623_174127_551,17,17,17,-21.8,38.54531019414208,0.1852278709411621,0.001051187515258789
20250623_174127_739,17,17,17,-21.8,38.54531019414208,0.177351713180542,0.0009167194366455078
20250623_174127_918,17,18,18,-20.3,37.22211543231438,0.17546558380126953,0.0008652210235595703
20250623_174128_096,17,18,18,-20.3,37.22211543231438,0.1856861114501953,0.0008051395416259766
20250623_174128_283,17,18,18,-20.3,37.22211543231438,0.18269777297973633,0.0008893013000488281
20250623_174128_468,17,18,18,-20.3,37.22211543231438,0.18207097053527832,0.0009942054748535156
20250623_174128_652,17,18,18,-20.3,37.22211543231438,0.1745903491973877,0.0009906291961669922
20250623_174128_829,17,18,18,-20.3,37.22211543231438,0.18248701095581055,0.0009791851043701172
20250623_174129_014,17,18,18,-20.3,37.22211543231438,0.18211054801940918,0.0008645057678222656
20250623_174129_198,17,18,18,-20.3,37.22211543231438,0.19681024551391602,0.0008373260498046875
20250623_174129_396,17,18,18,-20.3,37.22211543231438,0.17416667938232422,0.0011527538299560547
20250623_174129_573,17,18,18,-20.3,37.22211543231438,0.17658114433288574,0.000989675521850586
20250623_174129_752,18,17,17,-21.8,37.27458655325306,0.20238733291625977,0.0009443759918212891
20250623_174129_956,18,17,17,-21.8,37.27458655325306,0.18108248710632324,0.0008957386016845703
20250623_174130_139,18,16,16,-23.2,38.86980135220536,0.1788010597229004,0.0009479522705078125
20250623_174130_320,18,16,16,-23.2,38.86980135220536,0.18349552154541016,0.0010068416595458984
20250623_174130_506,18,16,16,-23.2,38.86980135220536,0.17899179458618164,0.0010120868682861328
20250623_174130_687,18,16,16,-23.2,38.86980135220536,0.1814899444580078,0.0010495185852050781
20250623_174130_871,18,16,16,-23.2,38.86980135220536,0.1795363426208496,0.0008602142333984375
20250623_174131_052,18,16,16,-23.2,38.86980135220536,0.17867279052734375,0.0009162425994873047
20250623_174131_233,18,16,16,-23.2,38.86980135220536,0.17449212074279785,0.0008218288421630859
20250623_174131_409,18,16,16,-23.2,38.86980135220536,0.18014311790466309,0.0009789466857910156
20250623_174131_592,18,16,16,-23.2,38.86980135220536,0.18323826789855957,0.0012021064758300781
20250623_174131_778,18,17,17,-21.8,37.27458655325306,0.1796107292175293,0.0010764598846435547
20250623_174131_960,18,17,17,-21.8,37.27458655325306,0.18490195274353027,0.0010957717895507812
20250623_174132_147,18,17,17,-21.8,37.27458655325306,0.17662382125854492,0.0010402202606201172
20250623_174132_326,18,17,17,-21.8,37.27458655325306,0.17371606826782227,0.0008747577667236328
20250623_174132_502,18,17,17,-21.8,37.27458655325306,0.1741797924041748,0.0009543895721435547
20250623_174132_678,18,17,17,-21.8,37.27458655325306,0.17539167404174805,0.0012984275817871094
20250623_174132_857,18,17,17,-21.8,37.27458655325306,0.18005871772766113,0.0010330677032470703
20250623_174133_038,18,17,17,-21.8,37.27458655325306,0.18284010887145996,0.0008645057678222656
20250623_174133_223,18,17,17,-21.8,37.27458655325306,0.17790484428405762,0.0008287429809570312
20250623_174133_403,18,17,17,-21.8,37.27458655325306,0.18667316436767578,0.0009491443634033203
20250623_174133_592,18,17,17,-21.8,37.27458655325306,0.1859571933746338,0.0009572505950927734
20250623_174133_780,19,16,16,-23.2,37.53832493075412,0.17754888534545898,0.000980377197265625
20250623_174133_960,19,16,16,-23.2,37.53832493075412,0.17718863487243652,0.0009307861328125
20250623_174134_139,19,15,15,-24.7,38.74993602163752,0.17899513244628906,0.0009882450103759766
20250623_174134_320,19,16,16,-23.2,37.53832493075412,0.17760491371154785,0.0020258426666259766
20250623_174134_501,19,16,16,-23.2,37.53832493075412,0.18366575241088867,0.0010492801666259766
20250623_174134_687,19,16,16,-23.2,37.53832493075412,0.19155573844909668,0.0010170936584472656
20250623_174134_881,19,16,16,-23.2,37.53832493075412,0.17616605758666992,0.0009214878082275391
20250623_174135_059,19,16,16,-23.2,37.53832493075412,0.17772603034973145,0.0008721351623535156
20250623_174135_238,19,16,16,-23.2,37.53832493075412,0.17774510383605957,0.0008022785186767578
20250623_174135_418,19,16,16,-23.2,37.53832493075412,0.1744091510772705,0.0010218620300292969
20250623_174135_595,19,NO_RADIO,16,-23.2,37.53832493075412,0.13960981369018555,0.0010170936584472656
20250623_174135_736,19,16,16,-23.2,37.53832493075412,0.18972516059875488,0.0008511543273925781
20250623_174135_928,19,16,16,-23.2,37.53832493075412,0.1792914867401123,0.0008368492126464844
20250623_174136_109,19,16,16,-23.2,37.53832493075412,0.18603301048278809,0.0009834766387939453
20250623_174136_298,19,16,16,-23.2,37.53832493075412,0.18755888938903809,0.0008981227874755859
20250623_174136_487,19,16,16,-23.2,37.53832493075412,0.17911744117736816,0.0010037422180175781
20250623_174136_668,19,16,16,-23.2,37.53832493075412,0.17859721183776855,0.0012354850769042969
20250623_174136_850,19,16,16,-23.2,37.53832493075412,0.1760878562927246,0.000990152359008789
20250623_174137_028,19,16,16,-23.2,37.53832493075412,0.17294788360595703,0.0009410381317138672
20250623_174137_203,19,16,16,-23.2,37.53832493075412,0.18142247200012207,0.0008451938629150391
20250623_174137_386,19,16,16,-23.2,37.53832493075412,0.1779952049255371,0.0010509490966796875
20250623_174137_566,19,16,16,-23.2,37.53832493075412,0.18296504020690918,0.0012784004211425781
20250623_174137_752,20,16,16,-23.2,37.02526515990832,0.17519068717956543,0.0009555816650390625
20250623_174137_930,20,16,16,-23.2,37.02526515990832,0.1775496006011963,0.001054525375366211
20250623_174138_109,20,15,15,-24.7,38.52949423988072,0.17687296867370605,0.0009553432464599609
20250623_174138_288,20,15,15,-24.7,38.52949423988072,0.18005061149597168,0.0011794567108154297
20250623_174138_471,20,15,15,-24.7,38.52949423988072,0.18108010292053223,0.0013496875762939453
20250623_174138_655,20,15,15,-24.7,38.52949423988072,0.17875933647155762,0.00099945068359375
20250623_174138_836,20,15,15,-24.7,38.52949423988072,0.18413376808166504,0.001247406005859375
20250623_174139_022,20,15,15,-24.7,38.52949423988072,0.17843961715698242,0.0009748935699462891
20250623_174139_203,20,15,15,-24.7,38.52949423988072,0.18025875091552734,0.0008606910705566406
20250623_174139_385,20,15,15,-24.7,38.52949423988072,0.18443632125854492,0.0009989738464355469
20250623_174139_572,20,15,15,-24.7,38.52949423988072,0.1877574920654297,0.0009851455688476562
20250623_174139_762,20,15,15,-24.7,38.52949423988072,0.22423458099365234,0.0009016990661621094
20250623_174139_988,20,15,15,-24.7,38.52949423988072,0.1821730136871338,0.0008776187896728516
20250623_174140_172,20,15,15,-24.7,38.52949423988072,0.17938852310180664,0.0008597373962402344
20250623_174140_354,20,15,15,-24.7,38.52949423988072,0.18645715713500977,0.001009225845336914
20250623_174140_542,20,15,15,-24.7,38.52949423988072,0.18185925483703613,0.0012884140014648438
20250623_174140_727,20,15,15,-24.7,38.52949423988072,0.1754312515258789,0.0010256767272949219
20250623_174140_904,20,15,15,-24.7,38.52949423988072,0.18181824684143066,0.0009031295776367188
20250623_174141_088,20,15,15,-24.7,38.52949423988072,0.18668675422668457,0.000885009765625
20250623_174141_277,20,15,15,-24.7,38.52949423988072,0.180189847946167,0.0011320114135742188
20250623_174141_460,20,15,15,-24.7,38.52949423988072,0.18081331253051758,0.0012009143829345703
20250623_174141_643,20,15,15,-24.7,38.52949423988072,0.1846463680267334,0.0009708404541015625
20250623_174141_830,21,15,15,-24.7,37.21574499438449,0.1849064826965332,0.0009148120880126953
20250623_174142_017,21,51,51,27.6,,0.17502403259277344,0.0008285045623779297
20250623_174142_194,21,14,14,-26.1,38.99129267035767,0.18674778938293457,0.0010089874267578125
20250623_174142_383,21,14,14,-26.1,38.99129267035767,0.17695975303649902,0.0010058879852294922
20250623_174142_562,21,14,14,-26.1,38.99129267035767,0.18518972396850586,0.0012629032135009766
20250623_174142_750,21,14,14,-26.1,38.99129267035767,0.17894554138183594,0.0010478496551513672
20250623_174142_931,21,14,14,-26.1,38.99129267035767,0.18348264694213867,0.0009791851043701172
20250623_174143_116,21,14,14,-26.1,38.99129267035767,0.18039512634277344,0.001115560531616211
20250623_174143_299,21,14,14,-26.1,38.99129267035767,0.18151378631591797,0.0008788108825683594
20250623_174143_483,21,14,14,-26.1,38.99129267035767,0.17731618881225586,0.0012416839599609375
20250623_174143_663,21,14,14,-26.1,38.99129267035767,0.18872857093811035,0.0009505748748779297
20250623_174143_854,21,14,14,-26.1,38.99129267035767,0.17911624908447266,0.0010249614715576172
20250623_174144_035,21,14,14,-26.1,38.99129267035767,0.17911553382873535,0.0010731220245361328
20250623_174144_216,21,14,14,-26.1,38.99129267035767,0.18306732177734375,0.0009033679962158203
20250623_174144_401,21,14,14,-26.1,38.99129267035767,0.18737578392028809,0.0009713172912597656
20250623_174144_591,21,14,14,-26.1,38.99129267035767,0.18733572959899902,0.0010411739349365234
20250623_174144_781,21,14,14,-26.1,38.99129267035767,0.18687820434570312,0.0012955665588378906
20250623_174144_970,21,14,14,-26.1,38.99129267035767,0.1878643035888672,0.0009539127349853516
20250623_174145_160,21,14,14,-26.1,38.99129267035767,0.17536616325378418,0.000942230224609375
20250623_174145_338,21,14,14,-26.1,38.99129267035767,0.179732084274292,0.0008916854858398438
20250623_174145_519,21,14,14,-26.1,38.99129267035767,0.18079614639282227,0.00107574462890625
20250623_174145_702,21,15,15,-24.7,37.21574499438449,0.18199706077575684,0.0009665489196777344
20250623_174145_886,22,15,15,-24.7,35.79840926927523,0.17790651321411133,0.0009200572967529297
20250623_174146_066,22,NO_RADIO,15,-24.7,35.79840926927523,0.14886069297790527,0.0011756420135498047
20250623_174146_218,22,14,14,-26.1,38.12097744326122,0.18054509162902832,0.0010938644409179688
20250623_174146_401,22,14,14,-26.1,38.12097744326122,0.17512845993041992,0.0011928081512451172
20250623_174146_579,22,14,14,-26.1,38.12097744326122,0.18077659606933594,0.0011568069458007812
20250623_174146_762,22,14,14,-26.1,38.12097744326122,0.1800539493560791,0.0010750293731689453
20250623_174146_944,22,14,14,-26.1,38.12097744326122,0.18110418319702148,0.0008537769317626953
20250623_174147_127,22,14,14,-26.1,38.12097744326122,0.17511343955993652,0.0008642673492431641
20250623_174147_304,22,14,14,-26.1,38.12097744326122,0.17989611625671387,0.0012793540954589844
20250623_174147_487,22,14,14,-26.1,38.12097744326122,0.18007922172546387,0.0009381771087646484
20250623_174147_669,22,14,14,-26.1,38.12097744326122,0.1835777759552002,0.0010416507720947266
20250623_174147_855,22,14,14,-26.1,38.12097744326122,0.17884564399719238,0.0008690357208251953
20250623_174148_035,22,14,14,-26.1,38.12097744326122,0.17396092414855957,0.0010144710540771484
20250623_174148_212,22,14,14,-26.1,38.12097744326122,0.180922269821167,0.0009036064147949219
20250623_174148_394,22,14,14,-26.1,38.12097744326122,0.18657565116882324,0.0009603500366210938
20250623_174148_583,22,14,14,-26.1,38.12097744326122,0.17699599266052246,0.001024484634399414
20250623_174148_762,22,14,14,-26.1,38.12097744326122,0.18004345893859863,0.0012960433959960938
20250623_174148_945,22,14,14,-26.1,38.12097744326122,0.17892885208129883,0.0012857913970947266
20250623_174149_127,22,14,14,-26.1,38.12097744326122,0.18691158294677734,0.000850677490234375
20250623_174149_315,22,14,14,-26.1,38.12097744326122,0.1821129322052002,0.0008819103240966797
20250623_174149_500,22,14,14,-26.1,38.12097744326122,0.1863851547241211,0.001165151596069336
20250623_174149_688,22,14,14,-26.1,38.12097744326122,0.18349432945251465,0.0012624263763427734
20250623_174149_874,23,14,14,-26.1,36.32204500240925,0.21515703201293945,0.000911712646484375
20250623_174150_092,23,NO_RADIO,14,-26.1,36.32204500240925,0.15036487579345703,0.0008695125579833984
20250623_174150_244,23,NO_RADIO,14,-26.1,36.32204500240925,0.14760184288024902,0.0008513927459716797
20250623_174150_393,23,NO_RADIO,14,-26.1,36.32204500240925,0.1502361297607422,0.0009295940399169922
20250623_174150_546,23,NO_RADIO,14,-26.1,36.32204500240925,0.15814566612243652,0.001008749008178711
20250623_174150_706,23,13,13,-27.6,37.46525731726385,0.17831921577453613,0.0012857913970947266
20250623_174150_887,23,13,13,-27.6,37.46525731726385,0.18773770332336426,0.0009069442749023438
20250623_174151_077,23,13,13,-27.6,37.46525731726385,0.18394923210144043,0.0009827613830566406
20250623_174151_263,23,14,14,-26.1,36.32204500240925,0.18576455116271973,0.0010166168212890625
20250623_174151_451,23,NO_RADIO,14,-26.1,36.32204500240925,0.1549053192138672,0.0010199546813964844
20250623_174151_608,23,NO_RADIO,14,-26.1,36.32204500240925,0.15008187294006348,0.000986337661743164
20250623_174151_760,23,13,13,-27.6,37.46525731726385,0.18845295906066895,0.000949859619140625
20250623_174151_951,23,14,14,-26.1,36.32204500240925,0.18174338340759277,0.0009744167327880859
20250623_174152_134,23,14,14,-26.1,36.32204500240925,0.18007588386535645,0.0009679794311523438
20250623_174152_317,23,14,14,-26.1,36.32204500240925,0.17598915100097656,0.0009522438049316406
20250623_174152_495,23,14,14,-26.1,36.32204500240925,0.18811368942260742,0.0009527206420898438
20250623_174152_685,23,14,14,-26.1,36.32204500240925,0.18492579460144043,0.0010571479797363281
20250623_174152_872,23,14,14,-26.1,36.32204500240925,0.17859554290771484,0.0008676052093505859
20250623_174153_053,23,13,13,-27.6,37.46525731726385,0.17851543426513672,0.0010750293731689453
20250623_174153_234,23,13,13,-27.6,37.46525731726385,0.18430209159851074,0.0008981227874755859
20250623_174153_420,23,NO_RADIO,13,-27.6,37.46525731726385,0.1531064510345459,0.0010042190551757812
20250623_174153_575,23,NO_RADIO,13,-27.6,37.46525731726385,0.1500556468963623,0.0009677410125732422
20250623_174153_727,23,NO_RADIO,13,-27.6,37.46525731726385,0.14736032485961914,0.0009212493896484375
20250623_174153_877,24,NO_RADIO,32,0,,0.14992403984069824,0.0008287429809570312
20250623_174154_028,24,NO_RADIO,32,0,,0.14847064018249512,0.0008840560913085938
20250623_174154_179,24,NO_RADIO,32,0,,0.15867877006530762,0.0011987686157226562
20250623_174154_340,24,NO_RADIO,32,0,,0.14946770668029785,0.0012307167053222656
20250623_174154_492,24,NO_RADIO,32,0,,0.1489865779876709,0.0009367465972900391
20250623_174154_644,24,NO_RADIO,32,0,,0.15189290046691895,0.0008785724639892578
20250623_174154_797,24,NO_RADIO,32,0,,0.15053009986877441,0.0009057521820068359
20250623_174154_950,24,NO_RADIO,32,0,,0.15407943725585938,0.00081634521484375
20250623_174155_106,24,NO_RADIO,32,0,,0.17456459999084473,0.0009369850158691406
20250623_174155_283,24,NO_RADIO,32,0,,0.1561141014099121,0.001201629638671875
20250623_174155_442,24,NO_RADIO,32,0,,0.15081191062927246,0.0009984970092773438
20250623_174155_595,24,NO_RADIO,32,0,,0.1523113250732422,0.0009307861328125
20250623_174155_749,24,NO_RADIO,32,0,,0.15514898300170898,0.0010013580322265625
20250623_174155_906,24,NO_RADIO,32,0,,0.1534109115600586,0.0011827945709228516
20250623_174156_062,24,NO_RADIO,32,0,,0.15150237083435059,0.001245737075805664
20250623_174156_217,24,NO_RADIO,32,0,,0.15724444389343262,0.0010528564453125
20250623_174156_377,24,NO_RADIO,32,0,,0.160996675491333,0.0011031627655029297
20250623_174156_540,24,NO_RADIO,32,0,,0.15028095245361328,0.001020193099975586
20250623_174156_693,24,NO_RADIO,32,0,,0.15521669387817383,0.0010535717010498047
20250623_174156_850,24,NO_RADIO,32,0,,0.1549849510192871,0.0008208751678466797
20250623_174157_007,24,NO_RADIO,32,0,,0.14968609809875488,0.001012563705444336
20250623_174157_159,24,NO_RADIO,32,0,,0.1538846492767334,0.0011222362518310547
20250623_174157_315,24,NO_RADIO,32,0,,0.15717554092407227,0.001001596450805664
20250623_174157_475,24,NO_RADIO,32,0,,0.15174436569213867,0.0011794567108154297
20250623_174157_629,24,NO_RADIO,32,0,,0.15031123161315918,0.0011250972747802734
20250623_174157_782,25,NO_RADIO,32,0,,0.1556107997894287,0.0010766983032226562
20250623_174157_940,25,NO_RADIO,32,0,,0.15131449699401855,0.0009062290191650391
20250623_174158_093,25,NO_RADIO,32,0,,0.15349245071411133,0.0008814334869384766
20250623_174158_249,25,NO_RADIO,32,0,,0.15708136558532715,0.0007793903350830078
20250623_174158_408,25,NO_RADIO,32,0,,0.1510462760925293,0.0009458065032958984
20250623_174158_561,25,NO_RADIO,32,0,,0.14731979370117188,0.0009305477142333984
20250623_174158_711,25,NO_RADIO,32,0,,0.1527848243713379,0.0012216567993164062
20250623_174158_866,25,NO_RADIO,32,0,,0.1592085361480713,0.0010247230529785156
20250623_174159_028,25,NO_RADIO,32,0,,0.15960907936096191,0.0011029243469238281
20250623_174159_190,25,NO_RADIO,32,0,,0.1514887809753418,0.000827789306640625
20250623_174159_343,25,NO_RADIO,32,0,,0.15227317810058594,0.0008575916290283203
20250623_174159_498,25,NO_RADIO,32,0,,0.15179061889648438,0.0009248256683349609
20250623_174159_652,25,NO_RADIO,32,0,,0.1476747989654541,0.0009224414825439453
20250623_174159_801,25,NO_RADIO,32,0,,0.15283584594726562,0.0007987022399902344
20250623_174159_956,25,NO_RADIO,32,0,,0.15529847145080566,0.0008523464202880859
20250623_174200_114,25,NO_RADIO,32,0,,0.17612648010253906,0.0010797977447509766
20250623_174200_292,25,NO_RADIO,32,0,,0.15527677536010742,0.001125335693359375
20250623_174200_450,25,NO_RADIO,32,0,,0.15479207038879395,0.0010073184967041016
20250623_174200_607,25,NO_RADIO,32,0,,0.1498737335205078,0.0013394355773925781
20250623_174200_760,25,NO_RADIO,32,0,,0.14678263664245605,0.0009634494781494141
20250623_174200_909,25,NO_RADIO,32,0,,0.1556415557861328,0.0011203289031982422
20250623_174201_066,25,NO_RADIO,32,0,,0.15253567695617676,0.0008027553558349609
20250623_174201_221,25,NO_RADIO,32,0,,0.14589977264404297,0.0007953643798828125
20250623_174201_369,25,NO_RADIO,32,0,,0.16807985305786133,0.0008335113525390625
20250623_174201_539,25,NO_RADIO,32,0,,0.15161728858947754,0.0009295940399169922
20250623_174201_693,25,NO_RADIO,32,0,,0.15289711952209473,0.0008752346038818359
20250623_174201_848,26,NO_RADIO,32,0,,0.15129876136779785,0.0010571479797363281
20250623_174202_001,26,NO_RADIO,32,0,,0.14855432510375977,0.0010571479797363281
20250623_174202_152,26,NO_RADIO,32,0,,0.16312742233276367,0.0010082721710205078
20250623_174202_318,26,NO_RADIO,32,0,,0.1559596061706543,0.0010323524475097656
20250623_174202_476,26,NO_RADIO,32,0,,0.14861655235290527,0.0011665821075439453
20250623_174202_628,26,NO_RADIO,32,0,,0.152846097946167,0.0011975765228271484
20250623_174202_783,26,NO_RADIO,32,0,,0.1555194854736328,0.000980377197265625
20250623_174202_941,26,NO_RADIO,32,0,,0.1520984172821045,0.0007715225219726562
20250623_174203_095,26,NO_RADIO,32,0,,0.1520228385925293,0.0007796287536621094
20250623_174203_249,26,NO_RADIO,32,0,,0.14856815338134766,0.0007538795471191406
20250623_174203_399,26,NO_RADIO,32,0,,0.1550447940826416,0.0008957386016845703
20250623_174203_556,26,NO_RADIO,32,0,,0.14955782890319824,0.0009446144104003906
20250623_174203_708,26,NO_RADIO,32,0,,0.15711212158203125,0.0008971691131591797
20250623_174203_867,26,NO_RADIO,32,0,,0.1535649299621582,0.0008304119110107422
20250623_174204_023,26,NO_RADIO,32,0,,0.1500093936920166,0.0008103847503662109
20250623_174204_175,26,NO_RADIO,32,0,,0.14836907386779785,0.0007741451263427734
20250623_174204_325,26,NO_RADIO,32,0,,0.15476012229919434,0.0008282661437988281
20250623_174204_482,26,NO_RADIO,32,0,,0.151353120803833,0.0009214878082275391
20250623_174204_635,26,NO_RADIO,32,0,,0.15430545806884766,0.0009412765502929688
20250623_174204_792,26,NO_RADIO,32,0,,0.15613126754760742,0.0009467601776123047
20250623_174204_950,26,NO_RADIO,32,0,,0.1496598720550537,0.0008449554443359375
20250623_174205_102,26,NO_RADIO,32,0,,0.1516883373260498,0.0008144378662109375
20250623_174205_255,26,NO_RADIO,32,0,,0.1523439884185791,0.0007848739624023438
20250623_174205_409,26,NO_RADIO,32,0,,0.15397429466247559,0.0009715557098388672
20250623_174205_566,26,NO_RADIO,32,0,,0.1627964973449707,0.0008997917175292969
20250623_174205_730,26,NO_RADIO,32,0,,0.15032696723937988,0.0008254051208496094
20250623_174205_883,27,NO_RADIO,32,0,,0.15943455696105957,0.000782012939453125
20250623_174206_044,27,NO_RADIO,32,0,,0.15520167350769043,0.0008151531219482422
20250623_174206_201,27,NO_RADIO,32,0,,0.15506887435913086,0.0009264945983886719
20250623_174206_358,27,NO_RADIO,32,0,,0.15242719650268555,0.0008213520050048828
20250623_174206_513,27,NO_RADIO,32,0,,0.15136027336120605,0.0009241104125976562
20250623_174206_666,27,NO_RADIO,32,0,,0.1562650203704834,0.0012128353118896484
20250623_174206_825,27,NO_RADIO,32,0,,0.15259337425231934,0.0010373592376708984
20250623_174206_980,27,NO_RADIO,32,0,,0.15528059005737305,0.0010237693786621094
20250623_174207_138,27,NO_RADIO,32,0,,0.1512746810913086,0.0007481575012207031
20250623_174207_291,27,NO_RADIO,32,0,,0.1540689468383789,0.0010437965393066406
20250623_174207_447,27,NO_RADIO,32,0,,0.15018463134765625,0.0009052753448486328
20250623_174207_600,27,NO_RADIO,32,0,,0.1548900604248047,0.0008447170257568359
20250623_174207_757,27,NO_RADIO,32,0,,0.1500387191772461,0.0007729530334472656
20250623_174207_908,27,NO_RADIO,32,0,,0.15635371208190918,0.0007355213165283203
20250623_174208_067,27,NO_RADIO,32,0,,0.15719842910766602,0.0007956027984619141
20250623_174208_226,27,NO_RADIO,32,0,,0.15601325035095215,0.0007781982421875
20250623_174208_384,27,NO_RADIO,32,0,,0.1575453281402588,0.0009157657623291016
20250623_174208_543,27,NO_RADIO,32,0,,0.16087961196899414,0.0009286403656005859
20250623_174208_706,27,NO_RADIO,32,0,,0.1616349220275879,0.0012395381927490234
20250623_174208_871,27,NO_RADIO,32,0,,0.15263962745666504,0.0010962486267089844
20250623_174209_026,27,NO_RADIO,32,0,,0.15574359893798828,0.0011265277862548828
20250623_174209_184,27,NO_RADIO,32,0,,0.15677952766418457,0.001194000244140625
20250623_174209_343,27,NO_RADIO,32,0,,0.14733147621154785,0.0009248256683349609
20250623_174209_493,27,NO_RADIO,32,0,,0.1537766456604004,0.0011565685272216797
20250623_174209_649,27,NO_RADIO,32,0,,0.1577010154724121,0.0011162757873535156
20250623_174209_809,28,NO_RADIO,32,0,,0.15498113632202148,0.0011944770812988281
20250623_174209_967,28,NO_RADIO,32,0,,0.1563425064086914,0.001005411148071289
20250623_174210_126,28,NO_RADIO,32,0,,0.17985177040100098,0.0007779598236083984
20250623_174210_307,28,NO_RADIO,32,0,,0.14944744110107422,0.0008435249328613281
20250623_174210_459,28,NO_RADIO,32,0,,0.1588890552520752,0.0009467601776123047
20250623_174210_620,28,NO_RADIO,32,0,,0.1538832187652588,0.00144195556640625
20250623_174210_777,28,NO_RADIO,32,0,,0.1544508934020996,0.0009715557098388672
20250623_174210_933,28,NO_RADIO,32,0,,0.1549053192138672,0.000820159912109375
20250623_174211_090,28,NO_RADIO,32,0,,0.1604621410369873,0.0008392333984375
20250623_174211_253,28,NO_RADIO,32,0,,0.1548628807067871,0.0008282661437988281
20250623_174211_410,28,NO_RADIO,32,0,,0.14802789688110352,0.0011546611785888672
20250623_174211_560,28,NO_RADIO,32,0,,0.14805889129638672,0.0012216567993164062
20250623_174211_711,28,NO_RADIO,32,0,,0.15296721458435059,0.001081228256225586
20250623_174211_866,28,NO_RADIO,32,0,,0.15512871742248535,0.0008156299591064453
20250623_174212_023,28,NO_RADIO,32,0,,0.15182805061340332,0.0007956027984619141
20250623_174212_177,28,NO_RADIO,32,0,,0.14693856239318848,0.0008792877197265625
20250623_174212_326,28,NO_RADIO,32,0,,0.15021967887878418,0.0007987022399902344
20250623_174212_478,28,NO_RADIO,32,0,,0.15535664558410645,0.0009810924530029297
20250623_174212_635,28,NO_RADIO,32,0,,0.1472787857055664,0.0009446144104003906
20250623_174212_785,28,NO_RADIO,32,0,,0.15565037727355957,0.0012357234954833984
20250623_174212_943,28,NO_RADIO,32,0,,0.1475086212158203,0.001043558120727539
20250623_174213_093,28,NO_RADIO,32,0,,0.14746713638305664,0.0010650157928466797
20250623_174213_243,28,NO_RADIO,32,0,,0.14240312576293945,0.00099945068359375
20250623_174213_388,28,NO_RADIO,32,0,,0.15915393829345703,0.0011038780212402344
20250623_174213_550,28,NO_RADIO,32,0,,0.14984750747680664,0.0012347698211669922
20250623_174213_702,28,NO_RADIO,32,0,,0.15380144119262695,0.0009450912475585938
20250623_174213_858,29,NO_RADIO,32,0,,0.150054931640625,0.0008144378662109375
20250623_174214_010,29,NO_RADIO,32,0,,0.15401816368103027,0.0007770061492919922
20250623_174214_166,29,NO_RADIO,32,0,,0.15546250343322754,0.0007805824279785156
20250623_174214_323,29,NO_RADIO,32,0,,0.15302801132202148,0.0008521080017089844
20250623_174214_478,29,NO_RADIO,32,0,,0.15215277671813965,0.0009026527404785156
20250623_174214_633,29,NO_RADIO,32,0,,0.15728354454040527,0.001102447509765625
20250623_174214_792,29,NO_RADIO,32,0,,0.14944100379943848,0.0012226104736328125
20250623_174214_944,29,NO_RADIO,32,0,,0.15275883674621582,0.00119781494140625
20250623_174215_100,29,NO_RADIO,32,0,,0.15807318687438965,0.0010647773742675781
20250623_174215_261,29,NO_RADIO,32,0,,0.15389370918273926,0.0009794235229492188
20250623_174215_417,29,NO_RADIO,32,0,,0.15496349334716797,0.0008819103240966797
20250623_174215_574,29,NO_RADIO,32,0,,0.15737557411193848,0.0009729862213134766
20250623_174215_733,29,NO_RADIO,32,0,,0.15677523612976074,0.0011899471282958984
20250623_174215_893,29,NO_RADIO,32,0,,0.14817404747009277,0.0010273456573486328
20250623_174216_043,29,NO_RADIO,32,0,,0.14761042594909668,0.0010771751403808594
20250623_174216_193,29,NO_RADIO,32,0,,0.15736794471740723,0.0007534027099609375
20250623_174216_353,29,NO_RADIO,32,0,,0.15599393844604492,0.0008146762847900391
20250623_174216_510,29,NO_RADIO,32,0,,0.15237045288085938,0.0009043216705322266
20250623_174216_665,29,NO_RADIO,32,0,,0.1524035930633545,0.0009984970092773438
20250623_174216_820,29,NO_RADIO,32,0,,0.15836834907531738,0.000835418701171875
20250623_174216_980,29,NO_RADIO,32,0,,0.16112065315246582,0.0008540153503417969
20250623_174217_143,29,NO_RADIO,32,0,,0.15379977226257324,0.0008027553558349609
20250623_174217_299,29,NO_RADIO,32,0,,0.15055513381958008,0.0009057521820068359
20250623_174217_451,29,NO_RADIO,32,0,,0.1559922695159912,0.0012006759643554688
20250623_174217_610,29,NO_RADIO,32,0,,0.1610870361328125,0.0010099411010742188
20250623_174217_773,30,NO_RADIO,32,0,,0.15732550621032715,0.0009200572967529297
20250623_174217_933,30,NO_RADIO,32,0,,0.15627527236938477,0.0008540153503417969
20250623_174218_091,30,NO_RADIO,32,0,,0.15256929397583008,0.0008027553558349609
20250623_174218_245,30,NO_RADIO,32,0,,0.14482951164245605,0.0007891654968261719
20250623_174218_392,30,NO_RADIO,32,0,,0.14875340461730957,0.0008463859558105469
20250623_174218_543,30,NO_RADIO,32,0,,0.15449762344360352,0.0011835098266601562
20250623_174218_700,30,NO_RADIO,32,0,,0.1552131175994873,0.0009708404541015625
20250623_174218_858,30,NO_RADIO,32,0,,0.1564037799835205,0.0008485317230224609
20250623_174219_016,30,NO_RADIO,32,0,,0.15319132804870605,0.0007879734039306641
20250623_174219_171,30,NO_RADIO,32,0,,0.15351104736328125,0.0007624626159667969
20250623_174219_326,30,NO_RADIO,32,0,,0.15591812133789062,0.0008282661437988281
20250623_174219_484,30,NO_RADIO,32,0,,0.1544184684753418,0.0009267330169677734
20250623_174219_641,30,NO_RADIO,32,0,,0.15228748321533203,0.0009434223175048828
20250623_174219_795,30,NO_RADIO,32,0,,0.14847707748413086,0.0008454322814941406
20250623_174219_946,30,NO_RADIO,32,0,,0.1507577896118164,0.0007884502410888672
20250623_174220_098,30,NO_RADIO,32,0,,0.1575310230255127,0.0008234977722167969
20250623_174220_258,30,NO_RADIO,32,0,,0.15646910667419434,0.0007565021514892578
20250623_174220_416,30,NO_RADIO,32,0,,0.15268182754516602,0.0008823871612548828
20250623_174220_571,30,NO_RADIO,32,0,,0.15265321731567383,0.001199483871459961
20250623_174220_726,30,NO_RADIO,32,0,,0.15006518363952637,0.0011336803436279297
20250623_174220_879,30,NO_RADIO,32,0,,0.15386748313903809,0.0008013248443603516
20250623_174221_035,30,NO_RADIO,32,0,,0.15416383743286133,0.0009663105010986328
20250623_174221_191,30,NO_RADIO,32,0,,0.1573503017425537,0.0009469985961914062
20250623_174221_350,30,NO_RADIO,32,0,,0.15877389907836914,0.0008959770202636719
20250623_174221_511,30,NO_RADIO,32,0,,0.15276384353637695,0.0009653568267822266
20250623_174221_666,30,NO_RADIO,32,0,,0.15691637992858887,0.0009212493896484375
20250623_174221_825,31,NO_RADIO,32,0,,0.14961934089660645,0.0008034706115722656
20250623_174221_977,31,NO_RADIO,32,0,,0.15006327629089355,0.0008747577667236328
20250623_174222_129,31,NO_RADIO,32,0,,0.15225005149841309,0.00092315673828125
20250623_174222_283,31,NO_RADIO,32,0,,0.1570742130279541,0.0007708072662353516
20250623_174222_442,31,NO_RADIO,32,0,,0.15052437782287598,0.0009882450103759766
20250623_174222_595,31,NO_RADIO,32,0,,0.15591764450073242,0.0009181499481201172
20250623_174222_753,31,NO_RADIO,32,0,,0.15478181838989258,0.0010666847229003906
20250623_174222_910,31,NO_RADIO,32,0,,0.1486043930053711,0.0007977485656738281
20250623_174223_060,31,NO_RADIO,32,0,,0.14992642402648926,0.0008168220520019531
20250623_174223_212,31,NO_RADIO,32,0,,0.1513526439666748,0.0007929801940917969
20250623_174223_365,31,NO_RADIO,32,0,,0.15010309219360352,0.0008573532104492188
20250623_174223_518,31,NO_RADIO,32,0,,0.15493083000183105,0.0009589195251464844
20250623_174223_675,31,NO_RADIO,32,0,,0.15229177474975586,0.000926971435546875
20250623_174223_829,31,NO_RADIO,32,0,,0.15207481384277344,0.0009984970092773438
20250623_174223_983,31,NO_RADIO,32,0,,0.15631628036499023,0.0007848739624023438
20250623_174224_141,31,NO_RADIO,32,0,,0.15727972984313965,0.0007793903350830078
20250623_174224_301,31,NO_RADIO,32,0,,0.15918827056884766,0.0008966922760009766
20250623_174224_462,31,NO_RADIO,32,0,,0.15305709838867188,0.0010097026824951172
20250623_174224_617,31,NO_RADIO,32,0,,0.1551969051361084,0.001375436782836914
20250623_174224_775,31,NO_RADIO,32,0,,0.1549396514892578,0.0009188652038574219
20250623_174224_933,31,NO_RADIO,32,0,,0.16073894500732422,0.0009756088256835938
20250623_174225_096,31,NO_RADIO,32,0,,0.1529390811920166,0.0008223056793212891
20250623_174225_251,31,NO_RADIO,32,0,,0.1610584259033203,0.0009377002716064453
20250623_174225_414,31,NO_RADIO,32,0,,0.14950203895568848,0.0009267330169677734
20250623_174225_565,31,NO_RADIO,32,0,,0.15250301361083984,0.0009396076202392578
20250623_174225_720,31,NO_RADIO,32,0,,0.1529238224029541,0.0008502006530761719
20250623_174225_875,32,NO_RADIO,32,0,,0.15508437156677246,0.0007679462432861328
20250623_174226_032,32,NO_RADIO,32,0,,0.15851521492004395,0.0007815361022949219
20250623_174226_192,32,NO_RADIO,32,0,,0.15317440032958984,0.0007569789886474609
20250623_174226_347,32,NO_RADIO,32,0,,0.15316987037658691,0.0008702278137207031
20250623_174226_503,32,NO_RADIO,32,0,,0.1609182357788086,0.0009565353393554688
20250623_174226_666,32,NO_RADIO,32,0,,0.1599411964416504,0.0009558200836181641
20250623_174226_828,32,NO_RADIO,32,0,,0.14856481552124023,0.0008187294006347656
20250623_174226_978,32,NO_RADIO,32,0,,0.14796733856201172,0.0007848739624023438
20250623_174227_128,32,NO_RADIO,32,0,,0.15203642845153809,0.0007860660552978516
20250623_174227_282,32,NO_RADIO,32,0,,0.15638518333435059,0.0007958412170410156
20250623_174227_440,32,NO_RADIO,32,0,,0.15060687065124512,0.0011801719665527344
20250623_174227_594,32,NO_RADIO,32,0,,0.14827275276184082,0.0011396408081054688
20250623_174227_745,32,NO_RADIO,32,0,,0.1522080898284912,0.0008766651153564453
20250623_174227_899,32,NO_RADIO,32,0,,0.15186738967895508,0.0007724761962890625
20250623_174228_053,32,NO_RADIO,32,0,,0.1530132293701172,0.0010464191436767578
20250623_174228_208,32,NO_RADIO,32,0,,0.15161347389221191,0.0007648468017578125
20250623_174228_362,32,NO_RADIO,32,0,,0.1478888988494873,0.0007848739624023438
20250623_174228_511,32,NO_RADIO,32,0,,0.15561223030090332,0.0009224414825439453
20250623_174228_669,32,NO_RADIO,32,0,,0.14878630638122559,0.0008893013000488281
20250623_174228_820,32,NO_RADIO,32,0,,0.1467897891998291,0.0009357929229736328
20250623_174228_969,32,NO_RADIO,32,0,,0.15340256690979004,0.0008251667022705078
20250623_174229_124,32,NO_RADIO,32,0,,0.1477034091949463,0.0008199214935302734
20250623_174229_274,32,NO_RADIO,32,0,,0.1496880054473877,0.0007905960083007812
20250623_174229_426,32,NO_RADIO,32,0,,0.15108180046081543,0.0009608268737792969
20250623_174229_579,32,NO_RADIO,32,0,,0.1521313190460205,0.0011920928955078125
20250623_174229_733,33,NO_RADIO,32,0,,0.15064716339111328,0.0009377002716064453
20250623_174229_886,33,NO_RADIO,32,0,,0.14825987815856934,0.0007982254028320312
20250623_174230_036,33,NO_RADIO,32,0,,0.15638184547424316,0.0008223056793212891
20250623_174230_195,33,NO_RADIO,32,0,,0.15515565872192383,0.0007538795471191406
20250623_174230_352,33,NO_RADIO,32,0,,0.1540513038635254,0.0008149147033691406
20250623_174230_508,33,NO_RADIO,32,0,,0.15234804153442383,0.0009448528289794922
20250623_174230_662,33,NO_RADIO,32,0,,0.1543436050415039,0.0009264945983886719
20250623_174230_819,33,NO_RADIO,32,0,,0.15435314178466797,0.0008230209350585938
20250623_174230_975,33,NO_RADIO,32,0,,0.15505743026733398,0.0010657310485839844
20250623_174231_132,33,NO_RADIO,32,0,,0.1525263786315918,0.0010247230529785156
20250623_174231_287,33,NO_RADIO,32,0,,0.15224981307983398,0.0007872581481933594
20250623_174231_441,33,NO_RADIO,32,0,,0.15224432945251465,0.0009226799011230469
20250623_174231_596,33,NO_RADIO,32,0,,0.15381288528442383,0.0008714199066162109
20250623_174231_751,33,NO_RADIO,32,0,,0.1601870059967041,0.0008025169372558594
20250623_174231_914,33,NO_RADIO,32,0,,0.16506600379943848,0.0007741451263427734
20250623_174232_080,33,NO_RADIO,32,0,,0.15855693817138672,0.0008184909820556641
20250623_174232_241,33,NO_RADIO,32,0,,0.14953064918518066,0.0007491111755371094
20250623_174232_392,33,NO_RADIO,32,0,,0.14850592613220215,0.0009207725524902344
20250623_174232_543,33,NO_RADIO,32,0,,0.14708495140075684,0.0009434223175048828
20250623_174232_692,33,NO_RADIO,32,0,,0.14697623252868652,0.0009636878967285156
20250623_174232_841,33,NO_RADIO,32,0,,0.1498708724975586,0.0007894039154052734
20250623_174232_993,33,NO_RADIO,32,0,,0.14953398704528809,0.0008301734924316406
20250623_174233_144,33,NO_RADIO,32,0,,0.15303683280944824,0.0010824203491210938
20250623_174233_300,33,NO_RADIO,32,0,,0.15606307983398438,0.0010678768157958984
20250623_174233_458,33,NO_RADIO,32,0,,0.1559751033782959,0.0012617111206054688
20250623_174233_617,33,NO_RADIO,32,0,,0.15665721893310547,0.0009195804595947266
20250623_174233_776,34,NO_RADIO,32,0,,0.15437650680541992,0.0007669925689697266
20250623_174233_932,34,NO_RADIO,32,0,,0.15685200691223145,0.0007989406585693359
20250623_174234_091,34,NO_RADIO,32,0,,0.15236425399780273,0.0011775493621826172
20250623_174234_246,34,NO_RADIO,32,0,,0.15143465995788574,0.0012264251708984375
20250623_174234_400,34,NO_RADIO,32,0,,0.16544103622436523,0.0009593963623046875
20250623_174234_568,34,NO_RADIO,32,0,,0.1623821258544922,0.0008666515350341797
20250623_174234_732,34,NO_RADIO,32,0,,0.16307520866394043,0.0009419918060302734
20250623_174234_897,34,NO_RADIO,32,0,,0.16847944259643555,0.0008649826049804688
20250623_174235_068,34,NO_RADIO,32,0,,0.16457867622375488,0.0008599758148193359
20250623_174235_235,34,NO_RADIO,32,0,,0.15553832054138184,0.0007510185241699219
20250623_174235_392,34,NO_RADIO,32,0,,0.15124011039733887,0.0008702278137207031
20250623_174235_545,34,NO_RADIO,32,0,,0.15022683143615723,0.0009691715240478516
20250623_174235_698,34,NO_RADIO,32,0,,0.15511202812194824,0.0009229183197021484
20250623_174235_855,34,NO_RADIO,32,0,,0.15537095069885254,0.0007994174957275391
20250623_174236_012,34,NO_RADIO,32,0,,0.14714694023132324,0.0007712841033935547
20250623_174236_161,34,NO_RADIO,32,0,,0.14970612525939941,0.0009655952453613281
20250623_174236_313,34,NO_RADIO,32,0,,0.15020322799682617,0.0008232593536376953
20250623_174236_465,34,NO_RADIO,32,0,,0.1529984474182129,0.0009348392486572266
20250623_174236_620,34,NO_RADIO,32,0,,0.157789945602417,0.0012273788452148438
20250623_174236_781,34,NO_RADIO,32,0,,0.15105414390563965,0.0009169578552246094
20250623_174236_934,34,NO_RADIO,32,0,,0.1512157917022705,0.0009932518005371094
20250623_174237_088,34,NO_RADIO,32,0,,0.1468973159790039,0.0012733936309814453
20250623_174237_237,34,NO_RADIO,32,0,,0.14660954475402832,0.0008063316345214844
20250623_174237_385,34,NO_RADIO,32,0,,0.1541764736175537,0.0009143352508544922
20250623_174237_542,34,NO_RADIO,32,0,,0.15213370323181152,0.0009584426879882812
20250623_174237_696,34,NO_RADIO,32,0,,0.15114593505859375,0.0008988380432128906
20250623_174237_849,35,NO_RADIO,32,0,,0.15313172340393066,0.0008628368377685547
20250623_174238_004,35,NO_RADIO,32,0,,0.1514136791229248,0.0009362697601318359
20250623_174238_158,35,NO_RADIO,32,0,,0.1484663486480713,0.0009047985076904297
20250623_174238_308,35,NO_RADIO,32,0,,0.14275574684143066,0.000812530517578125
20250623_174238_453,35,NO_RADIO,32,0,,0.1483449935913086,0.0009565353393554688
20250623_174238_604,35,NO_RADIO,32,0,,0.14746546745300293,0.0008862018585205078
20250623_174238_753,35,NO_RADIO,32,0,,0.1482536792755127,0.0009281635284423828
20250623_174238_904,35,NO_RADIO,32,0,,0.14697527885437012,0.0008928775787353516
20250623_174239_053,35,NO_RADIO,32,0,,0.15421509742736816,0.0009431838989257812
20250623_174239_209,35,NO_RADIO,32,0,,0.1477975845336914,0.0009605884552001953
20250623_174239_359,35,NO_RADIO,32,0,,0.15166401863098145,0.000850677490234375
20250623_174239_513,35,NO_RADIO,32,0,,0.15560102462768555,0.0009949207305908203
20250623_174239_670,35,NO_RADIO,32,0,,0.14714694023132324,0.0009589195251464844
20250623_174239_820,35,NO_RADIO,32,0,,0.15381240844726562,0.0008447170257568359
20250623_174239_976,35,NO_RADIO,32,0,,0.1552879810333252,0.0008654594421386719
20250623_174240_133,35,NO_RADIO,32,0,,0.15486812591552734,0.001058816909790039
20250623_174240_290,35,NO_RADIO,32,0,,0.1496431827545166,0.001134634017944336
20250623_174240_442,35,NO_RADIO,32,0,,0.152510404586792,0.0009477138519287109
20250623_174240_597,35,NO_RADIO,32,0,,0.14919805526733398,0.0012171268463134766
20250623_174240_749,35,NO_RADIO,32,0,,0.1498723030090332,0.0012001991271972656
20250623_174240_901,35,NO_RADIO,32,0,,0.14902544021606445,0.0008358955383300781
20250623_174241_052,35,NO_RADIO,32,0,,0.1488170623779297,0.0008978843688964844
20250623_174241_203,35,NO_RADIO,32,0,,0.1470947265625,0.0008432865142822266
20250623_174241_353,35,NO_RADIO,32,0,,0.1504976749420166,0.0008835792541503906
20250623_174241_505,35,NO_RADIO,32,0,,0.15196013450622559,0.0009458065032958984
20250623_174241_659,35,NO_RADIO,32,0,,0.150130033493042,0.0009031295776367188
20250623_174241_811,36,NO_RADIO,32,0,,0.1495356559753418,0.0008840560913085938
20250623_174241_963,36,NO_RADIO,32,0,,0.14083409309387207,0.0007686614990234375
20250623_174242_106,36,NO_RADIO,32,0,,0.14602088928222656,0.0008432865142822266
20250623_174242_253,36,NO_RADIO,32,0,,0.16075825691223145,0.0007708072662353516
20250623_174242_416,36,NO_RADIO,32,0,,0.15036702156066895,0.0009715557098388672
20250623_174242_569,36,NO_RADIO,32,0,,0.1499958038330078,0.0009763240814208984
20250623_174242_721,36,NO_RADIO,32,0,,0.14683794975280762,0.001230478286743164
20250623_174242_870,36,NO_RADIO,32,0,,0.15310049057006836,0.000835418701171875
20250623_174243_025,36,NO_RADIO,32,0,,0.14839959144592285,0.0012204647064208984
20250623_174243_177,36,NO_RADIO,32,0,,0.15027499198913574,0.0010488033294677734
20250623_174243_329,36,NO_RADIO,32,0,,0.15093660354614258,0.0008533000946044922
20250623_174243_482,36,NO_RADIO,32,0,,0.16623210906982422,0.0010342597961425781
20250623_174243_651,36,NO_RADIO,32,0,,0.15167784690856934,0.0008842945098876953
20250623_174243_804,36,NO_RADIO,32,0,,0.15700888633728027,0.0008330345153808594
20250623_174243_963,36,NO_RADIO,32,0,,0.15311312675476074,0.0009105205535888672
20250623_174244_118,36,NO_RADIO,32,0,,0.15490007400512695,0.0008809566497802734
20250623_174244_275,36,NO_RADIO,32,0,,0.14284753799438477,0.0008020401000976562
20250623_174244_420,36,NO_RADIO,32,0,,0.15414810180664062,0.0009109973907470703
20250623_174244_576,36,NO_RADIO,32,0,,0.15199494361877441,0.0011310577392578125
20250623_174244_731,36,NO_RADIO,32,0,,0.14426851272583008,0.0009653568267822266
20250623_174244_877,36,NO_RADIO,32,0,,0.1455090045928955,0.0008542537689208984
20250623_174245_025,36,NO_RADIO,32,0,,0.1481785774230957,0.0008130073547363281
20250623_174245_175,36,NO_RADIO,32,0,,0.15228748321533203,0.0008003711700439453
20250623_174245_329,36,NO_RADIO,32,0,,0.14751887321472168,0.0009164810180664062
20250623_174245_479,36,NO_RADIO,32,0,,0.14589405059814453,0.0009415149688720703
20250623_174245_627,36,NO_RADIO,32,0,,0.15224027633666992,0.0009164810180664062
20250623_174245_781,37,NO_RADIO,32,0,,0.14580798149108887,0.0011224746704101562
20250623_174245_929,37,NO_RADIO,32,0,,0.146010160446167,0.0008497238159179688
20250623_174246_077,37,NO_RADIO,32,0,,0.15211009979248047,0.0010867118835449219
20250623_174246_232,37,NO_RADIO,32,0,,0.15007758140563965,0.001007080078125
20250623_174246_384,37,NO_RADIO,32,0,,0.15537071228027344,0.0011932849884033203
20250623_174246_542,37,NO_RADIO,32,0,,0.14819550514221191,0.0009372234344482422
20250623_174246_693,37,NO_RADIO,32,0,,0.15158987045288086,0.001271963119506836
20250623_174246_847,37,NO_RADIO,32,0,,0.15552139282226562,0.0008442401885986328
20250623_174247_004,37,NO_RADIO,32,0,,0.1477658748626709,0.0008959770202636719
20250623_174247_154,37,NO_RADIO,32,0,,0.14850687980651855,0.0008344650268554688
20250623_174247_305,37,NO_RADIO,32,0,,0.14526653289794922,0.0008106231689453125
20250623_174247_452,37,NO_RADIO,32,0,,0.15542840957641602,0.0009369850158691406
20250623_174247_609,37,NO_RADIO,32,0,,0.15084242820739746,0.0009238719940185547
20250623_174247_762,37,NO_RADIO,32,0,,0.15093612670898438,0.0008668899536132812
20250623_174247_915,37,NO_RADIO,32,0,,0.14971113204956055,0.0009481906890869141
20250623_174248_067,37,NO_RADIO,32,0,,0.15255427360534668,0.0009655952453613281
20250623_174248_222,37,NO_RADIO,32,0,,0.15206027030944824,0.00086212158203125
20250623_174248_376,37,NO_RADIO,32,0,,0.14772987365722656,0.0008244514465332031
20250623_174248_526,37,NO_RADIO,32,0,,0.15063953399658203,0.0009181499481201172
20250623_174248_678,37,NO_RADIO,32,0,,0.1550126075744629,0.0011615753173828125
20250623_174248_836,37,NO_RADIO,32,0,,0.1499652862548828,0.000823974609375
20250623_174248_988,37,NO_RADIO,32,0,,0.15417838096618652,0.0009224414825439453
20250623_174249_144,37,NO_RADIO,32,0,,0.15255069732666016,0.0009069442749023438
20250623_174249_299,37,NO_RADIO,32,0,,0.15083074569702148,0.0008463859558105469
20250623_174249_451,37,NO_RADIO,32,0,,0.1583402156829834,0.0009684562683105469
20250623_174249_612,37,NO_RADIO,32,0,,0.14824986457824707,0.0008919239044189453
20250623_174249_762,38,NO_RADIO,32,0,,0.1477353572845459,0.000823974609375
20250623_174249_912,38,NO_RADIO,32,0,,0.1558387279510498,0.0008471012115478516
20250623_174250_070,38,NO_RADIO,32,0,,0.14853835105895996,0.0008432865142822266
20250623_174250_220,38,NO_RADIO,32,0,,0.14749813079833984,0.0007765293121337891
20250623_174250_369,38,NO_RADIO,32,0,,0.14902210235595703,0.0009038448333740234
20250623_174250_521,38,NO_RADIO,32,0,,0.15612244606018066,0.0010423660278320312
20250623_174250_679,38,NO_RADIO,32,0,,0.14503049850463867,0.0012638568878173828
20250623_174250_827,38,NO_RADIO,32,0,,0.14955425262451172,0.0008292198181152344
20250623_174250_978,38,NO_RADIO,32,0,,0.14554214477539062,0.0008285045623779297
20250623_174251_126,38,NO_RADIO,32,0,,0.1525859832763672,0.0009784698486328125
20250623_174251_281,38,NO_RADIO,32,0,,0.15285325050354004,0.001107931137084961
20250623_174251_436,38,NO_RADIO,32,0,,0.14924383163452148,0.001016378402709961
20250623_174251_587,38,NO_RADIO,32,0,,0.147813081741333,0.0008623600006103516
20250623_174251_737,38,NO_RADIO,32,0,,0.14820528030395508,0.0010466575622558594
20250623_174251_888,38,NO_RADIO,32,0,,0.15241742134094238,0.0010290145874023438
20250623_174252_043,38,NO_RADIO,32,0,,0.1521918773651123,0.0008897781372070312
20250623_174252_197,38,NO_RADIO,32,0,,0.14940810203552246,0.0008454322814941406
20250623_174252_348,38,NO_RADIO,32,0,,0.15137243270874023,0.0011289119720458984
20250623_174252_502,38,NO_RADIO,32,0,,0.14883780479431152,0.0009188652038574219
20250623_174252_653,38,NO_RADIO,32,0,,0.15413331985473633,0.0009064674377441406
20250623_174252_809,38,NO_RADIO,32,0,,0.14272212982177734,0.0008561611175537109
20250623_174252_955,38,NO_RADIO,32,0,,0.14622020721435547,0.0008947849273681641
20250623_174253_103,38,NO_RADIO,32,0,,0.1464061737060547,0.0008449554443359375
20250623_174253_251,38,NO_RADIO,32,0,,0.1486067771911621,0.0008108615875244141
20250623_174253_402,38,NO_RADIO,32,0,,0.15079450607299805,0.0009360313415527344
20250623_174253_555,38,NO_RADIO,32,0,,0.14658379554748535,0.0009152889251708984
20250623_174253_704,38,NO_RADIO,32,0,,0.14644861221313477,0.0009021759033203125
20250623_174253_852,39,NO_RADIO,32,0,,0.14735722541809082,0.0008118152618408203
20250623_174254_001,39,NO_RADIO,32,0,,0.15012884140014648,0.0008504390716552734
20250623_174254_153,39,NO_RADIO,32,0,,0.15390467643737793,0.0010242462158203125
20250623_174254_310,39,NO_RADIO,32,0,,0.15322518348693848,0.0013699531555175781
20250623_174254_466,39,NO_RADIO,32,0,,0.14968180656433105,0.0009810924530029297
20250623_174254_618,39,NO_RADIO,32,0,,0.15201902389526367,0.0012333393096923828
20250623_174254_772,39,NO_RADIO,32,0,,0.14601874351501465,0.0009708404541015625
20250623_174254_921,39,NO_RADIO,32,0,,0.1468181610107422,0.0010499954223632812
20250623_174255_070,39,NO_RADIO,32,0,,0.14803624153137207,0.0007798671722412109
20250623_174255_220,39,NO_RADIO,32,0,,0.14893198013305664,0.0008306503295898438
20250623_174255_371,39,NO_RADIO,32,0,,0.16382503509521484,0.0009222030639648438
20250623_174255_537,39,NO_RADIO,32,0,,0.1543715000152588,0.0008645057678222656
20250623_174255_693,39,NO_RADIO,32,0,,0.15019536018371582,0.0008387565612792969
20250623_174255_845,39,NO_RADIO,32,0,,0.15091681480407715,0.0010933876037597656
20250623_174255_998,39,NO_RADIO,32,0,,0.14928364753723145,0.0007710456848144531
20250623_174256_149,39,NO_RADIO,32,0,,0.14866900444030762,0.0007855892181396484
20250623_174256_300,39,NO_RADIO,32,0,,0.15669965744018555,0.0007946491241455078
20250623_174256_458,39,NO_RADIO,32,0,,0.14429092407226562,0.0009286403656005859
20250623_174256_605,39,NO_RADIO,32,0,,0.1473865509033203,0.0009751319885253906
20250623_174256_754,39,NO_RADIO,32,0,,0.14785552024841309,0.0009419918060302734
20250623_174256_904,39,NO_RADIO,32,0,,0.14664745330810547,0.0008039474487304688
20250623_174257_053,39,NO_RADIO,32,0,,0.15137171745300293,0.0008909702301025391
20250623_174257_206,39,NO_RADIO,32,0,,0.14775776863098145,0.0008087158203125
20250623_174257_356,39,NO_RADIO,32,0,,0.1518239974975586,0.0007848739624023438
20250623_174257_510,39,NO_RADIO,32,0,,0.14297747611999512,0.0009398460388183594
20250623_174257_655,39,NO_RADIO,32,0,,0.1470167636871338,0.0009303092956542969
20250623_174257_804,40,NO_RADIO,32,0,,0.14773869514465332,0.0010542869567871094
20250623_174257_954,40,NO_RADIO,32,0,,0.14930295944213867,0.0008041858673095703
20250623_174258_105,40,NO_RADIO,32,0,,0.14693856239318848,0.0008156299591064453
20250623_174258_254,40,NO_RADIO,32,0,,0.15027213096618652,0.0008654594421386719
20250623_174258_407,40,NO_RADIO,32,0,,0.14595246315002441,0.0009126663208007812
20250623_174258_555,40,NO_RADIO,32,0,,0.14723563194274902,0.0011715888977050781
20250623_174258_705,40,NO_RADIO,32,0,,0.15273427963256836,0.0009763240814208984
20250623_174258_860,40,NO_RADIO,32,0,,0.15181303024291992,0.0008080005645751953
20250623_174259_013,40,NO_RADIO,32,0,,0.14658761024475098,0.0008366107940673828
20250623_174259_162,40,NO_RADIO,32,0,,0.14762496948242188,0.0007846355438232422
20250623_174259_311,40,NO_RADIO,32,0,,0.1456615924835205,0.0008058547973632812
20250623_174259_459,40,NO_RADIO,32,0,,0.14357876777648926,0.0009305477142333984
20250623_174259_605,40,NO_RADIO,32,0,,0.1482236385345459,0.0009164810180664062
20250623_174259_755,40,NO_RADIO,32,0,,0.1478586196899414,0.001110076904296875
20250623_174259_906,40,NO_RADIO,32,0,,0.14564228057861328,0.0011167526245117188
20250623_174300_054,40,NO_RADIO,32,0,,0.14707636833190918,0.0007975101470947266
20250623_174300_203,40,NO_RADIO,32,0,,0.14874744415283203,0.000804901123046875
20250623_174300_353,40,NO_RADIO,32,0,,0.1557173728942871,0.0008053779602050781
20250623_174300_511,40,NO_RADIO,32,0,,0.15204334259033203,0.000946044921875
20250623_174300_665,40,NO_RADIO,32,0,,0.15143346786499023,0.0009608268737792969
20250623_174300_819,40,NO_RADIO,32,0,,0.14871716499328613,0.0008640289306640625
20250623_174300_970,40,NO_RADIO,32,0,,0.14770150184631348,0.001104593276977539
20250623_174301_120,40,NO_RADIO,32,0,,0.14773106575012207,0.001079559326171875
20250623_174301_270,40,NO_RADIO,32,0,,0.14787602424621582,0.0008966922760009766
20250623_174301_420,40,NO_RADIO,32,0,,0.1482992172241211,0.0009579658508300781
20250623_174301_570,40,NO_RADIO,32,0,,0.15059924125671387,0.0009562969207763672
20250623_174301_723,41,NO_RADIO,32,0,,0.1454164981842041,0.0008497238159179688
20250623_174301_871,41,NO_RADIO,32,0,,0.14971542358398438,0.0008118152618408203
20250623_174302_022,41,NO_RADIO,32,0,,0.1466071605682373,0.0008509159088134766
20250623_174302_171,41,NO_RADIO,32,0,,0.14615106582641602,0.0007843971252441406
20250623_174302_319,41,NO_RADIO,32,0,,0.14763736724853516,0.0008382797241210938
20250623_174302_468,41,NO_RADIO,32,0,,0.14932894706726074,0.0009579658508300781
20250623_174302_620,41,NO_RADIO,32,0,,0.14951467514038086,0.0010383129119873047
20250623_174302_772,41,NO_RADIO,32,0,,0.15860891342163086,0.0009090900421142578
20250623_174302_932,41,NO_RADIO,32,0,,0.14779353141784668,0.001207113265991211
20250623_174303_083,41,NO_RADIO,32,0,,0.14673852920532227,0.0012192726135253906
20250623_174303_232,41,NO_RADIO,32,0,,0.14926648139953613,0.0009267330169677734
20250623_174303_383,41,NO_RADIO,32,0,,0.1499483585357666,0.0013589859008789062
20250623_174303_536,41,NO_RADIO,32,0,,0.14776253700256348,0.0013003349304199219
20250623_174303_687,41,NO_RADIO,32,0,,0.147904634475708,0.0012137889862060547
20250623_174303_838,41,NO_RADIO,32,0,,0.14638948440551758,0.0013229846954345703
20250623_174303_987,41,NO_RADIO,32,0,,0.14544200897216797,0.0011768341064453125
20250623_174304_135,41,NO_RADIO,32,0,,0.1621696949005127,0.0008394718170166016
20250623_174304_299,41,NO_RADIO,32,0,,0.15937519073486328,0.0008387565612792969
20250623_174304_460,41,NO_RADIO,32,0,,0.15756559371948242,0.0009572505950927734
20250623_174304_620,41,NO_RADIO,32,0,,0.15786385536193848,0.0009870529174804688
20250623_174304_780,41,NO_RADIO,32,0,,0.16217637062072754,0.0009505748748779297
20250623_174304_945,41,NO_RADIO,32,0,,0.15553545951843262,0.0008740425109863281
20250623_174305_102,41,NO_RADIO,32,0,,0.15889859199523926,0.0009329319000244141
20250623_174305_263,41,NO_RADIO,32,0,,0.15225934982299805,0.0013551712036132812
20250623_174305_418,41,NO_RADIO,32,0,,0.14994406700134277,0.001332998275756836
20250623_174305_571,41,NO_RADIO,32,0,,0.14462518692016602,0.0011970996856689453
20250623_174305_719,42,NO_RADIO,32,0,,0.14819693565368652,0.0012183189392089844
20250623_174305_869,42,NO_RADIO,32,0,,0.1465590000152588,0.0008563995361328125
20250623_174306_018,42,NO_RADIO,32,0,,0.14975357055664062,0.0008261203765869141
20250623_174306_170,42,NO_RADIO,32,0,,0.15115118026733398,0.0009624958038330078
20250623_174306_323,42,NO_RADIO,32,0,,0.15264534950256348,0.0008590221405029297
20250623_174306_478,42,NO_RADIO,32,0,,0.15747809410095215,0.0009174346923828125
20250623_174306_637,42,NO_RADIO,32,0,,0.15991687774658203,0.0012042522430419922
20250623_174306_800,42,NO_RADIO,32,0,,0.16047191619873047,0.001241922378540039
20250623_174306_963,42,NO_RADIO,32,0,,0.16765332221984863,0.0011136531829833984
20250623_174307_133,42,NO_RADIO,32,0,,0.15859174728393555,0.0010447502136230469
20250623_174307_294,42,NO_RADIO,32,0,,0.15313267707824707,0.0010218620300292969
20250623_174307_450,42,NO_RADIO,32,0,,0.15000700950622559,0.0009410381317138672
20250623_174307_602,42,NO_RADIO,32,0,,0.14902210235595703,0.0008373260498046875
20250623_174307_753,42,NO_RADIO,32,0,,0.15067839622497559,0.0008451938629150391
20250623_174307_906,42,NO_RADIO,32,0,,0.15496253967285156,0.0008158683776855469
20250623_174308_063,42,NO_RADIO,32,0,,0.1510775089263916,0.0007879734039306641
20250623_174308_216,42,NO_RADIO,32,0,,0.14975762367248535,0.0007624626159667969
20250623_174308_367,42,NO_RADIO,32,0,,0.149308443069458,0.0008831024169921875
20250623_174308_518,42,NO_RADIO,32,0,,0.14948463439941406,0.0009336471557617188
20250623_174308_670,42,NO_RADIO,32,0,,0.14957666397094727,0.001220703125
20250623_174308_823,42,NO_RADIO,32,0,,0.1503772735595703,0.0009868144989013672
20250623_174308_975,42,NO_RADIO,32,0,,0.14887189865112305,0.0011479854583740234
20250623_174309_126,42,NO_RADIO,32,0,,0.17248082160949707,0.0007762908935546875
20250623_174309_301,42,NO_RADIO,32,0,,0.15377521514892578,0.0007686614990234375
20250623_174309_456,42,NO_RADIO,32,0,,0.15793061256408691,0.0009412765502929688
20250623_174309_616,42,NO_RADIO,32,0,,0.15242934226989746,0.0008819103240966797
20250623_174309_771,43,NO_RADIO,32,0,,0.15377163887023926,0.0008683204650878906
20250623_174309_927,43,NO_RADIO,32,0,,0.15577983856201172,0.0007994174957275391
20250623_174310_084,43,NO_RADIO,32,0,,0.15000414848327637,0.0007932186126708984
20250623_174310_236,43,NO_RADIO,32,0,,0.15735197067260742,0.0008025169372558594
20250623_174310_395,43,NO_RADIO,32,0,,0.16507792472839355,0.0009672641754150391
20250623_174310_563,43,NO_RADIO,32,0,,0.15439724922180176,0.0009329319000244141
20250623_174310_719,43,NO_RADIO,32,0,,0.15259575843811035,0.0009927749633789062
20250623_174310_874,43,NO_RADIO,32,0,,0.14583754539489746,0.0008456707000732422
20250623_174311_022,43,NO_RADIO,32,0,,0.14832329750061035,0.0008585453033447266
20250623_174311_172,43,NO_RADIO,32,0,,0.15271449089050293,0.001100778579711914
20250623_174311_327,43,NO_RADIO,32,0,,0.1644136905670166,0.0009522438049316406
20250623_174311_494,43,NO_RADIO,32,0,,0.16390633583068848,0.0009312629699707031
20250623_174311_660,43,NO_RADIO,32,0,,0.15673518180847168,0.0009682178497314453
20250623_174311_819,43,NO_RADIO,32,0,,0.15567922592163086,0.0007815361022949219
20250623_174311_976,43,NO_RADIO,32,0,,0.1541759967803955,0.0008022785186767578
20250623_174312_132,43,NO_RADIO,32,0,,0.15169167518615723,0.0008943080902099609
20250623_174312_286,43,NO_RADIO,32,0,,0.1570284366607666,0.0010924339294433594
20250623_174312_445,43,NO_RADIO,32,0,,0.16405701637268066,0.0009827613830566406
20250623_174312_612,43,NO_RADIO,32,0,,0.1502234935760498,0.0009570121765136719
20250623_174312_764,43,NO_RADIO,32,0,,0.15302395820617676,0.0009114742279052734
20250623_174312_919,43,NO_RADIO,32,0,,0.15920090675354004,0.0007894039154052734
20250623_174313_080,43,NO_RADIO,32,0,,0.15503430366516113,0.0008404254913330078
20250623_174313_237,43,NO_RADIO,32,0,,0.15388250350952148,0.0007724761962890625
20250623_174313_393,43,NO_RADIO,32,0,,0.15407133102416992,0.0008711814880371094
20250623_174313_549,43,NO_RADIO,32,0,,0.15244650840759277,0.0009329319000244141
20250623_174313_704,44,NO_RADIO,32,0,,0.15649914741516113,0.0008153915405273438
20250623_174313_862,44,NO_RADIO,32,0,,0.15412354469299316,0.0007698535919189453
20250623_174314_018,44,NO_RADIO,32,0,,0.1523902416229248,0.0007851123809814453
20250623_174314_172,44,NO_RADIO,32,0,,0.15839052200317383,0.0007889270782470703
20250623_174314_332,44,NO_RADIO,32,0,,0.1510775089263916,0.00081634521484375
20250623_174314_485,44,NO_RADIO,32,0,,0.14889168739318848,0.0009465217590332031
20250623_174314_637,44,NO_RADIO,32,0,,0.15478873252868652,0.0013339519500732422
20250623_174314_794,44,NO_RADIO,32,0,,0.15454339981079102,0.0009274482727050781
20250623_174314_951,44,NO_RADIO,32,0,,0.14963364601135254,0.0007691383361816406
20250623_174315_102,44,NO_RADIO,32,0,,0.15685796737670898,0.0007865428924560547
20250623_174315_261,44,NO_RADIO,32,0,,0.155348539352417,0.0009856224060058594
20250623_174315_418,44,NO_RADIO,32,0,,0.1474287509918213,0.0008816719055175781
20250623_174315_568,44,NO_RADIO,32,0,,0.15762782096862793,0.0009548664093017578
20250623_174315_728,44,NO_RADIO,32,0,,0.15920662879943848,0.0008077621459960938
20250623_174315_889,44,NO_RADIO,32,0,,0.14869976043701172,0.0008029937744140625
20250623_174316_039,44,NO_RADIO,32,0,,0.155242919921875,0.0008819103240966797
20250623_174316_197,44,NO_RADIO,32,0,,0.15474700927734375,0.0008213520050048828
20250623_174316_353,44,NO_RADIO,32,0,,0.15531682968139648,0.0008134841918945312
20250623_174316_510,44,NO_RADIO,32,0,,0.156083345413208,0.0009260177612304688
20250623_174316_669,44,NO_RADIO,32,0,,0.16157913208007812,0.0008988380432128906
20250623_174316_832,44,NO_RADIO,32,0,,0.15333890914916992,0.0008678436279296875
20250623_174316_988,44,NO_RADIO,32,0,,0.15625810623168945,0.0008580684661865234
20250623_174317_146,44,NO_RADIO,32,0,,0.15419697761535645,0.0008208751678466797
20250623_174317_302,44,NO_RADIO,32,0,,0.14223790168762207,0.0008144378662109375
20250623_174317_446,44,NO_RADIO,32,0,,0.15592241287231445,0.0009436607360839844
20250623_174317_604,44,NO_RADIO,32,0,,0.15660738945007324,0.0008809566497802734
20250623_174317_763,45,NO_RADIO,32,0,,0.15391969680786133,0.0008547306060791016
20250623_174317_919,45,NO_RADIO,32,0,,0.15806937217712402,0.0010426044464111328
20250623_174318_079,45,NO_RADIO,32,0,,0.15326952934265137,0.0010225772857666016
20250623_174318_235,45,NO_RADIO,32,0,,0.16028404235839844,0.0009970664978027344
20250623_174318_398,45,NO_RADIO,32,0,,0.16185450553894043,0.0011262893676757812
20250623_174318_563,45,NO_RADIO,32,0,,0.13979101181030273,0.0011870861053466797
20250623_174318_705,45,NO_RADIO,32,0,,0.14400911331176758,0.0012011528015136719
20250623_174318_852,45,NO_RADIO,32,0,,0.1479475498199463,0.0008563995361328125
20250623_174319_002,45,NO_RADIO,32,0,,0.1487424373626709,0.0008244514465332031
20250623_174319_153,45,NO_RADIO,32,0,,0.14704298973083496,0.0007541179656982422
20250623_174319_302,45,NO_RADIO,32,0,,0.14862608909606934,0.0007805824279785156
20250623_174319_452,45,NO_RADIO,32,0,,0.1511397361755371,0.0009710788726806641
20250623_174319_605,45,NO_RADIO,32,0,,0.14687871932983398,0.0009267330169677734
20250623_174319_754,45,NO_RADIO,32,0,,0.14737319946289062,0.0008387565612792969
20250623_174319_904,45,NO_RADIO,32,0,,0.14703869819641113,0.0008106231689453125
20250623_174320_053,45,NO_RADIO,32,0,,0.14874529838562012,0.0008139610290527344
20250623_174320_203,45,NO_RADIO,32,0,,0.146498441696167,0.0007801055908203125
20250623_174320_352,45,NO_RADIO,32,0,,0.14802026748657227,0.0007777214050292969
20250623_174320_502,45,NO_RADIO,32,0,,0.1485297679901123,0.0008890628814697266
20250623_174320_652,45,NO_RADIO,32,0,,0.15059137344360352,0.0012216567993164062
20250623_174320_806,45,NO_RADIO,32,0,,0.14550113677978516,0.0011944770812988281
20250623_174320_954,45,NO_RADIO,32,0,,0.1464231014251709,0.0008690357208251953
20250623_174321_102,45,NO_RADIO,32,0,,0.14786219596862793,0.0009353160858154297
20250623_174321_252,45,NO_RADIO,32,0,,0.15815472602844238,0.00087738037109375
20250623_174321_413,45,NO_RADIO,32,0,,0.15395760536193848,0.0009019374847412109
20250623_174321_569,45,NO_RADIO,32,0,,0.15039610862731934,0.0009322166442871094
20250623_174321_721,46,NO_RADIO,32,0,,0.1462702751159668,0.0008246898651123047
